sim_time,wall_time,state,distance_odom_m,x_odom,y_odom,speed_measured,command_v,command_w,lane_lateral_est_m,lane_heading_est_rad,lane_confidence,front_m,light,stop
0.0,4061.693310464,WAIT_SENSORS,0.0,0.0,0.0,0.0,0.0,0.0,0.0,0.0,0.0,nan,unknown,False
5.7,4061.731507028,WAIT_SENSORS,4.499008690119636e-08,3.1712266915841355e-05,2.0381167890883207e-10,1.3232374013158306e-06,0.0,0.0,0.0,0.0,0.0,1.6810848990800495,unknown,False
5.8,4061.781405175,FOLLOW,8.998014663242835e-08,3.175725697543191e-05,2.0736952982751018e-10,1.323236764431018e-06,0.11239368037536557,0.0638548935778487,0.05463593307707804,0.025726630334019892,0.9968538086884009,1.7025477381914713,unknown,True
5.9,4061.881902962,FOLLOW,0.0011153984169823994,0.0011470656908585414,8.136303600530451e-08,0.03400812560543818,0.11244071529625937,0.06380201948305224,0.05458918553695229,0.025535831304026015,0.9968240261669384,1.7025477381914713,unknown,True
6.1,4062.131927209,FOLLOW,0.022102850726194702,0.02213433260216776,6.621488714784732e-05,0.1125297786224778,0.1124294923053311,0.06411683516164318,0.05484859983698875,0.025834777679469685,0.9974247470928399,inf,unknown,True
6.2,4062.281633358,FOLLOW,0.037438041315255195,0.03746820280506377,0.00026404565767657035,0.11348020510520644,0.11337996323211719,0.06302141190985702,0.053879223222583594,0.02205489591432625,0.9969285120979451,1.6711712467460664,unknown,True
6.4,4062.482094748,FOLLOW,0.05437891643387031,0.054404912296682616,0.0006365576816238609,0.07819869137395387,0.07841040032768268,0.05080235853139545,0.045796587132931485,0.1407975998588302,0.8834199229412673,inf,unknown,True
6.6,4062.682080947,FOLLOW,0.0704371256857381,0.07045452372369539,0.0011598824752374801,0.08019155928624151,0.08010852547608516,0.048328950521157675,0.042698684547905444,0.12962750867612316,0.8839099744086819,inf,unknown,True
6.7,4062.831738773,FOLLOW,0.07862249531013965,0.07863332296764589,0.0014876062363480605,0.08036931658669542,0.08028764099050356,0.04697582259493017,0.041112410333861676,0.1272569483627611,0.8819211787478717,inf,unknown,True
6.9,4063.081975895,FOLLOW,0.09521250194568738,0.09520481978638236,0.0022698303634261997,0.08255534899975932,0.08247706818050382,0.043743201347397474,0.037333301479983885,0.1138637002495254,0.88295773835346,inf,unknown,True
7.1,4063.337975398,FOLLOW,0.11210973518964922,0.11207541438111486,0.003217343208588671,0.0831107945869464,0.08301781315505978,0.044824195859982416,0.03825046843957171,0.1144936231209401,0.8898361557025823,1.5859726792998405,unknown,True
7.2,4063.431664996,FOLLOW,0.12058617485230828,0.12053523954063206,0.003747703414004281,0.08309845130403211,0.08388286524828656,0.04313556949347376,0.03608392208747391,0.11086871579968997,0.8927735759789709,inf,unknown,True
7.4,4063.682503221,FOLLOW,0.137741268681307,0.13764922984066466,0.004933788184805825,0.08438205347632668,0.08508868241407397,0.0406878106514378,0.033156192572304385,0.1051670320193282,0.89549994069902,1.5665010318756103,unknown,True
7.6,4063.883502836,FOLLOW,0.15511943730439098,0.15497503824176767,0.006281196009467961,0.08548432296560064,0.08625102122442889,0.03830557772856963,0.030784781995515764,0.09729388471741454,0.8935855292820919,1.5531931230258174,unknown,True
7.7,4063.981486309,FOLLOW,0.16095984333809613,0.1607953716197975,0.006764980542053608,0.08632405850976785,0.08625102122442889,0.03830557772856963,0.030784781995515764,0.09729388471741454,0.8935855292820919,1.5531931230258174,unknown,True
7.9,4064.232069005,FOLLOW,0.17893557284283934,0.17870127034050798,0.008347396685986292,0.0899551846523804,0.08988026037338742,0.03938160373427126,0.03492987301817892,0.06572661111004423,0.8720756056122109,inf,unknown,True
8.1,4064.482713961,FOLLOW,0.1972866471468418,0.19696780189501703,0.010106387328165437,0.08995699588371174,0.09805207602024106,0.03715996942542406,0.03414101555092617,0.03008458382087587,0.8785559647487139,1.5133560425417,unknown,True
8.3,4064.731546626,FOLLOW,0.2170317516466228,0.21660654528069262,0.012152637169594489,0.09862385600046712,0.09855736938044389,0.035307244218419784,0.032665576181969545,0.025628050295306157,0.8739329369090133,inf,unknown,True
8.5,4064.981607479,FOLLOW,0.2373851780228176,0.23683469040257055,0.014407096392955338,0.10094886083920487,0.10122493696109418,0.029242309311155085,0.027786967180836307,0.010581027345767779,0.865854971052013,1.4663031247404283,unknown,True
8.7,4065.232968375,FOLLOW,0.258144221359219,0.25745143821663885,0.016833300919988997,0.10225242078085574,0.10375099786951422,0.023650696562178136,0.023120530754394412,0.00014057833496108573,0.864895506048682,inf,unknown,True
8.8,4065.331590473,FOLLOW,0.26520082431893394,0.2644566991504188,0.017682981170369896,0.10380298847976833,0.10285144863471851,0.022102642474349826,0.022328835300508703,-0.0034615383714022845,0.8645125768727249,inf,unknown,True
9.0,4065.531437762,FOLLOW,0.2861760535900703,0.28527137298105737,0.020273129375637022,0.10141592890528293,0.10136702173853514,0.021007997141042213,0.022087795580119217,-0.007054710315857485,0.8596234097783468,inf,unknown,True
9.2,4065.78154602,FOLLOW,0.3100896954384085,0.3089882982826214,0.02333398653160301,0.0997571022390857,0.09670582706500293,0.011432470263058938,0.015788485798290945,-0.025396718006184937,0.8570487801151238,1.3813909446843275,unknown,True
9.3,4065.881447227,FOLLOW,0.31677467083281863,0.31561607965565436,0.024206573248040084,0.09674231679484509,0.09670582706500293,0.011432470263058938,0.015788485798290945,-0.025396718006184937,0.8570487801151238,1.3992310732665836,unknown,True
9.5,4066.082167636,FOLLOW,0.33641554378347893,0.3350848482305283,0.026800949812892275,0.0958031236643181,0.09587008308871883,0.008763426919860873,0.01596708339635773,-0.04468997914069357,0.8881763593528946,1.3656839758665005,unknown,True
9.7,4066.331503618,FOLLOW,0.3559582195689055,0.3544511097006774,0.0294208725136958,0.0953523750373443,0.09532514678125972,0.0047976915657734496,0.012887775498761578,-0.05189492300516637,0.897436455524449,inf,unknown,True
9.8,4066.432293758,FOLLOW,0.3656841343036957,0.3640878520719109,0.03073487862515433,0.0953520135644101,0.09455894892506411,0.003957097751593549,0.012486829795839278,-0.054940319095564336,0.8962224666106215,inf,unknown,True
10.0,4066.681696952,FOLLOW,0.3849563546395897,0.38318165251292746,0.03335122044546866,0.09422324326897358,0.09317625255065046,-0.00024625143703249836,0.009577639760765998,-0.06554085293866549,0.903694835126215,inf,unknown,True
10.2,4066.883387394,FOLLOW,0.4040395858565802,0.40208711100965683,0.03594994169468278,0.09319607027645758,0.07935729805976306,-0.003839236680737259,0.010386005098722173,-0.10154930048537479,0.8291999443809075,inf,unknown,True
10.3,4067.032157786,FOLLOW,0.4116702190749084,0.40964485334614437,0.03700212117280434,0.07937250252005233,0.07663887355334288,-0.00625998601031092,0.010387212370429298,-0.12376595377477,0.8362673479768881,inf,unknown,True
10.5,4067.231488326,FOLLOW,0.42737952947727015,0.42520484922427576,0.03916289206557735,0.07629674576020472,0.07628639723498208,-0.007370311304794355,0.009354891502211554,-0.12692503162908722,0.8374419224148344,inf,unknown,True
10.7,4067.433235488,FOLLOW,0.4403746003750755,0.43807867143481427,0.04093392245009611,0.07666587445466348,0.07668641635528245,-0.008587226334633258,0.007756641292826376,-0.1266626968872713,0.8414140594227751,inf,unknown,True
10.8,4067.532655529,FOLLOW,0.44819548943458987,0.4458276838443592,0.041991802148152145,0.07669531381697331,0.07668641635528245,-0.008587226334633258,0.007756641292826376,-0.1266626968872713,0.8414140594227751,inf,unknown,True
11.0,4067.781549245,FOLLOW,0.466476178370923,0.4639438577543938,0.04443878269390386,0.0768972781033032,0.06662679635200251,-0.01442755878966223,0.008829612625924306,-0.2025624444344507,0.8363917765562288,inf,unknown,True
11.2,4067.981537361,FOLLOW,0.4807572955413807,0.4781004858978695,0.04632029284915915,0.06993850798567197,0.06993655016481859,-0.01408648280694251,0.006689425418977518,-0.1789003856174923,0.8434644970660536,inf,unknown,True
11.3,4068.082905065,FOLLOW,0.4855131158400421,0.4828159816385273,0.04693829398637246,0.06993855709735544,0.07213144770332765,-0.013445836839815772,0.005391383745325842,-0.16059467925388105,0.8424272039451055,inf,unknown,True
11.5,4068.281930677,FOLLOW,0.5004795931217423,0.4976590595090954,0.04885619952301029,0.0753983399472416,0.07745481858308448,-0.011813898130229674,0.0030429857062309537,-0.12274322717020791,0.8435204547084285,inf,unknown,True
11.7,4068.53179148,FOLLOW,0.5153650161614413,0.5124262734321056,0.05072839488023896,0.05149110813028241,0.059301291545484025,-0.02100783004316395,0.006270133645419493,-0.2752906509879464,0.8342834952536649,1.1757334902748267,unknown,True
11.8,4068.631833713,FOLLOW,0.5214029932508689,0.5184181351552478,0.05147320934103001,0.059294069333089554,0.0593773573322905,-0.0210265265247939,0.005858455083612088,-0.27265842032846144,0.8320974872170233,1.1757334902748267,unknown,True
12.0,4068.832097437,FOLLOW,0.5316668651330559,0.5286071472784003,0.05271054194235614,0.06460282634902761,0.05542156565733018,-0.022531970649402985,0.0003494026146183271,-0.2721648634006191,0.7760922731147455,1.16981296617025,unknown,True
12.2,4069.081828918,FOLLOW,0.543688023586009,0.54054620603263,0.05411300028201677,0.05662480059593783,0.056633668397579766,-0.02185073870693589,-0.00025576552462081015,-0.25504254890957256,0.7728638021093782,1.1673532027681919,unknown,True
12.3,4069.181584576,FOLLOW,0.5494637444234032,0.5462847224884829,0.05476749878957389,0.05662462759416904,0.0610111680307362,-0.01902091360765943,-0.001613365006710138,-0.1980962396220149,0.7602197952943796,1.1590398071144532,red,True
12.5,4069.431411603,FOLLOW,0.5623299840536797,0.5590724307579251,0.056186811188601915,0.06740617011825417,0.07383667846066391,-0.014649959800000875,-0.023087145313467644,0.01971679617744928,0.6456352942477988,inf,red,True
12.7,4069.682010554,FOLLOW,0.5767674270631588,0.5734272330153907,0.05772927046983141,0.04204414114579634,0.05812090179226492,-0.005691166925525004,-0.025910672407078825,0.10620890344678884,0.6129441242416861,inf,red,True
12.8,4069.781653198,FOLLOW,0.5821270680810003,0.5787582178340114,0.05828275963322769,0.058132409111694934,0.05812090179226492,-0.005691166925525004,-0.025910672407078825,0.10620890344678884,0.6129441242416861,1.1093619889498314,red,True
13.0,4069.981603128,FOLLOW,0.5917535291517285,0.5883339709141735,0.05926952285202853,0.05429429691761425,0.04139239088320007,0.010544060069114972,-0.035035680374131725,0.3857413931029577,0.6775773932589122,1.1066283669219186,red,True
13.2,4070.181719767,FOLLOW,0.6012224044014197,0.5977530237724571,0.06023958897482604,0.04142545942573484,0.040651042084245234,0.011969194611080466,-0.035239765146005575,0.40993770470890784,0.6859335774945584,1.1094686035443488,red,True
13.3,4070.281420805,FOLLOW,0.6053733222899079,0.6018814452726605,0.060671159700125314,0.04068600425699064,0.04026621468215266,0.012485555296237167,-0.03540219025738922,0.41980957865584906,0.687721426930032,inf,red,True
13.5,4070.531629407,FOLLOW,0.6135499734321602,0.6100121339257779,0.06153688814874919,0.03972127928299576,0.03949814658955849,0.015067332799345875,-0.03522694872183041,0.4590479137819225,0.7068916755419329,inf,red,True
13.7,4070.731435114,FOLLOW,0.6216400939843998,0.6180542289072974,0.06241706261825953,0.0398079295558487,0.039767740753389326,0.01585141831745187,-0.03475758998349185,0.46602226848379164,0.7174947720776157,inf,red,True
13.8,4070.882161814,FOLLOW,0.6255585744074221,0.6219484232382341,0.06285265004592296,0.03546745279516527,0.03545299978963438,0.01609349007491219,-0.04693575672041708,0.5568561674233995,0.7067379479660862,1.0611808351158163,red,True
14.0,4071.081931374,FOLLOW,0.6328195987793226,0.6291624274445426,0.06367761761287404,0.03617161070104175,0.036129670781501554,0.017168203725182254,-0.04533929520554317,0.5598662720274807,0.7224927583879186,1.066788919516028,red,True
14.2,4071.281825866,FOLLOW,0.63899044270189,0.6352910680915044,0.06439807002425597,0.036834596199065164,0.03713642044821614,0.019270164287287943,-0.03941088409995089,0.5534827150917013,0.7376861457865023,1.0693058147497416,red,True
14.3,4071.381458527,FOLLOW,0.6427589077421151,0.6390326592774319,0.06484731406828012,0.03718136742727965,0.03713642044821614,0.019270164287287943,-0.03941088409995089,0.5534827150917013,0.7376861457865023,1.0531425054265682,red,True
14.5,4071.631832007,FOLLOW,0.6515920477620636,0.6477992649453729,0.06592936974811693,0.03706251514820424,0.0370161069620453,0.020166502272419257,-0.03760857383888716,0.5579982305369463,0.7387784368959528,inf,red,True
14.7,4071.832332207,FOLLOW,0.6574010165434487,0.6535615889552308,0.06666402051379389,0.029694636520193357,0.036362581916686856,0.02191358315272193,-0.021488340713217452,0.5088162780741338,0.6884772158060241,1.0313694691294928,red,True
14.8,4071.932903419,FOLLOW,0.6606494969145703,0.6567828897271643,0.06708335703445514,0.036414105357757375,0.0429355590653668,0.027457135176981326,-0.021629404394022583,0.5294536221754983,0.8313877269465672,1.0313694691294928,red,True
15.0,4072.181696758,FOLLOW,0.6692024952714191,0.66526026114127,0.06821816311191169,0.043416917591458284,0.04335000098257533,0.028740750607655543,-0.019147967879921013,0.5297650904801364,0.8396941163724618,1.0318449119399706,red,True
15.2,4072.433012722,FOLLOW,0.6781216232589777,0.6740937147076237,0.06945133613834117,0.04403406730667685,0.04452425519579011,0.031852054626110536,-0.012915067835801958,0.527221677524977,0.860080304024806,inf,red,True
15.3,4072.532358298,FOLLOW,0.6826521426541651,0.6785778169669124,0.07009818850453628,0.044596439566071365,0.04452425519579011,0.031852054626110536,-0.012915067835801958,0.527221677524977,0.860080304024806,1.0120350232279849,red,True
15.5,4072.731707752,FOLLOW,0.6917809711092286,0.6876067479464985,0.07144489949196997,0.04490486551209708,0.04483190084856013,0.03287188264328909,-0.010781998542766458,0.5263801541367723,0.8652371503819506,0.9992175564866257,red,True
15.7,4072.984639954,FOLLOW,0.7010189415995367,0.6967343539928862,0.07286847977772488,0.04607910950551281,0.04568105265134252,0.03751987842938985,-0.0017645568294258618,0.5304493446039182,0.8854980312553902,inf,red,True
15.8,4073.081752058,FOLLOW,0.7057086147912036,0.7013640974062217,0.07361580072558829,0.04576191838309304,0.04568105265134252,0.03751987842938985,-0.0017645568294258618,0.5304493446039182,0.8854980312553902,0.9779458790997553,red,True
16.0,4073.281737649,FOLLOW,0.7137069221102852,0.7092535821121416,0.07493061425237843,0.04904234392182232,0.04929592014322567,0.04204419221124329,0.00722548291986691,0.5031934989901838,0.9275782208354307,0.9897791539852687,red,True
16.1,4073.382158826,FOLLOW,0.7187435684003928,0.7142171783876032,0.07578529800768674,0.04938090969297583,0.04975297858222747,0.04353315203776442,0.00988479007955656,0.5025174432631964,0.9354777296825105,0.9687234431466978,red,True
16.3,4073.632220654,FOLLOW,0.7289070907128548,0.7242218876785492,0.07757480319865365,0.05072713947992996,0.050822880248623276,0.04588858771372433,0.013946570593845575,0.4981950434267279,0.9510178985829912,0.9613733864771592,red,True
16.5,4073.881860753,FOLLOW,0.7410198143847392,0.7361236380302663,0.07982535553093956,0.05121742064325797,0.05201833783732656,0.04897740741065703,0.020022552817395317,0.4900623034747807,0.9645741999670878,inf,red,True
16.6,4073.981990545,FOLLOW,0.7445314863959637,0.7395694451433757,0.08050229384786645,0.052102591568222056,0.052177688206946946,0.04981514287051288,0.021498627945179205,0.49044369479527006,0.967943614018113,0.9389483769307743,red,True
16.8,4074.231908381,FOLLOW,0.7569765271142563,0.7517625880512111,0.08299318370164149,0.052802020008266205,0.05271526366660579,0.05123112389506316,0.024340512691574112,0.48619178784370065,0.9732465365700304,inf,red,True
17.0,4074.432888086,FOLLOW,0.764157597874388,0.7587844597081346,0.08449681267154158,0.05280188537915764,0.05303066030990144,0.053361257396573596,0.02845487125410573,0.48613049685664134,0.9790017785218486,0.919561198780861,red,True
17.1,4074.582761976,FOLLOW,0.7695645557141556,0.7640644615864313,0.08566159175474342,0.053119644184306175,0.05338830844750962,0.05434106976777175,0.031132992196258508,0.4794318020840311,0.9781536730877394,0.9062706525681472,red,True
17.3,4074.882346797,FOLLOW,0.7822674887645888,0.7764435683930442,0.088511159201437,0.05347807864851878,0.053716556753863956,0.05517451044887387,0.032978475155010456,0.47563287324793563,0.9799163110702438,inf,red,True
17.5,4075.182646806,FOLLOW,0.7932886229297096,0.7871529963586759,0.09111351911274065,0.05425358761943499,0.054277509877740535,0.05681195621098495,0.03723084887989958,0.4656940189067382,0.9789107429648206,inf,red,True
17.6,4075.281774871,FOLLOW,0.7988341730363553,0.7925302564760527,0.09246929300374274,0.05436967668832442,0.05506695462401436,0.05863183228076971,0.041541525500224497,0.45444360489884517,0.9802418170779993,inf,red,True
17.8,4075.531710312,FOLLOW,0.81011808579361,0.8034466366691645,0.09532548441633476,0.055480526071017444,0.055405018327519664,0.0596272357632086,0.043818800044381254,0.4497786981722408,0.9808750905535167,inf,red,True
18.0,4075.732301841,FOLLOW,0.8195508461423912,0.8125450475016223,0.09781449063966233,0.055432830451212944,0.05668968631706595,0.06184411544587398,0.04785819045872455,0.4377235273205282,0.9893809163380579,inf,red,True
18.1,4075.881897669,FOLLOW,0.8271798582998734,0.8198847397844676,0.09989545910889251,0.056786345391865695,0.05668968631706595,0.06184411544587398,0.04785819045872455,0.4377235273205282,0.9893809163380579,3.002688169598264,red,True
18.3,4076.082040779,FOLLOW,0.8368529594796209,0.8291656169947534,0.10262187836087945,0.05707828926960838,0.05783762365541533,0.06384197504605336,0.052059543866007696,0.4234340166588316,0.9921972241787604,inf,red,True
18.5,4076.332007188,FOLLOW,0.8505831339886604,0.8422879126982135,0.10666161608135521,0.057951179991745816,0.05785318498915172,0.0644952604787011,0.05529596783753435,0.41308137758773755,0.9799864031003687,inf,red,True
18.6,4076.431810958,FOLLOW,0.8545238029149581,0.8460425558123614,0.10785807243363364,0.05795087423849467,0.05894642543736417,0.06576304500195905,0.057416258653695595,0.4017524241786742,0.9845924893973789,inf,red,True
18.8,4076.68172043,FOLLOW,0.8666118529929703,0.8575265218892781,0.11163130914676572,0.05947776967614665,0.06011101237390988,0.06722397889753783,0.06023875622304182,0.38763795190104106,0.9863690556850941,inf,red,True
19.0,4076.881674492,FOLLOW,0.8768971262085958,0.8672568470686701,0.11496394935527066,0.06095554233401339,0.06126578423580324,0.06877764110490228,0.06320235929053794,0.37370330786298567,0.9875320817096028,inf,red,True
19.1,4077.032028306,FOLLOW,0.8852161503588835,0.8750984530878847,0.11774152130803485,0.0613892623132883,0.06310080665105547,0.07062050352694689,0.06567431324876108,0.35680776694482935,0.9948995952917233,inf,red,True
19.3,4077.231610991,FOLLOW,0.895846425127422,0.8850803161420592,0.12139718328661317,0.06354982384020359,0.06341640779673573,0.07100401174829718,0.06619952563036888,0.354082463056742,0.9962750206161096,inf,red,True
19.5,4077.4820404,FOLLOW,0.9110803428312184,0.8993075120891243,0.1268426981718084,0.06464953551259822,0.06533506210724918,0.07281277505243962,0.0693445853153232,0.33162641716814506,0.9958511959371865,2.9204543631172544,red,True
19.6,4077.582461079,FOLLOW,0.9177557661507404,0.9055121575566192,0.1293051092246041,0.06547073485911407,0.0657568188337253,0.0731765227759076,0.06992696048116226,0.3269395423021996,0.9958589955466027,inf,red,True
19.8,4077.781621282,FOLLOW,0.928957103672927,0.915881873060523,0.13354036671560537,0.06589572274747701,0.06678324216753159,0.07408487401920831,0.07129230074540996,0.31611293368945353,0.9963404889559223,inf,red,True
20.0,4078.032251509,FOLLOW,0.9449757592364649,0.9306180438015366,0.1398201800663124,0.06790036066281782,0.0693372364801171,0.07383010910811848,0.0738309597711399,0.2668165292524078,0.9632336537005233,inf,red,True
20.1,4078.131524177,FOLLOW,0.9520562914547714,0.9370963074574582,0.142677770686075,0.06947541419344434,0.07027922947851356,0.0735163535456358,0.07471749431932284,0.24698683413434258,0.9472861705355096,inf,red,True
20.2,4078.281946698,STOP_HOLD,0.9592031081516204,0.9436132379550434,0.14561143589780212,0.07041940579370026,0.0,0.0,0.07685193388836722,0.1920625096323302,0.8969891217849923,inf,red,True
20.3,4078.333864468,STOP_HOLD,0.9639918182237487,0.9479675255941064,0.14760439537897682,0.07042310799685228,0.0,0.0,0.07685193388836722,0.1920625096323302,0.8969891217849923,inf,red,True
20.5,4078.581687904,STOP_HOLD,0.9644586820232857,0.9483596476939175,0.14778511711793554,9.906928791854814e-05,0.0,0.0,0.07836055890921811,0.15040219286409123,0.8563454687850096,inf,red,True
20.6,4078.682125708,STOP_HOLD,0.9644634694445274,0.9483553007032142,0.14778311135774413,1.9604642371375884e-05,0.0,0.0,0.07824007598181718,0.1505778479486881,0.857156947507974,inf,red,True
20.8,4078.881411036,STOP_HOLD,0.964466035253611,0.9483529711110762,0.1477820360081682,1.3851218155373405e-05,0.0,0.0,0.07824007598181718,0.1505778479486881,0.857156947507974,inf,red,True
21.0,4079.132072726,STOP_HOLD,0.9644690793346599,0.9483502075155882,0.14778075969732163,1.1805711335985562e-05,0.0,0.0,0.07816634059454197,0.15094010651639728,0.8570212917198307,inf,red,True
21.1,4079.231754529,STOP_HOLD,0.9644702422656707,0.9483491518122574,0.14778027194839768,1.1005835824500205e-05,0.0,0.0,0.07810196677302884,0.1510954063589993,0.8573611675394534,inf,red,True
21.3,4079.432573962,STOP_HOLD,0.9644720007372592,0.9483475555637609,0.1477795342404198,9.692146348446568e-06,0.0,0.0,0.07811518925239797,0.1497752508684267,0.8603095408917045,inf,green,True
21.5,4079.681679773,STOP_HOLD,0.9644739336188748,0.9483458011194085,0.14777872309533663,9.558492005515267e-06,0.0,0.0,0.07816193679252373,0.1499619190344832,0.8593885919183053,inf,green,True
21.6,4079.832480143,STOP_HOLD,0.9644749170105867,0.9483449085605427,0.1477783103024954,9.737305945212256e-06,0.0,0.0,0.07804145386512276,0.1501375975392067,0.8601842578081929,inf,green,True
21.8,4080.182047933,STOP_HOLD,0.9644776251003085,0.948342450766131,0.14777717320243422,9.92764440837944e-06,0.0,0.0,0.07796303540039334,0.15062738416625834,0.8599064211583022,inf,green,True
22.0,4080.331924756,STOP_HOLD,0.9644786317646549,0.9483415371981652,0.14777675039434818,9.876031775778975e-06,0.0,0.0,0.07796303540039334,0.15062738416625834,0.8599064211583022,inf,green,True
22.1,4080.482206926,STOP_HOLD,0.9644799805198374,0.9483403132209536,0.14777618380779087,9.959265485829007e-06,0.0,0.0,0.07773983498885834,0.15184376471725122,0.859469162657724,inf,green,True
22.3,4080.73193112,STOP_HOLD,0.9644820243608688,0.948338458556146,0.14777532502690668,1.0045339127323511e-05,0.0,0.0,0.07773983498885834,0.15184376471725122,0.859469162657724,inf,green,True
22.5,4080.931997767,STOP_HOLD,0.9644840575422696,0.9483366136699927,0.14777447049681025,9.900655044963721e-06,0.0,0.0,0.07789866157888019,0.15078269877479006,0.8602373472132019,inf,green,True
22.6,4081.031901215,STOP_HOLD,0.9644850663661589,0.9483356983119592,0.1477740464150845,9.888939110950848e-06,0.0,0.0,0.07785907531550271,0.1486798469395828,0.8593885919183053,inf,green,True
22.6,4081.081970795,FOLLOW,0.9644854020667301,0.9483353937188376,0.14777390528428092,9.857960982634977e-06,0.07482041126888515,0.07054686473566404,0.07777527406097359,0.14840023559943416,0.8548235659896496,inf,green,True
22.8,4081.281825995,FOLLOW,0.9703088765843256,0.9536157708360307,0.15022643366806737,0.07488010144675945,0.07479067784190652,0.07052555990154057,0.07777328440041063,0.14848207646420952,0.8546113808936382,inf,green,True
23.0,4081.481850554,FOLLOW,0.9856819669832232,0.9674983068325979,0.15682970209709515,0.07585186344223138,0.06569398758141258,0.07030487827997046,0.07639580960476008,0.2549812367626088,0.8964235257071058,inf,green,True
23.1,4081.581698211,FOLLOW,0.9927123896124764,0.9738146476910396,0.15991685117966098,0.06577987717103065,0.06569398758141258,0.07030487827997046,0.07639580960476008,0.2549812367626088,0.8964235257071058,inf,green,True
23.3,4081.782506669,FOLLOW,1.003971232926479,0.9838816358839165,0.16495826592170323,0.06692717912488061,0.07117613696458171,0.0689676844656035,0.07746311114221374,0.17041615006176572,0.8458337088251173,inf,green,True
23.5,4081.981532381,FOLLOW,1.0182068487902989,0.9965256442021694,0.1714987997438371,0.0712576982658883,0.07117613696458171,0.0689676844656035,0.07746311114221374,0.17041615006176572,0.8458337088251173,inf,green,True
23.6,4082.081934309,FOLLOW,1.0254750905184387,1.0029460778519572,0.17490543689573354,0.07125688524541741,0.08124660372495018,0.0680170788973459,0.07905767626971122,0.05957946238681212,0.7779014679305619,inf,green,True
23.8,4082.282147771,FOLLOW,1.041140833445294,1.0167047886555027,0.1823960669742967,0.08132483363673593,0.08979141894336902,0.06928584018822656,0.07895815417032756,0.011187106028244187,0.7691890354477828,inf,green,True
24.0,4082.540080888,FOLLOW,1.0561309145784694,1.0297811037624418,0.18972481256210372,0.061987702626344676,0.056476686522844745,0.02309546641660508,0.08312090420891789,-0.2690436813243797,0.7871952137551466,inf,green,True
24.1,4082.63154088,FOLLOW,1.0619062106206076,1.0348021559388205,0.1925784181676317,0.056539907519926685,0.056476686522844745,0.02309546641660508,0.08312090420891789,-0.2690436813243797,0.7871952137551466,inf,green,True
24.3,4082.831518129,FOLLOW,1.071384204056221,1.0430274553879668,0.19728763275241518,0.05241722223397093,0.05238783945063262,0.013678963056233317,0.0814958586559336,-0.3512487159142537,0.819922856600205,inf,green,True
24.5,4083.081823723,FOLLOW,1.086187713775487,1.05584059793634,0.20470157296803718,0.06736630168064392,0.06732426911397478,0.029862872823568583,0.07526022972041335,-0.19670646228848132,0.8369338843574491,inf,green,True
24.6,4083.181459516,FOLLOW,1.090768611221824,1.059795499626589,0.2070131456929106,0.06736598560371267,0.06732426911397478,0.029862872823568583,0.07526022972041335,-0.19670646228848132,0.8369338843574491,inf,green,True
24.8,4083.381597307,FOLLOW,1.1045997717281908,1.0717078799533546,0.21404134856274662,0.06869779452512983,0.06866005143786161,0.026336394693351178,0.07224143746186822,-0.21725366959146847,0.8829305980074804,inf,green,True
25.0,4083.581731297,FOLLOW,1.118335078816615,1.0834990736345562,0.22108592177154252,0.06449854085281863,0.06446709491796485,0.019843413559231363,0.06850547168570709,-0.243026920987421,0.8636266156271406,inf,green,True
25.1,4083.682001817,FOLLOW,1.1249139153895205,1.0891350827331827,0.22447951548197584,0.0644982710988835,0.06446709491796485,0.019843413559231363,0.06850547168570709,-0.243026920987421,0.8636266156271406,inf,green,True
25.3,4083.88154888,FOLLOW,1.137628199056154,1.1000087996083443,0.2310685340786848,0.06008364784797219,0.05993322022072673,0.0032862663570331434,0.04697317146259823,-0.2694231033463796,0.8358475473687682,inf,green,False
25.5,4084.13189555,FOLLOW,1.1518078877209783,1.1121219097762696,0.23843983765658072,0.05854720937169546,0.05686253827608189,0.0006638855207487914,0.04090987251298721,-0.2589070829496774,0.780565192179323,inf,green,False
25.6,4084.231800386,FOLLOW,1.1557349328661979,1.115475455031093,0.24048322155787005,0.05687700057697485,0.05686253827608189,0.0006638855207487914,0.04090987251298721,-0.2589070829496774,0.780565192179323,inf,green,False
25.8,4084.431878503,FOLLOW,1.1673084136814122,1.1253579774373876,0.24650661004449365,0.05658377734552903,0.056571743005193395,-0.002186153338098761,0.03571583789944005,-0.25829078272205097,0.7758470204758223,inf,green,False
26.0,4084.632014846,FOLLOW,1.1813087566539515,1.1373084854978595,0.2538000905028219,0.07750734693705896,0.07743202895250077,0.003986231842102115,0.018589102133988296,-0.08893816931748327,0.7887390517202936,inf,green,False
26.1,4084.732365373,FOLLOW,1.189210670589806,1.144047268759231,0.25792671656015775,0.0774489945862015,0.07743202895250077,0.003986231842102115,0.018589102133988296,-0.08893816931748327,0.7887390517202936,inf,green,False
26.3,4084.931771496,FOLLOW,1.2023487180590704,1.1552478685505674,0.2647936556761926,0.07716720152183673,0.05854774545392908,-0.016823559621458282,0.012500765578399867,-0.2712605753063206,0.8187665270060928,inf,green,False
26.5,4085.181702457,FOLLOW,1.2169322584357811,1.1676881630163074,0.27240407644147513,0.05786648232611881,0.057870084516555065,-0.020823512096241635,0.005701105380753177,-0.2753322301294993,0.8141986090489114,inf,green,False
26.6,4085.282034747,FOLLOW,1.2228346407288224,1.1727325778676339,0.2754687109042537,0.057866575188600014,0.057870084516555065,-0.020823512096241635,0.005701105380753177,-0.2753322301294993,0.8141986090489114,inf,green,False
26.8,4085.483193291,FOLLOW,1.2326719835366708,1.1811540888320349,0.2805531355246107,0.057866866715629656,0.057870084516555065,-0.020823512096241635,0.005701105380753177,-0.2753322301294993,0.8141986090489114,inf,green,False
27.0,4085.732014269,FOLLOW,1.2453825901032742,1.192060231486238,0.2870811817919515,0.08596864472150556,0.0849867335636888,0.004566759872781982,-0.001735109575727067,0.047807352564643066,0.7928684200056704,inf,green,False
27.1,4085.84555971,FOLLOW,1.2540547387062164,1.1995041775998754,0.29153020711486877,0.0850056222612009,0.08904833853133064,-8.201690916796396e-05,-0.004198610482140751,0.027362205177645024,0.7928311317115607,inf,green,False
27.3,4086.081796608,FOLLOW,1.2698622677136238,1.213070846312428,0.2996433737382966,0.0540876649743442,0.04841592414295113,-0.024112427291855698,0.004356946989918772,-0.3539796167117006,0.7605129151676054,inf,green,False
27.5,4086.281674857,FOLLOW,1.280132718574455,1.2218995344787382,0.3048908716815247,0.04841019940018036,0.030943188714470594,-0.016830636377886416,0.013910598061733087,-0.4357128737380449,0.5387421075664346,inf,green,False
27.6,4086.381816773,FOLLOW,1.28242172565029,1.2238698368964538,0.3060559732975841,0.03094436188547798,0.02678289556866937,-0.016463054843045104,0.029551534198879598,-0.5551245144646783,0.5329375026246564,inf,green,False
27.8,4086.649207793,FOLLOW,1.2890975849707393,1.229623572084448,0.30944146775770986,0.02690371967546595,0.027268480405909738,-0.017331617661360276,0.026276714709180193,-0.5501814588737959,0.5397917602783091,inf,green,False
28.0,4086.831642175,FOLLOW,1.2946598218552525,1.2344280238117835,0.3122442686565142,0.027268643424920132,0.03300241908587753,-0.021874916501786437,0.02727392392106015,-0.5690682887416642,0.6662832872476371,inf,green,False
28.1,4086.931980476,FOLLOW,1.296894928203253,1.2363613832631646,0.31336579483128013,0.03299864424038593,0.03114988967053213,-0.0076135955561496,0.010100063615891441,-0.22874310651537605,0.40802663331378325,inf,green,False
28.3,4087.138620455,FOLLOW,1.303290608815312,1.241899890267272,0.3165641784242513,0.03035464527413485,0.0303615265959845,-0.02591720366107449,0.03613162118850749,-0.698692393685695,0.6949578819102938,inf,green,False
28.5,4087.381323072,FOLLOW,1.3094725747187994,1.2472655516002704,0.3196344054579696,0.03025162886288247,0.03041461910658194,-0.02751896409227817,0.03842086328528477,-0.7297851963010022,0.7158747170364561,inf,yellow,False
28.6,4087.481653658,FOLLOW,1.3125737493252418,1.2499634538185087,0.3211636543444487,0.03040596867807858,0.030734494037216353,-0.02855393729506984,0.04135316616545193,-0.7506938900956376,0.736791552162618,inf,yellow,False
28.8,4087.732119884,FOLLOW,1.3188303177625924,1.2554193524573622,0.3242259599782205,0.03072500120441849,0.03105340441095661,-0.029425855607165867,0.04362707779686015,-0.7663094864987324,0.7545391698454225,inf,yellow,False
29.0,4087.931604588,FOLLOW,1.325162646159159,1.2609591849711026,0.327293292034888,0.031043214002813076,0.0196719662544316,-0.02074688651947105,0.06711704708327937,-0.8779742380726014,0.523755543445774,inf,yellow,False
29.1,4088.031825771,FOLLOW,1.3281073396014353,1.2635411912704135,0.3287090818154302,0.024231717343754205,0.020037848451241024,-0.020780891975675463,0.06573525445101619,-0.8682815451748532,0.5294506957441564,inf,yellow,False
29.3,4088.232156893,FOLLOW,1.3315065381718987,1.2665246315915737,0.3303380765195928,0.020035504139851508,0.020560792224119506,-0.02072303376289163,0.06325221829552524,-0.8512189656177876,0.5359594412280221,inf,yellow,False
29.5,4088.481475715,FOLLOW,1.336433816705196,1.2708590230408203,0.3326813816492101,0.02108534513828202,0.029089296093720587,-0.014581193159739839,0.04772783911259312,-0.5840347843212087,0.596351650159169,inf,yellow,False
29.6,4088.581421557,FOLLOW,1.338127624062356,1.2723514717054525,0.3334823686056217,0.029092691532089397,0.029089296093720587,-0.014581193159739839,0.04772783911259312,-0.5840347843212087,0.596351650159169,inf,yellow,False
29.8,4088.832234811,FOLLOW,1.344716745590448,1.278164152298645,0.33658546691534175,0.026662943163947805,0.026661225574204087,-0.016658219317204,0.050257823826485165,-0.6533357102163189,0.5850671036550364,inf,yellow,False
30.0,4089.03196048,FOLLOW,1.3498525778688009,1.28270325367392,0.3389882382770908,0.032664933582917624,0.0326671590563721,-0.02106902012261122,0.03350728500601852,-0.5891364461026934,0.6731724502769025,inf,yellow,False
30.1,4089.131554932,FOLLOW,1.3531844045613293,1.2856520957886077,0.3405391720819196,0.03266500279840444,0.0326671590563721,-0.02106902012261122,0.03350728500601852,-0.5891364461026934,0.6731724502769025,inf,yellow,False
30.3,4089.382916445,FOLLOW,1.3615051113059966,1.2930320168454728,0.34438244007323826,0.04827649805748237,0.02967082021366424,-0.022354424878654803,0.014250941614543267,-0.5543313790879967,0.5899123911078793,inf,red,False
30.4,4089.58192866,LANE_GRACE,1.3663223842766428,1.297315272601867,0.34658693941215607,0.025837599620397642,0.013725010984181834,-0.008805388971230977,-0.05766842156403651,-0.3357468048275916,0.0,inf,red,False
30.5,4089.681811374,LANE_GRACE,1.36807934289578,1.298879208106367,0.3473875698469595,0.025837650247350345,0.013739432721886316,-0.008751596399050654,-0.05766842156403651,-0.3357468048275916,0.0,inf,red,False
30.5,4089.732340303,FOLLOW,1.368689415300565,1.299422483179244,0.34766513161354606,0.01758988774868122,0.04842197336851164,-0.050324080058961274,-0.09287182844738298,-0.12494823847009034,0.5295631171467878,inf,red,False
30.6,4089.781372352,FOLLOW,1.3696300340224672,1.3002603533005794,0.3480926093574976,0.013749195563375678,0.04842197336851164,-0.050324080058961274,-0.09287182844738298,-0.12494823847009034,0.5295631171467878,inf,red,False
30.8,4089.982490999,FOLLOW,1.3778122993644175,1.3075634580344497,0.3517822951783446,0.04839331555159622,0.03165076915333645,-0.0259215530134175,0.0013132321325574348,-0.5268824088105751,0.6111779406989987,inf,red,False
31.0,4090.181675022,FOLLOW,1.3860329954119894,1.314928976453067,0.3554331542311992,0.049640291333332434,0.04912047098845183,-0.03981739461488402,-0.0009398943141460392,-0.5108056821884285,0.9320667518344536,inf,red,False
31.1,4090.282216528,FOLLOW,1.3893728552377769,1.3179273940134661,0.3569042595805615,0.0491017183472743,0.03580461081269193,-0.02684784716394256,0.010995821072484868,-0.5365432958742519,0.698595171208612,inf,red,False
31.2,4090.431989182,LANE_GRACE,1.3956758445862427,1.3235955153155516,0.359661073530252,0.027374777625613574,0.015420604729367631,-0.012491439755946934,0.042530391920314325,-0.6604946237213529,0.26858674593395215,inf,red,False
31.3,4090.482076544,LANE_GRACE,1.3966065868363389,1.324433547780451,0.36006602133415855,0.027374779791537893,0.015432688183265373,-0.012456116871608176,0.042530391920314325,-0.6604946237213529,0.26858674593395215,inf,red,False
31.3,4090.532265025,FOLLOW,1.3975373295003706,1.325271876464455,0.36047035649738907,0.02737479081395598,0.02460613833239363,-0.01874630671187573,0.010949109561761677,-0.5428541645422479,0.48333333333333284,inf,red,False
31.5,4090.731863425,FOLLOW,1.4025559083294237,1.3297960573539138,0.3626424283648693,0.024634025087876547,0.024632640207845346,-0.018852272565640635,0.010354471275807242,-0.5418397623739465,0.483333333333333,inf,red,False
31.6,4090.831583852,FOLLOW,1.4042310228022232,1.3313078908131617,0.3633637936154673,0.024634050376379696,0.045092634984088616,-0.03739538468253105,-0.004795880659075019,-0.5019089690878242,0.8472802485823525,inf,red,False
31.8,4091.031782471,FOLLOW,1.4133244466003172,1.3395300475876863,0.36724788359977467,0.04447283353707602,0.041283354737954824,-0.03415414586923867,-0.005239979821823615,-0.4984724060161028,0.7727490637463864,inf,red,False
32.0,4091.281800134,FOLLOW,1.4231859627244103,1.3484782514580327,0.37139259705767086,0.038984514329204786,0.03899578606550615,-0.031986252631360436,3.089656329707813e-05,-0.5211863396411661,0.7483830297315334,inf,red,False
32.1,4091.38186311,FOLLOW,1.427162391113767,1.3520956140636826,0.3730438568117588,0.038984615855976776,0.03838115683998273,-0.032863566393169064,-0.02070210252613791,-0.43374245683664775,0.6666666666666647,inf,red,False
32.2,4091.481653079,FOLLOW,1.4297933370017737,1.3544918668224655,0.3741300644365631,0.038369159815334515,0.045020542427040386,-0.04204339158223691,-0.05767763962082058,-0.2697082501933165,0.628138097740983,inf,red,False
32.4,4091.681510015,FOLLOW,1.4369827007551728,1.3610522639496052,0.3770708079658276,0.04499938432409774,0.0387315318463065,-0.03347187712399663,-0.022980929492378968,-0.42620021658274554,0.6666666666666653,inf,red,False
32.5,4091.831843063,FOLLOW,1.4424709184350073,1.3660729130902989,0.37928746402400215,0.03871896769306953,0.039433290607114244,-0.03428503093283122,-0.026223728394909024,-0.41149707537282576,0.6666666666666652,inf,red,False
32.6,4091.931714046,FOLLOW,1.4464907297540865,1.3697567502608068,0.3808962564087749,0.03941992987523616,0.03930077224984857,-0.0340943599696818,-0.025514596318998828,-0.4142333640816235,0.666666666666665,inf,red,False
32.7,4092.032271076,FOLLOW,1.450498258146324,1.373434741748529,0.3824876862258068,0.03928762518225702,0.03499578381835374,-0.02841038935774594,-0.0007374907701686306,-0.5125259324887543,0.665303338792044,inf,red,False
32.9,4092.289516445,FOLLOW,1.4577948495859898,1.380144654360634,0.38535424795255485,0.03519102969938712,0.05511242529975312,-0.05099187923398834,-0.06601165144766724,-0.21097000104274966,0.7015008029762213,inf,red,False
33.0,4092.381765457,FOLLOW,1.4623357215744028,1.384328589728078,0.387118953676651,0.06475875051955782,0.05511242529975312,-0.05099187923398834,-0.06601165144766724,-0.21097000104274966,0.7015008029762213,inf,red,False
33.1,4092.482516811,FOLLOW,1.4669865327077722,1.38862067150289,0.3889100564385962,0.02485962943374143,0.02422245612677185,-0.02188294993966371,0.061176600112192114,-0.8074813759102218,0.609336763580822,inf,red,False
33.2,4092.581908324,FOLLOW,1.4686314684759079,1.3901406054817056,0.3895390350038672,0.024221853844106554,0.018551752942079412,-0.017146403839187904,0.07292131592926993,-0.8505556791551122,0.4833333333333327,inf,red,False
33.4,4092.782291191,FOLLOW,1.4728103016485175,1.3940059230381103,0.39112709921220895,0.018556107008992007,0.018574196120166215,-0.017201915057659143,0.07218283115139118,-0.849044634282259,0.4833333333333326,inf,red,False
33.5,4092.933085403,FOLLOW,1.4753386999779572,1.3963474575176686,0.39208104465182386,0.01863237900047743,0.02433039131844293,-0.021570235617526762,0.023441940285272272,-0.662813608974455,0.5387223126023976,inf,red,False
33.6,4093.032168123,FOLLOW,1.4767912162815144,1.3976935827196804,0.3926267097006263,0.02433030349979562,0.02433039131844293,-0.021570235617526762,0.023441940285272272,-0.662813608974455,0.5387223126023976,inf,red,False
33.7,4093.131736875,FOLLOW,1.4792728946874991,1.3999950531247332,0.39355512751813015,0.024330169443732976,0.024256599002596874,-0.021723596748434045,0.029515676413263636,-0.6916130825125518,0.551642100176993,inf,red,False
33.9,4093.381613647,FOLLOW,1.484224323555913,1.4045928146202877,0.39539284375097333,0.024302061397872422,0.02444323846536427,-0.021954081314702268,0.03217764408830098,-0.7032123017030827,0.5617933618427468,inf,red,False
34.0,4093.481965584,FOLLOW,1.4867077120134042,1.4069017614966899,0.3963071634218447,0.024442626029104346,0.024503845603266433,-0.021953006564375682,0.03196975641619382,-0.7013875133185202,0.5622547828275536,inf,red,False
34.1,4093.582512134,FOLLOW,1.489204892932091,1.4092255021601845,0.3972215701843978,0.02450322379736422,0.020532090751674035,-0.01958632879266312,0.10184910892667026,-0.9352477084477951,0.571154731787811,inf,red,False
34.2,4093.689046895,FOLLOW,1.4908711119821805,1.4107770873208654,0.39782891609431764,0.024503219749918675,0.02461182546824623,-0.022036367435510996,0.030795648337457626,-0.6965553778423444,0.5622547828275538,inf,red,False
34.4,4093.931994273,FOLLOW,1.4956179136329497,1.4152021811638147,0.39954665852240795,0.02472083162172639,0.024721652901455296,-0.022121261808279204,0.029621540258721324,-0.6916838644771138,0.5622547828275536,inf,red,False
34.5,4094.089346697,FOLLOW,1.4989799450740786,1.418340599277466,0.4007523034775409,0.024720810051928454,0.02472540307065233,-0.02211634475079332,0.0291660690012204,-0.6897267512359402,0.5613319408579397,inf,red,False
34.6,4094.18142662,FOLLOW,1.5015021104721904,1.4206972948725018,0.401650803310261,0.024724548809840957,0.02472540307065233,-0.02211634475079332,0.0291660690012204,-0.6897267512359402,0.5613319408579397,inf,red,False
34.7,4094.281648379,FOLLOW,1.503183379315805,1.4222693426898774,0.4022468991201852,0.0247245360539,0.03194091358920334,-0.02793372477327289,0.009620318090231283,-0.5966783361205218,0.6632253460470114,inf,red,False
34.9,4094.532129202,FOLLOW,1.5094454656985805,1.4281321077132347,0.40444726784285445,0.03197779044366597,0.03198820157328801,-0.028064249331567436,0.012179113287531629,-0.6096942673494758,0.6728813281535081,inf,red,False
35.0,4094.631493071,FOLLOW,1.5127072976084839,1.4311905485672742,0.4055810583459041,0.03198080822668,0.03198820157328801,-0.028064249331567436,0.012179113287531629,-0.6096942673494758,0.6728813281535081,inf,red,False
35.1,4094.781807784,FOLLOW,1.5173165768148684,1.4355177382283197,0.4071687797793309,0.03996037280017318,0.03997383287092249,-0.03367877456748442,-0.004533441505526176,-0.5108922708732955,0.758580320818837,2.333527317343162,red,False
35.2,4094.881524919,FOLLOW,1.5200338729100946,1.4380715673730484,0.4080970333915866,0.03996019128996301,0.03997383287092249,-0.03367877456748442,-0.004533441505526176,-0.5108922708732955,0.758580320818837,inf,red,False
35.4,4095.082006468,FOLLOW,1.5281857300152792,1.4457453252915449,0.41084766494044594,0.03995997850049293,0.04099243566578367,-0.021700446437236263,-0.007908883454325333,-0.30044337986861497,0.5981850038914225,inf,red,False
35.5,4095.232389599,FOLLOW,1.533759001234951,1.4510006337209997,0.4127032149667185,0.04099173999654073,0.04099243566578367,-0.021700446437236263,-0.007908883454325333,-0.30044337986861497,0.5981850038914225,inf,red,False
35.6,4095.33159388,FOLLOW,1.5379401556832017,1.4549466891736704,0.41408549316880783,0.04099168226621057,0.04103306618522458,-0.022210594140320925,-0.009238278190958404,-0.3000265796340789,0.5984216036154488,inf,red,False
35.7,4095.432407352,FOLLOW,1.5407302623808108,1.4575815593535137,0.41500318238277717,0.04103170541283065,0.053766025039037865,-0.026516070903485473,-0.014277053898336,-0.23735585870230103,0.7139185637034459,2.2860343908400367,red,False
35.9,4095.631611838,FOLLOW,1.5502114400404603,1.4665457988489983,0.4180910504989434,0.05307053480125528,0.05307832206083261,-0.027857618407744058,-0.013515429724567513,-0.2630099286046118,0.7331553025001087,2.3066737851140577,red,False
36.0,4095.732307346,FOLLOW,1.5556246292083904,1.4716707244890097,0.41983396121407757,0.053070433242674936,0.052994992162660154,-0.028498671399778717,-0.014676989182121361,-0.26428796266742144,0.7334153203189475,inf,red,False
36.1,4095.831746498,FOLLOW,1.559227827201669,1.475084717434971,0.42098621339582737,0.05298631529284967,0.0530428763316886,-0.02878367328854601,-0.01498058424127198,-0.2656189410745278,0.7355488161551188,inf,red,False
36.2,4095.932047029,FOLLOW,1.5646339792789432,1.480211031139565,0.42270300425972274,0.05303378530232768,0.0530428763316886,-0.02878367328854601,-0.01498058424127198,-0.2656189410745278,0.7355488161551188,inf,red,False
36.4,4096.181760929,FOLLOW,1.576082111437738,1.4910829596556674,0.4262891475099741,0.03502537820764105,0.03519259209971748,-0.03742945344126546,-0.01641724747117429,-0.5799374672830698,0.7184695743609024,2.2765653789094995,red,False
36.5,4096.281784806,FOLLOW,1.5796595133916704,1.4944868757407574,0.4273896687810568,0.03517321038378416,0.03544237607100751,-0.0376969118760978,-0.01719994002273209,-0.5763067897876738,0.7208881750902668,inf,red,False
36.6,4096.381700126,FOLLOW,1.582059423763274,1.496772676017746,0.42812089012970356,0.03542258942836583,0.03544237607100751,-0.0376969118760978,-0.01719994002273209,-0.5763067897876738,0.7208881750902668,inf,red,False
36.7,4096.4816647,FOLLOW,1.5856725188236955,1.5002173874396616,0.4292110303004728,0.035422425554294694,0.035643225024331926,-0.037629345479724616,-0.01749967086764423,-0.5703454283213956,0.7205466761039845,inf,red,False
36.9,4096.732490918,FOLLOW,1.5929601365714943,1.5071775956703726,0.4313708065434273,0.0358294610622996,0.03575799534828422,-0.03731719038628628,-0.01747029283173951,-0.5634646759699421,0.7177409458660283,inf,red,False
37.0,4096.832533985,FOLLOW,1.5966055442021996,1.5106652121158612,0.43243170937707315,0.035738012253817765,0.03575799534828422,-0.03731719038628628,-0.01747029283173951,-0.5634646759699421,0.7177409458660283,2.240618109621841,red,False
37.1,4096.98185257,FOLLOW,1.6011998467064332,1.5150662117231746,0.4337503381330954,0.03174503379743574,0.031762562947282906,-0.03340184667902167,-0.0220435829355482,-0.5461427925229929,0.6260816667631165,inf,red,False
37.2,4097.081649581,FOLLOW,1.603358566153824,1.5171362337403418,0.434362773500021,0.03174683542456484,0.031762562947282906,-0.03340184667902167,-0.0220435829355482,-0.5461427925229929,0.6260816667631165,inf,red,False
37.4,4097.281688429,FOLLOW,1.6098497144344064,1.5233687390177282,0.43617681155103627,0.03189385356439869,0.03222119502419897,-0.03343363225017737,-0.022165129087499097,-0.5372078916480789,0.629124130312731,inf,red,False
37.5,4097.431873647,FOLLOW,1.6131236178608834,1.526516708447574,0.4370761020564774,0.03220501948503939,0.03252187154980613,-0.033526405158212126,-0.022219928281267176,-0.5329015364520931,0.6320771653564949,2.2301762313050153,red,False
37.6,4097.532148644,FOLLOW,1.6164285472827518,1.529697500769734,0.43797338116213647,0.032505439678887735,0.03753073360184323,-0.039562025119264974,-0.024709399961904244,-0.5345806488462823,0.7307395283601587,2.2219997252325303,red,False
37.7,4097.636777281,FOLLOW,1.6202474508120501,1.5333766900701296,0.4389968916072396,0.037506949437740016,0.03579928203032078,-0.03736610777345525,-0.0225644729047704,-0.53891642024428,0.7002611194005036,inf,red,False
37.9,4097.831677103,FOLLOW,1.6264496088010545,1.5393603923679986,0.44062843915451855,0.03577777420787831,0.03268437766128538,-0.03430865953268669,-0.0291612583616363,-0.509574448161695,0.6193515578077518,inf,red,False
38.0,4097.981911615,FOLLOW,1.6308960678002524,1.5436565184399775,0.44177485385060195,0.03265479083382871,0.03267273485915686,-0.034188262220888735,-0.029053543029549822,-0.5080677613658403,0.6181053583594629,2.1945364469237862,red,False
38.1,4098.131619134,FOLLOW,1.6342268475902133,1.5468780612930826,0.44262087171503517,0.032654616780478256,0.03267273485915686,-0.034188262220888735,-0.029053543029549822,-0.5080677613658403,0.6181053583594629,2.2206995018753815,red,False
38.2,4098.232349645,FOLLOW,1.6364473572041869,1.549027330612983,0.4431788168421859,0.03265449445781937,0.033064750123364746,-0.033933838215803036,-0.0288985475606591,-0.49635622829849063,0.6174540564627349,2.2206995018753815,red,False
38.4,4098.481385128,FOLLOW,1.644298610473767,1.556636565971789,0.4451130884459746,0.03304680256789473,0.02759956001704631,-0.028153869475524604,-0.034620795864950565,-0.4623964354122509,0.4958700453676505,inf,red,False
38.5,4098.581502436,FOLLOW,1.6461817930874796,1.5584639257766395,0.4455682061599264,0.0275881361786547,0.02773275863930387,-0.028233844239798002,-0.03443037572303996,-0.46211458209396195,0.49810032551325356,inf,green,False
38.6,4098.682021677,FOLLOW,1.6490091715985764,1.5612090727257857,0.4462451351608424,0.027721093766554118,0.027987353502252794,-0.02815498817177317,-0.03481014230170515,-0.4522748830611669,0.4969358006942508,2.1929050488517734,green,False
38.7,4098.833020043,FOLLOW,1.651853687385916,1.5639727468984996,0.4469184630901138,0.027975642750071805,0.027987353502252794,-0.02815498817177317,-0.03481014230170515,-0.4522748830611669,0.4969358006942508,inf,green,False
38.9,4099.032809731,FOLLOW,1.6575483831783,1.5695111515090272,0.448243436298114,0.027790786778990016,0.03063183361284537,-0.031148381683241848,-0.06660723656727287,-0.2754216800273732,0.4310292608563954,inf,green,False
39.0,4099.132207841,FOLLOW,1.6604753136150463,1.5723605764768065,0.4489125356900003,0.030616148390130098,0.03063183361284537,-0.031148381683241848,-0.06660723656727287,-0.2754216800273732,0.4310292608563954,inf,green,False
39.1,4099.231967973,FOLLOW,1.6635981371753148,1.5754028168863887,0.44961737142503067,0.030615821266331455,0.031031591568695203,-0.0314126398302378,-0.0674501014668464,-0.26678894439578404,0.4310733788544039,inf,green,False
39.2,4099.381990231,FOLLOW,1.6678156594695805,1.5795149204610934,0.45055442777747917,0.03101503592051601,0.03166560120980852,-0.031602080308583136,-0.06745160363057076,-0.25611350953134543,0.4328380987747392,2.1861667399787263,green,False
39.4,4099.58185516,FOLLOW,1.6732010623228932,1.5847712528260298,0.4517263795992628,0.03170798859717457,0.03253627789149037,-0.032042474254764024,-0.06805957983019918,-0.24246096757486593,0.4354851786552421,inf,green,False
39.5,4099.681512687,FOLLOW,1.676489310233914,1.5879836591888723,0.4524285275293524,0.03251852652760348,0.03253627789149037,-0.032042474254764024,-0.06805957983019918,-0.24246096757486593,0.4354851786552421,inf,green,False
39.6,4099.781574852,FOLLOW,1.6787005665040686,1.5901451504121793,0.4528950129152715,0.03251842814730988,0.03276774349456319,-0.03195009311355552,-0.0672182170943499,-0.24044316848382538,0.437205780577569,inf,green,False
39.7,4099.881558109,FOLLOW,1.6820407472204164,1.5934120079917278,0.4535910305117069,0.03274987122958524,0.03300685666467025,-0.03199007242168913,-0.0674546079580193,-0.2345845672714233,0.4363675386154097,inf,green,False
39.9,4100.132321367,FOLLOW,1.6899590212582762,1.601165106510997,0.4551998326488715,0.03381833851192942,0.03419040071185381,-0.03234441196497447,-0.06722122142179851,-0.21874941912397558,0.44073522041823965,inf,green,False
40.0,4100.231501882,FOLLOW,1.6922702063330604,1.6034303009127413,0.45565860192018115,0.034171647942785724,0.03419040071185381,-0.03234441196497447,-0.06722122142179851,-0.21874941912397558,0.44073522041823965,inf,green,False
40.1,4100.333133209,FOLLOW,1.6957557085772437,1.6068482785225335,0.4563413505568934,0.03417153676245692,0.03458237571664838,-0.03260072456532629,-0.06829972610317937,-0.20940924141202188,0.43905873649392113,inf,green,False
40.2,4100.43216347,FOLLOW,1.69928062681893,1.6103071136251312,0.4570206875334955,0.03456307495158584,0.03476315618759988,-0.03257459307071881,-0.06776122484435107,-0.20861586128151413,0.440779338416248,inf,green,False
40.4,4100.681869361,FOLLOW,1.7063938498181632,1.617293547452821,0.4583576662506612,0.0351296760018658,0.035757512286763424,-0.03292196761734832,-0.06830197934876574,-0.19293496191626233,0.441705816374424,inf,green,False
40.5,4100.783030229,FOLLOW,1.710038271023263,1.6208763017457508,0.45902524928145916,0.03573749212683505,0.03616535583992319,-0.033030986718715585,-0.06830273043062797,-0.18741942311013401,0.44258817633459163,inf,green,False
40.6,4100.881476153,FOLLOW,1.7136968100531766,1.624475107904933,0.45968364995079936,0.03614510050565161,0.03616535583992319,-0.033030986718715585,-0.06830273043062797,-0.18741942311013401,0.44258817633459163,inf,green,False
40.7,4100.981482204,FOLLOW,1.7173836043002888,1.6281038593132167,0.4603352665669938,0.03614499213367366,0.037274430176831075,-0.033538334192042905,-0.0689107066302565,-0.1733499398096351,0.4452352562150946,inf,green,False
40.9,4101.232173968,FOLLOW,1.724969437924238,1.635576816548287,0.4616389446228848,0.03706770441027455,0.03788385120486318,-0.03347722830848217,-0.06830573475807653,-0.16524468593794137,0.44611761617526224,inf,green,False
41.0,4101.331487755,FOLLOW,1.727543047051788,1.6381140656420774,0.46207002343775866,0.03786261781967152,0.03845186314963853,-0.03363773488580838,-0.06807084605813146,-0.16014419022956508,0.44872057805775684,inf,green,False
41.1,4101.481790862,FOLLOW,1.7340368394576937,1.6445202937994057,0.46313279173184124,0.038430213823410636,0.03868290804585441,-0.03366091087437543,-0.06854287670360813,-0.1536234042934652,0.4461617341732707,inf,green,False
41.2,4101.581692505,FOLLOW,1.736665494035051,1.6471151586987003,0.4635529094463973,0.038661139329923426,0.03868290804585441,-0.03366091087437543,-0.06854287670360813,-0.1536234042934652,0.4461617341732707,inf,green,False
41.4,4101.785900176,FOLLOW,1.7445523366301834,1.6549061533195812,0.4647786595232974,0.038660845873333426,0.04453323810391369,-0.03683086220684592,-0.05645678421849383,-0.19996435628548365,0.5566324069233907,inf,green,False
41.5,4101.881427328,FOLLOW,1.7475710103379005,1.6578902580783133,0.4652341881785723,0.0445069040762452,0.04530573061237496,-0.037021686438971455,-0.05620489101850255,-0.19441555671882924,0.5610506475939202,inf,green,False
41.6,4101.981859148,FOLLOW,1.7521621995948697,1.6624309705872327,0.46591310466763936,0.04527895228828638,0.04558944894647931,-0.036957580457527485,-0.0561987399242523,-0.18975435251317818,0.560136998851323,inf,green,False
41.7,4102.082602876,FOLLOW,1.756789916130574,1.6670102966413398,0.46658057125938956,0.04556254898120879,0.04558944894647931,-0.036957580457527485,-0.0561987399242523,-0.18975435251317818,0.560136998851323,inf,green,False
41.9,4102.331654188,FOLLOW,1.7676862621093972,1.67780214125247,0.4680858040972018,0.04716897697188981,0.04719632063800851,-0.03690727658292368,-0.05557609202103028,-0.1730300908451646,0.5634356646407402,inf,green,False
42.0,4102.431890066,FOLLOW,1.770893746689218,1.6809812635328734,0.4685114036620021,0.047168817681999355,0.04719632063800851,-0.03690727658292368,-0.05557609202103028,-0.1730300908451646,0.5634356646407402,inf,green,False
42.1,4102.531625763,FOLLOW,1.7757049533096916,1.6857518600113413,0.4691351786028951,0.04716857401701081,0.04719632063800851,-0.03690727658292368,-0.05557609202103028,-0.1730300908451646,0.5634356646407402,inf,green,False
42.2,4102.681891518,FOLLOW,1.7821198561141725,1.6921161251640067,0.46993956013918503,0.047168238505084836,0.049648178765170844,-0.03698713561682481,-0.05498332223966125,-0.1501539910719951,0.5690446603565545,inf,green,False
42.4,4102.882564258,FOLLOW,1.790557027506176,1.7004924128734438,0.4709512172774883,0.04977342194254845,0.050907240348259275,-0.036718231021070885,-0.05382284460860683,-0.1406542217085474,0.5734003002045434,inf,green,False
42.5,4103.039794099,FOLLOW,1.7957076292188592,1.705608824218106,0.47154367540078074,0.05087870677017903,0.051715179089871895,-0.03670598262769233,-0.05360545229114786,-0.1338068040201234,0.5751232181102673,inf,green,False
42.6,4103.131417383,FOLLOW,1.800923655173043,1.7107923878606184,0.47212468106771477,0.051686392677647866,0.051715179089871895,-0.03670598262769233,-0.05360545229114786,-0.1338068040201234,0.5751232181102673,inf,green,False
42.7,4103.231883623,FOLLOW,1.8061956522971025,1.7160336873438837,0.4726927530310779,0.05168611235378145,0.051805283589420444,-0.0365729085241326,-0.053528771098262075,-0.13157705165485178,0.5737187481376583,inf,green,False
42.9,4103.431984661,FOLLOW,1.8150336984881072,1.724824810534563,0.47360213810512325,0.052883885345864086,0.052913008809666096,-0.03639656330385554,-0.05272674598193776,-0.12384301564351818,0.5774606271172403,inf,green,False
43.0,4103.531578251,FOLLOW,1.820427840295505,1.7301929460129526,0.4741311549543763,0.0528836085590669,0.05518352920824565,-0.036421336060372726,-0.05247748965437235,-0.10554218139303082,0.5812000361021362,inf,green,False
43.1,4103.689268886,FOLLOW,1.8279258049263938,1.7376578125609285,0.474834815135573,0.05515371783410486,0.055325438965490276,-0.03626011374376103,-0.052174628177351315,-0.1042454656402078,0.5812000361021362,inf,green,False
43.2,4103.781567848,FOLLOW,1.8335657782084591,1.7432750848028107,0.4753403052168152,0.055295562529259865,0.05714320259080476,-0.03594541786216484,-0.051310860929067684,-0.09114153629267512,0.5846958397735714,inf,green,False
43.4,4103.981959341,FOLLOW,1.843210880629281,1.7528854222125183,0.4761583209369631,0.05711329299249623,0.05777161169604436,-0.03583130970136446,-0.05102293851297314,-0.08676635081369119,0.5858599292897725,inf,green,False
43.5,4104.145717108,FOLLOW,1.851104404006639,1.7607539863012016,0.4767854563853493,0.059010061120471705,0.059040085512851274,-0.03577465826150011,-0.05069436412009598,-0.07878158094474609,0.5889021975199153,inf,green,False
43.6,4104.231868035,FOLLOW,1.8551170817434164,1.7647550920890458,0.477089971343964,0.05900988995981524,0.06040531141722226,-0.03532486408199953,-0.049871248848594965,-0.06923392826880458,0.5905046159292432,inf,green,False
43.7,4104.33176932,FOLLOW,1.8611807310286603,1.7708026020299585,0.47753204748796607,0.06037546770666429,0.06040531141722226,-0.03532486408199953,-0.049871248848594965,-0.06923392826880458,0.5905046159292432,inf,green,False
43.9,4104.581733652,FOLLOW,1.8757341512958567,1.7853232753550494,0.47850719613975284,0.061741886344752875,0.061914984666670385,-0.03507469147662119,-0.049465993262832006,-0.05896707037326554,0.5920195650972367,inf,green,False
44.0,4104.681734131,FOLLOW,1.8799421394898248,1.7895232332039703,0.4787670280711993,0.061884899769899096,0.06456880084961449,-0.03465474330773669,-0.04867275611318386,-0.04321056978359526,0.5961994794750235,inf,green,False
44.1,4104.782424367,FOLLOW,1.886431430388461,1.796001287018488,0.47914870535103105,0.064539132993542,0.06933525682745649,-0.03605674037890788,-0.0406924160381955,-0.08448117567682864,0.6998255571587704,inf,green,False
44.2,4104.931583744,FOLLOW,1.89568838296408,1.8052443715205,0.47965507324473666,0.06930351334913172,0.07100815035997418,-0.03563563795339825,-0.04020316210039987,-0.07502141215844016,0.7027164970573706,inf,green,False
44.4,4105.137923813,FOLLOW,1.907695376484349,1.8172367283737625,0.48024740920168535,0.07097684437234349,0.07140014987403852,-0.03515440240351995,-0.03959743914635783,-0.07241346017143781,0.7027164970573706,inf,green,False
44.5,4105.232702487,FOLLOW,1.9149745452771887,1.8245086493960356,0.48057208456261147,0.0713694593109295,0.07409123989157423,-0.034049871456261156,-0.03822671134161927,-0.058685007727880094,0.7080112696298948,inf,green,False
44.6,4105.3328582,FOLLOW,1.9199157014177994,1.8294455142860775,0.48077795070002827,0.07406199928339151,0.07501470899211383,-0.033873138276220315,-0.038013270667071206,-0.05453548309035644,0.7103509789711036,inf,green,False
44.7,4105.481615931,FOLLOW,1.9300497485620831,1.8395721393633209,0.4811655201877503,0.07498576706498286,0.0759754605608187,-0.03302352643090362,-0.03706942421142878,-0.04908803251858705,0.710826460478158,inf,green,False
44.9,4105.68168155,FOLLOW,1.9454764063140642,1.8549905654939123,0.4816685569144874,0.07594771903792388,0.07822848982174958,-0.03220358525145194,-0.036485037853731306,-0.037046041749412076,0.712280246429788,inf,green,False
45.0,4105.831738299,FOLLOW,1.9561089210467688,1.8656191580432955,0.4819570450944113,0.07820187405825087,0.07863233106909182,-0.0317792320040708,-0.0357339584312696,-0.03685182694951509,0.7156391142673307,inf,green,False
45.1,4105.881749086,FOLLOW,1.958781003624068,1.8682904423135578,0.48202235701794044,0.07860626510320601,0.07863233106909182,-0.0317792320040708,-0.0357339584312696,-0.03685182694951509,0.7156391142673307,inf,green,False
45.2,4106.031573478,FOLLOW,1.9695470242333208,1.8790539030392246,0.4822567702039273,0.08091715657533204,0.08094147072321796,-0.030404702904590918,-0.034018296561451396,-0.028596893884738076,0.7227346445507017,inf,green,False
45.4,4106.231740321,FOLLOW,1.9833965383209637,1.8929013668809807,0.48249424635090526,0.0823204860458872,0.08321154095586865,-0.028866474743906967,-0.03257577896652957,-0.0184309687590968,0.7253809519604455,inf,yellow,False
45.5,4106.33154143,FOLLOW,1.9918807134135703,1.901384799262747,0.48260630425362305,0.08318934495057707,0.08458670768201249,-0.02824594073172885,-0.03205947681496047,-0.012958384834674442,0.7277247954759714,inf,yellow,False
45.6,4106.481941591,FOLLOW,2.0034103503562704,1.9129138698034218,0.4827199329348062,0.08550058297545492,0.08552184332844173,-0.027740261655466003,-0.03164107949452058,-0.009184122754531773,0.7290454258062279,inf,yellow,False
45.7,4106.581844905,FOLLOW,2.009224392430429,1.9187277669664773,0.4827608923815919,0.08550064685658801,0.08695585529682394,-0.026838341335062056,-0.030902189684769998,-0.0033341268044289577,0.7306721659724326,inf,yellow,False
45.9,4106.781895975,FOLLOW,2.026931964777449,1.9364352176487791,0.48282061691654726,0.08765142241286429,0.08767045190239714,-0.025596047643388454,-0.030080253644952544,0.0026058644627707725,0.735346626583466,inf,yellow,False
46.0,4106.881617278,FOLLOW,2.0358724175347187,1.945375666695902,0.48281543323962484,0.08765152550533033,0.08540650069507656,-0.022399239016840097,-0.028777775819565206,0.014200416282687018,0.7369876696072566,inf,yellow,False
46.1,4106.981578711,FOLLOW,2.0416817781607706,1.9511850068940488,0.4828001835162425,0.08539178396081179,0.09786791916186337,-0.023820832068350343,-0.02270460508896925,-0.013424364760609767,0.8429371314570014,inf,yellow,False
46.2,4107.131466178,FOLLOW,2.051923999530385,1.9614270873857464,0.48274791269125367,0.08222825961863593,0.09836374894521427,-0.023367438106488943,-0.02235175811461319,-0.011802507739306065,0.8438841351308075,inf,yellow,False
46.4,4107.331400385,FOLLOW,2.07208450256366,1.9815866010349297,0.4825500140490056,0.09956138910948752,0.10072596088836762,-0.020204238572363222,-0.020953291381958353,0.004015981900897204,0.8478103748171919,inf,yellow,False
46.5,4107.431857122,FOLLOW,2.0788921597166112,1.9883936920192382,0.4824622526731894,0.10070856984284964,0.10072596088836762,-0.020204238572363222,-0.020953291381958353,0.004015981900897204,0.8478103748171919,inf,yellow,False
46.6,4107.581625662,FOLLOW,2.0925865239395347,2.002086516768982,0.48225718576449333,0.10064790305420795,0.10066341336747421,-0.018680779942425698,-0.019673748973834015,0.005674862777386308,0.8507628417615294,inf,yellow,False
46.7,4107.681968326,FOLLOW,2.102852612505696,2.0123510727801928,0.48207988485257103,0.10064789256947795,0.09954753843123575,-0.016659269115432036,-0.01881866501838189,0.012335356235784226,0.8551452025299794,inf,yellow,False
46.9,4107.882037884,FOLLOW,2.1197086221929533,2.029203833208225,0.4817491884252747,0.09887634572427924,0.09823978716106194,-0.013278397547646436,-0.01660631364794771,0.01938667560663599,0.8583428697871093,inf,yellow,False
47.0,4107.981840964,FOLLOW,2.129772902429649,2.0392657335708186,0.48153037322104936,0.09823159305123963,0.09823978716106194,-0.013278397547646436,-0.01660631364794771,0.01938667560663599,0.8583428697871093,inf,yellow,False
47.1,4108.082058341,FOLLOW,2.139792540991696,2.0492826829173354,0.48129827695243793,0.09823180510304641,0.07112800043434261,0.0034790074355625818,-0.02241790131697092,0.18048654021180816,0.8601843100899069,inf,yellow,False
47.3,4108.282246012,FOLLOW,2.154335686290564,2.063821671045195,0.4809505784492499,0.07090104114188563,0.07130076005359186,0.0044946813398171696,-0.02133556827511767,0.18273505423286743,0.8656135890973858,inf,red,False
47.4,4108.432330005,FOLLOW,2.1640201470681673,2.0735035000418995,0.480724822872499,0.07131743508930923,0.07133957175207428,0.004733963323588722,-0.02077282238961519,0.18127517559119227,0.8639150436830717,inf,red,False
47.5,4108.531884605,FOLLOW,2.168871011102817,2.0783530931069807,0.48061378745810085,0.07135662294482843,0.07133957175207428,0.004733963323588722,-0.02077282238961519,0.18127517559119227,0.8639150436830717,inf,red,False
47.6,4108.631798416,FOLLOW,2.176149391913617,2.08562962790003,0.48044987329448186,0.07135670898650281,0.07155205975555537,0.004997411981214897,-0.020453534127528726,0.18149318784486854,0.8668132359192587,inf,red,False
47.7,4108.73208315,FOLLOW,2.183449207173257,2.092927666379663,0.48028882580675625,0.07156959386098699,0.07167492749143607,0.0052436924844975075,-0.02008262101565407,0.18126827383877095,0.8679658620930442,inf,red,False
47.9,4108.933055123,FOLLOW,2.1956284409988363,2.1051041044590515,0.48002789593559014,0.07169279007691218,0.07222959603572025,0.009516810648220547,-0.01469137458064803,0.18482362339858796,0.8800327931297127,inf,red,False
48.0,4109.031519988,FOLLOW,2.2029974757196524,2.112471582650079,0.4798764550327315,0.07225323765681058,0.07230040692030272,0.009557825972947928,-0.014370751041380893,0.18304431647372732,0.8782154444504219,inf,red,False
48.1,4109.183090032,FOLLOW,2.2128334592361902,2.1223057022531937,0.47968500883689524,0.07232407457461568,0.0726642809220411,0.009726055067464214,-0.014067606164729969,0.18217199552021826,0.8813147797380497,inf,red,False
48.2,4109.281377553,FOLLOW,2.2202347944823155,2.1297057883519956,0.47954904737392107,0.07268813387717739,0.07264411250194283,0.009652175413764215,-0.014115860876452523,0.1818416929414668,0.8805702791741831,inf,red,False
48.4,4109.481354339,FOLLOW,2.2325967104201316,2.142065894299327,0.47933758527998516,0.07290236263447152,0.07287860970639788,0.009716412126446002,-0.013949034267161743,0.1810629353921944,0.8822303934021172,inf,red,False
48.5,4109.631430703,FOLLOW,2.2426352860430994,2.1521032377706413,0.47918035169719236,0.07668852627514186,0.07666057645340402,0.01309189264238974,-0.004210559948726676,0.14254251614055585,0.866492125787818,inf,red,False
48.6,4109.731719084,FOLLOW,2.2478501237239796,2.157317526553953,0.47910469946765827,0.07668884974527591,0.06762732274873676,0.015728251403821655,-0.011009439177155245,0.22684221195823775,0.8831595954298291,inf,red,False
48.7,4109.832224188,FOLLOW,2.2550703441131406,2.1645370983922887,0.4790079712834473,0.06765922660334292,0.06781042164212607,0.015608204622600966,-0.011126601620069551,0.22603404897679993,0.8844090171550878,inf,red,False
48.9,4110.082098202,FOLLOW,2.268912003834607,2.17837790588497,0.47885486017530765,0.0680960749012402,0.07665809787564422,0.017164916980168025,0.0007187029883253745,0.14569726674518965,0.8715023850963393,inf,red,False
49.0,4110.231576161,FOLLOW,2.279037606770831,2.1885031495632656,0.4787697974942093,0.07669238924158138,0.08539998762180574,0.014633920863988069,0.004022818831718074,0.08878587853891677,0.8696314161861862,inf,red,False
49.1,4110.331476565,FOLLOW,2.2874419234463073,2.1969072895703783,0.4787154148182522,0.08543102211829295,0.08539998762180574,0.014633920863988069,0.004022818831718074,0.08878587853891677,0.8696314161861862,inf,red,False
49.2,4110.43163911,FOLLOW,2.2932512405495546,2.2027165260906574,0.47868484878980083,0.08543122209970756,0.08558320212282403,0.014429355113976477,0.00368006652588395,0.08919836494284078,0.8722325530220453,inf,red,False
49.4,4110.632327513,FOLLOW,2.311033496686743,2.2204986781297427,0.4786258237414798,0.09535709229365784,0.08953865798215838,0.012802547289297753,0.0068811450699902375,0.050696158471017445,0.8407235247335225,inf,red,False
49.5,4110.731843524,FOLLOW,2.3205706982758607,2.23003587301399,0.47861518025197,0.08956856040705666,0.08953865798215838,0.012802547289297753,0.0068811450699902375,0.050696158471017445,0.8407235247335225,inf,red,False
49.6,4110.831756754,FOLLOW,2.3266613566031435,2.2361265312044942,0.47861526430153467,0.08956857015422731,0.09046326425037082,0.012436555438927398,0.0068223146647355395,0.047367908436254574,0.8431325274584291,inf,red,False
49.7,4110.982324537,FOLLOW,2.3420125422598628,2.251477697521471,0.4786379335435608,0.09049322507195531,0.09076730144325601,0.012302462438203285,0.006994203645936613,0.04491546823565798,0.8413286754606951,inf,red,False
49.9,4111.182150679,FOLLOW,2.3576490462564963,2.2671141008888434,0.4786932670975121,0.09696304325574077,0.08960905036275447,0.01204310998031975,0.00504027395631367,0.05713641230181121,0.8534074956792062,inf,red,False
50.0,4111.283026081,FOLLOW,2.3640030314600353,2.2734680043385067,0.4787254690958102,0.08963940237835782,0.0898219090848967,0.011847068644760478,0.004892421825692619,0.05643160554575905,0.854115795350096,inf,red,False
50.1,4111.432563144,FOLLOW,2.3762081624988576,2.2856728927993,0.4788022302802696,0.08985201639904385,0.09019033238130673,0.011451809190995813,0.004734197778781474,0.05416303733583274,0.8533565685963035,inf,red,False
50.2,4111.532098128,FOLLOW,2.3823181031030933,2.291782662935351,0.4788478552627811,0.08985211502897655,0.09019033238130673,0.011451809190995813,0.004734197778781474,0.05416303733583274,0.8533565685963035,inf,red,False
50.4,4111.831998848,FOLLOW,2.4049102902845947,2.314373862553363,0.4790582079922841,0.0985434250475383,0.09888807398297293,0.013395296337318462,0.007592707608835309,0.04087919660550034,0.9082853044057997,inf,red,False
50.5,4111.940868231,FOLLOW,2.4116273977921927,2.321090542015488,0.47913402332549737,0.0987855769465912,0.09948724985136073,0.013029856741481289,0.007449622549573754,0.03879810188063959,0.9094753415854592,inf,red,False
50.6,4112.081769781,FOLLOW,2.42512035350133,2.3345824210110036,0.47930435005739574,0.09951915663821345,0.09940764635834792,0.012455029303350374,0.006037279869571076,0.044362077316274506,0.9202705882691058,inf,red,False
50.7,4112.181551363,FOLLOW,2.4318850340477836,2.3413464459685924,0.47939851598182653,0.09943875279433935,0.09940764635834792,0.012455029303350374,0.006037279869571076,0.044362077316274506,0.9202705882691058,inf,red,False
50.9,4112.431958524,FOLLOW,2.4522184093025112,2.3616773504679056,0.47971517079317966,0.10015647196302081,0.10007212953482772,0.011704192245172664,0.005534497472442369,0.04207959635839936,0.9216634714892105,inf,red,False
51.0,4112.531857636,FOLLOW,2.4624307387489037,2.3718881394643256,0.4798925129393907,0.1001020005706909,0.09938174006508593,0.006806240008073223,0.008274326822803641,-0.008923031284678617,0.8466558833700195,inf,red,False
51.1,4112.631668179,FOLLOW,2.4692149518545814,2.378671216846329,0.4800166402796252,0.0994052339937629,0.09938174006508593,0.006806240008073223,0.008274326822803641,-0.008923031284678617,0.8466558833700195,inf,red,False
51.2,4112.781589923,FOLLOW,2.48272565460679,2.392179478535634,0.48027343568290887,0.09914872353558689,0.09912613476652969,0.006316665149897614,0.007954822056641296,-0.010009598110184868,0.8467222224550179,inf,red,False
51.4,4112.981648157,FOLLOW,2.5029249534187312,2.412374714396761,0.4806784936203869,0.0988802246221552,0.09834902845080619,0.005829969868374421,0.007985400374049677,-0.013215214427514678,0.8466523933341172,inf,red,False
51.5,4113.081907706,FOLLOW,2.5129594869714835,2.422407047018709,0.4808886444013096,0.09837135437139584,0.09805215102088767,0.0055065868405973556,0.008006833778187093,-0.015463755737540191,0.848689894193385,inf,red,False
51.6,4113.288771221,FOLLOW,2.5262979677093456,2.4357424191287556,0.4811765886872375,0.09807434654448506,0.08264642807473473,-0.0025841029338313846,0.009968264593620775,-0.08733858951978386,0.839099868474781,inf,red,False
51.7,4113.382108982,FOLLOW,2.5282330224027856,2.4376770214248475,0.4812184291289085,0.05572997347855889,0.08264642807473473,-0.0025841029338313846,0.009968264593620775,-0.08733858951978386,0.839099868474781,inf,red,False
51.9,4113.682558056,FOLLOW,2.547865277575802,2.457304916189888,0.4816321621969685,0.08269172630090842,0.08250085565970017,-0.0020372843304714778,0.010362726567112197,-0.08554459457328062,0.8345384273591221,inf,red,False
52.0,4113.781672372,FOLLOW,2.553482471454166,2.4629209116464064,0.4817481882395303,0.08251308336330176,0.08250085565970017,-0.0020372843304714778,0.010362726567112197,-0.08554459457328062,0.8345384273591221,inf,red,False
52.1,4113.93258403,FOLLOW,2.5647142125845726,2.474150313250594,0.4819774204444404,0.08281756056543405,0.07685826608239296,-0.0074833498608064455,0.008904811157460148,-0.12447191398927059,0.8397917066276932,inf,red,False
52.2,4114.03177927,FOLLOW,2.572966814355528,2.482401245565258,0.4821434062694407,0.07686553276001457,0.07685826608239296,-0.0074833498608064455,0.008904811157460148,-0.12447191398927059,0.8397917066276932,inf,red,False
52.4,4114.23184728,FOLLOW,2.5860423098418583,2.495474320530052,0.4823949463749216,0.07712260118371497,0.07752696340315085,-0.006893688379173282,0.009106038187471265,-0.12017007196442586,0.8401501277625081,inf,red,False
52.5,4114.382063608,FOLLOW,2.5965584679602443,2.5059887439476167,0.48258592893749397,0.0775346818123664,0.07967195747761284,-0.010650991590781995,0.0032349855198654937,-0.1114227196041211,0.8488760243621802,inf,red,False
52.6,4114.48140508,FOLLOW,2.6046097921244984,2.5140388662795323,0.4827250216240241,0.07967448576115516,0.07967195747761284,-0.010650991590781995,0.0032349855198654937,-0.1114227196041211,0.8488760243621802,inf,red,False
52.7,4114.582152231,FOLLOW,2.610027654086947,2.5194559982283,0.482813952895797,0.07967440117625713,0.08335948225484062,0.005474593077665807,-0.001716768718240079,0.05572734279598061,0.7914415696843169,inf,red,False
52.9,4114.831570155,FOLLOW,2.626672285452269,2.5360984761288337,0.48308166121006074,0.0762278358652845,0.07617308747262233,0.0018329287718500753,-0.019642225533159106,0.1461415912842054,0.8666935667776862,inf,red,False
53.0,4114.932192385,FOLLOW,2.6318545379089473,2.541280021462608,0.48316726762431494,0.07619013009768057,0.07689703207574924,0.001632957933644515,-0.019448305724395702,0.14300684090287022,0.8699086346304017,inf,red,False
53.1,4115.082372699,FOLLOW,2.6422646537767296,2.5516886886878742,0.48334092996360467,0.07691359708283278,0.07689703207574924,0.001632957933644515,-0.019448305724395702,0.14300684090287022,0.8699086346304017,inf,red,False
53.2,4115.181899003,FOLLOW,2.6501098326573485,2.559532753072254,0.4834731627344335,0.07691344259801806,0.07691918237761045,0.0016372545119225557,-0.019456747871186293,0.1430948744687698,0.8703002853668492,inf,red,False
53.4,4115.383259113,FOLLOW,2.6658031309472108,2.575223763621079,0.48374111322682106,0.07693533617680313,0.07758596690334853,0.00595633442026743,-0.014279790430361122,0.14598829582769993,0.8825214552021582,inf,red,False
53.5,4115.482387451,FOLLOW,2.673718203872331,2.5831376230846512,0.48387969974542244,0.07760794986178343,0.07757945292276398,0.006048992834170383,-0.013998975735008981,0.14494977530504843,0.8807688633031004,inf,red,False
53.6,4115.583129118,FOLLOW,2.678995333891405,2.588413898511771,0.48397466599291455,0.07760154918856917,0.07756620038744114,0.005962733011480121,-0.014158860187554127,0.14526656867251075,0.881130331879675,inf,red,False
53.7,4115.681740166,FOLLOW,2.6869102571899726,2.596327468858622,0.48412099975167516,0.077588210481511,0.07756620038744114,0.005962733011480121,-0.014158860187554127,0.14526656867251075,0.881130331879675,inf,red,False
53.9,4115.931404107,FOLLOW,2.7027212833195513,2.612135529847289,0.4844271499646159,0.07741971245277458,0.07784039871354363,0.005614299005561127,-0.014364065572010205,0.14346570135416686,0.8813247266779997,inf,red,False
54.0,4116.081683868,FOLLOW,2.713294926500806,2.6227069913662606,0.484641921326251,0.07786226474170638,0.08225062920052324,0.008958603447058275,-0.004898917869447204,0.1058267119148007,0.8667617775296701,inf,red,False
54.1,4116.182011201,FOLLOW,2.7188839838371557,2.6282948194617606,0.48475913516562824,0.08227719293118652,0.08235557049289968,0.008829040285184308,-0.004968366896669657,0.10513974882736478,0.8666890040274516,inf,red,False
54.2,4116.28165479,FOLLOW,2.727283260668235,2.6366921166851696,0.4849414716631593,0.08238221034811881,0.0826761538647268,0.008546743222271188,-0.005169005047833443,0.10390122404933803,0.8679294819193177,inf,red,False
54.4,4116.531696521,FOLLOW,2.744168981211688,2.653573369449486,0.485329799509273,0.08295786272600429,0.09168395503761566,0.010227273191661487,0.0031060740764294586,0.054581783484606274,0.8682886624567038,inf,red,False
54.5,4116.632160386,FOLLOW,2.752916422152667,2.6623182352388595,0.48554202791270645,0.09171275257828727,0.09184237082677069,0.010086225957724553,0.0028504694661959998,0.05511552170699935,0.8708101773673633,inf,red,False
54.6,4116.788473882,FOLLOW,2.762281743540877,2.671680576145392,0.48577827116616196,0.09187182891962983,0.09188002632319854,0.009678998253035908,0.002546281425672434,0.05411900327153308,0.8692597078011072,inf,red,False
54.7,4116.881918891,FOLLOW,2.771656425808073,2.6810520379568787,0.48602396427688527,0.09190918851638175,0.10266770469475325,0.010912863768145828,0.006286155230060826,0.029872305203986475,0.9194583934819943,inf,red,False
54.9,4117.132312847,FOLLOW,2.791721767657762,2.7011098234481166,0.4865745057549902,0.09733897212995521,0.09682402173656436,0.005238838785379092,0.008336589335664182,-0.019047448341729268,0.8452887343102382,inf,red,False
55.0,4117.232376175,FOLLOW,2.7983408042046265,2.707726182585013,0.48676275080020365,0.09733874000604638,0.09688098810764319,0.004978140870828356,0.008116841865143493,-0.0194209427094527,0.8465399033902287,inf,red,False
55.1,4117.381774069,FOLLOW,2.811516498630971,2.720896348576008,0.48714438590008957,0.09690417565003895,0.09640973480087511,0.0047766034535581155,0.00819746458674123,-0.02119967354772579,0.8459947671864879,inf,red,False
55.2,4117.481530407,FOLLOW,2.8213692733663467,2.7307448256023124,0.48743536467284243,0.09643258342380161,0.09645927850221511,0.004444783369948598,0.007995803390960166,-0.022194787802745274,0.8484292628926796,inf,red,False
55.4,4117.681607941,FOLLOW,2.837769413327634,2.7471375154747277,0.48792963048140825,0.09648145911829692,0.08114222778828951,-0.0034267429648246078,0.010157930282395831,-0.09593286581178564,0.8383561992791486,inf,red,False
55.5,4117.832243903,FOLLOW,2.8495573503149068,2.7589199195127283,0.48829075790656185,0.08115447023683496,0.08140888496067299,-0.003369583136352996,0.009900306799983286,-0.09366838788095797,0.8372706874525375,inf,red,False
55.6,4117.933125351,FOLLOW,2.855093639121711,2.7644536456657596,0.4884591874944734,0.08142105208899536,0.08144292167150559,-0.003471845290086402,0.009924040113199497,-0.09465391792019975,0.8392929227432955,inf,red,False
55.7,4118.031917094,FOLLOW,2.8633996870429805,2.772755916967321,0.48870963261786465,0.08145477662514523,0.08144292167150559,-0.003471845290086402,0.009924040113199497,-0.09465391792019975,0.8392929227432955,inf,red,False
55.9,4118.282261646,FOLLOW,2.8827586352360424,2.792106381483766,0.48928267729530794,0.08166849471650856,0.07505697400685964,-0.008680319678858057,0.008722708063361964,-0.13543371596560988,0.8372507187838969,inf,green,True
56.0,4118.382042062,FOLLOW,2.8880957276966606,2.797441216137651,0.48943790258319203,0.07506182657123622,0.07505697400685964,-0.008680319678858057,0.008722708063361964,-0.13543371596560988,0.8372507187838969,inf,green,True
56.1,4118.488668058,FOLLOW,2.893199903908915,2.8025433111710454,0.4895836439216673,0.07506129923602928,0.07539042992586702,-0.008585588276911367,0.008715410969932814,-0.13421171396853857,0.8390510580733838,inf,green,True
56.2,4118.632701752,FOLLOW,2.9034376860892994,2.8127771658150356,0.48986717968828297,0.07526827007119685,0.07526373009455647,-0.008459640502358338,0.009014476550513038,-0.13518549784358883,0.8391678512545981,inf,green,True
56.4,4118.881907599,FOLLOW,2.918873264528759,2.8282074039023857,0.4902731138345722,0.07607122988253257,0.07864902854219695,-0.011579358668313534,0.0029462273503297054,-0.11857106696646112,0.8496898051458902,inf,green,True
56.5,4118.981601532,FOLLOW,2.9268045474092816,2.8361362050767163,0.49047149432161896,0.07864935216859983,0.08648710166727541,0.003605388522345287,-0.0019891139980901633,0.041378334831419554,0.7952819357978691,inf,green,True
56.6,4119.083331646,FOLLOW,2.9353505737265038,2.8446797270766155,0.4906783695665721,0.0865067815075248,0.08450938648957491,0.00445179857691042,-0.0019405445484810407,0.04846174131218068,0.7895672212987259,inf,green,False
56.7,4119.181582438,FOLLOW,2.941168395782122,2.8504958145046877,0.49082042715183205,0.08453035973333949,0.08450938648957491,0.00445179857691042,-0.0019405445484810407,0.04846174131218068,0.7895672212987259,inf,green,False
56.9,4119.431927854,FOLLOW,2.957736987918055,2.867059282185498,0.49123246956043715,0.0773448385036801,0.07732930344222695,9.757494192920957e-05,-0.020426698719631077,0.13618157334620745,0.8638030746962405,inf,green,False
57.0,4119.531580872,FOLLOW,2.9656261698381483,2.8749460099909747,0.4914292330879045,0.07734499623075532,0.07738701176696981,0.00010681506270581065,-0.020452521650367643,0.13642903195412248,0.8648466626662064,inf,green,False
57.1,4119.631815723,FOLLOW,2.973521179331819,2.8828385698380226,0.491625890051758,0.07740286174280786,0.07757131479885011,0.00014501720903136662,-0.02040662478894894,0.13645281361315692,0.8669447933232305,inf,green,False
57.2,4119.782627492,FOLLOW,2.9814285736740795,2.890743516611677,0.49182261774726943,0.07758734050615958,0.08029538633236807,0.0036934832689227383,-0.01603744857047943,0.13710320698137163,0.8984772813525644,inf,green,False
57.4,4119.983043421,FOLLOW,2.9976568774179095,2.9069667050453525,0.4922300363075213,0.07848686169532904,0.07858764802207349,0.004548560827349746,-0.014989812541629628,0.1381218184123628,0.8810360012164358,inf,green,False
57.5,4120.132443729,FOLLOW,3.00833930544302,2.917645583427953,0.49250539398042914,0.07860993188862452,0.07862920245043935,0.0044391851053239085,-0.014960421250489575,0.1369875421703773,0.879643795139134,inf,green,False
57.6,4120.232083275,FOLLOW,3.0136861369468395,2.922990576720332,0.49264558557268906,0.07865135694956679,0.07862920245043935,0.0044391851053239085,-0.014960421250489575,0.1369875421703773,0.879643795139134,inf,green,False
57.7,4120.332622868,FOLLOW,3.021708574190029,2.931010179420837,0.4928588247747086,0.07865133289502503,0.07913926180453303,0.004043120994115377,-0.01517319640578145,0.13482121029616878,0.8817782454217856,inf,green,False
57.9,4120.583910197,FOLLOW,3.0378315818642205,2.947127221158042,0.49329737810015695,0.07908310734747623,0.08388175889986935,0.007147785122236831,-0.005917278307306966,0.096685796839515,0.8679766304058685,inf,green,False
58.0,4120.731494222,FOLLOW,3.0492451337330615,2.9585362784216023,0.4936176430861538,0.08416616553060112,0.08414083791710758,0.006996886067798235,-0.005747528175824093,0.0941878676831012,0.8662787765692672,inf,green,False
58.1,4120.832028531,FOLLOW,3.054968429817249,2.9642572076844074,0.4937822213440457,0.08416608159144907,0.08391585053482198,0.0068971225839044685,-0.006220732931603707,0.09666718974913813,0.8682968679278905,inf,green,False
58.2,4120.941151276,FOLLOW,3.060676706448833,2.9699630480439603,0.49394897707677987,0.08394088584093395,0.09334812454133329,0.008856734246016816,0.0024708906558875247,0.04756372567867112,0.8704007167674108,inf,green,False
58.4,4121.182518712,FOLLOW,3.08254763992804,2.9918238591851027,0.49461419241107185,0.09309144687380579,0.09320339127614992,0.008130231773753415,0.0013812451924359575,0.049654522931558705,0.8731109674975124,inf,green,False
58.5,4121.281760692,FOLLOW,3.092056917865627,3.0013283234784858,0.4949167168573484,0.09322990181270295,0.10406291435709016,0.009195559031766332,0.005198671317172002,0.025007206080247906,0.9214060101557293,inf,green,False
58.6,4121.381972977,FOLLOW,3.102459031600866,3.0117249254209684,0.49525529207348185,0.10409087702212304,0.09566627201975882,0.0038295136947014956,0.007763579242971083,-0.024729760818721927,0.8465065173618949,inf,green,False
58.7,4121.482636063,FOLLOW,3.10926208586514,3.018524223062241,0.49548134158722057,0.09568798444520504,0.09610412403772663,0.0037991155573536984,0.007468005195544507,-0.02309689238037438,0.847111588027087,inf,green,False
58.9,4121.732303775,FOLLOW,3.132047149294642,3.0412962878199843,0.49625086018431597,0.09518901136012092,0.09494482198514613,0.0028402752598964544,0.007296157287369702,-0.028439832119008246,0.8474613248309402,inf,green,False
59.0,4121.831725072,FOLLOW,3.138512675688217,3.047758026320929,0.496472145055039,0.09496498320712543,0.09494482198514613,0.0028402752598964544,0.007296157287369702,-0.028439832119008246,0.8474613248309402,inf,green,False
59.1,4121.982610451,FOLLOW,3.151423485271235,3.0606611402208785,0.4969178509428382,0.09489841456534608,0.09487799979259785,0.0026511475828867354,0.007182425876188338,-0.029012627340079884,0.8479970826623742,inf,green,False
59.2,4122.081981819,FOLLOW,3.1578765820643904,3.0671103254857823,0.49714250076998534,0.09489854941537991,0.09503320120079184,0.0026674815390770623,0.007087646882144711,-0.028296132325123385,0.8479656774328005,inf,green,False
59.4,4122.281519164,FOLLOW,3.173169188560351,3.08239352597441,0.4976787795624865,0.08049243578170272,0.0803011553910296,-0.004945021773852449,0.009041059055929255,-0.10149886422752442,0.8389778796824854,2.4920681501865563,green,False
59.5,4122.432009183,FOLLOW,3.1840979677730474,3.093315746685946,0.4980573373323878,0.08031183437449252,0.08021469779262906,-0.004969903764977515,0.009182745496001957,-0.10268531723157466,0.8400573084692216,2.47104934932058,green,False
59.6,4122.531649252,FOLLOW,3.192284012102715,3.101497037051462,0.4983362791776234,0.0802254538911081,0.08027411366544539,-0.004789598274504567,0.009325288482464087,-0.102093890925816,0.8396904598105144,2.4724950227107567,green,False
59.7,4122.681847034,FOLLOW,3.2004709895211367,3.109679393469588,0.49861130933653414,0.08028519382749487,0.0806290710296787,-0.004606740171691289,0.009320542087711256,-0.10037101168745055,0.840509371719576,2.466750297832604,green,False
59.9,4122.931766663,FOLLOW,3.216313768396488,3.1255136529037135,0.49913075828293224,0.07460940785069788,0.0748285610051504,-0.009988103908634992,0.007747451836507123,-0.14089029169644787,0.8432092122771093,2.436845559244,green,False
60.0,4123.0822721,FOLLOW,3.22394639876514,3.1331425151536068,0.499370555810609,0.07483252409558405,0.07506065053707835,-0.00951088466498674,0.00805278355930078,-0.13839329463193345,0.8419198112473711,2.4250064223389662,green,False
60.1,4123.183050986,FOLLOW,3.2290426122630875,3.1382363431442943,0.49952646520144867,0.07506517165805592,0.0753738459627808,-0.00934398918149036,0.008133937217907623,-0.13710465675704953,0.8434092430062105,2.4250064223389662,green,False
60.2,4123.331646896,FOLLOW,3.2392830271769464,3.1484722552725963,0.4998300897694285,0.07537844583498397,0.07783161517765597,-0.012717926322385997,0.0020449527941027792,-0.12344865047645633,0.8487677901905603,2.454575447221483,green,False
60.4,4123.582413949,FOLLOW,3.2562538082229584,3.1654362615587,0.5003095436166707,0.08617742111053889,0.08588812418964413,0.0026707296898074826,-0.0031867260481247463,0.04221020864553447,0.7912626107932523,2.402203212738037,green,False
60.5,4123.681830438,FOLLOW,3.262113871130399,3.171293964058271,0.5004758524943905,0.08617734893531767,0.08588812418964413,0.0026707296898074826,-0.0031867260481247463,0.04221020864553447,0.7912626107932523,2.402203212738037,green,False
60.6,4123.782601425,FOLLOW,3.2708767772238216,3.18005328824842,0.5007263771186463,0.08590732489067378,0.07837354434831617,-0.0013556733327195758,-0.021433431985186553,0.13046814845987226,0.8661389366393535,2.3843307847130006,green,False
60.7,4123.933032429,FOLLOW,3.279393016594874,3.1885659916117777,0.5009717631960356,0.07838854479591995,0.09829257930960071,-0.017689111959190804,-0.014750984710880655,-0.02333129905356518,0.866881776801226,2.3670395006175555,green,False
60.9,4124.182425227,FOLLOW,3.29792491477748,3.2070904788974124,0.5014956916748293,0.07893017880296822,0.07893489349041206,-0.015369974330167057,-0.014051092350924346,-0.03799505824510565,0.7202727764980051,2.3487906050964975,green,False
61.0,4124.33185826,FOLLOW,3.305975806088676,3.2151386211228337,0.5017060395947934,0.07892999446233519,0.06528630533711928,0.006103601317423663,-0.019999666554885907,0.1939938844189131,0.8079097105532228,2.363766281232511,green,False
61.1,4124.432286396,FOLLOW,3.313598627407431,3.222759110644461,0.5018945585364711,0.06483836703018679,0.0652534467073151,0.006640033280277249,-0.019655597799210472,0.19716452342255644,0.8118134042636044,2.3432293207730255,green,False
61.2,4124.533025919,FOLLOW,3.320258469847534,3.2294169054965476,0.5020596881841878,0.06527703046745134,0.0652534467073151,0.006640033280277249,-0.019655597799210472,0.19716452342255644,0.8118134042636044,2.3499808685403925,green,False
61.4,4124.782681267,FOLLOW,3.333575014121751,3.2427290286241566,0.5024027692864084,0.06527731139225315,0.0652534467073151,0.006640033280277249,-0.019655597799210472,0.19716452342255644,0.8118134042636044,2.3308067387619618,green,False
61.4,4124.832914482,LIGHT_WAIT,3.3357944435826186,3.2449476770833163,0.5024616432741688,0.06527736194975624,0.0,0.0,-0.01576993187579826,0.13597748522599287,0.8812761189805277,2.333911366214146,yellow,False
61.5,4124.93175514,LIGHT_WAIT,3.340233307863756,3.249384940566118,0.5025808433418093,0.06527747000618217,0.0,0.0,-0.01576993187579826,0.13597748522599287,0.8812761189805277,2.323725124295947,yellow,False
61.6,4125.031902041,LIGHT_WAIT,3.3413631898797003,3.2505144087467,0.502611421095059,1.352387025022613e-06,0.0,0.0,-0.021164814574007713,0.13204728510340105,0.8671051649557835,2.323725124295947,yellow,False
61.7,4125.18163827,LIGHT_WAIT,3.3413633264763303,3.250514545293308,0.5026114247914235,1.3360447198146967e-06,0.0,0.0,-0.01939810811113942,0.13321089834040453,0.8399670021808614,2.334503100083545,yellow,False
61.9,4125.431724213,LIGHT_WAIT,3.341363599030774,3.250514817747916,0.5026114321678514,1.3360793820814223e-06,0.0,0.0,-0.01939810811113942,0.13321089834040453,0.8399670021808614,inf,yellow,False
62.0,4125.532000006,LIGHT_WAIT,3.3413636898848544,3.2505149085687086,0.5026114346270226,1.3360991379904063e-06,0.0,0.0,-0.019507349267602718,0.1337233835103876,0.8399319029718595,inf,yellow,False
62.1,4125.631608579,LIGHT_WAIT,3.341363826168489,3.2505150448024036,0.5026114383161211,1.3361286664277809e-06,0.0,0.0,-0.019507349267602718,0.1337233835103876,0.8399319029718595,inf,yellow,False
62.2,4125.731796524,LIGHT_WAIT,3.34136396245513,3.250515181039095,0.502611442005629,1.3361581358642689e-06,0.0,0.0,-0.01939810811113942,0.13321089834040453,0.8399670021808614,inf,yellow,False
62.4,4126.033657844,LIGHT_WAIT,3.341364280466534,3.2505154989339116,0.5026114506160066,1.3362000949933233e-06,0.0,0.0,-0.019507349267602718,0.1337233835103876,0.8399319029718595,inf,yellow,False
62.5,4126.133200512,LIGHT_WAIT,3.3413643713284715,3.250515589762529,0.5026114530764844,1.3362097077984801e-06,0.0,0.0,-0.019507349267602718,0.1337233835103876,0.8399319029718595,inf,yellow,False
62.6,4126.231762557,LIGHT_WAIT,3.3413645076226057,3.2505157260066753,0.5026114567675075,1.3362241514245501e-06,0.0,0.0,-0.01939810811113942,0.13321089834040453,0.8399670021808614,inf,yellow,False
62.7,4126.331695214,LIGHT_WAIT,3.341364643918204,3.2505158622522763,0.5026114604588984,1.3362384693479466e-06,0.0,0.0,-0.01939810811113942,0.13321089834040453,0.8399670021808614,inf,yellow,False
62.9,4126.581895235,LIGHT_WAIT,3.3413649165137707,3.2505161347478193,0.5026114678427827,1.336266954152923e-06,0.0,0.0,-0.01939810811113942,0.13321089834040453,0.8399670021808614,inf,yellow,False
63.0,4126.682021627,LIGHT_WAIT,3.3413650528137278,3.2505162709977506,0.5026114715352761,1.336281127196955e-06,0.0,0.0,-0.019507349267602718,0.1337233835103876,0.8399319029718595,inf,yellow,False
63.1,4126.782521646,LIGHT_WAIT,3.3413651436811653,3.2505163618318327,0.5026114739971423,1.3362904857927357e-06,0.0,0.0,-0.01939810811113942,0.13321089834040453,0.8399670021808614,inf,yellow,False
63.2,4126.931979869,LIGHT_WAIT,3.3413653708525515,3.2505165889198113,0.5026114801525214,1.3363138788986956e-06,0.0,0.0,-0.01939810811113942,0.13321089834040453,0.8399670021808614,inf,yellow,False
63.4,4127.131832744,LIGHT_WAIT,3.341365598027901,3.250516816011727,0.5026114863089192,1.3363371057625321e-06,0.0,0.0,-0.01939810811113942,0.13321089834040453,0.8399670021808614,inf,yellow,False
63.5,4127.281687131,LIGHT_WAIT,3.3413657343350005,3.2505169522687534,0.5026114900032467,1.3363509652152268e-06,0.0,0.0,-0.01939810811113942,0.13321089834040453,0.8399670021808614,inf,yellow,False
63.6,4127.382024326,LIGHT_WAIT,3.34136587064351,3.2505170885271806,0.5026114936979404,1.3363647611725357e-06,0.0,0.0,-0.01939810811113942,0.13321089834040453,0.8399670021808614,inf,yellow,False
63.7,4127.483064013,LIGHT_WAIT,3.3413659615166296,3.250517179366907,0.5026114961612731,1.3363739273982444e-06,0.0,0.0,-0.01939810811113942,0.13321089834040453,0.8399670021808614,inf,yellow,False
63.9,4127.781766892,LIGHT_WAIT,3.341366234139717,3.250517451889789,0.502611503552247,1.3364012682347456e-06,0.0,0.0,-0.01939810811113942,0.13321089834040453,0.8399670021808614,inf,yellow,False
64.0,4127.931856335,LIGHT_WAIT,3.3413664158915273,3.250517633574775,0.5026115084803762,1.336419368093862e-06,0.0,0.0,-0.01939810811113942,0.13321089834040453,0.8399670021808614,inf,yellow,False
64.2,4128.134067631,LIGHT_WAIT,3.341366643084739,3.250517860684433,0.5026115146414512,1.336441809615021e-06,0.0,0.0,-0.01939810811113942,0.13321089834040453,0.8399670021808614,inf,yellow,False
64.4,4128.382335487,LIGHT_WAIT,3.3413669157216144,3.250518133221009,0.5026115220360805,1.3364685868994213e-06,0.0,0.0,-0.01939810811113942,0.13321089834040453,0.8399670021808614,inf,yellow,False
64.6,4128.632436059,LIGHT_WAIT,3.341367188363924,3.2505184057629815,0.5026115294321695,1.3364950738491838e-06,0.0,0.0,-0.01939810811113942,0.13321089834040453,0.8399670021808614,inf,yellow,False
64.7,4128.80701262,LIGHT_WAIT,3.341367324687101,3.250518542035976,0.502611533130761,1.3365082810513985e-06,0.0,0.0,-0.01939810811113942,0.13321089834040453,0.8399670021808614,inf,yellow,False
64.9,4129.031906406,LIGHT_WAIT,3.3413675518953743,3.250518769160591,0.5026115392958908,1.3365301015103014e-06,0.0,0.0,-0.01939810811113942,0.13321089834040453,0.8399670021808614,inf,yellow,False
65.1,4129.281500747,LIGHT_WAIT,3.3413678699931673,3.2505190871412175,0.502611547928772,1.3365604346333866e-06,0.0,0.0,-0.01939810811113942,0.13321089834040453,0.8399670021808614,inf,yellow,False
65.3,4129.531922364,LIGHT_WAIT,3.3413681426541344,3.250519359701716,0.5026115553299616,1.3365861186293142e-06,0.0,0.0,-0.01939810811113942,0.13321089834040453,0.8399670021808614,inf,yellow,False
65.4,4129.63179413,LIGHT_WAIT,3.3413682335422865,3.2505194505563706,0.5026115577973481,1.3365947020719687e-06,0.0,0.0,-0.01939810811113942,0.13321089834040453,0.8399670021808614,inf,yellow,False
65.6,4129.832461618,LIGHT_WAIT,3.3413685062102134,3.250519723123779,0.5026115652004769,1.3366201581099412e-06,0.0,0.0,-0.019507349267602718,0.1337233835103876,0.8399319029718595,inf,yellow,False
65.7,4129.931908216,LIGHT_WAIT,3.3413686425461195,3.2505198594094113,0.5026115689025863,1.3366327891531e-06,0.0,0.0,-0.019507349267602718,0.1337233835103876,0.8399319029718595,inf,yellow,False
65.9,4130.181892222,LIGHT_WAIT,3.3413689152217843,3.250520131984501,0.5026115763078941,1.336657931530118e-06,0.0,0.0,-0.019507349267602718,0.1337233835103876,0.8399319029718595,inf,yellow,False
66.1,4130.432859519,LIGHT_WAIT,3.34136923334984,3.250520449995172,0.5026115849492542,1.3366869379003151e-06,0.0,0.0,-0.01939810811113942,0.13321089834040453,0.8399670021808614,inf,yellow,False
66.2,4130.53341344,LIGHT_WAIT,3.3413693696925435,3.250520586287552,0.5026115886532984,1.3366993183529011e-06,0.0,0.0,-0.01939810811113942,0.13321089834040453,0.8399670021808614,inf,yellow,False
66.4,4130.731965105,LIGHT_WAIT,3.3413695969331774,3.2505208134442927,0.5026115948275105,1.3367197773865248e-06,0.0,0.0,-0.019507349267602718,0.1337233835103876,0.8399319029718595,inf,yellow,False
66.6,4130.931760085,LIGHT_WAIT,3.341369824177279,3.250521040604475,0.5026116010027284,1.3367401146265548e-06,0.0,0.0,-0.01939810811113942,0.13321089834040453,0.8399670021808614,inf,yellow,False
66.7,4131.083244305,LIGHT_WAIT,3.3413700059750426,3.250521222335084,0.5026116059436266,1.3367562705299729e-06,0.0,0.0,-0.019507349267602718,0.1337233835103876,0.8399319029718595,inf,yellow,False
66.9,4131.381663058,LIGHT_WAIT,3.341370278675791,3.25052149493507,0.5026116133561793,1.3367803167691654e-06,0.0,0.0,-0.01939810811113942,0.13321089834040453,0.8399670021808614,inf,yellow,False
67.1,4131.582927526,LIGHT_WAIT,3.3413705513814302,3.2505217675399094,0.5026116207701778,1.336804216952e-06,0.0,0.0,-0.01939810811113942,0.13321089834040453,0.8399670021808614,inf,yellow,False
67.2,4131.681928298,LIGHT_WAIT,3.341370642284389,3.25052185840926,0.5026116232418315,1.3368121057835136e-06,0.0,0.0,-0.01939810811113942,0.13321089834040453,0.8399670021808614,inf,yellow,False
67.4,4131.933056121,LIGHT_WAIT,3.3413709149964843,3.250522131020505,0.5026116306577557,1.3368357067375078e-06,0.0,0.0,-0.01939810811113942,0.13321089834040453,0.8399670021808614,inf,yellow,False
67.6,4132.181499713,LIGHT_WAIT,3.3413712331666474,3.250522449072962,0.5026116393114912,1.336862994378764e-06,0.0,0.0,-0.01939810811113942,0.13321089834040453,0.8399670021808614,inf,yellow,False
67.7,4132.283333308,LIGHT_WAIT,3.3413713240735974,3.2505225399462723,0.5026116417843476,1.3368706778290459e-06,0.0,0.0,-0.01939810811113942,0.13321089834040453,0.8399670021808614,inf,yellow,False
67.9,4132.531686487,LIGHT_WAIT,3.3413716422520556,3.2505228580069594,0.5026116504406061,1.3368975707089938e-06,0.0,0.0,-0.019507349267602718,0.1337233835103876,0.8399319029718595,inf,yellow,False
68.1,4132.731907889,LIGHT_WAIT,3.3413718695262924,3.2505230851970426,0.5026116566248481,1.336916683805199e-06,0.0,0.0,-0.019507349267602718,0.1337233835103876,0.8399319029718595,inf,yellow,False
68.2,4132.881658583,LIGHT_WAIT,3.341372005892385,3.2505232215126307,0.5026116603358732,1.3369280369086626e-06,0.0,0.0,-0.019507349267602718,0.1337233835103876,0.8399319029718595,inf,yellow,False
68.4,4133.082453502,LIGHT_WAIT,3.341372278628037,3.2505234941472447,0.5026116677590023,1.3369506505644287e-06,0.0,0.0,-0.019507349267602718,0.1337233835103876,0.8399319029718595,inf,yellow,False
68.6,4133.331720723,LIGHT_WAIT,3.341372551368284,3.250523766786417,0.5026116751835693,1.3369730792730236e-06,0.0,0.0,-0.01961659042406602,0.13423579802591198,0.8398646205060164,inf,yellow,False
68.7,4133.438144159,LIGHT_WAIT,3.3413726422827117,3.2505238576671442,0.5026116776587444,1.3369806376384179e-06,0.0,0.0,-0.01939810811113942,0.13321089834040453,0.8399670021808614,inf,yellow,False
68.9,4133.68305545,LIGHT_WAIT,3.341372960487178,3.250524175753628,0.5026116863231137,1.3370064062112765e-06,0.0,0.0,-0.019507349267602718,0.1337233835103876,0.8399319029718595,inf,yellow,False
69.1,4133.881563651,LIGHT_WAIT,3.3413731877798334,3.250524402961979,0.502611692513145,1.3370247142106863e-06,0.0,0.0,-0.01939810811113942,0.13321089834040453,0.8399670021808614,inf,yellow,False
69.2,4134.031945042,LIGHT_WAIT,3.341373369616192,3.2505245847308752,0.5026116974658873,1.3370393283941537e-06,0.0,0.0,-0.019507349267602718,0.1337233835103876,0.8399319029718595,inf,yellow,False
69.4,4134.231670301,LIGHT_WAIT,3.341373596914412,3.2505248119447443,0.5026117036577114,1.337057294170105e-06,0.0,0.0,-0.01961659042406602,0.13423579802591198,0.8398646205060164,inf,yellow,False
69.6,4134.483512692,LIGHT_WAIT,3.341373869676316,3.250525084605393,0.5026117110892135,1.3370788460006308e-06,0.0,0.0,-0.01961659042406602,0.13423579802591198,0.8398646205060164,inf,yellow,False
69.7,4134.581904557,LIGHT_WAIT,3.3413740060589103,3.250525220937345,0.5026117148055017,1.3370895357174635e-06,0.0,0.0,-0.01961659042406602,0.13423579802591198,0.8398646205060164,inf,yellow,False
69.9,4134.831582191,LIGHT_WAIT,3.3413742788273577,3.25052549360448,0.5026117222391515,1.337110786731543e-06,0.0,0.0,-0.019507349267602718,0.1337233835103876,0.8399319029718595,inf,yellow,False
70.1,4135.033280045,LIGHT_WAIT,3.3413745516001203,3.250525766275893,0.502611729674232,1.337131900047553e-06,0.0,0.0,-0.019507349267602718,0.1337233835103876,0.8399319029718595,inf,yellow,False
70.2,4135.131763718,LIGHT_WAIT,3.341374687988109,3.250525902613193,0.5026117333923082,1.3371423085564427e-06,0.0,0.0,-0.019507349267602718,0.1337233835103876,0.8399319029718595,inf,yellow,False
70.4,4135.382819189,LIGHT_WAIT,3.341374960767275,3.2505261752909536,0.5026117408295325,1.3371631023325446e-06,0.0,0.0,-0.01939810811113942,0.13321089834040453,0.8399670021808614,inf,yellow,False
70.6,4135.58222263,LIGHT_WAIT,3.3413751880864764,3.2505264025256215,0.5026117470283105,1.3371803114184412e-06,0.0,0.0,-0.019507349267602718,0.1337233835103876,0.8399319029718595,inf,yellow,False
70.7,4135.681929179,LIGHT_WAIT,3.341375324479395,3.250526538867808,0.502611750748053,1.337190590575787e-06,0.0,0.0,-0.019507349267602718,0.1337233835103876,0.8399319029718595,inf,yellow,False
70.9,4135.931772703,LIGHT_WAIT,3.3413755972683647,3.250526811555285,0.5026117581886081,1.3372109578311237e-06,0.0,0.0,-0.01961659042406602,0.13423579802591198,0.8398646205060164,inf,yellow,False
71.1,4136.192772549,LIGHT_WAIT,3.3413759155273937,3.250527129695859,0.502611766871058,1.3372345126997125e-06,0.0,0.0,-0.019507349267602718,0.1337233835103876,0.8399319029718595,inf,yellow,False
71.2,4136.282613576,LIGHT_WAIT,3.3413760064595732,3.2505272205941846,0.5026117693521143,1.337241240365904e-06,0.0,0.0,-0.019507349267602718,0.1337233835103876,0.8399319029718595,inf,yellow,False
71.4,4136.482899232,LIGHT_WAIT,3.3413762792588324,3.250527493291858,0.5026117767962325,1.3372612188045697e-06,0.0,0.0,-0.01939810811113942,0.13321089834040453,0.8399670021808614,inf,yellow,False
71.6,4136.73173161,LIGHT_WAIT,3.341376552062146,3.2505277659935485,0.5026117842417744,1.3372809824518835e-06,0.0,0.0,-0.019507349267602718,0.1337233835103876,0.8399319029718595,inf,yellow,False
71.7,4136.831910538,LIGHT_WAIT,3.3413766884653135,3.2505279023458904,0.5026117879650792,1.337290811663624e-06,0.0,0.0,-0.01961659042406602,0.13423579802591198,0.8398646205060164,inf,yellow,False
71.9,4137.031722605,LIGHT_WAIT,3.3413769158061477,3.2505281296019946,0.5026117941713771,1.33730714496153e-06,0.0,0.0,-0.019507349267602718,0.1337233835103876,0.8399319029718595,inf,yellow,False
72.1,4137.281760321,LIGHT_WAIT,3.34137723408795,3.2505284477651313,0.5026118028618526,1.3373297876824304e-06,0.0,0.0,-0.019507349267602718,0.1337233835103876,0.8399319029718595,inf,yellow,False
72.2,4137.382263917,LIGHT_WAIT,3.3413773250265946,3.250528538669862,0.5026118053452004,1.337336163346078e-06,0.0,0.0,-0.019507349267602718,0.1337233835103876,0.8399319029718595,inf,yellow,False
72.4,4137.633698225,LIGHT_WAIT,3.3413776433152766,3.250528856839813,0.5026118140381612,1.3373584828540555e-06,0.0,0.0,-0.019507349267602718,0.1337233835103876,0.8399319029718595,inf,yellow,False
72.6,4137.832104343,LIGHT_WAIT,3.3413778706675807,3.2505290841072774,0.5026118202486017,1.337374334478754e-06,0.0,0.0,-0.01939810811113942,0.13321089834040453,0.8399670021808614,inf,yellow,False
72.6,4137.931714706,FOLLOW,3.3413779616092536,3.250529175015007,0.5026118227330538,1.3373806270268385e-06,0.07553862653998668,0.0005010392379413736,-0.019507349267602718,0.1337233835103876,0.8399319029718595,inf,green,False
72.7,4137.981932908,FOLLOW,3.3413780070802503,3.250529220469031,0.5026118239753389,1.3373837622789081e-06,0.07553862653998668,0.0005010392379413736,-0.019507349267602718,0.1337233835103876,0.8399319029718595,inf,green,False
72.9,4138.182173705,FOLLOW,3.3526773499112,3.2618243305420624,0.5029210757003785,0.0824728189633373,0.08292637196767952,0.00579276126825681,-0.006868386548049828,0.09268620097960562,0.8511808159537019,inf,green,False
73.1,4138.431472262,FOLLOW,3.3724186102364158,3.2815577194868366,0.5034784467845353,0.08343320036179738,0.0830721045459074,0.005473757358090954,-0.0073204953400091595,0.093020710716145,0.853255583831441,inf,green,False
73.2,4138.531705996,FOLLOW,3.3809062724557304,3.2900417704797804,0.503726009157183,0.08309551606269053,0.0930522019887554,0.008455747813350347,0.0017343286017104456,0.049760294841194944,0.8718997042101053,inf,green,False
73.4,4138.731651892,FOLLOW,3.3926923080502713,3.301822564874527,0.5040774500030883,0.09307991136215522,0.09145119176092863,0.007274824295843918,-6.0035517458839616e-05,0.05406010327506889,0.8650903661582372,inf,green,False
73.6,4138.981991002,FOLLOW,3.411400889906575,3.320522127513661,0.504658253320704,0.09133630767132987,0.10358421306853391,0.008588409747468786,0.004784315825223917,0.024085224742841704,0.9151777974787416,inf,green,False
73.7,4139.131670746,FOLLOW,3.425115725814627,3.334229789124908,0.5051017808212301,0.10361268643217134,0.10308300122637432,0.007887842174819972,0.003393684748590798,0.02903314168274713,0.9213754972966218,inf,green,False
73.9,4139.331573596,FOLLOW,3.4458846730009944,3.354986942881552,0.5058015356950257,0.09445838588074933,0.09443714965109777,0.002618983097505052,0.006155285416523897,-0.02231133217650619,0.8308724682522329,inf,green,False
74.1,4139.531919823,FOLLOW,3.461944561394954,3.37103723428323,0.5063566544383248,0.09448816140077064,0.09161309420450629,0.002045040052116821,0.0077409065616500326,-0.03652167972883016,0.833147953485555,inf,green,False
74.2,4139.681803502,FOLLOW,3.4746044725725724,3.3836894102392785,0.5067991398250176,0.09163276255145456,0.0855686827188186,0.0002262610756324964,0.015311867045371793,-0.09996000550535901,0.891269147566393,inf,green,False
74.4,4139.881853388,FOLLOW,3.4925128012239233,3.4015866370208343,0.5074296223596378,0.0927881047113303,0.0927702991966036,0.0009121566582182819,0.009551923387328652,-0.05698082353109858,0.8832134942935485,inf,green,False
74.6,4140.081491022,FOLLOW,3.508309919246148,3.417373871711419,0.5079883332374033,0.09313519406801699,0.07986118639532878,-0.005605637369362337,0.008792426684610131,-0.1056133422535008,0.8412266952014998,inf,green,False
74.7,4140.181958346,FOLLOW,3.5177734106813543,3.4268313799447636,0.5083247970726577,0.09202605654347971,0.08006613901126079,-0.005628698955216802,0.008627361799298412,-0.10459741000457125,0.8416909661280866,inf,green,False
74.9,4140.431295114,FOLLOW,3.5341214127510217,3.443169290742661,0.5088990932060247,0.08015999518548965,0.08023525938787554,-0.005549971050411423,0.008438563600770478,-0.10259747070105302,0.8401258006122742,inf,green,False
75.1,4140.631563951,FOLLOW,3.550110188207759,3.459148825390244,0.5094425771264903,0.07457670171482819,0.07457491112997386,-0.010727558039421731,0.007067838716315875,-0.14332959288287547,0.8441407521567774,inf,green,False
75.2,4140.731897926,FOLLOW,3.5551814038921496,3.46421731408011,0.5096088603241671,0.07457671669746437,0.07456066312110757,-0.010224584960207714,0.007434939063322578,-0.14127067232783358,0.8407812553493959,inf,green,False
75.4,4140.981675113,FOLLOW,3.570419653916911,3.479448046685011,0.5100873690002427,0.074966368248253,0.07513561207177073,-0.009753292554945588,0.007550154385248295,-0.13716371834847577,0.8408359325179373,inf,green,False
75.6,4141.231379781,FOLLOW,3.5860136532538083,3.4950353340785356,0.510544733233524,0.07777872312887753,0.07778871267679312,-0.012846734201247715,0.0018818534751012875,-0.12354325945032192,0.8484532538177677,inf,green,False
75.7,4141.331756273,FOLLOW,3.593947700704565,3.502966392967174,0.510762462460041,0.0777881228466787,0.07811748111001954,-0.012612361107209697,0.0020633882649466334,-0.12226845636068837,0.8499645057107321,inf,green,False
75.9,4141.581592261,FOLLOW,3.6153462684382633,3.524358163028956,0.5113014305430518,0.09856036314077483,0.09891886802755737,-0.01674434675800526,-0.013968106533503943,-0.021301931128325402,0.868223127604956,inf,green,False
76.1,4141.782267016,FOLLOW,3.63220505373366,3.541212832882033,0.5116736817207262,0.0995730435365808,0.10059609332016971,-0.015282846110448476,-0.013156132548003432,-0.014959366864608591,0.8696518998581396,inf,green,False
76.2,4141.882313297,FOLLOW,3.642429478588215,3.5514352299256173,0.5118772585884966,0.10059232970179377,0.1013323796086377,-0.014603157308035485,-0.01274722904129738,-0.012395563995839623,0.8706046633280138,inf,green,False
76.4,4142.131991747,FOLLOW,3.663110400788458,3.572112920385051,0.5122424501220142,0.10242316098248339,0.10227026123511203,-0.013359630230760202,-0.011696338081612212,-0.01027604213034546,0.874146625149547,inf,green,False
76.6,4142.383265282,FOLLOW,3.6840104191726097,3.5930106171112905,0.5125535589997873,0.10324104615292119,0.1041955980803485,-0.011619035966627013,-0.010678504175607569,-0.004127839720418748,0.8772571241789221,inf,green,False
76.7,4142.48249146,FOLLOW,3.6946046737141685,3.6036039792571235,0.512691022443936,0.1041956872435115,0.1041955980803485,-0.011619035966627013,-0.010678504175607569,-0.004127839720418748,0.8772571241789221,inf,green,False
76.9,4142.732009309,FOLLOW,3.715973434680973,3.6249713870322604,0.5129310928081203,0.10531661102382141,0.10609550737116102,-0.01014777764172939,-0.006158351335339766,-0.023532019728249046,0.9361425941875243,inf,green,False
77.1,4142.931646072,FOLLOW,3.7340580141314654,3.6430551954703514,0.5130978526916476,0.10683740949788299,0.10756144968632195,-0.008962442494037909,-0.005499889650692122,-0.0195949947218392,0.9402551231959507,inf,green,False
77.2,4143.186482908,FOLLOW,3.7449791062558107,3.6539759479363214,0.5131839358452943,0.1075617951696407,0.10779713925907848,-0.008511115780893185,-0.005164046001325636,-0.018882191123919246,0.940714622702772,inf,green,False
77.4,4143.432002184,FOLLOW,3.7669928128909675,3.6759891847368373,0.5133273404057327,0.10875365907257592,0.1096328564929903,-0.006921768266621557,-0.004380207683371962,-0.01342314023771218,0.9442658292617189,inf,green,False
77.6,4143.732101964,FOLLOW,3.78933119376778,3.6983272953825335,0.5134368301900715,0.11014256958713983,0.11065935759166193,-0.005669988342129652,-0.0036212989050195396,-0.010448022562685207,0.9462482187823897,inf,green,False
77.7,4143.881764633,FOLLOW,3.8043909097200372,3.7133869013672363,0.5134942888177484,0.110971029462239,0.11096480393570073,-0.005090392942944011,-0.0031756451417559247,-0.009796929152925887,0.9473549145188886,inf,green,False
77.9,4144.081658909,FOLLOW,3.8233351952501025,3.7323311007152364,0.5135512561558421,0.11215867479399959,0.11220568367361695,-0.0038658876754418354,-0.0025628295579508222,-0.006171956537664142,0.9494750431741509,inf,green,False
78.1,4144.333684068,FOLLOW,3.8424233685005054,3.7514192242387514,0.5135946761256313,0.11257788070486295,0.11391936099901113,-0.0023989953942984152,-0.002059399061986968,-0.0004856248742744874,0.9504805515618131,inf,green,False
78.2,4144.481777155,FOLLOW,3.8617436396095552,3.770739467049497,0.5136276531428389,0.11392926315864939,0.11336185548488975,-0.00214513340372195,-0.0015148246703576738,-0.002674341706260664,0.9509981360828799,inf,green,False
78.4,4144.681996706,FOLLOW,3.881077927427204,3.7900737381117953,0.5136530475875399,0.11397103275274398,0.11399956676788366,-0.0007454933570543319,-0.0008706174373849023,0.0013899836191800844,0.9532975882823842,inf,green,False
78.6,4144.932216995,FOLLOW,3.904345845073895,3.813341643310226,0.5136770710064905,0.11439213044757168,0.1143806562254317,-0.0005617224108780413,-0.0005445603798363343,0.0003154793275867058,0.9539239004726583,inf,green,False
78.7,4145.033883554,FOLLOW,3.9160138326079297,3.8250096261009188,0.513687589406265,0.11439194448690815,0.11355604013382843,0.00030005514594122273,-0.00029937723235670547,0.003779419141566115,0.9552414984427836,inf,green,False
78.9,4145.231579831,FOLLOW,3.9352753112892915,3.844271097133844,0.5137047465061427,0.11287581178731557,0.11354261972977404,0.001578012059582721,0.0006480394000583286,0.005060916422148659,0.9581599500148712,inf,green,False
79.1,4145.483132333,FOLLOW,3.9622946270955106,3.8712903957377205,0.5137351160915824,0.1139541257372558,0.11416734432210271,0.002355418199074431,0.0015879383766544183,0.0033401443648365743,0.9593390237630607,inf,green,False
79.2,4145.581631386,FOLLOW,3.9700509770601835,3.8790467384217675,0.5137457405443825,0.11418275410272721,0.11416734432210271,0.002355418199074431,0.0015879383766544183,0.0033401443648365743,0.9593390237630607,inf,green,False
79.4,4145.831703482,FOLLOW,3.997209058033267,3.906204779026045,0.5137923439508459,0.11371716315168513,0.11370012951791497,0.0031005371856727038,0.0019689390429688688,0.005281245667037665,0.9600110442400854,inf,green,False
79.6,4146.082188335,FOLLOW,4.020420364921551,3.929416022311942,0.5138465250762668,0.11381382811615093,0.11475891045365895,0.003628417424975256,0.002722879286204133,0.0031905154877973465,0.9639521721380986,inf,green,False
79.7,4146.181503742,FOLLOW,4.032126387176645,3.9411219978350682,0.5138795832490491,0.11477733461839838,0.11365602462654206,0.0042340850471241955,0.002737769392385694,0.006895976197161476,0.9634620643980305,inf,green,False
79.9,4146.381538009,FOLLOW,4.051522575411385,3.9605180783650615,0.5139441103030563,0.11416247409824072,0.11414279396219196,0.004483745555931116,0.0031282002714474,0.005662623586557353,0.9646555262958886,inf,green,False
80.1,4146.581991878,FOLLOW,4.070912014415331,3.979907358334045,0.5140225402044232,0.11388987489885792,0.11466466934434856,0.004727649824633204,0.0034369117774749273,0.004920010743119794,0.967292065474373,inf,green,False
80.2,4146.731944397,FOLLOW,4.086481105644439,3.995476276697833,0.5140958590121162,0.11468630772900583,0.11505502482175319,0.004990910165802488,0.0038888132526998945,0.003357818194674715,0.9668404955090939,inf,green,False
80.4,4146.932018225,FOLLOW,4.106016886729815,4.015011771646328,0.5142015014366419,0.11507467506219511,0.11539638267738232,0.004901385526500569,0.003939421706432741,0.002409984366804596,0.9674303447748172,inf,green,False
80.6,4147.13152611,FOLLOW,4.129555116747289,4.038549534246439,0.5143496930033729,0.11535469218016714,0.07794230033660718,0.016297696973498515,0.00043232115096478174,0.13769691647740892,0.8731111365447873,inf,green,False
80.7,4147.282870799,FOLLOW,4.141055265523709,4.050049403582501,0.5144298184109625,0.07797679360527142,0.075153837913615,0.016205501195319737,-0.0004387325071019549,0.14773579106116738,0.8575926429353473,inf,green,False
80.9,4147.481939179,FOLLOW,4.153902372071923,4.062895984591514,0.5145456020825315,0.07706766977651641,0.07703226646781165,0.016501060491113148,0.0003912551867428296,0.14137124890647568,0.8688136313286589,inf,green,False
81.1,4147.732337729,FOLLOW,4.169643336783044,4.078635806052935,0.5147347407945244,0.07765200004198408,0.07785169820073023,0.014995927489725917,-0.0006467067455565093,0.13377246891025182,0.8657311074470748,inf,green,False
81.2,4147.832422616,FOLLOW,4.177571495554783,4.086563142842565,0.5148488552683039,0.07788593164045617,0.07792374988256177,0.015029180631536092,-0.0005829726661310888,0.1335209026867462,0.866123945376679,inf,green,False
81.4,4148.081538778,FOLLOW,4.196157433750368,4.10514641966276,0.5151628346983113,0.07832452609241457,0.07799075722256991,0.018077697211659857,0.0024324301551272576,0.13975481374210638,0.8769976382973763,inf,green,False
81.6,4148.282439628,FOLLOW,4.209432918468144,4.118419242467871,0.5154284394212496,0.07803052519652234,0.0785594543959381,0.017435201809858258,0.0018434140038992922,0.13702891541472167,0.8789312206213111,inf,green,False
81.7,4148.431881774,FOLLOW,4.220129897573197,4.129113470833703,0.5156709132130975,0.0788524892188706,0.07881380402395027,0.016950076917719593,0.0015281201903778047,0.13450574640745314,0.877633982229839,inf,green,False
81.9,4148.631970721,FOLLOW,4.2335926430420106,4.142571932729531,0.5160103378889399,0.07942665683952385,0.08142796345823294,0.019430849320679806,0.009164819961693542,0.10010520760080151,0.8483864285372931,inf,green,False
82.1,4148.883594083,FOLLOW,4.250100935982014,4.159073579446804,0.5164784044888472,0.082386658840152,0.07398832655958326,0.02021467217750976,0.002193510722996797,0.16887462468042722,0.8768766979649127,inf,green,False
82.2,4148.982001493,FOLLOW,4.255429595894207,4.164399703500168,0.5166427701209919,0.0740323076781519,0.07398832655958326,0.02021467217750976,0.002193510722996797,0.16887462468042722,0.8768766979649127,inf,green,False
82.4,4149.231825392,FOLLOW,4.2731846279137224,4.182144526845462,0.5172443116674823,0.07986036467921633,0.07982405007537934,0.01397871540446935,0.006810240163546359,0.07285867905982357,0.7863644765801893,1.3989826095171622,green,False
82.6,4149.481659804,FOLLOW,4.290568639903531,4.199516292922351,0.5178965304144311,0.08796920860642812,0.09092610069434043,0.01776724801640812,0.011089359789947083,0.0581583574304334,0.8678865196181916,1.3614066751602416,green,False
82.7,4149.582407592,FOLLOW,4.299843366570003,4.208783620222403,0.5182669076259312,0.09096715972587696,0.09870855799030827,0.015212973956624996,0.015180787478915662,0.0029512155117671786,0.82864027965851,1.3614066751602416,green,False
82.9,4149.781387209,FOLLOW,4.3163558958648345,4.225281446862099,0.5189634687357937,0.09874611645531468,0.0975918458420765,0.014585461214897004,0.014289738859384497,0.00573058374539649,0.8249165954645095,1.3551621455399332,green,False
83.1,4150.032071304,FOLLOW,4.337583718233016,4.246487878830777,0.5199160640462249,0.0844837420357039,0.0837172393099448,0.0042333063874905935,0.015165787132010593,-0.06686844697394127,0.8142695312829107,1.311329797871586,green,False
83.2,4150.131838401,FOLLOW,4.343278994822547,4.252177113814252,0.5201783245197551,0.08373972690032547,0.08346965030166054,0.0037215156104208258,0.014842442321667978,-0.06874305011848932,0.8151212182234177,1.3022930682549618,green,False
83.4,4150.331962302,FOLLOW,4.358437525821761,4.267319130654772,0.5208856881284981,0.09742562033241715,0.07702063729200927,-0.003689381454374658,0.01260769672547584,-0.1158670709540901,0.8277585533926289,1.290364928411016,green,False
83.6,4150.582228352,FOLLOW,4.378198580747742,4.28705758453078,0.5218305255023354,0.0766126299929607,0.07660111901339964,-0.004013896740231675,0.012489664023278578,-0.11808735446169687,0.8267931478845376,1.258313787409526,green,False
83.7,4150.681520411,FOLLOW,4.386013072009379,4.2948633098162645,0.5222005603100764,0.07661270442042127,0.07660111901339964,-0.004013896740231675,0.012489664023278578,-0.11808735446169687,0.8267931478845376,1.258313787409526,green,False
83.9,4150.881323518,FOLLOW,4.399031318814167,4.30786727146165,0.5228102534262538,0.07652401345255312,0.08197140093626473,0.0027003264859253254,0.014511989811929343,-0.07437189897210182,0.810102690073738,1.2599902267878211,green,False
84.1,4151.132453309,FOLLOW,4.418539350535542,4.327353889037197,0.5237240495659852,0.08200279953487387,0.07587328588331213,-0.0037755433433833683,0.012570640149907268,-0.1168623565692218,0.8170009446312287,1.253426592044241,green,False
84.2,4151.231923705,FOLLOW,4.423707475930995,4.332516290568693,0.5239672170621632,0.07588592737661543,0.07597402843802947,-0.0040394666359388435,0.01230632157438906,-0.11739411406758384,0.8189273986633266,1.237644713567496,green,False
84.4,4151.482299307,FOLLOW,4.441865283098567,4.350654477268722,0.5248110895299015,0.07713450575466878,0.09121859167156304,0.005587104381595542,0.00222268408265538,0.02652723272874898,0.8105669474809478,1.214417295479185,green,False
84.6,4151.681922848,FOLLOW,4.456900543576112,4.365673669019269,0.5255060159037076,0.09124427306472688,0.09055128925513592,0.005848513105750224,0.0020822426021361758,0.029715642907430676,0.8106521974659886,1.19153158434969,green,False
84.7,4151.831462577,FOLLOW,4.466140293295369,4.374903215119317,0.5259401257106566,0.09057731575998819,0.09012730825979523,0.005515855979038283,0.0018496532939298836,0.02897918396416554,0.8054737322952865,1.1844499652135134,green,False
84.9,4152.08152602,FOLLOW,4.484066443889382,4.392808866037015,0.526797165034855,0.0831760261218489,0.08112672045687352,0.00014703160033710245,-0.017381108079990562,0.11656655857790173,0.8730698082316378,inf,green,False
85.1,4152.281762456,FOLLOW,4.498010159653262,4.406736320079554,0.5274703907339344,0.08139925417022237,0.08138156354703019,-1.0017874357993071e-05,-0.017410578156343837,0.11547145910496644,0.8739556938714834,inf,green,False
85.2,4152.43350928,FOLLOW,4.511853500261348,4.420563481351888,0.5281394873913416,0.08148127371482261,0.08202491428512483,0.004243203889742969,-0.012530092779822567,0.11790744177124007,0.8850273649773801,inf,green,False
85.4,4152.631448345,FOLLOW,4.525781571846254,4.434475115565813,0.5288159521980234,0.0820478017316651,0.08209839140645692,0.003913077393811618,-0.012751832857951631,0.11665654421763813,0.8836806497893139,inf,green,False
85.7,4152.933324977,FOLLOW,4.54808838070282,4.456754610595247,0.5299194815582261,0.08191679355435248,0.0818934881375368,0.0034441354115805223,-0.013309584499901016,0.11658992877431942,0.881361483417723,inf,green,False
85.9,4153.182373027,FOLLOW,4.568301137066752,4.476941541761584,0.5309408899320126,0.08723812462767963,0.08701981180390818,0.006195130290588687,-0.004456487435126992,0.07762071135962706,0.8658846753367395,inf,green,False
86.1,4153.43209429,FOLLOW,4.583152187534952,4.491772695613584,0.5317093676898711,0.08757259579993402,0.09797619722234976,0.007526282675663701,0.004807450139472438,0.01981502374561359,0.8569141575709518,inf,green,False
86.2,4153.531840877,FOLLOW,4.593280812613356,4.501887260157293,0.5322428701386606,0.09800373486688706,0.09759058040052075,0.00659614135986212,0.002622023510145323,0.02814617349076653,0.8704798659838742,inf,green,False
86.4,4153.732493578,FOLLOW,4.613218739303264,4.52179632700286,0.533315212147344,0.09793432644970539,0.1095922048990059,0.006707281905917301,0.005619253859407085,0.0038575970266679616,0.9220759275701406,inf,green,False
86.7,4154.08169812,FOLLOW,4.644157226055248,4.552687279529846,0.535029507043528,0.09118039738556274,0.09116169855453217,0.000261557599696343,0.007431907317829287,-0.04757344179460508,0.8500323996227965,inf,green,False
86.9,4154.331669264,FOLLOW,4.6627165995529065,4.571217580114194,0.53606792158751,0.0908337340279986,0.09081566363614652,-0.0003230676040692406,0.006860587118016593,-0.048101361315003394,0.847804635501723,inf,green,False
87.1,4154.581839805,FOLLOW,4.6811700606428,4.589642152826162,0.5371000776895937,0.0900833700947639,0.09006640509093762,-0.0010541761157243728,0.006558153563243182,-0.051575789848674364,0.8473293337035588,inf,green,False
87.2,4154.696905282,FOLLOW,4.6903585585056256,4.598816327042116,0.537612932814343,0.09008324785692587,0.07699032396512198,-0.007764173221861631,0.00868126162800871,-0.12532105281977543,0.842596625881114,inf,green,False
87.4,4154.881716676,FOLLOW,4.703640923354197,4.612078371962416,0.5383473441716861,0.07678886283242845,0.07678157283773639,-0.007901390292168582,0.008451514620911961,-0.1251851264565905,0.8400945841733855,inf,green,False
87.6,4155.131901137,FOLLOW,4.7193599486408155,4.627774568276504,0.5391941779311118,0.07737275087862674,0.07736571078566108,-0.007787388721810327,0.008286244594833271,-0.12260188821787005,0.8423222195813358,inf,green,False
87.7,4155.282022587,FOLLOW,4.72969611516806,4.638096444717378,0.5397374962469126,0.07166997224487205,0.07166967944794793,-0.012782661260250731,0.006899905146307096,-0.16506789688984344,0.8437132299254411,inf,green,False
87.9,4155.481591741,FOLLOW,4.7419033144257465,4.650287855773319,0.5403581064626839,0.07190152033305183,0.07224413924718721,-0.012294377750754908,0.006941224183939089,-0.15993622461566523,0.8427523037641338,inf,green,False
88.1,4155.73252421,FOLLOW,4.759123792977323,4.667488185131467,0.54119078774454,0.07262594046872939,0.07449912384256634,-0.015318956600119074,0.001131696961016962,-0.14560283642947328,0.8468111100003083,inf,green,False
88.2,4155.832049343,FOLLOW,4.764187081168623,4.67254600736468,0.5414259895649921,0.07449505319398292,0.0908136350444564,-0.0014670860115611223,-0.00412165522971845,0.016571476783268178,0.7881327096359574,inf,green,False
88.4,4156.081913512,FOLLOW,4.7823316211461036,4.6906716039411815,0.5422548918132509,0.08979897289144864,0.08963948497692774,-0.0011038981407779874,-0.004801196784241005,0.023690947717662895,0.7912382988082858,inf,green,False
88.6,4156.281443287,FOLLOW,4.800340078195633,4.708661354649231,0.543075497289241,0.08076487906828768,0.08075438726453309,-0.004911259190126754,-0.02299327010620525,0.11176147826623253,0.8609788458954433,inf,green,False
88.7,4156.381725813,FOLLOW,4.805832081069577,4.714147745153355,0.5433237201931248,0.08076473888657029,0.08102402381463743,-0.005080357916195245,-0.023031182329349087,0.11075394012861565,0.8621529043416845,inf,green,False
88.9,4156.6819798,FOLLOW,4.825043659628923,4.733340319287256,0.5441780091427131,0.08060236757651985,0.08059146527955571,-0.004731890347407512,-0.023015424879640166,0.11330950405567704,0.8618409390368554,inf,green,False
89.1,4156.88169987,FOLLOW,4.841604909986745,4.749885860181366,0.544899177163694,0.08177841601324078,0.08133701270694037,-0.0004505926365158648,-0.01800458253303929,0.11577115062243766,0.8739850965010514,inf,green,False
89.2,4156.982073891,FOLLOW,4.84991800952718,4.758191134144017,0.5452597993606088,0.08135420249662588,0.08151885701799884,-0.0006031599964198385,-0.018283374462299884,0.11636669864236072,0.8769504807392229,inf,green,False
89.4,4157.181815365,FOLLOW,4.863772706417584,4.772032817947865,0.5458601453595944,0.08153597954819611,0.08184303827764504,-0.0007734868903778453,-0.018256341516398586,0.11482229850705025,0.8778046058937023,inf,green,False
89.6,4157.432253641,FOLLOW,4.883767058982936,4.792008427837799,0.5467256755363191,0.08694577519588295,0.08669604349596544,0.002333616476780713,-0.009174265146606492,0.0791657589790572,0.8654536558797007,inf,green,False
89.7,4157.532425929,FOLLOW,4.889664118878779,4.797899895520669,0.5469824320270108,0.08671708910373999,0.08710615446070327,0.0019265595577236572,-0.009411065279023897,0.07751441156720226,0.8665509185663448,inf,green,False
89.9,4157.731921804,FOLLOW,4.907423480057055,4.815642176506882,0.5477611297855092,0.08712638769636677,0.09674982190131055,0.00346581186344404,-0.0015881895352128413,0.0347556274022127,0.8763026983699294,inf,green,False
90.1,4157.982047809,FOLLOW,4.927152243507744,4.835351467489213,0.5486374520700938,0.09677018579529993,0.09694054392958992,0.0028508557076073917,-0.0021128071626187635,0.0339238271090391,0.8763502463324914,inf,green,False
90.2,4158.081895485,FOLLOW,4.937042078035169,4.845231322242044,0.5490816326348421,0.09696146639979322,0.0921156767810044,-0.0016085616086811989,0.004834517253036267,-0.043989027548316136,0.852048953249024,inf,green,False
90.4,4158.28235211,FOLLOW,4.95599071668508,4.864160720112031,0.5499353310922978,0.09188254959403067,0.0916119286230399,-0.002005757164626712,0.004775972833795222,-0.046584940644524994,0.8523439105510571,inf,green,False
90.6,4158.531760101,FOLLOW,4.97470394084486,4.882855229220363,0.5507720411330921,0.09200757503272462,0.09199356264767909,-0.0019497959586166113,0.004547472010031112,-0.04459379130191798,0.8520784748521284,inf,green,False
90.7,4158.631773305,FOLLOW,4.980960455909001,4.889105555822926,0.5510502462251161,0.09200757846556952,0.09200323384050085,-0.0020051067392536388,0.004513935398199883,-0.04477417626580085,0.8525138030249713,inf,green,False
90.9,4158.881596254,FOLLOW,5.002865968285568,4.910989678937266,0.5520180372811095,0.09205756493105745,0.07832667037829,-0.008720301183827078,0.006606150858109394,-0.11867731428501649,0.8463805630979003,inf,green,False
91.1,4159.131801307,FOLLOW,5.019082723488431,4.927191092169484,0.5527232371501226,0.0782182843322123,0.07821306557192377,-0.00866977389642694,0.006629529303348404,-0.11850805027212208,0.8448771694896631,inf,green,False
91.2,4159.231514514,FOLLOW,5.027060994622757,4.935162248468264,0.5530600962576404,0.07821840417728167,0.07827626331919114,-0.008529353540362834,0.00683695955236252,-0.11861575649785938,0.8457354899397491,inf,green,False
91.4,4159.48162508,FOLLOW,5.043114582522854,4.951202360454831,0.5537176952024165,0.07890689286392917,0.07905248869713946,-0.008173294751095546,0.006747423313377993,-0.11430888570135966,0.8470291119530234,inf,green,False
91.6,4159.681784007,FOLLOW,5.0563582471016755,4.964435702331952,0.5542404640810641,0.0730625549296434,0.07353167755177645,-0.01256320545977215,0.005384230137314372,-0.15025150318457822,0.8429357521780978,inf,green,False
91.7,4159.781751457,FOLLOW,5.063825967160981,4.971898028885604,0.5545242218003249,0.07353218564052702,0.07353167755177645,-0.01256320545977215,0.005384230137314372,-0.15025150318457822,0.8429357521780978,inf,green,False
91.9,4160.031710094,FOLLOW,5.078885811619947,4.98694804890686,0.5550680010413049,0.07578956606752818,0.07579280931284889,-0.015510195376825764,-0.00015745346805496468,-0.13652146216927105,0.8471764348843006,inf,green,False
92.1,4160.281933757,FOLLOW,5.094389438061572,5.002443100493905,0.5555833903204965,0.07652538363419711,0.0765279484767841,-0.014731551562150627,0.00045181257284927084,-0.1324142032204494,0.8488451398408877,inf,green,False
92.2,4160.382305291,FOLLOW,5.102195022439638,5.010244933554379,0.5558253377783496,0.0765252698520033,0.07567572397036074,-0.014133435593003936,0.0013919557745070352,-0.13474673637335874,0.8430697169966991,inf,green,False
92.4,4160.582252596,FOLLOW,5.116053644639733,5.02409768904948,0.5562284576817048,0.10615713090005549,0.09679956393320263,-0.018910243367620417,-0.0157384500880954,-0.027190428786307327,0.8614968171448416,inf,green,False
92.6,4160.83240527,FOLLOW,5.13914645844526,5.047182561134595,0.5568333326203636,0.09802786559254296,0.09803616383361445,-0.018138385286058028,-0.01516509991334971,-0.023998573491167706,0.8659832003333112,inf,green,False
92.7,4160.932027962,FOLLOW,5.145812348913371,5.053846626314016,0.556989303561177,0.09802772326497895,0.09859778698166387,-0.01725992768288668,-0.014448123233859638,-0.02202088464923747,0.866881776801226,inf,green,False
92.9,4161.182072047,FOLLOW,5.165072383675874,5.073102362034125,0.5573958126621305,0.08700521844089232,0.08736937860307867,-0.012166986600732803,-0.000914183963149278,-0.08777175323941663,0.8878398954304596,inf,green,False
93.1,4161.38168025,FOLLOW,5.182934328056392,5.0909613225605685,0.5577220552805588,0.08814217961025962,0.08871062585631066,-0.01129091435687289,0.0011433302537873224,-0.09333348919362056,0.9117483871300739,inf,green,False
93.2,4161.531799418,FOLLOW,5.191943418313694,5.099969188090007,0.5578705736497143,0.08871081591308239,0.08507704874787733,-0.010896328491328735,0.00249058827510186,-0.1027638583417617,0.8911180267669365,inf,green,False
93.4,4161.781949727,FOLLOW,5.212938450159134,5.120961965255864,0.5581778947810749,0.08966817680591752,0.0902816004462732,-0.009904128462741947,0.0018410237132819411,-0.08615413703251275,0.9143911157265014,inf,green,False
93.6,4161.983355282,FOLLOW,5.228293811594908,5.13631610640056,0.5583713482276379,0.09040183899745237,0.0903189565760976,-0.00936629008932932,0.002269316506160402,-0.08496101067545472,0.9125244263395167,inf,green,False
93.7,4162.13249455,FOLLOW,5.2375065038506605,5.145528212026177,0.5584752817925769,0.09031949035449553,0.09148700552892691,-0.008264592543504087,0.0027966679398658614,-0.07947885372348434,0.9138767612834157,inf,green,False
93.9,4162.382015166,FOLLOW,5.256198874647644,5.164219662421035,0.5586605528066606,0.0919408125731674,0.09194414249949229,-0.007398543171243911,0.003404780652879181,-0.07688029330989049,0.9134656175684219,inf,green,False
94.1,4162.633900977,FOLLOW,5.27499164620569,5.1830117833530664,0.5588167201658619,0.09247900561950165,0.09299054470898509,-0.006468234643280334,0.0037863150180618074,-0.07208015203654507,0.9145623017537255,inf,green,False
94.2,4162.733782257,FOLLOW,5.284458955612086,5.192478846277149,0.5588850126796875,0.09299563462829182,0.09467433269879434,-0.005742160544435228,0.003864221058944111,-0.06661031738459815,0.9203337589324889,inf,green,False
94.4,4162.933365413,FOLLOW,5.300495132587512,5.208514698918001,0.5589869010456284,0.09468027931668255,0.09065881826374697,-0.00798312878339235,0.004717402380469221,-0.09066184495954155,0.9267254798154556,inf,green,False
94.6,4163.232650004,FOLLOW,5.3222613335082265,5.230280625809416,0.5590955328860028,0.09100957561340188,0.0917464448706922,-0.006733193390287082,0.005304332020249103,-0.08471019775451791,0.9264674465947331,2.9755548453440865,green,False
94.7,4163.335174704,FOLLOW,5.328499390283453,5.236518636276713,0.5591195581927267,0.09175036848259575,0.09240631213385694,-0.00610226488009747,0.005628070278642303,-0.08192174549606027,0.9277627341333774,2.94267619037437,green,False
94.9,4163.632066358,FOLLOW,5.347919365114049,5.255938523019485,0.5591777034997808,0.056153285698067656,0.0915003498240835,-0.006044507571648126,0.006223400706661022,-0.08587791097702616,0.9262083088790166,2.9109261271291444,green,False
95.1,4163.83307002,FOLLOW,5.362000175575445,5.270019215676146,0.5592351598805272,0.0915045309685262,0.09014573322475306,-0.006813847184271943,0.006266556491725837,-0.09254791031482035,0.9250227609093624,2.906403666555032,green,False
95.2,4163.98602497,FOLLOW,5.371197124286906,5.279216115713425,0.559265029383168,0.09014866346011792,0.09062914261788721,-0.0061921200864076585,0.006544480254245425,-0.08951938605880248,0.9242650469446625,2.8870183599757993,green,False
95.4,4164.23433698,FOLLOW,5.389756846412521,5.297775789273345,0.559306978537448,0.09170147722309033,0.09310422125046326,-0.004124346481693515,0.0070205243710740745,-0.0765578081839315,0.9243654919123457,2.852943745330099,green,False
95.6,4164.483198635,FOLLOW,5.405584929539243,5.313603858537272,0.5593276806072494,0.09314560501553326,0.10448702544474724,0.005983023548581725,0.00710575467577163,-0.0087139362270472,0.8896938219620475,2.8202269638834063,green,False
95.7,4164.631953891,FOLLOW,5.419113564168388,5.327132489242396,0.5593378840870319,0.104507292073511,0.10522724923363808,0.006923867847506197,0.007455655597754495,-0.005280128658814698,0.888469023079625,2.7875166097677746,green,False
95.9,4164.88180481,FOLLOW,5.439743030982457,5.347761930250951,0.5593697863385142,0.07959970535296464,0.08031820338778584,-0.009291817764733371,0.006382914073816956,-0.12011385667775264,0.8703043859468631,2.8228814516116896,green,False
96.1,4165.132226602,FOLLOW,5.453375762198935,5.361394654200424,0.5593824551346384,0.08011427105328285,0.08647622852547308,-0.011471949979330131,0.0022728404990912457,-0.10439687282219878,0.9087154008688842,2.788890630319084,green,False
96.2,4165.231572487,FOLLOW,5.461971585246759,5.3699904761596695,0.559379002859477,0.08647323369340369,0.08529188464032071,-0.011433095179151182,0.0009758241316399074,-0.0967663036225102,0.8827111304535349,2.7468780237634802,green,False
96.4,4165.481657206,FOLLOW,5.481851069390806,5.389869902667003,0.5593335077553844,0.08031083220025358,0.10069711376285914,-0.013211956295919772,-0.008462565952448884,-0.03221238272314472,0.9067195723497692,2.238668329087796,green,False
96.6,4165.731973848,FOLLOW,5.50228753061754,5.410306112135576,0.5592332226261866,0.09991582658039624,0.09992050101305827,-0.012630902904128976,-0.007267344412874122,-0.03692980509937665,0.9095467715222421,2.2319890649986114,green,False
96.7,4165.832553611,FOLLOW,5.509081802857332,5.417100233742378,0.5591880040780469,0.0999157067830294,0.11241351038308822,-0.013212767243089325,-0.009534909364151098,-0.01582577933977888,0.9738424075701664,2.2319890649986114,green,False
96.9,4166.083466715,FOLLOW,5.527753378217611,5.435771174670106,0.5590345329212099,0.11240746816542144,0.1105763069269632,-0.012771129217712361,-0.007991650873850769,-0.0247298520867066,0.9784387184454865,2.2193369837269343,green,False
97.1,4166.331804758,FOLLOW,5.554139257682033,5.46215548659607,0.5587478518936458,0.10925630968491688,0.1092620734919112,-0.012349686104067632,-0.006968736518106916,-0.029876248509068934,0.9785243803546868,2.1937534286842997,green,False
97.2,4166.431926216,FOLLOW,5.565283385930347,5.473298669791683,0.5586027726320149,0.10925599214511834,0.107959118993371,-0.012499711644414926,-0.006009792372271432,-0.03812213052483719,0.985401650478336,2.3505887866698165,green,False
97.4,4166.682327137,FOLLOW,5.587163072629929,5.495175913611914,0.5582762178138297,0.10578826801442227,0.10573656750196513,-0.012686328788668062,-0.004885750169878808,-0.04843637825962602,0.987835903753869,2.293409821253424,green,False
97.6,4166.882060448,FOLLOW,5.605101979232129,5.513112132492708,0.5579658912922091,0.10520214823967922,0.10585855666774555,-0.012781617016318997,-0.00459849716039005,-0.05086081682748319,0.9943224026541286,2.2197685565948615,green,False
97.7,4167.032041348,FOLLOW,5.619452746810223,5.527460241940594,0.5576897805178892,0.10585096743800172,0.10595750331200085,-0.012947362728012463,-0.004730300156163332,-0.050963834750643595,0.9954792086288318,2.1881087140337914,green,False
97.9,4167.231832672,FOLLOW,5.637460710283228,5.545464152606802,0.5573079125582759,0.10594970352786784,0.10623919365681746,-0.013012641028737655,-0.004952807607059403,-0.04968021025416437,0.9952846446006367,2.140758804155092,green,False
98.1,4167.481864588,FOLLOW,5.659113151008992,5.567110533579314,0.5567959498401812,0.10604875767386789,0.1066156452903471,-0.013415057723843975,-0.005405318955750957,-0.048926434291650826,0.9971371141645616,2.090146190590279,green,False
98.2,4167.581976483,FOLLOW,5.669986380198018,5.5779801759592615,0.5565167168759566,0.10660745351679415,0.1066156452903471,-0.013415057723843975,-0.005405318955750957,-0.048926434291650826,0.9971371141645616,2.0784858217987354,green,False
98.4,4167.831598242,FOLLOW,5.691762097048804,5.59974750725118,0.5559126935117936,0.10745752599816971,0.10839983202435334,-0.012872311126947986,-0.005806053578708025,-0.04148166742569,0.9970112206411713,2.046784558659715,green,False
98.6,4168.081571417,FOLLOW,5.7174556781291335,5.625429055455475,0.5551267201568704,0.10861113895297578,0.10888273309510507,-0.012928661047545205,-0.0060450178083488355,-0.03988504415003621,0.9978309553066022,2.0191765532094967,green,False
98.7,4168.181790263,FOLLOW,5.724838782447268,5.63280830003621,0.5548880223400646,0.10818555847831629,0.10888273309510507,-0.012928661047545205,-0.0060450178083488355,-0.03988504415003621,0.9978309553066022,2.0191765532094967,green,False
98.9,4168.542598849,FOLLOW,5.746908155754106,5.654864925946216,0.5541381926984773,0.10878675187213958,0.11086273606207082,-0.009887489987936031,-0.00422784894622273,-0.032028719081049234,0.9978309553066022,2.0021053238616013,green,False
99.1,4168.781613366,FOLLOW,5.765611574710228,5.6735561927423745,0.5534641431180328,0.11002933914048559,0.11277587749935836,-0.005578571378825562,-0.0013434854495177019,-0.024432253730506136,0.9972024969476697,2.122279853294323,green,False
99.2,4169.032592712,FOLLOW,5.780918953321666,5.6888529292810155,0.5528934572075639,0.11454572736623878,0.11536596200512785,0.00027060963019809125,0.002469079446795519,-0.014876109452210315,0.9971371141645616,2.1023704414060025,green,False
99.4,4169.231815589,FOLLOW,5.804478219907568,5.712395718555551,0.552012490782195,0.1164517938107986,0.11925135578509775,0.008639800454992826,0.007560366718996121,-0.00148546650499794,0.9974517960152803,2.083635338649247,green,False
99.6,4169.484331488,FOLLOW,5.8245221131483,5.732426319695065,0.5512826900522672,0.11779910794656835,0.11568516650713555,0.018199897882618592,0.013875735612970074,0.01382040305445205,0.9973517131542549,1.9050351282137552,green,False
99.7,4169.632122208,FOLLOW,5.840348683762767,5.7482434142616725,0.5507351778416881,0.11489066268039386,0.11496003988188157,0.022917719546293205,0.017768771241647937,0.016375697349665205,0.9972201411075785,1.9075843981520733,green,False
99.9,4169.832615987,FOLLOW,5.859783284452576,5.767668230521487,0.5501188990454012,0.11417295400454341,0.11282926127490861,0.025809555641080482,0.019585940103774048,0.024238945042251315,0.9972201411075785,1.8872539168328937,green,False
100.1,4170.081912838,FOLLOW,5.882565194515804,5.790441667252451,0.5494985591203508,0.11087465437486435,0.11044614096577768,0.03238748935767778,0.02485067934024875,0.03312456212545933,0.9966028425885254,1.9169944869242945,green,False
100.2,4170.18630779,FOLLOW,5.893835077111726,5.801708563315522,0.5492392845468342,0.10967362843067299,0.11044614096577768,0.03238748935767778,0.02485067934024875,0.03312456212545933,0.9966028425885254,1.960103429524433,green,False
100.4,4170.431859519,FOLLOW,5.916117477192814,5.823987238796611,0.5488340853800824,0.10877002725460197,0.11011500428292949,0.035024859873843336,0.027242146616359382,0.03418424685189078,0.9960458375349265,1.829391963632082,green,False
100.6,4170.681892117,FOLLOW,5.938389740586127,5.846258037693122,0.5485826089103202,0.10844070346211401,0.10913210332874629,0.03760013469968818,0.029349437922968645,0.03829600572749098,0.9965034372006109,1.8702813531278581,green,False
100.7,4170.782187829,FOLLOW,5.945763721481905,5.853631862431144,0.5485348369076051,0.10844100936160052,0.11101091804722402,0.03665955384181674,0.02885288942831704,0.0317889107645346,0.9986100705537891,1.904376154821981,green,False
100.9,4170.981676122,FOLLOW,5.968119436780222,5.875987503169109,0.5485013641528034,0.11022430996825275,0.1111241940908975,0.03505158399826186,0.027532269060842524,0.03043880207134295,0.9965034372006109,1.778318399240726,green,False
101.1,4171.232339993,FOLLOW,5.994664030100856,5.902531506805451,0.5486674442320819,0.11298207045465825,0.11457825124346499,0.031801422198795185,0.02570324884229475,0.01672743626658875,0.9947479352624635,2.076132784933066,green,False
101.2,4171.333919,FOLLOW,6.006214520122551,5.914081178662671,0.5488045305607359,0.11378630673027453,0.1152061889089928,0.03131876465522487,0.02521855170406483,0.016065177057864612,0.9986100705537893,2.0469154299115813,green,False
101.4,4171.535747994,FOLLOW,6.025642746822387,5.933506859167973,0.5491177428665265,0.11441431073819505,0.1159367000153893,0.03038578771412989,0.02461282875002278,0.01344357205457169,0.9986100705537891,2.0356195704584827,green,False
101.6,4171.781959404,FOLLOW,6.049256171505046,5.9571146426004065,0.5496323125178887,0.11738921322539718,0.1150482716477184,0.02613232194277287,0.021256690601641284,0.012011731326323244,0.9875257830766169,2.0053979497683683,green,False
101.7,4171.933108172,FOLLOW,6.065011817141124,5.972864762867277,0.5500492445223332,0.11425118653638482,0.11482203469630668,0.026097355179692402,0.021095874351056473,0.013180952269179157,0.9883807841105151,1.9938001951842281,green,False
101.9,4172.134340037,FOLLOW,6.084346499707444,5.992190490679769,0.550637152405133,0.11249853957176283,0.07,0.01483053749709243,0.01895118211075903,0.016992361649077515,0.9748824418972629,1.9795553899072638,green,False
102.1,4172.382060784,FOLLOW,6.102922735842261,6.010756018844876,0.5512676815759363,0.10405851213588402,0.10912342702907245,0.023055225575408088,0.017628090546209625,0.02540936203676986,0.9671276557438275,1.953124373306128,green,False
102.2,4172.482237906,FOLLOW,6.114013992247996,6.0218399452628395,0.5516707871128832,0.10832400075857154,0.10858988097856054,0.022912441516453316,0.017162966591615536,0.02831996643599201,0.9689836286671961,1.9483552205417198,green,False
102.5,4172.884948713,FOLLOW,6.1468622600024325,6.054660643591768,0.5530147955330841,0.10631780975562712,0.10567924877311768,0.022007035932577416,0.015025823560452402,0.040679828315209804,0.970223191787872,1.9002678972761982,green,False
102.7,4173.23157148,FOLLOW,6.168168849223474,6.075944212187218,0.5540046242973903,0.103252846510314,0.1035039073047182,0.02115022998519071,0.013279461330366053,0.04965329691777202,0.9696015242382918,1.8881800994469455,green,False
102.9,4173.533660908,FOLLOW,6.189092853181456,6.096841276887297,0.5550657553349281,0.10223853792817857,0.10209678669755218,0.020718364889128864,0.012063628848692685,0.056778323908349554,0.9715749813361702,1.8685759108188265,green,False
103.1,4173.732873551,FOLLOW,6.2062754043651385,6.113998251594529,0.5560027744104281,0.10071313540830172,0.10198522876572345,0.020426826678582574,0.010668675511500473,0.06425970419686391,0.9864090029005055,1.844995509147644,green,False
103.2,4173.832417477,FOLLOW,6.216563572069089,6.124269529479802,0.5565920219052292,0.10118445172441991,0.10198522876572345,0.020426826678582574,0.010668675511500473,0.06425970419686391,0.9864090029005055,1.8334175912633617,green,False
103.4,4174.081767958,FOLLOW,6.237222634916585,6.1448910018375145,0.5578374920850124,0.1017024931008874,0.10250467667696472,0.020693010549109634,0.01046244517732267,0.06669840751852633,0.9966410285071015,1.8082133895408716,green,False
103.6,4174.331953684,FOLLOW,6.257990936797089,6.165616141992259,0.5591755122510637,0.10191205271053408,0.10301886620982065,0.020840102023400878,0.01076675288133194,0.0649626504558307,0.9979151058306839,1.7994209262683754,green,False
103.7,4174.482082551,FOLLOW,6.26840626097258,6.176007632412182,0.5598796912157473,0.10221640771989064,0.10412420125080189,0.02056350835676291,0.011036743591307192,0.059920028860094905,0.997683450922982,1.7833717981516388,green,False
103.9,4174.682006725,FOLLOW,6.289464164798294,6.1970127060258156,0.5613701831436408,0.10351344769019076,0.10542122007000333,0.0198985001481406,0.011024892234885526,0.054086364640496126,0.9972987203656984,1.756634365081787,green,False
104.1,4174.931571032,FOLLOW,6.310783262647664,6.218271889438082,0.5629671930267536,0.10510703090800075,0.10590983244080997,0.019982333754042785,0.011342545414929257,0.051920989135784384,0.9971432549136672,1.7398062829467469,green,False
104.2,4175.031447036,FOLLOW,6.321504182919514,6.2289601779648915,0.5638030065263714,0.10510707970447315,0.10714509282327464,0.019352085087547037,0.011295441495732835,0.04678050404521042,0.997298720365698,1.724649559020996,green,False
104.4,4175.281588171,FOLLOW,6.343196236347797,6.2505810153610435,0.5655591310511413,0.10634131931578757,0.10714509282327464,0.019352085087547037,0.011295441495732835,0.04678050404521042,0.997298720365698,1.716677658215931,green,False
104.6,4175.481751868,FOLLOW,6.361334452900783,6.268654237823499,0.5670931607622993,0.10724378033244385,0.108606395422645,0.018666126206044156,0.011283590139311161,0.04093909440546692,0.997683450922982,1.676921413362982,green,False
104.7,4175.631443599,FOLLOW,6.37229153741107,6.279569629209216,0.5680480946914904,0.10780109834150742,0.10946188847858306,0.017721942238226155,0.01083868343585394,0.037153292775554424,0.9969088537883982,1.6646593668863447,green,False
104.9,4175.882669516,FOLLOW,6.39820235034821,6.305374622623995,0.5703872291933043,0.1097481810947046,0.1105556755070655,0.01738263160850746,0.01094785789524438,0.03326518390104346,0.9979151058306839,1.6391763189431519,green,False
105.1,4176.083127242,FOLLOW,6.416674324634883,6.323765092810828,0.5721204921088244,0.10408429249082977,0.10595818646230012,0.01760469785639438,0.010062274033099497,0.04519417389236748,0.9827493185253571,1.6189179630869333,green,False
105.2,4176.182380158,FOLLOW,6.427325799783511,6.334367107709866,0.5731457601959677,0.10515086502640474,0.10595818646230012,0.01760469785639438,0.010062274033099497,0.04519417389236748,0.9827493185253571,1.6137187585830688,green,False
105.4,4176.431647115,FOLLOW,6.448745564875053,6.355681751934129,0.5752651482592692,0.10484287262525069,0.10253714000811062,0.017183973330730268,0.00926231321591037,0.05148875865031233,0.9644659595378154,1.5864476986499563,green,False
105.6,4176.682539271,FOLLOW,6.469560269248196,6.37638708102608,0.5773960864055191,0.1018925685285716,0.09919212978790978,0.018376322851648086,0.009556192170920009,0.061482922656927924,0.9536557074810401,1.5401759361435174,green,False
105.7,4176.781992509,FOLLOW,6.4797256854406715,6.386496258339948,0.5784638796505545,0.09845482142528947,0.09919212978790978,0.018376322851648086,0.009556192170920009,0.061482922656927924,0.9536557074810401,1.5793810200319662,green,False
105.9,4177.031700389,FOLLOW,6.499954269252342,6.406605545035261,0.5806574387006368,0.09966708802905763,0.09965081076124138,0.009852711013398232,0.0012562350297551927,0.05833075906598981,0.9515214945362723,1.7627167772942163,green,False
106.1,4177.23170646,FOLLOW,6.516943008310499,6.423489898076504,0.5825378187148194,0.10034590240781723,0.10128848095559458,0.004741960811015557,-0.003017801547094903,0.05167719490998827,0.9531186865565985,2.096494649146815,green,False
106.2,4177.381631505,FOLLOW,6.530653482074379,6.437114533929602,0.5840696086933239,0.10129701221084524,0.10499907334116315,-0.0047751645013785395,-0.010144369619546836,0.03691138643993409,0.9557352230915817,2.304868126987027,green,False
106.4,4177.58206943,FOLLOW,6.5483719991150755,6.454721705966585,0.5860528703740855,0.10499388420191555,0.10636760353179732,-0.009295528172894273,-0.013590175791458839,0.03157919427642652,0.9563759297784888,2.8310096449111457,green,False
106.6,4177.832959662,FOLLOW,6.572168093057085,6.478371362739821,0.5886887245017518,0.0954755531142976,0.09724159410190615,-0.01432334079356202,-0.020317747755779367,0.03590167437775222,0.883078618503805,2.8160501508908085,green,False
106.7,4177.931498188,FOLLOW,6.5787768745215915,6.484940513681244,0.589411390223969,0.09722146781387482,0.09718718888539672,-0.018893801255570084,-0.024981342852815815,0.0350516366388522,0.8808634496858565,2.817719828670934,green,False
106.9,4178.182390234,FOLLOW,6.601854027886249,6.507885481597313,0.5918776866229039,0.0966502536681753,0.09782429733982417,-0.02319144821989659,-0.029014711069694603,0.032937645711782364,0.8823296038273511,2.776822483079101,green,False
107.1,4178.432092619,FOLLOW,6.621829108460627,6.52775590937048,0.5939195457967443,0.09820043476443656,0.0997896948491272,-0.02754258173964352,-0.03228702197086132,0.028210998522050928,0.8902301015324067,2.7336208202771717,green,False
107.2,4178.531732647,FOLLOW,6.62516791870164,6.5310782088741695,0.5942511778719168,0.09820018459236779,0.0997896948491272,-0.02754258173964352,-0.03228702197086132,0.028210998522050928,0.8902301015324067,2.7288741172638127,green,False
107.4,4178.832121055,FOLLOW,6.648730378930552,6.55453275532305,0.5965032109635896,0.09923828544146242,0.09926297942977973,-0.03184729459255207,-0.03723578518228246,0.030523237934504028,0.8903129023153091,2.699427657080787,green,False
107.6,4179.081638389,FOLLOW,6.668868442143378,6.5745910391913105,0.5982936150608206,0.09818056747312048,0.09600753021448062,-0.026858883960645306,-0.03637635296094212,0.052868804228358074,0.9058086542739542,2.6972279414232276,green,False
107.7,4179.185525672,FOLLOW,6.675473026508978,6.5811718132272174,0.5988539164383818,0.0959890809748136,0.09421242287245392,-0.024613715249279765,-0.03585998845902636,0.062024413082218274,0.9068424871395684,2.7090560861695923,green,False
107.9,4179.481739278,FOLLOW,6.698022057708939,6.603646891767833,0.6006782595401942,0.09428630009035967,0.09273778117215983,-0.020425321668957632,-0.03327100418272444,0.07264426062404208,0.9131662502922854,2.6127805689951997,green,False
108.1,4179.684750716,FOLLOW,6.713897432197489,6.619476123149304,0.6018876758213823,0.09283942068632035,0.09233700728299,-0.01805990909136679,-0.031108901255518705,0.07497405125461033,0.9137017172901714,2.589706212436126,green,False
108.2,4179.782022494,FOLLOW,6.7233504264966735,6.62890353959386,0.6025825834639278,0.09233110391948998,0.09233700728299,-0.01805990909136679,-0.031108901255518705,0.07497405125461033,0.9137017172901714,2.564982412287305,green,False
108.4,4180.032010736,FOLLOW,6.742158237865928,6.6476641144021515,0.6039145995063441,0.09147189966519431,0.09147255005095822,-0.014178123401122967,-0.02761627676597796,0.07919089509868063,0.9131836069974487,2.5470639654858216,green,False
108.6,4180.232106334,FOLLOW,6.760860996620272,6.66632380498371,0.6051830330422499,0.0918939192691591,0.09173542860727871,-0.01075112456382243,-0.02361262575122382,0.07809523834990027,0.9137139917734827,2.496816757594304,green,False
108.7,4180.331593944,FOLLOW,6.770229084065482,6.67567154465974,0.6058001354543082,0.09173905532703619,0.09173542860727871,-0.01075112456382243,-0.02361262575122382,0.07809523834990027,0.9137139917734827,2.506676997590109,green,False
108.9,4180.582330546,FOLLOW,6.788910991182907,6.694314839262589,0.6070005977785293,0.09141289592762039,0.0911736983718205,-0.0075011802197659586,-0.020470148602771736,0.080738101465052,0.9131389720586729,2.4721693712703217,green,False
109.1,4180.782437901,FOLLOW,6.804389792870316,6.709763182475812,0.6079711465499055,0.09050007896804546,0.09039059856594997,-0.004973268726532851,-0.018313590498020678,0.08474313195141073,0.9128379551629433,2.4552195470646936,green,False
109.2,4180.881682427,FOLLOW,6.813617556331808,6.71897328681639,0.6085417554500154,0.09040113509637875,0.09039059856594997,-0.004973268726532851,-0.018313590498020678,0.08474313195141073,0.9128379551629433,2.4573648473433494,green,False
109.4,4181.131467706,FOLLOW,6.835148362407972,6.740463945486105,0.6098559715599986,0.09078324252921076,0.09077067116893556,-0.003306735655043691,-0.016026867094109318,0.08206942071766035,0.911620101428375,2.430734986460929,green,False
109.6,4181.332267548,FOLLOW,6.850563096807567,6.755850589830101,0.6107861373887419,0.09050747471547498,0.09965999482885855,-0.0013144173695201925,-0.013361433185174836,0.08000243597067093,0.9966050059724286,2.4151329973837687,green,False
109.7,4181.431918544,FOLLOW,6.860094423994629,6.765364704571405,0.6113586917235395,0.09967500730618561,0.09965999482885855,-0.0013144173695201925,-0.013361433185174836,0.08000243597067093,0.9966050059724286,2.387677819583228,green,False
109.9,4181.681490276,FOLLOW,6.883813142621745,6.789040786685854,0.612780222131049,0.0995563411909384,0.09953776078450648,0.0008234504058263656,-0.011317748371139792,0.08085909110237309,0.9971591079417337,2.379983352105755,green,False
110.1,4181.881911156,FOLLOW,6.9007757817422295,6.8059727878402825,0.6137992712600439,0.09993452783981947,0.09937463172094865,0.0028851519173626783,-0.00945415533272596,0.08243860609014575,0.9987949751703346,2.3774317016744515,green,False
110.2,4182.032221824,FOLLOW,6.914312688353491,6.819484981223524,0.6146168705049538,0.09939662546615187,0.10032553528712537,0.003526951324270847,-0.007995186407035303,0.07688057091626693,0.9967353863584257,2.3380957214318974,green,False
110.4,4182.231455588,FOLLOW,6.931320530515452,6.836461276631221,0.6156522837705909,0.0998046109577239,0.09978023056119599,0.004492086688530818,-0.007389463452993267,0.07948675079340256,0.9967353863584257,2.344614701473063,green,False
110.6,4182.431934675,FOLLOW,6.948351434429152,6.853459843184963,0.6167012876206025,0.1007658356949154,0.1010971195963325,0.005826906126695779,-0.005299354462670498,0.07410441327301719,0.9985539702044015,2.31145705272543,green,False
110.7,4182.583848561,FOLLOW,6.9620794242154185,6.867161141687168,0.6175569250007099,0.10112343279220189,0.07,0.004391073701798342,-0.004492532667309597,0.07217556255039687,0.9968669354428698,2.309738098740502,green,False
110.9,4182.781377762,FOLLOW,6.978210981030228,6.883260383828702,0.6185774629484039,0.07014163271198218,0.1013578626771137,0.00760892085929187,-0.0031028595871645213,0.07125153141215744,0.9951051668177707,2.2907705686802484,green,False
111.1,4183.03309801,FOLLOW,6.994240783269054,6.899255653675122,0.6196290107502918,0.07086225735705808,0.07,0.0016291004355949395,-0.00691542448347774,0.061733899531126867,0.9968669354428698,2.228952127976644,green,False
111.2,4183.132202263,FOLLOW,6.999059410246216,6.904063610199762,0.6199495103410866,0.07086201323878634,0.10481662300712233,0.0003709656550346833,-0.008126870391561812,0.056507866104466634,0.9968669354428698,2.2960243166995484,green,False
111.4,4183.332183397,FOLLOW,7.017735082329682,6.922697471914245,0.6211984763571893,0.06397210834882695,0.10722594049334865,-0.00662385638659156,-0.01322017704150469,0.046395176626103186,0.9971904717797584,2.3410040091459035,green,False
111.6,4183.581682439,FOLLOW,7.037571159597733,6.942488737613483,0.6225310404082127,0.10052004377291071,0.10173670978947442,-0.012299628554141708,-0.01694287069120412,0.03127655025627638,0.9140970256755931,2.209064375425726,green,False
111.7,4183.68847911,FOLLOW,7.047891389041094,6.952786542726045,0.623210993039907,0.10257647738886716,0.10257095030416674,-0.016718789883028093,-0.020655808769118905,0.02752686502781549,0.9135799338846722,2.203279880676791,green,False
111.9,4183.931901149,FOLLOW,7.068954136918538,6.973806319160022,0.6245556026412977,0.10418859230092715,0.10335967887757042,-0.019401196024224895,-0.022817911696324644,0.02518596282536275,0.9155642621016685,2.1556642653738662,green,False
112.1,4184.181543402,FOLLOW,7.090526980956333,6.995340300287092,0.6258496190584467,0.10883815671274528,0.10802163730974734,-0.027680994333006283,-0.0270579723746189,0.006835942088747815,0.9155642621016685,2.141300161978938,green,False
112.2,4184.281645746,FOLLOW,7.10162842695852,7.0064242339693195,0.6264728730621318,0.10883742986864386,0.10818586956755329,-0.02994473643915823,-0.02896449968887129,0.0055332377403867926,0.9140201242393555,2.1088975277070534,green,False
112.4,4184.53183265,FOLLOW,7.123954384172611,7.028720342297617,0.6276262732729913,0.11035455585642334,0.08557400717399086,-0.030557320176455693,-0.034904155872063324,-0.009915014180980126,0.7307931325885366,2.1778709662022075,green,False
112.6,4184.732683293,FOLLOW,7.142980926302217,7.047726838738795,0.6284989952654059,0.08467642248511788,0.0840415372900954,-0.032798545939473296,-0.037284867377877964,-0.016925212363592467,0.729979912125746,2.1033557842168746,green,False
112.7,4184.832293578,FOLLOW,7.151620812182755,7.056359330263284,0.6288562921335855,0.08486254272258012,0.0840415372900954,-0.032798545939473296,-0.037284867377877964,-0.016925212363592467,0.729979912125746,2.0374819515207316,green,False
112.9,4185.032503677,FOLLOW,7.166039550884504,7.070768186954168,0.6293895607047134,0.0847842140336895,0.08434048899760882,-0.03085146402845698,-0.03487427775021038,-0.01611175975505687,0.731147276987438,2.0520899633768033,green,False
113.1,4185.282990594,FOLLOW,7.186854409814471,7.091573321966283,0.6300242873863584,0.10277597078830886,0.10436404661718826,-0.0362106439229055,-0.03282436427750657,-0.01681551550787378,0.9062615394006479,2.0725255022882894,green,False
113.2,4185.38151023,FOLLOW,7.197660626229453,7.1023759626804495,0.6303020409085185,0.10517911988857684,0.10436404661718826,-0.0362106439229055,-0.03282436427750657,-0.01681551550787378,0.9062615394006479,1.9397913535786615,green,False
113.4,4185.632324447,FOLLOW,7.2189495811309525,7.123660488534987,0.6307341973240516,0.10281504549011561,0.10227203895669633,-0.03222731059799576,-0.02879620933663682,-0.021803611427027393,0.8987232370820865,1.9076905820964254,green,False
113.6,4185.831924908,FOLLOW,7.2364653447425455,7.141174490016972,0.6309811851221869,0.10309113233655093,0.1017315129261354,-0.030557274512562217,-0.027239829363473106,-0.02208312392356701,0.8945657245277909,1.8710886191151412,green,False
113.7,4185.931490704,FOLLOW,7.2469263927307495,7.15163502687113,0.6310842229502791,0.10255257795445992,0.09982861717915817,-0.028194789116526873,-0.024447624256803024,-0.028425871368550033,0.8910242146353801,1.8016309355874132,green,False
113.9,4186.132381095,FOLLOW,7.2675849539873685,7.172293263647102,0.6311949491533778,0.10056087285043987,0.09823627645278675,-0.026559738856197307,-0.022046373338255675,-0.03618574322113565,0.8926929844965779,1.7499180062504571,green,False
114.1,4186.33223983,FOLLOW,7.284478390163577,7.189186685512129,0.6312001210547948,0.09906244122472704,0.09796234595900209,-0.025402330518081776,-0.02037091771084103,-0.039805036016195755,0.8975902727652072,1.7222067818203897,green,False
114.2,4186.481218767,FOLLOW,7.301282313904924,7.2059904560451535,0.631131311013612,0.09879025867669969,0.06806344358279036,-0.0024113192545692228,-0.033419227313897605,0.1963181653358866,0.8455722459110869,1.8731068938459037,green,False
114.4,4186.681589243,FOLLOW,7.313118106724999,7.217826039932856,0.6310609920207139,0.06826289588510195,0.06740468654977609,-0.0019827391927623975,-0.033084279209750954,0.19807389343910983,0.8398538191847372,1.664022197607688,green,False
114.6,4186.881634437,FOLLOW,7.324727142235261,7.229434849020107,0.6309884945551579,0.06832791877653463,0.06597388169980954,-0.0015946734472408021,-0.03332271881643151,0.203000134142929,0.8287970732273935,1.670473670113884,green,False
114.7,4187.032797282,FOLLOW,7.333919960823214,7.238627471465458,0.6309284462732454,0.06683296624201239,0.06555643069164649,-0.001671604393461263,-0.0334508170188832,0.20295973722745125,0.8234976713209331,1.7496130404832524,green,False
114.9,4187.231555836,FOLLOW,7.3498922605277555,7.254599393546959,0.6308186509206247,0.10087258915131816,0.10003888423227258,-0.020903246738621258,-0.02054452523726989,-0.004391676226501224,0.8428102517191169,1.6426929945886024,green,False
115.1,4187.431974688,FOLLOW,7.36410218803897,7.26880875545153,0.6306922429759076,0.04253984960797465,0.059898764106501606,0.008163435107599018,0.016115050049877934,-0.015351931212054458,0.518313903101057,1.6301440720820712,green,False
115.2,4187.58186329,FOLLOW,7.371689270848553,7.276395433456621,0.630613884457499,0.06077101776873608,0.061016533153074384,0.008643579462184242,0.016344966931194218,-0.013248081477582538,0.5253117763316938,1.6117975858427445,green,False
115.4,4187.782011549,FOLLOW,7.382250362651074,7.286956078806939,0.6305168722388002,0.06431668554132898,0.06344467793714555,0.007924817093967853,0.028027037328850077,-0.1021102066083152,0.6636712572337118,1.6080459207831534,green,False
115.6,4188.03198994,FOLLOW,7.394211367409129,7.298916722138874,0.6304240188185241,0.031171685816988183,0.03576130710438589,0.004359890297820328,0.0840305089353156,-0.44576931743167203,0.6301211729196011,1.5952647823069832,green,False
115.7,4188.131473162,FOLLOW,7.397937456901698,7.302642725601945,0.6303987025619079,0.03662828819174673,0.07412269654773274,-0.014849745512027517,-0.022495511473964357,0.014463632827689196,0.640024210128286,1.59947114428054,green,False
115.9,4188.381647478,FOLLOW,7.408513832180334,7.313218838802525,0.6303243801375875,0.031811436886213705,0.030929124070372557,0.014685261027241506,-0.04214772281093285,0.5442495992411408,0.6084336043401836,1.8334077701568603,green,False
116.1,4188.583289804,FOLLOW,7.414985990634997,7.319690901063331,0.6302895177987683,0.03155450914457413,0.03027729925991457,0.014447894601269154,-0.044871920444980756,0.5586336152694122,0.6046841010442877,1.828470152538363,green,False
116.2,4188.73169726,FOLLOW,7.418178097854541,7.322882991977595,0.6302793947702381,0.03115789516626809,0.030151052140162646,0.014360928154348772,-0.046274277858940505,0.5648859938356698,0.6060901647802487,1.7061932632714303,green,False
116.4,4188.982001854,FOLLOW,7.4245065879702015,7.329211476851678,0.6302731397196998,0.030871016375034848,0.02977036799770658,0.014188479531610275,-0.04805261674947578,0.5734459047603169,0.6037467252203138,1.6030493596818272,green,False
116.6,4189.181991291,FOLLOW,7.430294821551776,7.3349997034776475,0.6302817344957446,0.042327106066817825,0.04147141334394784,-0.004107364994052958,0.048619638520978836,-0.3727382836296647,0.6676364326478881,1.6158174389777007,green,False
116.7,4189.332177165,FOLLOW,7.434612152406843,7.339317029175257,0.6302883896173793,0.04232669148768555,0.06169096322590464,-0.006176000003370835,0.029154935954761096,-0.2562181391239009,0.8433901893513364,1.6120189983086834,green,False
116.9,4189.581690508,FOLLOW,7.448002211182461,7.352707083198409,0.6302985292063218,0.03541729163966437,0.04748742134346438,-0.00879657362811862,0.0229096076240954,-0.27113990048596526,0.6639729840580788,1.5796699840759854,green,False
117.1,4189.782076289,FOLLOW,7.456149187955405,7.36085405737767,0.6302930319270765,0.048021193644166044,0.052981811136673225,-0.009792878438398893,0.027631035988426672,-0.2998636685761085,0.7725009314566383,1.499719965775525,green,False
117.2,4189.881958646,FOLLOW,7.461434690516736,7.366139549985902,0.6302828734946432,0.053828082361421496,0.05279831232435131,-0.00974175231624436,0.02789843388682288,-0.3012882870368807,0.7713924585079701,1.5767975580098228,green,False
117.4,4190.131961087,FOLLOW,7.476509991719543,7.381214740161223,0.6302261026411299,0.0930111679861491,0.11180530706829821,0.014264372720857411,0.01068978123010884,0.014922784677381291,0.9664701948018332,1.497687114200018,green,False
117.6,4190.331848106,FOLLOW,7.490069195313567,7.394773823163959,0.6301691481314409,0.04771861431106539,0.05813563992536318,-0.016714610503842774,0.008001004014345697,-0.24331082977947202,0.7791518075030415,1.4848521683813627,green,False
117.7,4190.436696728,FOLLOW,7.494019815325243,7.398724396410588,0.630149949519788,0.05897543208858114,0.05624499314790897,-0.016837273967536093,0.00854127512604512,-0.25430458075143814,0.7666949304377103,1.4540962961364103,green,False
117.9,4190.681753029,FOLLOW,7.508207541317538,7.412911726438964,0.6300452022466982,0.07150970622333054,0.07081115204151799,-0.018398862988180536,-0.012293073352824604,-0.09375929158461833,0.7284096722564714,1.4562249061257813,green,False
118.1,4190.881505007,FOLLOW,7.52281967608432,7.427522954430261,0.6298831509434508,0.07160704985409239,0.06021649136355175,0.0064678527483938405,-0.022739121047441663,0.22049409203881293,0.7784161902997929,1.4205219503784454,green,False
118.2,4190.98183554,FOLLOW,7.527312621476306,7.4320154997042405,0.6298231914787003,0.06015325238449744,0.08474725073834294,-0.023931667289400802,-0.011265074810697193,-0.11576769790716976,0.9106228003599339,1.4193550724788104,green,False
118.4,4191.232333037,FOLLOW,7.544095609195488,7.448796869019915,0.6295904531162702,0.05963273402646412,0.05883266723832062,0.006820158791504743,-0.023807464662121025,0.23272434444837223,0.7755179335524092,1.3920350073827836,green,False
118.6,4191.431811625,FOLLOW,7.554198447016248,7.458898736051859,0.6294504406251251,0.05900538588042136,0.05725232316688283,0.006840436580426547,-0.025013641327450167,0.24259055015539077,0.7664542050308638,1.4121846871891879,green,False
118.7,4191.531580064,FOLLOW,7.560188087168748,7.4648878763588975,0.6293730699848833,0.05812262696939636,0.05725232316688283,0.006840436580426547,-0.025013641327450167,0.24259055015539077,0.7664542050308638,1.4453937114683282,green,False
118.9,4191.732168767,FOLLOW,7.573119642268588,7.477818547145968,0.6292220165474224,0.06944338635403585,0.0572563355172344,0.010069506107113674,-0.02097830144487596,0.25319882078222206,0.7791618925451826,1.402009407613028,green,False
119.1,4191.931938637,FOLLOW,7.585666314982053,7.490364640379287,0.6291017133889163,0.05813123633444474,0.06261899497721982,0.011825634854950225,-0.01738422699138832,0.2389461170405435,0.8335450769515813,1.4404937883011975,green,False
119.2,4192.031660888,FOLLOW,7.589977049754141,7.494675234944466,0.6290669565702047,0.06349628187041578,0.06253946825887875,0.011535884142355913,-0.017808229677647766,0.2388004246362594,0.8322966433395336,1.3859656068268205,green,False
119.4,4192.282813047,FOLLOW,7.604973906294022,7.509671787617233,0.6289721850413296,0.0627013150969993,0.061473634658776775,0.010881242522482185,-0.01923998578622728,0.2430353038854941,0.8235357779948409,1.3994769056998346,green,False
119.6,4192.531588927,FOLLOW,7.617527155482996,7.52222493950834,0.628923414953558,0.06546503257530041,0.06852795404883612,0.015678119833395066,-0.0019268764006833,0.16614091736451117,0.8082599743816906,1.385838561010407,green,False
119.7,4192.631842387,FOLLOW,7.624601946982536,7.529299719376151,0.6289109523276516,0.06941036679441248,0.05130309296332414,0.017568249282031146,-0.02581201524935857,0.3844794270373698,0.8384629369398633,1.393543794965584,green,False
119.9,4192.881609389,FOLLOW,7.63576659870476,7.5404643594119865,0.6289223853030225,0.05733564864191494,0.05645199425789869,0.016493013669460266,-0.004281258366968521,0.22284570219062155,0.7325183750754551,1.6814127676443462,green,False
120.1,4193.081655412,FOLLOW,7.644311239197453,7.549008932083998,0.6289559710463305,0.044354448339066134,0.09350313822739927,0.022998995797374685,0.009966552490487748,0.09976562660722921,0.9735344680408035,1.396184143607263,green,False
120.2,4193.181534141,FOLLOW,7.651634507520734,7.556332101020505,0.6289940850380528,0.09352991984672596,0.09274650180519417,0.022668004423964726,0.009318766007963521,0.1029867106801043,0.9718803722933537,1.397420707085304,green,False
120.4,4193.38220535,FOLLOW,7.670734071469819,7.57543101582861,0.6291495841685663,0.09356082361040448,0.09266922504360821,0.022183594304046646,0.008677028363581248,0.10383453779880483,0.9727074201670786,1.6998790298925561,green,False
120.6,4193.631993704,FOLLOW,7.691895980439319,7.596591148846676,0.6294221175767167,0.05957701857376005,0.05240922746554169,-0.025961433290027112,-0.03206139349817837,-0.12424229324315676,0.5723986165341212,1.3778063499960083,green,False
120.7,4193.731913973,FOLLOW,7.695490830575907,7.600185607832262,0.6294751238766295,0.05323789782674741,0.05066668318065871,-0.02688245598650711,-0.03358024943155376,-0.13862943841438832,0.568553481414957,1.375578663231897,green,False
120.9,4193.932296746,FOLLOW,7.706049216115935,7.610743323034657,0.6295929826396911,0.0522664989567501,0.05154864370338802,-0.026434571286883275,-0.03298603958860089,-0.13023252647423778,0.5694326580659946,1.3768497139604756,green,False
121.1,4194.181470632,FOLLOW,7.716750584017332,7.621444497361923,0.6296553083582462,0.05320470025093207,0.052571787607442265,-0.026114461284618442,-0.032652627147842735,-0.12131254691251606,0.5709652602787412,1.4313527314668673,green,False
121.2,4194.283190319,FOLLOW,7.722172998589023,7.626866900112315,0.6296659939855602,0.053029867014276734,0.052581405364355786,-0.025945245221490106,-0.03239615024615033,-0.12071094890502365,0.5704106975423626,1.3045020990542155,green,False
121.4,4194.481826552,FOLLOW,7.7311944493444145,7.6358883344923525,0.629652699737805,0.05305567707297588,0.053323469511106426,-0.025490175652289355,-0.031655594066624694,-0.11494521816183548,0.5720555341779725,1.2867514756486147,green,False
121.6,4194.732321984,FOLLOW,7.74391218870892,7.648605791667418,0.6295706678510247,0.05438032136731526,0.05546548121061999,-0.024562219269642208,-0.03035115096011536,-0.09927518601026512,0.5769278843454408,1.2308760694279028,green,False
121.7,4194.831893014,FOLLOW,7.747645271347414,7.652338678470172,0.6295324623209323,0.05545667158058225,0.05546548121061999,-0.024562219269642208,-0.03035115096011536,-0.09927518601026512,0.5769278843454408,1.20675425627991,green,False
121.9,4195.081590292,FOLLOW,7.761116053941037,7.665808136214789,0.6293447834455326,0.057476307942243295,0.06643365282018032,-0.024707737498823892,-0.022173120414784996,-0.10462208247474798,0.6984143381775794,1.2425373983046717,green,False
122.1,4195.281835873,FOLLOW,7.774867609812623,7.679557150769074,0.629081103672108,0.06853203740694717,0.07061139834935926,-0.022116897098778704,-0.01980116564836666,-0.08030324796438126,0.7065600827188334,1.2134539799414632,green,False
122.2,4195.381765123,FOLLOW,7.779666171534876,7.68435451955554,0.6289741262497355,0.07060613075878736,0.07329919438411245,-0.020113574578144007,-0.01804115506673867,-0.06556554787115078,0.7109495748323603,1.1634644742715006,green,False
122.4,4195.581999189,FOLLOW,7.794501739126987,7.699185363731861,0.628600207526831,0.07543207198155343,0.035126351620161776,0.01682038994716202,-0.0255748949823347,0.46169973830776967,0.6305909999750022,1.1053731103500155,green,False
122.6,4195.831726747,FOLLOW,7.802453185790547,7.707133763423821,0.6283801421193835,0.03500556206511099,0.09567794272246802,-0.01736079088366958,-0.012978390497756991,-0.03614542584193293,0.8693645223410601,1.1359966932884364,green,False
122.7,4195.932613549,FOLLOW,7.807143655344629,7.711822703737588,0.6282603988799682,0.06904772777478006,0.07979093807842942,-0.013877343161369082,-0.01227745084479035,-0.03571233770196657,0.7242895032830281,1.1196405863374193,green,False
122.9,4196.131856837,FOLLOW,7.821226831640039,7.725901101184443,0.6278936797084744,0.07979126343541805,0.030524987988590203,0.021652085219280116,-0.020394298599332228,0.5604773151989847,0.6108033022867161,1.1059843001231884,green,False
123.1,4196.381943499,FOLLOW,7.831609851662396,7.7362807073162765,0.6276278612370412,0.055524723182377785,0.053137053651263005,0.030467819314314717,0.0007933068922508363,0.3704747994890366,0.8529325157790635,1.086757662144749,green,False
123.2,4196.482069516,FOLLOW,7.837197140763692,7.74186664592115,0.6275050845588855,0.05319738788796627,0.0934459373923028,-0.00917218341240979,-0.00474227513562539,-0.03465790217582167,0.8461878148706564,1.0975041010155646,green,False
123.4,4196.732233229,FOLLOW,7.854747069191779,7.759413272467703,0.6271647331625304,0.09415646043081483,0.06099943429805623,0.023062495149355315,0.007433473972542647,0.2046153742605274,0.7683582457874941,1.0709484953227157,green,False
123.6,4196.931977474,FOLLOW,7.866209162106254,7.770873356119557,0.6269505824580509,0.06105041281865131,0.11119782739667816,-0.003205979830249176,-0.0012163998862447485,-0.011352137863614735,0.9529471671960998,1.082921089429596,green,False
123.7,4197.033194649,FOLLOW,7.875144360503525,7.779807554965539,0.6268170928587652,0.11114179563004414,0.1116634779722483,-0.002582751829667382,-0.0008632092309269115,-0.009857977727147063,0.9534618180767817,1.0792697614912539,green,False
123.9,4197.231870617,FOLLOW,7.895006879152622,7.799667976879208,0.6265285092591146,0.05903044808067971,0.05820066389121871,0.02751713775789476,0.005908859611248929,0.27619734205273405,0.8198986297697214,1.0498474633796768,green,False
124.1,4197.431677997,FOLLOW,7.90544446489018,7.810104849753792,0.6264071200453611,0.06623371546417539,0.06478472567740344,0.023205991397115697,0.012785022654775172,0.15684494515248856,0.7515634795115155,1.1063546423014854,green,False
124.2,4197.582399216,FOLLOW,7.916610510709567,7.82127052368355,0.6263167850966084,0.06772443690473937,0.06767099040460836,0.023374888776034705,0.01225629768588301,0.15170071042036642,0.7777944475223382,1.0619651855601095,green,False
124.4,4197.782735531,FOLLOW,7.929024865985036,7.833684775689494,0.6262692291772752,0.07962596223433276,0.0899432138543985,0.016086541198269994,0.02091591712028216,-0.018515961772664322,0.784222305233292,1.0720496988271606,green,False
124.6,4197.981721731,FOLLOW,7.945523478045085,7.850183374912674,0.6262774812028313,0.0714649355563885,0.07104106231641238,0.02660682377972989,0.013209701340213292,0.16504732442887474,0.836282545551537,1.0691467833851962,green,False
124.7,4198.081734108,FOLLOW,7.9503581465983,7.855018005999439,0.626296392690189,0.07109079860945808,0.07843085053358581,0.02532443182635817,0.015030954105348871,0.1183504445072009,0.8469722132742091,1.072120610999685,green,False
124.9,4198.331619152,FOLLOW,7.969060445867707,7.87371969494604,0.6264440199474027,0.08274725114258333,0.07854531623728524,0.024307871632573693,0.013749234239711486,0.11771069013635772,0.8471614557538211,1.0429512840992436,green,False
125.1,4198.531696302,FOLLOW,7.982557036666558,7.887215130810831,0.6266198746979132,0.07826020679850972,0.07658412158854035,0.027020183994607157,0.012985447557065669,0.15192216227541602,0.8805932079814699,1.0472808203032613,green,False
125.2,4198.681756292,FOLLOW,7.993036810116549,7.897693422949928,0.6267957632916958,0.07663602659984002,0.09188318688325134,0.01731920867725411,0.019338927757064556,-0.001464681970728868,0.7684969666779489,1.0586931964481672,green,False
125.4,4198.88167114,FOLLOW,8.007946611000214,7.9126001131658406,0.6271000389426595,0.09192206832978417,0.09089236452406876,0.016295433688026117,0.01886631890441561,-0.004562005847601022,0.7660749439185124,1.0914159193348785,green,False
125.6,4199.081537229,FOLLOW,8.025527082055094,7.930175701015223,0.6275139496104798,0.07804756493856033,0.07799810875684905,0.02490719297492524,0.010924106102914541,0.14286525600823352,0.882134651634269,1.0639535581580848,green,False
125.7,4199.231355489,FOLLOW,8.033487919732515,7.938133626757192,0.6277291821686379,0.07804746223597013,0.07801489619201556,0.024381530735332235,0.010575458318971678,0.14057092157903103,0.8785955069043809,1.062412604791745,green,False
125.9,4199.431740287,FOLLOW,8.050278781270428,7.954916602682127,0.6282433250406211,0.08666099260549508,0.08097030012366101,0.0036849952879758068,0.01722962669916476,-0.08394367023289531,0.8163555046188242,1.0525906199504296,green,False
126.1,4199.68143668,FOLLOW,8.070712190370028,7.975338434745555,0.628930952755018,0.08809854646042109,0.08727800358170447,0.010624590316606635,0.0182799783868711,-0.039614452545782025,0.7993473284137461,1.023377872618226,green,False
126.2,4199.781647259,FOLLOW,8.076650178740891,7.981272750046027,0.629139774954437,0.08730813621175147,0.08693460744394758,0.010099642596835446,0.018070086901229035,-0.04197069202287768,0.8004697627653901,1.0240584406899755,green,False
126.4,4200.032839123,FOLLOW,8.09436956234038,7.998980304775746,0.629787042488933,0.08663823820957375,0.07949995910173392,0.0015180539014342366,0.015877970191935886,-0.09269732768421972,0.8160295291756056,1.0147962018494192,green,False
126.6,4200.231510906,FOLLOW,8.107895539245085,8.012496662309559,0.6302970710364663,0.07948130168637196,0.07946329839855945,0.0010658237774541287,0.015433172215304249,-0.09356015322687043,0.8170816194480318,0.9734509081525817,green,False
126.7,4200.331905014,FOLLOW,8.116002635319456,8.020597934261419,0.6306043159639138,0.07948139114329876,0.08219944227729678,0.005215048111597374,0.015355766795907878,-0.059468255946135584,0.7868340496436375,0.9767176785890952,green,False
126.9,4200.532947595,FOLLOW,8.13277568182486,8.03735859583924,0.6312487490619998,0.08225417000500733,0.07902489282422524,-0.006837717834881462,0.009197010213994154,-0.11917328910742694,0.8547419485190608,0.9521411765741719,green,False
127.1,4200.781815663,FOLLOW,8.151935318387224,8.056503991436553,0.6319873104291953,0.08257393881006267,0.08254718626596039,0.0069392182321644826,-0.006708255320634796,0.10113871653159281,0.8618248120545358,0.9508162758737393,green,False
127.2,4200.882246123,FOLLOW,8.157550356576937,8.062114808504399,0.6322049921254996,0.08257420891956407,0.08221409717060375,0.006827354481302529,-0.006870614502602335,0.10152781872153395,0.8590136837944403,0.9444478327609669,green,False
127.4,4201.133410824,FOLLOW,8.174308926111262,8.078860215434602,0.632869042880904,0.08195534629551551,0.08501500488533847,0.007643361085318712,-0.006372808217313546,0.10283279698941569,0.890590264428408,0.9372269533151334,green,False
127.6,4201.331760698,FOLLOW,8.19151912081739,8.09605599070649,0.633573362998018,0.08413589109669707,0.08410763763129953,0.007220847533066045,-0.00675105891347786,0.10261738717618753,0.880707522245945,0.9216717553589413,green,False
127.7,4201.431736769,FOLLOW,8.200100973606185,8.104630285799399,0.633933444211311,0.0841357330511089,0.08300036536250469,0.005494868072012748,-0.007903351492170599,0.09707978319502619,0.8595375754062873,0.922717707919186,green,False
127.9,4201.681675276,FOLLOW,8.217019320876307,8.12153305472751,0.6346592796789309,0.08272141474741168,0.08622498552486131,0.009906993415807756,-0.0028492502200118605,0.09630356024033401,0.8915368187012487,0.9093018380324371,green,False
128.1,4201.881982949,FOLLOW,8.234522085704725,8.139018422514285,0.6354394117316348,0.08656635916177095,0.08646413473891378,0.008798451154672364,-0.0038650354523807502,0.09421014510971988,0.8902385953355199,0.8670837176279378,green,False
128.3,4202.08207344,FOLLOW,8.249228528318081,8.153709145967632,0.6361191616771125,0.0864932024730682,0.08676987415013365,0.008643075587314353,-0.003870780901771103,0.09280782439749054,0.8908515188160713,0.8658588622654328,green,False
128.5,4202.331613139,FOLLOW,8.270542192616603,8.174998124843707,0.6371445672711025,0.0917452873401943,0.09130570398801156,0.010208363416774457,0.0015139832195722076,0.06532934907623397,0.8851504959101818,0.8368205216325275,green,False
128.7,4202.532277893,FOLLOW,8.285970435914928,8.190406863986956,0.6379200462264725,0.0883020947745098,0.10614312203070077,0.01116706629709108,0.009361904440992788,0.0086420767551539,0.9036363712479437,0.8296588134461567,green,False
128.8,4202.632983617,FOLLOW,8.296753671269613,8.201175292955039,0.6384849255018282,0.10617532743425812,0.11262777197395196,0.01117014496078932,0.013794447644845938,-0.024979581434833874,0.9971771539880838,0.7862871263754674,green,False
129.0,4202.881593978,FOLLOW,8.319571549853574,8.223959697373173,0.6397203529760697,0.11462126006072501,0.1085096982883568,0.008992258796285256,0.007739130360957583,0.004362855059127633,0.9141102375309269,0.7874593503963689,green,False
129.2,4203.081628843,FOLLOW,8.342115390092694,8.246467863388602,0.6409880451877826,0.10794150597138522,0.1079120440434468,0.008580536615773356,0.006811699345151134,0.0082777369000587,0.9178767734649566,0.7485160676486169,green,False
129.3,4203.231420946,FOLLOW,8.353077739444524,8.257412006815256,0.6416195680674535,0.106483027659731,0.10645368399988585,0.008318290705518995,0.005572832734515167,0.015607327255039646,0.9217277309092737,0.780045730694525,green,False
129.5,4203.431720852,FOLLOW,8.371154978112608,8.275458018620204,0.6426816244930047,0.10610988432741943,0.10438609944814696,0.007830296736001403,0.0036937770177488576,0.02601704025544383,0.9264636902231247,0.7501665010698353,green,False
129.7,4203.682512122,FOLLOW,8.395997453301364,8.300255146985439,0.6441818972472353,0.10252908940616876,0.1007032800082142,0.007895689496372484,0.0013686057418817316,0.043788136862184544,0.9310608543907553,0.738341006453074,green,False
129.8,4203.784100436,FOLLOW,8.402910688123992,8.307155250399443,0.6446077936209325,0.10073263691263029,0.09851916163002551,0.008332233173825115,0.00027168718938929554,0.05524113407198235,0.9343744764223696,0.7004706343859706,green,False
130.0,4204.032086145,FOLLOW,8.42643996640205,8.330638015748786,0.6460864719810867,0.09620318690502334,0.0954455565603846,0.008654485958097103,-0.001658213350153901,0.0721600863490139,0.9388662963996016,0.7036906383222872,green,False
130.2,4204.231748463,FOLLOW,8.44272123764254,8.346885275024237,0.6471382857224109,0.09547548184699026,0.09203552064938064,0.009577968855734717,-0.003044822681758097,0.09033685048297756,0.9401751526620491,0.6834483582262554,green,False
130.3,4204.331920957,FOLLOW,8.452116416531478,8.356260070604716,0.647756822577262,0.0920665274072897,0.09076955455028456,0.010191380501036958,-0.0036920213178451566,0.10011341511173656,0.9457306648815392,0.6890067725619304,green,False
130.5,4204.582119988,FOLLOW,8.4710275114533,8.375128196422095,0.6490308741342444,0.09594366661670979,0.09978421003676921,0.005828149927206114,0.0013063606800616644,0.030713166545358855,0.9117694277231625,0.6437096713470647,green,False
130.7,4204.78178975,FOLLOW,8.491187530372251,8.3952396923769,0.6504287370891144,0.10163611430807738,0.09491689072783079,0.006973738187719258,0.0011802326004496481,0.04171476120231625,0.9125645165820668,0.6350029604306178,green,False
130.8,4204.882039684,FOLLOW,8.49765214938488,8.401688348464564,0.650882755852008,0.09494402702964441,0.08852254948379457,0.008790431782395624,0.000847718551113933,0.0613336004757953,0.9102473767118983,0.6271420502573972,green,False
131.0,4205.13151971,FOLLOW,8.51903624526548,8.423017843742663,0.6524098525497133,0.08881103375238511,0.07544777684785617,0.010080764634349955,0.001070186575965821,0.08294476451072548,0.9061885604285513,0.5931920170192211,green,False
131.2,4205.381856076,FOLLOW,8.53658820943961,8.440522279687869,0.6537006208182198,0.08493209813719693,0.08332361854006219,0.005678431853780582,0.0030278155293484354,0.025820304901169874,0.8937835526661708,0.5894602527840143,green,False
131.3,4205.481661358,FOLLOW,8.545129802316728,8.449040141320218,0.6543368918090136,0.08121799833482436,0.08119220938215044,0.005533178180598991,0.0030278155293484354,0.025820304901169874,0.8937835526661708,0.5820558907982387,green,False
131.5,4205.682510966,FOLLOW,8.558842046423349,8.4627134500082,0.6553694834605676,0.08163340309456597,0.07257457474883393,0.00849274396050859,0.003566096292446313,0.055213809366442344,0.8911508617121956,0.5703183349497167,green,False
131.7,4205.931815146,FOLLOW,8.575448268267664,8.479270426455146,0.6566473876687831,0.06614644905891275,0.06413181772767426,0.005385376620212097,0.002328069317524639,0.041158678368665685,0.8242892110674314,0.5502739039078468,green,False
131.8,4206.031707372,FOLLOW,8.581995042698168,8.485797110145564,0.6571598859083894,0.06415826633360559,0.06179534415787672,0.005587873043745439,0.002243380860957893,0.04607397727376264,0.8296768357527754,0.5422593154943363,green,False
132.0,4206.231823953,FOLLOW,8.592566547799406,8.49633552871898,0.6579956161279042,0.0609310607422881,0.05875224493358184,0.007167093629568961,0.003229953856197053,0.06079627014026139,0.8273701781858942,0.5385944650931185,green,False
132.2,4206.48218761,FOLLOW,8.603759680431821,8.507492331659686,0.6588966742812501,0.04040260254377611,0.03612673498727403,0.01842295643564237,-0.004842333633310242,0.3641567217574946,0.9399934757457211,0.5141475541851868,green,False
132.3,4206.582668257,FOLLOW,8.60745491349972,8.511174763183158,0.6592039885040487,0.03617397789398266,0.06447442021159819,5.840733407845318e-05,0.0012633018331759936,-0.00781037132824321,0.7890747955858453,0.5429709475410134,green,False
132.5,4206.831949902,FOLLOW,8.61875108152838,8.52243034908801,0.6601606156844734,0.032374300029342974,0.057994466203905005,0.0018750469684967166,0.0019646747783774016,0.008726851139017203,0.7791382181356467,0.5218359991404311,green,False
132.7,4207.035065164,FOLLOW,8.628004679684546,8.531649029610556,0.6609637391536378,0.04488755422749716,0.028735278227044168,0.017051204379301854,-0.006988549597246846,0.42661830561828445,0.7817905280237335,0.5215423854979606,green,False
132.8,4207.131192954,FOLLOW,8.633228675122087,8.536853138790676,0.6614191239481675,0.034659074756741404,0.030113297634766577,0.017868906242985403,-0.006988549597246846,0.42661830561828445,0.7817905280237335,0.5321665981621688,green,False
133.0,4207.381847531,FOLLOW,8.638498659052354,8.542102099271789,0.6618893642310785,0.01983305148204659,0.02108497231541994,0.012214414403037513,-0.0234862294724065,0.5062744639263251,0.6656477580616332,0.5093221137080874,green,False
133.2,4207.581591136,FOLLOW,8.641868009900639,8.545457298508493,0.6621978442418481,0.018482743604223792,0.017717170592507103,0.010456293884711258,-0.02368839393568481,0.5132071606635343,0.6678473155025746,0.47664985995151515,green,False
133.3,4207.681755563,FOLLOW,8.643679904357992,8.547261334928235,0.6623664083411533,0.017754397406300703,0.020425357160149205,0.012136107960376247,-0.023635579752241703,0.5150977678702482,0.6686789062543181,0.50381978491575,green,False
133.5,4207.931336623,FOLLOW,8.648316470219955,8.551876975199596,0.6628064026833433,0.020355716011224788,0.02012931414420522,0.012292790668189878,-0.0238056117030713,0.5248440097319372,0.6687172901173828,0.5029933076880682,green,False
133.7,4208.131455785,FOLLOW,8.651727867013806,8.55527219898772,0.6631381852029343,0.019913128848846176,0.01937998722115324,0.011938402482837007,-0.023252702932472336,0.5249401787928183,0.6678727802744772,0.49570422195804825,green,False
133.8,4208.232104276,FOLLOW,8.653709303706682,8.557243927209853,0.6633340902069578,0.019419610128165347,0.021100624506957828,0.013058130188953142,-0.023557680306877354,0.5279781487445021,0.6668544002091883,0.5141060034185627,green,False
134.0,4208.481866898,FOLLOW,8.65806738779214,8.56157982023838,0.6637733141650203,0.021613022605077522,0.024129002588253807,0.016066350977944774,-0.020204043502943803,0.5365220535782551,0.8531699643911047,0.4931295052388795,green,False
134.2,4208.682276278,FOLLOW,8.662863681654207,8.566350269036018,0.6642705411739389,0.02219686644323282,0.025509775629368073,0.0170247759056159,-0.020515524875990676,0.5388714446113553,0.8631023330795333,0.5023379220377471,green,False
134.3,4208.781561278,FOLLOW,8.66550899980074,8.568980656317292,0.664551199833418,0.02687124173279815,0.026836571930107647,0.017915449423193407,-0.0214090539330046,0.5433508209687938,0.8676471380493176,0.5127570397048717,green,False
134.5,4209.031929039,FOLLOW,8.671633259937659,8.575068448595568,0.6652185061046486,0.025015306446989526,0.02483053726208872,0.016813342931521005,-0.02187197700233584,0.5506527159414031,0.86672600657477,0.49858799396615633,green,False
134.7,4209.231968013,FOLLOW,8.674980847535956,8.578394945504535,0.6655936816622701,0.024295248287012888,0.021919217308211624,0.014899778125407851,-0.02157307851215312,0.5505952497922508,0.8685471588110227,0.4749258871155621,green,False
134.8,4209.331417157,FOLLOW,8.677224259005369,8.58062375110432,0.6658492590235644,0.021964288595211184,0.02096081872777644,0.01445301253203253,-0.021723507880176324,0.556460436717994,0.8687574417071948,0.4682687706495275,green,False
135.0,4209.581912247,FOLLOW,8.682446846334091,8.585810822113586,0.6664572761237578,0.020772465480341503,0.020625936845546408,0.014493818104103108,-0.021749252872852315,0.5634787696241924,0.8663810019576914,0.4672529241678423,green,False
135.2,4209.781457712,FOLLOW,8.686030736147538,8.589369070896117,0.6668852078503659,0.02124704611675425,0.02133178989494397,0.015119784620799591,-0.021655847519336163,0.5662110216841796,0.8638919489989348,0.47396691619489256,green,False
135.3,4209.93200185,FOLLOW,8.688938095695644,8.592254843906563,0.6672388333368678,0.021381769273669374,0.020451797639732948,0.014737543991242129,-0.02109016920226045,0.5696762073608119,0.8668373844436356,0.4668197248247305,green,False
135.5,4210.133187094,FOLLOW,8.692536141700696,8.59582516937037,0.6676845961587927,0.021610651268589787,0.02072475877610381,0.015056885413976191,-0.021403924197161223,0.5742257418159785,0.8642006893325695,0.4703575099713942,green,False
135.7,4210.381671275,FOLLOW,8.698065406557392,8.601309586604502,0.6683873752145831,0.02218537156434973,0.022136154872256494,0.016256443319151565,-0.02143188968369275,0.5784229165062765,0.8637566199401132,0.4828370556161245,green,False
135.8,4210.481543967,FOLLOW,8.69957401815341,8.602805474586994,0.6685828948443776,0.02218564834718299,0.020490320895632227,0.015255695813749413,-0.020928723108063874,0.5813075616984236,0.8637577304227397,0.46974178505409186,green,False
136.0,4210.7318955,FOLLOW,8.704651534385473,8.607838584031528,0.6692529334888909,0.02663690899295671,0.025906065707329732,0.01948947535238171,-0.0209479229794603,0.5853994473043008,0.8604485568964721,0.5163294636372453,green,False
136.2,4210.932014586,FOLLOW,8.709803311000712,8.612942719030492,0.6699519166463275,0.023951730495116192,0.023979134756363107,0.018280070430409523,-0.020889316044708034,0.590263864278568,0.8626103869457985,0.5007227338629068,green,False
136.3,4211.032016362,FOLLOW,8.711434688856938,8.614558454304463,0.670177289653675,0.024033144754105715,0.024833974217751766,0.01892678437796794,-0.020704340421769385,0.5893099821394175,0.8648150192473081,0.5071486944957528,green,False
136.5,4211.281943019,FOLLOW,8.717417030609864,8.620481075150646,0.671020448945568,0.0256004805830864,0.0234802611031951,0.01854590434555392,-0.014849152273018695,0.5764722409869549,0.8564199625160799,0.49521035394594354,green,False
136.7,4211.481543137,FOLLOW,8.721473537624513,8.624494890170872,0.6716074117976514,0.024326483872920756,0.02375600967818153,0.018798752041533903,-0.01526098652920213,0.5791716418566157,0.8548971295889264,0.49840164507341805,green,False
136.8,4211.6317181,FOLLOW,8.724715221824171,8.627701127860535,0.6720854820493773,0.02389620228826685,0.02419519398519085,0.01922247046864956,-0.01489545139019624,0.5791124912255279,0.8579505026014524,0.5013382426429502,green,False
137.0,4211.832071588,FOLLOW,8.72957765056306,8.632508106303664,0.6728177006235327,0.023415159311411155,0.020829885705464866,0.0168001711750957,-0.014540517556885318,0.5837693746316784,0.8537709244863562,0.4750111150583454,green,False
137.2,4212.03202298,FOLLOW,8.733146290494897,8.636034263990117,0.6733666951305096,0.02096501580539997,0.021387075486311524,0.017304948980406132,-0.014160573446508146,0.5833583250984825,0.8551654063228434,0.47932460542907235,green,False
137.3,4212.181754109,FOLLOW,8.736065557233982,8.638917626243789,0.6738231344987572,0.021562144040113525,0.01937150547335979,0.015771460227121416,-0.013459205418878628,0.582730677163322,0.8594520976464886,0.46151133912992975,green,False
137.5,4212.38232526,FOLLOW,8.739447660625435,8.642256808250574,0.6743602381498717,0.020582297720371134,0.02065423485064021,0.017010768918386095,-0.013767710979847497,0.5890902663986678,0.856800789131235,0.4738569226174327,green,False
137.7,4212.631363679,FOLLOW,8.744322396995372,8.647067106558566,0.6751502098256617,0.019638165552381594,0.019586227367372373,0.016192435597366096,-0.013563264482943871,0.5897782461832385,0.8538239900835181,0.46555684825370874,green,False
137.8,4212.731557224,FOLLOW,8.745657766061727,8.648384280014223,0.6753699016585377,0.01963722079104798,0.018562380206500948,0.015385413677368353,-0.012859918092147399,0.5876432933580904,0.8590387505757624,0.4556137021273084,green,False
138.0,4212.931937331,FOLLOW,8.749541278625731,8.652213509106643,0.6760169426297428,0.018528827841590167,0.01980011146189414,0.017087014142979768,-0.016300484721005648,0.6207029440013139,0.8477864068557585,0.47382304778379475,green,False
138.2,4213.132027941,FOLLOW,8.752667882932029,8.655294877400308,0.6765468657523007,0.01615214726644815,0.01971317863674725,0.01712057262358739,-0.015872619700042084,0.6215959795625958,0.8418618611049428,0.47443025046501747,green,False
138.3,4213.281903756,FOLLOW,8.755232956821622,8.657821785495074,0.6769877025615542,0.019905689682978598,0.019823678215258607,0.017237092635418175,-0.015808420281562097,0.6218364455185691,0.8480584910638647,0.47416730352108855,green,False
138.6,4213.684519597,FOLLOW,8.760840012758011,8.663341987254888,0.677970752625647,0.01796500664556359,0.017674833731087913,0.01552238353149192,-0.01573367135143497,0.6258917260077883,0.8438702125327089,0.45667799816096993,green,False
138.8,4213.931742561,FOLLOW,8.764277077957267,8.666723394541995,0.6785867826749551,0.013997784746727974,0.013960742165604187,0.01227611968872899,-0.015256267969648213,0.6243591363975093,0.8492904546759922,0.4227810422590949,green,False
139.0,4214.182035392,FOLLOW,8.766908186585434,8.66931061354563,0.6790653507361208,0.011783600544456343,0.013836083742462925,0.011866530693178787,-0.018872243760180624,0.6293106991797421,0.6622165630556465,0.45681457921289864,green,False
139.2,4214.48368724,FOLLOW,8.769618512236782,8.671974563506257,0.679564582543651,0.012711336714440758,0.013600588647261285,0.011661887073835276,-0.018967167608097718,0.6296265221096109,0.6605753244313501,0.45457593663562207,green,False
139.3,4214.633073384,FOLLOW,8.77054458568384,8.672884518571628,0.6797366109517372,0.013637077057426533,0.011733390890252417,0.0100639429879908,-0.018755486659567472,0.6288352597479642,0.6638489943428132,0.43259491956847856,green,False
139.5,4214.881746732,FOLLOW,8.773035441285897,8.675331324529239,0.68020297971454,0.01213012841608927,0.012672728012512935,0.010953432003811492,-0.018371628008694435,0.6304550569319791,0.6636975045269057,0.4434682467599979,green,False
139.7,4215.131836833,FOLLOW,8.775655097905908,8.677903540476768,0.6806992688908884,0.012942133324437895,0.011270117108185795,0.009764122073504976,-0.017770828822966517,0.6288562002376628,0.6647328281721848,0.42719287610933265,green,False
139.8,4215.231885974,FOLLOW,8.776425998356277,8.678660260606499,0.6808464495017102,0.01130429076542118,0.013210993432204948,0.011418450671941839,-0.0178759360255224,0.6282871389742043,0.6661959003888422,0.44868759327580393,green,False
140.0,4215.482826068,FOLLOW,8.779468365713027,8.681645679480685,0.6814323401242945,0.012360713818422296,0.019817544133157224,0.00714981868206695,-0.009853455080250054,0.3013754705508988,0.7264628505447805,0.439512719229682,green,False
140.2,4215.681465932,FOLLOW,8.782650657342872,8.684767080603073,0.6820518832905613,0.020567642351929625,0.02100768204043314,0.00776918474839522,-0.009784494764924795,0.3066296028758924,0.726551869338364,0.4489807462886995,green,False
140.3,4215.831569693,FOLLOW,8.785497393742476,8.687558705876064,0.682609320026146,0.021256854696246504,0.02046620147671644,0.00759022500055967,-0.008584755550370873,0.2999981985661763,0.7271509779551955,0.4436601719654278,green,False
140.5,4216.032307686,FOLLOW,8.789016577303336,8.691008913135288,0.6833026604452306,0.02083054778075455,0.020533625406545963,0.00812807376210543,-0.008140006543150266,0.3129777578721505,0.7297446330934636,0.4462842313484439,green,False
140.7,4216.284159978,FOLLOW,8.793123863541972,8.695034461735844,0.6841179854477122,0.01913891683512267,0.020350458270143573,0.00833554001937523,-0.007189556265172259,0.3158583021033015,0.7315066905919524,0.4452144264387809,green,False
140.8,4216.381763086,FOLLOW,8.795198671204036,8.69706745058847,0.6845324524756105,0.020383775389344192,0.013323550313183195,0.005457321174856981,-0.007189556265172259,0.3158583021033015,0.7315066905919524,0.3950726362607601,green,False
141.0,4216.636096953,FOLLOW,8.79835573431591,8.700160174495759,0.6851665698232405,0.019745000094496895,0.019373455200465926,0.00823549095825925,-0.0064553273725623805,0.32113213784350414,0.7316692753732149,0.43923035233514357,green,False
141.2,4216.885348157,FOLLOW,8.802620519455601,8.704336658880088,0.6860299152939451,0.024720856764335945,0.017290421275900216,0.007097421386925512,-0.00033289809374996426,0.2745843572894936,0.8233812112508803,0.4032922399608046,green,False
141.3,4216.981811469,FOLLOW,8.804395122831414,8.706074056136945,0.6863913952833071,0.017322124628217625,0.015614906452400597,0.006409651288518944,-0.00033289809374996426,0.2745843572894936,0.8233812112508803,0.3932827857985724,green,False
141.5,4217.182158817,FOLLOW,8.807462787310346,8.709076756107683,0.687019373725644,0.02173167876441548,0.020415393064642014,0.008640504355652624,0.00010294680839202652,0.2800753582903676,0.8263166901022478,0.42251663697725733,green,False
141.7,4217.43161247,FOLLOW,8.812634445062352,8.71413699240084,0.6880871009981693,0.02265364976114641,0.02175003082622237,0.009361032406996263,0.0014387185673852554,0.27643602639916887,0.8351257675579101,0.428458110472444,green,False
141.8,4217.535311679,FOLLOW,8.814839957260354,8.716294250131734,0.6885459286303212,0.0217846597207221,0.01630614501257928,0.0072092497791129825,0.001584815040679366,0.28306683703835245,0.834627287535206,0.3973080407798815,green,False
142.0,4217.732318583,FOLLOW,8.817626671765025,8.719019347602586,0.6891286983198817,0.016194450606042986,0.019454788047699182,0.008758140749359804,0.002324300910588023,0.28369479761733557,0.8379658166714296,0.4157415471022268,green,False
142.2,4217.981839788,FOLLOW,8.822149688897898,8.723440941931774,0.690081160653351,0.027765247900214268,0.020909926724704677,-0.001376660187861106,0.005503216271126397,-0.08096091470530978,0.7908157538976391,0.3927286186771104,green,False
142.3,4218.082033107,FOLLOW,8.824324089550336,8.725566467725036,0.6905395909061299,0.020931073881057163,0.021204280128440917,-0.0016991161243601043,0.007188609639321351,-0.10167810121244031,0.7829489428817465,0.3990699723886417,green,False
142.5,4218.281396724,FOLLOW,8.829115117365648,8.730249992739171,0.6915488187303014,0.02494373744437936,0.021968540746154185,-0.0018674524197725766,0.007570672937572666,-0.10745553926311616,0.7827634655925385,0.40384736160776186,green,False
142.7,4218.531850572,FOLLOW,8.833127737595387,8.734172833548307,0.6923928809152511,0.013521743777573739,0.0166220454890247,-0.0038202769438573946,0.011118760164371064,-0.22576322719969463,0.7136245428638376,0.40627999713341273,green,False
142.8,4218.631713608,FOLLOW,8.834820830528075,8.73582817878098,0.6927484028038533,0.016639974368986288,0.014413510202305971,-0.0016195485730534302,0.010383925999880493,-0.1441138446600499,0.7621342414494912,0.3750334419625928,green,False
143.0,4218.881702753,FOLLOW,8.838402492767855,8.73933024157271,0.6934993092495677,0.02073433517295819,0.01682078294108215,-0.001983810137751177,0.011021700541158197,-0.15196169107047408,0.7538393322947379,0.38980554580839666,green,False
143.2,4219.081392235,FOLLOW,8.841495722721078,8.74235491958545,0.6941469159404204,0.01338888964813932,0.01570804006498397,-0.0021398668787897443,0.012400117418576294,-0.17296190044847437,0.741564055239971,0.38849645636715935,green,False
143.3,4219.181764111,FOLLOW,8.843185300032758,8.74400709152228,0.6945004684565534,0.01572804832499232,0.0177096610526964,-0.0011342861002306874,0.014655935982615415,-0.1400258886829968,0.7238200786498863,0.3963431873939563,green,False
143.5,4219.382076731,FOLLOW,8.846571582520243,8.74731853091554,0.6952084784867864,0.016472602133047343,0.01645150795533771,-0.001201057871006351,0.015437336517597489,-0.15104855360464867,0.7205714053239333,0.3917371749104296,green,False
143.7,4219.581615565,FOLLOW,8.849390159268584,8.750074903965775,0.6957973608855187,0.016746172310911342,0.01574261995304225,-0.0013607758114864183,0.0165213591144504,-0.16694241491552084,0.7166915147829277,0.39080515512987724,green,False
143.8,4219.682308081,FOLLOW,8.850999355152545,8.751648629924272,0.696133363859337,0.015763450940922383,0.017312741935588204,-0.0015705756253153133,0.017063442765967628,-0.17326158140481115,0.8087651673336232,0.3894793996210595,green,False
144.0,4219.931775178,FOLLOW,8.854496354170129,8.755068675121548,0.6968629479292107,0.017386606575728703,0.013616986375905778,-0.0014315134892211436,0.0179349512515731,-0.18830898063463403,0.8018302715428615,0.3728502153254068,green,False
144.2,4220.134259359,FOLLOW,8.857494351647832,8.758000826890996,0.6974878278139939,0.01391687865550004,0.011970834334563949,-0.0014450496083871721,0.019595388930213453,-0.20907748109790697,0.7930137599321345,0.36704139577593264,green,False
144.3,4220.283207846,FOLLOW,8.859188106563357,8.759657383826163,0.6978408502371581,0.011833593785731636,0.011601806477177278,-0.0014991159934427006,0.019817691528696904,-0.21598866609113862,0.787670854433224,0.3661576955961728,green,False
144.5,4220.481619574,FOLLOW,8.861372353043505,8.761793740862817,0.6982957252517896,0.013619057070476802,0.009561319660832436,-0.0012310174277248363,0.02087367603608302,-0.22239636119142608,0.6908288601980688,0.36281179686771425,green,False
144.7,4220.681611592,FOLLOW,8.863258539690877,8.763638652309877,0.698688155897915,0.011165871689120725,0.011145611840359733,-0.0016172703260400826,0.021252235378910897,-0.23529084261416472,0.7768874105598075,0.36645768862503786,green,False
144.8,4220.781660517,FOLLOW,8.864017817428731,8.764381336793766,0.6988460243251468,0.011165842718635927,0.011972907919484178,-0.0018284068565069824,0.021829577131801864,-0.2437859409414848,0.7724160851439765,0.3727640106222656,green,False
145.0,4221.031593825,FOLLOW,8.866628683355716,8.766935169840487,0.6993887558010713,0.008727819928043492,0.01024477194592084,-0.0020977070372221293,0.016649955252947032,-0.244514128507228,0.7649402621271179,0.3629410558327396,green,False
145.2,4221.23131108,FOLLOW,8.868817815847468,8.76907622935786,0.6998450070152783,0.013444364753466408,0.013425621416124448,-0.00288259541818536,0.016605457166048304,-0.2505906028752994,0.7647207098993708,0.383284874908897,green,False
145.3,4221.332590489,FOLLOW,8.869732030505427,8.769970418746492,0.7000353061916269,0.013444323750841316,0.008863955474499,-0.004084756254658668,0.018264863113504892,-0.41135447288296645,0.7308953655307686,0.37174799999007213,green,False
145.5,4221.581558278,FOLLOW,8.8720613398331,8.772248916220425,0.7005191770068585,0.007602985310153954,0.007455021717094302,-0.0017326855771015626,0.01811537925063253,-0.2712303016187734,0.7535130255285327,0.3484235371290921,green,False
145.7,4221.781523152,FOLLOW,8.873256153501549,8.773417768283828,0.7007668956995321,0.006621341815717112,0.004394456238418803,-0.0010598891953924531,0.018212536797237736,-0.27736255706452767,0.7512476728455328,0.32889149382628236,green,False
145.8,4221.881834245,FOLLOW,8.873709439817867,8.773861219210753,0.700860809276226,0.0044149667299495255,0.004122761653054257,-0.0009974018801571477,0.01851502437100598,-0.2796912419869288,0.7529809182548834,0.32713580678019905,green,False
146.0,4222.134625354,FOLLOW,8.874815980808506,8.774943774238078,0.701089954590715,0.007533760102932187,0.009988440261179989,-0.0024740501610396068,0.019171645708349158,-0.2873463946376798,0.8440993951154752,0.3593070815686453,green,False
146.2,4222.33168774,FOLLOW,8.876413803593959,8.776506831487316,0.7014214506954491,0.007061424728807219,0.005654000259909823,-0.0014838273505538764,0.018874116058757426,-0.2947520870126399,0.7463955245399139,0.33837456490861234,green,False
146.3,4222.435810525,FOLLOW,8.87706830372753,8.777147109819545,0.7015571491904249,0.007936431545319395,0.008863659080186733,-0.0023613001342859753,0.019199438490916806,-0.2992079695559514,0.841002030846247,0.3537340005915342,green,False
146.5,4222.681606064,FOLLOW,8.878845790325714,8.778886071326943,0.7019252136471595,0.008195745859560752,0.00921707234374439,-0.0007381805544587238,0.02074340876799151,-0.19004511886027048,0.6321839889301848,0.36272801327895077,green,False
146.7,4222.882204095,FOLLOW,8.880238299034403,8.780248454175306,0.7022132995322398,0.006589090288206201,0.003740108065010465,-0.0031667968452224094,0.05700425376385215,-0.7722074769429115,0.7087328251790571,0.34510585268401506,green,False
146.8,4223.03185307,FOLLOW,8.88093728660465,8.780932339257891,0.7023578153291656,0.006450438318328081,0.006293898760034951,0.005422570432999655,0.022644577044314704,0.42638908105054757,0.8580182028389569,0.34420125787061684,green,False
147.0,4223.23166701,FOLLOW,8.882037338858458,8.78200849724367,0.7025858479135333,0.006699275749912534,0.004274825744432479,-0.0004933682499097825,0.022193864828524576,-0.22218530313822968,0.63028104002757,0.3307702290050797,green,False
147.2,4223.483333186,FOLLOW,8.883380462354895,8.783322267997908,0.7028651095611527,0.006696559395224375,0.00537880746047136,-0.0007392040408731231,0.022651415100561068,-0.23919424641213996,0.6272559973569898,0.3399669346368209,green,False
147.3,4223.582111796,FOLLOW,8.883750899946342,8.783684589559142,0.7029422269743378,0.005399684305345392,0.006396162490964742,-0.0008790181084094621,0.022651415100561068,-0.23919424641213996,0.6272559973569898,0.3475263355458482,green,False
147.5,4223.831916567,FOLLOW,8.88520739745535,8.785109199720578,0.7032453290675218,0.005901816439091574,0.009794671242090242,-0.0014619574989389737,0.023346208550425046,-0.2510926302597714,0.6253066944620302,0.37436462150318894,green,False
147.7,4224.032124865,FOLLOW,8.886568060407319,8.786440113742215,0.7035282982037225,0.0069214143894562275,0.0031928584609995938,-0.0008560394639244361,0.025532603016318392,-0.3383268563717547,0.7267565465596745,0.3236519083352889,green,False
147.8,4224.131848057,FOLLOW,8.886900758835804,8.786765546840627,0.703597446904,0.0032133601004867758,0.005030904260346353,-0.0008336669609022301,0.023733200323259054,-0.26392707971790724,0.6223917331936476,0.33913176409247847,green,False
147.8,4224.18235579,OBSTACLE_WAIT,8.887179294804323,8.787038002980369,0.7036553255500662,0.005051593041382452,0.0,0.0,0.023733200323259054,-0.26392707971790724,0.6223917331936476,0.29657893370365124,green,False
148.0,4224.331941694,OBSTACLE_WAIT,8.887358427675483,8.787213226692545,0.7036925443117511,1.683968539357554e-06,0.0,0.0,0.023794516280535097,-0.2675393702640833,0.6206679285980969,0.3287147496591207,green,False
148.2,4224.582653852,OBSTACLE_WAIT,8.887358770564088,8.787213562098582,0.7036926155534833,1.6775894286349457e-06,0.0,0.0,0.023908752688765758,-0.2707474088054149,0.620584806131568,0.3378613423198392,green,False
148.3,4224.681710797,OBSTACLE_WAIT,8.887358941510625,8.787213729314544,0.7036926510716569,1.6743361748534083e-06,0.0,0.0,0.023855149351060118,-0.2693857501402658,0.6220536997149311,0.3222848384833041,green,False
148.5,4224.881581904,OBSTACLE_WAIT,8.887359225713993,8.787214007315502,0.7036927101226733,1.6693693587427993e-06,0.0,0.0,0.0239932578396235,-0.2693723307331028,0.6224115184312699,0.34421568570408967,green,False
148.7,4225.132004596,OBSTACLE_WAIT,8.887359622208983,8.787214395156973,0.7036927925075663,1.6625778714173192e-06,0.0,0.0,0.024078445877232305,-0.2697563294381585,0.6210959353935207,0.3465154768423213,green,False
148.8,4225.23171361,OBSTACLE_WAIT,8.88735973519473,8.787214505676701,0.7036928159845492,1.6605278744057037e-06,0.0,0.0,0.024078445877232305,-0.2697563294381585,0.6210959353935207,0.3382982355673797,green,False
149.0,4225.481763275,OBSTACLE_WAIT,8.887360073304013,8.787214836406168,0.7036928862405537,1.6543348099173555e-06,0.0,0.0,0.02589305840156149,0.38477422922153964,0.7342420227318761,0.35582839264429583,green,False
149.2,4225.681741521,OBSTACLE_WAIT,8.887360410164812,8.787215165914008,0.7036929562389865,1.6483440199483543e-06,0.0,0.0,0.025994374385088406,0.38331539589845215,0.73363413938816,0.3391542748230976,green,False
149.3,4225.831614243,OBSTACLE_WAIT,8.887360634214437,8.787215385072889,0.7036930027966908,1.646929299347345e-06,0.0,0.0,0.02397907509768811,-0.2688402743670903,0.620228687343197,0.34741414051958824,green,False
149.5,4226.031723656,OBSTACLE_WAIT,8.887360914096968,8.787215658845666,0.703693060957658,1.645843828184522e-06,0.0,0.0,0.02394033738866891,-0.2697697459981043,0.6207306668984427,0.34218664414496375,green,False
149.7,4226.282029038,OBSTACLE_WAIT,8.887361249723183,8.787215987144904,0.7036931307041033,1.6446169263141216e-06,0.0,0.0,0.024172876456767564,-0.270458809609585,0.6211145383705026,0.3481723052372432,green,False
149.8,4226.43215409,OBSTACLE_WAIT,8.887361417442689,8.787216151202822,0.7036931655585565,1.6440072694489781e-06,0.0,0.0,0.025898454546868843,0.38198457641644423,0.7355163522267387,0.33442821715417287,green,False
150.0,4226.732984141,OBSTACLE_WAIT,8.887361808549818,8.78721653377107,0.7036932468378345,1.6426543822446132e-06,0.0,0.0,0.023893887060079305,-0.26845608156211537,0.6215416679521579,0.35556196070685775,green,False
150.2,4226.981866202,OBSTACLE_WAIT,8.887362143543534,8.78721686145059,0.7036933164576687,1.6416043185729734e-06,0.0,0.0,0.024078445877232305,-0.2697563294381585,0.6210959353935207,0.3458013150640172,green,False
150.3,4227.03291646,OBSTACLE_WAIT,8.887362199355033,8.787216916043473,0.7036933280568305,1.6414301543151566e-06,0.0,0.0,0.024078445877232305,-0.2697563294381585,0.6210959353935207,0.3458013150640172,green,False
150.5,4227.282016006,OBSTACLE_WAIT,8.88736253410004,8.787217243479269,0.7036933976270866,1.6403901155169078e-06,0.0,0.0,0.02397907509768811,-0.2688402743670903,0.620228687343197,0.3275998154667358,green,False
150.7,4227.531364705,OBSTACLE_WAIT,8.887362924368986,8.787217625226141,0.7036934787391937,1.6391877855465054e-06,0.0,0.0,0.02577654368704073,0.38402802254271373,0.7325033855311478,0.3510671134695002,green,False
150.8,4227.63205037,OBSTACLE_WAIT,8.887363035821968,8.787217734245296,0.7036935019036359,1.6388462234298742e-06,0.0,0.0,0.024078445877232305,-0.2697563294381585,0.6210959353935207,0.3303963113015741,green,False
151.0,4227.831424717,OBSTACLE_WAIT,8.887363370042085,8.787218061166701,0.7036935713693051,1.6378277930661284e-06,0.0,0.0,0.02397907509768811,-0.2688402743670903,0.620228687343197,0.3504182471767388,green,False
151.2,4228.084684307,OBSTACLE_WAIT,8.887363704055272,8.787218387885318,0.7036936407937623,1.6368176102047961e-06,0.0,0.0,0.02397907509768811,-0.2688402743670903,0.620228687343197,0.32388136903820913,green,False
151.3,4228.181993278,OBSTACLE_WAIT,8.887363870984808,8.78721855116911,0.7036936754906469,1.6363157142594455e-06,0.0,0.0,0.02397907509768811,-0.2688402743670903,0.620228687343197,0.3465470635905553,green,False
151.5,4228.432035424,OBSTACLE_WAIT,8.88736420469081,8.787218877586676,0.7036937448539461,1.6353179771355445e-06,0.0,0.0,0.02397907509768811,-0.2688402743670903,0.620228687343197,0.3234749998568469,green,False
151.7,4228.68174026,OBSTACLE_WAIT,8.887364538194136,8.787219203805616,0.7036938141769088,1.6343286682593538e-06,0.0,0.0,0.02589305840156149,0.38477422922153964,0.7342420227318761,0.3043679729238661,green,False
151.8,4228.781917094,OBSTACLE_WAIT,8.887364704870324,8.787219366841114,0.7036938488233716,1.633836870073839e-06,0.0,0.0,0.02397907509768811,-0.2688402743670903,0.620228687343197,0.33833136416823295,green,False
152.0,4229.032246844,OBSTACLE_WAIT,8.887365038072776,8.787219692765182,0.7036939180864747,1.6328598175033206e-06,0.0,0.0,0.023893887060079305,-0.26845608156211537,0.6215416679521579,0.3501479253025511,green,False
152.2,4229.235072188,OBSTACLE_WAIT,8.8873653710767,8.78722001849468,0.7036939873100932,1.6318905203560877e-06,0.0,0.0,0.023993940726374563,-0.27113111509442106,0.6192783537628421,0.3450213546841541,green,False
152.3,4229.331818889,OBSTACLE_WAIT,8.887365482034175,8.787220127028217,0.7036940103759175,1.6315694860548715e-06,0.0,0.0,0.02397907509768811,-0.2688402743670903,0.620228687343197,0.3218219188363099,green,False
152.5,4229.581766558,OBSTACLE_WAIT,8.88736581477596,8.787220452500792,0.7036940795474175,1.6306109617803955e-06,0.0,0.0,0.02589305840156149,0.38477422922153964,0.7342420227318761,0.33035783507677363,green,False
152.7,4229.832237311,OBSTACLE_WAIT,8.887366202728751,8.787220831977738,0.7036941601986174,1.6295028700285186e-06,0.0,0.0,0.02397907509768811,-0.2688402743670903,0.620228687343197,0.31314681226107893,green,False
152.8,4229.932433505,OBSTACLE_WAIT,8.88736636891374,8.787220994531824,0.7036941947474235,1.6290312870816924e-06,0.0,0.0,0.02398831763961455,-0.2691590663310857,0.6215466175202699,0.33458989503434644,green,False
153.0,4230.132113999,OBSTACLE_WAIT,8.887366645782134,8.787221265350828,0.7036942523075944,1.6282495637004211e-06,0.0,0.0,0.023993940726374563,-0.27113111509442106,0.6192783537628421,0.3493279172206452,green,False
153.2,4230.38239613,OBSTACLE_WAIT,8.887366977849464,8.787221590162368,0.7036943213450978,1.6273185089163286e-06,0.0,0.0,0.023993940726374563,-0.27113111509442106,0.6192783537628421,0.3517577524136047,green,False
153.3,4230.481707341,OBSTACLE_WAIT,8.887367143812133,8.787221752498551,0.7036943558497485,1.6268559056456099e-06,0.0,0.0,0.02397907509768811,-0.2688402743670903,0.620228687343197,0.3249504877686075,green,False
153.5,4230.682090983,OBSTACLE_WAIT,8.887367420312014,8.787222022956366,0.703694413336747,1.6260891282655333e-06,0.0,0.0,0.023993940726374563,-0.27113111509442106,0.6192783537628421,0.3353564482002417,green,False
153.7,4230.931610417,OBSTACLE_WAIT,8.887367751940491,8.787222347337764,0.7036944822871339,1.6251762196118984e-06,0.0,0.0,0.0239932578396235,-0.2693723307331028,0.6224115184312699,0.34068150099688127,green,False
153.8,4231.031664347,OBSTACLE_WAIT,8.887367917696452,8.787222509471318,0.7036945167508719,1.6250117628768815e-06,0.0,0.0,0.02397907509768811,-0.2688402743670903,0.620228687343197,0.3458431894585113,green,False
154.0,4231.281619995,OBSTACLE_WAIT,8.887368249185766,8.787222833716033,0.70369458567497,1.6248844067952952e-06,0.0,0.0,0.02392361831745217,-0.27303582524498105,0.6196169855832527,0.33514162674351333,green,False
154.2,4231.532015515,OBSTACLE_WAIT,8.887368635890619,8.787223211969094,0.7036946660818533,1.6247372410016318e-06,0.0,0.0,0.02397907509768811,-0.2688402743670903,0.620228687343197,0.3275129994514684,green,False
154.3,4231.637780379,OBSTACLE_WAIT,8.887368801610585,8.787223374066938,0.7036947005404588,1.624674451834073e-06,0.0,0.0,0.023893887060079305,-0.26845608156211537,0.6215416679521579,0.34494835015818714,green,False
154.5,4231.831824804,OBSTACLE_WAIT,8.88736907779636,8.787223644215947,0.7036947579695033,1.6245708593905418e-06,0.0,0.0,0.023893887060079305,-0.26845608156211537,0.6215416679521579,0.32301889912798465,green,False
154.7,4232.03171551,OBSTACLE_WAIT,8.887369409196076,8.787223968371709,0.7036948268811501,1.6244468621968856e-06,0.0,0.0,0.02589305840156149,0.38477422922153964,0.7342420227318761,0.3435825465162426,green,False
154.8,4232.181469428,OBSTACLE_WAIT,8.88736957488357,8.787224130437355,0.703694861335064,1.6243227077257429e-06,0.0,0.0,0.023993940726374563,-0.27113111509442106,0.6192783537628421,0.33725129048538804,green,False
155.0,4232.381655777,OBSTACLE_WAIT,8.887369906216795,8.787224454527516,0.7036949302355313,1.6240169585031284e-06,0.0,0.0,0.02392361831745217,-0.27303582524498105,0.6196169855832527,0.32655211197320144,green,False
155.2,4232.581750797,OBSTACLE_WAIT,8.887370182273893,8.787224724549619,0.703694987642722,1.6237157789778151e-06,0.0,0.0,0.02589305840156149,0.38477422922153964,0.7342420227318761,0.3454610035982198,green,False
155.3,4232.731820655,OBSTACLE_WAIT,8.887370403082816,8.78722494053116,0.7036950335617124,1.6234762300820461e-06,0.0,0.0,0.023993940726374563,-0.27113111509442106,0.6192783537628421,0.3584269371910611,green,False
155.5,4232.931520347,OBSTACLE_WAIT,8.887370679048319,8.787225210463204,0.7036950909520595,1.6231787401468564e-06,0.0,0.0,0.02397907509768811,-0.2688402743670903,0.620228687343197,0.350193332977305,green,False
155.7,4233.185488912,OBSTACLE_WAIT,8.88737106531541,8.78722558828486,0.7036951712830092,1.6227655786130115e-06,0.0,0.0,0.02577654368704073,0.38402802254271373,0.7325033855311478,0.33039825565172415,green,False
155.8,4233.281814781,OBSTACLE_WAIT,8.887371175659426,8.787225696216195,0.7036951942314037,1.6226484355113184e-06,0.0,0.0,0.02397907509768811,-0.2688402743670903,0.620228687343197,0.3402171068311423,green,False
156.0,4233.531687166,OBSTACLE_WAIT,8.887371561796666,8.787226073910185,0.7036952745384337,1.6221462403276392e-06,0.0,0.0,0.023993940726374563,-0.27113111509442106,0.6192783537628421,0.3478952522132135,green,False
156.2,4233.731676285,OBSTACLE_WAIT,8.887371837521735,8.787226343605957,0.7036953318839199,1.6216811892432576e-06,0.0,0.0,0.025820203641502393,0.38497778602956056,0.7339902498831183,0.3379165708525593,green,False
156.3,4233.832413565,OBSTACLE_WAIT,8.88737200292201,8.787226505389288,0.7036953662845675,1.6214613764627122e-06,0.0,0.0,0.02397907509768811,-0.2688402743670903,0.620228687343197,0.3468686966889485,green,False
156.5,4234.081974603,OBSTACLE_WAIT,8.887372333654483,8.787226828889082,0.7036954350730238,1.6210165515194597e-06,0.0,0.0,0.025820203641502393,0.38497778602956056,0.7339902498831183,0.3480528010045201,green,False
156.7,4234.332297006,OBSTACLE_WAIT,8.887372664296608,8.787227152300133,0.7036955038444462,1.6205756904280414e-06,0.0,0.0,0.02397907509768811,-0.2688402743670903,0.620228687343197,0.31312911155937856,green,False
156.8,4234.432107356,OBSTACLE_WAIT,8.887372829584018,8.7872273139726,0.7036955382238167,1.620356357260916e-06,0.0,0.0,0.023893887060079305,-0.26845608156211537,0.6215416679521579,0.3542890390873879,green,False
157.0,4234.631561501,OBSTACLE_WAIT,8.887373105013511,8.787227583378066,0.70369559551344,1.6199931819394545e-06,0.0,0.0,0.02397907509768811,-0.2688402743670903,0.620228687343197,0.3571740725182382,green,False
157.2,4234.881624564,OBSTACLE_WAIT,8.88737349051417,8.78722796044685,0.7036956757000264,1.619544173425823e-06,0.0,0.0,0.023893887060079305,-0.26845608156211537,0.6215416679521579,0.3292277842466023,green,False
157.3,4234.98161284,OBSTACLE_WAIT,8.887373600639611,8.787228068163477,0.7036956986072559,1.6194408081643753e-06,0.0,0.0,0.023993940726374563,-0.27113111509442106,0.6192783537628421,0.3616849131105956,green,False
157.5,4235.182125823,OBSTACLE_WAIT,8.887373930973931,8.787228391272023,0.7036957673213733,1.6191328817898839e-06,0.0,0.0,0.025358875201604764,0.443170605914134,0.7105607399453201,0.3320698499611069,green,False
157.7,4235.432055292,OBSTACLE_WAIT,8.887374261245657,8.787228714318974,0.7036958360242174,1.6188273535064491e-06,0.0,0.0,0.02397907509768811,-0.2688402743670903,0.620228687343197,0.2963060998268549,green,False
157.8,4235.53143499,OBSTACLE_WAIT,8.887374426358214,8.787228875819514,0.7036958703714465,1.6186754047808172e-06,0.0,0.0,0.024008806355060988,-0.2734190419261492,0.6183170750851148,0.3300409060023141,green,False
158.0,4235.781783206,OBSTACLE_WAIT,8.887374756537033,8.787229198775034,0.7036959390575834,1.6183736918876314e-06,0.0,0.0,0.0239932578396235,-0.2693723307331028,0.6224115184312699,0.3374307865147507,green,False
158.2,4235.981985792,OBSTACLE_WAIT,8.887375086654547,8.787229521670218,0.7036960077327113,1.6180744396238124e-06,0.0,0.0,0.023893887060079305,-0.26845608156211537,0.6215416679521579,0.3482221543674256,green,False
158.3,4236.131522713,OBSTACLE_WAIT,8.887375251690473,8.78722968309534,0.7036960420661801,1.6179257490676791e-06,0.0,0.0,0.02589305840156149,0.38477422922153964,0.7342420227318761,0.34484980107599505,green,False
158.5,4236.331958529,OBSTACLE_WAIT,8.887375581716988,8.787230005900959,0.7036961107249904,1.6176301030419292e-06,0.0,0.0,0.025820203641502393,0.38497778602956056,0.7339902498831183,0.32771343671705394,green,False
158.7,4236.583297758,OBSTACLE_WAIT,8.88737591168346,8.787230328647478,0.7036961793730504,1.6173371755156197e-06,0.0,0.0,0.02512275195059463,0.43352035657392296,0.8539354925483019,0.34584492741933115,green,False
158.8,4236.681526656,OBSTACLE_WAIT,8.887376076644346,8.787230489998738,0.7036962136930818,1.6171914953242094e-06,0.0,0.0,0.02512275195059463,0.43352035657392296,0.8539354925483019,0.3441218634064968,green,False
159.0,4236.881817347,OBSTACLE_WAIT,8.887376351546234,8.787230758885098,0.7036962708872518,1.6169500951163515e-06,0.0,0.0,0.02509038928655556,0.43552281539826554,0.8522672285684568,0.31008651262919734,green,False
159.2,4237.131667975,OBSTACLE_WAIT,8.887376736340254,8.78723113525845,0.7036963509468375,1.6166148153640812e-06,0.0,0.0,0.024008806355060988,-0.2734190419261492,0.6183170750851148,0.34957115631322255,green,False
159.3,4237.232344373,OBSTACLE_WAIT,8.887376846266793,8.787231242779312,0.7036963738183992,1.6165199003383965e-06,0.0,0.0,0.02397907509768811,-0.2688402743670903,0.620228687343197,0.34802036050931023,green,False
159.5,4237.432174816,OBSTACLE_WAIT,8.88737717600772,8.787231565303802,0.7036964424261885,1.6162358653736517e-06,0.0,0.0,0.023993940726374563,-0.27113111509442106,0.6192783537628421,0.3475037907045423,green,False
159.7,4237.681829915,OBSTACLE_WAIT,8.887377560632613,8.787231941510653,0.7036965224556411,1.6159077980289122e-06,0.0,0.0,0.02397907509768811,-0.2688402743670903,0.620228687343197,0.3305922251181025,green,False
159.8,4237.782085924,OBSTACLE_WAIT,8.887377670511128,8.787232048984233,0.703696545318655,1.6158145995965792e-06,0.0,0.0,0.02589305840156149,0.38477422922153964,0.7342420227318761,0.34573996154610387,green,False
160.0,4238.033453754,OBSTACLE_WAIT,8.887378055036216,8.787232425092819,0.7036966253303705,1.6154904777012854e-06,0.0,0.0,0.02382356465115691,-0.2703636207675242,0.6218839434215929,0.33026565644853284,green,False
160.2,4238.231857726,OBSTACLE_WAIT,8.887378329649959,8.787232693695497,0.7036966824732478,1.615260980138482e-06,0.0,0.0,0.02512275195059463,0.43352035657392296,0.8539354925483019,0.35507214895716344,green,False
160.3,4238.331867272,OBSTACLE_WAIT,8.887378494399512,8.787232854838697,0.7036967167556624,1.6151240108411159e-06,0.0,0.0,0.0239932578396235,-0.2693723307331028,0.6224115184312699,0.36111326239564306,green,False
160.5,4238.532111035,OBSTACLE_WAIT,8.88737876895115,8.787233123380222,0.7036967738875376,1.6148969121372352e-06,0.0,0.0,0.02397907509768811,-0.2688402743670903,0.620228687343197,0.33130999156082125,green,False
160.7,4238.781879671,OBSTACLE_WAIT,8.887379153258879,8.787233499274778,0.703696853860741,1.6145817088776971e-06,0.0,0.0,0.023855149351060118,-0.2693857501402658,0.6220536997149311,0.34667652787829517,green,False
160.8,4238.881670081,OBSTACLE_WAIT,8.88737926304734,8.787233606659685,0.7036968767077983,1.6144921189150348e-06,0.0,0.0,0.025345099399759582,0.44372465612467227,0.7116860130430707,0.31635509084468,green,False
161.0,4239.132224449,OBSTACLE_WAIT,8.887379647259202,8.787233982459833,0.7036969566640698,1.614180853020464e-06,0.0,0.0,0.023893887060079305,-0.26845608156211537,0.6215416679521579,0.3446171546534777,green,False
161.2,4239.331675554,OBSTACLE_WAIT,8.887379921651066,8.787234250844012,0.7036970137677248,1.6139603361432322e-06,0.0,0.0,0.02397907509768811,-0.2688402743670903,0.620228687343197,0.32493737025139796,green,False
161.3,4239.482566101,OBSTACLE_WAIT,8.887380141137651,8.787234465524856,0.7036970594459093,1.6137851524706963e-06,0.0,0.0,0.02392361831745217,-0.27303582524498105,0.6196169855832527,0.32179968204304443,green,False
161.5,4239.682041033,OBSTACLE_WAIT,8.887380415462461,8.787234733842993,0.7036971165377582,1.6135671844421583e-06,0.0,0.0,0.023993940726374563,-0.27113111509442106,0.6192783537628421,0.3489788845777371,green,False
161.7,4239.881695632,OBSTACLE_WAIT,8.887380744603558,8.787235055776812,0.7036971850394228,1.6133079411048963e-06,0.0,0.0,0.02501494865299067,0.4358773932679273,0.8520333837487108,0.31215455807675835,green,False
161.8,4239.98162624,OBSTACLE_WAIT,8.887380909154322,8.787235216724232,0.7036972192867817,1.6131790908902632e-06,0.0,0.0,0.02589305840156149,0.38477422922153964,0.7342420227318761,0.32961575056457243,green,False
162.0,4240.181917402,OBSTACLE_WAIT,8.887381183376476,8.787235484941249,0.7036972763606053,1.61296530614976e-06,0.0,0.0,0.024078445877232305,-0.2697563294381585,0.6210959353935207,0.32870727349586765,green,False
162.2,4240.432031427,OBSTACLE_WAIT,8.88738156721473,8.787235860373476,0.7036973562508153,1.6123743164082972e-06,0.0,0.0,0.02536225587043879,0.44124876950582054,0.7127514356817388,0.35607066265561016,green,False
162.3,4240.532986929,OBSTACLE_WAIT,8.887381676844853,8.78723596760262,0.7036973790691179,1.6120459525052895e-06,0.0,0.0,0.023908752688765758,-0.2707474088054149,0.620584806131568,0.34105610052026064,green,False
162.5,4240.782066186,OBSTACLE_WAIT,8.88738206037501,8.787236342732863,0.7036974588981973,1.610903422622718e-06,0.0,0.0,0.023993940726374563,-0.27113111509442106,0.6192783537628421,0.3246688034637695,green,False
162.7,4240.981637938,OBSTACLE_WAIT,8.887382334159305,8.787236610520548,0.7036975158858741,1.6100940377245966e-06,0.0,0.0,0.023993940726374563,-0.27113111509442106,0.6192783537628421,0.34036022652532394,green,False
162.8,4241.081768848,OBSTACLE_WAIT,8.887382498364012,8.787236771128612,0.703697550065337,1.609611144819398e-06,0.0,0.0,0.023893887060079305,-0.26845608156211537,0.6215416679521579,0.3114134042858079,green,False
163.0,4241.333325073,OBSTACLE_WAIT,8.887382881317546,8.787237145693805,0.7036976297793556,1.6084922459484743e-06,0.0,0.0,0.02589305840156149,0.38477422922153964,0.7342420227318761,0.34529978704216785,green,False
163.2,4241.532131387,OBSTACLE_WAIT,8.88738320935239,8.787237466542877,0.7036976980635635,1.6075416732498116e-06,0.0,0.0,0.02397907509768811,-0.2688402743670903,0.620228687343197,0.32549092341757874,green,False
163.3,4241.631556073,OBSTACLE_WAIT,8.887383318654345,8.787237573450437,0.7036977208163925,1.6072266016293847e-06,0.0,0.0,0.02397907509768811,-0.2688402743670903,0.620228687343197,0.3680595775051633,green,False
163.5,4241.831580623,OBSTACLE_WAIT,8.887383646431658,8.787237894047138,0.7036977890492423,1.6062641497382433e-06,0.0,0.0,0.02387001497974653,-0.2716758990430742,0.6211145383705026,0.3196233745829677,green,False
163.7,4242.031512491,OBSTACLE_WAIT,8.887383919422483,8.787238161057285,0.7036978458785653,1.6053874742727306e-06,0.0,0.0,0.025994374385088406,0.38331539589845215,0.73363413938816,0.3409580850473564,green,False
163.8,4242.181474896,OBSTACLE_WAIT,8.88738413770454,8.787238374557043,0.7036978913198406,1.604648908465591e-06,0.0,0.0,0.02397907509768811,-0.2688402743670903,0.620228687343197,0.32795816570147013,green,False
164.0,4242.381508994,OBSTACLE_WAIT,8.887384410416361,8.787238641293854,0.7036979480931798,1.6037317036975616e-06,0.0,0.0,0.02397907509768811,-0.2688402743670903,0.620228687343197,0.32717361939088563,green,False
164.2,4242.631596873,OBSTACLE_WAIT,8.88738479195208,8.787239014469856,0.7036980275235063,1.6024583238860818e-06,0.0,0.0,0.02589305840156149,0.38477422922153964,0.7342420227318761,0.3719730155964993,green,False
164.3,4242.73180935,OBSTACLE_WAIT,8.887384955374891,8.787239174311809,0.7036980615465117,1.6019160885463991e-06,0.0,0.0,0.023794516280535097,-0.2675393702640833,0.6206679285980969,0.3359336954904954,green,False
164.5,4242.984661866,OBSTACLE_WAIT,8.88738528205523,8.78723949383379,0.7036981295593588,1.6008389652613228e-06,0.0,0.0,0.023879704318143943,-0.26792375667043494,0.619357554820947,0.33191558816953104,green,False
164.7,4243.186431202,OBSTACLE_WAIT,8.887385554121593,8.787239759938249,0.7036981862031761,1.5999481734666365e-06,0.0,0.0,0.025718887657975448,0.38643465708683417,0.7345841196859679,0.33105259794025227,green,False
164.8,4243.281932544,OBSTACLE_WAIT,8.887385662905809,8.787239866338563,0.7036982088522132,1.599593202775174e-06,0.0,0.0,0.023879704318143943,-0.26792375667043494,0.619357554820947,0.33164132525751927,green,False
165.0,4243.532752548,OBSTACLE_WAIT,8.887386043461428,8.787240238554363,0.7036982880859077,1.5983599439869315e-06,0.0,0.0,0.023794516280535097,-0.2675393702640833,0.6206679285980969,0.3242066779879633,green,False
165.2,4243.781738917,OBSTACLE_WAIT,8.88738642372483,8.787240610483872,0.7036983672610038,1.5971383788431895e-06,0.0,0.0,0.023879704318143943,-0.26792375667043494,0.619357554820947,0.3491240732728948,green,False
165.3,4243.881697931,OBSTACLE_WAIT,8.887386532318478,8.787240716697482,0.7036983898718272,1.5968060577469329e-06,0.0,0.0,0.025718887657975448,0.38643465708683417,0.7345841196859679,0.34744026510524556,green,False
165.5,4244.081656638,OBSTACLE_WAIT,8.88738685796907,8.787241035210585,0.7036984576782513,1.5958523154771982e-06,0.0,0.0,0.02397907509768811,-0.2688402743670903,0.620228687343197,0.32506375301115176,green,False
165.7,4244.331865108,OBSTACLE_WAIT,8.887387183429636,8.787241353537478,0.7036985254467459,1.5949729770583609e-06,0.0,0.0,0.025791742418034558,0.38623134091597594,0.7348018593714761,0.3377500308788323,green,False
165.8,4244.431726033,OBSTACLE_WAIT,8.887387346095375,8.787241512637664,0.7036985593181659,1.5945554700142604e-06,0.0,0.0,0.023893887060079305,-0.26845608156211537,0.6215416679521579,0.331949217211563,green,False
166.0,4244.632217507,OBSTACLE_WAIT,8.88738761711056,8.78724177771214,0.7036986157517888,1.593863429937139e-06,0.0,0.0,0.023824247537907975,-0.27212143802489297,0.6187465018619124,0.3387495506455073,green,False
166.2,4244.83395276,OBSTACLE_WAIT,8.887387942174081,8.78724209564988,0.7036986834414138,1.5930391507269933e-06,0.0,0.0,0.023879704318143943,-0.26792375667043494,0.619357554820947,0.3515314033813617,green,False
166.3,4244.98173853,OBSTACLE_WAIT,8.887388158789975,8.787242307517102,0.7036987285493433,1.5924932432263763e-06,0.0,0.0,0.023794516280535097,-0.2675393702640833,0.6206679285980969,0.3649542510176504,green,False
166.5,4245.181827639,OBSTACLE_WAIT,8.887388429455818,8.78724257224917,0.7036987849136077,1.5918155374527932e-06,0.0,0.0,0.023879704318143943,-0.26792375667043494,0.619357554820947,0.345922528749272,green,False
166.7,4245.382096881,OBSTACLE_WAIT,8.88738875410328,8.78724288977911,0.7036988525206559,1.5910080146942531e-06,0.0,0.0,0.023894569946830355,-0.27021575698358424,0.6184087463358912,0.3245962326483095,green,False
166.8,4245.532045013,OBSTACLE_WAIT,8.88738891636573,8.787243048484013,0.7036988863120232,1.5906219463659397e-06,0.0,0.0,0.02390943557551678,-0.27250485078375547,0.6174490425823885,0.3477214561312273,green,False
167.0,4245.731637977,OBSTACLE_WAIT,8.887389186720586,8.787243312911242,0.7036989426146766,1.5900276250327867e-06,0.0,0.0,0.023879704318143943,-0.26792375667043494,0.619357554820947,0.32600758439033156,green,False
167.2,4245.931907375,OBSTACLE_WAIT,8.887389511013549,8.787243630093647,0.7036990101516732,1.5893196793246509e-06,0.0,0.0,0.023894569946830355,-0.27021575698358424,0.6184087463358912,0.32899327309643606,green,False
167.3,4246.081998811,OBSTACLE_WAIT,8.887389727128896,8.787243841470186,0.7036990551605804,1.5888510418589123e-06,0.0,0.0,0.023879704318143943,-0.26792375667043494,0.619357554820947,0.3334583703094577,green,False
167.5,4246.282329846,OBSTACLE_WAIT,8.887389997183739,8.787244105603264,0.7036991114041148,1.5882690754399183e-06,0.0,0.0,0.025987157989886545,-0.3512951989742435,0.723805937172585,0.32848672648414556,green,False
167.7,4246.48345072,OBSTACLE_WAIT,8.887390321119428,8.787244422435375,0.7036991788707292,1.587575583302845e-06,0.0,0.0,0.023894569946830355,-0.27021575698358424,0.6184087463358912,0.32424116406802006,green,False
167.8,4246.581970667,OBSTACLE_WAIT,8.887390483034388,8.787244580799577,0.7036992125936244,1.5872313482829903e-06,0.0,0.0,0.023879704318143943,-0.26792375667043494,0.619357554820947,0.3132775257775411,green,False
168.0,4246.781953145,OBSTACLE_WAIT,8.887390806759253,8.787244897424975,0.7036992800187384,1.5865467020903113e-06,0.0,0.0,0.023879704318143943,-0.26792375667043494,0.619357554820947,0.35046969633434266,green,False
168.2,4247.032088719,OBSTACLE_WAIT,8.887391130345017,8.787245213913982,0.7036993474164815,1.585867111178513e-06,0.0,0.0,0.025791742418034558,0.38623134091597594,0.7348018593714761,0.3506783619794448,green,False
168.3,4247.131486876,OBSTACLE_WAIT,8.887391292086098,8.787245372107693,0.7036993811051633,1.5855298351427295e-06,0.0,0.0,0.025718887657975448,0.38643465708683417,0.7345841196859679,0.3514856861602901,green,False
168.5,4247.331833683,OBSTACLE_WAIT,8.887391615465363,8.787245688394218,0.7036994484622946,1.5848590082323301e-06,0.0,0.0,0.023894569946830355,-0.27021575698358424,0.6184087463358912,0.35353151432545427,green,False
168.7,4247.582089863,OBSTACLE_WAIT,8.887391938708388,8.787246004547152,0.7036995157926433,1.584194142080177e-06,0.0,0.0,0.023879704318143943,-0.26792375667043494,0.619357554820947,0.3578163137388353,green,False
168.8,4247.681429921,OBSTACLE_WAIT,8.887392100279174,8.787246162573876,0.7036995494478485,1.5838636165682464e-06,0.0,0.0,0.02499834961090676,0.4363440713458131,0.8529669232309182,0.357353584968699,green,False
169.0,4247.882185886,OBSTACLE_WAIT,8.887392369489126,8.78724642587851,0.7036996055251853,1.5833162440780484e-06,0.0,0.0,0.023809381909221536,-0.26983185584938213,0.6197126699297122,0.35545973139430814,green,False
169.2,4248.131337546,OBSTACLE_WAIT,8.887392746227318,8.78724679435228,0.7036996840028685,1.5825556876716867e-06,0.0,0.0,0.023879704318143943,-0.26792375667043494,0.619357554820947,0.33031935885197317,green,False
169.3,4248.23167425,OBSTACLE_WAIT,8.887392853833642,8.787246899597982,0.7036997064185535,1.582339764072285e-06,0.0,0.0,0.025791742418034558,0.38623134091597594,0.7348018593714761,0.3455955472432219,green,False
169.5,4248.481737729,OBSTACLE_WAIT,8.887393230340576,8.787247267844974,0.7036997848508406,1.5815884488165358e-06,0.0,0.0,0.023879704318143943,-0.26792375667043494,0.619357554820947,0.3300153829834429,green,False
169.7,4248.681777512,OBSTACLE_WAIT,8.887393499165096,8.787247530771646,0.7036998408525135,1.5810566142482543e-06,0.0,0.0,0.02397907509768811,-0.2688402743670903,0.620228687343197,0.3288418718196358,green,False
169.8,4248.835774976,OBSTACLE_WAIT,8.887393714159789,8.787247741049317,0.703699885641118,1.580633561566087e-06,0.0,0.0,0.023794516280535097,-0.2675393702640833,0.6206679285980969,0.3508165204658312,green,False
170.0,4249.031664437,OBSTACLE_WAIT,8.887393982822525,8.787248003817336,0.7036999416110624,1.5801081575528495e-06,0.0,0.0,0.023894569946830355,-0.27021575698358424,0.6184087463358912,0.351572545123722,green,False
170.2,4249.282158485,OBSTACLE_WAIT,8.887394305100354,8.787248319023771,0.7037000087519747,1.579482567856456e-06,0.0,0.0,0.023794516280535097,-0.2675393702640833,0.6206679285980969,0.3633969950525842,green,False
170.3,4249.383060919,OBSTACLE_WAIT,8.887394412497995,8.787248424064828,0.7037000311267331,1.579274828821776e-06,0.0,0.0,0.02495527164138088,0.43469810834925515,0.8544193537868388,0.3493689354415656,green,False
170.5,4249.632004088,OBSTACLE_WAIT,8.887394788279082,8.787248791600001,0.703700109416708,1.5785535633595462e-06,0.0,0.0,0.025718887657975448,0.38643465708683417,0.7345841196859679,0.3635457644402343,green,False
170.7,4249.832479387,OBSTACLE_WAIT,8.887395056589435,8.787249054022437,0.7037001653176126,1.578042521609096e-06,0.0,0.0,0.02397907509768811,-0.2688402743670903,0.620228687343197,0.3176855466663742,green,False
170.8,4249.982019336,OBSTACLE_WAIT,8.88739527117535,8.78724926389922,0.7037002100261267,1.577636127874997e-06,0.0,0.0,0.023894569946830355,-0.27021575698358424,0.6184087463358912,0.34433748089487837,green,False
171.0,4250.232009431,OBSTACLE_WAIT,8.887395592950984,8.787249578613142,0.7037002770686965,1.5770308613581369e-06,0.0,0.0,0.02589305840156149,0.38477422922153964,0.7342420227318761,0.3080307801480121,green,False
171.2,4250.53197081,OBSTACLE_WAIT,8.887395968200552,8.787249945627034,0.7037003552546428,1.5763311113270374e-06,0.0,0.0,0.025718887657975448,0.38643465708683417,0.7345841196859679,0.34887216338866445,green,False
171.3,4250.582151172,OBSTACLE_WAIT,8.887396021794068,8.787249998044285,0.7037003664214105,1.5762315120700172e-06,0.0,0.0,0.023879704318143943,-0.26792375667043494,0.619357554820947,0.34887216338866445,green,False
171.5,4250.832242447,OBSTACLE_WAIT,8.88739634328437,8.787250312478358,0.7037004334081819,1.5756379893844431e-06,0.0,0.0,0.023879704318143943,-0.26792375667043494,0.619357554820947,0.35557029461820694,green,False
171.7,4251.081612475,OBSTACLE_WAIT,8.887396664654077,8.787250626794153,0.7037005003713842,1.575049206773049e-06,0.0,0.0,0.025791742418034558,0.38623134091597594,0.7348018593714761,0.3528072492252986,green,False
171.8,4251.181658057,OBSTACLE_WAIT,8.887396825294017,8.787250783907997,0.703700533844212,1.5747567491505782e-06,0.0,0.0,0.023879704318143943,-0.26792375667043494,0.619357554820947,0.3298885436121023,green,False
172.0,4251.382087372,OBSTACLE_WAIT,8.887397092961143,8.787251045699565,0.703700589619347,1.5742716350186367e-06,0.0,0.0,0.025791742418034558,0.38623134091597594,0.7348018593714761,0.35261896607301507,green,False
172.2,4251.631855817,OBSTACLE_WAIT,8.887397467557253,8.787251412072532,0.7037006676776241,1.5735986584325205e-06,0.0,0.0,0.023840966609124728,-0.26885369771322426,0.6198571377906655,0.3712033233239959,green,False
172.3,4251.732048731,OBSTACLE_WAIT,8.887397628049548,8.78725156904156,0.7037007011216295,1.5733121840398027e-06,0.0,0.0,0.025748082463572894,0.38528254256938105,0.7332096799251157,0.3585695859736541,green,False
172.5,4251.931859566,OBSTACLE_WAIT,8.887397948946772,8.787251882893916,0.7037007679925973,1.5727426587354092e-06,0.0,0.0,0.023894569946830355,-0.27021575698358424,0.6184087463358912,0.33358355866184713,green,False
172.7,4252.131743751,OBSTACLE_WAIT,8.88739821627271,8.78725214435082,0.7037008237011629,1.5722716350551381e-06,0.0,0.0,0.025718887657975448,0.38643465708683417,0.7345841196859679,0.322344757330182,green,False
172.8,4252.235015217,OBSTACLE_WAIT,8.887398376629939,8.787252301187362,0.7037008571188305,1.571990685324116e-06,0.0,0.0,0.023879704318143943,-0.26792375667043494,0.619357554820947,0.34471720854643,green,False
173.0,4252.481818847,OBSTACLE_WAIT,8.887398750685787,8.787252667030385,0.7037009350717531,1.5713396082786298e-06,0.0,0.0,0.023894569946830355,-0.27021575698358424,0.6184087463358912,0.3422200377093338,green,False
173.2,4252.682191939,OBSTACLE_WAIT,8.887399017774005,8.787252928254102,0.7037009907340028,1.5708782278848544e-06,0.0,0.0,0.023794516280535097,-0.2675393702640833,0.6206679285980969,0.3196664286910831,green,False
173.3,4252.781494329,OBSTACLE_WAIT,8.887399177989398,8.787253084951509,0.7037010241240427,1.5706028908517288e-06,0.0,0.0,0.023993940726374563,-0.27113111509442106,0.6192783537628421,0.33529462246902053,green,False
173.5,4253.03158649,OBSTACLE_WAIT,8.887399498342802,8.787253398270392,0.7037010908891502,1.5702231607920872e-06,0.0,0.0,0.025675227703513784,0.38548601551307804,0.7330536981969553,0.34800115747650634,green,False
173.7,4253.231979653,OBSTACLE_WAIT,8.887399818658292,8.787253711551866,0.7037011576478965,1.5701251550861126e-06,0.0,0.0,0.023879704318143943,-0.26792375667043494,0.619357554820947,0.3411640471978499,green,False
173.8,4253.331479817,OBSTACLE_WAIT,8.88739997880858,8.787253868185187,0.7037011910262932,1.570076917392436e-06,0.0,0.0,0.023879704318143943,-0.26792375667043494,0.619357554820947,0.34560442674587794,green,False
174.0,4253.531860948,OBSTACLE_WAIT,8.887400245714748,8.787254129229805,0.7037012466555225,1.5699962064296306e-06,0.0,0.0,0.023794516280535097,-0.2675393702640833,0.6206679285980969,0.36385174934078196,green,False
174.2,4253.781604529,OBSTACLE_WAIT,8.887400619360498,8.787254494669503,0.7037013245334685,1.5698847535006463e-06,0.0,0.0,0.023794516280535097,-0.2675393702640833,0.6206679285980969,0.32170575076114727,green,False
174.3,4253.88238307,OBSTACLE_WAIT,8.887400779486272,8.787254651278438,0.7037013579086809,1.569836933386136e-06,0.0,0.0,0.025791742418034558,0.38623134091597594,0.7348018593714761,0.34845702735822404,green,False
174.5,4254.084690114,OBSTACLE_WAIT,8.887401046351815,8.787254912282636,0.7037014135326501,1.569758161151098e-06,0.0,0.0,0.023879704318143943,-0.26792375667043494,0.619357554820947,0.36206171706658585,green,False
174.7,4254.331692001,OBSTACLE_WAIT,8.887401419941138,8.787255277666187,0.7037014914033312,1.5696485224470994e-06,0.0,0.0,0.023879704318143943,-0.26792375667043494,0.619357554820947,0.35773175008601915,green,False
174.8,4254.431940461,OBSTACLE_WAIT,8.887401580042892,8.78725543425122,0.7037015247754631,1.5696020160088622e-06,0.0,0.0,0.023794516280535097,-0.2675393702640833,0.6206679285980969,0.3355504061630167,green,False
175.0,4254.631616638,OBSTACLE_WAIT,8.887401846868622,8.787255695215794,0.7037015803943453,1.5695248537619631e-06,0.0,0.0,0.023879704318143943,-0.26792375667043494,0.619357554820947,0.3579971296030807,green,False
175.2,4254.832050052,OBSTACLE_WAIT,8.887402113681272,8.78725595616735,0.7037016360115705,1.5694479307282785e-06,0.0,0.0,0.025631567749052134,0.38453664302273766,0.7314804975181564,0.3250473766535498,green,False
175.3,4254.982161958,OBSTACLE_WAIT,8.887402327122029,8.787256164919272,0.7037016805041689,1.5693869952719333e-06,0.0,0.0,0.025252985335701653,0.4445372119044338,0.7124106773261998,0.35119165759536114,green,False
175.5,4255.181936683,OBSTACLE_WAIT,8.887402647267686,8.787256478031745,0.7037017472411229,1.5692962509482632e-06,0.0,0.0,0.023993940726374563,-0.27113111509442106,0.6192783537628421,0.3450273961670041,green,False
175.7,4255.431667096,OBSTACLE_WAIT,8.88740296739488,8.787256791125833,0.70370181397577,1.5692061954569405e-06,0.0,0.0,0.025096308811276113,0.4450546150154806,0.7116305615779269,0.34105328667893325,green,False
175.8,4255.481470308,OBSTACLE_WAIT,8.887403074099868,8.787256895486468,0.7037018362201456,1.5691763147687146e-06,0.0,0.0,0.025096308811276113,0.4450546150154806,0.7116305615779269,0.32442836129028335,green,False
176.0,4255.732550965,OBSTACLE_WAIT,8.887403394202698,8.787257208556287,0.703701902951767,1.5690872238836378e-06,0.0,0.0,0.023879704318143943,-0.26792375667043494,0.619357554820947,0.3300185322829817,green,False
176.2,4255.931677505,OBSTACLE_WAIT,8.887403714279571,8.787257521600393,0.7037019696795206,1.5689060870765005e-06,0.0,0.0,0.023824247537907975,-0.27212143802489297,0.6187465018619124,0.32859972152411626,green,False
176.3,4256.082022862,OBSTACLE_WAIT,8.88740392764131,8.78725773027394,0.7037020141607823,1.5687676024738452e-06,0.0,0.0,0.023794516280535097,-0.2675393702640833,0.6206679285980969,0.34203537247555355,green,False
176.5,4256.281437246,OBSTACLE_WAIT,8.887404194317082,8.787257991089843,0.7037020697578187,1.5685954858717908e-06,0.0,0.0,0.02397907509768811,-0.2688402743670903,0.620228687343197,0.32904515225856373,green,False
176.7,4256.534015438,OBSTACLE_WAIT,8.887404567614238,8.78725835618388,0.7037021475852676,1.5683567154165635e-06,0.0,0.0,0.023879704318143943,-0.26792375667043494,0.619357554820947,0.32261132499723366,green,False
176.8,4256.631831807,OBSTACLE_WAIT,8.887404727581384,8.787258512635646,0.7037021809369128,1.5682550290060695e-06,0.0,0.0,0.023879704318143943,-0.26792375667043494,0.619357554820947,0.3469153733509676,green,False
177.0,4256.831741415,OBSTACLE_WAIT,8.887404994170316,8.787258773365938,0.7037022365190538,1.5680865631806907e-06,0.0,0.0,0.023794516280535097,-0.2675393702640833,0.6206679285980969,0.36012341596499947,green,False
177.2,4257.032099562,OBSTACLE_WAIT,8.887405314039365,8.787259086205145,0.7037023032111802,1.5678857110174698e-06,0.0,0.0,0.025129509732895808,0.44206447101525653,0.7115492343743101,0.3667648765973677,green,False
177.3,4257.131170628,OBSTACLE_WAIT,8.887405420653304,8.787259190475929,0.7037023254403387,1.56781934898975e-06,0.0,0.0,0.025129509732895808,0.44206447101525653,0.7115492343743101,0.3439048665841312,green,False
177.5,4257.381711172,OBSTACLE_WAIT,8.887405793766602,8.78725955538868,0.7037024032363424,1.5675878484492006e-06,0.0,0.0,0.023894569946830355,-0.27021575698358424,0.6184087463358912,0.32391445037597355,green,False
177.7,4257.58182464,OBSTACLE_WAIT,8.887406060242522,8.78725981600753,0.7037024587991966,1.5674239709746966e-06,0.0,0.0,0.023879704318143943,-0.26792375667043494,0.619357554820947,0.3574303234891739,green,False
177.8,4257.731732141,OBSTACLE_WAIT,8.88740627340326,8.787260024482887,0.7037025032460783,1.5672936719478894e-06,0.0,0.0,0.023709328242926306,-0.2671549028393168,0.6219710624741477,0.342303818455523,green,False
178.0,4257.932171773,OBSTACLE_WAIT,8.887406539829326,8.78726028505257,0.7037025588004604,1.5671316964562386e-06,0.0,0.0,0.023855832237811167,-0.27114452143086026,0.6189258558147747,0.3439015010092102,green,False
178.2,4258.185597198,OBSTACLE_WAIT,8.887406859504416,8.787260597700493,0.7037026254595846,1.566938920046092e-06,0.0,0.0,0.023894569946830355,-0.27021575698358424,0.6184087463358912,0.34143623098738135,green,False
178.3,4258.282590858,OBSTACLE_WAIT,8.887407019327247,8.78726075400994,0.7037026587866558,1.5668430975593854e-06,0.0,0.0,0.02390943557551678,-0.27250485078375547,0.6174490425823885,0.3511054585095767,green,False
178.5,4258.531910751,OBSTACLE_WAIT,8.88740739221253,8.787261118697774,0.7037027365440912,1.5666618348894335e-06,0.0,0.0,0.025748082463572894,0.38528254256938105,0.7332096799251157,0.3289962292962029,green,False
178.7,4258.731899714,OBSTACLE_WAIT,8.887407658535308,8.787261379165482,0.7037027920814243,1.5665481193189428e-06,0.0,0.0,0.023604376339541405,0.4809288289307895,0.8257274114242588,0.3409660300111043,green,False
178.8,4258.832860289,OBSTACLE_WAIT,8.887407818319724,8.78726153543695,0.7037028254024068,1.5664802524928026e-06,0.0,0.0,0.023879704318143943,-0.26792375667043494,0.619357554820947,0.34617605033553434,green,False
179.0,4259.13826452,OBSTACLE_WAIT,8.887408137867864,8.787261847959401,0.703702892041212,1.5663453427966202e-06,0.0,0.0,0.02596720472422727,-0.34892705939442176,0.7247974775033896,0.33637055814991335,green,False
179.2,4259.385222276,OBSTACLE_WAIT,8.887408457388606,8.78726216045473,0.7037029586758409,1.5662116344453473e-06,0.0,0.0,0.023879704318143943,-0.26792375667043494,0.619357554820947,0.3517542243911336,green,False
179.3,4259.495009622,OBSTACLE_WAIT,8.887408563889462,8.787262264613844,0.703702980886464,1.566167172194727e-06,0.0,0.0,0.023794516280535097,-0.2675393702640833,0.6206679285980969,0.3306256898488542,green,False
179.5,4259.73172776,OBSTACLE_WAIT,8.887408883374015,8.787262577073342,0.7037030475155982,1.566035125243451e-06,0.0,0.0,0.023794516280535097,-0.2675393702640833,0.6206679285980969,0.32583697451096727,green,False
179.7,4259.983449397,OBSTACLE_WAIT,8.887409202831693,8.787262889506229,0.7037031141406666,1.5659038338022803e-06,0.0,0.0,0.025791742418034558,0.38623134091597594,0.7348018593714761,0.3503381906323065,green,False
179.8,4260.081494638,OBSTACLE_WAIT,8.887409362550525,8.787263045712761,0.7037031474516898,1.565838590661648e-06,0.0,0.0,0.025791742418034558,0.38623134091597594,0.7348018593714761,0.3221264424091078,green,False
180.0,4260.332159554,OBSTACLE_WAIT,8.887409681968306,8.787263358106134,0.7037032140707432,1.5657090960525258e-06,0.0,0.0,0.023794516280535097,-0.2675393702640833,0.6206679285980969,0.34630656291710205,green,False
180.2,4260.58788655,OBSTACLE_WAIT,8.887410001359772,8.787263670473445,0.7037032806858453,1.5655805559622637e-06,0.0,0.0,0.023794516280535097,-0.2675393702640833,0.6206679285980969,0.32674761501152916,green,False
180.3,4260.731571245,OBSTACLE_WAIT,8.8874101610457,8.787263826647388,0.7037033139919282,1.5655167773108616e-06,0.0,0.0,0.025791742418034558,0.38623134091597594,0.7348018593714761,0.3164052879408076,green,False
180.5,4260.935219173,OBSTACLE_WAIT,8.887410480398083,8.787264138975983,0.7037033806011865,1.5653898552588863e-06,0.0,0.0,0.026012155441159104,-0.35062395264370366,0.7235330496875143,0.3193303212847234,green,False
180.7,4261.181808198,OBSTACLE_WAIT,8.88741079972468,8.78726445127903,0.7037034472066043,1.5652639289892134e-06,0.0,0.0,0.025675227703513784,0.38548601551307804,0.7330536981969553,0.34386926084635805,green,False
180.8,4261.281510207,OBSTACLE_WAIT,8.887410959378379,8.787264607421042,0.7037034805078873,1.5652012627493556e-06,0.0,0.0,0.025675227703513784,0.38548601551307804,0.7330536981969553,0.3490825001466165,green,False
181.0,4261.531982846,OBSTACLE_WAIT,8.887411278666693,8.787264919686157,0.7037035471076277,1.565076978566773e-06,0.0,0.0,0.023879704318143943,-0.26792375667043494,0.619357554820947,0.3489159869480659,green,False
181.2,4261.731518426,OBSTACLE_WAIT,8.887411544720994,8.787265179887967,0.7037036026045601,1.5649742317206208e-06,0.0,0.0,0.023879704318143943,-0.26792375667043494,0.619357554820947,0.32706807677851485,green,False
181.3,4261.832128327,OBSTACLE_WAIT,8.88741170434558,8.787265336001125,0.7037036359015656,1.5649265716146856e-06,0.0,0.0,0.023794516280535097,-0.2675393702640833,0.6206679285980969,0.32828348731879503,green,False
181.5,4262.081557981,OBSTACLE_WAIT,8.887412076790037,8.787265700252213,0.7037037135933774,1.5649099684929833e-06,0.0,0.0,0.02371704086249672,-0.26939916944799025,0.6216589346886058,0.3458033394328608,green,False
181.7,4262.282676151,OBSTACLE_WAIT,8.88741239604922,8.787266012487688,0.7037037801924211,1.565080792354516e-06,0.0,0.0,0.023794516280535097,-0.2675393702640833,0.6206679285980969,0.3235682417156806,green,False
181.8,4262.381708793,OBSTACLE_WAIT,8.887412502476664,8.787266116573655,0.7037038023940543,1.5651373650753228e-06,0.0,0.0,0.023794516280535097,-0.2675393702640833,0.6206679285980969,0.35677707276126897,green,False
182.0,4262.581599326,OBSTACLE_WAIT,8.887412821781993,8.787266428853824,0.7037038690047747,1.565306152057345e-06,0.0,0.0,0.023794516280535097,-0.2675393702640833,0.6206679285980969,0.3453709055023838,green,False
182.2,4262.78169764,OBSTACLE_WAIT,8.887413087895965,8.78726668911267,0.7037039245203467,1.5654454967911842e-06,0.0,0.0,0.023794516280535097,-0.2675393702640833,0.6206679285980969,0.34147756981241695,green,False
182.3,4262.933158535,OBSTACLE_WAIT,8.887413300804157,8.787266897336224,0.7037039689371203,1.5655564390625258e-06,0.0,0.0,0.023879704318143943,-0.26792375667043494,0.619357554820947,0.3109723209000081,green,False
182.5,4263.131411788,OBSTACLE_WAIT,8.887413620194629,8.787267209698845,0.7037040355694416,1.5657215928454336e-06,0.0,0.0,0.025718887657975448,0.38643465708683417,0.7345841196859679,0.3315826935156703,green,False
182.7,4263.331956937,OBSTACLE_WAIT,8.887413886379015,8.787267470025876,0.7037040911029012,1.565858292075055e-06,0.0,0.0,0.023879704318143943,-0.26792375667043494,0.619357554820947,0.3599400421356136,green,False
182.8,4263.481710642,OBSTACLE_WAIT,8.887414099343205,8.78726767830365,0.7037041355339175,1.5659671579582173e-06,0.0,0.0,0.023879704318143943,-0.26792375667043494,0.619357554820947,0.3507321812829778,green,False
183.0,4263.682259085,OBSTACLE_WAIT,8.887414365569162,8.787267938670926,0.7037041910779681,1.5661021960521417e-06,0.0,0.0,0.023879704318143943,-0.26792375667043494,0.619357554820947,0.3318501101243368,green,False
183.2,4263.932994114,OBSTACLE_WAIT,8.887414685070494,8.787268251140878,0.7037042577385333,1.566262917795656e-06,0.0,0.0,0.02371704086249672,-0.26939916944799025,0.6216589346886058,0.34141847914454165,green,False
183.3,4264.031797906,OBSTACLE_WAIT,8.887414844833438,8.787268407387739,0.7037042910719525,1.5663428597990704e-06,0.0,0.0,0.02371704086249672,-0.26939916944799025,0.6216589346886058,0.33604255252851406,green,False
183.5,4264.282631612,OBSTACLE_WAIT,8.887415164383661,8.787268719905013,0.7037043577450195,1.566501648465305e-06,0.0,0.0,0.025252985335701653,0.4445372119044338,0.7124106773261998,0.3295041010496177,green,False
183.7,4264.481831432,OBSTACLE_WAIT,8.887415430700186,8.787268980359954,0.7037044133122252,1.5666330293718746e-06,0.0,0.0,0.023894569946830355,-0.27021575698358424,0.6184087463358912,0.3475694535261886,green,False
183.8,4264.634497543,OBSTACLE_WAIT,8.887415643769428,8.787269188739415,0.7037044577700998,1.5667374231159324e-06,0.0,0.0,0.023879704318143943,-0.26792375667043494,0.619357554820947,0.3431218462680843,green,False
184.0,4264.831672148,OBSTACLE_WAIT,8.88741596339984,8.787269501334299,0.7037045244637259,1.5668929002229074e-06,0.0,0.0,0.023894569946830355,-0.27021575698358424,0.6184087463358912,0.3476929866777972,green,False
184.2,4265.031774279,OBSTACLE_WAIT,8.88741622978267,8.787269761853405,0.7037045800479576,1.567021568088618e-06,0.0,0.0,0.025191803544168098,0.4423225774255983,0.713123240982479,0.32918207832546925,green,False
184.3,4265.182034832,OBSTACLE_WAIT,8.887416442904634,8.787269970283884,0.7037046245193844,1.5671238302400015e-06,0.0,0.0,0.023802228900105526,-0.269783162458505,0.6203288727203505,0.34012022304623635,green,False
184.5,4265.382415178,OBSTACLE_WAIT,8.887416709326592,8.78727023084085,0.7037046801136947,1.5672511143380753e-06,0.0,0.0,0.023746772119869572,-0.27397651479654306,0.6198080123397474,0.34319205436787076,green,False
184.7,4265.63414934,OBSTACLE_WAIT,8.887417082353464,8.787270595655556,0.7037047579550543,1.5674275148735515e-06,0.0,0.0,0.023879704318143943,-0.26792375667043494,0.619357554820947,0.3354030381201643,green,False
184.8,4265.734605611,OBSTACLE_WAIT,8.887417242234946,8.78727075201712,0.7037047913189496,1.5675027271773794e-06,0.0,0.0,0.023879704318143943,-0.26792375667043494,0.619357554820947,0.3259794871614025,green,False
185.0,4265.931954716,OBSTACLE_WAIT,8.887417508721047,8.787271012636136,0.7037048469298329,1.5676270318846985e-06,0.0,0.0,0.024898321692331776,0.4346110494554613,0.8530962465647799,0.34252313255898176,green,False
185.2,4266.131637602,OBSTACLE_WAIT,8.887417775228249,8.787271273275563,0.7037049025461802,1.5677507548721984e-06,0.0,0.0,0.023879704318143943,-0.26792375667043494,0.619357554820947,0.32882902200561925,green,False
185.3,4266.283264481,OBSTACLE_WAIT,8.88741804175639,8.787271533935241,0.7037049581679599,1.5678734883647928e-06,0.0,0.0,0.023794516280535097,-0.2675393702640833,0.6206679285980969,0.33440412444893897,green,False
185.5,4266.482325604,OBSTACLE_WAIT,8.887418308305328,8.78727179461503,0.7037050137951418,1.5679955063754423e-06,0.0,0.0,0.025791742418034558,0.38623134091597594,0.7348018593714761,0.334587686215532,green,False
185.7,4266.68209699,OBSTACLE_WAIT,8.88741862819133,8.787272107457156,0.7037050805548507,1.5681407709119503e-06,0.0,0.0,0.023794516280535097,-0.2675393702640833,0.6206679285980969,0.3431527433493263,green,False
185.8,4266.781522623,OBSTACLE_WAIT,8.88741878814541,8.787272263888932,0.7037051139375902,1.5682129302272161e-06,0.0,0.0,0.023794516280535097,-0.2675393702640833,0.6206679285980969,0.3274349564821815,green,False
186.0,4266.983230068,OBSTACLE_WAIT,8.887419054751856,8.78727252462433,0.7037051695797425,1.5683326379309928e-06,0.0,0.0,0.023879704318143943,-0.26792375667043494,0.619357554820947,0.34485735715561827,green,False
186.2,4267.232093242,OBSTACLE_WAIT,8.8874194280349,8.787272889686777,0.7037052474876369,1.5684988347416143e-06,0.0,0.0,0.025270141806380847,0.4420632352625652,0.7134763897066371,0.33181837066202813,green,False
186.3,4267.332202944,OBSTACLE_WAIT,8.887419588025415,8.78727304615378,0.7037052808798896,1.568569564490138e-06,0.0,0.0,0.023840966609124728,-0.26885369771322426,0.6198571377906655,0.355943987203103,green,False
186.5,4267.5315456,OBSTACLE_WAIT,8.88741985469225,8.787273306947563,0.7037053365378255,1.5686866560294304e-06,0.0,0.0,0.023879704318143943,-0.26792375667043494,0.619357554820947,0.33853566870171714,green,False
186.7,4267.734953385,OBSTACLE_WAIT,8.887420174718654,8.787273619925424,0.7037054033342149,1.5688261763221169e-06,0.0,0.0,0.023879704318143943,-0.26792375667043494,0.619357554820947,0.34800284026396683,green,False
186.8,4267.831919789,OBSTACLE_WAIT,8.887420334742497,8.78727377642464,0.7037054367352036,1.5688956180964577e-06,0.0,0.0,0.023879704318143943,-0.26792375667043494,0.619357554820947,0.3296739744175486,green,False
187.0,4268.082241554,OBSTACLE_WAIT,8.887420708158873,8.787274141615962,0.703705514678047,1.5690563405230718e-06,0.0,0.0,0.023794516280535097,-0.2675393702640833,0.6206679285980969,0.35004693046824137,green,False
187.2,4268.281741127,OBSTACLE_WAIT,8.88742097490818,8.787274402489448,0.7037055703576472,1.5691702362727577e-06,0.0,0.0,0.023794516280535097,-0.2675393702640833,0.6206679285980969,0.3551086514888728,green,False
187.3,4268.381994267,OBSTACLE_WAIT,8.887421134967036,8.7872745590225,0.7037056037678492,1.5692380234227102e-06,0.0,0.0,0.023879704318143943,-0.26792375667043494,0.619357554820947,0.3492047975703137,green,False
187.5,4268.582045077,OBSTACLE_WAIT,8.887421455105471,8.787274872108622,0.7037056705937209,1.5693731487998716e-06,0.0,0.0,0.023879704318143943,-0.26792375667043494,0.619357554820947,0.34169018035271337,green,False
187.7,4268.781583212,OBSTACLE_WAIT,8.887421721908462,8.787275133033974,0.7037057262874884,1.569484845576339e-06,0.0,0.0,0.023794516280535097,-0.2675393702640833,0.6206679285980969,0.338270983677268,green,False
187.8,4268.882038451,OBSTACLE_WAIT,8.887421881999343,8.787275289597964,0.7037057597061533,1.5695514678244136e-06,0.0,0.0,0.023794516280535097,-0.2675393702640833,0.6206679285980969,0.32556323191800973,green,False
188.0,4269.131897897,OBSTACLE_WAIT,8.887422255571076,8.787275654939391,0.7037058376900175,1.5697060490126363e-06,0.0,0.0,0.023879704318143943,-0.26792375667043494,0.619357554820947,0.3396620076626144,green,False
188.2,4269.33145911,OBSTACLE_WAIT,8.887422522430452,8.787275915919208,0.7037058933987271,1.5698152226464144e-06,0.0,0.0,0.023794516280535097,-0.2675393702640833,0.6206679285980969,0.32757935871234006,green,False
188.3,4269.431796308,OBSTACLE_WAIT,8.887422682554982,8.7872760725157,0.7037059268263193,1.5698806423794255e-06,0.0,0.0,0.023879704318143943,-0.26792375667043494,0.619357554820947,0.34264787287872656,green,False
188.5,4269.681921993,OBSTACLE_WAIT,8.887423056204673,8.787276437932418,0.7037060048308987,1.5700318982091785e-06,0.0,0.0,0.023809381909221536,-0.26983185584938213,0.6197126699297122,0.329454384447293,green,False
188.7,4269.881951006,OBSTACLE_WAIT,8.887423323119277,8.787276698965572,0.7037060605543077,1.5701391279101544e-06,0.0,0.0,0.023879704318143943,-0.26792375667043494,0.619357554820947,0.35095091867618855,green,False
188.8,4269.981660793,OBSTACLE_WAIT,8.887423483276757,8.78727685559388,0.7037060939906812,1.5702030029854463e-06,0.0,0.0,0.023879704318143943,-0.26792375667043494,0.619357554820947,0.3515694393197996,green,False
189.0,4270.231460952,OBSTACLE_WAIT,8.887423803611231,8.78727716886934,0.70370616086864,1.5703302063219883e-06,0.0,0.0,0.023879704318143943,-0.26792375667043494,0.619357554820947,0.337645173097864,green,False
189.2,4270.431591525,OBSTACLE_WAIT,8.88742407057636,8.787277429951272,0.703706216605556,1.5704353793901842e-06,0.0,0.0,0.023879704318143943,-0.26792375667043494,0.619357554820947,0.3439388533734974,green,False
189.3,4270.533957061,OBSTACLE_WAIT,8.887424230763996,8.787277586608694,0.7037062500499988,1.5704981664882452e-06,0.0,0.0,0.025675227703513784,0.38548601551307804,0.7330536981969553,0.3256543151377153,green,False
189.5,4270.781388711,OBSTACLE_WAIT,8.887424604559937,8.787277952166608,0.7037063280936845,1.5706433070645675e-06,0.0,0.0,0.025718887657975448,0.38643465708683417,0.7345841196859679,0.3437579753501423,green,False
189.7,4270.981429531,OBSTACLE_WAIT,8.88742487157813,8.78727821329976,0.7037063838448467,1.5707462955518936e-06,0.0,0.0,0.023879704318143943,-0.26792375667043494,0.619357554820947,0.326145222472785,green,False
189.8,4271.131954416,OBSTACLE_WAIT,8.887425085205264,8.787278422218423,0.7037064284491603,1.5708283875606621e-06,0.0,0.0,0.023794516280535097,-0.2675393702640833,0.6206679285980969,0.34212444538659453,green,False
190.0,4271.334945322,OBSTACLE_WAIT,8.887425352254795,8.787278683381818,0.7037064842087623,1.5709299081123773e-06,0.0,0.0,0.023879704318143943,-0.26792375667043494,0.619357554820947,0.3604865060868153,green,False
190.2,4271.531814413,OBSTACLE_WAIT,8.88742567273696,8.78727899679982,0.7037065511264239,1.571051208010349e-06,0.0,0.0,0.023840966609124728,-0.26885369771322426,0.6198571377906655,0.3659547926345254,green,False
190.3,4271.631777745,OBSTACLE_WAIT,8.887425832987287,8.78727915351774,0.7037065845877545,1.5711114766986834e-06,0.0,0.0,0.023840966609124728,-0.26885369771322426,0.6198571377906655,0.3483119214231054,green,False
190.5,4271.831793974,OBSTACLE_WAIT,8.88742610008478,8.787279414727408,0.7037066403603238,1.5712111684204387e-06,0.0,0.0,0.02520784799510857,0.44180506547274045,0.7118689986898945,0.32760789410468316,green,False
190.7,4272.081410174,OBSTACLE_WAIT,8.887426474049633,8.787279780448305,0.7037067184496143,1.571349868620245e-06,0.0,0.0,0.025882374561342528,-0.3485755324935079,0.7259579645761071,0.3336052969654352,green,False
190.8,4272.181705842,OBSTACLE_WAIT,8.887426634330355,8.787279937195546,0.7037067519191876,1.571408650647424e-06,0.0,0.0,0.023794516280535097,-0.2675393702640833,0.6206679285980969,0.34895626350039927,green,False
191.0,4272.382822213,OBSTACLE_WAIT,8.887426901478213,8.787280198453795,0.7037068077054365,1.5715065114163204e-06,0.0,0.0,0.025718887657975448,0.38643465708683417,0.7345841196859679,0.3352199177404461,green,False
