sim_time,wall_time,state,distance_odom_m,x_odom,y_odom,speed_measured,command_v,command_w,lane_lateral_est_m,lane_heading_est_rad,lane_confidence,front_m,light,stop
5.5,3113.403873273,WAIT_SENSORS,0.0,3.226422137543827e-05,1.2585418785343405e-11,1.340565110211404e-06,0.0,0.0,0.0,0.0,0.0,inf,unknown,False
5.6,3113.44945391,FOLLOW,9.115844231103533e-08,3.235537981737531e-05,2.084283709794272e-11,1.3405654889479862e-06,0.07984537793422904,0.04744648219737294,0.04165411729645392,0.1301102379100955,0.8818094227653259,inf,unknown,True
5.7,3113.549247321,FOLLOW,0.003385885419996731,0.003418149625793715,3.247843011212842e-07,0.06801185589309268,0.07984537793422904,0.04744648219737294,0.04165411729645392,0.1301102379100955,0.8818094227653259,inf,unknown,True
5.9,3113.799236263,FOLLOW,0.016962292926410483,0.016994411547791227,5.527368181275069e-05,0.07999565279872965,0.08010634520185841,0.04680641955728176,0.04083238054656149,0.12853957287350437,0.8820702807801613,1.6179880460023728,unknown,True
6.1,3113.999538439,FOLLOW,0.03341163338399646,0.03344236602132382,0.0002643542386864225,0.0810956449791522,0.08220694232540139,0.04396045429043727,0.03748766625796737,0.11590162113725615,0.8835561419669062,inf,unknown,True
6.2,3114.099300749,FOLLOW,0.03900544003394665,0.0390351864840472,0.0003693071028134334,0.08228451370178722,0.08231906842649794,0.04338011834371838,0.03684062361366618,0.11474449482411592,0.8827768185747814,inf,unknown,True
6.4,3114.349205633,FOLLOW,0.05863642683192656,0.05865977336909568,0.0008672618761113392,0.08326233235011003,0.08318649106926314,0.04157188272614066,0.034749439566680064,0.10959905848969252,0.8831616151657857,inf,unknown,True
6.6,3114.548942778,FOLLOW,0.07567397719170135,0.07568706230506085,0.0014570584234352003,0.08377931332787641,0.08436611281830883,0.04137801507066871,0.03415317787110297,0.10709269271124089,0.8912799858878451,inf,unknown,True
6.7,3114.649518673,FOLLOW,0.08141524452075503,0.08142367126353352,0.0016882560079235626,0.08444293840528073,0.08499963753596047,0.0397535474333784,0.03208443879566502,0.10498304918901956,0.8942370029764742,inf,unknown,True
6.9,3114.849091842,FOLLOW,0.09872675394920083,0.09871700693250011,0.002480287481802653,0.085075086491257,0.08534009172357157,0.03865035812226143,0.0310687201668258,0.10147378063245846,0.8915795507529211,1.5545998916625976,unknown,True
7.1,3115.09905664,FOLLOW,0.11653258614459361,0.11649709098155424,0.0034366747310185593,0.08920557203820316,0.08942272509640466,0.03882565060345115,0.034186299319765606,0.06791056226081467,0.8717049495573533,inf,unknown,True
7.2,3115.199279504,FOLLOW,0.12565105452382186,0.12559934224447244,0.0039801749792878925,0.08949781292114402,0.09035048930311984,0.03630035230223638,0.03152490629599973,0.0631993784027585,0.8718810517414624,inf,unknown,True
7.4,3115.44951854,FOLLOW,0.1441555739638676,0.14406446850882046,0.005186366984676031,0.09131359950154395,0.09141697742168582,0.03341721962930867,0.02888478242276178,0.05581324979674947,0.8681056159411392,1.4990147746651992,unknown,True
7.6,3115.699104881,FOLLOW,0.1634724157379728,0.1633307185382475,0.0065829754645784794,0.09804180752482979,0.09940275007146641,0.032232186334140114,0.02997168047527434,0.02023813470551979,0.8702672140548338,inf,unknown,True
7.7,3115.799371619,FOLLOW,0.17361603367309775,0.17344391436862341,0.00736794254052118,0.09946505256807812,0.1007635123969903,0.029205843898477284,0.027441124546148235,0.013543248878657776,0.8681264642724226,inf,unknown,True
7.9,3116.049492823,FOLLOW,0.19413580579935566,0.19389442696908582,0.009052093820709754,0.10082171916005325,0.10268935423935585,0.02582630140040609,0.024904992548626083,0.004275831475687727,0.8648921681003549,1.433712174859797,unknown,True
8.1,3116.299495096,FOLLOW,0.21508957769942935,0.21476758905125784,0.010888051226937515,0.10269220616179126,0.10268381875486292,0.021245151024462946,0.021614731351608196,-0.004137577041135767,0.8645497856858632,inf,unknown,True
8.3,3116.550132117,FOLLOW,0.23953703256291642,0.23910985762974593,0.013153168071070285,0.10273203408599417,0.10096409435192166,0.01891327276950546,0.02043516138751341,-0.009563148995908067,0.8614827587144377,inf,unknown,True
8.5,3116.74892938,FOLLOW,0.25660933548530607,0.25610208865194245,0.014804651777605288,0.09948544825335418,0.0975729888752591,0.012955873397006958,0.016590983860040577,-0.020895963182366323,0.8555849402757185,1.3764108343337267,unknown,True
8.7,3116.949233036,FOLLOW,0.27326941098273433,0.27267974493671765,0.01645974058852677,0.09761092568032655,0.0975729888752591,0.012955873397006958,0.016590983860040577,-0.020895963182366323,0.8555849402757185,1.3673550819424174,unknown,True
8.8,3117.048941508,FOLLOW,0.2832257350204367,0.2825850327277555,0.017466542023012833,0.09761110680718392,0.09637454109607006,0.008256575398717282,0.015261368270764249,-0.043864367401472704,0.8911921816086328,1.378230364147298,unknown,True
9.0,3117.299335423,FOLLOW,0.3027989561551061,0.3020549405867695,0.019474923220766927,0.09497601601854938,0.09482078917267896,0.004305566340912961,0.012679801270048266,-0.05382676279697194,0.8965044124185637,inf,unknown,True
9.2,3117.499154333,FOLLOW,0.31892851613541406,0.3180974544791554,0.021148375046220344,0.09487476142572111,0.0948499813596934,0.00270164373838471,0.01125736912215837,-0.05576421268830737,0.9006088974562769,inf,unknown,True
9.3,3117.649823362,FOLLOW,0.3318119169374439,0.3309106210624945,0.02249179481366986,0.09427577781828739,0.09388853072231575,-6.738387830614926e-05,0.009307161088810963,-0.06245087336238299,0.9045590214842884,inf,unknown,True
9.5,3117.84975225,FOLLOW,0.3478204255987812,0.34683152175075516,0.024164299134710864,0.09447571170753101,0.09445593215452452,-0.0007592746545837555,0.008452996726305582,-0.06170083227555882,0.9085496351897435,inf,unknown,True
9.7,3118.098769586,FOLLOW,0.3674333431902562,0.3663360065787366,0.0262237847365288,0.07693699617899723,0.07661930952579687,-0.00676389885765115,0.009576154281556781,-0.12283158727674466,0.834562400321262,inf,unknown,True
9.8,3118.199467396,FOLLOW,0.37525009257104286,0.37410949400436255,0.02704504117018209,0.07663058368568502,0.07688696337857323,-0.007262674438394259,0.00910348862560844,-0.12384163506941187,0.8390956794115374,inf,unknown,True
10.0,3118.399045676,FOLLOW,0.3909208331359989,0.38969525229766144,0.02867482718802939,0.07673834187566621,0.07670513400220054,-0.008478440813066977,0.007998221300362346,-0.12728549253126112,0.8426146742088896,inf,unknown,True
10.2,3118.599178821,FOLLOW,0.4039630436363754,0.4026687131188642,0.03001219130628927,0.07671369202139415,0.07662445971042349,-0.009289203617591446,0.006957838637243446,-0.12758026215954993,0.8421990112887312,inf,unknown,True
10.3,3118.69903399,FOLLOW,0.41177961734045204,0.4104450044826655,0.030804727282788734,0.07663187272124289,0.07662445971042349,-0.009289203617591446,0.006957838637243446,-0.12758026215954993,0.8421990112887312,inf,unknown,True
10.5,3118.949093342,FOLLOW,0.42627197128248834,0.42486496990231576,0.03225137910468946,0.06922368735711162,0.06922310344369297,-0.014354599143091592,0.007075714352863423,-0.1852999519797773,0.8440891483642635,inf,unknown,True
10.7,3119.249763729,FOLLOW,0.4407306747653808,0.4392554790410368,0.033653957228276125,0.07257161646139164,0.07256952600832764,-0.0132215533704273,0.005454046079324031,-0.15821348924774972,0.8439435067950811,inf,unknown,True
10.8,3119.399879197,FOLLOW,0.44566554542629094,0.4441679140531603,0.0341239886315817,0.07257164076908944,0.07423762000307435,-0.012834045387889455,0.0046012314453211245,-0.14648768555190803,0.8452071903408778,1.1963191604420667,unknown,True
11.0,3119.749149982,FOLLOW,0.4624028865972227,0.4608321630265936,0.03568641868675865,0.059891392510223504,0.05989844225168308,-0.020516642197494193,0.006335230318764776,-0.2682064987425238,0.8338443411901751,1.1669948195492041,unknown,True
11.2,3120.000196881,FOLLOW,0.4725843522985829,0.4709724310550424,0.03660135644558385,0.05989097170220254,0.05989844225168308,-0.020516642197494193,0.006335230318764776,-0.2682064987425238,0.8338443411901751,1.1998895428465735,unknown,True
11.3,3120.149874575,FOLLOW,0.480729527766919,0.4790868647567403,0.03730832907220512,0.05989102256597161,0.06087985470103118,-0.020319489872907832,0.005765026292914158,-0.2590542557394795,0.8358984860315783,1.1682260105213755,unknown,True
11.5,3120.348712753,FOLLOW,0.4908601753465848,0.489181914460456,0.038156796838151825,0.05527534792376753,0.0552854288026871,-0.02261687943677691,0.0006270120414834102,-0.2755087011536253,0.7780372542338415,inf,unknown,True
11.7,3120.599447181,FOLLOW,0.5023286652974748,0.500613887790867,0.03907114908143458,0.05718560872842393,0.06074979136355205,-0.01904180508391056,-0.0012356474348611396,-0.20162429750476904,0.7614281365137143,inf,unknown,True
11.8,3120.748922682,FOLLOW,0.5104642107894828,0.5087257627649736,0.03969127056069097,0.060744377354884256,0.06074979136355205,-0.01904180508391056,-0.0012356474348611396,-0.20162429750476904,0.7614281365137143,inf,unknown,True
12.0,3120.949204305,FOLLOW,0.5215765490088813,0.5198080698640463,0.04050764247100374,0.07169442761406349,0.042635106341876915,-0.02502777406511513,-0.0016699531343301044,-0.37382660230415543,0.6873370724877284,1.1312825451948392,unknown,True
12.2,3121.19969075,FOLLOW,0.5314996771892488,0.5297067149503146,0.04120418959848859,0.05877679647340927,0.05488978779070441,-0.0027190417756816237,-0.025234240693890242,0.13397958871185134,0.6106255481033571,1.1189002428018886,unknown,True
12.3,3121.299353654,FOLLOW,0.5372366728627287,0.5354301048329145,0.04159906595699146,0.054905972190780014,0.05270604010616424,-0.0008541476981167828,-0.025333921280618198,0.15665940040346807,0.6112356808987193,1.1105480912041426,red,True
12.5,3121.549496132,FOLLOW,0.5476606702205923,0.5458294942124275,0.04231490199930349,0.049401788226198874,0.0410902246321957,0.011213576982741419,-0.03468590959900841,0.39434876013569037,0.6799993539642012,1.1057796194515996,red,True
12.7,3121.749033123,FOLLOW,0.5562833151769653,0.5544312136128805,0.04291523350205424,0.04054399511005694,0.03987466177915926,0.01294782189121537,-0.035013482145217656,0.4259988262424751,0.6861754963833591,1.0814533852889654,red,True
12.8,3121.849157464,FOLLOW,0.5589981072035318,0.5571390983998288,0.04310876739424997,0.03991140603997338,0.03932238982043544,0.014208279171614633,-0.035318317109690744,0.4483206464081577,0.6949582323080283,1.0935502702869846,red,True
13.0,3122.098819188,FOLLOW,0.5684041029632706,0.5665197562264593,0.04379864740010525,0.03936067981582533,0.039514349477870865,0.016267393007654934,-0.03447171645574881,0.4717137201342816,0.7176083454591858,inf,red,True
13.2,3122.299645662,FOLLOW,0.5751270098282977,0.5732230028286178,0.04431239188444175,0.03953729373580278,0.03987286042468324,0.018069190527054798,-0.033463031109309205,0.4890938960516568,0.7385566004521988,inf,red,True
13.3,3122.449718477,FOLLOW,0.5805550758883165,0.5786340814244741,0.04474147884308547,0.03991605191099905,0.03976090450112305,0.018829060187551785,-0.03308367100332507,0.4981653539002664,0.7439972263051225,inf,red,True
13.5,3122.649516603,FOLLOW,0.5872221223103761,0.5852787523286636,0.04528720835636439,0.0367489454851739,0.03668864939613428,0.019164640753527525,-0.04040338558356171,0.5600061083853336,0.7337776568478499,1.0668518835554983,red,True
13.7,3122.849574395,FOLLOW,0.5947268328632984,0.5927560659964759,0.04592782769499812,0.03703286041434739,0.03698016029887194,0.020187589287338353,-0.038223381426215924,0.5614998000729822,0.7407586819590043,1.0511274181142267,red,True
13.8,3122.99901586,FOLLOW,0.5997622385349425,0.5977716515088456,0.046374143638825034,0.03700219939190332,0.03694861098593324,0.020730665003688146,-0.036599312165467524,0.5614360762479971,0.7400776576901935,inf,red,True
14.0,3123.199250282,FOLLOW,0.6065664657952812,0.6045471006408727,0.04699923714792651,0.029615090070991928,0.029674678858498307,0.018386843748732645,-0.031572612620073354,0.5673133405297612,0.5980148486617058,inf,red,True
14.2,3123.401275653,FOLLOW,0.6118350571600477,0.6097916546678472,0.04750191564459481,0.03631538827569532,0.04292428752369018,0.028103249927263825,-0.020837094632523423,0.5336853535105837,0.8349537202238876,inf,red,True
14.3,3123.49899784,FOLLOW,0.6157573479221597,0.61369499134344,0.04788704025866667,0.04298796385781569,0.04292428752369018,0.028103249927263825,-0.020837094632523423,0.5336853535105837,0.8349537202238876,1.016844506989234,red,True
14.5,3123.698992616,FOLLOW,0.6230923938126977,0.6209919460486378,0.04863353336060757,0.04339275771559596,0.04332724835051692,0.02968631362328031,-0.017896037584540364,0.535508365425113,0.8444375683908336,1.0299059279949634,red,True
14.7,3123.949591235,FOLLOW,0.633451418144526,0.6312907599412915,0.04974860794419739,0.04434888444521374,0.04427888329378777,0.032518306988653066,-0.012165825138095138,0.5338888246785725,0.8614907141107321,inf,red,True
14.8,3124.049193751,FOLLOW,0.6379750431385092,0.6357855186182627,0.05025881512066518,0.04435003393327556,0.04427888329378777,0.032518306988653066,-0.012165825138095138,0.5338888246785725,0.8614907141107321,inf,red,True
15.0,3124.299129483,FOLLOW,0.6455868053792299,0.6433448461153248,0.05115063646271024,0.045432452833789126,0.04576513960507726,0.03686970161062557,-0.0029198732426317098,0.5273878385909966,0.884209039607663,1.0070452291564487,red,True
15.2,3124.550229498,FOLLOW,0.6564436232254911,0.6541174573479668,0.05249993726711216,0.04559254714312389,0.045315873517494935,0.03807478833833248,-0.0004425887257340777,0.5344816191860988,0.8822260595721069,inf,red,True
15.3,3124.657109427,FOLLOW,0.6610809423150921,0.6587150915807047,0.0531053003631995,0.04539613192607498,0.045315873517494935,0.03807478833833248,-0.0004425887257340777,0.5344816191860988,0.8822260595721069,inf,red,True
15.5,3124.899899834,FOLLOW,0.6708817103177428,0.6684240484380704,0.05444345724398438,0.049460273644934494,0.04937192622801975,0.04354949988642729,0.00978105139449012,0.5072045858867607,0.9331341226692158,inf,red,True
15.7,3125.099263072,FOLLOW,0.6793306248093045,0.676784459742508,0.055663034874017324,0.050068305609588575,0.0509326401560055,0.04722220219853091,0.016338829803233618,0.5003828258012198,0.9553932181079358,inf,red,True
15.8,3125.199098874,FOLLOW,0.6844686239726822,0.6818641220461393,0.05643506151711219,0.051028400938451936,0.0509326401560055,0.04722220219853091,0.016338829803233618,0.5003828258012198,0.9553932181079358,0.9388431285642787,red,True
16.0,3125.39927593,FOLLOW,0.6949053804587033,0.6921709232495644,0.058076679098084345,0.05130232832709011,0.051887600003691116,0.0503793956610942,0.02235035621054804,0.49594793751715716,0.9685122542921311,inf,red,True
16.1,3125.500033528,FOLLOW,0.698415842047035,0.6956340119140327,0.058651438934395686,0.05197374486322628,0.052478521987902024,0.0511699567899126,0.02389894069657822,0.4904727945689685,0.9735561693628372,0.9422357047821976,red,True
16.3,3125.748966461,FOLLOW,0.7109004087958086,0.7079338446448108,0.06079074938805939,0.053023809782185925,0.052934897242351994,0.052497568798927,0.026125655159292632,0.489218404753461,0.9806392683673463,0.9439439683991859,red,True
16.5,3125.948849411,FOLLOW,0.7217172573475974,0.7185687574682589,0.0627660362483127,0.05302360458482564,0.05312140912951447,0.05477623872060176,0.032296566370979066,0.48176552750558954,0.9758464029776368,0.9139608779988526,red,True
16.6,3126.049148671,FOLLOW,0.7253354409178655,0.7221212467958192,0.06345237480202158,0.05321271669848287,0.05376524410317794,0.05573643747517175,0.033921208709971215,0.47674812248705617,0.9820536838024903,inf,red,True
16.8,3126.30048254,FOLLOW,0.7381333005465762,0.734665642268615,0.06598634518762693,0.053883066953020316,0.05428842450333075,0.05705037817351453,0.03714301636763713,0.46887303551589543,0.9827030873246771,0.8786682213150783,red,True
17.0,3126.49903642,FOLLOW,0.7473574460263085,0.7436855546545204,0.06791647357252208,0.054182348518742526,0.055036164337946225,0.05922311899880684,0.04250270804558334,0.4567835426084206,0.9823766636050997,inf,red,True
17.1,3126.649671494,FOLLOW,0.7548217102436167,0.7509704349232824,0.06954296709718275,0.0551310470657378,0.055039282697743636,0.05956243799069635,0.043424889974290365,0.4558825068404343,0.9813991510425868,inf,red,True
17.3,3126.857273161,FOLLOW,0.7642163590102821,0.7601203271735729,0.07167326507149695,0.05546175642431282,0.055304061053274525,0.06070021773677346,0.04720082723259189,0.4458108649265304,0.9745161606962452,inf,red,True
17.5,3127.100166314,FOLLOW,0.7774755599497323,0.7729960638528088,0.07483851158748717,0.05644751431918948,0.05635045077406998,0.06238742959882545,0.04974661014105074,0.4384455560317026,0.9843080214979623,3.010983475319028,red,True
17.6,3127.199485793,FOLLOW,0.7813139802163426,0.7767147085664193,0.07578989742722389,0.05644722270168448,0.05694087241164064,0.06319363604031343,0.050942945088292585,0.43372940011907607,0.9890266541252916,3.010983475319028,red,True
17.8,3127.399491606,FOLLOW,0.791009645753993,0.7860894874458568,0.07826347378420755,0.05703783526127375,0.057448226899438286,0.06433301586917474,0.05427750884351998,0.42227694716649883,0.984132346562468,inf,red,True
18.0,3127.599938615,FOLLOW,0.8027985966207217,0.7974513612128019,0.08140755043233643,0.05804543272155343,0.05794738366490154,0.06497496078822422,0.05547033279916984,0.416645683117156,0.9858850149557385,inf,red,True
18.1,3127.749103492,FOLLOW,0.8106927268523645,0.8050358171525599,0.08359682824359807,0.058044740732652776,0.05927226216956711,0.06690640893591253,0.059954701163406426,0.39676309268962656,0.9838739774361386,2.9715896203742918,red,True
18.3,3127.950685834,FOLLOW,0.822833304700144,0.8166612826567022,0.08709538902210798,0.060314162189329903,0.06072895536617363,0.06881531701370686,0.06338881960842574,0.38030024305335663,0.9872253881792027,inf,red,True
18.5,3128.204173504,FOLLOW,0.8353147806372899,0.8285617729420686,0.09085876958277148,0.06218897329748969,0.0630384264784436,0.07119198140330765,0.06654342982396548,0.35922357853224685,0.997088744500123,2.952372635098591,red,True
18.6,3128.298921348,FOLLOW,0.8395755234160351,0.8326118246951306,0.09218201687563748,0.06313964030885504,0.0630384264784436,0.07119198140330765,0.06654342982396548,0.35922357853224685,0.997088744500123,inf,red,True
18.8,3128.550389384,FOLLOW,0.8524809889760007,0.8448395595918948,0.09630884038020925,0.06336147899921518,0.06387497107062233,0.07219885794036576,0.06858429241188249,0.34797053506840697,0.995345756024425,inf,red,True
19.0,3128.800887615,FOLLOW,0.8678182689140445,0.8592912654486559,0.10144446088292329,0.06527620371174132,0.06515631699831638,0.0731857910830252,0.07062260292086162,0.3305903876936513,0.9917203936768836,inf,red,True
19.1,3128.849517802,FOLLOW,0.8700381979548107,0.8613755868455367,0.1022084564722707,0.06529225188532822,0.06515631699831638,0.0731857910830252,0.07062260292086162,0.3305903876936513,0.9917203936768836,inf,red,True
19.3,3129.10010819,FOLLOW,0.8879627330018509,0.8781340942768743,0.1085669727647871,0.06628359151485076,0.06712207221716955,0.07490354807727016,0.07280306279360288,0.3119907156494719,0.99563108820371,inf,red,True
19.5,3129.298980161,FOLLOW,0.8995253906416545,0.8888756737219058,0.11284619976649418,0.06922974255930789,0.07065307992800765,0.07343562193358773,0.07628274473816317,0.23202325926724784,0.9302997886118493,inf,red,True
19.6,3129.39988219,STOP_HOLD,0.9066883402643962,0.8955028287774477,0.11556436964324243,0.07074777251923871,0.0,0.0,0.07692459222498013,0.21525652383606533,0.9147257748099062,inf,red,True
19.8,3129.649772369,STOP_HOLD,0.910114435926825,0.8986397668918925,0.11687060558542532,0.00013073422143828082,0.0,0.0,0.07847376119746574,0.1747716576223373,0.8778999901266089,inf,red,True
20.0,3129.899367346,STOP_HOLD,0.9101360053768782,0.8986198640352246,0.11686229189384849,2.8420915289495677e-05,0.0,0.0,0.07899857589611868,0.1719179657073591,0.8791191075592334,inf,red,True
20.1,3130.000097939,STOP_HOLD,0.9101378544849803,0.8986181579749849,0.11686157876046079,1.4104107696488254e-05,0.0,0.0,0.0788259839383165,0.17220605552399004,0.880225341568567,inf,red,True
20.3,3130.248899177,STOP_HOLD,0.91014053134119,0.898615688354876,0.11686054602832514,1.2214225026758327e-05,0.0,0.0,0.07890639206360892,0.17163846486140033,0.8807157920241713,inf,red,True
20.5,3130.499017123,STOP_HOLD,0.9101428461090459,0.8986135529564525,0.11685965259461976,1.0550679697793782e-05,0.0,0.0,0.07901556652299935,0.16785663068456488,0.8761927167136372,inf,red,True
20.6,3130.599395547,STOP_HOLD,0.9101435454278619,0.8986129078599739,0.11685938259954651,1.002559061978062e-05,0.0,0.0,0.0789511927014862,0.16801108771775589,0.8765086660360807,inf,red,True
20.8,3130.798645658,STOP_HOLD,0.9101451340162834,0.898611442505171,0.1168587691270774,8.628800279138305e-06,0.0,0.0,0.07887078457619381,0.16857938605054446,0.8760231957443161,inf,red,True
21.0,3131.049464071,STOP_HOLD,0.9101471281579852,0.8986096031868981,0.11685799873146067,8.531956403143927e-06,0.0,0.0,0.07887078457619381,0.16857938605054446,0.8760231957443161,inf,red,True
21.1,3131.148880973,STOP_HOLD,0.9101480117594293,0.8986087882324989,0.11685765726281051,8.793546046377912e-06,0.0,0.0,0.07887078457619381,0.16857938605054446,0.8760231957443161,inf,red,True
21.4,3131.499834039,STOP_HOLD,0.9101507885228448,0.8986062273557252,0.1168565837987047,9.214365325273634e-06,0.0,0.0,0.07865612815572016,0.1685555287846221,0.8782794950229739,inf,red,True
21.5,3131.599333851,STOP_HOLD,0.9101514172188181,0.8986056475707275,0.11685634067737026,9.275091090621542e-06,0.0,0.0,0.07865612815572016,0.1685555287846221,0.8782794950229739,inf,red,True
21.6,3131.749206953,STOP_HOLD,0.9101526872673927,0.8986044763619732,0.11685584946108905,9.401224937049366e-06,0.0,0.0,0.07860938061559442,0.16836997166641704,0.8791518528816051,inf,red,True
21.8,3131.949048673,STOP_HOLD,0.9101542946325407,0.8986029941486658,0.11685522763601079,9.449294418649868e-06,0.0,0.0,0.07860938061559442,0.16836997166641704,0.8791518528816051,inf,red,True
22.0,3132.199455474,STOP_HOLD,0.9101562118008377,0.8986012263382992,0.11685448575948328,9.338196674495403e-06,0.0,0.0,0.07852117555904702,0.1671192941580005,0.8769075434786456,inf,red,True
22.0,3132.249351613,FOLLOW,0.9101568453094937,0.8986006422028947,0.11685424056762694,9.294458907111834e-06,0.0742199437059678,0.07226091788865101,0.07852117555904702,0.1671192941580005,0.8769075434786456,inf,red,True
22.1,3132.313597294,FOLLOW,0.910157148566724,0.8986003625837319,0.11685412318759668,7.830779065320334e-06,0.0742199437059678,0.07226091788865101,0.07852117555904702,0.1671192941580005,0.8769075434786456,inf,red,True
22.3,3132.549377226,FOLLOW,0.923525756075746,0.9109050270941884,0.12208030846423501,0.07431027626752917,0.0742199437059678,0.07226091788865101,0.07852117555904702,0.1671192941580005,0.8769075434786456,inf,red,True
22.5,3132.801304052,FOLLOW,0.9388132650646003,0.9248938188178034,0.1282461481199333,0.07558592182319479,0.06533441943929108,0.07066554577122741,0.07732890778750548,0.25794588228727966,0.8955523383689908,inf,red,True
22.6,3132.89904994,FOLLOW,0.9457988831385565,0.9312552649101801,0.13113243803781852,0.06542037287390846,0.06662833700819745,0.07075360204662914,0.07750762556919727,0.24164675139339512,0.8906636665011295,inf,green,True
22.8,3133.149169144,FOLLOW,0.9593764126696109,0.9435572408412736,0.13687766233890147,0.06849539198435625,0.07232823202959793,0.06974597812384392,0.07888497072782019,0.15760099604034195,0.840214462948766,inf,green,True
23.0,3133.401804373,FOLLOW,0.9740090799106443,0.9567254777905414,0.14325802467178333,0.07240953817516438,0.07232823202959793,0.06974597812384392,0.07888497072782019,0.15760099604034195,0.840214462948766,inf,green,True
23.1,3133.499126857,FOLLOW,0.981394804961708,0.9633375806394685,0.1465487429096999,0.07240864447471124,0.0848581207281726,0.06947701022891588,0.08082068562975489,0.03398113991346398,0.7672254992609728,inf,green,True
23.3,3133.699434111,FOLLOW,0.9951016631077163,0.9755488850922762,0.15277449076228217,0.08493677653218973,0.0848581207281726,0.06947701022891588,0.08082068562975489,0.03398113991346398,0.7672254992609728,inf,green,True
23.5,3133.956350672,FOLLOW,1.014132806944169,0.9923854054568133,0.16164629881057888,0.048603789501921964,0.05641996551476473,0.023857855247416286,0.08439477703626659,-0.26796486293159977,0.7851365527432377,inf,green,True
23.6,3134.049013512,FOLLOW,1.0179550761863403,0.9957521774303454,0.16345588055154966,0.056479139628902664,0.05641996551476473,0.023857855247416286,0.08439477703626659,-0.26796486293159977,0.7851365527432377,inf,green,True
23.8,3134.299406542,FOLLOW,1.029477320122074,1.0058831430509176,0.16894453927446254,0.056483274704395126,0.06602138122953387,0.02827221427474321,0.07515582432112006,-0.20627410584106792,0.833896955652665,inf,green,True
24.0,3134.550242081,FOLLOW,1.0442566398492494,1.0188361383191924,0.1760612357052273,0.06606176784740074,0.06602138122953387,0.02827221427474321,0.07515582432112006,-0.20627410584106792,0.833896955652665,inf,green,True
24.1,3134.64995087,FOLLOW,1.0487488366426576,1.0227638688999612,0.17824131819382644,0.0660616705404119,0.06602138122953387,0.02827221427474321,0.07515582432112006,-0.20627410584106792,0.833896955652665,inf,green,True
24.3,3134.899350926,FOLLOW,1.0622253759640534,1.0345212408276632,0.18482772901743083,0.06606123099516607,0.06602138122953387,0.02827221427474321,0.07515582432112006,-0.20627410584106792,0.833896955652665,inf,green,True
24.5,3135.099086093,WAIT_SENSORS,1.0757017999383058,1.0462395446107442,0.19148316665195725,0.06606054073363486,0.0,0.0,0.07515582432112006,-0.20627410584106792,0.833896955652665,inf,green,True
24.6,3135.201451458,WAIT_SENSORS,1.0788280297008206,1.048952215213813,0.19303710649901856,0.024135490872426953,0.0,0.0,0.07515582432112006,-0.20627410584106792,0.833896955652665,inf,green,True
24.7,3135.399049333,FOLLOW,1.0788657440759328,1.0489849166690632,0.19305589449823649,1.5373979972775867e-05,0.059447885498531375,0.002807455279890595,0.04710088972118609,-0.27497824484416605,0.8359589461144928,inf,green,False
24.8,3135.449757377,FOLLOW,1.0788667878020717,1.0489858216580596,0.19305641445897484,1.5324592110873306e-05,0.059447885498531375,0.002807455279890595,0.04710088972118609,-0.27497824484416605,0.8359589461144928,inf,green,False
25.0,3135.64940084,FOLLOW,1.0879926077490991,1.056896936795972,0.19760557321416555,0.05946429381609084,0.059272710703431764,0.0008928386284984753,0.04386857930765177,-0.2751303954754767,0.833683512877321,inf,green,False
25.1,3135.799615464,FOLLOW,1.0960680106377942,1.0638957054148035,0.20163414233030957,0.05928730258217984,0.059272710703431764,0.0008928386284984753,0.04386857930765177,-0.2751303954754767,0.833683512877321,inf,green,False
25.3,3135.999238177,FOLLOW,1.106146831869329,1.0726296072075732,0.20666421156259693,0.059287071564987165,0.05774307516978911,0.001123575894666938,0.04268057508821223,-0.2650187032907993,0.8000046869465898,inf,green,False
25.5,3136.25114432,FOLLOW,1.1179317481587943,1.082840355787481,0.21254850117714452,0.057757408936240394,0.05585502299593876,-0.0026808936992749285,0.03511823820892773,-0.2604688055393203,0.7685520900312279,inf,green,False
25.6,3136.399065507,FOLLOW,1.1255325259423439,1.0894258267048638,0.21634368171262014,0.05586606746190958,0.05585502299593876,-0.0026808936992749285,0.03511823820892773,-0.2604688055393203,0.7685520900312279,inf,green,False
25.8,3136.599603049,FOLLOW,1.1350297535420861,1.0976560376359026,0.2210829811413512,0.05586603094173728,0.05585502299593876,-0.0026808936992749285,0.03511823820892773,-0.2604688055393203,0.7685520900312279,inf,green,False
26.0,3136.799044753,FOLLOW,1.144526979136194,1.1058880435994893,0.22581915794991156,0.05586604169859374,0.05585502299593876,-0.0026808936992749285,0.03511823820892773,-0.2604688055393203,0.7685520900312279,inf,green,False
26.1,3136.949136537,WAIT_SENSORS,1.1540242096597393,1.1141218512229711,0.23055221178395424,0.055866086268357214,0.0,0.0,0.03511823820892773,-0.2604688055393203,0.7685520900312279,inf,green,False
26.1,3136.999362777,FOLLOW,1.1559236567948123,1.1157688293709642,0.23149844769479797,0.05586609795166052,0.058223518399408425,-0.018963432774850967,0.00899947296263795,-0.2739708689561128,0.8175199018610733,inf,green,False
26.3,3137.14901081,FOLLOW,1.1599040885506249,1.119220414091096,0.23348097123782996,0.05820920132060722,0.058223518399408425,-0.018963432774850967,0.00899947296263795,-0.2739708689561128,0.8175199018610733,inf,green,False
26.5,3137.349226492,FOLLOW,1.1698015618117366,1.1278128979679274,0.23839311118036693,0.05822071485583992,0.058223518399408425,-0.018963432774850967,0.00899947296263795,-0.2739708689561128,0.8175199018610733,inf,green,False
26.6,3137.4490967,FOLLOW,1.1757400826605557,1.132975889253033,0.24132731318225106,0.05822087168416988,0.049356476479697306,-0.017555349158584154,0.015742712353662286,-0.33363941014158216,0.7543720060673335,inf,green,False
26.8,3137.749439956,FOLLOW,1.1899916208462924,1.1453878781200717,0.24833078834242345,0.08343639028749772,0.08679366027111134,0.002208229513113922,-0.003099311160606362,0.0378181436264122,0.7916633170508219,inf,green,False
27.0,3137.94896733,FOLLOW,1.2074662394426277,1.1606102180248938,0.2569123179780925,0.0868096861957394,0.09318503447938258,-0.004711057652985376,-0.005921325041771262,0.005345768511989013,0.7869199878096151,inf,green,False
27.1,3138.049014112,FOLLOW,1.2169622942451988,1.168882107409762,0.2615761041411697,0.09319526939827381,0.04929152236111899,-0.023184147532751487,0.0053160815993792965,-0.3425094071342019,0.7624878967728483,inf,green,False
27.3,3138.249052612,FOLLOW,1.22715295579096,1.177764498404394,0.2665713658627956,0.04928603971486803,0.049298159770444765,-0.03021770470226005,0.02774642920421,-0.5454827480210764,0.971053324419629,inf,green,False
27.5,3138.50015497,FOLLOW,1.2368153000871305,1.1862080657787926,0.2712689058678177,0.026248450921095394,0.026715447129070997,-0.017296071792192967,0.027381243618065626,-0.5616409609138111,0.535222255175874,inf,green,False
27.6,3138.600277751,FOLLOW,1.238615352149086,1.1877835505834051,0.27213955780472143,0.026715345551287937,0.026715447129070997,-0.017296071792192967,0.027381243618065626,-0.5616409609138111,0.535222255175874,inf,green,False
27.8,3138.800405834,FOLLOW,1.244065294331998,1.1925596619489875,0.27476455320110266,0.02671548080785466,0.026715447129070997,-0.017296071792192967,0.027381243618065626,-0.5616409609138111,0.535222255175874,inf,green,False
28.0,3139.049053124,FOLLOW,1.2503344044217486,1.1980650702638302,0.27776324718828,0.03280756415077038,0.01885734682282883,-0.019047008855210677,0.07456199670751412,-0.8834788988671612,0.5042293069941772,inf,green,False
28.1,3139.149245623,FOLLOW,1.2520554531398826,1.1995788985981917,0.2785819851178858,0.018856083608317305,0.01905770679868011,-0.01936703285977929,0.0733728631674157,-0.8822802780674609,0.5091108661070765,inf,green,False
28.3,3139.400499818,FOLLOW,1.2560786447751275,1.2031231635407105,0.280485727744223,0.023455962707629136,0.030237476423234582,-0.026956424122099688,0.03635568341494305,-0.7162802145316882,0.7031978472630243,inf,yellow,False
28.5,3139.599248569,FOLLOW,1.2612214054325945,1.2076639661992838,0.28290007123161465,0.030441998346728123,0.03045050690739016,-0.027593765140106797,0.038170022963713635,-0.7294528202701049,0.7165085605251277,inf,yellow,False
28.6,3139.74985228,FOLLOW,1.265361523614965,1.211327505067431,0.2848285533120218,0.030442093374075014,0.03045050690739016,-0.027593765140106797,0.038170022963713635,-0.7294528202701049,0.7165085605251277,inf,yellow,False
28.8,3139.998812386,FOLLOW,1.2726448359402505,1.2177897175185668,0.28818805634437333,0.03101476980479615,0.031024889769092984,-0.029674398130271704,0.04374580343386181,-0.7703233721436195,0.7564407003114371,inf,yellow,False
29.0,3140.20055589,FOLLOW,1.276862849551711,1.2215425445681167,0.2901136486955425,0.031014844433546428,0.019955433227585966,-0.020791380135163542,0.06562686316934724,-0.8696055335390981,0.5278235093731901,inf,yellow,False
29.1,3140.30005988,FOLLOW,1.279034016576148,1.2234772665388935,0.2910989484509271,0.019953693286976975,0.028134953997941307,-0.029379328789669094,0.06627605761053301,-0.8721889463273779,0.7456870308668792,inf,yellow,False
29.3,3140.549356311,FOLLOW,1.284203504554966,1.228092564056309,0.29342759040417965,0.02812528280294727,0.020683640326626077,-0.0206338182644877,0.06290722291325634,-0.8466196221323414,0.5371798310062471,inf,yellow,False
29.5,3140.805798446,FOLLOW,1.2884793226369309,1.231919094321948,0.2953355372422858,0.021137451732682614,0.029073565799329563,-0.014464064547555687,0.047833688020840454,-0.5826897259983422,0.5952144668570405,inf,yellow,False
29.6,3140.899432987,FOLLOW,1.2911631391498681,1.2343244831739766,0.296525904524988,0.02907760711975698,0.026648223668730913,-0.01657206557309596,0.05061838372472724,-0.6535263409962203,0.5848876161618115,inf,yellow,False
29.8,3141.149190948,FOLLOW,1.2970162630535773,1.2395766311231098,0.2991093060965876,0.03161642337024732,0.03161970879909584,-0.022539731916684617,0.014280322033942028,-0.5326086311594344,0.6143502779330144,inf,yellow,False
30.0,3141.349459489,FOLLOW,1.3034660186816258,1.2453760580937736,0.30193170319452306,0.03161647916125213,0.03161970879909584,-0.022539731916684617,0.014280322033942028,-0.5326086311594344,0.6143502779330144,inf,yellow,False
30.1,3141.450033465,FOLLOW,1.3056159398623521,1.2473120350490565,0.30286666504089366,0.031616497869199345,0.03161970879909584,-0.022539731916684617,0.014280322033942028,-0.5326086311594344,0.6143502779330144,inf,yellow,False
30.3,3141.699187434,FOLLOW,1.3132384704363131,1.2541873373507948,0.3061580258046119,0.034626409313891306,0.03463034918194623,-0.02343935689156284,0.030089696453109133,-0.589330010568678,0.7137675775452473,inf,yellow,False
30.5,3141.899840016,FOLLOW,1.3185320425583174,1.2589719730213962,0.3084227863834745,0.025717842463749294,0.022350810084811105,-0.0160939533874192,0.027398882434044786,-0.5986628730568556,0.4650192544676167,inf,red,False
30.5,3141.956570284,LANE_GRACE,1.3194064494985693,1.2597630476078407,0.3087953296639699,0.025717857396521358,0.014427129897048939,-0.010356338173909928,0.05444469865543444,-0.677665310661442,0.16670934652357836,inf,red,False
30.6,3142.050961803,LANE_GRACE,1.3216915626089163,1.2618314318331463,0.30976668316104167,0.02235377408019533,0.014450454466851306,-0.010277707990275973,0.05444469865543444,-0.677665310661442,0.16670934652357836,inf,red,False
30.6,3142.099273217,FOLLOW,1.3221941234909103,1.262286537062444,0.3099798654079019,0.014443104432574502,0.027701081851873696,-0.019757121875286256,0.023846638152434596,-0.5788217367115077,0.564883771813305,inf,red,False
30.8,3142.299346357,FOLLOW,1.326309563988782,1.2660163871130707,0.31171913439002447,0.026053895079968695,0.02605334939164854,-0.018707906461042496,0.03134988230303615,-0.6154415669240656,0.5511594568724113,inf,red,False
30.9,3142.399176283,LANE_GRACE,1.3289670665509556,1.2684276051263428,0.3128364283196603,0.026053967420290727,0.014198482072399142,-0.01012277030508864,0.0185735507005238,-0.5226171443213842,0.07161395233904655,inf,red,False
31.0,3142.501292557,FOLLOW,1.3303390206716792,1.2696732447919488,0.3134114411909235,0.01379120911420414,0.0333713651369085,-0.026644390573770237,0.0015578964380368043,-0.5165083912640273,0.6371903369981763,inf,red,False
31.1,3142.599297384,FOLLOW,1.3323949278823382,1.2715410641185465,0.314270513140418,0.032930354973319594,0.0333713651369085,-0.026644390573770237,0.0015578964380368043,-0.5165083912640273,0.6371903369981763,inf,red,False
31.3,3142.849521056,FOLLOW,1.3403446996157549,1.2787767578583653,0.3175634469395727,0.031498761864154116,0.03150435261000184,-0.02538609549600675,0.004809666479325458,-0.5368368227946586,0.6148841167365987,inf,red,False
31.5,3143.048979435,FOLLOW,1.3452881554393352,1.2832864561678643,0.31958837812240126,0.027406841678125057,0.02023477542505533,-0.016844631882293563,-0.0037644781715002185,-0.5089986090232581,0.38319547323486053,inf,red,False
31.6,3143.19957075,FOLLOW,1.3476064906362881,1.2854041253849275,0.3205318577388362,0.020237509557640566,0.020324473282139304,-0.016994485282062436,-0.003929837153144433,-0.510289334655427,0.38544065127542904,inf,red,False
31.8,3143.40047901,FOLLOW,1.351757235311734,1.2892000388875662,0.32221105574181635,0.02039869374980486,0.04510464549276024,-0.0370643777184866,-0.004529015483778459,-0.4988906931314276,0.8446697093840536,inf,red,False
32.0,3143.599069006,FOLLOW,1.3589608229562764,1.2958015295592988,0.3250940834583556,0.0450884198655151,0.04457236307087251,-0.036124771349731716,-0.0009256285827499433,-0.5108024849056721,0.8457628967305939,inf,red,False
32.1,3143.698928202,FOLLOW,1.3635244875973163,1.2999923874489148,0.32690066169628684,0.04455705553753205,0.04220128694220767,-0.03474145368571489,-0.00796773694984479,-0.4819255931954961,0.7753832295858301,inf,red,False
32.2,3143.80081428,FOLLOW,1.3679116641300426,1.3040273079123732,0.3286230778286798,0.042187331630233874,0.03940908263047667,-0.03197035160648588,-0.0006969140453084721,-0.5124005597846931,0.7491014385968362,inf,red,False
32.4,3144.049611454,FOLLOW,1.377482134033532,1.3128500658059796,0.33233150192372407,0.03939786611559735,0.038605973275866005,-0.03279224172598147,-0.020805511648006036,-0.42888727532752763,0.666666666666665,inf,red,False
32.5,3144.14945807,FOLLOW,1.3801077173893583,1.3152754390090426,0.33333711157044066,0.038593936911365596,0.022506785641707546,-0.015893506337703592,0.05631588487024253,-0.7130139364977828,0.5218826267705977,inf,red,False
32.6,3144.249405179,FOLLOW,1.3826490465110488,1.3176249165216425,0.33430577438557774,0.022511561449361072,0.020344860513033095,-0.01407511933353568,0.0660760140128685,-0.7434245640053836,0.48464194295552526,inf,red,False
32.7,3144.348908555,FOLLOW,1.3848015014670945,1.3196161735147884,0.33512306089165667,0.020351479095038757,0.020344860513033095,-0.01407511933353568,0.0660760140128685,-0.7434245640053836,0.48464194295552526,inf,red,False
32.9,3144.660590185,FOLLOW,1.393726363289908,1.3278869077592717,0.33847682803373924,0.05747377211973478,0.048525734508864056,-0.04243476609165828,-0.0319567603682739,-0.3822654403064192,0.7908334389951863,inf,red,False
33.0,3144.69906085,FOLLOW,1.397055101626194,1.3309782813715727,0.3397112923518597,0.048772444705900586,0.048525734508864056,-0.04243476609165828,-0.0319567603682739,-0.3822654403064192,0.7908334389951863,inf,red,False
33.1,3144.849410687,FOLLOW,1.403651987864549,1.3371151899197546,0.3421314479512539,0.04850368733461213,0.035071270722893615,-0.02827000014550877,-3.4017315505896484e-05,-0.5128102342808148,0.6669461426060501,inf,red,False
33.2,3144.949303764,FOLLOW,1.4063616439083797,1.3396398807298437,0.3431154041189077,0.03508264447286966,0.035151395049259446,-0.02825609860864493,-0.0021551817938316176,-0.5007210679825324,0.6596167102051015,inf,red,False
33.4,3145.160920821,FOLLOW,1.4136352069938678,1.3464273734677041,0.3457296964950033,0.038349694972809774,0.018546301607899936,-0.016947419920550127,0.0742655236611906,-0.8509232563174628,0.483333333333333,inf,red,False
33.5,3145.250177454,FOLLOW,1.41624298372029,1.3488644032723196,0.34665780402141183,0.0383496453231117,0.018546301607899936,-0.016947419920550127,0.0742655236611906,-0.8509232563174628,0.483333333333333,inf,red,False
33.6,3145.349128993,FOLLOW,1.41805423463934,1.3505582628009378,0.3472992625899337,0.018550255237679215,0.018537861834367352,-0.017019331968824127,0.07396266218416953,-0.8514927669268462,0.48333333333333284,inf,red,False
33.7,3145.448776328,FOLLOW,1.4199455059283344,1.3523280609090949,0.3479661366447813,0.018541751351219066,0.018645400402275823,-0.017097935243154533,0.07161444602669714,-0.8442747004332619,0.4833333333333327,inf,red,False
33.9,3145.703020269,FOLLOW,1.4237375753365389,1.3558799170918696,0.3492943290097681,0.018564073471941663,0.01731586472243165,-0.01689265318900839,0.13850326695398935,-1.0169549637669286,0.5111625097992953,inf,red,False
34.0,3145.849081658,FOLLOW,1.4261371861325352,1.3581298447321548,0.3501285683934531,0.01731991339053981,0.02428881483149892,-0.021475092802993912,0.023497218176899454,-0.6618972791399546,0.5373380496479766,inf,red,False
34.1,3145.949689918,FOLLOW,1.4283676141935469,1.3602227835601266,0.35089955153854197,0.02428806881598929,0.02422435543512725,-0.02155622232923547,0.031240229554414634,-0.6958089473792614,0.5530263631314142,inf,red,False
34.2,3146.050255656,FOLLOW,1.4308407017746987,1.3625451494730967,0.35174971428735446,0.024223514660336978,0.024324246375507258,-0.021656316713220325,0.03143253524818107,-0.6967720957141449,0.555794889040256,inf,red,False
34.4,3146.299209493,FOLLOW,1.435805257913396,1.3672125857023087,0.3534414057713807,0.024415520188041235,0.02441660518703877,-0.021774326642415787,0.03299125471445008,-0.7035085735622219,0.5613319408579396,inf,red,False
34.5,3146.399134454,FOLLOW,1.4374655130470182,1.3687750898780793,0.3540026788378537,0.024415514323685352,0.024418921866381914,-0.02176821450894296,0.03253578345694924,-0.7015898610852664,0.5604090988883256,inf,red,False
34.6,3146.499654976,FOLLOW,1.4399561285284628,1.3711205701853906,0.35484046489635923,0.024417828261643487,0.024588021497923124,-0.021849743855768062,0.03115378770610594,-0.6949146500536605,0.5608705198731329,inf,red,False
34.7,3146.599132564,FOLLOW,1.4416220446117796,1.372690411472972,0.3553980259877707,0.02458683725587662,0.024588021497923124,-0.021849743855768062,0.03115378770610594,-0.6949146500536605,0.5608705198731329,inf,red,False
34.9,3146.848930481,FOLLOW,1.4474861181611636,1.3782226251780156,0.3573427364073325,0.02463455576736655,0.024635859363539164,-0.02193477995876307,0.03018756729947683,-0.6918895237099317,0.5604090988883258,inf,red,False
35.0,3146.949185111,FOLLOW,1.449998842179281,1.3805961419616506,0.3581674775021886,0.024634543799643388,0.02474312986805303,-0.022025106815618055,0.02946893047824148,-0.6889460349141048,0.5613319408579397,inf,red,False
35.1,3147.049219005,FOLLOW,1.4525223439767685,1.3829816321044215,0.3589905788739076,0.02474170480097394,0.03150717787929113,-0.027290290218142277,0.007432830724524164,-0.5821759086663911,0.6446998138147164,inf,red,False
35.2,3147.150587361,FOLLOW,1.4546547265335845,1.3849987735578353,0.35968209518421773,0.03150007406497595,0.03173692364840121,-0.027751853181566533,0.012602894624882566,-0.6101026096949624,0.6678656125195798,inf,red,False
35.4,3147.399187989,FOLLOW,1.4621965980749487,1.3921429935102276,0.3620986541332751,0.031919993943556095,0.03215921241402244,-0.028074436814024516,0.011959312272253053,-0.6064655014315142,0.6743153718317016,2.3375463036508126,red,False
35.5,3147.501024338,FOLLOW,1.4643671564510272,1.3942019654608937,0.36278564551979164,0.0319199652303312,0.03215921241402244,-0.028074436814024516,0.011959312272253053,-0.6064655014315142,0.6743153718317016,2.3375463036508126,red,False
35.6,3147.649198301,FOLLOW,1.4687531533288634,1.398366330931234,0.3641622384335893,0.032573839639972776,0.032582003313149865,-0.02813189595472153,0.010449436814031765,-0.594643050771495,0.6751554828257987,inf,red,False
35.7,3147.699824669,FOLLOW,1.4709681735561386,1.400471350994546,0.3648515889096226,0.032573816949758375,0.03280635664248192,-0.0281036934404342,0.010073327641923285,-0.5893683751107107,0.6761994117640585,inf,red,False
35.9,3147.999940174,FOLLOW,1.479898613099262,1.408969535952758,0.3675962948410805,0.04121336246161805,0.04133958892760301,-0.02133583813741523,-0.007427903605246242,-0.29483401161852535,0.5984198419422327,inf,red,False
36.0,3148.099232426,FOLLOW,1.4841150046998046,1.4129863333683952,0.3688782038952004,0.04133890211269933,0.041238590199114585,-0.021500533644339695,-0.007596472502616844,-0.2971918563902298,0.5989835261632632,inf,red,False
36.1,3148.203720834,FOLLOW,1.4869193153822018,1.4156593899035301,0.36972609904271925,0.04123772870941459,0.056868428194091165,-0.02362497908376953,-0.017118247331329273,-0.1672128489061577,0.6720104826830356,inf,red,False
36.2,3148.299258653,FOLLOW,1.4907887891305172,1.4193497385300038,0.3708897783427243,0.030919412688063457,0.056868428194091165,-0.02362497908376953,-0.017118247331329273,-0.1672128489061577,0.6720104826830356,2.287958933174138,red,False
36.4,3148.549256565,FOLLOW,1.5018817980258534,1.4299409372061538,0.3741884283965065,0.05341923331138045,0.052921179722662796,-0.02800649246337555,-0.01374543644152941,-0.26445277511914644,0.7325755151937999,2.3070771337364437,red,False
36.5,3148.649065195,FOLLOW,1.5072796566229534,1.4351010531585564,0.37577274657397935,0.05291300834074288,0.05289281193551262,-0.028739716467263966,-0.014890157316991351,-0.2666462387929472,0.7345998778331707,inf,red,False
36.6,3148.749983246,FOLLOW,1.5126748468182263,1.440263028256823,0.3773418459913372,0.05288378471053215,0.034724947959045765,-0.03674642048113027,-0.014570619269359347,-0.5854719207324798,0.7129262742195049,inf,red,False
36.7,3148.84954377,FOLLOW,1.5158074862374764,1.4432623741224608,0.3782459209912314,0.03869611855979968,0.034724947959045765,-0.03674642048113027,-0.014570619269359347,-0.5854719207324798,0.7129262742195049,inf,red,False
36.9,3149.099356348,FOLLOW,1.5240898572201487,1.4512051599625062,0.3805931340838188,0.03482952739662307,0.03498912890777696,-0.037093213503348814,-0.015444146365404393,-0.5825116967418587,0.7161922585562408,2.2819105341233326,red,False
37.0,3149.199321787,FOLLOW,1.5264676372522186,1.453489145757081,0.3812543788369513,0.034970195243028745,0.03520308602638088,-0.03707003797955236,-0.016026034581460402,-0.5757334203675297,0.7156005736669376,inf,red,False
37.1,3149.349241212,FOLLOW,1.5300488413678133,1.456932138656705,0.38223967566834466,0.035184048578133204,0.035464729972103495,-0.03724797882043701,-0.01601851666681403,-0.5741899296763717,0.7197788082815629,inf,red,False
37.2,3149.501133548,FOLLOW,1.5336639106540964,1.4604113476719287,0.3832214176053524,0.035445350999084475,0.0355546401597467,-0.03697863211542604,-0.016327487277634917,-0.5668416692610826,0.7161605758755547,inf,red,False
37.4,3149.900188963,FOLLOW,1.5421146778873125,1.4685584921350607,0.38546620549664906,0.03553523130761065,0.03589199189861607,-0.03702058319119167,-0.016550576072430295,-0.5608013473058333,0.7184390452850078,2.2584054758854424,red,False
37.5,3149.999504717,FOLLOW,1.5457731997266104,1.4720914799734746,0.38641634522225404,0.03587237863442584,0.03568182839771794,-0.03660071756203104,-0.01650330085976956,-0.5577261605664305,0.7119462606945131,2.2541002140045165,red,False
37.6,3150.099648915,FOLLOW,1.5482056745353316,1.4744424176910131,0.3870408637031128,0.03566258129192934,0.03568182839771794,-0.03660071756203104,-0.01650330085976956,-0.5577261605664305,0.7119462606945131,inf,red,False
37.7,3150.199138698,FOLLOW,1.5518432508735964,1.4779608864584197,0.3879640788058932,0.03566243583626642,0.03568182839771794,-0.03660071756203104,-0.01650330085976956,-0.5577261605664305,0.7119462606945131,inf,red,False
37.9,3150.555406981,FOLLOW,1.5586260070411129,1.484530452383978,0.389651209859103,0.03200534667315407,0.03727606314265631,-0.039218665129481155,-0.02361796216087625,-0.538744929261622,0.7290149012084302,inf,red,False
38.0,3150.753312082,FOLLOW,1.5620663562210397,1.4878670335757365,0.3904897907091303,0.03725334015054045,0.03750908226838428,-0.039261537486603104,-0.023794198411635048,-0.5346348007547223,0.730360284008413,2.2302794507548516,red,False
38.1,3150.901034907,FOLLOW,1.5658737624786647,1.4915630179605768,0.39140413495998844,0.03748583899646103,0.037427242759596746,-0.03896782862318703,-0.023780021623044878,-0.5313556799206081,0.7262098984982892,inf,red,False
38.2,3151.061651611,FOLLOW,1.5696946446820526,1.495275639927653,0.3923072199264739,0.03740412700280336,0.03755444824374949,-0.038775193944075165,-0.023480609569851985,-0.5276201863542288,0.7257555057978571,inf,red,False
38.5,3151.449922968,FOLLOW,1.5795559337362466,1.5048734560058739,0.39457132105349374,0.032519372692260684,0.03308963254431035,-0.03383851979961908,-0.028164936720581207,-0.49786030648199436,0.6189555753668972,2.2182843700029427,green,False
38.6,3151.599919861,FOLLOW,1.584015387191623,1.5092210715797523,0.3955637588260932,0.03307192979548559,0.03308963254431035,-0.03383851979961908,-0.028164936720581207,-0.49786030648199436,0.6189555753668972,inf,green,False
38.7,3151.750502042,FOLLOW,1.5873887149351538,1.5125127145902986,0.3963016048935548,0.03307175623645906,0.033081700662730536,-0.033360463059742336,-0.027538929247300725,-0.4922562979471765,0.6149449117317626,inf,green,False
38.9,3152.100900433,FOLLOW,1.5937769256213838,1.5187529109283766,0.39766873880258485,0.027760056799668566,0.027771118965079996,-0.02797577916905502,-0.0339692486434062,-0.4576895948165645,0.49622916193254324,inf,green,False
39.0,3152.198951087,FOLLOW,1.5956646065869813,1.5205984815802762,0.3980652329839482,0.027759972528504907,0.02790153128390309,-0.02790561744790338,-0.03387325486310158,-0.45354777846627414,0.49615187589964027,2.2028712726158868,green,False
39.1,3152.349452878,FOLLOW,1.599453083134334,1.524304634667059,0.398850706473128,0.027890294782656797,0.027934271058833594,-0.027848520751939273,-0.03388945556113615,-0.45138411186010274,0.4954748865809252,2.194560729113023,green,False
39.2,3152.449075992,FOLLOW,1.602301187513828,1.5270927389637599,0.39943222896615893,0.027922970980646777,0.028197096609707126,-0.02788758471296844,-0.033855733603139704,-0.4464549667194729,0.49724109317407095,inf,green,False
39.4,3152.649773742,FOLLOW,1.6070881450135084,1.5317824146955528,0.4003923668945126,0.028055609755506257,0.031248829832069037,-0.03133015617160795,-0.0666087387309971,-0.26479644802454966,0.43279398077673087,inf,green,False
39.5,3152.748995051,FOLLOW,1.6100535892401107,1.5346897876598706,0.40097635029027623,0.031233028590098934,0.031248829832069037,-0.03133015617160795,-0.0666087387309971,-0.26479644802454966,0.43279398077673087,inf,green,False
39.6,3152.899868431,FOLLOW,1.6132496817511197,1.5378251640506149,0.4015963622856479,0.031549632878222635,0.031888870688962775,-0.03151466336637252,-0.06661024089472135,-0.2541096370866066,0.43455870069706604,inf,green,False
39.7,3153.001704872,FOLLOW,1.6164782772290438,1.5409943646899467,0.4022127943733608,0.03187231908559623,0.032217915465544686,-0.03160796968862527,-0.06661099197658354,-0.24874373805778618,0.43544106065723376,2.1790457175576377,green,False
39.9,3153.199496329,FOLLOW,1.6219408365210801,1.5463607395549268,0.4032333381457527,0.03220094111644099,0.03283116194830289,-0.03187365333014977,-0.06691535561732881,-0.23920605371105708,0.43720578057756904,inf,green,False
40.0,3153.352711367,FOLLOW,1.6263818424005148,1.5507274210712894,0.40404241072675867,0.03281360362919118,0.03311321263532702,-0.03204747687011027,-0.06721896817621198,-0.2350404890456707,0.4380881405377366,inf,green,False
40.1,3153.448724915,FOLLOW,1.6286319506265818,1.5529411592329423,0.40444533622094675,0.03309530669900155,0.03324311079550273,-0.031892237600026456,-0.06661324522216999,-0.2325590548720894,0.43808814053773665,inf,green,False
40.2,3153.599304135,FOLLOW,1.6331459866703513,1.5573847783705628,0.40523952883048137,0.03322513718422227,0.0338243548783411,-0.03224462299609577,-0.06722047033993633,-0.22419334760193155,0.43985286045807204,inf,green,False
40.4,3153.799787187,FOLLOW,1.6401041371637002,1.5642408196139899,0.4064271289274575,0.03474391125188257,0.03476315618759988,-0.03257459307071881,-0.06776122484435107,-0.20861586128151413,0.440779338416248,inf,green,False
40.5,3153.89945011,FOLLOW,1.6424667181573658,1.5665704401290073,0.40682039166455874,0.034743770647304016,0.03476315618759988,-0.03257459307071881,-0.06776122484435107,-0.20861586128151413,0.440779338416248,inf,green,False
40.6,3153.999337887,FOLLOW,1.646010571741446,1.5700664322103102,0.40740084651077474,0.03474355999381458,0.035222752765191795,-0.03259643029354662,-0.0674591144491922,-0.20187690790079876,0.4416616983764156,inf,green,False
40.7,3154.149467894,FOLLOW,1.6507975635089565,1.5747917028767282,0.40816705396535996,0.03520284935953905,0.03594522094371728,-0.03289004382931673,-0.06776347808993757,-0.1921362428560694,0.44342641829675095,inf,green,False
40.9,3154.399481052,FOLLOW,1.6581130042289587,1.5820190753337207,0.40929867900749123,0.03630128010097713,0.03632193904081907,-0.03286126954205334,-0.06769700747658595,-0.18488706894711354,0.44258817633459163,inf,green,False
41.0,3154.499885914,FOLLOW,1.6605814865308033,1.5844594808234516,0.4096699257054341,0.036301146108041665,0.037119876435392066,-0.033301318953738585,-0.06806859281254501,-0.1768210987925944,0.44607349817725384,inf,green,False
41.1,3154.649436578,FOLLOW,1.6643373584482188,1.5881741672155694,0.4102246035487065,0.03709831694173309,0.03744064188894963,-0.0333641060654726,-0.0683049836762144,-0.17080464490199204,0.4452352562150947,inf,green,False
41.2,3154.749614067,FOLLOW,1.668142757203477,1.5919396759688063,0.41077414127639184,0.03741880559793961,0.037969556989015406,-0.03338806177330245,-0.06800287328105553,-0.16396880223299826,0.44611761617526224,inf,green,False
41.4,3154.94925994,FOLLOW,1.6759202693036384,1.5996411625041551,0.4118588448102651,0.03831407740955465,0.039005146376925155,-0.03365983133584287,-0.06776873566297262,-0.15328445165449575,0.4496029380179245,inf,green,False
41.5,3155.099665093,FOLLOW,1.6798728673315269,1.6035578424147148,0.4123904806799234,0.03898239297522018,0.039754779551229955,-0.03394065184605185,-0.06830873908552515,-0.14290475088540713,0.4496470560159329,inf,green,False
41.6,3155.199914925,FOLLOW,1.6838735492268644,1.6075239513972621,0.412915287069608,0.03973151827078424,0.044443920476969705,-0.03679510116381052,-0.056104482798014076,-0.20284003965207034,0.5581786413047892,inf,green,False
41.7,3155.299814241,FOLLOW,1.6880792955255057,1.6116952178283548,0.4134527090678954,0.04441691711466593,0.044443920476969705,-0.03679510116381052,-0.056104482798014076,-0.20284003965207034,0.5581786413047892,inf,green,False
41.9,3155.499397416,FOLLOW,1.6971629487913655,1.620710523366764,0.41456476212505416,0.04464158356827698,0.04536179618318593,-0.036753041482399884,-0.055880939386304763,-0.1914779942730088,0.5589688379802467,inf,green,False
42.0,3155.599990454,FOLLOW,1.7002447673767442,1.6237709687924344,0.4149270824887837,0.04533430040173064,0.04586506706984724,-0.03685506574145765,-0.055387926841251746,-0.18982651184514138,0.5635923442781554,inf,green,False
42.1,3155.698797433,FOLLOW,1.7048853038499379,1.6283809683350192,0.4154585535264127,0.04583732387716562,0.04586506706984724,-0.03685506574145765,-0.055387926841251746,-0.18982651184514138,0.5635923442781554,inf,green,False
42.2,3155.799445568,FOLLOW,1.7095607040910226,1.6330275361836533,0.4159769672097467,0.045837204982788524,0.04719632063800851,-0.03690727658292368,-0.05557609202103028,-0.1730300908451646,0.5634356646407402,inf,green,False
42.4,3156.049889441,FOLLOW,1.720784998825504,1.644190011404177,0.4171530538352235,0.04716815577373779,0.04898077543719739,-0.036814930726423785,-0.05450108354953787,-0.1580773272901717,0.5694804217623168,inf,green,False
42.5,3156.150762784,FOLLOW,1.7240507593985404,1.6474396389267247,0.4174772591270646,0.04895267193817843,0.04954801153187915,-0.03691905374924936,-0.05440484053504626,-0.1540171836624772,0.5718843709368256,inf,green,False
42.6,3156.248951529,FOLLOW,1.7290624643923014,1.652428082011751,0.4179595425622258,0.04951968100150995,0.04954801153187915,-0.03691905374924936,-0.05440484053504626,-0.1540171836624772,0.5718843709368256,inf,green,False
42.7,3156.349514694,FOLLOW,1.7341134655619372,1.657457393264815,0.41842710587138393,0.04951957082953858,0.05045072700977388,-0.03661933880196785,-0.053637316301254276,-0.14514932102179234,0.5729829078007089,inf,green,False
42.9,3156.598989371,FOLLOW,1.7444566698246473,1.6677612844748773,0.4193277929469308,0.05100037257065918,0.05184026002970439,-0.03655861973176643,-0.05330259081412687,-0.13251882713309482,0.5751232181102675,inf,green,False
43.0,3156.699233728,FOLLOW,1.749740431153781,1.673027409824859,0.4197591049011402,0.05181194809256159,0.052913008809666096,-0.03639656330385554,-0.05272674598193776,-0.12384301564351818,0.5774606271172403,inf,green,False
43.1,3156.848992841,FOLLOW,1.7550967968969624,1.6783674607032235,0.4201768159354719,0.05288476806359635,0.05344631299394402,-0.03615976063616664,-0.05241773341066647,-0.11778373758437209,0.5765339937939277,inf,green,False
43.2,3156.998759476,FOLLOW,1.7623428381517547,1.6855937550249869,0.42071131475568685,0.05341817046760927,0.054594164185551734,-0.036124243577149995,-0.05186297873365413,-0.11079447969861655,0.5809666185362446,inf,green,False
43.4,3157.161919145,FOLLOW,1.7696842482906594,1.6929176875231273,0.42121749441592077,0.05456581472122661,0.055592682117519436,-0.03610945088549231,-0.051816175662621214,-0.10242310735641837,0.5818968353283689,inf,green,False
43.5,3157.298918838,FOLLOW,1.7771717756727707,1.700389788391048,0.42169777904104755,0.05556406368884686,0.05667483595366355,-0.03588728523554394,-0.051295921868141206,-0.09421390039320085,0.5835310777251016,inf,green,False
43.6,3157.398930615,FOLLOW,1.7828746854111384,1.7060824402969716,0.4220396303479943,0.05664627113308805,0.056953406891739666,-0.03572832534818454,-0.050937469353411105,-0.0923879315203035,0.5842327127595394,inf,green,False
43.7,3157.499704019,FOLLOW,1.7886617050338467,1.7118602586037774,0.422365789480563,0.05692480006798156,0.05805951683828716,-0.03566709844900369,-0.05066448599824302,-0.08493793705386474,0.5865679650396479,inf,green,False
43.9,3157.699234718,FOLLOW,1.7984502715445867,1.721635778182222,0.42287074503282496,0.05803054269539382,0.05847731549840881,-0.0353058039239383,-0.05000317200649192,-0.08180675967567977,0.5869742894754325,inf,green,False
44.0,3157.798850012,FOLLOW,1.8043972647773117,1.727576238685109,0.4231493570379859,0.05844853937353778,0.059893219762598975,-0.03527751911997282,-0.049856309787668474,-0.07231733614602558,0.5893459585724842,inf,green,False
44.1,3157.95030488,FOLLOW,1.8104534397833913,1.7336267284562947,0.4234116458817255,0.059864187841644656,0.06143412200136563,-0.03496672454088554,-0.04899869363363507,-0.06396382143763496,0.5938168752170726,inf,green,False
44.2,3158.099255992,FOLLOW,1.8166623696944164,1.7398307397004245,0.42365866828920884,0.06140521122134263,0.06214321982872688,-0.034815988101804286,-0.04871077121754056,-0.05957063605717697,0.5949833138193539,inf,green,False
44.4,3158.350329715,FOLLOW,1.831565309925202,1.7547250420285985,0.4241648216993897,0.06374258181236124,0.06377132191006778,-0.03433667966222044,-0.048058245192465654,-0.04851363491819278,0.5958814040296394,inf,green,False
44.5,3158.449552743,FOLLOW,1.8358997989056636,1.759057731836859,0.4242896718551625,0.06374239756493165,0.06850065181562515,-0.03614154731258671,-0.04074564164326155,-0.08942470436337337,0.6984564846575149,inf,green,False
44.6,3158.60009227,FOLLOW,1.8403888689902264,1.7635452277218242,0.424408515982242,0.0684692346127687,0.06926864962058997,-0.03582942530296896,-0.04026714580392965,-0.08535206555784038,0.7004100452449095,inf,green,False
44.7,3158.800983732,FOLLOW,1.8497780166622129,1.772931906330389,0.42462345868073464,0.06923715787822228,0.07167720924153811,-0.03482429141084556,-0.038914049011480746,-0.07240971154672204,0.7054377029639388,inf,green,False
44.9,3159.099204118,FOLLOW,1.866837983654313,1.789989539204468,0.42490281940234975,0.07297496908415581,0.07300507777128078,-0.034405813496572756,-0.03847264162951934,-0.06519666732889559,0.707535809943472,inf,green,False
45.0,3159.200168227,FOLLOW,1.8718002775787148,1.7949515228770403,0.4249582347188809,0.07297485834882256,0.0750894164373215,-0.03336247469737162,-0.03723508068048932,-0.054674890153738165,0.7112765035489053,inf,green,False
45.1,3159.299209056,FOLLOW,1.879311895643553,1.802462879998975,0.4250204497303354,0.07506040401891072,0.0750894164373215,-0.03336247469737162,-0.03723508068048932,-0.054674890153738165,0.7112765035489053,inf,green,False
45.2,3159.399214308,FOLLOW,1.8869680535662392,1.8101189421583386,0.4250581000807567,0.07506032102092601,0.07570687565955986,-0.03273511888326975,-0.0363413548504886,-0.05235772323694418,0.7134706230571026,inf,green,False
45.4,3159.649006565,FOLLOW,1.8999545932084005,1.8231054648250993,0.42506460433512055,0.07689004172871224,0.07849774500324928,-0.03155833509536481,-0.03541884499119075,-0.03748361737582917,0.715447446663894,inf,yellow,False
45.5,3159.799268589,FOLLOW,1.9106359487981777,1.833786713368264,0.4250184773483146,0.0788188096657696,0.0788450839017629,-0.031160916379561567,-0.03477792236291605,-0.037045210487152196,0.7178930477025656,inf,yellow,False
45.6,3159.899013448,FOLLOW,1.9159956290047317,1.8391462434835262,0.4249784646080155,0.0788188393873579,0.0816293131442898,-0.029990374644440407,-0.033617530253301164,-0.025588799985299806,0.7237608630146366,inf,yellow,False
45.7,3160.000114814,FOLLOW,1.924220953389433,1.8473711485079105,0.42489568600833333,0.08160470806357095,0.08151057472364716,-0.029541371652457363,-0.033127343142678005,-0.02543036641579158,0.7224390348217284,inf,yellow,False
45.9,3160.249782948,FOLLOW,1.9409071099784243,1.8640555135359969,0.4246528064901765,0.08236712143169805,0.08475451277706766,-0.027920461478980144,-0.031706557062644455,-0.012221125211440486,0.72786667966063,inf,yellow,False
46.0,3160.349154581,FOLLOW,1.9495467775865782,1.872693634615027,0.42448947578971447,0.08473294757228911,0.08695613210042799,-0.02674451243089164,-0.030631817821100978,-0.0043968950610463,0.7325997880819013,inf,yellow,False
46.1,3160.499369889,FOLLOW,1.9582615719508705,1.8814063710892608,0.424300213656211,0.08693615524869418,0.08752364436009055,-0.0260674865385879,-0.03002609486705894,-0.0017747442423211438,0.7325997880819013,inf,yellow,False
46.2,3160.599264981,FOLLOW,1.9671669701597434,1.8903091119514472,0.42408277085767093,0.0875046490642952,0.08713834419299321,-0.02413500200882505,-0.02901145414440747,0.0057208257076448756,0.736538353266212,inf,yellow,False
46.4,3160.849332546,FOLLOW,1.9849230832870381,1.90805811870571,0.42358107820060725,0.08647367259612178,0.08600425302310895,-0.021826029183572085,-0.027729213969314333,0.012998031020966635,0.7399913991244378,inf,yellow,False
46.5,3160.949212339,FOLLOW,1.9937275837754422,1.9168581605256862,0.4233009666354232,0.08599065395927195,0.08600425302310895,-0.021826029183572085,-0.027729213969314333,0.012998031020966635,0.7399913991244378,inf,yellow,False
46.6,3161.099183639,FOLLOW,2.0024986283080253,1.9256241191801735,0.42300236408050845,0.08599054849673572,0.09704327698726578,-0.024100817197888834,-0.022626927337567687,-0.01731590270346523,0.843702140359234,inf,yellow,False
46.7,3161.199591949,FOLLOW,2.010315360689987,1.9334354669250002,0.42271234378863404,0.09705806857567872,0.09922295353518924,-0.022349277320086253,-0.02146210637771112,-0.009350574672489858,0.8461869385485724,inf,yellow,False
46.9,3161.449298154,FOLLOW,2.030631717933555,1.953735021815271,0.42188667268148144,0.10001466356829736,0.10154816497740964,-0.021005421387946515,-0.02074771237471683,-0.001610648255375471,0.8496421742858605,inf,yellow,False
47.0,3161.54928053,FOLLOW,2.0375337885134663,1.9606305145974015,0.421585422847715,0.10153022768637093,0.10122290707483955,-0.019244265530747574,-0.01976179061113819,0.003180133486201225,0.8502305247144823,inf,yellow,False
47.1,3161.699490717,FOLLOW,2.0512633071258914,1.9743456747436292,0.4209577588462936,0.09980025295353376,0.09999343950253048,-0.016503257389779584,-0.018279856005329435,0.010306994982974035,0.8547501600061478,inf,red,False
47.2,3161.79958163,FOLLOW,2.061448830073609,1.9845195274433738,0.4204703415303874,0.09998078755900101,0.09919744238497015,-0.014871948153148214,-0.01739541596419035,0.014655154967958873,0.8569318925951035,inf,red,False
47.4,3162.049319494,FOLLOW,2.080885533082256,2.003931650148398,0.4194932866743833,0.07284198636977707,0.07507049884424946,0.0015312358197060545,-0.022051666402506366,0.1594152903692519,0.8749080189400085,inf,red,False
47.5,3162.149318475,FOLLOW,2.0859882038662008,2.0090275033782325,0.4192296031929422,0.0750819659265944,0.0709062470703943,0.0036018199634784047,-0.02237998909382706,0.18147360421049397,0.858960646772124,inf,red,False
47.6,3162.249063198,FOLLOW,2.0932273879545518,2.016257092442658,0.41885700717118945,0.07092064359231857,0.07150433152916237,0.004001905084234102,-0.021612797447856893,0.17990292661971607,0.8638660649947438,inf,red,False
47.7,3162.453197149,FOLLOW,2.1029125271258677,2.025929590806289,0.41836234106808384,0.07151944992943836,0.07156167042897071,0.0040245030805837745,-0.021506833589859442,0.17939618560197101,0.8638033100385625,inf,red,False
47.9,3162.699393347,FOLLOW,2.1150785850994454,2.0380801120403484,0.41774769017402846,0.07157711245104581,0.07137254959823615,0.004563208644929113,-0.020848189327387155,0.1801776162188991,0.8626824101952042,inf,red,False
48.0,3162.849670214,FOLLOW,2.1223732931774837,2.0453656891850325,0.41738281894221946,0.07138888968177792,0.0714255485721609,0.00458594633348149,-0.020742225469389676,0.17967092580104368,0.8625690388889984,inf,red,False
48.1,3163.051230784,FOLLOW,2.129658510136357,2.052641939078916,0.4170214702396087,0.07144215923980864,0.07177678174153405,0.004711302611749234,-0.020409224580658865,0.1784580694938461,0.8649970541810194,inf,red,False
48.2,3163.149566303,FOLLOW,2.1345280694709783,2.0575055917832343,0.41678169876893517,0.07179369410846843,0.07134943866253671,0.004943482827128648,-0.02048205020500144,0.18131277370341534,0.8640904185646023,inf,red,False
48.4,3163.45188037,FOLLOW,2.1515284640819727,2.074485936008115,0.4159562905500154,0.07136711223670043,0.07249889775111039,0.009309545653278411,-0.01452332060278412,0.18154971255176602,0.8783690239057943,inf,red,False
48.5,3163.549047216,FOLLOW,2.156419145510274,2.0793710240932506,0.4157224552993106,0.07252237045378361,0.07251908430309767,0.009507380830702503,-0.014291082272426751,0.18181448330429592,0.8790136159064053,inf,red,False
48.6,3163.76094072,FOLLOW,2.1687500709863,2.0916884464588383,0.4151455666492509,0.07254336038338588,0.07316800154385751,0.009422304624542997,-0.014061794984649947,0.1788119477172077,0.882302364253663,inf,red,False
48.7,3163.799065058,FOLLOW,2.1712271018237583,2.094162871428822,0.41503197599100083,0.0728662164360094,0.07316800154385751,0.009422304624542997,-0.014061794984649947,0.1788119477172077,0.882302364253663,inf,red,False
48.9,3164.049130895,FOLLOW,2.1886533012801235,2.111571707371249,0.41425432354491004,0.0734613201754012,0.07692456373348094,0.012997932545513255,-0.004134979244288066,0.14084768046625679,0.8667598305444149,inf,red,False
49.0,3164.149045462,FOLLOW,2.1962605020586334,2.11917185212924,0.4139267584588908,0.07695365944094067,0.07692456373348094,0.012997932545513255,-0.004134979244288066,0.14084768046625679,0.8667598305444149,inf,red,False
49.1,3164.249135577,FOLLOW,2.201493362712816,2.1244000784782444,0.413706579865382,0.07695388453702855,0.0673265194418262,0.015674451010660246,-0.011201048438542194,0.22820964325904686,0.8811493491754775,inf,red,False
49.2,3164.398795969,FOLLOW,2.210856373827512,2.1337551639832584,0.41332142532444355,0.06735938999105567,0.06774838588327634,0.015450424596456002,-0.011094209880572165,0.22445952218363546,0.8813775974454854,inf,red,False
49.4,3164.59917407,FOLLOW,2.2224101010140207,2.1453000586410815,0.4128698180633924,0.06825330499063671,0.07679923305286569,0.017010208378901746,0.0006925320940436158,0.14425258081950187,0.870795433207928,inf,red,False
49.5,3164.761795685,FOLLOW,2.232264080516751,2.155147390774088,0.4125079806448141,0.07683403644126405,0.077321254224432,0.016705986357441464,0.0005474668894814849,0.1415829427629827,0.8724140083540124,inf,red,False
49.6,3164.848995433,FOLLOW,2.2375235932004163,2.160403663765883,0.41232341146120977,0.0773557109301358,0.08613400284521872,0.014137284814926305,0.003981700698275262,0.08419593450408205,0.8688694583378735,inf,red,False
49.7,3164.99997465,FOLLOW,2.24570097763403,2.168576402381067,0.4120478272782503,0.08616444185620024,0.09527511907458286,0.015987976398201775,0.007737579963174566,0.06177013891886033,0.9165667702204393,inf,red,False
49.9,3165.249205865,FOLLOW,2.264847037818391,2.187713014007116,0.4114466366664046,0.09557559462183263,0.09523269401789702,0.015588854977070169,0.007237519662429031,0.06231166402978144,0.9172330258636039,inf,red,False
50.0,3165.349511383,FOLLOW,2.2745750894432484,2.1974369505171176,0.4111637405258534,0.09526587063398935,0.09064377099781767,0.012527491135300092,0.00707141236852928,0.04620361508931627,0.8426162146782159,inf,red,False
50.1,3165.450778634,FOLLOW,2.2807468206986723,2.203606281140877,0.4109916222297061,0.0906728888009688,0.09053880427303751,0.012168500866616229,0.006786826156273949,0.04552676335649992,0.8403637588736259,inf,red,False
50.2,3165.599409593,FOLLOW,2.293071319601532,2.215926400831464,0.41066315250853186,0.09056767100830117,0.09685261301313242,0.014482149006747422,0.006830667060544046,0.05545102047933348,0.9189921131858569,inf,red,False
50.4,3165.849283805,FOLLOW,2.312174105185463,2.2350234319906206,0.41019453359741825,0.09004429550693972,0.09001516941250746,0.011766921540169527,0.005115550018699504,0.05415682865403821,0.8516875806487578,inf,red,False
50.5,3165.950904585,FOLLOW,2.3213586177779684,2.2442055933748613,0.40998674678799013,0.09004436077249593,0.09045750685684197,0.011535766569022672,0.004926509748340748,0.05325784587396969,0.854178639605459,inf,red,False
50.6,3166.048985387,FOLLOW,2.32751112772106,2.250356660005368,0.40985349315905284,0.09048659550018567,0.09036657094594386,0.011422736526261523,0.004701339109390305,0.05399732908981689,0.8547121218429994,inf,red,False
50.7,3166.199457637,FOLLOW,2.336737799986256,2.2595813538109453,0.4096624511303127,0.0903958324953462,0.09078732014950959,0.011098615151257344,0.004673848389227445,0.051376034450272,0.8537337614052691,inf,red,False
50.9,3166.499797857,FOLLOW,2.3627131098829723,2.28555221380117,0.4091823396850702,0.09845480653918558,0.09952754954645755,0.012938421599388626,0.007408999164220161,0.03841188668646902,0.9090429327904892,inf,red,False
51.0,3166.548934333,FOLLOW,2.369451048896838,2.2922892579331275,0.4090725384625154,0.09909963866765918,0.09952754954645755,0.012938421599388626,0.007408999164220161,0.03841188668646902,0.9090429327904892,inf,red,False
51.1,3166.649547501,FOLLOW,2.3762205321523484,2.2990579356383027,0.4089681183630402,0.09956000961381832,0.09985901364340939,0.012255235502576345,0.00611780732217752,0.04209263352683344,0.9197277983959762,inf,red,False
51.2,3166.799108664,FOLLOW,2.3863864796942855,2.309222835297987,0.4088221899140588,0.09989073559299458,0.09985901364340939,0.012255235502576345,0.00611780732217752,0.04209263352683344,0.9197277983959762,inf,red,False
51.4,3167.04903836,FOLLOW,2.4101849667376425,2.333019512169097,0.40852930224809436,0.10063915896002287,0.100608695467494,0.01125359846763572,0.005289384281356354,0.04026575738855714,0.9228034064556447,inf,red,False
51.5,3167.150147122,FOLLOW,2.417028424526388,2.3398625895622485,0.408457158871069,0.10063905655128036,0.09891381065865247,0.006261838779340084,0.00810976634422328,-0.011324394255698053,0.847617984431105,inf,red,False
51.6,3167.249477674,FOLLOW,2.427180176574385,2.350013861789574,0.4083584800901081,0.09893728671572535,0.09897013221299007,0.0062824239585159945,0.007861337127243392,-0.009552243816553476,0.8444466608052301,inf,red,False
51.7,3167.349239786,FOLLOW,2.433907907609963,2.356741309474446,0.4082967382179555,0.09893716835291394,0.09897013221299007,0.0062824239585159945,0.007861337127243392,-0.009552243816553476,0.8444466608052301,inf,red,False
51.9,3167.649366781,FOLLOW,2.457374881385692,2.3802074765368797,0.4081023615673835,0.09819819575128447,0.09815835500634144,0.005319688046570052,0.007610059449520566,-0.014145747634320709,0.8469138608470074,inf,red,False
52.0,3167.79905292,FOLLOW,2.467389886007121,2.390222207935701,0.40802839826642107,0.09818002561346843,0.09516155716228118,0.002842391650097362,0.008122741876181831,-0.033975968467226524,0.8603714360489649,inf,red,False
52.1,3167.90098179,FOLLOW,2.4739680294593898,2.3968001914503474,0.40798252924314515,0.0951799611930119,0.08270345161393437,-0.0028682773708764817,0.009715742373938248,-0.08795551739977635,0.8407417817296816,inf,red,False
52.2,3168.04949064,FOLLOW,2.484978972938215,2.407810874340274,0.40790679177334144,0.0825891954667848,0.0823346558262867,-0.00283979014865411,0.009850516607531258,-0.08871931084693618,0.8383028386300524,inf,red,False
52.4,3168.298987997,FOLLOW,2.5017839780001143,2.424615409389751,0.40778114784749153,0.08225198229872656,0.08224109038314184,-0.002561032540056987,0.010065565882204277,-0.08789760672004358,0.835942316082952,inf,red,False
52.5,3168.399584203,FOLLOW,2.507377113403723,2.4302083695919223,0.4077368789916667,0.08225202279629007,0.08299079406072149,-0.002288256328217181,0.010058598262167803,-0.08546075093753769,0.8393494417837584,inf,red,False
52.6,3168.499760622,FOLLOW,2.515816843875993,2.438647818157989,0.40766790150640303,0.08300209524138608,0.07660199521454067,-0.007979396327123762,0.008736204097061502,-0.12789086329065774,0.8424477788248064,inf,red,False
52.7,3168.650602239,FOLLOW,2.5238562429167772,2.446686922289237,0.40759905696557086,0.07660726708553703,0.07617921002753719,-0.007760340493806118,0.008973579776500443,-0.12791962986080202,0.8378437575172029,inf,red,False
52.9,3168.900677037,FOLLOW,2.542106428092187,2.4649362228487606,0.4074196013537555,0.07721064302047924,0.07935395728729783,-0.008257894826896244,0.007464574413778152,-0.11947389891681177,0.8587981163856406,inf,red,False
53.0,3168.999202679,FOLLOW,2.547427027490996,2.470256503906004,0.4073614036528222,0.07935926293358851,0.07935395728729783,-0.008257894826896244,0.007464574413778152,-0.11947389891681177,0.8587981163856406,inf,red,False
53.1,3169.100754989,FOLLOW,2.555521672246571,2.4783506027901483,0.4072674158610216,0.07935932629013143,0.08445623156788123,0.004596398614102441,-0.0022757939403557914,0.051866731373727666,0.7950616938066901,inf,red,False
53.2,3169.249656524,FOLLOW,2.564101360012868,2.4869296926359676,0.407166131854687,0.08355531890626072,0.08353352123253865,0.005031945828308003,-0.0021270303321311267,0.054793854421865,0.7914694186411866,inf,red,False
53.4,3169.499498916,FOLLOW,2.5805085399095358,2.503335845380899,0.40698256624622436,0.07722098050830863,0.07666043498857963,0.0009317731696274662,-0.020256560248761532,0.14228018955088684,0.8660715670137584,inf,red,False
53.5,3169.649377521,FOLLOW,2.5883574114856405,2.5111842447424197,0.40689647061845824,0.07750612454095503,0.07748981052744909,0.0007491033055568965,-0.019974057365946672,0.13878768906145672,0.8698032487478009,inf,red,False
53.6,3169.749899002,FOLLOW,2.5962630356297236,2.519089398558162,0.4068102369720478,0.07750612033213371,0.07758071107191547,0.000774870803170201,-0.01987653565473977,0.1383623681409545,0.8701361528069913,inf,red,False
53.7,3169.849124296,FOLLOW,2.6015334513327724,2.524359503448587,0.4067529995338547,0.07750610327374342,0.07758071107191547,0.000774870803170201,-0.01987653565473977,0.1383623681409545,0.8701361528069913,inf,red,False
53.9,3170.10029795,FOLLOW,2.619848634027121,2.542673626019437,0.4065559446374995,0.07646270207222056,0.07770863218778423,0.005382957701036666,-0.014708471922513983,0.14382579972291668,0.880415813435328,inf,red,False
54.0,3170.249518956,FOLLOW,2.6277754813490084,2.5506000447571577,0.40647352393894937,0.07773094076736185,0.07792182694574665,0.005344611867550526,-0.014691937228840997,0.14326681249919382,0.8819238031026995,inf,red,False
54.1,3170.349232989,FOLLOW,2.6330754002493943,2.5558997007156417,0.40642073322359995,0.07794401359923656,0.0777150955080705,0.00527003702862983,-0.014669488094446577,0.14260590249040486,0.8785139486517626,inf,red,False
54.2,3170.499295385,FOLLOW,2.643654948629057,2.5664787773582765,0.4063208474553527,0.07773702695360342,0.07749712232377035,0.00516604500307254,-0.015208749050209733,0.1453654041106941,0.8805051965316439,inf,red,False
54.4,3170.749010509,FOLLOW,2.656851048856039,2.5796743801413413,0.40620631031701737,0.07769365325057993,0.08244669066882937,0.00834414617589148,-0.005584202357822414,0.10518822748968548,0.8677311983620063,inf,red,False
54.5,3170.94904282,FOLLOW,2.667901836707557,2.5907248307255983,0.40612003198788876,0.08252145364787578,0.08279054729309922,0.00810356287717382,-0.005668035727602931,0.10351683236672532,0.8684673775610185,inf,red,False
54.6,3171.049605792,FOLLOW,2.6735229321529483,2.596345788226327,0.406080659403054,0.08281606215383179,0.08262993655001298,0.007930952730065745,-0.005887459869151169,0.10369428666993573,0.8670880614196008,inf,red,False
54.7,3171.149205108,FOLLOW,2.6819649119413596,2.604787598377801,0.40602717335701183,0.082655221014202,0.08262993655001298,0.007930952730065745,-0.005887459869151169,0.10369428666993573,0.8670880614196008,inf,red,False
54.9,3171.399629937,FOLLOW,2.6991652392072916,2.621987696159403,0.4059386598468666,0.09201686544027879,0.0919896046456841,0.009685423216947639,0.0027134663914069324,0.052970115738253665,0.8680946221473276,inf,red,False
55.0,3171.500010215,FOLLOW,2.7054224203605557,2.628244826810902,0.40591354037660765,0.0920175344604478,0.09173234336117066,0.009392095237742462,0.002129260999063378,0.054896886914928604,0.8693491130084969,inf,red,False
55.1,3171.649235174,FOLLOW,2.7210467634455364,2.6438691022983107,0.40586809636224297,0.0922504411164723,0.09222308708107241,0.008976538566889975,0.001908809697744979,0.052957738772179686,0.8702741872256745,inf,red,False
55.2,3171.749079059,FOLLOW,2.727319797620526,2.6501421257159805,0.4058565164496543,0.09225058537410329,0.10278005209699985,0.01020293462379537,0.005528601897474813,0.03017393494601769,0.9211104050942317,inf,red,False
55.4,3171.949166503,FOLLOW,2.7475378491270117,2.6703601661593668,0.40583738638124833,0.09664682733657737,0.09662469519779376,0.004640145664652837,0.00799353335023641,-0.020868315841177685,0.847214015345054,inf,red,False
55.5,3172.09908581,FOLLOW,2.7574022250409347,2.680224541988116,0.4058368953609566,0.09684233030053123,0.09560923108994462,0.0039848763289855255,0.007872731485432279,-0.024344413614260645,0.8452342313119353,inf,red,False
55.6,3172.199309683,FOLLOW,2.767240539384613,2.6900628555517283,0.4058406496021347,0.09563096715495989,0.09614060804666857,0.003967779375287399,0.007649419909542114,-0.023131956908682274,0.8475034087745309,inf,red,False
55.7,3172.299397604,FOLLOW,2.777030350412178,2.699852663576336,0.4058482498501048,0.09616252933083448,0.09545745529072407,0.003588327741576279,0.007696891549640399,-0.025931151277023397,0.847047996457356,inf,green,False
55.9,3172.49958267,FOLLOW,2.7932859335372004,2.7161082336972595,0.4058686594466054,0.09547922057281864,0.09250428053561487,0.0009869272400941937,0.008070406835462885,-0.0465674124429101,0.8606124416392206,inf,green,False
56.0,3172.699357698,FOLLOW,2.802727138182418,2.7255494264352045,0.40588365097881507,0.0925232118638614,0.08116428918640675,-0.004067426881824194,0.009486609543352446,-0.09677176237750057,0.8400026454426748,inf,green,False
56.1,3172.848964946,FOLLOW,2.814121697887068,2.736943970760049,0.4059023345953151,0.08093948039732793,0.08092763609820178,-0.004194237496178648,0.009481717124659561,-0.09788560219808003,0.839431350692089,inf,green,False
56.2,3172.960883856,FOLLOW,2.8196255797427465,2.742447848146255,0.4059093388123931,0.08093940083542828,0.08111347694085246,-0.004003241827206836,0.00952802050969457,-0.09653691340231241,0.8390799057404275,inf,green,False
56.4,3173.199034268,FOLLOW,2.8361798771503928,2.7590021406107867,0.40592157702887405,0.0812373557081671,0.07500314472301568,-0.009418304854139768,0.00809513354814849,-0.1379153992638492,0.8405280529109427,inf,green,True
56.5,3173.299787844,FOLLOW,2.844050454872886,2.766872718140135,0.4059218219781346,0.07500734062804176,0.07508148597887729,-0.009132622642867155,0.008272066254042518,-0.136459723013276,0.8391290244094516,inf,green,False
56.6,3173.449669459,FOLLOW,2.8517037616614775,2.7745260217166714,0.40591508296327106,0.07508582946408074,0.07508148597887729,-0.009132622642867155,0.008272066254042518,-0.136459723013276,0.8391290244094516,inf,green,False
56.7,3173.548876029,FOLLOW,2.8593625074627016,2.7821847549470835,0.40590133630437375,0.07508564777906011,0.07559664373778072,-0.008689472200693217,0.008567630637634382,-0.1339505821406644,0.8409348319097589,inf,green,True
56.9,3173.802323276,FOLLOW,2.8750148930905848,2.7978370608831757,0.4058520675807749,0.07788895474106279,0.08181717554875699,0.0042623981225699895,-0.0034215524998680684,0.05791555931627427,0.7805282854809763,inf,green,True
57.0,3173.900148822,FOLLOW,2.8832227449523042,2.806044837683456,0.40581696847494875,0.08183766556373501,0.08503962149795982,0.0035946896642337534,-0.0027407497596205165,0.04677287315195267,0.7915290839249599,inf,green,True
57.1,3173.999077925,FOLLOW,2.8888930648636593,2.8117151118582937,0.4057941967758214,0.08505928315504079,0.08503962149795982,0.0035946896642337534,-0.0027407497596205165,0.04677287315195267,0.7915290839249599,inf,green,True
57.2,3174.150752008,FOLLOW,2.9002244254728726,2.82304639544347,0.4057524342636153,0.07783311599210495,0.07803937078000078,-0.000807051550248238,-0.02111302010944971,0.13298334998953143,0.8665351097791661,inf,green,False
57.4,3174.400612773,FOLLOW,2.9161316167739946,2.838953476921199,0.4056933374362385,0.07804195020772044,0.07821130040974866,-0.0007427800459651036,-0.020809031788556448,0.13155214181581296,0.8661121718125391,inf,green,False
57.5,3174.500330334,FOLLOW,2.924097887546077,2.8469196863950645,0.40566208777358986,0.07822515770930198,0.07821130040974866,-0.0007427800459651036,-0.020809031788556448,0.13155214181581296,0.8661121718125391,inf,green,False
57.6,3174.60088286,FOLLOW,2.9294172004910544,2.85223895596911,0.40564060777845057,0.07822522417181854,0.07810165185223734,-0.0005784036991890655,-0.02080886217378662,0.13293813770599777,0.8671531018727826,inf,green,False
57.7,3174.749229578,FOLLOW,2.9373888867998086,2.8602105736558543,0.4056075322568026,0.07811604303814693,0.07841584945784061,-0.0007024613764104782,-0.020771577073928314,0.13166426692443084,0.8685605232762366,inf,green,False
57.9,3175.049591518,FOLLOW,2.9560627366487084,2.8788842611730017,0.4055297160712068,0.07861557464358991,0.07841985937078229,0.004102156929771298,-0.015557156720506365,0.13814312939384896,0.8791897610087153,inf,green,False
58.0,3175.150097381,FOLLOW,2.9614028839303637,2.884224371840269,0.4055099440893241,0.07844096656291503,0.07875635477907594,0.003855482968021278,-0.015389102742642428,0.1348195354061252,0.8775091056921951,inf,green,False
58.1,3175.299134699,FOLLOW,2.972093301166842,2.894914730406158,0.4054745595828373,0.07877740442588593,0.07863242444458178,0.003737647187805543,-0.015757980993632147,0.13629154962459866,0.8785396824192486,inf,green,False
58.2,3175.401058079,FOLLOW,2.9774501689230455,2.900271575109585,0.4054588474869057,0.07877752664216611,0.08379057607302204,0.006903354484731404,-0.006089123144541356,0.09592995632433411,0.8657136819225962,inf,green,False
58.4,3175.649602918,FOLLOW,2.994191009109127,2.9170123700816744,0.4054203600130926,0.08381624729844098,0.08416160729749843,0.006593175713728561,-0.006494288192550445,0.09589579806393982,0.8694872378570184,inf,green,False
58.5,3175.749092183,FOLLOW,2.9998910228072804,2.922712377840064,0.4054121557313029,0.08382388624001672,0.08416160729749843,0.006593175713728561,-0.006494288192550445,0.09589579806393982,0.8694872378570184,inf,green,False
58.6,3175.900509087,FOLLOW,3.0113390833522637,2.9341604345342875,0.40540318045413043,0.08415935874914014,0.09290426941721718,0.008396306987374308,0.001637896144735652,0.05006779230324626,0.8711087381698528,inf,green,False
58.7,3176.049108048,FOLLOW,3.0202100650973076,2.9430314161230373,0.40540295201533494,0.0929316479945747,0.09295994139309996,0.008144099465252344,0.0014928538007649705,0.04916685184808407,0.8698859213233565,inf,green,False
58.9,3176.300450218,FOLLOW,3.039201390721372,2.962022727026448,0.4054249219862309,0.09337295755040638,0.1044834167343134,0.008667068663825639,0.004692874643264164,0.02472099379483897,0.9245062623016229,inf,green,False
59.0,3176.399407588,FOLLOW,3.048689351058647,2.9715106623861343,0.4054466465491228,0.0922656305402101,0.1044834167343134,0.008667068663825639,0.004692874643264164,0.02472099379483897,0.9245062623016229,inf,green,False
59.1,3176.504837818,FOLLOW,3.0557789165870473,2.978600202482604,0.4054656094040071,0.10451124589531016,0.0961593890743157,0.003539432066036078,0.007248257725023818,-0.023470322438548828,0.8483468228498822,inf,green,False
59.2,3176.650815613,FOLLOW,3.068851747912222,2.9916729682428,0.40550698757180986,0.0956236580400845,0.09570079712797247,0.0028645091520775015,0.0069476662887265565,-0.026106876102475467,0.8495576605149399,inf,green,False
59.4,3176.849309798,FOLLOW,3.0883720467057656,3.01119313997646,0.4055773633260867,0.095720739070633,0.0947668044428352,0.0026624735197417807,0.007254905323696433,-0.029392684235388846,0.847753594502483,2.52672717586023,green,False
59.5,3176.953269899,FOLLOW,3.094818739039008,3.017639782179494,0.4056027850961849,0.09478644557646139,0.09531010421273306,0.002615686500599014,0.006886851828761762,-0.027380123381460345,0.8486175853737022,2.5241686219992676,green,False
59.6,3177.04893179,FOLLOW,3.1045231982680295,3.027344157082491,0.40564323431815436,0.0953298838057091,0.09471944374498784,0.002153344220322479,0.006850606956056259,-0.03031562529457408,0.8491511804724723,2.508946083504018,green,False
59.7,3177.199142598,FOLLOW,3.1174285352681763,3.0402493645807414,0.4057010368372684,0.09473869411537095,0.08032917479480833,-0.005067056390162559,0.009072766262781556,-0.10270908608409422,0.8412959593122407,2.494257577952768,green,False
59.9,3177.400147585,FOLLOW,3.131924616949813,3.054745293046826,0.40576765271208376,0.08033871076071734,0.08027702971854088,-0.0053942407172015774,0.008878822331824555,-0.10418080531060515,0.8432111977382776,2.499887066788183,green,False
60.0,3177.499823824,FOLLOW,3.1401138781880786,3.06293448886916,0.4058003691984915,0.08028619956259819,0.08047275545318981,-0.0050860444552505765,0.00888169496273062,-0.10153100175615425,0.8408246178440899,2.480011247431319,green,False
60.1,3177.599237521,FOLLOW,3.1483228235271707,3.0711433843907114,0.4058289464311146,0.08048245662147134,0.08092710069292709,-0.0049395072781615555,0.008926936660609244,-0.10038179386339006,0.8436343295185429,2.466422078909509,green,False
60.2,3177.750680933,FOLLOW,3.156562357259006,3.0793828813141264,0.4058535508122306,0.08093713410313935,0.08092710069292709,-0.0049395072781615555,0.008926936660609244,-0.10038179386339006,0.8436343295185429,2.440334651291229,green,False
60.4,3177.949537453,FOLLOW,3.1730735629902593,3.095894044226431,0.4058908784175699,0.08093743271517448,0.07510156983124928,-0.010018637015030644,0.007536874327929419,-0.13946164103567565,0.8440503355316903,2.4342330799102783,green,False
60.5,3178.14990902,FOLLOW,3.1860501308355316,3.1088706027476185,0.40590530696119675,0.07519284952211573,0.07766631868957524,-0.01090938917148865,0.005895667933722204,-0.1334158644243722,0.8630926358428865,2.4316190586090087,green,False
60.6,3178.200397182,FOLLOW,3.188606688428985,3.1114271603199795,0.40590563536471075,0.0751928883675361,0.07766631868957524,-0.01090938917148865,0.005895667933722204,-0.1334158644243722,0.8630926358428865,2.4316190586090087,green,False
60.7,3178.299247047,FOLLOW,3.1964415240400244,3.11926199440262,0.40590129245591655,0.07766880070556649,0.08667478540135842,0.0016788314287824824,-0.0036307791292112482,0.03726247596548691,0.7895756514244838,2.4321457049615467,green,False
60.9,3178.549246473,FOLLOW,3.210936554803901,3.1337570144383484,0.40588369833841714,0.0862647330159645,0.08609946158496272,0.001739668091152016,-0.0049296801431396725,0.04646993554887182,0.8008504388464764,2.396910923341667,green,False
61.0,3178.700608943,FOLLOW,3.2197258042234664,3.142546259419546,0.40587487185675164,0.08611842229863553,0.0782551210779647,-0.0018084392363325213,-0.021862331250887164,0.129422035404576,0.8631246975401585,2.38974205385856,green,False
61.0,3178.750080068,LIGHT_WAIT,3.222653830497247,3.1454742844682606,0.4058721934147763,0.08611841698980134,0.0,0.0,-0.02196829510888465,0.12993673583570267,0.863200597018684,2.38974205385856,yellow,False
61.1,3178.850167558,LIGHT_WAIT,3.229899881457356,3.1527203322347415,0.4058653931975691,0.05535014868049951,0.0,0.0,-0.02196829510888465,0.12993673583570267,0.863200597018684,2.3658647487148086,yellow,False
61.2,3178.949860949,LIGHT_WAIT,3.230695903566109,3.1535163541123192,0.40586478674940246,7.980066003221911e-05,0.0,0.0,-0.014675342017511216,-0.04310346872962208,0.717857619118198,2.3810859436123915,yellow,False
61.4,3179.25077961,LIGHT_WAIT,3.230696273400711,3.1535167239468422,0.40586478650706165,1.3507027911881475e-06,0.0,0.0,-0.014333752924269456,-0.04530865645661273,0.7206534195112313,2.3745589348862057,yellow,False
61.5,3179.350184622,LIGHT_WAIT,3.2306964111724783,3.1535168617185803,0.40586478641738827,1.3507044059893737e-06,0.0,0.0,-0.014333752924269456,-0.04530865645661273,0.7206534195112313,2.3939861547016954,yellow,False
61.6,3179.449739538,LIGHT_WAIT,3.2306965030204076,3.15351695356649,0.4058647863577905,1.3507053603373296e-06,0.0,0.0,-0.014333752924269456,-0.04530865645661273,0.7206534195112313,2.390059092546238,yellow,False
61.7,3179.549146472,LIGHT_WAIT,3.230696640792428,3.153517091338481,0.40586478626867056,1.3507069287700148e-06,0.0,0.0,-0.014333752924269456,-0.04530865645661273,0.7206534195112313,inf,yellow,False
61.9,3179.799328328,LIGHT_WAIT,3.2306968704127987,3.1535173209588048,0.40586478612087534,1.3507092930035482e-06,0.0,0.0,-0.014333752924269456,-0.04530865645661273,0.7206534195112313,inf,yellow,False
62.0,3179.950577565,LIGHT_WAIT,3.2306970541093976,3.1535175046553663,0.40586478600330345,1.3507113300787455e-06,0.0,0.0,-0.014333752924269456,-0.04530865645661273,0.7206534195112313,inf,yellow,False
62.1,3180.048983296,LIGHT_WAIT,3.230697191882023,3.1535176424279636,0.405864785915512,1.350712770378121e-06,0.0,0.0,-0.014419775912576397,-0.042297967571534395,0.7198739326993528,inf,yellow,False
62.2,3180.149136211,LIGHT_WAIT,3.230697329654795,3.153517780200708,0.4058647858280527,1.3507141811224493e-06,0.0,0.0,-0.014333752924269456,-0.04530865645661273,0.7206534195112313,inf,yellow,False
62.4,3180.349446042,LIGHT_WAIT,3.230697605200779,3.1535180557466362,0.40586478565413026,1.35071710456829e-06,0.0,0.0,-0.014244591705268312,-0.045552112205409584,0.7213182450524847,inf,yellow,False
62.5,3180.449659077,LIGHT_WAIT,3.2306976970495684,3.153518147595408,0.4058647855964514,1.3507180903083732e-06,0.0,0.0,-0.014333752924269456,-0.04530865645661273,0.7206534195112313,inf,yellow,False
62.6,3180.549231672,LIGHT_WAIT,3.230697834822873,3.153518285368686,0.4058647855102098,1.3507194791818451e-06,0.0,0.0,-0.014333752924269456,-0.04530865645661273,0.7206534195112313,inf,yellow,False
62.7,3180.699046184,LIGHT_WAIT,3.2306980185208367,3.153518469066614,0.4058647853957376,1.3507212979159265e-06,0.0,0.0,-0.014333752924269456,-0.04530865645661273,0.7206534195112313,inf,yellow,False
62.9,3180.899915258,LIGHT_WAIT,3.2306982481436575,3.1535186986893904,0.4058647852534778,1.3507235819684212e-06,0.0,0.0,-0.014244591705268312,-0.045552112205409584,0.7213182450524847,inf,yellow,False
63.1,3181.150571488,LIGHT_WAIT,3.2306985236915673,3.153518974237248,0.40586478508398366,1.350726340924279e-06,0.0,0.0,-0.014333752924269456,-0.04530865645661273,0.7206534195112313,inf,red,False
63.2,3181.299111024,LIGHT_WAIT,3.2306986614657305,3.1535191120113857,0.4058647849997349,1.350727744809174e-06,0.0,0.0,-0.014333752924269456,-0.04530865645661273,0.7206534195112313,inf,red,False
63.4,3181.498832616,LIGHT_WAIT,3.230698891089638,3.153519341635251,0.40586478486005817,1.3507299972920569e-06,0.0,0.0,-0.014419775912576397,-0.042297967571534395,0.7198739326993528,inf,red,False
63.5,3181.649958493,LIGHT_WAIT,3.230699074789029,3.1535195253346084,0.40586478474898113,1.3507318122812037e-06,0.0,0.0,-0.014333752924269456,-0.04530865645661273,0.7206534195112313,inf,red,False
63.7,3181.90125619,LIGHT_WAIT,3.2306993503385715,3.1535198008841,0.4058647845834726,1.3507342938544428e-06,0.0,0.0,-0.014333752924269456,-0.04530865645661273,0.7206534195112313,inf,red,False
63.9,3182.149651721,LIGHT_WAIT,3.230699625888656,3.1535200764341367,0.40586478441929263,1.3507370246001551e-06,0.0,0.0,-0.014333752924269456,-0.04530865645661273,0.7206534195112313,inf,red,False
64.0,3182.249206587,LIGHT_WAIT,3.2306997636638926,3.1535202142093492,0.4058647843377008,1.3507382402079594e-06,0.0,0.0,-0.014333752924269456,-0.04530865645661273,0.7206534195112313,inf,red,False
64.2,3182.498877283,LIGHT_WAIT,3.230700039214753,3.1535204897601616,0.4058647841755137,1.3507408630079008e-06,0.0,0.0,-0.014333752924269456,-0.04530865645661273,0.7206534195112313,inf,red,False
64.4,3182.698895809,LIGHT_WAIT,3.2307002688408786,3.1535207193862473,0.40586478404137255,1.3507429021181736e-06,0.0,0.0,-0.014333752924269456,-0.04530865645661273,0.7206534195112313,inf,red,False
64.6,3182.950238585,LIGHT_WAIT,3.2307005443926777,3.1535209949380008,0.40586478388162106,1.3507453603420851e-06,0.0,0.0,-0.014244591705268312,-0.045552112205409584,0.7213182450524847,inf,red,False
64.7,3183.049149309,LIGHT_WAIT,3.2307006821687727,3.153521132714073,0.40586478380224356,1.3507466906206668e-06,0.0,0.0,-0.014244591705268312,-0.045552112205409584,0.7213182450524847,inf,red,False
64.9,3183.299521695,LIGHT_WAIT,3.2307009577213335,3.1535214082665886,0.4058647836444849,1.3507491040928883e-06,0.0,0.0,-0.014333752924269456,-0.04530865645661273,0.7206534195112313,inf,red,False
65.1,3183.54899224,LIGHT_WAIT,3.2307012332743925,3.1535216838196023,0.40586478348805494,1.3507514628071533e-06,0.0,0.0,-0.014333752924269456,-0.04530865645661273,0.7206534195112313,inf,red,False
65.2,3183.650065985,LIGHT_WAIT,3.2307013710511026,3.153521821596291,0.4058647834103381,1.350752679544466e-06,0.0,0.0,-0.014333752924269456,-0.04530865645661273,0.7206534195112313,inf,red,False
65.4,3183.849687318,LIGHT_WAIT,3.230701600679222,3.153522051224375,0.40586478328154824,1.3507546630445876e-06,0.0,0.0,-0.014333752924269456,-0.04530865645661273,0.7206534195112313,inf,red,False
65.6,3184.099659224,LIGHT_WAIT,3.2307019221591413,3.1535223727042445,0.4058647831027924,1.3507573271741641e-06,0.0,0.0,-0.014333752924269456,-0.04530865645661273,0.7206534195112313,inf,red,False
65.7,3184.198949864,LIGHT_WAIT,3.2307020140106677,3.1535224645557567,0.4058647830520514,1.3507581130077438e-06,0.0,0.0,-0.014333752924269456,-0.04530865645661273,0.7206534195112313,inf,red,False
65.9,3184.449902625,LIGHT_WAIT,3.2307023354914115,3.1535227860364516,0.40586478287562067,1.3507608162335867e-06,0.0,0.0,-0.014333752924269456,-0.04530865645661273,0.7206534195112313,inf,red,False
66.1,3184.699449764,LIGHT_WAIT,3.2307026110468335,3.1535230615918337,0.40586478272583365,1.3507629844442813e-06,0.0,0.0,-0.014333752924269456,-0.04530865645661273,0.7206534195112313,inf,red,False
66.2,3184.799918517,LIGHT_WAIT,3.2307027028987476,3.1535231534437345,0.4058647826761999,1.3507637024086312e-06,0.0,0.0,-0.014333752924269456,-0.04530865645661273,0.7206534195112313,inf,red,False
66.4,3185.049219235,LIGHT_WAIT,3.230702978454772,3.1535234289997187,0.4058647825281844,1.3507658149096602e-06,0.0,0.0,-0.014333752924269456,-0.04530865645661273,0.7206534195112313,inf,red,False
66.6,3185.2489395,LIGHT_WAIT,3.230703254011244,3.153523704556151,0.4058647823814975,1.350768072539439e-06,0.0,0.0,-0.014459966861389766,-0.04432785695688702,0.7196050555570361,inf,red,False
66.7,3185.349506529,LIGHT_WAIT,3.230703391789649,3.153523842334537,0.4058647823086523,1.3507690950969993e-06,0.0,0.0,-0.014333752924269456,-0.04530865645661273,0.7206534195112313,inf,red,False
66.9,3185.599742257,LIGHT_WAIT,3.230703667346781,3.153524117891632,0.4058647821639583,1.3507712734548204e-06,0.0,0.0,-0.014333752924269456,-0.04530865645661273,0.7206534195112313,inf,red,False
67.1,3185.850189129,LIGHT_WAIT,3.2307039429043454,3.153524393449159,0.4058647820205931,1.3507734102906153e-06,0.0,0.0,-0.014419775912576397,-0.042297967571534395,0.7198739326993528,inf,red,False
67.2,3185.949068794,LIGHT_WAIT,3.2307040806832856,3.1535245312280806,0.4058647819494087,1.3507744938110893e-06,0.0,0.0,-0.014333752924269456,-0.04530865645661273,0.7206534195112313,inf,red,False
67.4,3186.14924302,LIGHT_WAIT,3.230704310315093,3.153524760859857,0.40586478183150626,1.3507761910896461e-06,0.0,0.0,-0.014244591705268312,-0.045552112205409584,0.7213182450524847,inf,red,False
67.6,3186.398868382,LIGHT_WAIT,3.2307045858736374,3.1535250364183662,0.4058647816912412,1.3507782467180355e-06,0.0,0.0,-0.014333752924269456,-0.04530865645661273,0.7206534195112313,inf,red,False
67.7,3186.553027166,LIGHT_WAIT,3.230704723653064,3.1535251741977754,0.40586478162160694,1.3507791552507636e-06,0.0,0.0,-0.014333752924269456,-0.04530865645661273,0.7206534195112313,inf,red,False
67.9,3186.799495813,LIGHT_WAIT,3.230705045138793,3.153525495683464,0.4058647814604187,1.3507814921458932e-06,0.0,0.0,-0.014333752924269456,-0.04530865645661273,0.7206534195112313,inf,red,False
68.1,3187.00943355,LIGHT_WAIT,3.2307052747717964,3.1535257253164386,0.4058647813463915,1.3507831502952726e-06,0.0,0.0,-0.014419775912576397,-0.042297967571534395,0.7198739326993528,inf,red,False
68.2,3187.15013755,LIGHT_WAIT,3.2307054584783934,3.1535259090230126,0.40586478125583414,1.3507844231046587e-06,0.0,0.0,-0.014333752924269456,-0.04530865645661273,0.7206534195112313,inf,red,False
68.4,3187.349509396,LIGHT_WAIT,3.2307056881118856,3.153526138656478,0.40586478114346775,1.3507860903298717e-06,0.0,0.0,-0.014333752924269456,-0.04530865645661273,0.7206534195112313,inf,red,False
68.6,3187.5489504,LIGHT_WAIT,3.23070596367244,3.1535264142170005,0.40586478100984613,1.3507879773091223e-06,0.0,0.0,-0.014333752924269456,-0.04530865645661273,0.7206534195112313,inf,red,False
68.7,3187.698985533,LIGHT_WAIT,3.230706101452858,3.1535265519974027,0.40586478094353357,1.350788855531734e-06,0.0,0.0,-0.014333752924269456,-0.04530865645661273,0.7206534195112313,inf,red,False
68.9,3187.910367356,LIGHT_WAIT,3.2307063310870996,3.1535267816316175,0.4058647808337508,1.3507904611741746e-06,0.0,0.0,-0.014333752924269456,-0.04530865645661273,0.7206534195112313,inf,red,False
69.1,3188.149320762,LIGHT_WAIT,3.2307066066485417,3.1535270571930276,0.40586478070322957,1.3507923126440615e-06,0.0,0.0,-0.014333752924269456,-0.04530865645661273,0.7206534195112313,inf,red,False
69.2,3188.299110969,LIGHT_WAIT,3.230706790356373,3.1535272409008392,0.4058647806169535,1.350793567271636e-06,0.0,0.0,-0.014333752924269456,-0.04530865645661273,0.7206534195112313,inf,red,False
69.4,3188.499035761,LIGHT_WAIT,3.2307070199913923,3.1535274705358343,0.40586478050993896,1.3507950083070727e-06,0.0,0.0,-0.014333752924269456,-0.04530865645661273,0.7206534195112313,inf,red,False
69.6,3188.750498713,LIGHT_WAIT,3.230707341480848,3.1535277920252556,0.4058647803616687,1.3507969995860586e-06,0.0,0.0,-0.014333752924269456,-0.04530865645661273,0.7206534195112313,inf,red,False
69.8,3188.949668097,LIGHT_WAIT,3.2307075711164686,3.153528021660852,0.4058647802568686,1.350798461651895e-06,0.0,0.0,-0.014333752924269456,-0.04530865645661273,0.7206534195112313,inf,red,False
69.9,3189.100149813,LIGHT_WAIT,3.2307077548250356,3.1535282053693994,0.40586478017369304,1.3507948221912294e-06,0.0,0.0,-0.014333752924269456,-0.04530865645661273,0.7206534195112313,inf,red,False
70.1,3189.307042448,LIGHT_WAIT,3.230707938532328,3.1535283890766737,0.4058647800911086,1.3507829800163178e-06,0.0,0.0,-0.014333752924269456,-0.04530865645661273,0.7206534195112313,inf,red,False
70.2,3189.450307564,LIGHT_WAIT,3.2307081222380165,3.1535285727823443,0.40586478000911547,1.3507712474828213e-06,0.0,0.0,-0.014333752924269456,-0.04530865645661273,0.7206534195112313,inf,red,False
70.4,3189.651301324,LIGHT_WAIT,3.230708351867885,3.1535288024121906,0.40586477990745556,1.3507566208449364e-06,0.0,0.0,-0.014333752924269456,-0.04530865645661273,0.7206534195112313,inf,red,False
70.6,3189.948978727,LIGHT_WAIT,3.230708673345552,3.1535291238898266,0.4058647797666839,1.3507364452937282e-06,0.0,0.0,-0.014333752924269456,-0.04530865645661273,0.7206534195112313,inf,red,False
70.7,3190.049143618,LIGHT_WAIT,3.2307088111202202,3.1535292616644814,0.40586477970690743,1.3507276929578072e-06,0.0,0.0,-0.014333752924269456,-0.04530865645661273,0.7206534195112313,inf,red,False
70.9,3190.299998679,LIGHT_WAIT,3.2307090866669217,3.1535295372111567,0.4058647795883523,1.3507106567767558e-06,0.0,0.0,-0.014333752924269456,-0.04530865645661273,0.7206534195112313,inf,red,False
71.1,3190.549971719,LIGHT_WAIT,3.2307093162865055,3.1535297668307205,0.4058647794905725,1.3506963299339448e-06,0.0,0.0,-0.014333752924269456,-0.04530865645661273,0.7206534195112313,inf,red,False
71.2,3190.649312538,LIGHT_WAIT,3.230709454057105,3.153529904601308,0.40586477943234794,1.3506879120872576e-06,0.0,0.0,-0.014333752924269456,-0.04530865645661273,0.7206534195112313,inf,red,False
71.4,3190.949571331,LIGHT_WAIT,3.2307097755184704,3.1535302260626454,0.40586477929778386,1.3506681997746525e-06,0.0,0.0,-0.014333752924269456,-0.04530865645661273,0.7206534195112313,inf,red,False
71.6,3191.199282947,LIGHT_WAIT,3.2307100051308812,3.1535304556750363,0.4058647792027751,1.350654343655227e-06,0.0,0.0,-0.014333752924269456,-0.04530865645661273,0.7206534195112313,inf,red,False
71.7,3191.299874554,LIGHT_WAIT,3.2307101428971894,3.1535305934413325,0.40586477914621316,1.3506459105752107e-06,0.0,0.0,-0.014333752924269456,-0.04530865645661273,0.7206534195112313,inf,red,False
71.9,3191.549469965,LIGHT_WAIT,3.2307103725058344,3.1535308230499575,0.4058647790526822,1.3506322230780472e-06,0.0,0.0,-0.014333752924269456,-0.04530865645661273,0.7206534195112313,inf,red,False
72.1,3191.800572119,LIGHT_WAIT,3.2307106939540096,3.153531144498108,0.4058647789232906,1.3506130779602498e-06,0.0,0.0,-0.014333752924269456,-0.04530865645661273,0.7206534195112313,inf,red,False
72.2,3191.949206601,LIGHT_WAIT,3.2307108317161184,3.153531282260206,0.4058647788683911,1.3506048333030943e-06,0.0,0.0,-0.014333752924269456,-0.04530865645661273,0.7206534195112313,inf,red,False
72.4,3192.199245938,LIGHT_WAIT,3.230711107237863,3.153531557781929,0.40586477875958965,1.3505887167579346e-06,0.0,0.0,-0.014333752924269456,-0.04530865645661273,0.7206534195112313,inf,red,False
72.5,3192.299636634,FOLLOW,3.230711244997491,3.1535316955415467,0.40586477870568755,1.3505805662004197e-06,0.07767952325873863,-0.016178967891967752,-0.014333752924269456,-0.04530865645661273,0.7206534195112313,inf,green,False
72.7,3192.550490737,FOLLOW,3.2393710019159587,3.162191450032993,0.4058589458309827,0.0781360233343832,0.07867295779684322,-0.01589417412207529,-0.014326647794026117,-0.0411179645137033,0.7230011459503327,inf,green,False
72.9,3192.799862099,FOLLOW,3.255396163121387,3.1782165315590665,0.40581055377075376,0.07908792569462267,0.0645989635883904,0.006339389713272907,-0.020211720187024038,0.1983741599388915,0.8052989702109614,inf,green,False
73.1,3193.049200504,FOLLOW,3.271238825884881,3.1940590263333744,0.40573780262472503,0.06462834369173134,0.07801653906799956,0.003969966401926985,-0.016165588192995364,0.14117780219530557,0.8796003989105041,inf,green,False
73.2,3193.149037144,FOLLOW,3.2760244423415767,3.198844609881499,0.4057200594365272,0.07658460459624185,0.07801653906799956,0.003969966401926985,-0.016165588192995364,0.14117780219530557,0.8796003989105041,inf,green,False
73.4,3193.399293909,FOLLOW,3.2920259246842156,3.214846009675148,0.4056687691848447,0.07886951529851931,0.0787644995818541,0.003466261384408075,-0.01608093325980882,0.13606845901453113,0.8796492482478169,inf,green,False
73.6,3193.599271432,FOLLOW,3.3085371536974413,3.2313571884946373,0.4056282727622281,0.08311665570047579,0.08302171343966422,0.005609844164910095,-0.007433484281734737,0.09489156025338433,0.855973860397183,inf,green,False
73.7,3193.754630756,FOLLOW,3.3170077558270643,3.2398277784819784,0.4056139866178154,0.08304422118287683,0.08308908440660531,0.0053424292670615344,-0.007751802417518456,0.09480360688824023,0.8565162220297864,inf,green,False
73.9,3193.949061693,FOLLOW,3.3339734307828626,3.256793446106418,0.4055990383149667,0.08331119193362657,0.08328907781022206,0.00516112980580271,-0.007776387752957279,0.09340549087205181,0.8561518400256902,inf,green,False
74.1,3194.199097299,FOLLOW,3.3516668159477825,3.2744868298953813,0.40560249261822434,0.09166706076430908,0.09164221305505563,0.006835498543384298,-0.00035960526241000934,0.052710243140650655,0.8643201782104488,inf,green,False
74.2,3194.299366292,FOLLOW,3.361016864257201,3.283836871671463,0.40561341175001225,0.09166726041176487,0.10346777311971528,0.008170842092907,0.004233055473919148,0.025095897945926954,0.9163276233914753,inf,green,False
74.4,3194.550255116,FOLLOW,3.3819304620135044,3.30475041158829,0.40566166407324294,0.10354509359701623,0.10327545786714659,0.007503405490355209,0.0029478777835196326,0.029393774175119694,0.9238716381924508,inf,green,False
74.6,3194.799706823,FOLLOW,3.403012719131899,3.325832509034474,0.40574322457361894,0.10330252529615755,0.08836753038046888,0.001861023190343546,0.005920001579485146,-0.025245470443609103,0.7828727505954669,inf,green,False
74.7,3194.900091849,FOLLOW,3.411866994075697,3.334686685250562,0.40578503417446427,0.08838766404984909,0.09656326562622704,0.008809515753645112,0.000619723908405985,0.05741190675978474,0.9201914052717518,inf,green,False
74.9,3195.09916565,FOLLOW,3.4274710434832616,3.350290499450553,0.4058705393726545,0.07189613218108674,0.08567976192879834,-2.4429146661856165e-05,0.014648463490021708,-0.09753838053265612,0.8881035415516219,inf,green,False
75.1,3195.349574902,FOLLOW,3.448081373767817,3.370900482800555,0.40599012483902497,0.09310403811776385,0.09308574539232556,0.0006067909550935298,0.009119910558954069,-0.05633963717395945,0.8849732349666961,inf,green,False
75.2,3195.450212906,FOLLOW,3.454412442978687,3.377231443112201,0.40602725809071843,0.09310391763495561,0.0904267326162174,-0.004014141883731136,0.0011580070208563158,-0.03766920001602799,0.8245207442542322,inf,green,False
75.4,3195.799657396,FOLLOW,3.4716505066960464,3.39446924429703,0.4061223109166425,0.08007370317347623,0.08364285506139695,-0.004494058655932341,0.004665074280696558,-0.06727130523108063,0.8142480428706885,inf,green,False
75.6,3196.049418205,FOLLOW,3.4882584293241385,3.4110769972657162,0.4061972208227429,0.08036651611051115,0.0803371682753966,-0.005618950346955494,0.008553438955953924,-0.10387036880192341,0.8433233043213806,inf,green,False
75.7,3196.149105915,FOLLOW,3.4937226786704203,3.41654120770187,0.40621783546299317,0.08034600943430002,0.08007535572568805,-0.0072910575836090405,0.007982579566753224,-0.11420430821474771,0.8578144353328596,inf,green,False
75.9,3196.399391456,FOLLOW,3.512213239710048,3.435031696196232,0.40626857296371427,0.07433993156271412,0.07429908246155956,-0.010569072542044455,0.0072774249927938656,-0.1436376811884049,0.8414954354964234,inf,green,False
76.1,3196.699141163,FOLLOW,3.5248800081510856,3.4476984595733544,0.40627804957839986,0.07481965298665941,0.0776920220045304,-0.013442638111079921,0.0012945659919031058,-0.12494537858650429,0.8496680813399842,inf,green,False
76.2,3196.899179658,FOLLOW,3.5326055204707103,3.455423970065909,0.40627324803698983,0.07768999275195537,0.07740345042657981,-0.013303335853134788,0.0016172215430438966,-0.12629202740477646,0.8486837261068709,inf,green,False
76.4,3197.149592488,FOLLOW,3.548408133275028,3.4712265274217393,0.4062331275110705,0.0775241132663506,0.07828614190791323,-0.012782552281745251,0.0017159427014300371,-0.12120565188617867,0.8500662422243295,inf,green,False
76.6,3197.349183691,FOLLOW,3.565629979255788,3.488448140032441,0.406144256680376,0.09875002255716851,0.09897465956136565,-0.01695379094518722,-0.014164925980839928,-0.02135979812829203,0.8688321369290304,inf,green,False
76.7,3197.499421066,FOLLOW,3.575709570671871,3.4985274675415887,0.4060714708898026,0.09896782587720769,0.10055952707288093,-0.015916984081587437,-0.013849616226087037,-0.014645869465203886,0.8686790111696755,inf,green,False
76.9,3197.74913687,FOLLOW,3.5961127008484985,3.518929622191047,0.40587284344995994,0.10055444264702167,0.1014095955549813,-0.014540752594675584,-0.012681327543410734,-0.012343929190074526,0.8711589810149439,inf,green,False
77.1,3197.999841792,FOLLOW,3.6167861865166473,3.5396013982265657,0.4056075399601023,0.1018306970572819,0.10206143265625509,-0.0137839359652756,-0.012065832586360209,-0.01080734806575067,0.8734913851939032,inf,green,False
77.2,3198.149061241,FOLLOW,3.627195951963318,3.550009995373296,0.40545163341398127,0.1020595561443556,0.10299356693752922,-0.013140365676248865,-0.011598524441299551,-0.008866781937469127,0.8773051723751853,inf,green,False
77.4,3198.402658521,FOLLOW,3.6482546461637715,3.5710656444667555,0.4050938554574939,0.10420950787297271,0.10501301522369202,-0.01090385744094513,-0.01038085439434954,-0.0009201386033452848,0.8771215128882879,inf,green,False
77.6,3198.649156426,FOLLOW,3.6696214001657035,3.5924283677861024,0.4046790930601595,0.10501160971312866,0.10556990923319984,-0.009942784419385719,-0.009605473076504873,0.00043506863138070015,0.8807061218584377,inf,green,False
77.7,3198.749571639,FOLLOW,3.676799412099898,3.5996048106906007,0.40452902284670667,0.10556982980792894,0.10650219637613988,-0.009953086461473479,-0.0061025215048879896,-0.022422322114424846,0.9372688563228226,inf,green,False
77.9,3198.99949266,FOLLOW,3.7022797325789436,3.6250787257172377,0.40395795823057834,0.10795208839242008,0.10795101537196987,-0.008526617262425625,-0.005148291518145919,-0.019008156442209573,0.9423407486890358,inf,green,False
78.1,3199.249672347,FOLLOW,3.72447537780108,3.6472677875244903,0.4034174977328382,0.10964047393022051,0.10963767835084687,-0.006961339925704717,-0.004527678457922319,-0.012682029621123175,0.9426145755161535,inf,green,False
78.2,3199.349425285,FOLLOW,3.731930928122113,3.654720940152123,0.4032284324066218,0.10964041322305777,0.11044013804018454,-0.006039427476310847,-0.003942393609677803,-0.010634992022985389,0.9448038583989289,inf,green,False
78.4,3199.649162048,FOLLOW,3.7581981997847116,3.680979088435406,0.4025362669774454,0.11073783164043344,0.110733110545851,-0.005497721918918044,-0.0034600581735423712,-0.010449419151988229,0.9468821021757802,inf,green,False
78.6,3199.8496265,FOLLOW,3.777089747483874,3.699863482109585,0.4020164334883714,0.11172925408081927,0.11241523838749705,-0.0035340059913685938,-0.0024902611222278725,-0.004619312008913034,0.9476120086597293,inf,green,False
78.7,3200.000594814,FOLLOW,3.788555973850121,3.7113251708699484,0.4016938866165951,0.11242308537734365,0.11334400111059419,-0.002782358096929994,-0.0021159331939306497,-0.002464117052884386,0.9503519443795092,inf,green,False
78.9,3200.249251304,FOLLOW,3.8116805765286372,3.7344402933432193,0.4010318081428468,0.11385430437611521,0.11409647037598374,-0.0016089637151866414,-0.0013721010311002946,-0.00037145941934778554,0.9516868824797706,inf,green,False
79.1,3200.505199609,FOLLOW,3.8349390595921635,3.7576889455233107,0.4003556409718392,0.11419044073774381,0.11309246955780165,-2.238763568481381e-05,-0.0006501532010557164,0.004200707857607659,0.9523345051797577,inf,green,False
79.2,3200.598907117,FOLLOW,3.8465510058930694,3.7692959281267506,0.40001615357134385,0.11310561845960251,0.11309246955780165,-2.238763568481381e-05,-0.0006501532010557164,0.004200707857607659,0.9523345051797577,inf,green,False
79.4,3200.848969077,FOLLOW,3.8697039412666574,3.792438945175956,0.3993385266332301,0.11378287235658835,0.11376926072071765,0.0005247024244164482,7.878885559308053e-05,0.0025878301960993062,0.9542108295118338,inf,green,False
79.6,3201.049094391,FOLLOW,3.889003340630828,3.8117301068244847,0.3987747024913437,0.1131281249635085,0.11372424496287188,0.0017447611927685514,0.0008943667451356655,0.004393522878522956,0.9581114178590807,inf,green,False
79.7,3201.201081931,FOLLOW,3.9044502685347102,3.827170519596972,0.3983261110396336,0.11373885052981235,0.11398143010828099,0.0019762744772377516,0.0012063791594679172,0.003661165662252026,0.9585391029449838,inf,green,False
79.9,3201.399339159,FOLLOW,3.9238347180664954,3.8465469403904833,0.3977682600956389,0.11407762569906638,0.11360349315469735,0.0027477715481528564,0.001558070058109641,0.005939765596396438,0.9607536537947848,inf,green,False
80.1,3201.650189675,FOLLOW,3.9509020386902742,3.8736034137220674,0.3970020536702934,0.11371638063817685,0.11416625561252962,0.003352483813422086,0.0022729674715421177,0.004669040977393285,0.9624906077229647,inf,green,False
80.2,3201.749471647,FOLLOW,3.9586500051131006,3.881348369521593,0.3967860833177129,0.11418293078250522,0.11416625561252962,0.003352483813422086,0.0022729674715421177,0.004669040977393285,0.9624906077229647,inf,green,False
80.4,3202.001466427,FOLLOW,3.9818534645924015,3.904543098615134,0.39614964688901994,0.11329071709924543,0.11422875156991848,0.004001953956650807,0.0028598215434402214,0.00458428802036079,0.9628157942785446,inf,green,False
80.6,3202.248914833,FOLLOW,4.0051608385779005,3.927842190969488,0.39552839763913367,0.11476793618748589,0.11444705668190763,0.004534206763219031,0.0033478190448113492,0.0044257080225171275,0.9642777485348677,inf,green,False
80.7,3202.399432092,FOLLOW,4.016857313872091,3.9395346934802022,0.3952235736635195,0.11446659212332196,0.11456653652609441,0.004584800497807406,0.0034121928663244892,0.004266814801823024,0.964905183422519,inf,green,False
80.9,3202.703251574,FOLLOW,4.0402460159654465,3.96291585089328,0.3946295817056959,0.11468481294917116,0.11505502482175319,0.004990910165802488,0.0038888132526998945,0.003357818194674715,0.9668404955090939,inf,green,False
81.1,3202.909217585,FOLLOW,4.059796367996167,3.98246031511121,0.3941498284063737,0.11507552818518321,0.11525088996530244,0.005088906006861439,0.004013979257555115,0.0030477135397119926,0.9677418267485851,inf,green,False
81.2,3203.050334061,FOLLOW,4.071547138308582,3.9942077319796616,0.3938691197690554,0.11527141622944936,0.11542383404789193,0.00536017209411525,0.004230227655636863,0.003148247225046217,0.9694357580083801,inf,green,False
81.4,3203.300626453,FOLLOW,4.097145317585372,4.0197990967301305,0.3932785510507374,0.06163231048084816,0.07632150036065001,0.016780086828243432,0.0004882497729796001,0.1445015925442503,0.8657745519112605,inf,green,False
81.6,3203.499870148,FOLLOW,4.110108095890231,4.03275887290621,0.39299977023289295,0.07635749054562954,0.07719831133503235,0.016381819303319712,0.0004775066123335475,0.1394711754610389,0.8676304949899406,inf,green,False
81.7,3203.599051635,FOLLOW,4.117984808189776,4.040634118450447,0.3928478099559862,0.07723380636246739,0.07795803284146045,0.015904383295167992,0.0002471302792764196,0.1355163217128729,0.86974581240063,inf,green,False
81.9,3203.849261811,FOLLOW,4.1338261432972025,4.056473196217507,0.3925807763420607,0.0777436324053738,0.07807552690358201,0.015099659182612715,-0.0004479384725053631,0.13298851134637119,0.8669449761859112,inf,green,False
82.1,3204.099134468,FOLLOW,4.152259318350874,4.074904687271294,0.39233238465502157,0.07595171054092806,0.07816196212242367,0.018177225109442093,0.002426607929340137,0.14030379778180319,0.8798167703504784,inf,green,False
82.2,3204.201045126,FOLLOW,4.160156418675382,4.08280134965946,0.39224931264982216,0.07820078149414987,0.07841001747675504,0.017985028157035107,0.002243518407130461,0.1393740755597268,0.8810902227322244,inf,green,False
82.4,3204.449082918,FOLLOW,4.173483975655504,4.096128464503719,0.3921413466563931,0.0784490980254891,0.07897709506293389,0.017060439033984087,0.0017536718450758895,0.1336650339838615,0.8780690441814015,inf,green,False
82.6,3204.650078504,FOLLOW,4.1896197892811795,4.11226407693402,0.3920622718632164,0.07918855290564085,0.08241600151670675,0.01918879789916379,0.007669186313850166,0.10606550248993521,0.8689144837659055,1.4343280825800429,green,False
82.7,3204.750044491,FOLLOW,4.1951114757923795,4.117755743997137,0.39204774863072034,0.0824575175591981,0.08241600151670675,0.01918879789916379,0.007669186313850166,0.10606550248993521,0.8689144837659055,1.3941911904090738,green,False
82.9,3204.999631619,FOLLOW,4.214672308051469,4.137316560094413,0.3920516113188856,0.08198192489779839,0.07370551003178064,0.020165789551741423,0.0019792948482633896,0.17051745693059503,0.8760475030229989,1.4059807357089034,green,False
83.1,3205.198997529,FOLLOW,4.2274430298800585,4.150087167137653,0.39210432274415136,0.08057020966285817,0.0805238197616603,0.021666870781618792,0.009380801855602423,0.1191893121794379,0.8709813874191135,1.3742849668489505,green,False
83.2,3205.35122225,FOLLOW,4.238414941932129,4.161058784659464,0.39218422640539463,0.08100861425120219,0.09055805270270909,0.01826053032221875,0.011423230271309745,0.06016378400396703,0.8681570042439435,1.3781289354738964,green,False
83.4,3205.557153372,FOLLOW,4.250071977153383,4.172715221289776,0.3923020488788738,0.09060054538141475,0.0981072407002152,0.015284321475778476,0.015023056105549012,0.005135366215170448,0.8280565185300326,1.3713641866356372,green,False
83.6,3205.798939232,FOLLOW,4.2731809679591315,4.1958221794314365,0.392607670976714,0.09838946055577685,0.08418349316422115,0.004969538325175105,0.01553341015700508,-0.06361632997873955,0.8131008780330525,1.328133444345361,green,False
83.7,3205.89934542,FOLLOW,4.281501516924405,4.204141729573375,0.3927365741521931,0.08405984197014614,0.08331919130529515,0.004237019367405524,0.015253410509531797,-0.06725762719811604,0.8110734922787107,1.3223555186059397,green,False
83.9,3206.149591708,FOLLOW,4.298563150097727,4.221201077977059,0.3930157483223301,0.08334237359634529,0.09793444426503521,0.011627475160313155,0.013110335186227458,-0.007204027926522815,0.8308187536972478,1.301694069794928,green,False
84.1,3206.398953519,FOLLOW,4.3209279614628535,4.243562345595835,0.39341358144753874,0.09813592458109271,0.07653829519782468,-0.003974240948102552,0.012589868202238626,-0.11842971997687018,0.826660978060735,1.2864374833993093,green,False
84.2,3206.499602464,FOLLOW,4.326886252178612,4.249519526996141,0.39352855025238054,0.07622606512063926,0.07655613617935295,-0.004402479023799943,0.012142506129059684,-0.11920559659764822,0.8280911324627449,1.2772572312248511,green,False
84.4,3206.698978864,FOLLOW,4.33990686909337,4.262537795775282,0.3937758079233329,0.0767438399721746,0.07673302108635795,-0.004453402263565204,0.011960241450783213,-0.1183611852756531,0.8286545783355457,1.2697747320943376,green,False
84.6,3206.949652868,FOLLOW,4.356089974706023,4.278718170845404,0.3940730735587457,0.08205567140148165,0.07568768236197586,-0.003979802467082393,0.012570646751981968,-0.118740843289261,0.8179644203137726,1.2439559975793653,green,False
84.7,3207.048995525,FOLLOW,4.364251660448968,4.286878454288225,0.39422436206636774,0.07569943907230399,0.07568768236197586,-0.003979802467082393,0.012570646751981968,-0.118740843289261,0.8179644203137726,1.2484501176593825,green,False
84.9,3207.249777669,FOLLOW,4.379666199536868,4.302290469249419,0.39450328479381036,0.07542021850465382,0.07664000254439228,-0.004843405140489905,0.01157204253728613,-0.11924500858430868,0.8290612245638418,1.2369197689203206,green,False
85.1,3207.499358561,FOLLOW,4.39552121629202,4.318143150467341,0.3947753604067124,0.07994658383750616,0.09085126674774832,0.005708328186941601,0.002074251701026774,0.028583661044191484,0.8111951773594248,inf,green,False
85.2,3207.600188783,FOLLOW,4.403911086600375,4.326531936180342,0.3949102553861662,0.08715068123540094,0.08970905185577467,0.0060886019986483705,0.001970360713612297,0.03267593191474524,0.8086447419351149,inf,green,False
85.4,3207.799450783,FOLLOW,4.422291340505131,4.344909596409034,0.3952189554297477,0.08973506614468586,0.08334282535843232,0.0019421366787198396,-0.010702160454377874,0.08685859063396893,0.8453368852804034,inf,green,False
85.6,3208.049286883,FOLLOW,4.441902623914853,4.364517827423243,0.3955649453491626,0.08100659913352942,0.08107189352954772,0.00036244752430606954,-0.017196299753374285,0.11712123188605955,0.8734166136111495,inf,green,False
85.7,3208.148879872,FOLLOW,4.450173746003905,4.372787637823281,0.39571224282197365,0.08109050140053228,0.08078779173755948,0.00029573828970026907,-0.017339718325999877,0.11752498706319509,0.8710354348717619,inf,green,False
85.9,3208.350347873,FOLLOW,4.463956785678782,4.386568471835417,0.39595881167253305,0.08190678127162192,0.08167524838528456,0.004558328254694702,-0.01233009352254441,0.11930923335722536,0.883639804650481,inf,green,False
86.1,3208.600582433,FOLLOW,4.480623045980601,4.403231868012056,0.39626774499199385,0.08146206928590553,0.08202254042266971,0.0037664231562980184,-0.01293143536525615,0.11667610295912943,0.8828976362581802,inf,green,False
86.2,3208.699135939,FOLLOW,4.488951265488175,4.411558544950071,0.3964280268418372,0.08204558280684217,0.08202254042266971,0.0037664231562980184,-0.01293143536525615,0.11667610295912943,0.8828976362581802,inf,green,False
86.4,3208.949556832,FOLLOW,4.505658276990265,4.4282622650153955,0.39675962328375247,0.08182064889484676,0.08718555815684491,0.006593521389824641,-0.0037559215068233114,0.07595561289198968,0.8645094951639861,inf,green,False
86.6,3209.148807377,FOLLOW,4.520299049431729,4.442899898347535,0.39706275431090965,0.0873677805959168,0.08734229436815005,0.0060155307110324645,-0.004497711512071654,0.07633660074390718,0.8667569083437148,inf,green,False
86.7,3209.250449631,FOLLOW,4.529210552500334,4.4518093313797475,0.3972548160085881,0.08736760867741193,0.08735001233481676,0.005862465496181043,-0.004857275618933791,0.07753879214857082,0.8690212371777326,inf,green,False
86.9,3209.500924371,FOLLOW,4.551326466806452,4.473919569982441,0.39775572511959534,0.09717957309996976,0.09754641489932946,0.006571854971502486,0.0025137230724657355,0.028720210059791338,0.8712524892962519,inf,green,False
87.1,3209.700057099,FOLLOW,4.567945107904136,4.4905334104170125,0.3981551133977022,0.09788856768472205,0.09790840286512328,0.005994779093289929,0.002263865897155136,0.026238583633850256,0.8694237283975532,inf,green,False
87.2,3209.849496773,FOLLOW,4.57793275358618,4.500517959347734,0.39840380193829883,0.09793368212440208,0.09093491503106722,0.0011358214195973293,0.008222018645492145,-0.046349093802340285,0.8455982691481181,inf,green,False
87.4,3210.049102532,FOLLOW,4.593886715701986,4.516466701868805,0.39881186237708033,0.0912082490233509,0.09118991596663112,0.0006862269523013723,0.007576539403193867,-0.04539948719909235,0.8461654543597048,inf,green,False
87.6,3210.298962851,FOLLOW,4.615512121777503,4.538084902604301,0.3993700599568185,0.09020377532242667,0.09018608950019893,-6.66979324382946e-05,0.007492987176543021,-0.050409707371819254,0.8462643787665272,inf,green,False
87.7,3210.401617237,FOLLOW,4.624712917133764,4.547282625593488,0.3996078140346214,0.09020396854750654,0.08998896150810944,-0.0007567984184876278,0.007008243976004136,-0.052350455366735126,0.8480530774202688,inf,green,False
87.9,3210.60047796,FOLLOW,4.640088732003412,4.562653320666594,0.40000457061943084,0.09074623890547467,0.07723155577102492,-0.0075395838526240945,0.0086804532545885,-0.12317042969430969,0.8417763795559823,inf,green,False
88.1,3210.8494882,FOLLOW,4.656649095176065,4.579208229808931,0.40042954327618574,0.07693564557343928,0.07712050487008716,-0.007930937578929447,0.008308766493682868,-0.12420217786974608,0.842223679402376,inf,green,False
88.2,3210.999623937,FOLLOW,4.6671251814140255,4.58968113932794,0.4006874961495976,0.07712812945371209,0.076960807796554,-0.00784107680849089,0.008540991743069583,-0.12509126069970825,0.8419051581325099,inf,green,False
88.4,3211.20496279,FOLLOW,4.680215459900049,4.602767817058783,0.40099447136505895,0.0769684478743866,0.0718487921012788,-0.012638662484823315,0.006777772271620894,-0.16265867611461196,0.8422155467529068,inf,green,False
88.6,3211.451111084,FOLLOW,4.694875898722948,4.617424848124684,0.4013103781072868,0.07181400227114867,0.07216480533631649,-0.012293594922668722,0.006949846928036407,-0.1601087023978163,0.8420861557440674,inf,green,False
88.7,3211.548801439,FOLLOW,4.7022244001422395,4.62477192645845,0.40145497064068725,0.07216592733250575,0.07250453253488628,-0.012020984996183013,0.007170195494810898,-0.15852849951200496,0.8436634950943622,inf,green,False
88.9,3211.79904437,FOLLOW,4.719686449713149,4.642231270357883,0.4017619614937231,0.07455187288199087,0.09131421779623158,-0.0016194665224565509,-0.004022057709944112,0.014841247120065258,0.7891854997996243,inf,green,False
89.1,3211.99959524,FOLLOW,4.735101946562875,4.65764470177864,0.4020142960663092,0.08962667483017751,0.08100316516316826,-0.005083077260722615,-0.023022740182558496,0.1106651771042995,0.8617811600845446,inf,green,False
89.2,3212.098913484,FOLLOW,4.741196559998403,4.6637385052476,0.4021136550271573,0.08962662462020943,0.08100316516316826,-0.005083077260722615,-0.023022740182558496,0.1106651771042995,0.8617811600845446,inf,green,False
89.4,3212.399379676,FOLLOW,4.760437167528902,4.6829767401058175,0.4024157455596438,0.08063218866701974,0.08062224040961326,-0.00495343692963521,-0.023182852422310454,0.11259413970186262,0.8609684992417177,inf,green,False
89.6,3212.599874766,FOLLOW,4.774165743270547,4.696703826739884,0.40261792038944016,0.08094863429102092,0.08078725423175308,-0.00492657620905888,-0.02312009227899557,0.11248642903866589,0.8625494048556248,inf,green,False
89.7,3212.748962161,FOLLOW,4.785159508933635,4.707696513881301,0.4027718975411326,0.08079722029050587,0.08174308150901961,-0.0004863178425144343,-0.017918877322640463,0.11493458440303486,0.8769237438473003,inf,green,False
89.9,3212.950068628,FOLLOW,4.799044058084618,4.721579768697351,0.4029614781163953,0.08135590114682634,0.08133950980480692,-0.00031927991280352103,-0.017941529157211464,0.1164316348793615,0.8751311672662978,inf,green,False
90.1,3213.199557349,FOLLOW,4.815639988543922,4.738174161648338,0.4031873771112347,0.08134919459179202,0.0813326291550814,-0.00041700684831392435,-0.018222343852563577,0.11747800139001742,0.8768301329784789,inf,green,False
90.2,3213.299446369,FOLLOW,4.823937614954524,4.746471023562785,0.40330001111534386,0.08134936185525918,0.08730847937590505,0.002368356861147208,-0.009092317375716478,0.07876311291030212,0.8708349868640253,inf,green,False
90.4,3213.549513026,FOLLOW,4.84173130583362,4.764263016598591,0.4035458006533352,0.08712463391436916,0.08716861994240876,0.0019980621336531047,-0.009293864463332885,0.07727752913667855,0.8667421571743138,inf,green,False
90.6,3213.798965368,FOLLOW,4.859509170979663,4.7820390677126134,0.40379975127972784,0.0870588366901397,0.08703834228581003,0.001877585525869418,-0.009518943847847888,0.07786328907845974,0.8665089275132076,inf,green,False
90.7,3213.94952483,FOLLOW,4.872135223312188,4.794663723978095,0.4039874639412158,0.09715841765126783,0.09694624172198377,0.003205729870747427,-0.0016789820852805906,0.0335021938469512,0.8755501764936833,inf,green,False
90.9,3214.14926706,FOLLOW,4.889135507515953,4.811661906499291,0.4042547387738603,0.1125748371396219,0.10905944995433897,0.0036207034288978797,0.0020464001214647786,0.008767923233137385,0.9287501013913213,inf,green,False
91.1,3214.39959586,FOLLOW,4.909776338528167,4.832299790056538,0.4046035014672249,0.09204423952431963,0.09140287472348274,-0.0027689053242337253,0.004271450160993142,-0.04888635901747885,0.8547813257990607,inf,green,False
91.2,3214.499408096,FOLLOW,4.919144327009165,4.841666416274467,0.40476325484669895,0.09141664449468243,0.09140287472348274,-0.0027689053242337253,0.004271450160993142,-0.04888635901747885,0.8547813257990607,inf,green,False
91.4,3214.74891125,FOLLOW,4.938202444521291,4.860721752430943,0.4050887715120355,0.07401442728388549,0.07,0.0022172437446216467,1.2008369518607537e-05,0.02129837391098797,0.9283017134733834,inf,green,False
91.6,3214.999121393,FOLLOW,4.951650676350363,4.874167705503045,0.40533631293621813,0.09128142992010052,0.08171055859190134,-0.010583077468084302,0.005480481237253913,-0.123406009898676,0.8909957799828969,inf,green,False
91.7,3215.249062925,FOLLOW,4.963226021463688,4.885741070344252,0.4055504084335134,0.08162239129796373,0.0816103190606198,-0.010793132875099929,0.005335145326198221,-0.12427323335065231,0.8913772051810315,inf,green,False
91.9,3215.549311738,FOLLOW,4.977099948493038,4.899612961414411,0.4057879798609809,0.08160441166081421,0.08169892355496096,-0.010616178993674046,0.005497222595875546,-0.12379823491682257,0.8915364990144369,inf,green,False
92.1,3215.80046724,FOLLOW,4.993790004302418,4.9163010901044135,0.40604140983029413,0.08193107183717577,0.09019958350031418,-0.005775718587659467,0.004637222005964066,-0.07401040085680498,0.8907404319187662,inf,green,False
92.2,3215.949679092,FOLLOW,5.006047534444508,4.928557456351195,0.40621030290051885,0.09020852925399973,0.0728545253123939,-0.01418943976673224,0.004224777712107858,-0.15854247709537486,0.8477572299081705,inf,green,False
92.4,3216.149507685,FOLLOW,5.018276774199786,4.940785731691911,0.40636370066462685,0.07220512018839903,0.07271439933791081,-0.013731007711957169,0.0047746661647313365,-0.15819259033283278,0.8455966441859262,inf,green,False
92.6,3216.399811488,FOLLOW,5.03315074279486,4.955658952065296,0.4065124175890576,0.07450069246238916,0.07502841634366657,-0.01672249751458813,-0.0011909076731558624,-0.14192568506563616,0.8470797068006517,inf,green,False
92.7,3216.498709792,FOLLOW,5.038216780238657,4.960724828305936,0.40655280647477887,0.07450055515324976,0.07502841634366657,-0.01672249751458813,-0.0011909076731558624,-0.14192568506563616,0.8470797068006517,inf,green,False
92.9,3216.748890168,FOLLOW,5.056050967231387,4.9785587374025,0.4066504209161088,0.07446644840725293,0.07447053584833353,-0.015693635120328956,0.00023144849445050353,-0.14312576816693187,0.8426430622589414,inf,green,False
93.1,3217.000582759,FOLLOW,5.073709132740667,4.996216862409732,0.40668431756260875,0.09434255372027457,0.09620546273226871,-0.020036807719322845,-0.016702231712256498,-0.02953619664996725,0.8609110116451848,inf,green,False
93.2,3217.149778195,FOLLOW,5.083455656131465,5.005963380135877,0.406675304283613,0.09619557431235673,0.09620546273226871,-0.020036807719322845,-0.016702231712256498,-0.02953619664996725,0.8609110116451848,inf,green,False
93.4,3217.348837091,FOLLOW,5.099866703387778,5.022374314067069,0.40661626561525405,0.0970623431297758,0.08573920280433285,-0.014469328672807223,-0.0024901166811725148,-0.09716980083505515,0.8880612996247201,inf,green,False
93.6,3217.599076456,FOLLOW,5.12078394313998,5.043291042871119,0.40647130966136474,0.08619570572066154,0.08630526372914597,-0.013732325117804818,-0.00021773650008041767,-0.10569265696949054,0.9092487109509256,inf,green,False
93.7,3217.650227715,FOLLOW,5.126652420137774,5.049159281920737,0.40641848043796164,0.08630312264214025,0.08630526372914597,-0.013732325117804818,-0.00021773650008041767,-0.10569265696949054,0.9092487109509256,inf,green,False
93.9,3217.899445334,FOLLOW,5.14438353990067,5.066889362620709,0.40622698350893083,0.08723318430878294,0.08768578936628797,-0.012357809007255334,0.0004315764379741703,-0.09778979047801067,0.9093560565946556,inf,green,False
94.1,3218.09933021,FOLLOW,5.159337365124642,5.081841894936275,0.40603053283466656,0.08863470584904616,0.0885831103560243,-0.01125256971930848,0.001215842203644308,-0.09364523328831982,0.9110131286896792,inf,green,False
94.2,3218.249726639,FOLLOW,5.171388254070206,5.093891446363004,0.4058510655328093,0.08858337228919988,0.08939464499095476,-0.010528095820347813,0.0014932515263292034,-0.08926844529152589,0.9112078952523402,inf,green,False
94.4,3218.449105695,FOLLOW,5.186574819720112,5.109075932232191,0.40559985100710977,0.08994537950761418,0.08994354361353468,-0.01001063738714748,0.0017057209742294063,-0.08633043938663135,0.9112975642825201,inf,green,False
94.6,3218.698869222,FOLLOW,5.208115432250622,5.130612828422145,0.40519999285997355,0.09093748801241704,0.09114060236448322,-0.00892156508173156,0.0024587671761081946,-0.0823118192902876,0.9157956195338873,inf,green,False
94.7,3218.798953209,FOLLOW,5.2143127605510715,5.1368089130823416,0.4050758477868159,0.09114118554651307,0.09173824473012915,-0.00803095758479949,0.0029778019095444558,-0.07880234411341393,0.9150934712840807,inf,green,False
94.9,3219.04911668,FOLLOW,5.236184517823736,5.158675674840217,0.40460856699088416,0.09252590569228224,0.09298625473560128,-0.006876589810414128,0.003495038653739072,-0.07310170242333495,0.916499071195476,inf,green,False
95.1,3219.248853005,FOLLOW,5.25197645315739,5.174463468268929,0.4042469432043198,0.09299026945217218,0.08927156553901026,-0.009187714303666347,0.0041985124684599945,-0.09719032479558774,0.9246866388614815,inf,green,False
95.2,3219.349136114,FOLLOW,5.261339889230522,5.183824238930927,0.4040235513708263,0.08927261862509842,0.09010922617564383,-0.008569178939897957,0.004445613123572528,-0.0935836158256737,0.9265924515630777,inf,green,False
95.4,3219.599218908,FOLLOW,5.279712212153439,5.202190734528111,0.40356094429166167,0.09040016751913146,0.09108123568946495,-0.007329096999125291,0.005073903526445021,-0.08793219745611368,0.9258639057703926,2.9227405138168585,green,False
95.6,3219.799430145,FOLLOW,5.298302905260771,5.220774741241502,0.40306244537331404,0.09141821645912321,0.09213671150276005,-0.00611603410503847,0.005671598332420959,-0.08243987697882776,0.926050495054694,2.8924682606171155,green,False
95.7,3219.949174994,FOLLOW,5.307675800334018,5.2301439862424655,0.4028008974375842,0.09214160900098033,0.09055434267826898,-0.006692618735965937,0.006016945810594719,-0.08977220161214568,0.9239791620640935,2.8591280280574844,green,False
95.9,3220.150080195,FOLLOW,5.323142719956159,5.245604498636696,0.4023557738015302,0.09079980813985501,0.09197928960024881,-0.005316795238252042,0.006613379474354256,-0.0829230871889785,0.925394218566693,2.79255230462959,green,False
96.1,3220.400069498,FOLLOW,5.34498829204873,5.2674402153420505,0.4016997036149328,0.09306673071605748,0.1029634982362225,0.00498204793877523,0.006939549125979556,-0.013598032702856675,0.8871979231397017,2.753032550328545,green,False
96.2,3220.499347176,FOLLOW,5.351400832468515,5.273849713754732,0.40150220817240434,0.09563508790869342,0.1029634982362225,0.00498204793877523,0.006939549125979556,-0.013598032702856675,0.8871979231397017,2.7518684892585688,green,False
96.4,3220.749311235,FOLLOW,5.372647526939377,5.295086554209279,0.40085522644000576,0.10544557980988851,0.10440758930014894,0.006076750028676702,0.00719725459124594,-0.008688262856507959,0.8889615895856999,2.7620593797300788,green,False
96.6,3220.999287263,FOLLOW,5.39393646190806,5.316365956822009,0.40021830933653885,0.0801546453848862,0.08015593882898295,-0.009487439204420354,0.006289223455570883,-0.12128126849184069,0.8704956139568046,2.7601090418269467,green,False
96.7,3221.101614266,FOLLOW,5.399386975777821,5.321813798553444,0.4000476601963333,0.08015458820915557,0.08074706339611556,-0.009155301425275182,0.0065507442490792475,-0.11967997207914628,0.874221492732633,2.6987604048969134,green,False
96.9,3221.348813424,FOLLOW,5.419116125577871,5.341532327337207,0.3994005166705562,0.08603350430580035,0.09809765423257365,-0.012358071490123785,-0.005707436415135958,-0.04701880890339399,0.9135728448179595,2.6617887302876935,green,False
97.1,3221.549019843,FOLLOW,5.435541951404991,5.35794806291369,0.398824939690028,0.09775766647842524,0.10040061680544046,-0.01299132225421108,-0.007956323687929534,-0.03435999200386448,0.9085418981832121,2.2491520867842048,green,False
97.2,3221.70032916,FOLLOW,5.449102530926955,5.371499389777682,0.3983241271509526,0.10039454100279105,0.08391484214163024,-0.01059136576911984,-0.001221071643135032,-0.07697153066808284,0.833853972959665,2.231231732989923,green,False
97.4,3221.899453563,FOLLOW,5.463672898366387,5.386058825106616,0.39775986330740254,0.08391215354599516,0.11220467514976398,-0.013189245532637521,-0.009295945134510276,-0.017424606169905304,0.9757706736419249,2.226126578130728,green,False
97.6,3222.149294655,FOLLOW,5.48612480720961,5.408491923606707,0.39684115422453714,0.11102956972376427,0.10984687454699299,-0.012445695223197769,-0.007669172428284608,-0.025394261677662188,0.9735047936566015,2.386719909205808,green,False
97.7,3222.248861467,FOLLOW,5.497330207129801,5.419687030235254,0.39636098770240313,0.10984170361235208,0.10858534951034345,-0.012160877513387503,-0.006555553617417975,-0.031929279156224,0.9771081612693601,2.3588102952943095,green,False
97.9,3222.499567992,FOLLOW,5.519497669205071,5.441832295741913,0.3953693507245762,0.10816853642402981,0.10687441976339947,-0.011799527962705718,-0.0049804631260144646,-0.04134312469060529,0.9826727159973773,2.2930287043264235,green,False
98.1,3222.749454695,FOLLOW,5.541331802747838,5.463642102762203,0.3943390694920526,0.10646914464287656,0.10647436699920866,-0.011724420929478375,-0.004757955675118398,-0.04262773806256456,0.9818439213854812,2.2227846412076633,green,False
98.2,3222.849091012,FOLLOW,5.552191637806231,5.474488896402102,0.39380702375474713,0.10646879689964905,0.1064448067859111,-0.012235493538678673,-0.004386413101019978,-0.04836059124926436,0.994284510540517,2.200076166420482,green,False
98.4,3223.049672756,FOLLOW,5.570286188635575,5.492560235906773,0.39289086635851916,0.1064379871941547,0.10667511772637642,-0.012293933040344379,-0.004369956322275227,-0.048672244973744505,0.9971284281902457,2.1524884452925175,green,False
98.6,3223.250765612,FOLLOW,5.592051811874964,5.514295344710068,0.3917388431903201,0.1068408347558107,0.10724061762510208,-0.012437886882451848,-0.0047995960017089175,-0.046310199808991495,0.9971371141645616,2.0942577780750704,green,False
98.7,3223.349113945,FOLLOW,5.602962391123232,5.525189516553106,0.39114072514910625,0.10723286455246284,0.10724061762510208,-0.012437886882451848,-0.0047995960017089175,-0.046310199808991495,0.9971371141645616,2.0941301836510404,green,False
98.9,3223.599423498,FOLLOW,5.624865467606989,5.54705731404053,0.38989817269063765,0.10750669908192621,0.10791472795547367,-0.01270310213513881,-0.005392870678019085,-0.04353294905496526,0.9971611986782406,2.0668045046689185,green,False
99.1,3223.849596203,FOLLOW,5.6468778750479425,5.5690309627142485,0.38859257688976934,0.1079065738558251,0.1081060675767465,-0.01280602306044984,-0.005583546127811956,-0.0427662658204396,0.9972024969476697,2.036851237529251,green,False
99.2,3223.949339132,FOLLOW,5.657903604461983,5.580035982114456,0.38791712024919317,0.10809786726598351,0.10839983202435334,-0.012872311126947986,-0.005806053578708025,-0.04148166742569,0.9970112206411713,2.0368138637893765,green,False
99.4,3224.199031458,FOLLOW,5.679884617144719,5.601973362529109,0.38653289923259987,0.1066408953245005,0.10934422582038832,-0.012463799924720268,-0.006007152420026892,-0.03692729871196468,0.9953224420302776,1.99804682137039,green,False
99.6,3224.451715765,FOLLOW,5.702127254463715,5.62416848118211,0.3850798236350099,0.1093607132509136,0.1107842760747251,-0.009238816499678395,-0.0037768006572118417,-0.031122501809078676,0.9950332138008989,2.1396698253233812,green,False
99.7,3224.599351093,FOLLOW,5.713341636199471,5.635357721661715,0.3843293261579559,0.10995250531769539,0.11256761418043329,-0.005484406888807625,-0.0011528099997248275,-0.025199893282230598,0.9971611986782406,2.118656863039968,green,False
99.9,3224.79930062,FOLLOW,5.732525455375221,5.654497341609296,0.3830278461826695,0.11459244637724918,0.1165155653975145,0.004148910807327765,0.005165005638388558,-0.010395911111046962,0.996198158748578,2.079783156797293,green,False
100.1,3225.048924615,FOLLOW,5.756272242729462,5.678189447691917,0.3814172631702018,0.11844325779367218,0.11880446494658226,0.012407673168481303,0.010225718509578938,0.0023630015980153326,0.9958858566490215,2.0920611079223135,green,False
100.2,3225.149158331,FOLLOW,5.768338946814462,5.690229222029592,0.3806115510406127,0.11800124456928042,0.11707928950189607,0.01602290701798248,0.012535542061859724,0.008894486341030438,0.9973557487927208,1.9288320834186188,green,False
100.4,3225.399764334,FOLLOW,5.792031122901612,5.713871674383482,0.3790775517992214,0.11493587952087622,0.11487322218133614,0.021741614658290515,0.01669792433301181,0.016666148850770852,0.9971621477578391,1.918082253194081,green,False
100.6,3225.648854683,FOLLOW,5.819032583356425,5.740823774314914,0.37744615957284394,0.11229274869751991,0.11165207018734129,0.029083457074532235,0.02225129189435687,0.028084780426018235,0.9957614989637162,1.8872953374108437,green,False
100.7,3225.79917765,FOLLOW,5.830391696033893,5.7521649204894985,0.376807592272152,0.11087363222665385,0.11201517488519107,0.029751963559061022,0.022966189307789344,0.02681497732467652,0.9960365485133855,1.9032567809288354,green,False
100.9,3225.999030691,FOLLOW,5.849256694902743,5.771004076002036,0.37582083353467755,0.1098640420065282,0.11063669098063737,0.032612989455011114,0.025101011349959186,0.03250501408343181,0.9968942414734348,1.8529050419194095,green,False
101.1,3226.249053598,FOLLOW,5.8715639836301605,5.793287310103081,0.37478609127873314,0.10800350848816148,0.10907311448697783,0.03649258907743937,0.028278591014332527,0.03858610740888627,0.996624014704321,1.8256465585661943,green,False
101.2,3226.348959443,FOLLOW,5.882608855412039,5.804322873877167,0.3743328763578286,0.10828562322456976,0.10913210332874629,0.03760013469968818,0.029349437922968645,0.03829600572749098,0.9965034372006109,1.822693439294011,green,False
101.4,3226.598970857,FOLLOW,5.904836735653429,5.826536746235245,0.3735452981991092,0.1102248236189062,0.11168855248770541,0.03579903682707037,0.028247166474275012,0.0291691701515994,0.9986100705537893,1.9450570105119112,green,False
101.6,3226.799045714,FOLLOW,5.923688554665367,5.8453807681719105,0.3730040968298762,0.11158688035231878,0.11306925759392804,0.034043045337292896,0.02703572056619094,0.02392852315991471,0.9986100705537893,1.776825734932817,green,False
101.7,3226.948919262,FOLLOW,5.938910652862221,5.860598677480894,0.37264755113749914,0.1122806066280544,0.11346995667378666,0.03278284127380205,0.026241650626003497,0.020899385989365613,0.9949882310882652,2.068458767353133,green,False
101.9,3227.149031497,FOLLOW,5.958139333516109,5.879824079299988,0.37229369832963055,0.11378352385796732,0.1159367000153893,0.03038578771412989,0.02461282875002278,0.01344357205457169,0.9986100705537891,2.054033375581516,green,False
102.1,3227.399437809,FOLLOW,5.985569914825357,5.9072525896104375,0.3719611672357175,0.11588240814359112,0.11742602094109467,0.028481243464012113,0.023401382841938708,0.00819984363284377,0.9986100705537893,2.0273960011871277,green,False
102.2,3227.499398561,FOLLOW,5.997465284705468,5.919147646195414,0.3718752050215414,0.11663082029542043,0.11593105099031469,0.026928326470807628,0.021971588015073748,0.010741135411501568,0.9920344065252196,2.014192180205873,green,False
102.4,3227.749808347,FOLLOW,6.017031995718557,5.938714219872243,0.3718062103715161,0.11425047382555287,0.07,0.01554026802446804,0.0205417931882088,0.013282288456670462,0.9830090560371549,1.9919551715490393,green,False
102.6,3227.949290882,FOLLOW,6.033832048372598,5.9555142693846586,0.37180245596892647,0.10316221644665445,0.07,0.015516304755952308,0.019556905064801067,0.019613659105037512,0.9748824418972629,1.9742870097683034,green,False
102.7,3228.048601909,FOLLOW,6.042666725704853,5.964348936989521,0.3718144825613243,0.0691890715988358,0.07,0.015516304755952308,0.019556905064801067,0.019613659105037512,0.9748824418972629,1.9616213363434798,green,False
102.9,3228.299418649,FOLLOW,6.060924177728787,5.982606196211514,0.37189576182139034,0.10932834405789908,0.10963946119398986,0.023452610869968738,0.01799780404403778,0.024732607110832652,0.9701552957322974,1.9374697022170007,green,False
103.1,3228.499421289,FOLLOW,6.083011431585031,6.004692583701257,0.3720891932395241,0.10708985414620563,0.10656258710517114,0.022217132198963166,0.015815763971432334,0.03558770300142655,0.967028177979811,1.92095382270863,green,False
103.2,3228.599348688,FOLLOW,6.090250141372639,6.011930786664651,0.37217480794780594,0.1057624210002911,0.10656258710517114,0.022217132198963166,0.015815763971432334,0.03558770300142655,0.967028177979811,1.9105563720527705,green,False
103.4,3228.849282332,FOLLOW,6.115254978147585,6.036932731235255,0.37255334976590104,0.10452546224099708,0.10380577870572703,0.021234011829918013,0.013587748355501224,0.04774718187501266,0.9683071849548017,1.8773902872138084,green,False
103.6,3229.099920665,FOLLOW,6.136190046767544,6.057863680808374,0.3729678595847076,0.10221101651823694,0.10232981404278482,0.02127034870561459,0.012470239236989993,0.05741612307114464,0.9751522252925378,1.8570349386204774,green,False
103.7,3229.199066925,FOLLOW,6.146546939100637,6.068217840519454,0.3732056823757791,0.10152954859040822,0.10123826318843068,0.02098739878486755,0.011539991327801813,0.06322035390438795,0.9769921688085507,1.84911782407975,green,False
103.9,3229.399042702,FOLLOW,6.167018626503832,6.088682531604334,0.37374029433207817,0.10024905437712439,0.10163807445971439,0.02124553709444514,0.01117294474303919,0.06682366965639372,0.988480393668618,1.8282936538838461,green,False
104.1,3229.598953207,FOLLOW,6.184169745065438,6.1058259513932605,0.37425385293506197,0.10173504672954538,0.10253583289895728,0.020684611563626096,0.010623261427907482,0.06553410549052682,0.9944568176946293,1.820905089517765,green,False
104.2,3229.749773287,FOLLOW,6.1945552089068,6.116205859150404,0.37459346905999763,0.10199714015978785,0.10301886620982065,0.020840102023400878,0.01076675288133194,0.0649626504558307,0.9979151058306839,1.8003397950059534,green,False
104.4,3229.999536089,FOLLOW,6.215392060919726,6.137029276888521,0.3753411565036497,0.10221570085257427,0.10318491641788838,0.020858911779433935,0.010927569131916753,0.06379808427622195,0.9970201366837232,1.7821819199544597,green,False
104.6,3230.250698673,FOLLOW,6.2362777435328,6.157898106749279,0.37617962806247307,0.10238196725888273,0.10428474216200874,0.02060189663747631,0.011193580520766112,0.058921498355921344,0.9970522943468746,1.750691755925232,green,False
104.7,3230.349551143,FOLLOW,6.243313057077796,6.164926918610314,0.37648200926603514,0.1034815430408088,0.1057744372942835,0.020113439350939972,0.011436040495180776,0.05230180198725203,0.9967076790081671,1.7422921301274663,green,False
104.9,3230.602630766,FOLLOW,6.264628328956902,6.1862198345991875,0.37745767009178993,0.10510620140521111,0.10664253940452396,0.019623162472013067,0.011451719874319692,0.04803777244231759,0.9954142875498959,1.7239934586274825,green,False
105.1,3230.900107161,FOLLOW,6.289805765484426,6.211365518199542,0.37872130206811294,0.10641718373971326,0.10714509282327464,0.019352085087547037,0.011295441495732835,0.04678050404521042,0.997298720365698,1.7099113569259643,green,False
105.2,3230.998963729,FOLLOW,6.3006578451184385,6.222202048537034,0.3793019983261197,0.10634137812733618,0.10714509282327464,0.019352085087547037,0.011295441495732835,0.04678050404521042,0.997298720365698,1.6949162349736584,green,False
105.4,3231.249258276,FOLLOW,6.318833305798536,6.240348830969583,0.38032247696715654,0.10780190616938708,0.10949945998745757,0.018308410972013425,0.011392764598701604,0.03705207830523003,0.9970201366837231,1.6714740111252198,green,False
105.6,3231.501347089,FOLLOW,6.341006935873241,6.262483006299524,0.3816444456819168,0.10865595863618373,0.10946188847858306,0.017721942238226155,0.01083868343585394,0.037153292775554424,0.9969088537883982,1.6538368161681678,green,False
105.7,3231.649170587,FOLLOW,6.352089832775491,6.273544327449585,0.38233563895057304,0.10865574180781558,0.1105556755070655,0.01738263160850746,0.01094785789524438,0.03326518390104346,0.9979151058306839,1.64283690799398,green,False
105.9,3231.849564013,FOLLOW,6.374394516899092,6.295801765267675,0.3837864615829063,0.10850926954752191,0.10786865968693278,0.017527430169508824,0.010608483160651388,0.03908368241088972,0.9867368398346985,1.607567123745549,green,False
106.1,3232.149692625,FOLLOW,6.396039593281408,6.317395839322631,0.38527132269785763,0.10510129874288451,0.10274133638772001,0.017521795550372,0.009437314726021311,0.052323160678299584,0.9681726251501231,1.5989674160805514,green,False
106.2,3232.249282291,FOLLOW,6.403082927392974,6.324421411037277,0.38577121579017604,0.10193386120751022,0.10269336000619801,0.017246799001248866,0.009409783990460725,0.05074945704281016,0.9643536721811582,1.5790832707212024,green,False
106.4,3232.550057402,FOLLOW,6.430542643531911,6.351806100513358,0.3877993625738697,0.09870708549422812,0.09944319760326653,0.01860558751175464,0.009797158025721888,0.06112488354834675,0.9553277690516983,1.543932824875227,green,False
106.6,3232.699474453,FOLLOW,6.443968783397566,6.365191065529278,0.3888499816089658,0.09982217402182564,0.0998421995191311,0.015047149220491034,0.006706472715317687,0.05707415825102814,0.9507351938153763,1.7295119597785895,green,False
106.7,3232.849381716,FOLLOW,6.457567875730561,6.378745961805159,0.3899454492927754,0.1003909909264096,0.10149910145844458,0.004781359267731222,-0.0027952940961988373,0.050393663307408895,0.9523865026724838,1.9000640504253365,green,False
106.9,3233.101021347,FOLLOW,6.478311982815073,6.399420438863986,0.39164366997129646,0.10264665880822935,0.1033438895978555,-0.0016421754581345419,-0.008088236527779909,0.04316858632283659,0.9541409470455192,2.2762815974519732,green,False
107.1,3233.399392139,FOLLOW,6.503010074706262,6.42403556388303,0.3936663767984647,0.10436915613054167,0.10509206825688704,-0.0071120425709997395,-0.012378729883374762,0.03681740583080679,0.9563759297784888,2.831397427218506,green,False
107.2,3233.49944724,FOLLOW,6.51015481360737,6.431156667924131,0.3942470405765623,0.10508281421166166,0.10602101688371025,-0.010572767700391547,-0.014979848871603911,0.032507040563954794,0.9553090885407209,2.831397427218506,green,False
107.4,3233.70594068,FOLLOW,6.528043466639559,6.448987508424009,0.39568404755519826,0.10296179939665207,0.09720196728357221,-0.017843626110910803,-0.023680538492605454,0.0337337739762051,0.8783286689128207,2.8007297741338486,green,False
107.6,3233.949115575,FOLLOW,6.5478550115120315,6.468737375609574,0.3972459934818545,0.09827887846845985,0.09830819246578504,-0.020784335517423248,-0.026157526736320547,0.031340227122312485,0.8834224597119943,2.7894969418825255,green,False
107.7,3234.048671428,FOLLOW,6.55787940462039,6.478732825767265,0.3980071767115868,0.09827798850311628,0.09902269565951957,-0.025411587323870014,-0.0302261569777787,0.027698122149044387,0.8823296038273511,2.770959566904777,green,False
107.9,3234.299319151,FOLLOW,6.578042232770361,6.4988429077329535,0.3994643361074506,0.09923789172917503,0.09928008886365769,-0.028612619204574242,-0.03380813991944569,0.03001796053297205,0.8894212778058815,2.735400238783935,green,False
108.1,3234.549070546,FOLLOW,6.598182131794201,6.518938022309133,0.4008062583468632,0.09819366057521174,0.07798754978138854,-0.02573055715739468,-0.0404182396028067,0.04547873232480277,0.7237873919527171,2.724570185945782,green,False
108.2,3234.649235231,FOLLOW,6.606101503229433,6.526841757110714,0.4013036494113503,0.07797127098926378,0.0764593071199957,-0.0240898777601896,-0.040589177921930744,0.056782898572001035,0.7276104985224681,2.7186277613057372,green,False
108.4,3234.852230538,FOLLOW,6.6190992027816105,6.5398163761561845,0.40207775155970454,0.07566831508991118,0.0954302638275394,-0.026767193265604165,-0.03669678309990615,0.054500588289558505,0.9036064802134256,2.7186690297990377,green,False
108.6,3235.108844809,FOLLOW,6.637202206813571,6.557891752075953,0.403077253071754,0.09529663525594653,0.09375076550003623,-0.02356153735013226,-0.03568313790042888,0.06759681497488952,0.913282486443223,2.6596058182198647,green,False
108.7,3235.252621636,FOLLOW,6.6500584735191115,6.5707311374338015,0.40373576442374703,0.09373655137802678,0.09294011272958101,-0.021138930408502225,-0.03384146511218716,0.0715566051602015,0.9130525842076594,2.6175263198113647,green,False
108.9,3235.499015255,FOLLOW,6.669058329157335,6.589709622123558,0.4046363726331429,0.09335288156618837,0.09336246362307817,-0.020091096878192674,-0.03232034716360277,0.06975712430843664,0.9137017172901715,2.578914485535041,green,False
109.1,3235.700957915,FOLLOW,6.684876949521639,6.6055131246260075,0.40532765528298337,0.09284319079637117,0.09234025246274447,-0.016153577703046214,-0.02920237394126631,0.07626936963482644,0.9162257048406675,2.562549786505283,green,False
109.2,3235.809733876,FOLLOW,6.694295896525692,6.614923992623455,0.40571766659274194,0.09233635942620062,0.09177831993958181,-0.01415782038542604,-0.027295846627013946,0.07756443163144257,0.9131262749590643,2.5645574942893687,green,False
109.4,3236.049056538,FOLLOW,6.713029971473569,6.633643724883469,0.40645043907004286,0.09152705550875319,0.09152620898581283,-0.012821981605357906,-0.026059896792814254,0.07891299190676632,0.913189387151658,2.512102617202972,green,False
109.6,3236.299443691,FOLLOW,6.734783185881872,6.655382635391233,0.40723896939677035,0.09130267274440107,0.09190488569166434,-0.009839708318836134,-0.02263225152997749,0.0784103741343962,0.9160052239276678,2.4964475431322315,green,False
109.7,3236.399467035,FOLLOW,6.741032245010989,6.6616279783258925,0.40745444693736266,0.0919100479586877,0.0914070587092112,-0.008885911618487384,-0.022026528575935452,0.08101592338073255,0.9160052239276678,2.4817827541435165,green,False
109.9,3236.649159612,FOLLOW,6.7596254137838745,6.680210838267577,0.40807345608676593,0.09069184525544241,0.09153459866066754,-0.0054732485462773445,-0.017968656432941037,0.07925620419790272,0.9139275897268739,2.469718891790907,green,False
110.1,3236.899288333,FOLLOW,6.778228135672853,6.698804047625628,0.4086682614777609,0.09134516762278667,0.09055036109032502,-0.0036281331081003073,-0.01675721052485696,0.08446548173486133,0.9139275897268739,2.450071016835359,green,False
110.2,3236.999573698,FOLLOW,6.7843874489060925,6.70496033316509,0.4088613617765801,0.09056330119820401,0.09098040980405071,-0.0026545191829739205,-0.015456406164646611,0.08315530518468767,0.9157847430146682,2.4350379655817656,green,False
110.4,3237.249614046,FOLLOW,6.802940697716215,6.723504710969521,0.40943502085319694,0.09129852860227863,0.09920934379519418,-0.0014112898027576367,-0.013774616085863774,0.08204396743155751,0.9963180351940996,2.421876695962778,green,False
110.6,3237.600875244,FOLLOW,6.82599925984359,6.746552548177088,0.41013821690669594,0.09971399759952501,0.09953776078450648,0.0008234504058263656,-0.011317748371139792,0.08085909110237309,0.9971591079417337,2.396694174815625,green,False
110.7,3237.699464745,FOLLOW,6.832774629016468,6.753324781047006,0.4103443464351223,0.09955586546310728,0.09953776078450648,0.0008234504058263656,-0.011317748371139792,0.08085909110237309,0.9971591079417337,2.3949778393729813,green,False
110.9,3237.950119681,FOLLOW,6.856519817176301,6.777058855520464,0.4110707508128978,0.09993382234470455,0.09966594957008483,0.0029217086902831573,-0.008992683652189089,0.07957135520088697,0.9957694688064342,2.3774128957798646,green,False
111.1,3238.149329287,FOLLOW,6.8734820302156185,6.794012903875256,0.4115969731545393,0.0998924939131775,0.09987056656290667,0.0034074714337547045,-0.008408369307724248,0.07892311749350783,0.9964650642531281,2.3447449144393775,green,False
111.2,3238.300388877,FOLLOW,6.883671076548648,6.80419690637669,0.411917530919331,0.09989270989041141,0.10037501251737362,0.0045471573732967065,-0.006927991772456392,0.07661815021494915,0.9966781832048538,2.356064396635378,green,False
111.4,3238.549510611,FOLLOW,6.900786323685542,6.821303403791837,0.41246472238686194,0.10119533770955609,0.1006162949327616,0.00580011285525011,-0.005538318692311309,0.07569472704726515,0.9971383532197325,2.3380619184315012,green,False
111.6,3238.80048522,FOLLOW,6.92358979512631,6.844094531484949,0.4132148972076722,0.06600754839343842,0.10155800480591497,0.007476325647647017,-0.003234662582937805,0.07114876871496004,0.9968526857803091,2.245622230059251,green,False
111.7,3238.949002976,FOLLOW,6.932687140190032,6.853186923485572,0.41351505348161177,0.10129165366298717,0.10155800480591497,0.007476325647647017,-0.003234662582937805,0.07114876871496004,0.9968526857803091,2.2506990889972425,green,False
111.9,3239.199180967,FOLLOW,6.951288739848392,6.87177759821149,0.41415245605050416,0.07089251400315669,0.10421998339074727,0.001397196393837933,-0.007521147437519776,0.05912128695950144,0.9968669354428698,2.2991044365736637,green,False
112.1,3239.399473113,FOLLOW,6.966472971401332,6.886952907000082,0.4146729228645554,0.06603730306326486,0.07,-0.0018440324308596852,-0.010405510934224807,0.05154201646719036,0.994179764565556,2.214652938753889,green,False
112.2,3239.548896192,FOLLOW,6.97684312690235,6.897317192902036,0.41502177571177357,0.09382985083909133,0.09869517428287419,-0.008213915589484791,-0.015114943730614285,0.044540161166360524,0.9140410142093945,2.2554047746391395,green,False
112.4,3239.748994375,FOLLOW,6.993757354655232,6.914222583492323,0.41556842397396665,0.09954129084570604,0.10168996045364512,-0.013471090989962284,-0.01814355850082447,0.031448379823597994,0.9140410142093945,2.194763759517868,green,False
112.6,3240.000563004,FOLLOW,7.014579334150253,6.93503493867758,0.4162012286497485,0.10270274606387264,0.10384398296798991,-0.018966269870726495,-0.02186725467720297,0.02228577499749477,0.9135799338846722,2.1592024444285856,green,False
112.7,3240.099437108,FOLLOW,7.025119432423115,6.945570841176562,0.4164985655083666,0.1046732664317834,0.10384398296798991,-0.018966269870726495,-0.02186725467720297,0.02228577499749477,0.9135799338846722,2.1483812757053853,green,False
112.9,3240.349801879,FOLLOW,7.0467370056196685,6.967181553175389,0.41704239880748795,0.1066343487532691,0.10790138783631054,-0.028734270701942035,-0.028038346595865245,0.006518882801891706,0.913832325749804,2.1395769641557156,green,False
113.1,3240.600314353,FOLLOW,7.0690059280328095,6.9894460882638425,0.41748280449758934,0.1101207474346449,0.10960324310951416,-0.0324729766539049,-0.03017594559695537,0.0002889396224503303,0.9140201242393555,2.119057753999432,green,False
113.2,3240.699031919,FOLLOW,7.076513478236439,6.996952719000683,0.41760022732854096,0.11041032122917963,0.10825445856569568,-0.035772728618641336,-0.03294377147820314,-0.004675733745245543,0.9126656760680664,2.094431554063022,green,False
113.4,3240.948997408,FOLLOW,7.100459912135288,7.02089767098723,0.41786193239445063,0.08550865296021903,0.08449319384286709,-0.03180464207094046,-0.036115601780147374,-0.015158532526120743,0.7307931325885366,2.0343494265968824,green,False
113.6,3241.305266764,FOLLOW,7.117817091839033,7.038254671094464,0.4179343752544095,0.08405571204957904,0.08323316477760995,-0.03090027209001819,-0.03491645806056387,-0.019587868036476542,0.7275755449784608,1.9675320564965926,green,False
113.7,3241.449285612,FOLLOW,7.1235328802283595,7.043970458707261,0.4179341529025701,0.0840557165218882,0.10555237103977837,-0.03715024761247624,-0.033775021296628266,-0.013914378137289136,0.9102009170801306,inf,green,False
113.7,3241.60443895,OBSTACLE_WAIT,7.130753012104845,7.0511905693428165,0.4179172262173173,0.10636628579187081,0.0,0.0,-0.03225390334804387,-0.015722475600498564,0.9109135639131116,0.10154822404287919,green,False
113.9,3241.808787866,OBSTACLE_WAIT,7.14188559173687,7.0623229643931955,0.4178546168423152,0.03904032808661964,0.0,0.0,-0.031612918369422496,-0.011572229435378025,0.9062615394006479,1.9334131200461488,green,False
114.1,3242.100752389,OBSTACLE_WAIT,7.142245805320929,7.062683162225242,0.41785125065909345,0.0008621345335774793,0.0,0.0,-0.029141143401716467,-0.016281626642156186,0.9028616157608721,1.9134341785390827,green,False
114.2,3242.202548443,OBSTACLE_WAIT,7.142304430482384,7.062741784586089,0.41785067762826644,0.0008621349136376233,0.0,0.0,-0.029141143401716467,-0.016281626642156186,0.9028616157608721,1.92898789952882,green,False
114.4,3242.449357702,OBSTACLE_WAIT,7.142480306119966,7.062917651815471,0.41784895788286736,0.0008621360338339557,0.0,0.0,-0.029141143401716467,-0.016281626642156186,0.9028616157608721,1.9353629230198517,green,False
114.6,3242.701587345,FOLLOW,7.1426854946493945,7.063122830523221,0.4178469502736413,0.0008621373122196554,0.10410586195238326,-0.0323152652964034,-0.029141143401716467,-0.016281626642156186,0.9028616157608721,1.9121287616701037,green,False
114.7,3242.798793553,FOLLOW,7.143824767377667,7.064262047838483,0.41783571382406054,0.0339982073403413,0.10410586195238326,-0.0323152652964034,-0.029141143401716467,-0.016281626642156186,0.9028616157608721,2.0727455812411035,green,False
114.9,3243.002819563,FOLLOW,7.160172018729513,7.080608252321638,0.417651651071991,0.1049262911405442,0.10291152803848307,-0.03142824858072492,-0.028190486382594776,-0.019182536710646403,0.8987232370820865,1.8946290422002707,green,False
115.1,3243.249491639,FOLLOW,7.184913844528486,7.105346336133499,0.4172245631397742,0.10284097343862739,0.1023038723806277,-0.02863257746579229,-0.025333302049220706,-0.020780968052517182,0.8968233844967021,1.8551700234103858,green,False
115.2,3243.399011068,FOLLOW,7.195422794723578,7.11585264773927,0.4169892306896582,0.1031284840400177,0.10141696804681367,-0.02673892297075122,-0.02355660848768299,-0.021549342955548504,0.8906720050974617,1.7914197250738064,green,False
115.4,3243.649141442,FOLLOW,7.216197598431714,7.136620091866914,0.4164372127499996,0.10053439095239737,0.09816685234954899,-0.024906048488657212,-0.020775161479476646,-0.03330353026345919,0.8861675766231527,1.7515425682793626,green,False
115.6,3243.899026761,FOLLOW,7.236431258338338,7.156843526529036,0.41579466962681416,0.09883983612761699,0.09914291623905395,-0.02377047532894574,-0.019159471802756955,-0.034567942190088144,0.8975902727652072,1.7943685088265204,green,False
115.7,3243.999258507,FOLLOW,7.243227929667418,7.163636027602162,0.4155566297149296,0.09997275255403434,0.09797074181102515,-0.0232488626988186,-0.018244076808214625,-0.038992616216810695,0.8960090054234087,1.691636190504456,green,False
115.9,3244.19921284,FOLLOW,7.260426776063315,7.180822879703084,0.41491451438378907,0.06869025817612046,0.06717130746734208,-0.0009190760739676685,-0.03190909682801788,0.20075049685279275,0.8406915903178638,1.6593084271196952,green,False
116.1,3244.448863567,FOLLOW,7.274321191359624,7.194707308100698,0.4143878038896689,0.06781679461397541,0.06631398403376022,-0.0007034002964995565,-0.031564628857892324,0.20053877726497235,0.8296691434834014,1.6530131898977758,green,False
116.2,3244.599343872,FOLLOW,7.283501313249952,7.203880783314915,0.4140385327167897,0.06717322304877767,0.06433278129253375,-0.00036149074926581645,-0.03247388243434347,0.20957642610438398,0.8169947271178688,1.6595931172501626,green,False
116.4,3244.79964679,FOLLOW,7.296963827401893,7.217333470334139,0.4135242411637716,0.09938261854074415,0.0983241528918035,-0.019666078973465857,-0.019005581162069872,-0.008579025628356942,0.8369413871722224,1.754297670401927,green,False
116.6,3245.0494532,FOLLOW,7.314269107218183,7.234624628608751,0.41282543337483957,0.04195755286053142,0.0642145856804301,0.008870740267086619,0.02882849817416159,-0.09853365793722617,0.6669402560872552,1.7203352960004998,green,False
116.7,3245.148860801,FOLLOW,7.32084132369397,7.241191194098197,0.4125529547231038,0.06508745353138293,0.06363665213265844,0.008710216405699002,0.028898507261918727,-0.09984571019588603,0.6626772412445251,1.6152368990536032,green,False
116.9,3245.399344905,FOLLOW,7.334041302174141,7.254380537428306,0.41202322824538107,0.0645096360844537,0.06280961635768002,0.008341618147235516,0.02882581147855429,-0.10209034016364896,0.6570021175536637,1.5944016892091943,green,False
117.1,3245.602106391,FOLLOW,7.345817516604386,7.2661480266096445,0.41157001733094,0.09209947862961855,0.0738883423514968,-0.013648171659381137,-0.02117656112656302,0.016277941231289197,0.64079347989737,1.5819590209423495,green,False
117.2,3245.699384748,FOLLOW,7.354630447281157,7.274954804203687,0.41124075553996065,0.07354883892615031,0.0738883423514968,-0.013648171659381137,-0.02117656112656302,0.016277941231289197,0.64079347989737,1.6957940794633222,green,False
117.4,3245.948932817,FOLLOW,7.366834276167703,7.28714965004158,0.4107726299303694,0.03164234519586544,0.02982206445951715,0.015451886372842977,-0.043964764639262605,0.5747759391083831,0.6056214768682617,1.558653963944378,green,False
117.6,3246.149343661,FOLLOW,7.372080468476162,7.292392347021914,0.4105811948524966,0.031083290346183023,0.029780924888555396,0.015263166471652961,-0.04468386618979489,0.5753670840848827,0.6051527889562748,1.8642769886060568,green,False
117.7,3246.300094397,FOLLOW,7.375208662184811,7.295518684687316,0.41047345925650147,0.030663279936711817,0.02983745654931449,0.015009309642267047,-0.045289589143836934,0.5735191007950893,0.6051527889562748,1.8408807621002197,green,False
117.9,3246.501928004,FOLLOW,7.382632313679164,7.302938401167035,0.4102317993762533,0.04249086476903148,0.04129426225120874,-0.0032063348849827667,0.05084439401926821,-0.3730617320199389,0.6650627895501044,1.575993112503548,green,False
118.1,3246.699060799,FOLLOW,7.391119422317154,7.31142095609347,0.40995381972163397,0.06269123253214443,0.04801084983263336,-0.00747863594099045,0.024726776486221513,-0.26382293473016205,0.6639729840580788,1.5872359982605915,green,False
118.2,3246.852360883,FOLLOW,7.39864699157081,7.31894433142059,0.40970258300077805,0.04886180321280692,0.04786659945476407,-0.007439081254210948,0.024959052463011583,-0.2650403670038319,0.663192101429619,1.495020929748658,green,False
118.4,3247.055442517,FOLLOW,7.409188751808397,7.32947975740452,0.4093372276263317,0.05465883881188683,0.053622405780589175,-0.008405526036616762,0.02972096788017836,-0.2951963184950615,0.7766270643232063,1.4852439719905637,green,False
118.6,3247.300069713,FOLLOW,7.420427223353538,7.340710809259087,0.40892895463732243,0.05813069951069573,0.06999647355928988,-0.008787701293684188,0.017582086781414083,-0.19934139209699944,0.8739954980188668,1.5353489069464061,green,False
118.7,3247.39962382,FOLLOW,7.42736260799949,7.347641274326832,0.40866778249100244,0.07084482337366428,0.06999647355928988,-0.008787701293684188,0.017582086781414083,-0.19934139209699944,0.8739954980188668,1.5427364852402314,green,False
118.9,3247.649444107,FOLLOW,7.4382958161404265,7.358566112902844,0.40824014111302437,0.048435928385074815,0.05857140622265205,-0.015262245446523352,0.009406783697599577,-0.2347967585389731,0.7746028919418533,1.4699466838886748,green,False
119.1,3247.849924066,FOLLOW,7.448364723329778,7.368626196331796,0.407818762271081,0.06004123857693041,0.06270261411864116,-0.017374998755752772,0.00013851533985356074,-0.1865068021577976,0.7661564519512208,1.4340360935607823,green,False
119.2,3247.951582203,FOLLOW,7.454603325639277,7.3748587798584495,0.40754480247367786,0.06353826855745466,0.08075078970741507,-0.005325523068311768,-0.015738820274921062,0.06032605435213296,0.7744102585798586,1.4361142170596755,green,False
119.4,3248.199531914,FOLLOW,7.473117262253795,7.39335331940281,0.40669757504297954,0.08033009497331625,0.0648155631826837,0.011898376585905843,-0.00907509285710973,0.18256857202029755,0.7866564601672379,1.4194061515337304,green,False
119.6,3248.401236687,FOLLOW,7.484588641990664,7.4048123460691455,0.4061653974920703,0.06569130864352386,0.0641928896419681,0.011831374801629132,-0.009404590080752687,0.18517505402913834,0.7825849513442751,inf,green,False
119.7,3248.504811103,FOLLOW,7.491226420438154,7.411443479912926,0.40586847662552944,0.06506876815612184,0.05867891057774533,0.008037953574722997,-0.022178151876648358,0.23592806332126393,0.7774076241980671,1.3916578993717497,green,False
119.9,3248.749221904,FOLLOW,7.505733442439909,7.425937084462108,0.4052447455577459,0.058832648684504885,0.05796205494642792,0.007594853393990179,-0.0233416525004541,0.23945040352395128,0.772163738011891,1.612137595345797,green,False
120.1,3248.948885486,FOLLOW,7.515656662016909,7.435851802472434,0.4048340862760767,0.058055273652284314,0.06873617422301224,0.01188101442110812,-0.015346341113413667,0.2157483424818319,0.881753861382546,1.3984729830218123,green,False
120.2,3249.049442728,FOLLOW,7.519997944712089,7.440189560551289,0.4046591908081064,0.07012139402157858,0.056271051270446334,0.006764558742869508,-0.02592164489217301,0.24875367231304696,0.7605427324295377,1.3856086460068224,green,False
120.4,3249.299285483,FOLLOW,7.532730085811591,7.452912427708903,0.4041734252508725,0.0639814109589517,0.0631036687795521,0.012373846370490339,-0.016374023444403432,0.23722540116446067,0.8377345969374864,1.545122918581499,green,False
120.6,3249.549385146,FOLLOW,7.547881972360899,7.468054767358547,0.40363578014498014,0.06341937719332127,0.06227098446246377,0.011776177776350703,-0.01760221909921908,0.24048475056671836,0.830908665645523,1.3822392060754265,green,False
120.7,3249.656247326,FOLLOW,7.554323493892141,7.474492680546073,0.403420213247973,0.06314874503719174,0.06135581680798524,0.011161610157478059,-0.018937124309206244,0.2442700855480699,0.8235357779948408,1.5568285167397695,green,False
120.9,3249.848878565,FOLLOW,7.564935371078391,7.485099149717355,0.40308151434293377,0.062232910967139135,0.06766226960065776,0.01642070688680424,0.00026891343932594625,0.16110347272442874,0.7909486342780336,1.378493013671662,green,False
121.1,3250.099515331,FOLLOW,7.578953881017612,7.499111621980752,0.40267033007544817,0.06897657575189899,0.05566415773229672,0.01811548180842476,-0.013505391176375697,0.3014268050929383,0.8134235899240473,1.3829176923617772,green,False
121.2,3250.199378893,FOLLOW,7.584686574972705,7.504842262655222,0.40251695671393783,0.055575422609854964,0.041087292973023444,0.0031522644927477208,0.07864966526763206,-0.44143019633265507,0.7202518540222592,1.3939295544174743,green,False
121.4,3250.456133466,FOLLOW,7.592646162904935,7.512799449052002,0.4023214849447656,0.038277711739296304,0.056108494276798024,0.016361025519272487,-0.0043812879838485,0.22311328141742884,0.7283739163376384,1.391455005306731,green,False
121.6,3250.754016233,FOLLOW,7.610245583186046,7.530394645990861,0.40193632580582733,0.08732379170420376,0.0864310352057555,0.02232068289494841,0.0070188720356287385,0.12742363697134285,0.9497035611545364,1.4397299449736631,green,False
121.7,3250.900288137,FOLLOW,7.6191526007967685,7.5393000824285945,0.4017685915249996,0.08732369279677805,0.10023036124734057,0.021596633340231382,0.016322421825201546,0.036952719446729586,0.9124151857948659,1.4217175363102894,green,False
121.9,3251.208596984,FOLLOW,7.6359247898211,7.556069995183275,0.401492733713357,0.09324721028930999,0.05229301141975014,-0.02563687916174603,-0.030974567459591568,-0.12785103445031043,0.575060836925771,1.3949248256546403,green,False
122.1,3251.502430693,FOLLOW,7.647396619001025,7.567540311581854,0.4013071056450131,0.0531211581592147,0.05220929869977808,-0.025991053008371057,-0.03191504716160557,-0.12690389245687597,0.5731100564032663,1.401657187308568,green,False
122.2,3251.749271094,FOLLOW,7.652812217371538,7.572954817626045,0.4011984070434534,0.053036765079491656,0.0524445594711819,-0.0257835610041663,-0.03156580110925593,-0.12492393595768402,0.5735292620245759,1.3844626263755537,green,False
122.4,3252.050487575,FOLLOW,7.663690150240921,7.583829608448464,0.40093746922397494,0.053412616328944375,0.05303823740712578,-0.025680386677737654,-0.03143528838427458,-0.12064219915611202,0.5752905117293735,1.323058610101246,green,False
122.6,3252.309968465,FOLLOW,7.674627441821607,7.594762270941529,0.4006196712179667,0.05369501048761994,0.053632480400800646,-0.025247305456096783,-0.030929527191476736,-0.11469849447457545,0.5750949357756098,1.2417339367025337,green,False
122.7,3252.450233202,FOLLOW,7.681954573182921,7.602085348243125,0.40037605769144385,0.05385134475080519,0.05398487082747032,-0.025022080516051898,-0.030773012051028503,-0.11073419158761051,0.5744149866672841,1.2469204174727926,green,False
122.9,3252.698863383,FOLLOW,7.693022696982632,7.613145776418003,0.39996367429627444,0.05445543840189032,0.0544650537119719,-0.024770731403169738,-0.030570112335251684,-0.10607370113046426,0.5742360690476489,1.2266888492789907,green,False
123.1,3252.899731603,FOLLOW,7.702317633321189,7.622432586509412,0.3995752401845027,0.054829049134133716,0.05755080884125723,-0.023215286962757674,-0.028336702637817505,-0.08544753427968119,0.58203954682895,1.2485938809557942,green,False
123.2,3253.001164051,FOLLOW,7.708183547465529,7.628292550606274,0.3993111272547571,0.05754297372295678,0.06744100384807274,-0.023946652922393216,-0.021152125486802738,-0.09987802806974008,0.7023390836378826,1.1981552218384075,green,False
123.3,3253.199634347,OBSTACLE_WAIT,7.7181770906051455,7.6382745328211525,0.398830669022625,0.03944607623472683,0.0,0.0,-0.020547766446169693,0.39415262205228185,0.7538636930915585,0.10155107413014874,green,False
123.4,3253.251120855,OBSTACLE_WAIT,7.719719955264431,7.639815567570294,0.39875554739586283,0.04560976032374141,0.0,0.0,-0.018982164027336136,-0.07844323874115702,0.7084757612877195,0.10155107413014874,green,False
123.6,3253.458511449,OBSTACLE_WAIT,7.719959119870829,7.640054454673116,0.39874402954402055,1.4309014264272326e-05,0.0,0.0,-0.019209910565750603,-0.07743844875695303,0.7067759979091154,1.313575153651767,green,False
123.7,3253.599753026,OBSTACLE_WAIT,7.719960579306044,7.640055912435859,0.3987439596946292,1.4307580970221692e-05,0.0,0.0,-0.019209910565750603,-0.07743844875695303,0.7067759979091154,1.1885387132431062,green,False
123.9,3253.848964109,OBSTACLE_WAIT,7.719963497814201,7.640058827599712,0.398743820017978,1.4305258601840677e-05,0.0,0.0,-0.019081700994058613,-0.0782264511806393,0.7055258610809335,1.1757466634378204,green,False
124.1,3254.049399972,FOLLOW,7.719966415850509,7.640061742292564,0.39874368037029845,1.4302954814581866e-05,0.07081423716375106,-0.02146842480623743,-0.019081700994058613,-0.0782264511806393,0.7055258610809335,1.2272008824367073,green,False
124.2,3254.199359596,FOLLOW,7.726001441608369,7.646089883213133,0.39845549575844014,0.07105203691730338,0.07193846599929071,-0.021128574860816474,-0.01886060675509254,-0.07325452951144036,0.7092751016722725,1.17448247870808,green,False
124.4,3254.449149621,FOLLOW,7.7406530433179705,7.660722720559978,0.3977144188670364,0.07250660911972741,0.09132704175482838,-0.02117590790787769,-0.01579334136754429,-0.051605081996691296,0.8592449204209276,1.1649903898279708,green,False
124.6,3254.654888149,FOLLOW,7.7541901141762395,7.674239934824768,0.39698156080924474,0.053440261543047374,0.03507905520398503,0.0184036220354503,-0.022715077650451665,0.4721216500133685,0.6373584063626972,1.1403917132848698,green,False
124.7,3254.749293655,FOLLOW,7.757861504965219,7.677905800063288,0.3967802171469257,0.03512376063613657,0.03507905520398503,0.0184036220354503,-0.022715077650451665,0.4721216500133685,0.6373584063626972,1.100299999252072,green,False
124.9,3254.999290078,FOLLOW,7.767711433435728,7.687742442767299,0.3962688765413948,0.08029716274165634,0.0889433737149986,-0.012842958607836023,-0.006808371155344174,-0.052133147641548576,0.8377968233254353,1.1468915789764276,green,False
125.1,3255.199395734,FOLLOW,7.782235789991721,7.702246809363988,0.395507166911042,0.08894611416295432,0.05302813204427598,0.030323306312860194,0.0006828538828872605,0.3701591207801284,0.8508354073298363,1.0923374236067862,green,False
125.2,3255.299315398,FOLLOW,7.787531871851261,7.707535499251318,0.3952274687428519,0.05308935410789633,0.09456854689873768,-0.007671963989240858,-0.0036589108768864337,-0.030376193720366,0.8479177345821802,1.0810963693828544,green,False
125.4,3255.556828363,FOLLOW,7.809984712928685,7.729957892406331,0.39405860847355384,0.07115724245058436,0.10032188549610493,-0.0015188922379457065,-0.00010539687952123645,-0.009516812519878388,0.8559062244656066,1.0816014858729999,green,False
125.6,3255.799140995,FOLLOW,7.8286709924133495,7.748619226962997,0.39309342137392456,0.10033977446854817,0.06550124967219073,0.020547043338947798,-0.0019407421127821123,0.22202249595794063,0.84881772519709,1.1468196343613872,green,False
125.7,3255.89910462,FOLLOW,7.835028743654106,7.7549686576658,0.39276827352823057,0.06549695549041354,0.06550124967219073,0.020547043338947798,-0.0019407421127821123,0.22202249595794063,0.84881772519709,1.0493544998908124,green,False
125.9,3256.149290853,FOLLOW,7.847649310263915,7.76757468341332,0.39216288561333534,0.05809252888628486,0.06833390585048352,0.02257108204179387,0.0016334284651493905,0.21016228102522386,0.8686410805227899,1.0997562579571187,green,False
126.1,3256.349879526,FOLLOW,7.861425624585575,7.781338352629271,0.39157302483030987,0.06749918871994406,0.06688693527595539,0.024787569523020466,0.013657115686110138,0.15949759184652687,0.7796474836019074,1.0647346539685876,green,False
126.2,3256.449116127,FOLLOW,7.865997351440386,7.785906514423933,0.3913925246875801,0.06694163414289359,0.06688693527595539,0.024787569523020466,0.013657115686110138,0.15949759184652687,0.7796474836019074,1.0587396846278256,green,False
126.4,3256.649091115,FOLLOW,7.87846166390837,7.798362521738316,0.39093781911726194,0.07877029353084543,0.05982579691832928,0.0365524021655856,0.013561131258083309,0.31884448489288214,0.8959467535221373,1.0444468111986585,green,False
126.6,3256.899325045,FOLLOW,7.894070530556064,7.813964154466855,0.3904641779675745,0.07031545206848816,0.07815525096174021,0.02661294381949653,0.01642642622282833,0.12110700965696168,0.8484843566179546,1.0703421431519946,green,False
126.7,3256.999204121,FOLLOW,7.902037442437116,7.821928540142748,0.39026364804350544,0.07820419956330288,0.08281932005852904,0.028673908281269218,0.019167811671406278,0.10694086936139005,0.8746770439664567,1.035195309475739,green,False
126.9,3257.250762768,FOLLOW,7.918791754599469,7.838679134626656,0.38991175681459334,0.08307119673499627,0.08274448012021914,0.02385065960678104,0.01654689275671845,0.08487351742262249,0.8358459817332691,1.0535438636140328,green,False
127.1,3257.44962903,FOLLOW,7.932754467401104,7.852640037311907,0.3896875056353497,0.07907002801843906,0.07645123635161263,0.02778830080593394,0.013835448649759836,0.1535558437115369,0.8816672633626471,1.0580305629025804,green,False
127.2,3257.551198144,FOLLOW,7.940735654233212,7.86062056790672,0.38958530442892075,0.07650371698035087,0.06577175148441528,0.03087274916569289,0.009195249117787366,0.25357479385346815,0.8955574774543386,1.0925904156341484,green,False
127.4,3257.800163597,FOLLOW,7.954687059835929,7.8745714330284455,0.38946501535359235,0.06582955237073725,0.0903998869355366,0.016207936579762713,0.019255303129183964,-0.007149173858317256,0.7667966517226877,1.073016629365993,green,False
127.6,3257.999061858,FOLLOW,7.972921048272242,7.892805292491053,0.3893986086313123,0.09043818220397087,0.07796655808537775,0.025009337011595956,0.01115095152576958,0.1423504895975445,0.8809416864550004,1.061286269352612,green,False
127.7,3258.148857103,FOLLOW,7.980693859960559,7.900578100539541,0.3893934598733275,0.07801713723034438,0.07804666338960499,0.024449437268611228,0.010437013696851398,0.14197451411859305,0.8812354681074697,1.0549880649313372,green,False
127.9,3258.348764185,FOLLOW,7.993967499734418,7.913851684499357,0.38942873870227035,0.07809682737716195,0.08727471454740315,0.017540181920014167,0.01600376588034201,0.02923768873629133,0.7804499324468106,1.038883804359747,green,False
128.1,3258.599153276,FOLLOW,8.013811724642306,7.933695501891302,0.38955521458424436,0.08705456765792134,0.08702389039977351,0.010379229878448247,0.018392324845009928,-0.04202627893854648,0.8013926344201622,1.0262989585669606,green,False
128.3,3258.79879267,FOLLOW,8.028598053957108,7.948481339158931,0.3896756419593018,0.08685988582101677,0.08633003311057418,0.010565626273639704,0.01826727710096509,-0.039088336163099716,0.7897189708214025,1.0309078958101427,green,False
128.5,3259.048877416,FOLLOW,8.048937034312532,7.968819266843029,0.38988213489323525,0.07873793829044314,0.0787191282594089,0.0010451815817751732,0.01589554301555271,-0.09670540128131694,0.8145878373042741,0.9728887755789992,green,False
128.7,3259.249571224,FOLLOW,8.064997197922972,7.98487842083915,0.39006221078582815,0.07871475697104549,0.08131317326335799,0.004669821529981372,0.015336218171527506,-0.06338465818752616,0.7849849374746717,0.9776490747205389,green,False
128.8,3259.349675013,FOLLOW,8.070524584026684,7.990405444075752,0.39012554385598597,0.08133605449208768,0.08162278182974701,0.003835420820783311,0.014917064668273361,-0.06762231736831735,0.7951798831098935,0.9724191354070988,green,False
129.0,3259.599578404,FOLLOW,8.086929704711205,8.00680939312436,0.39032158922054383,0.07820935558588753,0.10408609885367297,-0.00896209265063876,-0.00301970406940978,-0.03799149297504802,0.9497672048930972,0.9538088639999227,green,False
129.2,3259.848723659,FOLLOW,8.10941631562029,8.029294499647218,0.390581661492916,0.08590654094111388,0.08284013323009451,0.006366452628225489,-0.006991625808323538,0.09818491268712663,0.8597855112546785,0.9449254748200355,green,False
129.3,3259.950201749,FOLLOW,8.115055522257595,8.034933267376683,0.39065201490580975,0.08286564181794484,0.08277561665911008,0.006120384183288589,-0.0071848403459842634,0.09751164646356683,0.8579548610648107,0.9120184787261207,green,False
129.5,3260.19970856,FOLLOW,8.132080154286983,8.051956380948434,0.39087929926263615,0.08479774343413417,0.08509626408462201,0.006854010635375762,-0.00659350006854155,0.09802667183790903,0.8829210247480018,0.9151956986312346,green,False
129.7,3260.398807447,FOLLOW,8.149474915586127,8.069349247399694,0.39113594842628063,0.08542201911206797,0.0850929176818447,0.0061642718981414,-0.007224201232576027,0.0967692629967498,0.8806572083969394,0.9190013608660987,green,False
129.8,3260.549312037,FOLLOW,8.158167758319962,8.078041006602046,0.39127318677770084,0.08511904615455851,0.08358091054780188,0.008577096350595703,-0.005070039796756531,0.1027428677905079,0.8754105554446632,0.8768383296398876,green,False
130.0,3260.749309034,FOLLOW,8.175359061040258,8.095229846300416,0.391564059659663,0.08483320457967095,0.08480372618162911,0.008434954235248851,-0.004773883518816,0.09867651425254831,0.8810338868308828,0.8757433353457567,green,False
130.2,3260.950210232,FOLLOW,8.189911877008882,8.1097801643301,0.39183361754580687,0.08679975722915859,0.08698361830691674,0.008154296670395855,-0.00423941229915531,0.09131428468045275,0.890339462653757,0.8646359427375525,green,False
130.3,3261.099424978,FOLLOW,8.201745355634129,8.121611318617191,0.3920681188027424,0.08701284341931428,0.09248812506673039,0.010386345898849715,0.0021058051142677225,0.061733199903805325,0.8896841237534328,0.8692838230096787,green,False
130.5,3261.298964604,FOLLOW,8.217448903306424,8.137311313837417,0.3924020322373027,0.0919783090066882,0.09194725859157231,0.009572531459825803,0.0013356608488947902,0.061330716124209046,0.8837103052439144,0.8378959070973475,green,False
130.7,3261.500957672,FOLLOW,8.236229200486335,8.156086594869226,0.3928359424643414,0.09222905859332775,0.09190798994534459,0.008287160263606352,0.000699316416542875,0.05616722757578642,0.8734461034464812,0.8196296648874386,green,False
130.8,3261.649604246,FOLLOW,8.249156957898323,8.169010389065928,0.39315596290392907,0.10491805711640957,0.11094746412725907,0.010348484973195361,0.011528169381925017,-0.01386604473909695,0.9566122531704491,0.8204730435055771,green,False
131.0,3261.849122471,FOLLOW,8.265492778390849,8.185340192404668,0.3935991382069463,0.0757338004856171,0.11458423034124005,0.008608840223117654,0.009427596987902322,-0.012122054386439022,0.9838060085108498,0.818616988732126,green,False
131.2,3262.098995646,FOLLOW,8.289779973335087,8.209616352797427,0.3943308543550993,0.11518071965970646,0.09568759605889658,0.005729319582735012,0.011483769841480265,-0.03611961230389076,0.8694007769895267,0.7788790026613519,green,False
131.3,3262.199395197,FOLLOW,8.299546603680229,8.219378102823153,0.3946395645346506,0.0957127047035501,0.10826038622153837,0.006291880977144596,0.004374497911794339,0.010072724351483278,0.9248881566085423,0.7748624295871902,green,False
131.5,3262.399245941,FOLLOW,8.317443288528649,8.23726534605559,0.3952207930015694,0.10691264666027595,0.10688660887667481,0.006256400373951546,0.003493258705405255,0.01622685552005225,0.9268557731237512,0.751402630565067,green,False
131.7,3262.599088408,FOLLOW,8.335543500246084,8.255355366272957,0.3958280847025863,0.10578896434980872,0.10389796603380709,0.006310986917475985,0.001793008403334788,0.029047058133978794,0.9286899306856039,0.7358263581955573,green,False
131.8,3262.751554377,FOLLOW,8.353182439620179,8.27298373938573,0.396438506248319,0.1010489471581754,0.10102191257124835,0.006457659488584539,-6.824649029843304e-05,0.043584551202586974,0.9335783281155037,0.7138359256326481,green,False
132.0,3262.949703748,FOLLOW,8.37028819176192,8.290078578753983,0.39704940229068586,0.09882911747484535,0.09880098463033865,0.007025768290546917,-0.0011088312753378335,0.05534737407882107,0.9372660189130555,0.6937843768681435,green,False
132.2,3263.149073046,FOLLOW,8.38690246620154,8.306681541749189,0.39766234725895844,0.09603060714348564,0.09432584146044004,0.007750655536747759,-0.0033732807206765525,0.07781411457802159,0.9389628837343125,0.6557628541805396,green,False
132.3,3263.299004915,FOLLOW,8.399736957557153,8.31950673629025,0.39815075153921625,0.09435528367365248,0.09703206375157043,0.009176800776650505,-0.0012916278127199574,0.07235135238706533,0.9548588862075466,0.6860162404383463,green,False
132.5,3263.499838266,FOLLOW,8.419376026091237,8.339130443548227,0.3989272870770267,0.09549122219979288,0.10526409187163116,0.003620399678516379,0.0011267479266405134,0.015704053447770858,0.9116397848653255,0.6577932749960054,green,False
132.7,3263.700077564,FOLLOW,8.437333647238715,8.357072961149589,0.3996636353132423,0.10528755740030657,0.10158178740946146,0.004343488217618738,0.0006335504474924069,0.024636026709210602,0.9151168261753112,0.643702708113723,green,False
132.8,3263.849663044,FOLLOW,8.451044619406062,8.370772048334414,0.4002343906332636,0.09624069266246588,0.09572844985572314,0.008404379731225571,0.0005052551894532617,0.05585753174459538,0.9112205772014186,0.6491993684596926,green,False
133.0,3264.049823481,FOLLOW,8.469428638035197,8.389139220915743,0.40102118250183444,0.08670436614269868,0.08079116471352771,0.009420023707310373,0.0005961193076961212,0.07464428052361048,0.9111453495477441,0.6068818935214979,green,False
133.2,3264.249269531,FOLLOW,8.483327363953602,8.4030242265114,0.40163856456810004,0.08328189099913459,0.07624883042796882,0.008853837434505319,0.0010328010156763837,0.07142595735919086,0.9206139331023379,0.5847055554979896,green,False
133.3,3264.349198347,FOLLOW,8.491116632273247,8.41080536061441,0.40199444276229956,0.07627865573877292,0.08646970699513151,0.005872130059098393,0.002469730945210702,0.029376414162157034,0.8950187828912207,0.602480115071578,green,False
133.5,3264.598927402,FOLLOW,8.509364684252096,8.429033589467863,0.40284475795877633,0.08092773938311489,0.07718606207514558,0.008737136756017618,0.002903441358222127,0.0570385686344302,0.8939122343609553,0.587755518445372,green,False
133.7,3264.798822825,FOLLOW,8.524810294848324,8.444461320058812,0.4035876950739936,0.07386359318325393,0.0738332782356035,0.009000682552982085,0.003529565430092564,0.05875008827255029,0.902721531530051,0.5735906922324243,green,False
133.8,3264.898928487,FOLLOW,8.532344389357002,8.45198618855747,0.40396042894171585,0.0738637521822105,0.06674351703188501,0.005513632410291705,0.0015483969783438162,0.04542660733675708,0.830911187480247,0.5608900069690015,green,False
134.0,3265.099268625,FOLLOW,8.545152787835168,8.464778245175456,0.40460722158277845,0.05413296385319661,0.03642454912068143,0.018526524051801545,-0.005123847385236996,0.3649813605405335,0.9462201299500834,0.5147235416718321,green,False
134.2,3265.349203348,FOLLOW,8.554299001242926,8.473911921978427,0.4050858533324922,0.03629877130923846,0.04054783372433351,0.02047935945216565,-0.006258284259019642,0.36939045047226815,0.9401475395487175,0.541960928113898,green,False
134.3,3265.451315401,FOLLOW,8.557053999822877,8.476662751518507,0.4052373562303806,0.04059755639578844,0.0666112025158622,-0.0005129590043205974,-0.00010586269172755715,-0.004492268595636531,0.7801421058220516,0.5518318104178561,green,False
134.5,3265.699088521,FOLLOW,8.57040315266098,8.489990275120816,0.40599694705005723,0.05480767507224198,0.054248452605364594,0.0016041039115826019,0.001006479529286519,0.013249710547886042,0.7810341694658665,0.5092939553373173,green,False
134.7,3265.899225875,FOLLOW,8.580306987029697,8.499877939330831,0.40656265987263596,0.060814365805104596,0.031009146160941022,0.018062109957146254,-0.007452369193315239,0.4227291080790164,0.7822547950216328,0.537807333897041,green,False
134.8,3265.99916565,FOLLOW,8.583515095456868,8.503080647226215,0.40674872340139173,0.031056340719109992,0.0233765552119576,0.012372328948703135,-0.029824697218398616,0.5114763096842186,0.7357723850302595,0.5111588178437614,green,False
135.0,3266.198972519,FOLLOW,8.587486626002265,8.507045043331864,0.40698665831850206,0.01988005642688091,0.02085894342711496,0.0118419281868597,-0.024176199563964856,0.5034935786002834,0.6644968791450883,0.5068003349598416,green,False
135.2,3266.449251794,FOLLOW,8.592201887465718,8.511751159087149,0.40728017607368333,0.01841484837863227,0.020732322777092978,0.012041076655671558,-0.02429130143396735,0.5111785966086566,0.6663351022194213,0.5067214706841243,green,False
135.3,3266.549442874,FOLLOW,8.594317547688274,8.51386245994189,0.4074159199417873,0.020772181632935954,0.018247776892116416,0.010657666913098086,-0.024480598716782653,0.513902592219746,0.6668546540323603,0.482349884269166,green,False
135.5,3266.749606426,FOLLOW,8.597492989446447,8.517031047332498,0.40762444243314455,0.019229265546244573,0.018343828193745464,0.010834045178826872,-0.024219921476913958,0.516125051632552,0.6691759551905953,0.483118074404086,green,False
135.7,3266.99980363,FOLLOW,8.602137601789424,8.52166493320692,0.40793989876057396,0.020476900039319235,0.021274673750648034,0.012981565363669094,-0.023910540511581924,0.52509860406669,0.6645518018665492,0.5159478584757191,green,False
135.8,3267.099215167,FOLLOW,8.604229669705662,8.523751885062875,0.40808611646244813,0.018622683357776226,0.018582734697367573,0.011338974591901824,-0.023910540511581924,0.52509860406669,0.6645518018665492,0.48862342189368396,green,False
136.0,3267.301979598,FOLLOW,8.607496631657177,8.527010489029042,0.40831964875735666,0.020138860892154446,0.02728339537755277,0.01784500744089333,-0.020391195148927177,0.5311270773963009,0.848509832595634,0.5183118452737998,green,False
136.2,3267.549768527,FOLLOW,8.612249335683801,8.531750183269335,0.4086710423449655,0.022467735830911044,0.024239481660775518,0.015963354136065477,-0.020908921761133653,0.536099967897398,0.8623104076792366,0.4918707344935221,green,False
136.3,3267.650583362,FOLLOW,8.61471854620139,8.53421220562628,0.4088593116735114,0.024285709017560685,0.023201265145165708,0.015273063037759783,-0.021704467437222097,0.539860472751545,0.8657808534109264,0.48365124720579994,green,False
136.5,3267.899268352,FOLLOW,8.619493996969315,8.538972887044775,0.4092345780753081,0.023211428133173208,0.02561956448415762,0.016975718775978234,-0.022197151636289436,0.5445638936614013,0.8682416113194007,0.5032306911955551,green,False
136.7,3268.099203805,FOLLOW,8.624086835477968,8.54355040371379,0.40960940001780427,0.02180318018022055,0.021793604038498886,0.014735979317713572,-0.022414290393328734,0.55276796418775,0.8679845498950733,0.47443394955649004,green,False
136.8,3268.198810537,FOLLOW,8.625570631851971,8.54502900767216,0.4097334237366419,0.021839258356085182,0.02266302067596877,0.01532384471003694,-0.022414290393328734,0.55276796418775,0.8679845498950733,0.4813926782557952,green,False
137.0,3268.449569687,FOLLOW,8.631294346772071,8.55073152953583,0.4102254785289558,0.026109894447515384,0.02613745785324531,0.018047317273191317,-0.02225199962775179,0.5594947965502799,0.8668267838435042,0.5109601639719263,green,False
137.2,3268.649320279,FOLLOW,8.63568092530924,8.55510055999099,0.4106174359191921,0.02520254453483292,0.021849838888115758,0.0153217709279217,-0.022452251576137672,0.5660579586149542,0.8630731233723559,0.47833255672967395,green,False
137.3,3268.74896694,FOLLOW,8.638134052376065,8.557543359780857,0.410842292194671,0.021897606807112287,0.018587977614996646,0.013184987062310539,-0.02208291537083157,0.5685154672193725,0.8643474955639224,0.45187179661769,green,False
137.5,3268.999470989,FOLLOW,8.643009166157928,8.562396807736713,0.4113013732254105,0.02187029600880791,0.021636480908678594,0.015498177564749029,-0.02190270796522248,0.5712804296463788,0.8627304760139924,0.4776163459613279,green,False
137.7,3269.199180652,FOLLOW,8.646681174424614,8.566051456451044,0.411657996886333,0.021234537938736735,0.026880971321113428,0.019440137051857966,-0.022439970357854694,0.5773683804711705,0.86252060267768,0.5221061435956817,green,False
137.8,3269.349498768,FOLLOW,8.650137600334066,8.569490691636876,0.412002287188741,0.026770667881664052,0.01844491105798243,0.013514097995137636,-0.021958829128205598,0.5800018492352963,0.8595611423196255,0.45333930594410804,green,False
138.0,3269.548998383,FOLLOW,8.653727761542305,8.573062091044628,0.41236883460819107,0.025030373981070428,0.02412093107028806,0.01795139681425074,-0.021767294674654603,0.5850449705769155,0.8615570429649411,0.5010911211725115,green,False
138.2,3269.75061188,FOLLOW,8.657905643758928,8.577216928584672,0.4128070264384756,0.025057405793992106,0.02460958990954554,0.018580875412706834,-0.021593402759515767,0.5897696343959314,0.8590122443601054,0.5067597294296586,green,False
138.3,3269.899706061,FOLLOW,8.661287256038117,8.580578901617093,0.413170940563513,0.02466458632624361,0.024593009460641725,0.01862686747934863,-0.02139573797549288,0.5900752849856532,0.8605722744462436,0.506309560187814,green,False
138.5,3270.098795861,FOLLOW,8.66620918778513,8.5854706143114,0.4137154894023777,0.023616323143710077,0.02451410684281391,0.019183844857528123,-0.015530455931499293,0.5758443998082856,0.8554690987724733,0.5039008936153611,green,False
138.7,3270.351027631,FOLLOW,8.671115348386543,8.590344626987786,0.4142761900252705,0.023787467724090898,0.022945376008589816,0.018048261644860463,-0.015779884465152494,0.5791109706496766,0.8523914311589361,0.4921829375678117,green,False
138.8,3270.451032108,FOLLOW,8.673462203123535,8.592675354059033,0.41455084827003164,0.0229982101409859,0.02246699513234071,0.017671478570427352,-0.015618968307205078,0.5783474869654699,0.8572083889031806,0.48697283772090466,green,False
139.0,3270.651452346,FOLLOW,8.677323155050933,8.59650868486976,0.41501184084320997,0.02354685870036883,0.02309749485728455,0.018405677429483076,-0.014891946994551125,0.5803491421424825,0.8564675248961254,0.4927798149026908,green,False
139.2,3270.849318721,FOLLOW,8.682044844235476,8.601194693894662,0.415591188631938,0.023007494884062375,0.021754794524226774,0.017503280059911395,-0.014529496268132797,0.5826888515532103,0.8536584377325869,0.48260542862850536,green,False
139.3,3270.999030932,FOLLOW,8.685053169712074,8.604179164091473,0.4159692837594254,0.02180885443219451,0.02164366203277166,0.017502728932486635,-0.014086377957960722,0.582776066346089,0.8556904987164234,0.4812572607791991,green,False
139.5,3271.248757744,FOLLOW,8.688719580232455,8.607815284804891,0.41643958511836343,0.021510136961022067,0.020303755214179257,0.016593598748667854,-0.014417229521276859,0.5887891135277264,0.8561025625275137,0.470994072181321,green,False
139.7,3271.44977121,FOLLOW,8.692957863116074,8.612016838684596,0.4169963349219833,0.020529336367897288,0.020229983642281835,0.01665168319011345,-0.014129345688900452,0.5905064887934443,0.8521416199267262,0.4714620003454733,green,False
139.8,3271.548878524,FOLLOW,8.695043723382442,8.614083926331627,0.4172755495512416,0.020281035899008256,0.0201452663994642,0.016581950820919105,-0.014129345688900452,0.5905064887934443,0.8521416199267262,0.4707439677373349,green,False
140.0,3271.800636697,FOLLOW,8.699212073664256,8.61821333512122,0.4178439779449534,0.020014304141566176,0.018015669268575986,0.01550279450793757,-0.016881373788273896,0.6220245014283293,0.8444390753482323,0.4589901405873669,green,False
140.2,3271.998915444,FOLLOW,8.702294513553499,8.62126570434305,0.41827348085039734,0.01818485387605137,0.018046231456705638,0.015624169144828823,-0.017110319579564492,0.6256760900028367,0.8421275014270312,0.460267591876727,green,False
140.3,3272.149329803,FOLLOW,8.704762801776758,8.623709104016244,0.4186231131033942,0.018219993916713046,0.016826665024080374,0.014607417892660344,-0.016431873917444856,0.6238683933471975,0.8459733817770568,0.4484951585344304,green,False
140.5,3272.349527863,FOLLOW,8.708285138948133,8.627194636028467,0.4191309679063103,0.01764464336671429,0.018489547159022846,0.01606964473315116,-0.016015504981652495,0.6225463570025972,0.8496630026309221,0.4622517462080173,green,False
140.7,3272.548935745,FOLLOW,8.711959379548263,8.63082880966189,0.4196720913998328,0.01804759545249128,0.017981913119646045,0.015732045986425292,-0.016051876074682142,0.625606561974573,0.847002635578881,0.4587664489161744,green,False
140.8,3272.649509856,FOLLOW,8.713185799290157,8.632041463857014,0.41985532642997253,0.018022582335948,0.02087507529815931,0.018259207786905745,-0.01594331340631716,0.6250341104324012,0.8474933978551835,0.4841012985669905,green,False
141.0,3272.900679432,FOLLOW,8.717833599018322,8.63663527781577,0.42056164507023225,0.01774258123205747,0.015116903329112415,0.013304607181382074,-0.015742345696859894,0.6268827350065233,0.8501418269804453,0.4331432368589177,green,False
141.2,3273.099093562,FOLLOW,8.720678134323967,8.639445324388255,0.42100325033152597,0.01776765633130641,0.012777050547538705,0.010930635044224446,-0.019332175816591524,0.6302392003802896,0.661499851110912,0.4450994411608375,green,False
141.3,3273.198795649,FOLLOW,8.721991564854363,8.640742453819874,0.4212095385473479,0.01281179226397011,0.014683050892752923,0.012597815421954497,-0.019158531570830112,0.6307220640226631,0.66429397882126,0.4661209353993982,green,False
141.5,3273.402472692,FOLLOW,8.724421206572778,8.6431413140508,0.42159505943308817,0.012570653562922925,0.01278706750164793,0.0110244308046528,-0.018463541808894424,0.6297718401147765,0.6638116876083914,0.44464182126836255,green,False
141.7,3273.649059237,FOLLOW,8.72741393056674,8.646094984775345,0.42207695266159007,0.012426966725418022,0.011642112248032473,0.010010621423169264,-0.018414588479777505,0.6284168657777027,0.664290921338108,0.43142242074710596,green,False
141.8,3273.748982612,FOLLOW,8.728605875909834,8.647271021015305,0.4222710463178603,0.01167581408244007,0.010819064700054875,0.009350556053127061,-0.01836071138234638,0.6303754954625781,0.6636734708534422,0.4224778597871368,green,False
142.0,3273.949512299,FOLLOW,8.730518106059582,8.649157298917176,0.4225850192114087,0.012860934868739921,0.0080626071155366,0.007007671715815414,-0.018249213868057806,0.632323492810382,0.6673793848810919,0.3909379852165172,green,False
142.2,3274.198863163,FOLLOW,8.734188778286788,8.652776847778457,0.42319550745377904,0.020145902380637647,0.02027628619935482,0.007194430794500123,-0.009986774147613675,0.29844038437739595,0.7232827057310045,0.4427698428266105,green,False
142.3,3274.299007966,FOLLOW,8.73556916705565,8.654137770838622,0.42342650863813214,0.02030722116716099,0.01988819455413296,0.007357444408068861,-0.009336893345209152,0.30398694278456934,0.725655703358089,0.44068770911566785,green,False
142.5,3274.549175671,FOLLOW,8.740411156310861,8.658910537447785,0.42424232256394917,0.020657458244624553,0.02025690585944591,0.00882159338480405,-0.01094224176979458,0.35418542121085167,0.8474487837281566,0.4314512102870291,green,False
142.7,3274.749369006,FOLLOW,8.744033211390123,8.662479767966763,0.4248586616195289,0.022578968782730503,0.01674343987716925,0.0066276601556186695,-0.008381841503944318,0.31443278383960993,0.72463249412745,0.4203691141372794,green,False
142.8,3274.850040038,FOLLOW,8.745874612066963,8.664293943965422,0.42517413231217044,0.016773776963087485,0.02031572651967312,0.008279873463577342,-0.007772151650353151,0.31808938907554,0.7272398776443313,0.44627159233488495,green,False
143.0,3275.09950998,FOLLOW,8.750393125112486,8.668744622092886,0.42595414408423454,0.018362563107220984,0.017794636499469135,0.0075584209732537455,-0.0070026653643340125,0.32420618751459435,0.7324232051176776,0.4282968706538409,green,False
143.2,3275.298842172,FOLLOW,8.753565359407046,8.671868328397021,0.4265068897547944,0.019942520960837158,0.014790101601329764,0.006396381279478401,-0.006301172737785091,0.3248202904911969,0.7303626927092302,0.40702610629078206,green,False
143.3,3275.399970178,FOLLOW,8.755261497359603,8.673538200203307,0.42680423128360195,0.01482031231286542,0.017434092952825036,0.0077333467969102265,-0.006117420067641086,0.3306399452619285,0.731971163740261,0.42689239780177085,green,False
143.5,3275.598849953,FOLLOW,8.758132876215036,8.676364592736338,0.4273105124804011,0.017333629476360232,0.015349214242228106,0.00679765929323941,-0.005149078447826416,0.3244100698012917,0.7374700488632321,0.40993932008412376,green,False
143.7,3275.899049033,FOLLOW,8.761936065573762,8.68010717656892,0.4279867610561828,0.015452091722677492,0.02218316423003365,0.00927384064825025,0.0003695123144039081,0.2751100395141752,0.8288250606840262,0.4317534492651439,green,False
143.8,3275.999345148,FOLLOW,8.763963079648214,8.682101428823838,0.42834972630647183,0.02221738916696478,0.01858829900259083,0.007986356303584045,0.0009894045389220452,0.2787263751685111,0.8325752873326735,0.41049373822618046,green,False
144.0,3276.199171728,FOLLOW,8.767528437893015,8.685608429711644,0.4289921611349167,0.029359303211428597,0.028705935149675593,3.240917046385895e-05,0.007256604268916906,-0.047579346928758,0.8076281504462798,0.41599976154093926,green,False
144.2,3276.449336963,FOLLOW,8.774454234078219,8.692420366564582,0.43024282859305446,0.023420978893249855,0.02149736460252447,-0.0017136603391725946,0.006429920680575754,-0.09639137102230425,0.7859314970363822,0.3990037303672022,green,False
144.3,3276.549013321,FOLLOW,8.77578151589596,8.693725876181613,0.4304822480181716,0.021517903880382234,0.019315040815492967,-0.0015396966096543419,0.006429920680575754,-0.09639137102230425,0.7859314970363822,0.38895328000828583,green,False
144.5,3276.749858549,FOLLOW,8.78004846630146,8.697922985123931,0.4312511057189194,0.02441431382450006,0.019799640739187076,-0.001958571841378899,0.008157293498718812,-0.1205977005817936,0.7728561795257808,0.39724956757753116,green,False
144.7,3276.999478191,FOLLOW,8.78407908057704,8.701887853174801,0.43197613856949885,0.017663182380598896,0.023971588550992146,-0.0026411801776207227,0.00903988627558732,-0.13387729511678664,0.7657174613546982,0.4218699189922433,green,False
144.8,3277.10049599,FOLLOW,8.786302522602421,8.70407513663927,0.43237549488907173,0.023991142623943182,0.014969972680211312,0.008135154250578572,0.0069180048039533815,0.31545303794108714,0.845903636170212,0.39232260603965236,green,False
145.0,3277.350742029,FOLLOW,8.789699994129887,8.707416934804204,0.43298802740609665,0.011543727905511952,0.017675986148535813,-0.002424913312366112,0.011026237441597815,-0.16469243566871072,0.7482443674633175,0.3972700128901891,green,False
145.2,3277.552508047,FOLLOW,8.791986652960823,8.70966604375657,0.4334007228310484,0.016020159995420183,0.016303460623757992,-0.0025002084975129218,0.012138079376122247,-0.18250467830835507,0.7382303585901159,0.39380243723518277,green,False
145.3,3277.69936367,FOLLOW,8.794185618416863,8.7118289573333,0.4337972753767364,0.01632326173475016,0.01111017760263789,-0.0017617385136186425,0.013192397516339271,-0.1926993799861895,0.7320579399231852,0.3655898784362504,green,False
145.5,3277.899330368,FOLLOW,8.796135069389946,8.713746534080054,0.4341483572722793,0.011737483406614709,0.01113218840461076,-0.003331929705467575,0.0156945170351058,-0.29840204891293465,0.6857636870882944,0.38266817977191353,green,False
145.7,3278.149065953,FOLLOW,8.798867852692329,8.71643484080887,0.43463938811457437,0.012023303951095242,0.018523470460438583,-0.0017068425888298452,0.015983218539834067,-0.167203533666528,0.8131805503962367,0.3942108905870975,green,False
145.8,3278.248695808,FOLLOW,8.800613603280613,8.718152267678914,0.4349525814398896,0.018544277260855894,0.01648618936462528,-0.00151911760785618,0.015983218539834067,-0.167203533666528,0.8131805503962367,0.3838492217614446,green,False
146.0,3278.449268953,FOLLOW,8.80339635107009,8.720889950800148,0.43545135629886417,0.016113869931156873,0.013143775469238565,-0.0013972991220978152,0.017343069314515694,-0.18527067699708732,0.80350892440887,0.36980925441321383,green,False
146.2,3278.700672333,FOLLOW,8.806933619432485,8.724370102588722,0.4360844525727083,0.01636250887086132,0.015371018129156864,-0.0018886840251279634,0.018801023962854574,-0.20540461984427041,0.7987182508736305,0.38495355636784034,green,False
146.3,3278.799236787,FOLLOW,8.808486510482343,8.725897986807734,0.43636201413611925,0.014829515070598981,0.01446201978022364,-0.0019168760928882675,0.019011153171165862,-0.2130078522626896,0.7898059921486041,0.38184673727221025,green,False
146.5,3278.999021597,FOLLOW,8.810752439514058,8.728127507822375,0.4367665761179775,0.012296114781887253,0.011602411053045958,-0.0016095657525812047,0.019356750521460422,-0.21919758031696565,0.7867480456622283,0.36658380848345506,green,False
146.7,3279.19945032,FOLLOW,8.812864000788782,8.73020523311415,0.43714307128226065,0.007411826907838731,0.011999367386627347,-0.0018502463411182754,0.02069325996499463,-0.2375886920381146,0.7773268210505992,0.3717665568326763,green,False
146.8,3279.34997933,FOLLOW,8.814327264106776,8.73164510217367,0.4374036794622979,0.012019837090815668,0.014201291379967895,-0.002178549142172785,0.021059252662772227,-0.23938696533936038,0.7754462874825482,0.38538207451924134,green,False
147.0,3279.54921919,FOLLOW,8.815858263920644,8.733151677335337,0.43767606100616857,0.008220019280194212,0.0067409018576288435,0.004552291663028831,0.01769563158801228,0.3357063680035771,0.7355730897120298,0.34916131529046324,green,False
147.2,3279.799059367,FOLLOW,8.817912487542342,8.73517308616053,0.4380417670677214,0.01297408761487336,0.009854295520002831,-0.0021246694023870465,0.016367472586252804,-0.249675521061852,0.7633122199288553,0.3611570709896351,green,False
147.3,3279.899277869,FOLLOW,8.818933235476365,8.736177532171679,0.4382234661402508,0.009874312885033064,0.010887039652060459,-0.002442920961010121,0.016464630132857996,-0.255879403492201,0.7614293967258412,0.3683802941935833,green,False
147.5,3280.099800024,FOLLOW,8.820604163653085,8.73782184950693,0.4385204870986969,0.008112235912991178,0.009912130154635445,-0.0023063413112456507,0.016822027559820943,-0.2633742118430234,0.7577234540319621,0.3632763846457251,green,False
147.7,3280.348992641,FOLLOW,8.82315025605063,8.740327581928435,0.4389720304314339,0.012461011656556253,0.009159219110766954,-0.0022207072539464517,0.017515405688293906,-0.27385893380006365,0.7556583548567705,0.3595564438022766,green,False
147.8,3280.449927484,FOLLOW,8.824090881652387,8.741253357931031,0.4391385095988284,0.009179023472084075,0.009550424959809373,-0.0023306655884754823,0.017690817472794565,-0.275940278749737,0.7535335250626723,0.3624676618884032,green,False
148.0,3280.64959345,FOLLOW,8.82553991739989,8.74267958208475,0.4393946135725175,0.007766941460577913,0.006204872700144964,-0.0015773062352821678,0.01824373833727455,-0.2857387684169012,0.7485831215293153,0.3414455927477969,green,False
148.2,3280.852937987,FOLLOW,8.827011334990607,8.74412791596699,0.43965422612003824,0.007643787306245789,0.007367182842088429,-0.0019385934973753724,0.018773900799700205,-0.2945779176603372,0.8425385187216533,0.34428528689692317,green,False
148.3,3281.00095954,FOLLOW,8.828090985837624,8.745190682078757,0.4398444211196551,0.009405681440279581,0.008918562881782853,-0.0018500349228394873,0.01775900230493843,-0.2531680763451229,0.7528326689153537,0.35642196136408955,green,False
148.5,3281.199492953,FOLLOW,8.829371918761904,8.746451638109123,0.4400697631693813,0.006403976387154416,0.00692996880573394,-0.0015312755495190092,0.018039874096799108,-0.26351349786538336,0.7459257409429659,0.34494819480964184,green,False
148.7,3281.398986923,FOLLOW,8.830620536886856,8.747680830045212,0.44028915870360197,0.0054199085507263605,0.007422165496373762,-0.0016810946391107565,0.01812991656776687,-0.26757616688505725,0.7422066298430157,0.3486780794225026,green,False
148.8,3281.550801173,FOLLOW,8.831189685712246,8.748241140344785,0.44038907243211534,0.0038143779217050915,0.0035657399884992764,-0.0027506536844252747,0.07841199372804558,-0.8145910241512063,0.6905788122590274,0.34572916762185335,green,False
149.0,3281.749564504,FOLLOW,8.832184263292882,8.749220295938903,0.440563539804108,0.006198710044279591,0.008142921813858641,0.0060069119612986424,0.02854432059736617,0.3116718859839534,0.6949592814772094,0.36080335201227254,green,False
149.2,3281.998953008,FOLLOW,8.83377522588634,8.750786328226097,0.4408440832881975,0.006810091959213337,0.005378584644462215,-0.0013864875662786557,0.0246846090781688,-0.3269803143938977,0.7278034427233012,0.3391744907863343,green,False
149.3,3282.099766392,FOLLOW,8.83432747425687,8.751329897702053,0.4409416050165067,0.005399187832659369,0.003990887776778541,-0.0005494585473990129,0.022835973917714067,-0.24051443429160954,0.6268659895000701,0.32973380821945836,green,False
149.5,3282.34971912,FOLLOW,8.835424079703605,8.752409287994436,0.441135151139102,0.0066898853990786655,0.009907781831863754,-0.0014763717580884197,0.02316164973327206,-0.2497794138258906,0.6257088096154164,0.3750234307686945,green,False
149.7,3282.599306165,FOLLOW,8.836931233396255,8.753892818248161,0.4414009522564127,0.007241254826522657,0.00787570879051158,-0.0012869641855611765,0.023485795626474,-0.2609348247971507,0.6229821430522641,0.3609255549323556,green,False
149.8,3282.699388302,FOLLOW,8.837715026519604,8.754664344224143,0.44153908019781096,0.007896443273735152,0.003720605175697421,-0.001019071347048593,0.025934126693954992,-0.34421268272869,0.7261528515335265,0.32780413654377216,green,False
150.0,3282.949162954,FOLLOW,8.838764949256346,8.755697858942565,0.4417239722636732,0.008087243488895036,0.0047405217013111785,-0.0008087395892305135,0.023879704318143943,-0.26792375667043494,0.619357554820947,0.3372767805774127,green,False
150.2,3283.201760616,FOLLOW,8.839802356833294,8.756719085890794,0.44190648253662956,0.005695002879833535,0.007175036016691281,-0.0012817584246161689,0.024561844948428543,-0.2771988758829924,0.6166119391636827,0.35745862003140283,green,False
150.3,3283.352452184,FOLLOW,8.840483282999948,8.757389403978104,0.4420262076633487,0.0071957036381244096,0.006993958745268452,-0.0020522413687300532,0.027176016360774685,-0.3632431609675614,0.7256069225772083,0.35364279241660723,green,False
150.5,3283.600189817,FOLLOW,8.841576246734547,8.758465365327627,0.4422182412447744,0.003816529078140963,0.0033449445263082408,-0.0007239307800621107,0.029939079998357432,-0.33313284580601493,0.6514126649955437,0.32744999096432775,green,False
150.7,3283.798948839,FOLLOW,8.84222129829813,8.759100397766291,0.4423314901797309,0.005580025389025162,0.005537654232785784,-0.0011132322838700484,0.025907071052377315,-0.2994078274536314,0.6148259787710612,0.34593364618118316,green,False
150.8,3284.001022857,FOLLOW,8.84316772573537,8.760032145480796,0.4424975356220749,0.005558423600376738,0.003485820939821365,-0.0007223190120289319,0.026171430910659238,-0.3048447549859057,0.6152054242187899,0.3291209271439893,green,False
151.0,3284.149568693,FOLLOW,8.843647415073486,8.760504403100056,0.4425816462759216,0.0035068978529506113,0.004079797335676172,-0.0008691092659366426,0.026246929609870642,-0.30889087859083825,0.6156237908099181,0.3342554273922004,green,False
151.2,3284.450071888,FOLLOW,8.844687489942755,8.76152838463746,0.4427639030801273,0.0034033240285917714,0.0013505105494359142,-0.0002989627219712684,0.026747238813904117,-0.31704431463186306,0.6154179185017516,0.3114736248996291,green,False
151.3,3284.549558357,FOLLOW,8.84478352882352,8.761622938714126,0.4427807254819804,0.0013721352857320672,0.007186636631872036,-0.001590906824223106,0.026747238813904117,-0.31704431463186306,0.6154179185017516,0.3610560006646927,green,False
151.5,3284.79968861,FOLLOW,8.845997418499387,8.76281808426321,0.44299322314349593,0.0035128200845035867,0.0029543259503998992,-0.0006907928868634343,0.027296894042385375,-0.3279625083532458,0.6100298504249019,0.3257065113544197,green,False
151.7,3285.049049043,FOLLOW,8.846972148420377,8.763777792817224,0.4431636869470193,0.005435154081640688,0.004547263592417023,-0.0010970087640277155,0.027418843070186397,-0.3332104282054231,0.6093311992691741,0.3398980944673188,green,False
151.8,3285.198878415,FOLLOW,8.847439239713156,8.764237696059235,0.4432453158859147,0.0045679228875695555,0.0017051819621466766,0.0016444554159520176,0.029541134757199508,0.4539595586412758,0.7134539945386964,0.3148822592986174,green,False
152.0,3285.399127695,FOLLOW,8.84779186113166,8.764584885580122,0.44330697057742496,0.0025503777664624863,0.005505730166552274,-0.0013879739729176005,0.027735276343817963,-0.3416707905014653,0.6063884332652507,0.3491023182404236,green,False
152.2,3285.599382159,FOLLOW,8.84874986891621,8.765528142138887,0.44347443991280444,0.00616470893541194,0.0014794151670982066,-0.00037359652693064876,0.028014265740506236,-0.3435829801599549,0.6058668082482899,0.3132394259126596,green,False
152.3,3285.749265562,FOLLOW,8.849277303202008,8.766047421929622,0.4435668272533658,0.0014983983221967898,0.0021584111488810315,-0.0005667292220032935,0.028406006651728627,-0.35194088839839843,0.5996667041293671,0.3197348917245359,green,False
152.5,3285.951819365,OBSTACLE_WAIT,8.849710741804955,8.766474149595918,0.4436428043635891,0.002796039865293221,0.0,0.0,0.03635342812053092,0.25392364214539703,0.7050460869997371,0.29001010969789864,green,False
152.7,3286.199282478,OBSTACLE_WAIT,8.849905207273734,8.766665605985736,0.4436768817658146,1.6290273682440596e-06,0.0,0.0,0.03525239400227828,0.41872247429006587,0.6669007800469762,0.35641189424173364,green,False
152.8,3286.29911608,OBSTACLE_WAIT,8.849905318046153,8.766665715044315,0.4436769011759931,1.6289856189619545e-06,0.0,0.0,0.03525239400227828,0.41872247429006587,0.6669007800469762,0.32565880631270977,green,False
153.0,3286.499056622,OBSTACLE_WAIT,8.84990565034641,8.766666042203106,0.44367695940473856,1.6288608503019258e-06,0.0,0.0,0.03616995918008126,0.35420736667430036,0.682880356835636,0.32918424175732636,green,False
153.2,3286.749454606,OBSTACLE_WAIT,8.849905982621324,8.766666369336628,0.4436770176308256,1.6287369603167147e-06,0.0,0.0,0.03130679197078842,0.42390386115953294,0.7251862754363142,0.3240378502387759,green,False
153.3,3286.849258993,OBSTACLE_WAIT,8.849906148749342,8.766666532893977,0.44367704674288294,1.6286755519537757e-06,0.0,0.0,0.03130679197078842,0.42390386115953294,0.7251862754363142,0.3239367145544524,green,False
153.5,3287.100052312,OBSTACLE_WAIT,8.849906480981746,8.766666859985168,0.443677104964196,1.6284474676466017e-06,0.0,0.0,0.03447561697549517,-0.44145475040291315,0.7678187642361406,0.317715779941947,green,False
153.7,3287.350183426,OBSTACLE_WAIT,8.84990681314822,8.766667187011135,0.4436771631757362,1.6280889176300577e-06,0.0,0.0,0.03616995918008126,0.35420736667430036,0.682880356835636,0.34142136884547536,green,False
153.8,3287.449266541,OBSTACLE_WAIT,8.849906979204109,8.766667350497075,0.44367719227738184,1.6279107042254016e-06,0.0,0.0,0.03334098421020812,-0.40104632681219243,0.640250111462467,0.3348406624268425,green,False
154.0,3287.699444198,OBSTACLE_WAIT,8.849907311261555,8.766667677415224,0.44367725047248646,1.6275566450519804e-06,0.0,0.0,0.03525239400227828,0.41872247429006587,0.6669007800469762,0.32565078822632637,green,False
154.2,3287.898994478,OBSTACLE_WAIT,8.849907587921145,8.766667949792676,0.443677298960134,1.6272639853006541e-06,0.0,0.0,0.03150942393784231,0.42108037757319244,0.7239864262646641,0.3253731511519315,green,False
154.3,3288.050627675,OBSTACLE_WAIT,8.849907809213093,8.76666816765931,0.44367733774488,1.6270312041801757e-06,0.0,0.0,0.030113242239216714,0.5062818987496531,0.6955187568962873,0.3450874523686682,green,False
154.5,3288.250082168,OBSTACLE_WAIT,8.84990814109188,8.766668494400776,0.44367739591311545,1.6266845175595757e-06,0.0,0.0,0.03130679197078842,0.42390386115953294,0.7251862754363142,0.35367349639513934,green,False
154.7,3288.448964955,OBSTACLE_WAIT,8.849908417602025,8.766668766630438,0.44367744437826945,1.626352328723053e-06,0.0,0.0,0.03334098421020812,-0.40104632681219243,0.640250111462467,0.3397636645772365,green,False
154.8,3288.549181122,OBSTACLE_WAIT,8.84990858347811,8.766668929938593,0.4436774734526931,1.6261222491242486e-06,0.0,0.0,0.03447561697549517,-0.44145475040291315,0.7678187642361406,0.3318420655640077,green,False
155.0,3288.799355446,OBSTACLE_WAIT,8.849908915160068,8.76666925648554,0.4436775315905651,1.6256646268171392e-06,0.0,0.0,0.03525239400227828,0.41872247429006587,0.6669007800469762,0.3384421066569706,green,False
155.2,3289.048730094,OBSTACLE_WAIT,8.849909302004951,8.766669637340996,0.44367759939973733,1.625135665053062e-06,0.0,0.0,0.03334098421020812,-0.40104632681219243,0.640250111462467,0.3338158385047556,green,False
155.3,3289.150332199,OBSTACLE_WAIT,8.849909412508993,8.766669746134053,0.44367761877018513,1.6249854891072484e-06,0.0,0.0,0.03130679197078842,0.42390386115953294,0.7251862754363142,0.33088256315036896,green,False
155.5,3289.349205457,OBSTACLE_WAIT,8.849909743960032,8.76667007245287,0.4436776768719984,1.6245373986187904e-06,0.0,0.0,0.033302246501188904,-0.40189386150982936,0.640430661701071,0.3195745786854029,green,False
155.7,3289.549177966,OBSTACLE_WAIT,8.849910020099648,8.766670344316474,0.4436777252793273,1.6241667642968183e-06,0.0,0.0,0.028571186792086894,-0.36026629274148914,0.6026715372779621,0.3355936069033961,green,False
155.8,3289.699137701,OBSTACLE_WAIT,8.849910240966128,8.766670561762687,0.4436777639981446,1.623872207032407e-06,0.0,0.0,0.03334098421020812,-0.40104632681219243,0.640250111462467,0.32873452178318185,green,False
156.0,3289.899809013,OBSTACLE_WAIT,8.849910516993052,8.766670833514949,0.4436778123879206,1.6235061958154595e-06,0.0,0.0,0.03616995918008126,0.35420736667430036,0.682880356835636,0.3407981650652494,green,False
156.2,3290.149836296,OBSTACLE_WAIT,8.849910903325808,8.76667121386444,0.44367788011726306,1.622970668586254e-06,0.0,0.0,0.030113242239216714,0.5062818987496531,0.6955187568962873,0.33249898835021435,green,False
156.3,3290.249085155,OBSTACLE_WAIT,8.849911068855295,8.766671376830185,0.4436779091375475,1.6227085514341736e-06,0.0,0.0,0.030113242239216714,0.5062818987496531,0.6955187568962873,0.3511032769096522,green,False
156.5,3290.450208865,OBSTACLE_WAIT,8.849911344678558,8.76667164838129,0.4436779574952826,1.6222742072554387e-06,0.0,0.0,0.03096414147251446,0.454708878436282,0.8584546392386292,0.32909822480209633,green,False
156.7,3290.69903358,OBSTACLE_WAIT,8.849911675569407,8.766671974146766,0.44367801550915453,1.6217569518669284e-06,0.0,0.0,0.030830918927496356,0.4579312326457841,0.7138165101189682,0.3371273159469046,green,False
156.8,3290.799050949,OBSTACLE_WAIT,8.849911896104876,8.76667219126605,0.44367805417579914,1.6214144671816584e-06,0.0,0.0,0.03447561697549517,-0.44145475040291315,0.7678187642361406,0.3201069198483182,green,False
157.0,3290.999536463,OBSTACLE_WAIT,8.849912171708935,8.766672462600694,0.44367810249875417,1.6209891170721376e-06,0.0,0.0,0.03334098421020812,-0.40104632681219243,0.640250111462467,0.3274993117336271,green,False
157.2,3291.249141582,OBSTACLE_WAIT,8.84991255744185,8.766672842357814,0.4436781701331624,1.6204905295325796e-06,0.0,0.0,0.03334098421020812,-0.40104632681219243,0.640250111462467,0.32920020733672756,green,False
157.3,3291.349231262,OBSTACLE_WAIT,8.849912667630647,8.766672950839482,0.44367818945410215,1.6203582828802015e-06,0.0,0.0,0.030830918927496356,0.4579312326457841,0.7138165101189682,0.3272540771477993,green,False
157.5,3291.550964591,OBSTACLE_WAIT,8.849912943063357,8.766673222004826,0.44367823775041504,1.6200289785256337e-06,0.0,0.0,0.030923032991554314,0.4571291499589916,0.7130697773800558,0.3300023202366601,green,False
157.7,3291.798834118,OBSTACLE_WAIT,8.84991332857552,8.766673601543763,0.44367830535087005,1.619571751304627e-06,0.0,0.0,0.03334098421020812,-0.40104632681219243,0.640250111462467,0.327058026405204,green,False
157.8,3291.899242817,OBSTACLE_WAIT,8.849913438701911,8.76667370996375,0.443678324662226,1.6194417990930718e-06,0.0,0.0,0.03021837790985038,-0.4177678094187998,0.7229400197928839,0.3539739338992764,green,False
158.0,3292.149487983,OBSTACLE_WAIT,8.849913824084828,8.7666740893749,0.44367839224306876,1.6190826218815716e-06,0.0,0.0,0.028769928351175297,-0.36199181902373534,0.6044415333867366,0.3305587330021374,green,False
158.2,3292.349031832,OBSTACLE_WAIT,8.849914099307753,8.766674360332805,0.4436784405076812,1.6188360023511771e-06,0.0,0.0,0.028769928351175297,-0.36199181902373534,0.6044415333867366,0.3291237305046444,green,False
158.3,3292.449534029,OBSTACLE_WAIT,8.849914264421438,8.766674522887685,0.44367846946350853,1.6186888115434248e-06,0.0,0.0,0.030113242239216714,0.5062818987496531,0.6955187568962873,0.33014744460090234,green,False
158.5,3292.699288459,OBSTACLE_WAIT,8.84991459460392,8.766674847953022,0.4436785273685968,1.6183962341806365e-06,0.0,0.0,0.03314224265111973,-0.39937394673607485,0.6389518912065448,0.33056226569466357,green,False
158.7,3292.898968351,OBSTACLE_WAIT,8.849914924726972,8.766675172959538,0.4436785852650019,1.6181061372050245e-06,0.0,0.0,0.030127798355262192,-0.41725826505556846,0.7218799023244888,0.3216190765607961,green,False
158.8,3293.05145013,OBSTACLE_WAIT,8.84991514477624,8.766675389598117,0.4436786238578232,1.6179139867277389e-06,0.0,0.0,0.03616995918008126,0.35420736667430036,0.682880356835636,0.3405957891831144,green,False
159.0,3293.249201423,OBSTACLE_WAIT,8.849915419801206,8.766675660360098,0.44367867209351275,1.617675483807081e-06,0.0,0.0,0.03130679197078842,0.42390386115953294,0.7251862754363142,0.3238185473587129,green,False
159.2,3293.499045374,OBSTACLE_WAIT,8.849915749777841,8.766675985221692,0.4436787299685776,1.6173912507744143e-06,0.0,0.0,0.028769928351175297,-0.36199181902373534,0.6044415333867366,0.3252264499194833,green,False
159.3,3293.599349931,OBSTACLE_WAIT,8.849915914744482,8.766676147631035,0.44367875890295855,1.6172502366616431e-06,0.0,0.0,0.033302246501188904,-0.40189386150982936,0.640430661701071,0.3109387064160981,green,False
159.5,3293.799285483,OBSTACLE_WAIT,8.849916189656975,8.766676418281683,0.44367880712229324,1.6170160530495474e-06,0.0,0.0,0.028571186792086894,-0.36026629274148914,0.6026715372779621,0.32283522650183755,green,False
159.7,3293.999254605,OBSTACLE_WAIT,8.849916519493675,8.76667674300479,0.44367886497685693,1.6165272723733687e-06,0.0,0.0,0.031015147055612244,0.45632643388592037,0.7123028423355986,0.345064776117971,green,False
159.8,3294.148921925,OBSTACLE_WAIT,8.849916739294823,8.766676959398103,0.44367890353174383,1.6158481346576238e-06,0.0,0.0,0.03516027993822035,0.41955395604346835,0.6679823172487319,0.32374756488562906,green,False
160.0,3294.351140321,OBSTACLE_WAIT,8.849917013916802,8.7666772297621,0.4436789517037213,1.6150045112741574e-06,0.0,0.0,0.03021837790985038,-0.4177678094187998,0.7229400197928839,0.35039961302120554,green,False
160.2,3294.599065911,OBSTACLE_WAIT,8.84991734327459,8.766677554012958,0.4436790094785945,1.6139998848830464e-06,0.0,0.0,0.03516027993822035,0.41955395604346835,0.6679823172487319,0.33119960176568203,green,False
160.3,3294.699368047,OBSTACLE_WAIT,8.849917507876842,8.766677716062816,0.4436790383532308,1.6135005781264064e-06,0.0,0.0,0.03334098421020812,-0.40104632681219243,0.640250111462467,0.32078511465770126,green,False
160.5,3294.899773596,OBSTACLE_WAIT,8.849917782101107,8.766677986034672,0.44367908645878645,1.6126731357955303e-06,0.0,0.0,0.03447561697549517,-0.44145475040291315,0.7678187642361406,0.34633279784947807,green,False
160.7,3295.148963181,OBSTACLE_WAIT,8.849918165779805,8.766678363763289,0.443679153767286,1.6115243358787452e-06,0.0,0.0,0.03130679197078842,0.42390386115953294,0.7251862754363142,0.3186670327139531,green,False
160.8,3295.249246579,OBSTACLE_WAIT,8.849918275352193,8.766678471636355,0.44367917298992454,1.6111981163824664e-06,0.0,0.0,0.028769928351175297,-0.36199181902373534,0.6044415333867366,0.3365150020047196,green,False
161.0,3295.499251953,OBSTACLE_WAIT,8.849918603936702,8.766678795124754,0.4436792306357033,1.6102250052127438e-06,0.0,0.0,0.03334098421020812,-0.40104632681219243,0.640250111462467,0.29440518507460306,green,False
161.2,3295.749240849,OBSTACLE_WAIT,8.849918987035537,8.766679172281615,0.44367929784744237,1.6090997062697804e-06,0.0,0.0,0.03334098421020812,-0.40104632681219243,0.640250111462467,0.3291636206916504,green,False
161.3,3295.849240366,OBSTACLE_WAIT,8.849919096443283,8.76667927999234,0.4436793170426127,1.6087800296966721e-06,0.0,0.0,0.03525239400227828,0.41872247429006587,0.6669007800469762,0.32171777286982156,green,False
161.5,3296.049517936,OBSTACLE_WAIT,8.8499194245366,8.766679602996408,0.4436793746064555,1.6078271420521576e-06,0.0,0.0,0.03525239400227828,0.41872247429006587,0.6669007800469762,0.3149287593909385,green,False
161.7,3296.299070694,OBSTACLE_WAIT,8.849919807067508,8.766679979593276,0.4436794417234866,1.6067249351354945e-06,0.0,0.0,0.028571186792086894,-0.36026629274148914,0.6026715372779621,0.31813214902616693,green,False
161.8,3296.398904924,OBSTACLE_WAIT,8.849919916313999,8.766680087144998,0.44367946089177107,1.6064119096809856e-06,0.0,0.0,0.028571186792086894,-0.36026629274148914,0.6026715372779621,0.32035262846031765,green,False
162.0,3296.599848079,OBSTACLE_WAIT,8.84992024392622,8.766680409674683,0.443679518375417,1.6054785812397243e-06,0.0,0.0,0.03447561697549517,-0.44145475040291315,0.7678187642361406,0.31268602673402446,green,False
162.2,3296.848986453,OBSTACLE_WAIT,8.849920571348795,8.766680732017365,0.44367957582746415,1.6045523599778959e-06,0.0,0.0,0.03616995918008126,0.35420736667430036,0.682880356835636,0.32568858197748846,green,False
162.3,3296.948918718,OBSTACLE_WAIT,8.849920734989428,8.766680893119037,0.4436796045417219,1.6040922562738823e-06,0.0,0.0,0.028769928351175297,-0.36199181902373534,0.6044415333867366,0.3256364873638042,green,False
162.5,3297.198957415,OBSTACLE_WAIT,8.849921062130472,8.766681215184109,0.44367966194687825,1.603178539939184e-06,0.0,0.0,0.031015147055612244,0.45632643388592037,0.7123028423355986,0.3277799280151433,green,False
162.7,3297.398927078,OBSTACLE_WAIT,8.849921389085763,8.766681537066013,0.4436797193211058,1.6022709053082265e-06,0.0,0.0,0.03616995918008126,0.35420736667430036,0.682880356835636,0.2929121337408544,green,False
162.8,3297.50015228,OBSTACLE_WAIT,8.849921498029847,8.766681644319538,0.44367973843902064,1.6019706407649179e-06,0.0,0.0,0.03334098421020812,-0.40104632681219243,0.640250111462467,0.32096143889418316,green,False
163.0,3297.749551219,OBSTACLE_WAIT,8.849921879173731,8.7666820195487,0.44367980532502843,1.6009253515213093e-06,0.0,0.0,0.034326709363305175,-0.44108890149976726,0.7675712905729777,0.32567994769744,green,False
163.2,3297.952994544,OBSTACLE_WAIT,8.849922151267618,8.766682287419894,0.44367985307549856,1.600184649193503e-06,0.0,0.0,0.03334098421020812,-0.40104632681219243,0.640250111462467,0.3081197226000018,green,False
163.3,3298.04928608,OBSTACLE_WAIT,8.84992231446372,8.766682448083216,0.44367988171576217,1.5997664622602918e-06,0.0,0.0,0.03334098421020812,-0.40104632681219243,0.640250111462467,0.32890600798937436,green,False
163.5,3298.299455608,OBSTACLE_WAIT,8.849922640738686,8.766682769294222,0.4436799389769506,1.5990123547160662e-06,0.0,0.0,0.030113242239216714,0.5062818987496531,0.6955187568962873,0.31442624072539527,green,False
163.7,3298.498975608,OBSTACLE_WAIT,8.849922912517396,8.766683036854557,0.44367998667531783,1.5983886525804934e-06,0.0,0.0,0.03616995918008126,0.35420736667430036,0.682880356835636,0.3189651207616064,green,False
163.8,3298.649119818,OBSTACLE_WAIT,8.849923129864239,8.766683250827734,0.4436800248214765,1.5978928353723867e-06,0.0,0.0,0.028571186792086894,-0.36026629274148914,0.6026715372779621,0.3085859703758731,green,False
164.0,3298.849060052,OBSTACLE_WAIT,8.849923455758562,8.766683571663267,0.44368008201997455,1.5971540020995875e-06,0.0,0.0,0.03334098421020812,-0.40104632681219243,0.640250111462467,0.30920320449217337,green,False
164.2,3299.099386252,OBSTACLE_WAIT,8.84992378150284,8.766683892350795,0.4436801391937752,1.5964213527834066e-06,0.0,0.0,0.03334098421020812,-0.40104632681219243,0.640250111462467,0.3355172469740409,green,False
164.3,3299.199357971,OBSTACLE_WAIT,8.849923890051121,8.766683999213942,0.4436801582462572,1.5961784379836667e-06,0.0,0.0,0.028571186792086894,-0.36026629274148914,0.6026715372779621,0.3420343517684054,green,False
164.5,3299.448938069,OBSTACLE_WAIT,8.849924269838473,8.766684373105115,0.44368022490827885,1.5952912125811574e-06,0.0,0.0,0.03525239400227828,0.41872247429006587,0.6669007800469762,0.3221294547825797,green,False
164.7,3299.698886816,OBSTACLE_WAIT,8.849924595195132,8.766684693410312,0.4436802820181451,1.5944852820065894e-06,0.0,0.0,0.03068802244556791,0.45712601597548697,0.8608938754063638,0.3014285493255029,green,False
164.8,3299.802522347,OBSTACLE_WAIT,8.849924757811978,8.766684853502271,0.44368031056289775,1.5940845374099718e-06,0.0,0.0,0.03334098421020812,-0.40104632681219243,0.640250111462467,0.3279846050999537,green,False
165.0,3299.999237928,OBSTACLE_WAIT,8.849925028749547,8.766685120232939,0.44368035812250384,1.593420854277894e-06,0.0,0.0,0.028769928351175297,-0.36199181902373534,0.6044415333867366,0.3258059196789931,green,False
165.2,3300.249336897,OBSTACLE_WAIT,8.849925407873389,8.766685493469714,0.44368042467471863,1.5924993667521005e-06,0.0,0.0,0.03021837790985038,-0.4177678094187998,0.7229400197928839,0.3305705086438913,green,False
165.3,3300.356156911,OBSTACLE_WAIT,8.849925570288091,8.766685653362305,0.44368045318602134,1.592106812706055e-06,0.0,0.0,0.03314224265111973,-0.39937394673607485,0.6389518912065448,0.3487139013469435,green,False
165.5,3300.550616534,OBSTACLE_WAIT,8.849925840890606,8.76668591976252,0.44368050069019904,1.5914564410839052e-06,0.0,0.0,0.028769928351175297,-0.36199181902373534,0.6044415333867366,0.32837990877222845,green,False
165.7,3300.74922682,OBSTACLE_WAIT,8.849926165468302,8.766686239299446,0.4436805576711862,1.5906826225472664e-06,0.0,0.0,0.03525239400227828,0.41872247429006587,0.6669007800469762,0.329233507756199,green,False
165.8,3300.899478502,OBSTACLE_WAIT,8.84992632769808,8.766686399009648,0.4436805861519173,1.5902979142928325e-06,0.0,0.0,0.028571186792086894,-0.36026629274148914,0.6026715372779621,0.3356400352852981,green,False
166.0,3301.098768451,OBSTACLE_WAIT,8.849926652040326,8.766686718314348,0.44368064309399596,1.5895332095696081e-06,0.0,0.0,0.02951716003619656,0.5021514472831923,0.8315192651933735,0.33022216872968363,green,False
166.2,3301.3489538,OBSTACLE_WAIT,8.849926976227238,8.766687037465838,0.4436807000104171,1.5887742918004344e-06,0.0,0.0,0.030037218800674004,-0.41674849040173184,0.7208166102814226,0.3079805282814578,green,False
166.3,3301.449359213,OBSTACLE_WAIT,8.849927138262824,8.766687196984504,0.44368072845907164,1.5883973936953061e-06,0.0,0.0,0.03028152960235944,0.5054193246582532,0.6938298821773297,0.32982694255637607,green,False
166.5,3301.699244832,OBSTACLE_WAIT,8.849927462217149,8.766687515906591,0.4436807853370753,1.5876139045225915e-06,0.0,0.0,0.030923032991554314,0.4571291499589916,0.7130697773800558,0.32093162554929017,green,False
166.7,3301.953087956,OBSTACLE_WAIT,8.849927786007427,8.766687834666891,0.4436808421878821,1.5868055591135125e-06,0.0,0.0,0.030830918927496356,0.4579312326457841,0.7138165101189682,0.3273669003958813,green,False
166.8,3302.049318425,OBSTACLE_WAIT,8.849927893900963,8.766687940884273,0.44368086113209,1.586537810982551e-06,0.0,0.0,0.030830918927496356,0.4579312326457841,0.7138165101189682,0.34891818003808145,green,False
167.0,3302.249444313,OBSTACLE_WAIT,8.849928163555331,8.76668820634935,0.4436809084794341,1.585871302718182e-06,0.0,0.0,0.031408107954315395,0.42249301535728884,0.7246008881233903,0.329490545368994,green,False
167.2,3302.498958287,OBSTACLE_WAIT,8.849928540881919,8.766688577813541,0.44368097473430573,1.5849457647927697e-06,0.0,0.0,0.03525239400227828,0.41872247429006587,0.6669007800469762,0.33657072709767394,green,False
167.3,3302.602547636,OBSTACLE_WAIT,8.849928702526093,8.766688736946184,0.44368100311811304,1.5845519555415356e-06,0.0,0.0,0.030308957464438596,-0.41827712338302947,0.7239969053224581,0.34452476686322825,green,False
167.5,3302.849144251,OBSTACLE_WAIT,8.84992902569433,8.766689055093014,0.4436810598658351,1.5837689846104862e-06,0.0,0.0,0.035197966552360654,0.41693458580342774,0.8088398286761226,0.34255441585373925,green,False
167.7,3303.049357322,OBSTACLE_WAIT,8.849929294879649,8.766689320095502,0.4436811071354783,1.583121558451003e-06,0.0,0.0,0.030308957464438596,-0.41827712338302947,0.7239969053224581,0.3258847343231039,green,False
167.8,3303.199205087,OBSTACLE_WAIT,8.849929510148892,8.766689532019562,0.44368114493811395,1.5826069308193484e-06,0.0,0.0,0.03516027993822035,0.41955395604346835,0.6679823172487319,0.3367183985940028,green,False
168.0,3303.400399398,OBSTACLE_WAIT,8.84992977914012,8.766689796830619,0.44368119217566365,1.5820116516367416e-06,0.0,0.0,0.028769928351175297,-0.36199181902373534,0.6044415333867366,0.33875807492952853,green,False
168.2,3303.648829054,OBSTACLE_WAIT,8.84993010179967,8.76669011447572,0.44368124883936183,1.5813217144496714e-06,0.0,0.0,0.028769928351175297,-0.36199181902373534,0.6044415333867366,0.3097234225473989,green,False
168.3,3303.802162202,OBSTACLE_WAIT,8.849930316828095,8.766690326162234,0.44368128660235373,1.5808648355980351e-06,0.0,0.0,0.028769928351175297,-0.36199181902373534,0.6044415333867366,0.3243498752687331,green,False
168.5,3304.051832635,OBSTACLE_WAIT,8.849930639254685,8.766690643577526,0.4436813432277804,1.580184302001107e-06,0.0,0.0,0.036068643196554326,0.35569944843581225,0.6838759860281325,0.32330274798533376,green,False
168.7,3304.249327179,OBSTACLE_WAIT,8.84993090783974,8.766690907987895,0.4436813903986188,1.5796565535377856e-06,0.0,0.0,0.03447561697549517,-0.44145475040291315,0.7678187642361406,0.31285954145390193,green,False
168.8,3304.349074748,OBSTACLE_WAIT,8.849931068949076,8.766691066592974,0.44368141869432515,1.579353262977405e-06,0.0,0.0,0.03616995918008126,0.35420736667430036,0.682880356835636,0.31015784796822293,green,False
169.0,3304.59947645,OBSTACLE_WAIT,8.84993139107522,8.766691383711834,0.4436814752706724,1.578750082852521e-06,0.0,0.0,0.030113242239216714,0.5062818987496531,0.6955187568962873,0.3305836809315276,green,False
169.2,3304.79907822,OBSTACLE_WAIT,8.849931659420038,8.766691647885153,0.44368152240238745,1.5782512292183155e-06,0.0,0.0,0.03150942393784231,0.42108037757319244,0.7239864262646641,0.32236384482390856,green,False
169.3,3304.949172139,OBSTACLE_WAIT,8.849931927680373,8.766691911975109,0.4436815695203562,1.5777558877881414e-06,0.0,0.0,0.028571186792086894,-0.36026629274148914,0.6026715372779621,0.33065318460308885,green,False
169.5,3305.14949627,OBSTACLE_WAIT,8.849932195856795,8.76669217598226,0.44368161662467903,1.577264159181495e-06,0.0,0.0,0.028769928351175297,-0.36199181902373534,0.6044415333867366,0.32588815747477656,green,False
169.7,3305.399383222,OBSTACLE_WAIT,8.849932517558562,8.766692492682356,0.4436816731319956,1.5766784366950723e-06,0.0,0.0,0.03525239400227828,0.41872247429006587,0.6669007800469762,0.32213274100818545,green,False
169.8,3305.501392594,OBSTACLE_WAIT,8.849932678364755,8.766692650988302,0.44368170137839225,1.5763872366566855e-06,0.0,0.0,0.03150942393784231,0.42108037757319244,0.7239864262646641,0.34246125563645874,green,False
170.0,3305.749276287,OBSTACLE_WAIT,8.849932999888395,8.76669296751262,0.44368175785677,1.5758088436070878e-06,0.0,0.0,0.03506816587416235,0.4203848215072543,0.6690620103943612,0.3248329504327758,green,False
170.2,3305.99921857,OBSTACLE_WAIT,8.849933321294504,8.766693283920956,0.44368181431606885,1.5752350250911664e-06,0.0,0.0,0.02867055757163109,-0.36112933702197114,0.6035581617949474,0.3407009496060559,green,False
170.3,3306.099516663,OBSTACLE_WAIT,8.849933428403924,8.766693389364793,0.4436818331316239,1.575044892086496e-06,0.0,0.0,0.033241613430663924,-0.40021043257032635,0.6396047978318122,0.31618431665403546,green,False
170.5,3306.404161382,OBSTACLE_WAIT,8.849933803185419,8.766693758318082,0.4436818989696092,1.5743833564351495e-06,0.0,0.0,0.031015147055612244,0.45632643388592037,0.7123028423355986,0.33227774317917796,green,False
170.7,3306.653657288,OBSTACLE_WAIT,8.84993407079047,8.766694021761388,0.4436819459811746,1.573914748577769e-06,0.0,0.0,0.033241613430663924,-0.40021043257032635,0.6396047978318122,0.30983410781819937,green,False
170.8,3306.752009176,OBSTACLE_WAIT,8.849934177810232,8.766694127116745,0.4436819647821929,1.5737281940337969e-06,0.0,0.0,0.03096414147251446,0.454708878436282,0.8584546392386292,0.3032410104440979,green,False
171.0,3306.999356167,OBSTACLE_WAIT,8.84993455227987,8.76669449576227,0.4436820305696369,1.573079207132433e-06,0.0,0.0,0.03325579617259927,-0.4006959511072617,0.6417906581859356,0.32900497815053364,green,False
171.2,3307.199744907,OBSTACLE_WAIT,8.849934873131453,8.766694811623355,0.44368208693905914,1.5725322517792057e-06,0.0,0.0,0.028769928351175297,-0.36199181902373534,0.6044415333867366,0.3091285265829763,green,False
171.3,3307.299160544,OBSTACLE_WAIT,8.84993498006186,8.766694916890515,0.44368210572567585,1.5724881302409878e-06,0.0,0.0,0.03334098421020812,-0.40104632681219243,0.640250111462467,0.3114512323970169,green,False
171.5,3307.549124423,OBSTACLE_WAIT,8.849935354300095,8.766695285307426,0.4436821714769992,1.5723718723783889e-06,0.0,0.0,0.03525239400227828,0.41872247429006587,0.6669007800469762,0.32628318917779897,green,False
171.7,3307.79930238,OBSTACLE_WAIT,8.849935675053842,8.766695601071506,0.44368222783311406,1.5722731882405793e-06,0.0,0.0,0.028769928351175297,-0.36199181902373534,0.6044415333867366,0.34119182514721513,green,False
171.8,3307.903771764,OBSTACLE_WAIT,8.849935781967304,8.766695706321752,0.4436822466180481,1.5722407185731043e-06,0.0,0.0,0.03150942393784231,0.42108037757319244,0.7239864262646641,0.3432385655098118,green,False
172.0,3308.148930319,OBSTACLE_WAIT,8.849936102694393,8.766696022059222,0.44368230297155026,1.572142971530623e-06,0.0,0.0,0.03334098421020812,-0.40104632681219243,0.640250111462467,0.31435506655581774,green,False
172.2,3308.349257914,OBSTACLE_WAIT,8.849936423401681,8.766696337776919,0.4436823593231264,1.5720463463592135e-06,0.0,0.0,0.03525239400227828,0.41872247429006587,0.6669007800469762,0.3290719897676772,green,False
172.3,3308.500032233,OBSTACLE_WAIT,8.849936583747946,8.766696495628398,0.44368238749820055,1.5719983218365197e-06,0.0,0.0,0.03616995918008126,0.35420736667430036,0.682880356835636,0.3333425029633095,green,False
172.5,3308.753345224,OBSTACLE_WAIT,8.849936904425826,8.76669681131673,0.4436824438469407,1.5719029482088803e-06,0.0,0.0,0.035197966552360654,0.41693458580342774,0.8088398286761226,0.3094105253689072,green,False
172.7,3308.94972236,OBSTACLE_WAIT,8.849937225084318,8.766697126985697,0.4436825001938257,1.5718082643899624e-06,0.0,0.0,0.035197966552360654,0.41693458580342774,0.8088398286761226,0.3345765963703005,green,False
172.8,3309.049379975,OBSTACLE_WAIT,8.849937331966201,8.76669723220441,0.44368251897571354,1.5717770167226072e-06,0.0,0.0,0.03078006212121677,0.45632094018671765,0.8601038929375937,0.34588804539967155,green,False
173.0,3309.299207256,OBSTACLE_WAIT,8.849937652599078,8.766697547847789,0.4436825753201692,1.571683337119029e-06,0.0,0.0,0.03616995918008126,0.35420736667430036,0.682880356835636,0.3091349943203813,green,False
173.2,3309.549354054,OBSTACLE_WAIT,8.849938026646731,8.766697916074387,0.4436826410531081,1.5715749937642373e-06,0.0,0.0,0.03334098421020812,-0.40104632681219243,0.640250111462467,0.343593797296564,green,False
173.3,3309.650044185,OBSTACLE_WAIT,8.849938133512763,8.766698021277266,0.44368265983350635,1.571544140299818e-06,0.0,0.0,0.03525239400227828,0.41872247429006587,0.6669007800469762,0.3280450168806724,green,False
173.5,3309.899038005,OBSTACLE_WAIT,8.849938507527481,8.766698389470955,0.44368272556337723,1.5714373428693921e-06,0.0,0.0,0.031015147055612244,0.45632643388592037,0.7123028423355986,0.3494399805485869,green,False
173.7,3310.153248297,OBSTACLE_WAIT,8.849938828091373,8.766698705045409,0.4436827819014054,1.571346439014314e-06,0.0,0.0,0.033241613430663924,-0.40021043257032635,0.6396047978318122,0.3514027000104262,green,False
173.8,3310.249564995,OBSTACLE_WAIT,8.849938934941896,8.76669881023279,0.4436828006803712,1.5713163432761535e-06,0.0,0.0,0.033241613430663924,-0.40021043257032635,0.6396047978318122,0.33012468559016606,green,False
174.0,3310.451274816,OBSTACLE_WAIT,8.849939255481202,8.766699125782667,0.4436828570161521,1.5712264254329792e-06,0.0,0.0,0.0308721017968656,0.4555152275765029,0.8592903529194679,0.34937516723134526,green,False
174.2,3310.699749549,OBSTACLE_WAIT,8.849939576002258,8.766699441314305,0.4436829133502798,1.5711373575884077e-06,0.0,0.0,0.035197966552360654,0.41693458580342774,0.8088398286761226,0.3401248003382861,green,False
174.3,3310.850376835,OBSTACLE_WAIT,8.849939736255987,8.766699599073325,0.44368294151673154,1.5710931060811579e-06,0.0,0.0,0.03096414147251446,0.454708878436282,0.8584546392386292,0.3225733690914874,green,False
174.5,3311.049397636,OBSTACLE_WAIT,8.84994000333554,8.766699861995031,0.4436829884599227,1.5710196906245025e-06,0.0,0.0,0.030936808793399495,0.456582233318806,0.7119164404879161,0.3314723858761712,green,False
174.7,3311.299236073,OBSTACLE_WAIT,8.849940377226039,8.766700230064544,0.4436830541785348,1.5709178197814284e-06,0.0,0.0,0.03334098421020812,-0.40104632681219243,0.640250111462467,0.2989058599838854,green,False
174.8,3311.399176811,OBSTACLE_WAIT,8.849940484047453,8.766700335222819,0.4436830729548895,1.5708889888350425e-06,0.0,0.0,0.03334098421020812,-0.40104632681219243,0.640250111462467,0.3349256230416162,green,False
175.0,3311.64911908,OBSTACLE_WAIT,8.849940857906978,8.766700703261357,0.4436831386707759,1.570788291260674e-06,0.0,0.0,0.035197966552360654,0.41693458580342774,0.8088398286761226,0.3066984508929395,green,False
175.2,3311.848816866,OBSTACLE_WAIT,8.849941124934885,8.766700966131415,0.44368318560942344,1.570716859648098e-06,0.0,0.0,0.033179000897533034,0.4754909027292853,0.8743305224972795,0.330304026594768,green,False
175.3,3312.000176002,OBSTACLE_WAIT,8.849941338548518,8.766701176418763,0.4436832231595888,1.5706603353318146e-06,0.0,0.0,0.035197966552360654,0.41693458580342774,0.8088398286761226,0.3239578488677029,green,False
175.5,3312.200077749,OBSTACLE_WAIT,8.849941605554758,8.766701439267143,0.44368327009636854,1.5705899693574655e-06,0.0,0.0,0.03516027993822035,0.41955395604346835,0.6679823172487319,0.34285280145880614,green,False
175.7,3312.44986328,OBSTACLE_WAIT,8.849941925946505,8.766701754669448,0.44368332641916225,1.5705060847265498e-06,0.0,0.0,0.03334098421020812,-0.40104632681219243,0.640250111462467,0.32718703814544237,green,False
175.8,3312.599270451,OBSTACLE_WAIT,8.849942086135979,8.766701912364198,0.4436833545800174,1.570464542384478e-06,0.0,0.0,0.03315710827980611,-0.4014654877683587,0.6382378066534604,0.31140758875721686,green,False
176.0,3312.799229541,OBSTACLE_WAIT,8.849942353109032,8.766702175179368,0.4436834015139848,1.5703955690813037e-06,0.0,0.0,0.03150942393784231,0.42108037757319244,0.7239864262646641,0.3140906075501964,green,False
176.2,3313.051539363,OBSTACLE_WAIT,8.849942726851665,8.766702543100948,0.4436834672199009,1.5702994617584239e-06,0.0,0.0,0.03334098421020812,-0.40104632681219243,0.640250111462467,0.32195835196937456,green,False
176.3,3313.149232021,OBSTACLE_WAIT,8.849942887020113,8.766702700774651,0.4436834953790018,1.5702588244744585e-06,0.0,0.0,0.03334098421020812,-0.40104632681219243,0.640250111462467,0.3241145541301493,green,False
176.5,3313.349362571,OBSTACLE_WAIT,8.849943153958304,8.766702963554923,0.44368354231008067,1.570191151832435e-06,0.0,0.0,0.03334098421020812,-0.40104632681219243,0.640250111462467,0.3294760859763288,green,False
176.7,3313.604967696,OBSTACLE_WAIT,8.84994347426903,8.766703278876129,0.4436835986261425,1.5701106277869388e-06,0.0,0.0,0.0284718160125427,-0.3594026869191852,0.6017817182116293,0.32844530654466403,green,False
176.8,3313.748847213,OBSTACLE_WAIT,8.849943634418246,8.766703436530575,0.443683626783676,1.5700706178169294e-06,0.0,0.0,0.03616995918008126,0.35420736667430036,0.682880356835636,0.3316215502697091,green,False
177.0,3313.949622801,OBSTACLE_WAIT,8.84994395470448,8.766703751827254,0.4436836830977627,1.5699910766583187e-06,0.0,0.0,0.028571186792086894,-0.36026629274148914,0.6026715372779621,0.32565031689656165,green,False
177.2,3314.20072205,OBSTACLE_WAIT,8.84994432835134,8.766704119652934,0.4436837487959053,1.5698991046699395e-06,0.0,0.0,0.03334098421020812,-0.40104632681219243,0.640250111462467,0.3380409867779176,green,False
177.3,3314.299252269,OBSTACLE_WAIT,8.849944435103573,8.766704224741966,0.4436837675664867,1.5698729961103121e-06,0.0,0.0,0.03334098421020812,-0.40104632681219243,0.640250111462467,0.32261708106187875,green,False
177.5,3314.499135506,OBSTACLE_WAIT,8.849944701976419,8.766704487456794,0.44368381449233385,1.5698079765878626e-06,0.0,0.0,0.03013354774696561,-0.4174352716015539,0.7243329467424489,0.3381349470089089,green,False
177.7,3314.749630715,OBSTACLE_WAIT,8.84994502220931,8.766704802700033,0.44368387080222166,1.5697305831796136e-06,0.0,0.0,0.03096414147251446,0.454708878436282,0.8584546392386292,0.3365188917265546,green,False
177.8,3314.898961764,OBSTACLE_WAIT,8.84994523568916,8.766705012853432,0.44368390834147314,1.569679418073269e-06,0.0,0.0,0.028571186792086894,-0.36026629274148914,0.6026715372779621,0.29606386237829335,green,False
178.0,3315.148809926,OBSTACLE_WAIT,8.84994555589592,8.766705328070486,0.44368396464935794,1.5696031681355704e-06,0.0,0.0,0.031015147055612244,0.45632643388592037,0.7123028423355986,0.32974528262386504,green,False
178.2,3315.399255858,OBSTACLE_WAIT,8.84994587608718,8.766705643272005,0.4436840209560713,1.5695273372422253e-06,0.0,0.0,0.03517405574006552,0.4189874360773728,0.6663230285783514,0.3379081569152568,green,False
178.3,3315.499319924,OBSTACLE_WAIT,8.849945982814173,8.766705748335742,0.44368403972471926,1.5695022909935119e-06,0.0,0.0,0.03335584983889453,-0.40313490448238454,0.6395389900257419,0.32632541717683267,green,False
178.5,3315.751168066,OBSTACLE_WAIT,8.84994635634528,8.766706116045418,0.44368410541399367,1.569415019052635e-06,0.0,0.0,0.030037218800674004,-0.41674849040173184,0.7208166102814226,0.3387972756013543,green,False
178.7,3315.949068479,OBSTACLE_WAIT,8.849946623140545,8.766706378682485,0.4436841523339714,1.5693532812959942e-06,0.0,0.0,0.02867055757163109,-0.36112933702197114,0.6035581617949474,0.3081961125573355,green,False
178.8,3316.049534305,OBSTACLE_WAIT,8.849946783212673,8.766706536259681,0.44368418048559205,1.5693163929325398e-06,0.0,0.0,0.02867055757163109,-0.36112933702197114,0.6035581617949474,0.3403525298416931,green,False
179.0,3316.298872466,OBSTACLE_WAIT,8.849947103345697,8.766706851402807,0.4436842367880212,1.5692431230277964e-06,0.0,0.0,0.02848668164122914,-0.36156213092595046,0.601047930504704,0.3098940023276136,green,False
179.2,3316.549035459,OBSTACLE_WAIT,8.849947423463828,8.766707166530994,0.44368429308938695,1.5691704429632476e-06,0.0,0.0,0.028571186792086894,-0.36026629274148914,0.6026715372779621,0.32375161789720946,green,False
179.3,3316.649733686,OBSTACLE_WAIT,8.849947583517348,8.766707324089523,0.4436843212396771,1.5691335946945033e-06,0.0,0.0,0.028586052420773334,-0.3624243305455698,0.6019375755756156,0.33898453398302447,green,False
179.5,3316.849043075,OBSTACLE_WAIT,8.849947850260923,8.76670758667482,0.443684368155531,1.5690291403192041e-06,0.0,0.0,0.03616995918008126,0.35420736667430036,0.682880356835636,0.34861297874570574,green,False
179.7,3317.099644602,OBSTACLE_WAIT,8.849948223673,8.766707954265433,0.44368443383445205,1.568888175642539e-06,0.0,0.0,0.03335584983889453,-0.40313490448238454,0.6395389900257419,0.32625755661807426,green,False
179.8,3317.199364457,OBSTACLE_WAIT,8.849948383696495,8.76670811179406,0.4436844619814038,1.5688280488981556e-06,0.0,0.0,0.031015147055612244,0.45632643388592037,0.7123028423355986,0.31775499556750875,green,False
180.0,3317.399084806,OBSTACLE_WAIT,8.849948650399023,8.76670837433837,0.44368450889327654,1.5688767661088991e-06,0.0,0.0,0.031015147055612244,0.45632643388592037,0.7123028423355986,0.33865120413244687,green,False
180.2,3317.651998639,OBSTACLE_WAIT,8.849949023805156,8.766708741922322,0.4436845745756835,1.5689891750276323e-06,0.0,0.0,0.028571186792086894,-0.36026629274148914,0.6026715372779621,0.34658110555328087,green,False
180.3,3317.748999289,OBSTACLE_WAIT,8.849949130497517,8.766708846951056,0.44368459334333427,1.569020804460935e-06,0.0,0.0,0.028586052420773334,-0.3624243305455698,0.6019375755756156,0.305966944357362,green,False
180.5,3318.003626581,OBSTACLE_WAIT,8.849949450587536,8.766709162049809,0.44368464964959947,1.5691160580923223e-06,0.0,0.0,0.03616995918008126,0.35420736667430036,0.682880356835636,0.3347848807802122,green,False
180.7,3318.249472964,OBSTACLE_WAIT,8.849949824050297,8.766709529688699,0.4436847153464964,1.5692258351693659e-06,0.0,0.0,0.03616995918008126,0.35420736667430036,0.682880356835636,0.3350918327866903,green,False
180.8,3318.349263094,OBSTACLE_WAIT,8.849949930758727,8.766709634733022,0.44368473411826775,1.569256927588961e-06,0.0,0.0,0.03616995918008126,0.35420736667430036,0.682880356835636,0.3462193338359528,green,False
181.0,3318.548779313,OBSTACLE_WAIT,8.849950197539075,8.766709897352822,0.4436847810500819,1.5693347966301116e-06,0.0,0.0,0.03068802244556791,0.45712601597548697,0.8608938754063638,0.3263357961727041,green,False
181.2,3318.801098923,OBSTACLE_WAIT,8.84995057105364,8.766710265041949,0.443684846760315,1.5694425434458214e-06,0.0,0.0,0.03096414147251446,0.454708878436282,0.8584546392386292,0.3270672278369,green,False
181.3,3318.89951735,OBSTACLE_WAIT,8.84995073113914,8.766710422630597,0.4436848749238667,1.569488366668419e-06,0.0,0.0,0.035197966552360654,0.41693458580342774,0.8088398286761226,0.33403218968686105,green,False
181.5,3319.099447486,OBSTACLE_WAIT,8.849950997958679,8.766710685288398,0.44368492186580544,1.5695643710332228e-06,0.0,0.0,0.035197966552360654,0.41693458580342774,0.8088398286761226,0.3312783342541527,green,False
181.7,3319.351788032,OBSTACLE_WAIT,8.849951318159123,8.766711000494238,0.44368497820054337,1.5696550156391488e-06,0.0,0.0,0.030738804863438413,0.4587326816648696,0.714541764177965,0.3200505610791799,green,False
181.8,3319.449270269,OBSTACLE_WAIT,8.849951478266249,8.76671115810385,0.44368500636970826,1.5697001320109376e-06,0.0,0.0,0.03616995918008126,0.35420736667430036,0.682880356835636,0.33873879390100053,green,False
182.0,3319.699422199,OBSTACLE_WAIT,8.849951851867331,8.766711525876854,0.44368507210239466,1.5698042885671939e-06,0.0,0.0,0.028769928351175297,-0.36199181902373534,0.6044415333867366,0.325411271368958,green,False
182.2,3319.899406515,OBSTACLE_WAIT,8.849952118740388,8.766711788586532,0.4436851190582671,1.569878170144408e-06,0.0,0.0,0.03130679197078842,0.42390386115953294,0.7251862754363142,0.32969793358992916,green,False
182.3,3320.049670952,OBSTACLE_WAIT,8.849952278870228,8.766711946218159,0.44368514723336433,1.5699222165078406e-06,0.0,0.0,0.03314224265111973,-0.39937394673607485,0.6389518912065448,0.335767421148573,green,False
182.5,3320.249946919,OBSTACLE_WAIT,8.84995259914251,8.766712261493609,0.4436852035869327,1.5699919582827329e-06,0.0,0.0,0.028586052420773334,-0.3624243305455698,0.6019375755756156,0.3374032655037471,green,False
182.7,3320.499360745,OBSTACLE_WAIT,8.849952919425789,8.766712576779609,0.44368525994398467,1.5700399651892018e-06,0.0,0.0,0.03438503742090698,-0.44095614213311723,0.7669988712921337,0.3437572530778254,green,False
182.8,3320.599007171,OBSTACLE_WAIT,8.849953079571108,8.766712734426127,0.4436852881237367,1.5700639357650526e-06,0.0,0.0,0.02867055757163109,-0.36112933702197114,0.6035581617949474,0.3300952382656622,green,False
183.0,3320.849403229,OBSTACLE_WAIT,8.849953399869028,8.766713049726125,0.4436853444856834,1.5701113814391685e-06,0.0,0.0,0.028769928351175297,-0.36199181902373534,0.6044415333867366,0.3358743841291827,green,False
183.2,3321.049123827,OBSTACLE_WAIT,8.849953666791347,8.766713312483184,0.44368539145645164,1.5701508049560457e-06,0.0,0.0,0.03445061952422257,-0.44207682978365753,0.7678959921561189,0.3256563416435055,green,False
183.3,3321.149317705,OBSTACLE_WAIT,8.849953826947939,8.766713470140477,0.44368541963999053,1.5701742329327359e-06,0.0,0.0,0.03616995918008126,0.35420736667430036,0.682880356835636,0.3321111675614719,green,False
183.5,3321.399251075,OBSTACLE_WAIT,8.849954200655926,8.766713838016354,0.44368548540471375,1.5702286965703597e-06,0.0,0.0,0.03334098421020812,-0.40104632681219243,0.640250111462467,0.3387249596081609,green,False
183.7,3321.599833358,OBSTACLE_WAIT,8.849954467598092,8.766714100792374,0.44368553238219127,1.5702672169144338e-06,0.0,0.0,0.03123393721072934,0.42410071178037057,0.7248367254045543,0.32056551263159816,green,False
183.8,3321.748941583,OBSTACLE_WAIT,8.849954681156522,8.766714311017676,0.4436855699657716,1.570297782332457e-06,0.0,0.0,0.03616995918008126,0.35420736667430036,0.682880356835636,0.3448835592191508,green,False
184.0,3321.951944089,OBSTACLE_WAIT,8.8499549481104,8.76671457380488,0.44368561694723835,1.5703358105301157e-06,0.0,0.0,0.03335584983889453,-0.40313490448238454,0.6395389900257419,0.3233994166679151,green,False
184.2,3322.199080444,OBSTACLE_WAIT,8.849955321856642,8.76671494171729,0.443685682724994,1.5703886003238022e-06,0.0,0.0,0.03096414147251446,0.454708878436282,0.8584546392386292,0.3100868115582371,green,False
184.3,3322.299048491,OBSTACLE_WAIT,8.849955428643586,8.76671504683732,0.44368570151942927,1.5704036322881128e-06,0.0,0.0,0.03334098421020812,-0.40104632681219243,0.640250111462467,0.32545118650619725,green,False
184.5,3322.499250927,OBSTACLE_WAIT,8.849955749010515,8.766715362203225,0.44368575790483483,1.5704481794091794e-06,0.0,0.0,0.03616995918008126,0.35420736667430036,0.682880356835636,0.36203588194140346,green,False
184.7,3322.700218199,OBSTACLE_WAIT,8.84995601598991,8.766715625014783,0.44368580489507364,1.570485384688256e-06,0.0,0.0,0.028485998754478062,-0.35990429525069656,0.6040806303429014,0.31201232220458314,green,False
184.8,3322.799062351,OBSTACLE_WAIT,8.849956176180555,8.766715782704587,0.44368583309025994,1.5705074075696418e-06,0.0,0.0,0.028769928351175297,-0.36199181902373534,0.6044415333867366,0.33149076135434996,green,False
185.0,3323.04908292,OBSTACLE_WAIT,8.849956549967454,8.766716150655785,0.44368589888206006,1.5705586052346795e-06,0.0,0.0,0.03334098421020812,-0.40104632681219243,0.640250111462467,0.34325144848922257,green,False
185.2,3323.298835061,OBSTACLE_WAIT,8.849956870365876,8.76671646605173,0.4436859552783982,1.570602026485972e-06,0.0,0.0,0.03334098421020812,-0.40104632681219243,0.640250111462467,0.33787985298190476,green,False
185.3,3323.399299627,OBSTACLE_WAIT,8.849957030568405,8.766716623752865,0.4436859834777279,1.570623774282312e-06,0.0,0.0,0.03334098421020812,-0.40104632681219243,0.640250111462467,0.3252938435739798,green,False
185.5,3323.599324338,OBSTACLE_WAIT,8.849957297577566,8.766716886592807,0.4436860304783368,1.5706644566959016e-06,0.0,0.0,0.028585369534022326,-0.3607675750469395,0.6049703073055046,0.3351458475055044,green,False
185.7,3323.848937462,OBSTACLE_WAIT,8.849957618001588,8.76671720201331,0.4436860868827698,1.570747078703027e-06,0.0,0.0,0.03130679197078842,0.42390386115953294,0.7251862754363142,0.3276819437216657,green,False
185.8,3323.949363887,OBSTACLE_WAIT,8.84995772481334,8.766717307157103,0.44368610568524763,1.5707745071193211e-06,0.0,0.0,0.03013354774696561,-0.4174352716015539,0.7243329467424489,0.3437661064586338,green,False
186.0,3324.199191819,OBSTACLE_WAIT,8.849958098669077,8.766717675174515,0.4436861714978389,1.5708699117405777e-06,0.0,0.0,0.030308957464438596,-0.41827712338302947,0.7239969053224581,0.3225430810454879,green,False
186.2,3324.399119757,OBSTACLE_WAIT,8.849958419135035,8.766717990635613,0.443686227913495,1.5709592640439008e-06,0.0,0.0,0.03334098421020812,-0.40104632681219243,0.640250111462467,0.3386862943890003,green,False
186.3,3324.498906871,OBSTACLE_WAIT,8.849958525961574,8.766718095793733,0.4436862467198572,1.5709971630500063e-06,0.0,0.0,0.03334098421020812,-0.40104632681219243,0.640250111462467,0.33220196257009604,green,False
186.5,3324.749639258,OBSTACLE_WAIT,8.849958899874709,8.766718463866845,0.44368631254703095,1.5711292535854112e-06,0.0,0.0,0.03325579617259927,-0.4006959511072617,0.6417906581859356,0.33900675693058036,green,False
186.7,3324.949156875,OBSTACLE_WAIT,8.849959166974656,8.766718726794819,0.4436863595710901,1.5712225449267717e-06,0.0,0.0,0.03334098421020812,-0.40104632681219243,0.640250111462467,0.3174149259877422,green,False
186.8,3325.100917287,OBSTACLE_WAIT,8.849959380666018,8.766718937148285,0.44368639719311176,1.5712968012286022e-06,0.0,0.0,0.03315642539305508,-0.39985980877501265,0.6411436220954955,0.3131517853532853,green,False
187.0,3325.351542584,OBSTACLE_WAIT,8.849959701221934,8.766719252696838,0.4436864536307459,1.5714074035860915e-06,0.0,0.0,0.028784793979861723,-0.3641470389269555,0.6037072657419439,0.33578417568662794,green,False
187.2,3325.54933873,OBSTACLE_WAIT,8.84995996836904,8.766719515670664,0.44368650066630483,1.5714991961844865e-06,0.0,0.0,0.03525239400227828,0.41872247429006587,0.6669007800469762,0.32817465848081856,green,False
187.3,3325.698926692,OBSTACLE_WAIT,8.849960182097893,8.76671972606058,0.4436865382974849,1.5715716590685717e-06,0.0,0.0,0.03120547598726149,0.4253129127817098,0.7257404833871419,0.3449389256852693,green,False
187.5,3325.899514259,OBSTACLE_WAIT,8.849960502709665,8.76672004166343,0.4436865947487895,1.5716801537357165e-06,0.0,0.0,0.0284718160125427,-0.3594026869191852,0.6017817182116293,0.32395689745671424,green,False
187.7,3326.098838187,OBSTACLE_WAIT,8.849960769902987,8.766720304682176,0.44368664179567946,1.571770071092557e-06,0.0,0.0,0.028571186792086894,-0.36026629274148914,0.6026715372779621,0.3291496268476126,green,False
187.8,3326.199405984,OBSTACLE_WAIT,8.849960930226265,8.766720462500505,0.4436866700256077,1.5718234006213106e-06,0.0,0.0,0.030193380458577834,-0.41840354649297634,0.7230159573925123,0.32863128068567055,green,False
188.0,3326.449098034,OBSTACLE_WAIT,8.849961250889162,8.766720778153042,0.4436867264894908,1.5719296726529116e-06,0.0,0.0,0.03325579617259927,-0.4006959511072617,0.6417906581859356,0.32804164299418287,green,False
188.2,3326.649461129,OBSTACLE_WAIT,8.849961518124742,8.766721041212852,0.44368677354680297,1.572017723580042e-06,0.0,0.0,0.10971629929782295,-0.842588529232285,0.6646375571867574,0.34329649889903513,green,False
188.3,3326.748695023,OBSTACLE_WAIT,8.849961678473255,8.766721199055702,0.4436868017829625,1.572070159090243e-06,0.0,0.0,0.10971629929782295,-0.842588529232285,0.6646375571867574,0.2944569433588457,green,False
188.5,3326.999130313,OBSTACLE_WAIT,8.84996205264052,8.766721567375827,0.44368686767247495,1.5721919669029412e-06,0.0,0.0,0.029480227134082326,0.4965176068710892,0.9251176437736629,0.33969268405041897,green,False
188.7,3327.199578233,OBSTACLE_WAIT,8.849962319920511,8.766721830478785,0.44368691474079813,1.5722780877107167e-06,0.0,0.0,0.03510592687671184,0.41776983332754564,0.8100232458857242,0.32769905948002886,green,False
188.8,3327.299463148,OBSTACLE_WAIT,8.849962480295519,8.766721988347372,0.4436869429835375,1.5723293725264924e-06,0.0,0.0,0.03068802244556791,0.45712601597548697,0.8608938754063638,0.33917237168496794,green,False
189.0,3327.549938083,OBSTACLE_WAIT,8.849962801061208,8.766722304099769,0.4436869994729254,1.5724315738489043e-06,0.0,0.0,0.030127798355262192,-0.41725826505556846,0.7218799023244888,0.337128833214287,green,False
189.2,3327.749492536,OBSTACLE_WAIT,8.849963121847665,8.766722619872334,0.44368705596750085,1.5725331005287743e-06,0.0,0.0,0.0284718160125427,-0.3594026869191852,0.6017817182116293,0.3215933618454312,green,False
189.3,3327.849105984,OBSTACLE_WAIT,8.84996322878107,8.76672272513431,0.4436870748001733,1.5725665236417236e-06,0.0,0.0,0.0284718160125427,-0.3594026869191852,0.6017817182116293,0.30344327670252363,green,False
189.5,3328.099621219,OBSTACLE_WAIT,8.849963603065913,8.76672309356863,0.44368714071902443,1.5726835279025473e-06,0.0,0.0,0.03616995918008126,0.35420736667430036,0.682880356835636,0.3271530760416789,green,False
189.7,3328.349227616,OBSTACLE_WAIT,8.849963923903543,8.766723409390886,0.44368719722643696,1.572782754372864e-06,0.0,0.0,0.03325579617259927,-0.4006959511072617,0.6417906581859356,0.3074777045487715,green,False
189.8,3328.448936881,OBSTACLE_WAIT,8.849964084329933,8.766723567309368,0.44368722548205,1.572832148159857e-06,0.0,0.0,0.03596732721302738,0.3571898778794728,0.6848699675575308,0.3290775215807802,green,False
190.0,3328.64909971,OBSTACLE_WAIT,8.8499643517184,8.766723830517662,0.443687272577553,1.5729140282084716e-06,0.0,0.0,0.03325579617259927,-0.4006959511072617,0.6417906581859356,0.34550836992723094,green,False
190.2,3328.899113395,OBSTACLE_WAIT,8.849964726085517,8.766724199031854,0.4436873385171374,1.5730274637155205e-06,0.0,0.0,0.03334098421020812,-0.40104632681219243,0.640250111462467,0.32394525874102725,green,False
190.3,3329.001590437,OBSTACLE_WAIT,8.849964833052498,8.766724304326425,0.4436873573582728,1.5730597831278574e-06,0.0,0.0,0.03596732721302738,0.3571898778794728,0.6848699675575308,0.32988226346119737,green,False
190.5,3329.250942125,OBSTACLE_WAIT,8.849965207454153,8.766724672874137,0.4436874233066159,1.5731719208873774e-06,0.0,0.0,0.02868474031356648,-0.3616302928728833,0.6058567370215022,0.33542039014168323,green,False
190.7,3329.449244384,OBSTACLE_WAIT,8.849965474900186,8.766724936138298,0.4436874704167163,1.5732513911718833e-06,0.0,0.0,0.030037218800674004,-0.41674849040173184,0.7208166102814226,0.3196782864884771,green,False
190.8,3329.55019801,OBSTACLE_WAIT,8.849965635374279,8.766725094103075,0.4436874986844256,1.5732989445943885e-06,0.0,0.0,0.030308957464438596,-0.41827712338302947,0.7239969053224581,0.3133263011457337,green,False
191.0,3329.79936042,OBSTACLE_WAIT,8.849965956336922,8.766725410046655,0.4436875552235369,1.5733930414370223e-06,0.0,0.0,0.03325579617259927,-0.4006959511072617,0.6417906581859356,0.32271930489359535,green,False
191.2,3329.998898691,OBSTACLE_WAIT,8.849966277318707,8.766725726008804,0.44368761176754934,1.5734866627316545e-06,0.0,0.0,0.03315642539305508,-0.39985980877501265,0.6411436220954955,0.3269326568983453,green,False
191.3,3330.10135386,OBSTACLE_WAIT,8.849966384316861,8.766725831333622,0.4436876306166379,1.573517657279518e-06,0.0,0.0,0.03525239400227828,0.41872247429006587,0.6669007800469762,0.3270283290761644,green,False
191.5,3330.349180698,OBSTACLE_WAIT,8.849966758826953,8.766726199986532,0.4436876965926961,1.5736254414383922e-06,0.0,0.0,0.028571186792086894,-0.36026629274148914,0.6026715372779621,0.3302739571139164,green,False
191.7,3330.552144529,OBSTACLE_WAIT,8.849967026349812,8.766726463325218,0.4436877437224799,1.57370182436166e-06,0.0,0.0,0.03334098421020812,-0.40104632681219243,0.640250111462467,0.33496349955281735,green,False
191.8,3330.698782397,OBSTACLE_WAIT,8.849967240377417,8.766726674005202,0.44368778142871196,1.5737625752509303e-06,0.0,0.0,0.02844726104545886,-0.3607802177301546,0.6042619741926405,0.31072287820404015,green,False
192.0,3330.899105409,OBSTACLE_WAIT,8.849967507923505,8.766726937366412,0.4436878285644953,1.5738379432123228e-06,0.0,0.0,0.02867055757163109,-0.36112933702197114,0.6035581617949474,0.3451506713533114,green,False
192.2,3331.299885207,OBSTACLE_WAIT,8.8499679360238,8.766727358770094,0.44368790398863056,1.5739575933492282e-06,0.0,0.0,0.0308721017968656,0.4555152275765029,0.8592903529194679,0.3322013832498228,green,False
192.4,3331.549253397,OBSTACLE_WAIT,8.849968150086108,8.766727569483722,0.4436879417038568,1.5740170492731535e-06,0.0,0.0,0.0308721017968656,0.4555152275765029,0.8592903529194679,0.3283038345323372,green,False
192.6,3331.801290219,OBSTACLE_WAIT,8.849968471194638,8.766727885568772,0.4436879982806222,1.574105388233717e-06,0.0,0.0,0.033302246501188904,-0.40189386150982936,0.640430661701071,0.3075982001271484,green,False
192.8,3332.049835541,OBSTACLE_WAIT,8.849968792321125,8.766728201671222,0.443688054862077,1.5741930050264912e-06,0.0,0.0,0.03331711212987534,-0.40398093375060085,0.6397435094104711,0.32486403264996333,green,False
193.0,3332.299043525,OBSTACLE_WAIT,8.849969113465416,8.766728517790927,0.44368811144819337,1.5742798587112086e-06,0.0,0.0,0.03334098421020812,-0.40104632681219243,0.640250111462467,0.32298001212498345,green,False
193.2,3332.498816184,OBSTACLE_WAIT,8.84996938109916,8.766728781237095,0.44368815860683325,1.5743519230442142e-06,0.0,0.0,0.03335584983889453,-0.40313490448238454,0.6395389900257419,0.35940925532178597,green,False
193.3,3332.648831629,OBSTACLE_WAIT,8.849969595214935,8.766728992002536,0.44368819633605416,1.57440919479895e-06,0.0,0.0,0.03334098421020812,-0.40104632681219243,0.640250111462467,0.34374478108194617,green,False
193.5,3332.848669238,OBSTACLE_WAIT,8.849969862870548,8.76672925546989,0.4436882435004518,1.5744800596915847e-06,0.0,0.0,0.10985382073518413,-0.8427846533707682,0.662333565236499,0.3258281017018318,green,False
193.7,3333.099519344,OBSTACLE_WAIT,8.849970237608604,8.76672962434375,0.4436883095359442,1.5745786426434818e-06,0.0,0.0,0.035197966552360654,0.41693458580342774,0.8088398286761226,0.3114670212853879,green,False
193.8,3333.199198807,OBSTACLE_WAIT,8.849970344680923,8.76672972974045,0.44368832840436606,1.5746066335298646e-06,0.0,0.0,0.029480227134082326,0.4965176068710892,0.9251176437736629,0.3269565761223158,green,False
194.0,3333.450285187,OBSTACLE_WAIT,8.849970665909263,8.766730045941568,0.4436883850126544,1.5746902324815264e-06,0.0,0.0,0.03078006212121677,0.45632094018671765,0.8601038929375937,0.3430386476818923,green,False
194.2,3333.700444614,OBSTACLE_WAIT,8.849971040697117,8.766730414863652,0.44368845106136195,1.5747868676077227e-06,0.0,0.0,0.03616995918008126,0.35420736667430036,0.682880356835636,0.3310829955271053,green,False
194.3,3333.799260256,OBSTACLE_WAIT,8.84997120132752,8.76673057297993,0.44368847936982664,1.57483183026592e-06,0.0,0.0,0.03441728891789336,-0.44158744725583154,0.7683905386698057,0.30438120753113895,green,False
194.5,3333.999272072,OBSTACLE_WAIT,8.849971469060527,8.766730836522331,0.4436885265542062,1.5749683766478131e-06,0.0,0.0,0.03021837790985038,-0.4177678094187998,0.7229400197928839,0.33147417893735154,green,False
194.7,3334.249083501,OBSTACLE_WAIT,8.84997179037089,8.766731152803237,0.4436885831822753,1.5751322404696614e-06,0.0,0.0,0.033241613430663924,-0.40021043257032635,0.6396047978318122,0.3441855605617629,green,False
194.8,3334.349011807,OBSTACLE_WAIT,8.849971951038576,8.766731310955896,0.44368861149908395,1.5752137046416697e-06,0.0,0.0,0.033241613430663924,-0.40021043257032635,0.6396047978318122,0.3287229926083484,green,False
195.0,3334.550614427,OBSTACLE_WAIT,8.849972218836466,8.766731574561636,0.44368865869785395,1.5753486341017456e-06,0.0,0.0,0.03334098421020812,-0.40104632681219243,0.640250111462467,0.33352443224806155,green,False
195.2,3334.801199679,OBSTACLE_WAIT,8.849972593791897,8.766731943647137,0.4436887247846714,1.575536211871696e-06,0.0,0.0,0.03334098421020812,-0.40104632681219243,0.640250111462467,0.3275752625875069,green,False
195.3,3334.899279445,OBSTACLE_WAIT,8.849972700930197,8.76673204910812,0.44368874366843947,1.5755894390246134e-06,0.0,0.0,0.03334098421020812,-0.40104632681219243,0.640250111462467,0.3275752625875069,green,False
195.5,3335.151854309,OBSTACLE_WAIT,8.849973022366747,8.766732365512194,0.44368880032457064,1.5757482361980533e-06,0.0,0.0,0.030936808793399495,0.456582233318806,0.7119164404879161,0.34060361768419184,green,False
195.7,3335.399101686,OBSTACLE_WAIT,8.849973343835568,8.766732681947762,0.4436888569879054,1.5759058224635265e-06,0.0,0.0,0.030830918927496356,0.4579312326457841,0.7138165101189682,0.3387957583339719,green,False
195.8,3335.499144734,OBSTACLE_WAIT,8.849973504581994,8.766732840177273,0.44368888532226014,1.5759840329975095e-06,0.0,0.0,0.03120547598726149,0.4253129127817098,0.7257404833871419,0.3387957583339719,green,False
196.0,3335.749840739,OBSTACLE_WAIT,8.849973826098719,8.766733156659592,0.44368894199631326,1.5761397078160336e-06,0.0,0.0,0.030069470297660356,-0.41739393532513525,0.7224535605831232,0.3282206656392988,green,False
196.2,3335.998913732,OBSTACLE_WAIT,8.849974147647055,8.766733473172756,0.44368899867745215,1.57629413662625e-06,0.0,0.0,0.033103504942100515,-0.40022268250729076,0.639132589335207,0.3118649501879981,green,False
196.3,3336.101001959,OBSTACLE_WAIT,8.849974254836816,8.766733578683956,0.44368901757273205,1.5763452120167735e-06,0.0,0.0,0.033302246501188904,-0.40189386150982936,0.640430661701071,0.29515133401514415,green,False
196.5,3336.348924937,OBSTACLE_WAIT,8.849974630028273,8.766733947999784,0.44368908371234583,1.5765230390202692e-06,0.0,0.0,0.03334098421020812,-0.40104632681219243,0.640250111462467,0.3314140279864561,green,False
196.7,3336.599421673,OBSTACLE_WAIT,8.849974951654515,8.766734264588953,0.4436891404109979,1.5766742699973208e-06,0.0,0.0,0.028571186792086894,-0.36026629274148914,0.6026715372779621,0.33733548503177246,green,False
196.8,3336.698962548,OBSTACLE_WAIT,8.849975112479166,8.766734422894787,0.44368916876292464,1.5767495622794286e-06,0.0,0.0,0.10985382073518413,-0.8427846533707682,0.662333565236499,0.3460950282573132,green,False
