sim_time,wall_time,state,distance_odom_m,x_odom,y_odom,speed_measured,command_v,command_w,lane_lateral_est_m,lane_heading_est_rad,lane_confidence,front_m,light,stop,sign_label,people_count,path_curvature,image_wall_age,scan_wall_age,odom_wall_age,clock_wall_age,image_stamp_age,scan_stamp_age,odom_stamp_age,processing_ms,light_distance_m
0.0,15648.118186792,WAIT_SENSORS,0.0,0.0,0.0,0.0,0.0,0.0,0.0,0.0,0.0,nan,unknown,False,unknown,0,0.0,inf,inf,inf,0.0,inf,inf,inf,0.7263139996211976,inf
0.0,15648.625778496,WAIT_SENSORS,0.0,0.0,0.0,0.0,0.0,0.0,0.0,0.0,0.0,nan,unknown,False,unknown,0,0.0,inf,inf,inf,0.5075917039994238,inf,inf,inf,0.3419500008021714,inf
3.0,15648.918840659,WAIT_SENSORS,0.0,0.0,0.0,0.0,0.0,0.0,0.0,0.0,0.0,nan,unknown,False,unknown,0,0.0,inf,inf,inf,0.0,inf,inf,inf,0.23272999897017144,inf
3.1,15649.024309587,FOLLOW,9.115767355430006e-08,2.902811029583952e-05,-1.8580502161364028e-10,1.3405541773512523e-06,0.11976806690134355,0.0711697232960594,0.04165411729645392,0.1301102379100955,0.8818094227653259,inf,unknown,True,unknown,0,0.594229539954786,0.03565067199997429,0.0488686989992857,0.039889677998871775,0.0,0.039000000000000146,0.014000000000000234,0.0030000000000001137,32.44158300003619,inf
3.2,15649.168254229,FOLLOW,0.0033859321272094725,0.0034148690773737355,1.2876764613191267e-07,0.06801185112387002,0.11976806690134355,0.0711697232960594,0.04165411729645392,0.1301102379100955,0.8818094227653259,inf,unknown,True,unknown,0,0.594229539954786,0.17959531400083506,0.06465313599983347,0.0007089320006343769,0.0,0.13900000000000023,0.008000000000000007,-0.03299999999999992,0.3182060008839471,inf
3.4,15649.421956943,FOLLOW,0.023117257886999303,0.023145950853213252,7.808390585929081e-05,0.12032281622218248,0.12028632650380242,0.06968161536812524,0.040473469296087514,0.1273883177956513,0.8810778248424838,inf,unknown,True,unknown,0,0.5792978919006435,0.023217621999719995,0.05986737500097661,0.04412008400140621,0.0,0.007000000000000117,0.008999999999999897,-0.0030000000000001137,0.3334739994897973,inf
3.5,15649.528717609,FOLLOW,0.03539778798606926,0.0354254096885207,0.00023858206110004791,0.12039856626318021,0.12142001824790515,0.06770378372669483,0.038901160521972816,0.12254023506836316,0.8812061788509069,inf,unknown,True,unknown,0,0.557599848061816,0.023965574000612833,0.027916937000554753,0.014271505000579054,0.0,0.0129999999999999,0.01100000000000012,-0.004999999999999893,0.2275869992445223,inf
3.6,15649.682341329,FOLLOW,0.047792411152865436,0.04781753470647111,0.0004863554471269421,0.1215305230163713,0.12395827565121716,0.06274599449949506,0.03509112261739113,0.11181749576206224,0.8811668642054081,inf,unknown,True,unknown,0,0.5061864096596841,0.03000096100004157,0.07339237499945739,0.029252582000481198,0.0,0.0030000000000001137,0.01100000000000012,-0.007000000000000117,0.34188199970230926,inf
3.7,15649.767893251,FOLLOW,0.06035749372535982,0.060378113388579784,0.0008220312597974021,0.12406287121421664,0.12417835668300364,0.0674119225641565,0.038034230499188394,0.11795768796760367,0.8933213128214582,inf,unknown,True,unknown,0,0.5428637031833359,0.11555288300041866,0.011852384001031169,0.009578656001394847,0.0,0.1030000000000002,0.006000000000000227,-0.008999999999999897,0.24901599863369484,inf
3.9,15650.067892595,FOLLOW,0.09015170745683923,0.09015080629395844,0.0019465879480295414,0.12761548705349884,0.1275140166457742,0.059123303229218986,0.03185080657826613,0.1037412647894797,0.8921398892156814,inf,unknown,True,unknown,0,0.46366120983750164,0.03215303399883851,0.06647864299884532,0.004813792000277317,0.0,0.004999999999999893,0.008000000000000007,-0.04700000000000015,0.3329959999973653,inf
4.0,15650.177958639,FOLLOW,0.09882955444849874,0.09881899356134388,0.0023558356207805725,0.12761552137758037,0.12934219411238507,0.055031518653474,0.029158635943458744,0.0951956339566211,0.8895790251503176,inf,unknown,True,unknown,0,0.42547228328025166,0.02451725299943064,0.02407384700018156,0.02349503699952038,0.0,0.0129999999999999,0.004999999999999893,-0.01499999999999968,0.37727199924120214,inf
4.2,15650.424819137,FOLLOW,0.1255964298294965,0.1255451969760088,0.0038281570608443664,0.13366709526545134,0.13625020050407255,0.053863513252604966,0.03142732014986842,0.059406262400609144,0.8693638245126327,inf,unknown,True,unknown,0,0.3953279558733198,0.06041276399992057,0.05960561299980327,0.017361991000143462,0.0,0.03900000000000059,0.006000000000000227,-0.019000000000000128,0.31229199885274284,inf
4.4,15650.623526682,FOLLOW,0.1484908602234017,0.1483901199127146,0.0053317301527989695,0.13055488869909784,0.1481389531575661,0.0499443097071738,0.03069807631369028,0.024239127740345895,0.8728658371101916,inf,unknown,True,unknown,0,0.33714501582882916,0.029778047999570845,0.01126228000066476,0.011637294001047849,0.0,0.027000000000000135,0.005000000000000782,0.01100000000000012,37.393092999991495,inf
4.6,15650.873801629,FOLLOW,0.17868430365221605,0.17849589363985013,0.00762924260115171,0.150027414288308,0.14994453961756452,0.0475678662732148,0.029604518264994047,0.017871456578715,0.8702436552224517,inf,unknown,True,unknown,0,0.3172364021693438,0.012291156001083436,0.031030470001496724,0.03011020900157746,0.0,0.019000000000000128,0.006999999999999673,0.006999999999999673,0.407152998377569,inf
4.7,15651.022824554,FOLLOW,0.19918145866176207,0.1989200840500343,0.009356814169487707,0.15288337000336544,0.15439809059463427,0.038554822762663116,0.02483742181233899,0.003507222646717678,0.8652881210805166,inf,unknown,True,unknown,0,0.24971048938608437,0.05941248199997062,0.05367304299943498,0.00883043199974054,0.0,0.0810000000000004,0.004999999999999893,-0.028999999999999915,32.36324200042873,inf
4.9,15651.271409151,FOLLOW,0.22538520807620108,0.22501605550091847,0.011730502572436035,0.15446913116159056,0.15071159377408777,0.02770125865421529,0.02040455494570113,-0.011749810643100825,0.8618815305305635,inf,unknown,True,unknown,0,0.18380310340118,0.01577578800061019,0.05489541499991901,0.05163862300105393,0.0,-0.004999999999999893,0.006000000000000227,0.001000000000000334,0.2689729990379419,inf
5.1,15651.476994272,FOLLOW,0.2559792953300875,0.2554670397239411,0.014685765472277703,0.14825358858641813,0.14567910790570598,0.016110297776714782,0.014740346508946334,-0.023571731044927508,0.8570215543430649,inf,unknown,True,unknown,0,0.11058756473949942,0.0408023370000592,0.014487659000224085,0.010310416999345762,0.0,0.03200000000000003,0.005999999999999339,-0.0030000000000001137,79.83597699967504,inf
5.2,15651.621919649,FOLLOW,0.27101849976072445,0.2704303889437305,0.016194330654655094,0.14572173665095994,0.14447724177749227,0.014801540962503945,0.016818341008540606,-0.04290610366418569,0.8887479475530224,inf,unknown,True,unknown,0,0.10244894476390702,0.06378736199985724,0.02468228399993677,0.01951332899989211,0.0,0.09600000000000009,0.004999999999999893,-0.004999999999999893,39.88652599946363,inf
5.4,15651.876224438,FOLLOW,0.3053758578512263,0.3046048683554668,0.019734393953233783,0.14290533345319797,0.14275635214729368,0.00595839955124092,0.012281214585750554,-0.05364743769854961,0.8994590745390503,inf,unknown,True,unknown,0,0.04173824464982924,0.01180704299986246,0.06055104099868913,0.01072656399992411,0.0,0.014000000000000234,0.0030000000000001137,-0.04299999999999926,0.30294600037450437,inf
5.6,15652.11794063,FOLLOW,0.32958047911672117,0.32867602510735877,0.022272713115814,0.14174846574824804,0.1412143504741371,0.0014493597619023827,0.010114429182915583,-0.0604279392571893,0.90304211642152,inf,unknown,True,unknown,0,0.010263544441737368,0.013998766999065992,0.015533801999481511,0.012674356999923475,0.0,0.022999999999999687,0.0030000000000001137,-0.0129999999999999,0.35879400093108416,inf
5.7,15652.21868053,FOLLOW,0.33920269532449704,0.3382446728616525,0.023286628643771543,0.14123738894929236,0.14029529700067175,-0.0006631251738331847,0.009175624071162514,-0.06427266243154006,0.904656542571188,inf,unknown,True,stop,0,-0.004726638654394877,0.11473866699998325,0.006410709000192583,0.014697450000312529,0.0,0.12300000000000022,0.0030000000000001137,0.019000000000000128,0.2867419989343034,inf
5.9,15652.522145579,FOLLOW,0.3695105270828297,0.368381628515978,0.02650039335614676,0.11473394859493526,0.11476995038376714,-0.011811119495551749,0.008693961922821652,-0.126778503102051,0.8396992036702433,inf,unknown,True,unknown,0,-0.10291125382609116,0.040300987000591704,0.061456137998902705,0.030518552999637905,0.0,0.0129999999999999,0.004000000000000448,-0.019000000000000128,24.56506599992281,inf
6.1,15652.723110848,FOLLOW,0.38901942064490536,0.38778190506235183,0.028556141184353304,0.1147745521515834,0.11414665149674223,-0.013312320974241114,0.008003656313577724,-0.1313726419459228,0.8424223302097841,inf,unknown,True,stop,0,-0.11662471741118968,0.010779702999570873,0.01872696199825441,0.01777967799898761,0.0,0.045999999999999375,0.005999999999999339,0.010999999999999233,0.34579600105644204,inf
6.2,15652.875821964,FOLLOW,0.40068474116135755,0.3993841734132341,0.029767361812406964,0.11414910262408423,0.11477452640589653,-0.013865583200204302,0.007291061455701152,-0.1294837101936533,0.8440450288487991,inf,unknown,True,unknown,0,-0.12080714801792429,0.013520053000320331,0.03240925399950356,0.03297596000084013,0.0,0.017000000000000348,0.006000000000000227,0.009000000000000341,0.3782219991990132,inf
6.4,15653.120591642,FOLLOW,0.42366539320285296,0.42224531821817435,0.032107896676109804,0.10221182771413205,0.10740293452607513,-0.020926387505181145,0.005473497447088138,-0.16669924087562743,0.8453494647741874,inf,unknown,True,unknown,0,-0.19483999759895448,0.0116755840008409,0.02395619700109819,0.02323450100084301,0.0,0.014000000000000234,0.005000000000000782,0.005000000000000782,23.349039000095217,inf
6.6,15653.380206631,FOLLOW,0.4453792765218783,0.4438542453765181,0.034240108066627854,0.11073744234956294,0.10484042115433762,-0.02180657734000712,0.0010537574312075026,-0.14667153249449258,0.7960176902751357,inf,unknown,True,stop,0,-0.20799780370879314,0.016784007000751444,0.02539070199964044,0.01491217799957667,0.0,0.022999999999999687,0.004999999999999893,0.0009999999999994458,20.564549000482657,inf
6.7,15653.520635421,FOLLOW,0.45628054686853037,0.4547060411306252,0.035277500796043686,0.10483140470349665,0.08933088138349259,-0.03150404438716516,0.005839018075808125,-0.27161255723807154,0.8332741900874763,inf,unknown,True,unknown,0,-0.3526668930078057,0.019238344000768848,0.047415232000275864,0.04402877000029548,0.0,0.007000000000000561,0.004999999999999893,-0.0009999999999994458,24.05919999910111,inf
6.9,15653.768375414,FOLLOW,0.4785184824119049,0.47685131898025046,0.03730495849715089,0.0892318222711129,0.0977349462457008,-0.036106352920228825,0.004400215562390036,-0.27342417554386395,0.914126049962985,inf,unknown,True,unknown,0,-0.3694313478155423,0.02217830799963849,0.04869304599924362,0.0032042889997683233,0.0,0.012000000000000455,0.0030000000000001137,-0.0389999999999997,29.147115999876405,inf
7.1,15653.971570156,FOLLOW,0.4948293535305956,0.49310363885642683,0.03868549278743416,0.0977069390790886,0.09216700911854932,-0.03660509864898456,0.001999033363854874,-0.2763307957924086,0.8657692586521478,inf,unknown,True,stop,0,-0.3971605349795115,0.028425189999325085,0.022537618000569637,0.006094897000366473,0.0,0.041999999999999815,0.0039999999999995595,-0.009000000000000341,0.22252900089370087,inf
7.2,15654.119092911,FOLLOW,0.5043737011096107,0.5026174880016142,0.03944783078778969,0.09639201309561635,0.09201530569811696,-0.029169537545955124,-0.004386071434005698,-0.18374326196456142,0.7460182597067375,inf,unknown,True,stop,0,-0.3170074513652576,0.03217499299898918,0.039852013000199804,0.015889807998973993,0.0,0.0259999999999998,0.004000000000000448,-0.01100000000000012,23.646181000003708,inf
7.4,15654.375970488,FOLLOW,0.5212048952661931,0.5194007732750463,0.04071651917031002,0.06336295430533638,0.06323258041658726,-0.03802538595970721,-0.0020379222005527664,-0.3805466567191113,0.6854997116651325,inf,unknown,True,stop,0,-0.6013574918054797,0.017324937998637324,0.016813726999316714,0.016002930999093223,0.0,0.010000000000000675,0.004000000000000448,-0.01499999999999968,0.38793200110376347,inf
7.6,15654.61935797,FOLLOW,0.5325405254543888,0.5307097593773193,0.041493040248005084,0.08138286795624838,0.08153958385489071,-0.0030082269665395334,-0.025003192651659976,0.14084479215942336,0.6125036011495033,inf,unknown,True,stop,0,-0.036892841787039624,0.025780736999877263,0.008051881999563193,0.02519210099853808,0.0,0.04800000000000004,0.0,0.01499999999999968,0.8801580006547738,inf
7.7,15654.772369459,FOLLOW,0.5437990357327336,0.5419436117303866,0.04223776367780342,0.08155534914483618,0.0723866735133853,0.0043894674116535005,-0.026075207774095707,0.21155992209118174,0.6148442835317462,inf,unknown,True,stop,0,0.06063916462250232,0.07626064800024324,0.020864629999778117,0.01300993900076719,0.0,0.04900000000000038,0.0030000000000001137,-0.020999999999999908,0.31315900014305953,inf
7.9,15655.018107571,FOLLOW,0.558174386410453,0.5562872855573265,0.04319155067452775,0.06012600939604576,0.05894925152874225,0.02168169710929317,-0.03478919995832394,0.44907830665122545,0.6951740370330782,inf,unknown,True,stop,0,0.36780275486147085,0.030019895000805263,0.04725235200021416,0.013168454001061036,0.0,0.007000000000000561,0.0,-0.024999999999999467,24.99059899855638,inf
8.1,15655.233296647,FOLLOW,0.5682863844975877,0.5663752373746914,0.043888420875047726,0.05868847873947008,0.05919685985343358,0.025257101939782235,-0.03384744848188795,0.47664292131429165,0.7207570577020379,inf,unknown,True,stop,0,0.4266628669547115,0.06071812600021076,0.02421788399988145,0.03093328599970846,0.0,0.05400000000000027,-0.0010000000000012221,0.004999999999999005,21.246594000331243,inf
8.3,15655.468084593,FOLLOW,0.580344986985605,0.5784014359971698,0.04477167401149132,0.05957461743815709,0.05951144241808915,0.028535640820237445,-0.032522721850855085,0.49848517649760093,0.7426409561756062,inf,unknown,True,stop,0,0.4794983899023043,0.01941599999918253,0.000684429000102682,0.0010621780002111336,0.0,0.038000000000000256,-0.0019999999999988916,0.0010000000000012221,0.23599599990120623,inf
8.5,15655.768374616,FOLLOW,0.5923809792743795,0.5904000304742519,0.04571953203838451,0.054944266835186835,0.054878592206032535,0.02954297511651174,-0.03980453554334562,0.5652106365921672,0.7356861238675918,inf,unknown,True,stop,0,0.5383333268753973,0.0004630189996532863,0.03924415899928135,0.03864174500085937,0.0,-0.005000000000000782,-0.0030000000000001137,-0.0030000000000001137,1.0824780001712497,inf
8.7,15656.020365573,FOLLOW,0.6036270157469541,0.6016055631856936,0.04667293503945327,0.05531751517143329,0.055065267527437574,0.033772910673215105,-0.03229961023717168,0.5675550118219336,0.7399816051873306,inf,unknown,True,stop,0,0.6133250992812657,0.05778006699983962,0.025606191000406398,0.02493295699969167,0.0,0.053999999999998494,-0.0010000000000012221,-0.0070000000000014495,0.4560189991025254,inf
8.8,15656.132978057,FOLLOW,0.6092511439293088,0.6072070527983563,0.04717702322223099,0.05513683697136711,0.055338332810603616,0.03443332044478339,-0.03072793567187243,0.564639706117454,0.7414104597145907,inf,unknown,True,stop,0,0.6222327037323659,0.034374074999504955,0.01770719799969811,0.01832688499962387,0.0,0.028999999999999915,-0.009999999999999787,-0.008999999999998565,0.270206999630318,inf
9.0,15656.376402708,FOLLOW,0.6197293422724955,0.6176385681890743,0.04816486529657153,0.06436889616831296,0.065089862335251,0.04599305424413388,-0.016352103220778347,0.5394496784674825,0.8492868089214481,inf,unknown,True,stop,0,0.706608565359113,0.06245433699950809,0.11811809599930712,0.014700173000164796,0.0,0.06899999999999906,0.08699999999999974,0.021000000000000796,0.3772220006794669,inf
9.2,15656.668351385,FOLLOW,0.6353173939520226,0.6331440647007731,0.049766277145458414,0.06702213157958038,0.06692739680366824,0.051354396028744795,-0.009005771268195045,0.5362985040687884,0.8703336320624,inf,unknown,True,unknown,0,0.767315008222912,0.02912491300048714,0.03440853600113769,0.031060006000188878,0.0,0.017999999999998906,-0.011000000000001009,-0.017000000000001236,0.27937599952565506,inf
9.3,15656.777112945,FOLLOW,0.6398749581516602,0.6376739394930121,0.05026788484060157,0.06702384661554874,0.06764026412883195,0.05364030425213782,-0.00629726740858455,0.537100256175391,0.8803570672624936,inf,unknown,True,stop,0,0.7930232819607428,0.01925320299960731,0.14317009600017627,0.01867882899932738,0.0,0.015000000000000568,0.08900000000000041,0.015000000000000568,0.2876560010918183,inf
9.5,15657.021675032,FOLLOW,0.6537079933068741,0.6514116927947137,0.05188811785829542,0.06812942111913264,0.06821732550031577,0.05787374010055419,0.00013149297885198252,0.5362293399402386,0.887042522578459,inf,unknown,True,stop,0,0.848373044180489,0.02521315199919627,0.12228994299948681,0.012835056999392691,0.0,0.05400000000000027,0.08900000000000041,0.010999999999999233,0.34533600046415813,inf
9.7,15657.271487752,FOLLOW,0.6678088470078224,0.6653956751601974,0.05369920765133886,0.07330617815931482,0.07377215789421634,0.06581094400198852,0.01013997921908441,0.511244178884208,0.9336729089559905,inf,unknown,True,stop,0,0.8920837600596745,0.09155563899912522,0.01059004299895605,0.03651242799969623,0.0,0.10699999999999932,-0.011000000000001009,0.006999999999999673,84.23344400034694,inf
9.8,15657.368254548,FOLLOW,0.6752861973715182,0.6728019376212628,0.054727736992076205,0.07330903470282231,0.07377215789421634,0.06581094400198852,0.01013997921908441,0.511244178884208,0.9336729089559905,inf,unknown,True,stop,0,0.8920837600596745,0.0031919630000629695,0.10735683900020376,0.0005039530005888082,0.0,0.1070000000000011,0.08900000000000041,0.005000000000000782,3.714094998940709,inf
10.0,15657.668261614,FOLLOW,0.6904960212275416,0.687845569886883,0.05696925674667549,0.07651422240932697,0.07737449686607675,0.07526340671488377,0.021889115289077554,0.4994099854050265,0.9665471541255468,inf,unknown,True,stop,0,0.9727159434090156,0.056923718000689405,0.02447835299972212,0.02852502800124057,0.0,0.03200000000000003,-0.010999999999999233,0.0009999999999994458,35.47276700010116,inf
10.2,15657.918408644,FOLLOW,0.7062803417368049,0.7034222326903615,0.05952027981359812,0.07879653479026638,0.07909169390413971,0.08063259882804234,0.02813180475175156,0.4960719396681873,0.9843312162267366,inf,unknown,True,stop,0,1.019482512610872,0.05162320700037526,0.022413950000554905,0.0239007540003513,0.0,0.04099999999999859,-0.011000000000001009,-0.0030000000000001137,65.32138500006113,inf
10.3,15658.022889365,FOLLOW,0.7143175141006076,0.7113380296121303,0.06091167906278551,0.07879583223116907,0.07934563885785753,0.0821950667536839,0.03199918554175307,0.48633500171553545,0.9767613465722141,inf,unknown,True,stop,0,1.0359115880449452,0.017861324000477907,0.00985914199918625,0.011219562000405858,0.0,0.014000000000001123,-0.010999999999999233,-0.004999999999999005,36.503560999335605,inf
10.5,15658.271695969,FOLLOW,0.7278094068567768,0.7245998441366814,0.06339213187874118,0.07947160314864105,0.07934563885785753,0.0821950667536839,0.03199918554175307,0.48633500171553545,0.9767613465722141,inf,unknown,True,stop,0,1.0359115880449452,0.2666679280009703,0.11896323000109987,0.04451401000005717,0.0,0.2140000000000004,0.08900000000000041,0.025000000000000355,0.42613000005076174,inf
10.7,15658.528144252,FOLLOW,0.7468880322236812,0.7432911463298232,0.06721539693160797,0.0809032176814493,0.08206966691963034,0.08923601444120258,0.04298851226015982,0.4616338743843701,0.982138959408276,inf,unknown,True,stop,0,1.0873202949463672,0.056341295001402614,0.017886483001348097,0.011161076001371839,0.0,0.06799999999999962,-0.011000000000001009,-0.0129999999999999,66.71363199893676,inf
10.8,15658.669422115,FOLLOW,0.7579351068803342,0.7540772451393503,0.06960214930710988,0.08221784189135749,0.08281080256508147,0.09146056656952897,0.046844289369425154,0.4523830785285104,0.9803684281366778,inf,unknown,True,stop,0,1.104452121420386,0.019391496998650837,0.03773772499880579,0.006345964999127318,0.0,0.006000000000000227,-0.011999999999998678,-0.04899999999999949,37.121502000445616,inf
11.0,15658.86860267,FOLLOW,0.7720163247649532,0.7677829879314082,0.07283162819888946,0.08293279775711986,0.0827793423380499,0.0919618086778106,0.047614694076805616,0.4525973422844777,0.980242323242754,inf,unknown,True,stop,0,1.1109270269660012,0.03471965300013835,0.02939976299967384,0.022842493999633007,0.0,0.03599999999999959,-0.012000000000000455,-0.019000000000000128,0.4284900005586678,inf
11.2,15659.069730369,FOLLOW,0.7861700101991982,0.7815070342298717,0.07629189227892154,0.0845740031797449,0.08610950083465191,0.09777801222303993,0.05613851556336634,0.42292236794177274,0.9841865879046641,inf,unknown,True,stop,0,1.1355078275368706,0.007441959998686798,0.011480121998829418,0.03258027499941818,0.0,0.019000000000000128,-0.011000000000001009,0.010999999999999233,37.747919999674195,inf
11.3,15659.177394341,FOLLOW,0.7947967046848471,0.7898445045261939,0.07850682656335645,0.0845756894698112,0.08620662717137535,0.09834499654197273,0.058031075694266465,0.41613505353737257,0.9771701428025934,inf,unknown,True,stop,0,1.1408055246897293,0.02303305100031139,0.11914409400014847,0.02947658100129047,0.0,0.034000000000000696,0.08900000000000041,0.009000000000000341,43.9919699983875,inf
11.5,15659.418516333,FOLLOW,0.8124091826170818,0.8067975314205784,0.08328010836042127,0.08637555679918386,0.08870589015125153,0.10131035873044693,0.061165022878252706,0.39944734647157026,0.9849401180252312,inf,unknown,True,stop,0,1.142092803056298,0.016429405999588198,0.02898608699979377,0.04068643800019345,0.0,0.02400000000000091,-0.0129999999999999,0.005000000000000782,0.36647500019171275,inf
11.7,15659.622428973,FOLLOW,0.8306301581703799,0.8242321110188787,0.08857424001745266,0.09024749237182392,0.09335194243750483,0.10686108996166158,0.06695613430577346,0.3681658343980296,0.9959690660442045,inf,unknown,True,unknown,0,1.14471201317745,0.013302764000400202,0.11353334399973392,0.012342322999757016,0.0,0.053999999999998494,0.08699999999999974,0.0009999999999994458,0.2474369994160952,inf
11.8,15659.771425232,FOLLOW,0.8400548534171957,0.8332059495947713,0.09145423014793755,0.09353289991021534,0.09415449583800949,0.10788117331072994,0.06840850808586973,0.36051032987711845,0.9945203706830329,inf,unknown,True,stop,0,1.1457888691405334,0.1159433530010574,0.03489147700020112,0.04012153099938587,0.0,0.08800000000000097,-0.0129999999999999,-0.0009999999999994458,0.4148419993725838,inf
11.8,15659.820255697,STOP_HOLD,0.8432619431546109,0.836252503569901,0.09245619494794599,0.09434110763868042,0.0,0.0,0.07011544980755843,0.34799386102236646,0.9959745861891152,inf,unknown,True,stop,0,1.1424283861877575,0.02125603100103035,0.08372194200092054,0.04693323400169902,0.048830465000719414,-0.017999999999998906,-0.0129999999999999,-0.03500000000000014,35.72261599947524,inf
12.0,15660.021496866,STOP_HOLD,0.8542601047958825,0.8466720274757277,0.09597637412470367,0.0025207546396042173,0.0,0.0,0.07102449043162629,0.34270817675450377,0.9939964516728638,inf,unknown,True,stop,0,1.1425351107759405,0.03943993000029877,0.030706075000125566,0.04430320600113191,0.0,0.02999999999999936,-0.01699999999999946,-0.005000000000000782,0.7100379989424255,inf
12.2,15660.268700689,STOP_HOLD,0.8542798804713747,0.8466533331567127,0.09596992433631955,9.43603571611871e-05,0.0,0.0,0.07177166007884897,0.3353854546160232,0.997250787251062,inf,unknown,True,stop,0,1.1386930305094491,0.011298319999696105,0.010848062998775276,0.0016883279986359412,0.0,0.0129999999999999,-0.015000000000000568,-0.04300000000000104,0.42123500134039205,inf
12.3,15660.36952143,STOP_HOLD,0.8542844293522928,0.8466490333116342,0.0959684398667524,3.218300840092999e-05,0.0,0.0,0.07177166007884897,0.3353854546160232,0.997250787251062,inf,unknown,True,stop,0,1.1386930305094491,0.015540952999799629,0.01459953400080849,0.014868751000904012,0.0,0.03200000000000003,-0.016000000000000014,-0.010999999999999233,0.33974599864450283,inf
12.5,15660.618089015,STOP_HOLD,0.8542861228691578,0.8466474325776344,0.09596788701050965,4.491439637981313e-06,0.0,0.0,0.07161950622684435,0.33616246995426646,0.996393936154994,inf,unknown,True,stop,0,1.1385242927209915,0.09605537000061304,0.031194503000733675,0.03200790700066136,0.0,0.07399999999999984,-0.016000000000000014,-0.015000000000000568,41.39172699979099,inf
12.7,15660.869905083,STOP_HOLD,0.8542868674933307,0.8466467287985361,0.09596764378193749,2.810796568947715e-06,0.0,0.0,0.07161950622684435,0.33616246995426646,0.996393936154994,inf,unknown,True,stop,0,1.1385242927209915,0.030670902000565547,0.04535490700072842,0.04371457600063877,0.0,0.010999999999999233,-0.017000000000001236,-0.019000000000000128,33.961299999646144,inf
12.8,15660.967855629,STOP_HOLD,0.8542870394893299,0.8466465662437765,0.09596758758074622,2.2545750143422095e-06,0.0,0.0,0.07161950622684435,0.33616246995426646,0.996393936154994,inf,unknown,True,stop,0,1.1385242927209915,0.03380046200072684,0.0006443530000979081,0.03572951100068167,0.0,0.04300000000000104,-0.016000000000000014,0.0129999999999999,0.24367600053665228,inf
13.0,15661.279878827,STOP_HOLD,0.8542873673952961,0.8466462563484785,0.09596748040226687,5.704032904648068e-07,0.0,0.0,0.07149241920841136,0.33387114507628696,0.9954706192135121,inf,unknown,True,stop,0,1.1344810067168838,0.06635848099904251,0.029286793998835492,0.014035210999281844,0.0,0.03999999999999915,-0.018000000000000682,-0.025000000000000355,45.24356000001717,inf
13.2,15661.474076715,STOP_HOLD,0.85428741363592,0.8466462564837979,0.0959674804512262,5.609089430053781e-07,0.0,0.0,0.07151994994397193,0.33527889913190434,0.9943602563641971,inf,unknown,True,stop,0,1.1365666467694497,0.009114307998970617,0.11176368199994613,0.008045915999900899,0.0,0.049999999999998934,0.08399999999999963,0.004999999999999005,0.5389400012063561,inf
13.3,15661.621424679,STOP_HOLD,0.8542875057976739,0.8466463435750813,0.09596751059914872,1.2379150262822514e-06,0.0,0.0,0.07150618457619169,0.3345751943422431,0.9956295619872644,inf,unknown,True,stop,0,1.135524074171223,0.05153277099998377,0.014102827000897378,0.03402317400104948,0.0,0.06400000000000006,-0.017999999999998906,0.0030000000000001137,0.7688360001338879,inf
13.5,15661.869668164,STOP_HOLD,0.8542878622902155,0.8466466804419641,0.09596762725091808,1.817782805389929e-06,0.0,0.0,0.07153317242334109,0.33407411286433925,0.9967573593570126,inf,unknown,True,stop,0,1.1350721616489485,0.023752641000100994,0.13597267899967846,0.032004324999434175,0.0,0.021000000000000796,0.08200000000000074,-0.0009999999999994458,0.7079480001266347,inf
13.7,15662.117925529,STOP_HOLD,0.854289619022502,0.8466478991415322,0.0959680494993773,1.4408672859849059e-05,0.0,0.0,0.07146879860182795,0.3342159183984413,0.9972507872510619,inf,unknown,True,stop,0,1.1347520651217002,0.01008092200027022,0.0009366600006615045,0.00956178100022953,0.0,0.049999999999998934,-0.02000000000000135,-0.005000000000000782,0.8280989986815257,inf
13.8,15662.268859766,STOP_HOLD,0.8542910874942734,0.8466492866773295,0.09596853028389715,1.4385123333761874e-05,0.0,0.0,0.07153317242334109,0.33407411286433925,0.9967573593570126,inf,unknown,True,stop,0,1.1350721616489485,0.04300582699943334,0.015135878000364755,0.029689986000448698,0.0,0.018000000000000682,-0.01899999999999835,-0.006999999999999673,0.6971019993216032,inf
14.0,15662.518607963,STOP_HOLD,0.8542940172505764,0.8466520549137682,0.09596948962690809,1.4338269525462196e-05,0.0,0.0,0.07146879860182795,0.3342159183984413,0.9972507872510619,inf,unknown,True,stop,0,1.1347520651217002,0.007596821000333875,0.00669085899971833,0.0060853710001538275,0.0,0.03200000000000003,-0.019999999999999574,-0.010999999999999233,0.40638599966769107,inf
14.2,15662.775390322,STOP_HOLD,0.8542969374578763,0.8466548140701585,0.09597044600898952,1.4291374329503842e-05,0.0,0.0,0.07140828569392185,0.3333412197369628,0.9975408766694341,inf,unknown,True,stop,0,1.1331129807195202,0.013058795999313588,0.023861675999796716,0.028084420999221038,0.0,-0.002000000000000668,-0.019000000000000128,-0.015000000000000568,33.41920200000459,inf
14.3,15662.868009356,STOP_HOLD,0.8542979087324493,0.8466557317659145,0.09597076414228793,1.4275761399620558e-05,0.0,0.0,0.07140828569392185,0.3333412197369628,0.9975408766694341,inf,unknown,True,stop,0,1.1331129807195202,0.007502862999899662,0.11648070999945048,0.023212186999444384,0.0,0.030000000000001137,0.0810000000000013,0.017000000000001236,0.6940100010979222,inf
14.3,15662.927040841,FOLLOW,0.854298393971969,0.8466561902356468,0.09597092308534722,1.4267970554883273e-05,0.09775851669273153,0.11087347633915193,0.07142205106170216,0.33404552787954983,0.9966555832005263,inf,unknown,True,stop,0,1.134156696420042,0.06653434799954994,0.04273168299914687,0.04159709799932898,0.059031484999650274,0.030000000000001137,-0.017999999999998906,-0.01699999999999946,44.35331300010148,inf
14.5,15663.168498217,FOLLOW,0.86431276239742,0.8561075720210742,0.09928128255867037,0.09789561804753727,0.09789413741695892,0.11099671260931844,0.071791344122621,0.3316108886841471,0.9947280121192963,inf,unknown,True,stop,0,1.1338443295797371,0.1288799910016678,0.03995868700076244,0.0351782980014832,0.0,0.08699999999999974,-0.018000000000000682,-0.021000000000000796,0.39254099829122424,inf
14.7,15663.368356624,FOLLOW,0.8843682953622527,0.8749266857808399,0.1062130021920513,0.09860040046683169,0.0995932730644312,0.11337952374786359,0.07460714470076987,0.3182279210786832,0.9934815203678895,inf,unknown,True,stop,0,1.138425520712764,0.0984423030004109,0.003435567999986233,0.0011582789993553888,0.0,0.09799999999999898,-0.019000000000000128,-0.025000000000000355,0.33566400088602677,inf
14.8,15663.51854637,FOLLOW,0.8945390948947735,0.8844092782837458,0.10989058200830755,0.09972910864903568,0.10167671831908523,0.1134392428094634,0.07567988945875966,0.29433523247300947,0.9805239979329826,inf,unknown,True,stop,0,1.1156855245215982,0.007723872000497067,0.027385486999264685,0.026575496000077692,0.0,-0.004999999999999005,-0.02099999999999902,-0.026999999999999247,0.6520049992104759,inf
15.0,15663.719875386,FOLLOW,0.9119803261311683,0.9005713202281692,0.11644618817605963,0.10600306218774597,0.10861948300374641,0.1108412681718869,0.07991576687603202,0.19428681048869761,0.8965434182114966,inf,unknown,True,stop,0,1.0204547573483098,0.07172014199932164,0.02655325599880598,0.04124085500006913,0.0,0.06700000000000017,-0.018000000000000682,0.0030000000000001137,35.11662900018564,inf
15.2,15663.922318076,FOLLOW,0.9340272514963338,0.9208234790241261,0.1251580659655837,0.11323664836677583,0.09768706444883424,0.10685716733277771,0.07846839905593546,0.260332672546046,0.8959161158427299,inf,unknown,True,stop,0,1.093872233091276,0.04036500700021861,0.005471885000588372,0.011850494000100298,0.0,0.06199999999999939,-0.018000000000000682,-0.0010000000000012221,32.00298599949747,inf
15.3,15664.077362532,FOLLOW,0.9444573435214899,0.9303371902740176,0.1294330292719245,0.07895134070361422,0.10438172680459387,0.10656004498245511,0.07968471565575656,0.19608989169878602,0.8641790586983699,inf,red,True,stop,0,1.0208687693195488,0.0412737560000096,0.03087686499929987,0.04552242499994463,0.0,0.012000000000000455,-0.019000000000000128,-0.0030000000000001137,28.296790000240435,2.1610539789931016
15.5,15664.328009745,FOLLOW,0.9652729486295785,0.9491823635980516,0.13827228915937112,0.10458380618577899,0.11317463548577643,0.10535602062326709,0.08070839315623149,0.12002173929103943,0.8174065387353173,inf,red,True,stop,0,0.930915484472738,0.112279564000346,0.03347922100147116,0.047032823000336066,0.0,0.0779999999999994,-0.019999999999999574,-0.006999999999999673,0.5702439993910957,2.1610539789931016
15.7,15664.572521693,FOLLOW,0.9884473338689896,0.9699442419472536,0.1485667584297991,0.1269677107300165,0.1270583984114585,0.1054987017396929,0.08186595002855009,0.035734543418674096,0.7689407391572898,inf,red,True,stop,0,0.8303166343876937,0.16926027900080953,0.014653586000349605,0.028282766001211712,0.0,0.14399999999999835,-0.019000000000000128,-0.011000000000001009,0.4150570002821041,2.1610539789931016
15.8,15664.72350308,FOLLOW,1.00038946348663,0.9805596128394838,0.1540373450648188,0.09559564153004411,0.08571486745718922,0.038396554807939666,0.08576512463841335,-0.26022357475442054,0.785985780585928,inf,red,True,stop,0,0.4479567658098176,0.030974088000220945,0.010882082000534865,0.011988532000032137,0.0,0.05600000000000094,-0.017999999999998906,-0.0129999999999999,41.371932999027194,2.1610539789931016
16.0,15665.07702355,FOLLOW,1.0206931271218196,0.9985138545846103,0.16351791659045573,0.0801586561323861,0.07780679898365858,0.019559242153306365,0.08390433377291989,-0.37110324216676815,0.8332927077627379,inf,red,True,stop,0,0.2513821723653521,0.044779468000342604,0.046109520000754856,0.04431147300056182,0.0,0.013999999999999346,-0.036000000000001364,-0.05099999999999838,35.43326100043487,2.1610539789931016
16.1,15665.12705659,FOLLOW,1.023418520747788,1.000917879228549,0.1648018308897005,0.08015862869316102,0.07780679898365858,0.019559242153306365,0.08390433377291989,-0.37110324216676815,0.8332927077627379,inf,red,True,stop,0,0.2513821723653521,0.09481250799944974,0.09614255999986199,0.013585655999122537,0.0,0.11400000000000077,0.06400000000000006,0.015000000000000568,0.32939700031420216,2.1610539789931016
16.3,15665.532398587,FOLLOW,1.0469913304036569,1.0216618129608181,0.17599838491672432,0.09744693775994717,0.09127990753203562,0.03393415452084083,0.07247278628294053,-0.2264802193320701,0.7942368957122327,inf,red,True,stop,0,0.37175929991965967,0.04378337600064697,0.0488306190000003,0.04600394400040386,0.0,0.028999999999999915,-0.036999999999999034,-0.05699999999999861,35.387890000492916,2.1610539789931016
16.5,15665.719060881,FOLLOW,1.0628687752808124,1.0355707836390557,0.18365560394777705,0.09132439634649536,0.09677945855607416,0.032444057506919394,0.07113317591308037,-0.24180805725622542,0.8626921705303242,inf,red,True,stop,0,0.3352370223080062,0.02447161099917139,0.10865743599970301,0.0008251819999713916,0.0,0.0799999999999983,0.06099999999999994,-0.027000000000001023,0.30922299993108027,2.1610539789931016
16.6,15665.818087644,FOLLOW,1.0694441985251861,1.0413178021154306,0.1868505931857458,0.09682238136418021,0.09155546880230045,0.021725167439674203,0.0641075848269827,-0.2606840921097728,0.8401283581018404,inf,red,True,unknown,0,0.23728967503389956,0.05155947099956393,0.09835008600020956,0.010617615000228398,0.0,0.10500000000000043,0.06099999999999994,0.005000000000002558,0.34368699925835244,2.1610539789931016
16.8,15666.118382995,FOLLOW,1.0913233920786667,1.0603989436763914,0.1975561169346592,0.09026629134117686,0.09024243404073481,0.010870039003385167,0.05334830069153147,-0.267705313981203,0.8368798993832895,inf,red,True,unknown,0,0.12045374350694604,0.06627866000053473,0.0026130450005439343,0.004459764000785071,0.0,0.07700000000000173,-0.04199999999999804,-0.0329999999999977,0.3053229993383866,2.1610539789931016
17.0,15666.318273414,FOLLOW,1.1035169692289366,1.0710164511134492,0.20355210182924993,0.08771905202805852,0.08489290147236009,0.0019537226206967923,0.041570400749129155,-0.25586724730694094,0.7733121333968912,inf,red,False,unknown,0,0.023013969210757823,0.014249876998292166,0.0767625959997531,0.04818398499992327,0.0,0.08599999999999852,0.05900000000000105,0.030999999999998806,31.164931000603247,2.1610539789931016
17.1,15666.471281124,FOLLOW,1.1152600626812077,1.0812352449461202,0.2093379890284981,0.08490845519177277,0.08637244134415384,-0.0020864263397903427,0.0359244795688522,-0.2504322633774976,0.7802697571794186,inf,red,False,unknown,0,-0.024156157998092335,0.06852373900073871,0.10396917999969446,0.020588581000993145,0.0,0.10200000000000031,0.05799999999999983,-0.004999999999999005,0.3755229990929365,2.1610539789931016
17.3,15666.721949427,FOLLOW,1.1351570189685707,1.0985407685512023,0.21915671809315126,0.11601792633783911,0.11597671241710586,0.009518904557596875,0.021734780914767302,-0.08924067503094217,0.7880628482057546,inf,red,False,unknown,0,0.08207599921751958,0.1268092099999194,0.08553429499988852,0.008091154999419814,0.0,0.1490000000000009,0.0519999999999996,-0.009000000000000341,0.4398220007715281,1.852331981994087
17.5,15666.969703794,FOLLOW,1.1548767096935049,1.1156668884030616,0.2289323072323589,0.11599761430072841,0.08795962614853138,-0.02618104231310173,0.011327968496259652,-0.27054201197902006,0.8191753429244258,inf,red,False,unknown,0,-0.29764840369934725,0.03486212499956309,0.0714243290003651,0.04350594599964097,0.0,0.08899999999999864,0.05099999999999838,0.021000000000000796,32.15862499928335,1.852331981994087
17.6,15667.124083015,FOLLOW,1.1687910219022375,1.1277446484696896,0.23584141522457866,0.08795064402855246,0.07367876602400554,-0.024936314810915752,0.017420800518146803,-0.33304471503665023,0.7501365283933219,inf,red,False,unknown,0,-0.3384464229869317,0.012147565999839571,0.1037523869999859,0.013703234999411507,0.0,0.04600000000000293,0.0519999999999996,-0.014999999999997016,20.714895999844884,1.852331981994087
17.8,15667.370229062,FOLLOW,1.1850874990647409,1.1419190479923556,0.2438826179919858,0.08510446045402095,0.12699906185125143,0.007109386318612217,-0.0014643910356525597,0.047519191356490256,0.789368298093124,inf,red,False,unknown,0,0.05597983335451042,0.005682697001248016,0.09491139100100554,0.005200364999836893,0.0,0.045000000000001705,0.0519999999999996,-0.01899999999999835,27.104460999908042,1.852331981994087
18.0,15667.72267615,FOLLOW,1.214126953566373,1.1672444248254377,0.2580922998675779,0.1313283597128617,0.13382644261199295,-0.0004653126043845724,-0.004088309633279062,0.02490328149134684,0.7897679807798501,inf,red,False,unknown,0,-0.0034769855291877354,0.04995555200002855,0.02793007500076783,0.008789980000074138,0.0,0.01899999999999835,-0.047999999999998266,-0.05699999999999861,0.3073190000577597,1.852331981994087
18.1,15667.831297288,FOLLOW,1.2232242291279427,1.1751777824054421,0.2625445195548289,0.13384035263793317,0.07359065875932792,-0.03516087448179253,0.0050717515432104066,-0.3456757633564416,0.7621495923092397,inf,red,False,unknown,0,-0.47778991348322103,0.0929993089994241,0.13655121299962047,0.03140222299953166,0.0,0.0730000000000004,0.052000000000003155,-0.02499999999999858,0.37387399970612023,1.852331981994087
18.3,15668.07936965,FOLLOW,1.238974943185567,1.1889295382092984,0.270223928752434,0.07357481588877805,0.07359065875932792,-0.03516087448179253,0.0050717515432104066,-0.3456757633564416,0.7621495923092397,inf,red,False,unknown,0,-0.47778991348322103,0.34107167100046354,0.13963158000115072,0.028685803001280874,0.0,0.2729999999999997,0.0519999999999996,-0.028999999999999915,0.4655960001400672,1.852331981994087
18.5,15668.32811664,FOLLOW,1.2491835559759459,1.1978727945980636,0.2751467014418829,0.03843381188438117,0.051925154744183646,-0.04898731414636664,0.04340076456761027,-0.7638265220761594,0.8393315590859673,inf,red,False,unknown,0,-0.9434216303775949,0.03974681799991231,0.11302029299986316,0.04856658599965158,0.0,0.04299999999999926,0.0519999999999996,0.0010000000000012221,24.64447600141284,1.852331981994087
18.6,15668.419527651,FOLLOW,1.2535723568458106,1.2017280311838054,0.2772440102677056,0.05287339177874435,0.051925154744183646,-0.04898731414636664,0.04340076456761027,-0.7638265220761594,0.8393315590859673,inf,red,False,unknown,0,-0.9434216303775949,0.00438826999925368,0.06557948000045144,0.007904743000835879,0.0,0.05000000000000071,0.05000000000000071,-0.0009999999999976694,0.7711910002399236,1.852331981994087
18.8,15668.723436881,FOLLOW,1.2642903942809915,1.2111790842156775,0.28229900523634,0.053740449357583944,0.05448739791990877,-0.05174891919060852,0.044652341578998556,-0.7707145511598583,0.8859609666621471,inf,red,False,unknown,0,-0.9497410624503385,0.05580972800089512,0.08501370200065139,0.02385179600059928,0.0,0.05600000000000094,0.05100000000000193,-0.004999999999999005,19.750082999962615,1.852331981994087
19.0,15668.969453528,FOLLOW,1.2754668625268302,1.2210883087198323,0.28746810411323864,0.05585125992776393,0.05588281021899039,-0.05316776477887522,0.0457030083855785,-0.7749778649280602,0.9119592366290182,inf,red,False,unknown,0,-0.9514153738962732,0.02873200199974235,0.055342010000458686,0.006802587999118259,0.0,0.053000000000000824,0.03999999999999915,-0.009000000000000341,0.3378060009708861,1.852331981994087
19.1,15669.06831697,FOLLOW,1.279264747127022,1.2244679346349763,0.28920074501053084,0.055851243656370515,0.08341624488665753,0.033664427804887695,0.024489955972034023,0.11097061902636841,0.5919895873137574,inf,red,False,unknown,0,0.4035716046751984,0.09117511800104694,0.03206658199997037,0.013863250000213156,0.0,0.10800000000000054,0.04200000000000159,0.022999999999999687,0.9111879990086891,1.852331981994087
19.3,15669.319127997,FOLLOW,1.294512045348247,1.238045741016501,0.2961378041371359,0.05131364113348199,0.02272574869360755,-0.020829623454589174,0.06114565096597541,-0.8122219397130259,0.38262015503882923,inf,red,False,unknown,0,-0.9165648945351696,0.1565378340001189,0.06639888899917423,0.0039485519992013,0.0,0.15700000000000003,0.038000000000000256,-0.015000000000000568,0.34839200088754296,1.852331981994087
19.5,15669.574686741,FOLLOW,1.3007894222471357,1.2436530304169924,0.2989598067943353,0.03933520487769464,0.039530815705774776,-0.03219369016275923,0.009561011293719335,-0.5645231176880299,0.529560911240067,inf,red,False,unknown,0,-0.8143947851310409,0.010445366000567446,0.09842263000064122,0.025847741999314167,0.0,0.0030000000000001137,0.04100000000000037,-0.01899999999999835,0.47048200030985754,1.852331981994087
19.6,15669.668406862,FOLLOW,1.3034701839421836,1.2460517675383933,0.3001566950230735,0.03951894586769765,0.0430462095616556,-0.03367194376785331,0.016088784099363457,-0.5782830747158368,0.5848802534005374,inf,red,False,unknown,0,-0.7822278456277222,0.06394549499964342,0.07564519699917582,0.04034688499996264,0.0,0.07000000000000028,0.04100000000000037,0.013000000000001677,24.721702000533696,1.852331981994087
19.8,15669.924406472,FOLLOW,1.3134592525098223,1.255011982647924,0.30457207181203394,0.042905159456191146,0.038927410926470514,-0.02593703419904185,0.04677007351713797,-0.6575191267567999,0.5717566890258917,inf,red,False,unknown,0,-0.6662923010223819,0.013627416999952402,0.08788200500021048,0.010748499000328593,0.0,0.010999999999999233,0.04200000000000159,-0.02499999999999858,22.87134799917112,1.852331981994087
20.0,15670.176051883,FOLLOW,1.3212159788299216,1.2619923699851407,0.3079545055176644,0.02477573726085995,0.025420377874396816,-0.02033819685288344,0.0153196770198957,-0.5840120381686614,0.3474160811555938,inf,green,False,unknown,0,-0.800074528922243,0.056162041999414214,0.0719163239991758,0.014213565998943523,0.0,0.045000000000001705,0.04200000000000159,-0.028999999999999915,0.37151700053073,2.1610539789931016
20.1,15670.269677774,FOLLOW,1.3229435641612688,1.263549493612335,0.30870278136961626,0.025419437157946555,0.04433816361773579,-0.03622089513837168,0.005911150934926529,-0.5483501872637478,0.5840014690251449,inf,green,False,unknown,0,-0.8169236653699137,0.00739665299988701,0.06597259999944072,0.023069885000950308,0.0,0.03200000000000003,0.038000000000000256,0.0030000000000001137,0.9318209995399229,2.1610539789931016
20.3,15670.529930469,FOLLOW,1.3331754137391827,1.2727926373696878,0.31309076875932884,0.040338272146785877,0.04696045713459404,-0.039078789616039354,0.004979510890651073,-0.5521842321838203,0.6210417613847866,inf,green,False,unknown,0,-0.8321637394635037,0.029396992000329192,0.10424040199904994,0.014318051000373089,0.0,0.0020000000000024443,0.04200000000000159,-0.03500000000000014,19.588064000345184,2.1610539789931016
20.5,15670.718661572,FOLLOW,1.34069657341046,1.2796119892411195,0.31626316450810193,0.0469421019939371,0.045038567395657335,-0.03708834752623535,0.00827397776773603,-0.5632780591914156,0.6025647748562578,inf,green,False,unknown,0,-0.8234797346109958,0.0004818840006919345,0.0744903440008784,0.015417661999890697,0.0,0.0259999999999998,0.04200000000000159,-0.004999999999999005,0.3041399995709071,2.1610539789931016
20.6,15670.869701127,FOLLOW,1.3452916895917573,1.2837879526608797,0.31818055876894247,0.045022099975448066,0.030208538538123723,-0.02596412404350845,-0.003502757245421567,-0.525806587711294,0.38843422199618677,inf,green,False,unknown,0,-0.8594961987565619,0.020573150999553036,0.07649862799917173,0.047604843999579316,0.0,0.004000000000001336,0.038000000000000256,-0.006999999999997897,0.42666900117183104,2.1610539789931016
20.7,15671.080969931,LANE_GRACE,1.350413730224565,1.2884511665151954,0.32029944967914664,0.03037350266090811,0.04,-0.03439827100499546,0.04909401091323187,-0.6897494186842738,0.20330951368472577,inf,green,False,unknown,0,-0.8599567751248863,0.10142443499898945,0.02925924899864185,0.020464583998546004,0.11187946799873316,0.012999999999998124,-0.05900000000000105,-0.07700000000000173,22.834066001450992,2.1610539789931016
20.8,15671.172891368,LANE_GRACE,1.3527431192637878,1.290574878147385,0.3212564768279341,0.03849370431603211,0.04,-0.03439827100499546,0.04909401091323187,-0.6897494186842738,0.20330951368472577,inf,green,False,unknown,0,-0.8599567751248863,0.01700920000075712,0.12118068599920662,0.01375410800028476,0.0,-0.006999999999997897,0.04100000000000037,-0.04499999999999815,0.41508399954182096,2.1610539789931016
20.8,15671.219196114,FOLLOW,1.3527431192637878,1.290574878147385,0.3212564768279341,0.03849370431603211,0.06720589303081449,-0.056565477634135435,-0.003454562499568048,-0.5158634728987465,0.854880869311992,inf,green,False,unknown,0,-0.8416743693622175,0.06331394600056228,0.033379909000359476,0.06005885400008992,0.046304745999805164,-0.006999999999997897,-0.05900000000000105,-0.04499999999999815,35.629010999400634,1.852331981994087
21.0,15671.372184644,FOLLOW,1.3599308302195974,1.2971395126676226,0.32418369765205435,0.06717074985649199,0.06929393059107261,-0.05947853269680384,-0.011198267985072896,-0.48589170656203856,0.8525960892460662,inf,green,False,unknown,0,-0.8583512609178887,0.022882826000568457,0.026503610000872868,0.02547168499950203,0.0,0.04800000000000182,0.04100000000000037,0.01899999999999835,0.3593460005504312,2.1610539789931016
21.1,15671.520781076,FOLLOW,1.3692756568347677,1.3057002532182733,0.3279305740637931,0.06925582078864564,0.05909473554233967,-0.04926905120242354,-0.0008159644130221744,-0.5245816390885081,0.7588598256838656,inf,green,False,unknown,0,-0.8337299549656786,0.030404332001126022,0.0949974060004024,0.01402145400061272,0.0,0.038000000000000256,0.04100000000000037,-0.01699999999999946,0.3190549996361369,2.1610539789931016
21.3,15671.729425023,FOLLOW,1.3791262211373243,1.3147554168454108,0.3318083472917614,0.05778768314990032,0.055318509587908384,-0.0458735209384172,0.0037352534386205505,-0.5445474927017698,0.7257077712674678,inf,green,False,unknown,0,-0.8292616934214061,0.12080457200136152,0.07870237000133784,0.037463198001205456,0.0,0.11700000000000088,0.04100000000000037,0.013000000000001677,0.35060199843428563,2.1610539789931016
21.5,15671.975675408,LANE_GRACE,1.3907396107086,1.3254707283239127,0.336286285611482,0.06282572030141573,0.04,-0.03457491375159406,0.003195969853480113,-0.5618098468301873,0.0,inf,green,False,unknown,0,-0.8643728437898515,0.012793672000043443,0.07594101500035322,0.051521738001611084,0.0,0.004000000000001336,0.038000000000000256,0.009000000000000341,18.512710999857518,2.1610539789931016
21.6,15672.122217003,FOLLOW,1.3975188839888977,1.3317456258040283,0.33885223437150574,0.03998599667134182,0.05214905577000136,-0.04301171952608888,0.000784735450614138,-0.5275125204112618,0.6717903076986309,inf,green,False,unknown,0,-0.8247842437605799,0.028003549999993993,0.10848661700038065,0.034132241999031976,0.0,0.017000000000003013,0.03900000000000148,-0.02699999999999747,25.059921001229668,2.1610539789931016
21.8,15672.319327004,FOLLOW,1.405290929465479,1.3389570642278517,0.3417504501184455,0.052126523509687946,0.05202240438523766,-0.04300511943965342,0.0007915201471132005,-0.528604614753557,0.6709478442042691,inf,green,False,unknown,0,-0.8266653559722228,0.15393248299915285,0.06748271099968406,0.025151566998829367,0.0,0.16499999999999915,0.03999999999999915,0.0030000000000001137,0.6247630008147098,2.1610539789931016
22.0,15672.51816962,FOLLOW,1.415899068855601,1.3488291758669106,0.3456328926032866,0.05199967958944193,0.05202240438523766,-0.04300511943965342,0.0007915201471132005,-0.528604614753557,0.6709478442042691,inf,green,False,unknown,0,-0.8266653559722228,0.3527750989997003,0.04973998999957985,0.0048817040005815215,0.0,0.36499999999999844,0.04100000000000037,-0.0010000000000012221,0.48265900113619864,2.1610539789931016
22.1,15672.671869933,FOLLOW,1.4212030303194274,1.3537775502245255,0.3475422275600072,0.051999573920649016,0.03643222643043239,-0.03362468056415568,0.05877152217602405,-0.8070454664289106,0.6107688020106242,inf,green,False,unknown,0,-0.9229378453815403,0.0417825399999856,0.07851990299968747,0.04998290299954533,0.0,0.012000000000000455,0.0400000000000027,-0.0030000000000001137,32.704604000173276,2.1610539789931016
22.3,15672.871684406,FOLLOW,1.427579322685872,1.3597381052247977,0.3498069073940774,0.036538979503589586,0.036552379497066204,-0.03371763442451786,0.0576324853572161,-0.8032153295706106,0.6108386575437853,inf,green,False,unknown,0,-0.9224470441718885,0.032755603999248706,0.06136511899967445,0.006619809000767418,0.0,0.036999999999999034,0.04100000000000037,-0.006999999999997897,0.6014459995640209,2.1610539789931016
22.5,15673.119020836,FOLLOW,1.4359489682072741,1.3675817636297734,0.35272712322977634,0.04381076829312148,0.04420973945945847,-0.041014659244304454,0.036271174444579946,-0.7316999640913393,0.6948911188716196,inf,green,False,unknown,0,-0.9277290421925243,0.017900804999953834,0.0649812080009724,0.02674531000047864,0.0,0.010999999999999233,0.03399999999999892,-0.010999999999999233,27.918077999856905,2.1610539789931016
22.6,15673.268268725,FOLLOW,1.44044281022432,1.37180229737649,0.354270394452089,0.04418850801882769,0.0443838512923551,-0.04109300661118696,0.03518181898671391,-0.726851259110862,0.6946388710136058,inf,green,False,unknown,0,-0.9258549092666283,0.04398283000045922,0.0884125539996603,0.02644280099957541,0.0,0.03200000000000003,0.03400000000000247,-0.012999999999998124,18.445592999341898,2.1610539789931016
22.8,15673.468790032,FOLLOW,1.4479723425077173,1.378887879969238,0.35681758205268327,0.04436237049388054,0.04472268580051954,-0.04139385969632447,0.033921531266285665,-0.7220139505359616,0.696937185744715,inf,green,False,unknown,0,-0.925567392820661,0.026089566001246567,0.039642300000195974,0.03688146800050163,0.0,0.04299999999999926,0.03300000000000125,0.01699999999999946,0.33674999940558337,2.1610539789931016
23.0,15673.768235611,FOLLOW,1.4596673806807472,1.3899273898844937,0.36067788082622687,0.053057378637832504,0.0530876428552481,-0.0490726833132714,0.016387854161331566,-0.6516529683742892,0.7754135721210527,inf,green,False,unknown,0,-0.924371109244309,0.03432759099996474,0.08084751000023971,0.01768322200041439,0.0,0.021000000000000796,0.03300000000000125,-0.021000000000000796,0.4045410005346639,2.1610539789931016
23.1,15673.868902306,FOLLOW,1.4632752775221824,1.3933412575760937,0.36184510759351823,0.05305725594941009,0.05379997735406042,-0.04963261525416216,0.016678336724717996,-0.6519772364923123,0.7860604375037982,inf,green,False,unknown,0,-0.9225397053148808,0.13499428599970997,0.058781845998964855,0.024977060998935485,0.0,0.12100000000000222,0.03500000000000014,0.011000000000002785,0.3163230012432905,2.1610539789931016
23.3,15674.117968962,FOLLOW,1.4742719807254159,1.4037697504206306,0.3653340992014275,0.05456596786869591,0.041124833960512516,-0.043463691554884394,-0.002570971967144481,-0.6383093671442082,0.5930597267145887,inf,green,False,unknown,0,-1.0568721468059328,0.04398811899955035,0.056223941001007915,0.014030178001121385,0.0,0.05000000000000071,0.03100000000000236,0.0070000000000014495,18.438961000356358,2.1610539789931016
23.5,15674.422550956,FOLLOW,1.4818827244814436,1.41100776178192,0.3676866173224673,0.040823638197130085,0.04144620434218957,-0.043580872435783104,-0.002298566819546821,-0.6366551434012699,0.5967419570248731,inf,green,False,unknown,0,-1.0515045497524746,0.14268622400049935,0.08557757400012633,0.03507862700098485,0.0,0.0940000000000012,0.027999999999998693,0.0030000000000001137,0.44789499952457845,2.1610539789931016
23.6,15674.518519287,FOLLOW,1.4860864921371528,1.4150134455788506,0.3689618173426038,0.04142064702949376,0.08391796658079376,-0.035928606734429054,-0.016515844344106613,-0.17966297743980078,0.6756130329016197,inf,green,False,unknown,0,-0.4281396249018742,0.03509693399973912,0.04872553899986087,0.01114742999925511,0.0,0.054999999999999716,0.028999999999999915,0.0010000000000012221,17.18813400111685,2.1610539789931016
23.8,15674.76984684,FOLLOW,1.4991436346554419,1.4274787676851395,0.3728482088177394,0.05043535835009677,0.05047119337487791,-0.05250783377105057,-0.011176487463083112,-0.5910699302836319,0.6947289180468327,inf,green,False,unknown,0,-1.040352531017949,0.165556898999057,0.05979764299991075,0.012935056000060285,0.0,0.1410000000000018,0.030000000000001137,-0.0030000000000001137,0.2820230001816526,2.1610539789931016
24.0,15675.020159678,FOLLOW,1.5094978620913955,1.4373932536015133,0.3758335081217708,0.051418427003161564,0.05179830257250906,-0.05338586690044029,-0.012658503095196144,-0.5787413643627318,0.7041269629373766,inf,green,False,unknown,0,-1.030648964330615,0.029208084000856616,0.08480287300153577,0.028668316001130734,0.0,0.013999999999999346,0.027999999999998693,-0.0070000000000014495,0.3611759984778473,2.1610539789931016
24.1,15675.124710052,FOLLOW,1.5147653136990367,1.4424490197851891,0.37731175554228114,0.05176034160158406,0.05200413525185346,-0.053311045377375854,-0.012877302524757855,-0.5745866317361584,0.7039240973813262,inf,green,False,unknown,0,-1.0251308885186359,0.01304463099950226,0.07255236099990725,0.013954904999991413,0.0,0.021000000000000796,0.028999999999999915,-0.009000000000000341,0.3208840007573599,2.1610539789931016
24.3,15675.368268246,FOLLOW,1.5253963055015638,1.4526764625268849,0.38021284965453267,0.05260709033186069,0.05264553222504884,-0.05332143238269616,-0.013122063644679244,-0.5664275531234585,0.7066401790435576,inf,green,False,unknown,0,-1.0128386992985081,0.05278690300110611,0.06752962000064144,0.009051461000126437,0.0,0.06099999999999994,0.028000000000002245,-0.012999999999998124,0.36854999962088186,2.593264774791722
24.5,15675.62110633,FOLLOW,1.5344883108859606,1.4614474469956813,0.38260739541654054,0.05683257558672342,0.05745352129059171,-0.05882252749283425,-0.016292024819334616,-0.5576234336945709,0.764150532446397,inf,green,False,unknown,0,-1.0238280643464532,0.01153795099889976,0.04544946699934371,0.02459375699982047,0.0,0.027000000000001023,0.027000000000001023,0.01699999999999946,19.76738099983777,2.1610539789931016
24.6,15675.776115421,FOLLOW,1.5422558425426438,1.4689578401569934,0.3845893770090109,0.05740773636652364,0.054778524936700775,-0.05697792311244145,-0.02078952328601444,-0.5454452679355861,0.7193069053596561,inf,green,False,unknown,0,-1.0401507375067545,0.0119357769999624,0.061065870000675204,0.015546988001005957,0.0,0.02400000000000091,0.028999999999999915,-0.01899999999999835,0.47067100058484357,2.593264774791722
24.8,15676.018323019,FOLLOW,1.551583380197569,1.477996945572428,0.3868908764179329,0.05501926276954024,0.05506327751570264,-0.05680983270495819,-0.020753356287144697,-0.5406181032261631,0.7193543840866119,inf,green,False,unknown,0,-1.031719056112442,0.22510645699912857,0.04085332099930383,0.024056049000137136,0.0,0.1739999999999995,0.0259999999999998,0.010999999999999233,0.339833999532857,2.1610539789931016
25.0,15676.269383275,FOLLOW,1.562874897557015,1.4889678333142091,0.38956232796155554,0.055691026455154814,0.05601194203055387,-0.05631633396029933,-0.020853575245474126,-0.5244331417207719,0.719156882572037,inf,green,False,unknown,0,-1.005434411282855,0.027594374998443527,0.05605911299971922,0.03342419000000518,0.0,0.038000000000000256,0.028999999999999915,0.0070000000000014495,0.48328100092476234,2.1610539789931016
25.1,15676.418685742,FOLLOW,1.5685832107675313,1.4945253258829119,0.39086579987891257,0.05596740483582368,0.04915690763775032,-0.04883599991187619,-0.02532249355395305,-0.49445125890311104,0.6106730266718018,inf,green,False,unknown,0,-0.9934717674220076,0.026729802000772906,0.07885787200029881,0.04675489200053562,0.0,0.014000000000002899,0.028000000000002245,0.005000000000002558,15.826768998522311,2.1610539789931016
25.3,15676.671459128,FOLLOW,1.578862663679934,1.5045512470936713,0.393134543195028,0.049245169954939626,0.04961688364553074,-0.04847680621765184,-0.025355503636469323,-0.48410120269533785,0.6092548125695607,inf,green,False,unknown,0,-0.9770223894748458,0.034964823000336764,0.05476913199890987,0.0065840719998959685,0.0,0.060000000000002274,0.0259999999999998,0.0010000000000012221,18.055939999612747,2.1610539789931016
25.5,15676.918728775,FOLLOW,1.5889840425576112,1.5144445732944425,0.39527080788325897,0.049862376675525046,0.04206929828875859,-0.04071392626615732,-0.031773523610517704,-0.444054738410055,0.4931776466973988,inf,green,False,unknown,0,-0.9677823952922114,0.030201596999177127,0.04413787399971625,0.012901766998766107,0.0,0.04200000000000159,0.01699999999999946,-0.0030000000000001137,24.77678800096328,2.1610539789931016
25.6,15677.018681923,FOLLOW,1.5921187271355421,1.5175127536490918,0.3959130783476762,0.04204218609604524,0.04206929828875859,-0.04071392626615732,-0.031773523610517704,-0.444054738410055,0.4931776466973988,inf,green,False,unknown,0,-0.9677823952922114,0.13015474500025448,0.00608571100019617,0.021395695001046988,0.0,0.142000000000003,0.01600000000000179,0.028999999999999915,0.3318429990031291,2.1610539789931016
25.8,15677.268360034,FOLLOW,1.6021904046497542,1.527383414419578,0.39791507735024123,0.04280037293289616,0.04282782310127962,-0.04049051663934516,-0.03219779389475781,-0.4272854337313286,0.4920949195848712,inf,green,False,unknown,0,-0.9454255133069178,0.052412200000617304,0.01485644000058528,0.005907755001317128,0.0,0.08200000000000074,0.01600000000000179,-0.009000000000000341,0.3694459992402699,2.1610539789931016
26.0,15677.520430796,FOLLOW,1.6111507479451408,1.5361803834669756,0.3996182067612297,0.0498278866691531,0.049864666193254095,-0.04783835640003968,-0.06661324522216999,-0.2325590548720894,0.43808814053773665,inf,green,False,unknown,0,-0.9593638151439476,0.07894614099859609,0.05159553699922981,0.01573723899855395,0.0,0.08399999999999963,0.015999999999998238,-0.013000000000001677,0.5327890012267744,2.1610539789931016
26.1,15677.674026698,FOLLOW,1.616227575380232,1.5411708847618393,0.40055042454259787,0.04965684995178494,0.04969400125087657,-0.04754609530709685,-0.06577113140445859,-0.2359459641909002,0.4389263824998959,inf,green,False,unknown,0,-0.9567773596467676,0.23254204299882986,0.07866616299907037,0.027458264999950188,0.0,0.18400000000000105,0.01600000000000179,-0.014999999999997016,0.47652000102971215,2.1610539789931016
26.3,15677.924159981,FOLLOW,1.6247767090099814,1.549584495331349,0.4020664956658424,0.05126922144181114,0.05205825451984033,-0.048422782018709795,-0.06661624954961858,-0.21078624476598834,0.4416175803784072,inf,green,False,unknown,0,-0.9301653016478877,0.11393928399957076,0.03603429699978733,0.030988979999165167,0.0,0.10000000000000142,0.01600000000000179,0.015000000000000568,0.749079999877722,2.593264774791722
26.5,15678.232274696,FOLLOW,1.6373022308155338,1.5619322949349785,0.40416861292391726,0.053459194280141606,0.0551060456545966,-0.04938441766056639,-0.06668722665414309,-0.1850174573109498,0.4477499821015724,inf,green,False,unknown,0,-0.8961705938783335,0.0154171239992138,0.07111635900037072,0.02269797299959464,0.0,0.004000000000001336,0.015000000000000568,-0.022999999999999687,19.1280849994655,2.1610539789931016
26.6,15678.31890788,FOLLOW,1.6409374465888824,1.5655202843929132,0.40475266485395583,0.05345893202702148,0.0551060456545966,-0.04938441766056639,-0.06668722665414309,-0.1850174573109498,0.4477499821015724,inf,green,False,unknown,0,-0.8961705938783335,0.024412717000814155,0.037141474000236485,0.02345891799996025,0.0,0.03500000000000014,0.014000000000002899,0.009000000000000341,0.36505099888017867,2.1610539789931016
26.8,15678.618790671,FOLLOW,1.6541003643917527,1.5785274270997307,0.40677127001679636,0.05666862749256471,0.05800158723706275,-0.050151535607393535,-0.06722948332228214,-0.15805774606028047,0.44955882001991626,inf,green,False,unknown,0,-0.8646579860377843,0.035680303000845015,0.09386058900054195,0.016236182000284316,0.0,0.012000000000000455,0.01600000000000179,-0.028999999999999915,23.5901769992779,2.1610539789931016
27.0,15678.879244823,FOLLOW,1.666135226531996,1.5904392190855148,0.4084876316288802,0.06582476038419102,0.06587469102983125,-0.054964998135980596,-0.05562224410789072,-0.21061271813663915,0.5586656131407852,inf,green,False,unknown,0,-0.8343871868953402,0.13700659999994969,0.08361206199879234,0.027267491999737103,0.0,0.09499999999999886,0.015999999999998238,-0.03300000000000125,0.35591500090959016,2.1610539789931016
27.1,15678.971720616,FOLLOW,1.6706112860285054,1.5948738162981848,0.40909544682107435,0.0658242441548261,0.06680989338793628,-0.054761275767017774,-0.05474968889293085,-0.2055450725527286,0.5618944685949714,inf,green,False,unknown,0,-0.819658182195302,0.06258120900020003,0.07031902100061416,0.023181083999588736,0.0,0.04800000000000182,0.01600000000000179,-0.0009999999999976694,0.46237400056270417,2.593264774791722
27.3,15679.172676937,FOLLOW,1.6842327004271092,1.6083822224299722,0.4108458994294553,0.06784739738202089,0.06789813158776374,-0.05459037639791611,-0.054229435098450844,-0.19758823957020696,0.5635434017449722,inf,green,False,unknown,0,-0.8040041032256345,0.15740723999988404,0.03540258400062157,0.014836581000054139,0.0,0.1479999999999997,0.01600000000000179,-0.004999999999999005,0.3705300005094614,2.593264774791722
27.5,15679.42062268,FOLLOW,1.698411095426398,1.622462150036512,0.41251340436150374,0.07148620792045778,0.07153779190645335,-0.054788214216476824,-0.054159555983987785,-0.17055718071410775,0.5668944564535908,inf,green,False,unknown,0,-0.7658639266937514,0.02875640599995677,0.04207286900054896,0.014048015998923802,0.0,0.04200000000000159,0.013000000000001677,-0.009000000000000341,0.5861240006197477,2.593264774791722
27.6,15679.578538438,FOLLOW,1.7057026733993474,1.629709879168952,0.41331178593450524,0.07148594784137874,0.07239091244290198,-0.05449729369830458,-0.0535687720908722,-0.16499564851178514,0.5680632016949619,inf,green,False,unknown,0,-0.7528195440455193,0.02084566600024118,0.07473201999891899,0.03117956599999161,0.0,0.009000000000000341,0.014000000000002899,-0.010999999999999233,0.7050690001051407,2.1610539789931016
27.8,15679.76943333,FOLLOW,1.720593155880384,1.6445236899284033,0.41482020446942774,0.07435456619653456,0.07487320216269322,-0.054526353318775075,-0.05324898566467122,-0.14941136793188803,0.57133595030064,inf,green,False,unknown,0,-0.7282492499825753,0.005177531000299496,0.02307346999987203,0.008093796999673941,0.0,0.028000000000002245,0.015000000000000568,-0.015000000000000568,0.3074099986406509,2.1610539789931016
28.0,15680.019271038,FOLLOW,1.7335219098412908,1.6573983783720674,0.41600086835140776,0.07796667474375132,0.07822438182928843,-0.053784337648346635,-0.05134207395500161,-0.13271420387629557,0.5787672123597882,inf,yellow,False,unknown,0,-0.6875648792689972,0.0214465819990437,0.02906637399973988,0.028301446000114083,0.0,0.030000000000001137,0.015000000000000568,0.015000000000000568,0.33694000012474135,2.1610539789931016
28.1,15680.177350154,FOLLOW,1.7441461478578224,1.6679857154532776,0.4168853289425332,0.07817295711103617,0.08043686730730774,-0.05419880701773276,-0.051909781804686986,-0.11915028861118197,0.5799836510773357,inf,yellow,False,unknown,0,-0.6738055425588256,0.038776606999817886,0.06620548799946846,0.013465589998304495,0.0,0.036000000000001364,0.015000000000000568,-0.020999999999997243,0.40540700138080865,2.1610539789931016
28.3,15680.422502658,FOLLOW,1.7578181953065053,1.681619038052013,0.41791303843409416,0.08047932866477041,0.08053095115227539,-0.05365512335036719,-0.05117793771430034,-0.1185735077753431,0.5800169142155592,inf,yellow,False,unknown,0,-0.6662671008183066,0.28392911100127094,0.049333389000821626,0.04304923800009419,0.0,0.23600000000000065,0.013000000000001677,0.009000000000000341,0.33452099887654185,2.1610539789931016
28.5,15680.678610381,FOLLOW,1.7776553243828457,1.7014149239034353,0.41918959588718946,0.08661298782529753,0.08756549017379103,-0.05228437878961035,-0.048930149423253015,-0.08418381904494848,0.5888582423456813,inf,yellow,False,unknown,0,-0.597088860986693,0.014449805001277127,0.05311634500139917,0.020223825000357465,0.0,-0.006000000000000227,0.013999999999999346,-0.028999999999999915,19.44539099895337,2.1610539789931016
28.6,15680.768262934,FOLLOW,1.7835744784429481,1.7073246311053982,0.4195238388935229,0.08751470293987902,0.08756549017379103,-0.05228437878961035,-0.048930149423253015,-0.08418381904494848,0.5888582423456813,inf,yellow,False,unknown,0,-0.597088860986693,0.10410235800009104,0.03392441200048779,0.027331117000358063,0.0,0.0940000000000012,0.014000000000002899,0.0030000000000001137,0.42166099956375547,2.1610539789931016
28.8,15681.01909718,FOLLOW,1.8014273976976458,1.7251556010892988,0.42040723733890295,0.08751388686281607,0.09236640355101698,-0.05147333672209795,-0.04779339881980131,-0.06355863587144288,0.5946839448675088,inf,yellow,False,unknown,0,-0.5572733671899172,0.01863359799972386,0.018241734000184806,0.017659479000940337,0.0,0.045000000000001705,0.013999999999999346,-0.0009999999999976694,0.4353339991212124,2.593264774791722
29.0,15681.269645273,FOLLOW,1.8175456196742663,1.741261035999575,0.42104790099465306,0.10123917732851825,0.10416896102707293,-0.053314551872519995,-0.039643854187944604,-0.08567509949280498,0.7026704237623025,inf,yellow,False,unknown,0,-0.5118084249555281,0.013007555000513094,0.026386225999885937,0.04143804799969075,0.0,0.03300000000000125,0.013999999999999346,0.028999999999999915,20.892677999654552,2.1610539789931016
29.1,15681.426723818,FOLLOW,1.831505912043956,1.7552142437937719,0.4214917078875089,0.10411451271720817,0.10516016186937986,-0.05280192228305518,-0.039065241798022704,-0.08273953512730409,0.7050689952046734,inf,yellow,False,unknown,0,-0.5021095569312721,0.009923882000293816,0.03443745900040085,0.014631137000833405,0.0,0.005000000000002558,0.014000000000002899,-0.006999999999997897,0.3372880000824807,2.1610539789931016
29.3,15681.676190513,FOLLOW,1.8530350808281886,1.7767376593325201,0.4219851516630052,0.10643785660357816,0.1113744523573114,-0.049867691720645375,-0.036892919026637036,-0.05933866921549266,0.7105360101446071,inf,yellow,False,unknown,0,-0.4477480307661572,0.01379192600143142,0.055845062001026236,0.021920096000030753,0.0,0.0020000000000024443,0.015000000000000568,-0.010999999999999233,19.0279879989248,2.1610539789931016
29.5,15681.922082883,FOLLOW,1.8755724081579195,1.7992731168225538,0.4222682607633366,0.11132140865070052,0.115398917901457,-0.04769842017063203,-0.035317234576006676,-0.04597628992812507,0.7147941842696124,inf,yellow,False,unknown,0,-0.41333507313615636,0.023852438000176335,0.06010853199950361,0.014861212999676354,0.0,0.004999999999999005,0.012000000000000455,-0.015000000000000568,0.3363409996381961,2.1610539789931016
29.6,15682.018474012,FOLLOW,1.887310118518011,1.8110106566577686,0.4223297766043007,0.11508040101665522,0.1161780925833114,-0.04739437710391655,-0.03488126859362379,-0.04515086175048169,0.7182885837498376,inf,yellow,False,unknown,0,-0.4079459048609359,0.12024356700021599,0.033579128999917884,0.0038629970003967173,0.0,0.10500000000000043,0.009000000000000341,-0.01699999999999946,17.530912000438548,2.1610539789931016
29.8,15682.278642201,FOLLOW,1.9070608783130745,1.8307613620471184,0.42231173079119155,0.11831553023604591,0.12383026588862756,-0.043361417228919126,-0.032260727876797415,-0.02277379104593454,0.7271137632772381,inf,yellow,False,unknown,0,-0.35016816702887654,0.044623461999435676,0.06079746799878194,0.061804900999050005,0.0,0.012000000000000455,0.012000000000000455,0.013000000000001677,24.557302000175696,2.1610539789931016
30.0,15682.519974377,FOLLOW,1.9361848690676187,1.859883838982231,0.4220264323451374,0.12600705854601943,0.12629157649996167,-0.04154029348704941,-0.0311088197958388,-0.015859604786103768,0.7294384040428896,inf,yellow,False,unknown,0,-0.32892370685595185,0.14666521600156557,0.06556131700017431,0.006864624001536868,0.0,0.11100000000000065,0.010999999999999233,-0.02499999999999858,0.27514299836184364,2.1610539789931016
30.1,15682.620903228,FOLLOW,1.944752633592823,1.8684505114796488,0.4218897628148844,0.12599430662253724,0.13188495441060158,-0.037850826935741246,-0.028939726704570873,-0.0016073119651542585,0.7356383615206752,inf,red,False,unknown,0,-0.28699882488414163,0.019119714001135435,0.032015275000958354,0.03125764700052969,0.0,0.009000000000000341,0.008000000000002672,0.0070000000000014495,26.3318529996468,2.1610539789931016
30.3,15682.868735224,FOLLOW,1.9712149353512578,1.894906831923898,0.42132991341992126,0.13163983380120925,0.1447556255227842,-0.03605216382514589,-0.022300122242562472,-0.019973474637760315,0.8443544864467519,inf,red,False,unknown,0,-0.2490553558450228,0.01728422700034571,0.04490650799925788,0.030316989999846555,0.0,0.010999999999999233,0.012000000000000455,0.0030000000000001137,19.49197700014338,1.852331981994087
30.5,15683.130811577,FOLLOW,1.9950999224216996,1.918781768920057,0.4206400051068348,0.14579976446163673,0.15060633021164785,-0.03206249245911516,-0.020558049368026892,-0.006977805448446467,0.8512976910580626,inf,red,False,unknown,0,-0.21288940786258834,0.061064415000146255,0.06300844900033553,0.04374958700100251,0.0,0.04100000000000037,0.010999999999999233,-0.0010000000000012221,24.59771599933447,1.852331981994087
30.6,15683.219077993,FOLLOW,2.010103228253177,1.9337760216496716,0.420119063996861,0.15037344422322552,0.15060633021164785,-0.03206249245911516,-0.020558049368026892,-0.006977805448446467,0.8512976910580626,inf,red,False,unknown,0,-0.21288940786258834,0.032505393000974436,0.026460143000804237,0.006503297001472674,0.0,0.045000000000001705,0.011000000000002785,-0.0030000000000001137,0.38386099913623184,1.852331981994087
30.8,15683.518092329,FOLLOW,2.0410756295672168,1.9647243424723788,0.41889907675072857,0.15257225657678858,0.15028266729798645,-0.023627489457386266,-0.017478245905731535,0.010264428594699226,0.8563282309263293,inf,red,False,unknown,0,-0.15722032275709308,0.02376174300115963,0.05871516600018367,0.043347584000002826,0.0,0.007999999999999119,0.007999999999999119,-0.006999999999997897,0.3725639999174746,1.852331981994087
31.0,15683.770791521,FOLLOW,2.0665416346713754,1.9901653556101926,0.4177714726774263,0.14900562692021724,0.148555378385577,-0.01768868014890912,-0.014913588339134438,0.018990748410790688,0.8644906829197375,inf,red,False,unknown,0,-0.1190712873619289,0.023460610000256565,0.023005481998552568,0.02245570099876204,0.0,0.036000000000001364,0.010000000000001563,0.022999999999999687,0.3245740008424036,1.6207904842448262
31.1,15683.920141693,FOLLOW,2.085575100752142,2.009177358623155,0.4168679637768245,0.11215074101007609,0.1086316287891369,0.005903408049140423,-0.021003485365579166,0.17490484746333315,0.8674006941487804,inf,red,False,unknown,0,0.05434336311572234,0.014665045999208814,0.05495380899992597,0.015584180999212549,0.0,0.008000000000002672,0.010000000000001563,-0.012999999999998124,0.41865600178425666,1.6207904842448262
31.3,15684.168365718,FOLLOW,2.1075611562585603,2.0311371307364623,0.41579326871858924,0.10685785042291951,0.10747677772954913,0.008456272093374573,-0.019576273969428702,0.18161078660355012,0.8681896282902498,inf,red,False,unknown,0,0.07867999275763222,0.022965234000366763,0.022494085000289488,0.0002492790008545853,0.0,0.030000000000001137,0.010000000000001563,-0.01699999999999946,0.2848999993148027,1.852331981994087
31.5,15684.418017187,FOLLOW,2.1294850026099175,2.0530364455912404,0.4147564762952579,0.10742391209434486,0.10740109589249489,0.009059513968124247,-0.018920780362208248,0.18109088949591745,0.8668027547917526,inf,red,False,unknown,0,0.08435215574701896,0.16504420199999004,0.032294114000251284,0.0024546259992348496,0.0,0.14099999999999824,0.0070000000000014495,-0.021000000000000796,0.340612001309637,1.852331981994087
31.6,15684.569683643,FOLLOW,2.1404529738819127,2.0639928102732803,0.4142520363511451,0.1077521185426581,0.10772842258696481,0.00948082697842897,-0.018461284176282115,0.180516407304076,0.868584956176668,inf,red,False,unknown,0,0.08800673722643139,0.023379532000035397,0.06061171799956355,0.015351488000305835,0.0,0.006000000000000227,0.0070000000000014495,-0.022999999999999687,0.33429799987061415,1.852331981994087
31.8,15684.818779635,FOLLOW,2.1625180324224442,2.086036055428595,0.4132712715998081,0.10858354552165343,0.10914749417532722,0.01604204267208968,-0.01255730009941771,0.18102894608024162,0.8808035209443013,inf,red,False,unknown,0,0.1469758219672988,0.03968614199948206,0.0630857489995833,0.016548132998650544,0.0,0.004999999999999005,0.009000000000000341,-0.02699999999999747,0.3054810003959574,1.6207904842448262
32.0,15685.018220593,FOLLOW,2.1811072585014117,2.1046091009161296,0.41249595671483613,0.10961959811818085,0.1095851968526051,0.015896441435516044,-0.012413718022039735,0.17884664108406673,0.8810142098703709,inf,red,False,unknown,0,0.14506011662229495,0.11170521100029873,0.027381537000110256,0.02494632599882607,0.0,0.10600000000000165,0.007999999999999119,0.0030000000000001137,24.95340200039209,1.6207904842448262
32.1,15685.171996583,FOLLOW,2.1922883968144817,2.1157814713932583,0.41205327312245354,0.10961866669027205,0.11538725673944487,0.02096280494273567,-0.002841004257120472,0.14083660840707157,0.8667451748382968,inf,red,False,unknown,0,0.1816734840145444,0.007162813999457285,0.02410606299963547,0.023472519998904318,0.0,0.0040000000000048885,0.006000000000000227,0.0010000000000047748,0.4497259997151559,1.852331981994087
32.2,15685.274763687,FOLLOW,2.2038567496811727,2.1273415145848196,0.4116149220388742,0.11542761010058152,0.10122921356317194,0.024984570229468192,-0.009883729409362052,0.2289219477152483,0.8842399188865685,inf,red,False,unknown,0,0.24681185746717876,0.016226786001425353,0.015688570001657354,0.014660081000329228,0.0,0.03100000000000591,0.008000000000002672,-0.0009999999999976694,0.28317499891272746,1.6207904842448262
32.4,15685.520226781,FOLLOW,2.2244786048974348,2.1479498384193274,0.41086840069746766,0.10185800056632,0.11455363441135226,0.02757381336953744,0.0025013280519854755,0.1452506313724939,0.8675061317889399,inf,red,False,unknown,0,0.24070657828735706,0.109334155000397,0.0234559979999176,0.009619857999496162,0.0,0.10699999999999932,0.007999999999995566,-0.005000000000002558,0.2978789998451248,1.6207904842448262
32.5,15685.679595488,FOLLOW,2.236128337744075,2.1595934154668233,0.41048983519990184,0.11460302103691351,0.12768337185406767,0.02394751848372296,0.005685473204570045,0.08868873794492524,0.8666309145544016,inf,red,False,unknown,0,0.18755393232482254,0.022987951000686735,0.038373632000002544,0.028858780999144074,0.0,0.0030000000000001137,0.003999999999997783,-0.006999999999997897,0.3802579994953703,1.6207904842448262
32.6,15685.770730375,FOLLOW,2.244771478811291,2.168232596221079,0.41022824212011993,0.12772785987197247,0.142083695855626,0.025753734670948138,0.00899893216411425,0.06247867952035061,0.9126483338983475,inf,red,False,unknown,0,0.18125749415412876,0.008400359000006574,0.011055675999159575,0.014440209999520448,0.0,0.03399999999999892,0.006000000000000227,0.02499999999999858,0.3678820012282813,1.4407026526620677
32.7,15685.92814474,FOLLOW,2.2635655197851725,2.187019411083779,0.40970744301731266,0.14213079477087298,0.1418424562854603,0.025689752786273508,0.008834405680249955,0.0634746872607244,0.9130609453777317,inf,red,False,unknown,0,0.18111469202544303,0.1658147240013932,0.017027675999997882,0.013712754000152927,0.0,0.13400000000000034,0.006000000000000227,-0.01099999999999568,0.32443700001749676,1.6207904842448262
32.9,15686.176046218,FOLLOW,2.2921033010193312,2.2155492682610696,0.4090361384056507,0.13577080718190673,0.13689286194958128,0.019650078198422443,0.007986903076030304,0.043719235323124765,0.8436388336869762,inf,red,False,unknown,0,0.14354348297327382,0.01359088699973654,0.03007299299861188,0.01981078099925071,0.0,0.012000000000000455,0.001999999999995339,-0.015000000000000568,0.3525280008034315,1.4407026526620677
33.0,15686.268070198,FOLLOW,2.301413203199483,2.2248571998098363,0.40884461914963516,0.1369325057578416,0.1453416975489075,0.02312599390839972,0.008050962334046634,0.05381530898388208,0.9160873247416582,inf,red,False,unknown,0,0.1591146539389897,0.10561486700134992,0.014509292001093854,0.02208566400076961,0.0,0.11200000000000188,0.005000000000002558,0.017000000000003013,0.31548500010103453,1.4407026526620677
33.1,15686.419905289,FOLLOW,2.3159428299236215,2.2393842453626602,0.40857089932446045,0.14538654478352347,0.13484260581801036,0.018922927985073848,0.0058552100772693745,0.05572721330423318,0.8534922914461535,inf,red,False,unknown,0,0.14033344928540673,0.058643464999477146,0.029561134999312344,0.044380793000527774,0.0,0.03999999999999915,0.0010000000000047748,0.015000000000000568,0.39771999945514835,1.6207904842448262
33.2,15686.521195776,FOLLOW,2.32958045555961,2.253019977682721,0.4083437834920443,0.13488227888313564,0.13631121023114803,0.01812834547721496,0.005803017166241424,0.05111899232226953,0.854063552801452,inf,red,False,unknown,0,0.1329923301720676,0.02853819200026919,0.006132173000878538,0.023173630999735906,0.0,0.045000000000001705,0.0030000000000001137,0.01300000000000523,0.5820229998789728,1.6207904842448262
33.4,15686.768391102,FOLLOW,2.357440489270373,2.280877306228032,0.40795655981854,0.13681206620800132,0.14882002952182058,0.020788961966420594,0.008219808084517647,0.039566029168548136,0.908558742189622,inf,red,False,unknown,0,0.13969196238717607,0.023990212999706273,0.00632503399901907,0.006660495999312843,0.0,0.04200000000000159,0.001999999999995339,0.009000000000000341,0.6614290014113067,1.4407026526620677
33.5,15686.921233371,FOLLOW,2.3774666037160554,2.300902297218764,0.40774506488782775,0.1488636607691624,0.15009460953914092,0.02003387325883893,0.00813241460895239,0.0359454221799247,0.9087924711454408,inf,red,False,unknown,0,0.13347496835730532,0.007167772999309818,0.006635813999309903,0.005483045999426395,0.0,0.0009999999999976694,0.003999999999997783,-0.027000000000001023,0.3295520000392571,1.6207904842448262
33.6,15687.019924768,FOLLOW,2.387630994545533,2.3110663232266324,0.4076590169560663,0.15013740280738108,0.15135410741558034,0.017683252950043787,0.006272068690428438,0.03708648318782631,0.9188171461987293,inf,red,False,unknown,0,0.11683365091302093,0.02710783299880859,0.02669211899956281,0.027860087999215466,0.0,0.036999999999999034,0.0040000000000048885,0.005000000000002558,25.576626001566183,1.4407026526620677
33.7,15687.168480148,FOLLOW,2.4081335138022864,2.3315684054872445,0.40752593686079025,0.151393726102233,0.15461552346122573,0.015856292452211648,0.006441068761074651,0.026313666607269443,0.9154820933494088,inf,red,False,unknown,0,0.10255304316961464,0.015179621999777737,0.05402654700083076,0.005930327000896796,0.0,0.0040000000000048885,0.0030000000000001137,-0.030999999999998806,0.3044949989998713,1.4407026526620677
33.9,15687.418382274,FOLLOW,2.438888741791428,2.362323393256614,0.40740629189181193,0.14680754997945072,0.14644232500528712,0.008261636849867044,0.008157665906569165,-0.016296304843103845,0.8467138718379708,inf,red,False,unknown,0,0.056415635640643974,0.0028187799998704577,0.01808246099972166,0.007684333999350201,0.0,-0.02300000000000324,0.0,-0.035000000000003695,0.4924140012008138,1.296632387395861
34.0,15687.526118017,FOLLOW,2.4488490573930046,2.3722836756778305,0.40738061840477136,0.14646864574504226,0.1458202294778207,0.007442334962493317,0.007893747265225006,-0.01816796385504012,0.8469076173557636,inf,red,False,unknown,0,0.051037740025126614,0.040092466999340104,0.04419400100050552,0.04170033300033538,0.0,0.012000000000000455,0.0009999999999976694,-0.0030000000000001137,23.512736999691697,1.296632387395861
34.1,15687.678510259,FOLLOW,2.4687272222898904,2.3921618084800222,0.40734536545410205,0.14584525346927016,0.12239875965859959,-0.004508137719578921,0.009990037235877079,-0.09120948777696268,0.8350476671727259,inf,red,False,unknown,0,-0.036831563752387955,0.04587738400005037,0.060842549999506446,0.013870765000319807,0.0,0.0040000000000048885,0.0020000000000024443,-0.03900000000000148,23.42806299930089,1.4407026526620677
34.2,15687.768322603,FOLLOW,2.4777865753791217,2.4012211569397484,0.4073363266317179,0.11919358007296965,0.12239875965859959,-0.004508137719578921,0.009990037235877079,-0.09120948777696268,0.8350476671727259,inf,red,False,unknown,0,-0.036831563752387955,0.13568972800021584,0.012178078999568243,0.00610999200034712,0.0,0.10400000000000631,0.0,-0.006999999999997897,0.30469400007859804,1.4407026526620677
34.4,15688.029537523,FOLLOW,2.5027677559525783,2.4262023245821056,0.40731169059815847,0.1228205049750909,0.1225593142141561,-0.005014990356197257,0.010047488891402116,-0.0943251044737112,0.8414464694880432,inf,red,False,unknown,0,-0.0409188839571526,0.012242483000591164,0.027845528999023372,0.023373796000669245,0.0,0.007999999999995566,0.0,-0.011000000000002785,26.72654900015914,1.4407026526620677
34.5,15688.16975158,FOLLOW,2.5152872216697957,2.4387217731242967,0.4072910113639721,0.12256875261668065,0.11354619869371609,-0.012939582159585402,0.008693559408761369,-0.13411983639566527,0.842323292633852,inf,red,False,unknown,0,-0.11395874373997435,0.07810254100149905,0.045115304999853834,0.035416317001363495,0.0,0.04299999999999926,0.0009999999999976694,-0.012999999999998124,22.857747999296407,1.296632387395861
34.6,15688.277357403,FOLLOW,2.5273927885048506,2.450827313988075,0.40726595155273376,0.11040518911675559,0.11379485199579017,-0.012642326106497116,0.008685233763266,-0.13216436405639395,0.8410772922948772,inf,red,False,unknown,0,-0.11109752229358158,0.010458357999596046,0.027871525000591646,0.016167630999916582,0.0,0.012000000000000455,0.0,-0.015000000000000568,28.198701000292203,1.296632387395861
34.7,15688.427408719,FOLLOW,2.5389869072432463,2.462421392404916,0.40723563785744177,0.11379416688011078,0.1145144308295884,-0.012257169089475644,0.008694967501496266,-0.1295284302144873,0.8422034276957978,inf,red,False,unknown,0,-0.1070360215798114,0.03943288200025563,0.05537729100069555,0.039917389000038384,0.0,0.0030000000000001137,0.0,-0.016999999999995907,26.079878000018653,1.296632387395861
34.9,15688.618698414,FOLLOW,2.5584044521557123,2.4818387552708896,0.4071523236304315,0.11451459087747938,0.1287365915070239,0.005093872421494499,-0.002399015204484564,0.042678141842422565,0.7915121543813383,inf,red,False,unknown,0,0.039568178416597086,0.024072031999821775,0.0008575720003136666,0.016524702999959118,0.0,0.045000000000001705,0.0,0.012999999999998124,0.2678479995665839,1.296632387395861
35.0,15688.772864626,FOLLOW,2.575708023395956,2.4991421578790356,0.4070761293435903,0.12728694859890163,0.11679990780450547,-0.0006294460850352871,-0.02081909726958412,0.1343422622204993,0.8668212078250723,inf,red,False,unknown,0,-0.005389097447652323,0.03106587100046454,0.04454267300025094,0.014789716000450426,0.0,0.0009999999999976694,0.0,-0.02300000000000324,30.76225400036492,1.178756715814419
35.1,15688.879249805,FOLLOW,2.584363543767442,2.5077976169400706,0.4070435623525105,0.12728712152852517,0.11685826939031707,-0.0009331303451517505,-0.021034672131195732,0.13403272435054406,0.8667519439639001,inf,red,False,unknown,0,-0.007985146023641781,0.013897575001465157,0.024433433000012883,0.029645545000676066,0.0,0.011000000000002785,-0.0030000000000001137,0.009000000000000341,30.74997699877713,1.178756715814419
35.2,15689.018166704,FOLLOW,2.600179051295636,2.5236130488393678,0.40699468641539466,0.11687306217626588,0.11686470308646268,-0.0009426743513074546,-0.020994966959044972,0.13371888680406346,0.8662902671943647,inf,red,False,unknown,0,-0.008066373561998564,0.029566043998784153,0.043027525000070455,0.028594560999408714,0.0,0.006000000000000227,0.0,-0.026999999999993918,22.59928300009051,1.296632387395861
35.4,15689.282501721,FOLLOW,2.6239806957952516,2.5474145695384722,0.40691793856234226,0.1162568072862436,0.11774979766476658,0.0058706249092904,-0.015715843422807588,0.13755564109310311,0.8791259440592608,inf,red,False,unknown,0,0.04985677279891433,0.015844034000110696,0.05879090599955816,0.02926640999976371,0.0,-0.021999999999998465,-0.006999999999997897,-0.030999999999998806,25.648606999311596,1.178756715814419
35.5,15689.376404151,FOLLOW,2.6318861528810813,2.5553199813608605,0.40689118724591766,0.11625663572859245,0.11774979766476658,0.0058706249092904,-0.015715843422807588,0.13755564109310311,0.8791259440592608,inf,red,False,unknown,0,0.04985677279891433,0.10974646400063648,0.025661555000624503,0.03064185100083705,0.0,0.07800000000000296,-0.005000000000002558,0.0009999999999976694,0.2992629997606855,1.178756715814419
35.6,15689.523717472,FOLLOW,2.643896941267156,2.5673307104967336,0.406853507903602,0.11777305561755014,0.11793832824584097,0.005905961573514152,-0.015627779867169997,0.1371252747713291,0.8798285689599795,inf,red,False,unknown,0,0.05007669399216215,0.0557608330000221,0.03741446100139001,0.05148678700061282,0.0,0.011000000000002785,-0.0049999999999954525,-0.0009999999999976694,0.5938659996900242,1.178756715814419
35.7,15689.62456068,FOLLOW,2.655928772534164,2.5793625022134745,0.40682271639161655,0.11796144703952005,0.11825434806616963,0.005712934896258438,-0.01578043012802656,0.13695363489059736,0.8819041949409399,inf,red,False,unknown,0,0.04831056946051358,0.013609052000902011,0.024680562999492395,0.02506824699958088,0.0,0.009000000000000341,-0.0030000000000001137,-0.0030000000000001137,0.7536729990533786,1.178756715814419
35.9,15689.871633667,FOLLOW,2.6765350224928586,2.599968720165297,0.4067871232731387,0.12577660704118676,0.12547157320774058,0.010322047235628974,-0.006454053297189222,0.09825818253918764,0.8682949725947423,inf,red,False,unknown,0,0.08226602226895635,0.029603427999973064,0.13590246300009312,0.04394405600032769,0.0,0.03900000000000148,0.09499999999999886,0.027000000000001023,1.2784600003215019,1.0805269894965508
36.0,15689.968307945,FOLLOW,2.68933643812858,2.612770133731835,0.4067807846796843,0.1255005634364004,0.12563310235172534,0.009963890757334174,-0.0066781435001207826,0.09775926563969224,0.8685422328698762,inf,red,False,unknown,0,0.07930943812434907,0.1262777060001099,0.09482762600055139,0.01692327500131796,0.0,0.1390000000000029,0.09300000000000352,0.02499999999999858,0.3809669997281162,1.0805269894965508
36.1,15690.119544888,FOLLOW,2.7064262252590865,2.629859915757595,0.4067923887998617,0.1256618196248913,0.12563310235172534,0.009963890757334174,-0.0066781435001207826,0.09775926563969224,0.8685422328698762,inf,red,False,unknown,0,0.07930943812434907,0.2775146490002953,0.014263533999837819,0.005617921000521164,0.0,0.23900000000000432,-0.006999999999997897,-0.01099999999999568,0.35812899841403123,1.0805269894965508
36.2,15690.272489843,FOLLOW,2.7149712346113697,2.6384049130787117,0.4068066583677801,0.12566198978203375,0.1395213897576051,0.012164431929819983,0.001330502719308728,0.049962163967323864,0.8719353674313945,inf,red,False,unknown,0,0.08718686038716811,0.015371217001302284,0.16720848899967677,0.058925653000187594,0.0,0.008000000000002672,0.09300000000000352,0.021000000000000796,0.5629719998978544,1.0805269894965508
36.4,15690.579591533,FOLLOW,2.7490170212782385,2.6724504491622763,0.4069333859031281,0.1433669964788863,0.143616757027515,0.0049466699762535935,0.007143921260661992,-0.024370527677857162,0.846482207821516,inf,red,False,unknown,0,0.034443543209278005,0.1222457959993335,0.057046731999434996,0.05350244399960502,0.0,0.06899999999999551,-0.00999999999999801,-0.017000000000003013,22.021939999831375,0.9974095287660469
36.5,15690.672280983,FOLLOW,2.763653885754175,2.687087110396903,0.40701049924989785,0.14364062331460387,0.143616757027515,0.0049466699762535935,0.007143921260661992,-0.024370527677857162,0.846482207821516,inf,red,False,unknown,0,0.034443543209278005,0.013674575000550249,0.02839524400042137,0.013260942001579679,0.0,0.0030000000000001137,-0.009000000000000341,-0.01899999999999835,0.4275409992260393,0.9974095287660469
36.6,15690.76799486,FOLLOW,2.7734214589354855,2.6968545283158734,0.4070655676698334,0.14364084656331988,0.14285821544934868,0.003532726734797919,0.006791206692320017,-0.028574406490533118,0.8503524291458516,inf,red,False,unknown,0,0.024728901475396567,0.024196385000323062,0.124109120999492,0.01643115799924999,0.0,0.04299999999999926,0.09100000000000108,0.012999999999998124,0.43853200077137444,1.0805269894965508
36.7,15690.920907904,FOLLOW,2.79287311179003,2.716305826910345,0.40718293276604167,0.14345809903492357,0.1434362104411144,0.003020743584129496,0.006314828010049614,-0.02787591975012953,0.8524013953884022,inf,red,False,unknown,0,0.021059839595871203,0.06697864199850301,0.0376073199986422,0.013781347999611171,0.0,0.04100000000000392,-0.009000000000000341,-0.022999999999996135,0.3538490000210004,0.9974095287660469
36.9,15691.168385305,FOLLOW,2.8198467574914807,2.743278930080868,0.40735394075422704,0.12063725344214057,0.12063076200662536,-0.008220621123146222,0.008528040722928107,-0.10250311882036131,0.8419074185278609,inf,red,False,unknown,0,-0.06814697168782473,0.044563252999068936,0.030479410999760148,0.014301967999927001,0.0,0.012000000000000455,-0.012000000000000455,-0.027000000000001023,0.34900600076070987,0.9974095287660469
37.0,15691.277323997,FOLLOW,2.8280500841805063,2.751482129499331,0.4073996225674299,0.12063707787306688,0.12053974181640409,-0.00808562969099967,0.008745109785387936,-0.10322090375024054,0.8424738585371045,inf,red,True,unknown,0,-0.06707853832402441,0.10666785399916989,0.01963485899977968,0.019131168999592774,0.0,0.07099999999999795,-0.011000000000002785,0.005000000000002558,0.2828310007316759,0.9261659909970436
37.1,15691.42990962,FOLLOW,2.844447552733826,2.7678794116068506,0.4074776632862149,0.12054587051872988,0.1117933729313933,-0.01564580736408652,0.007344018065513928,-0.14254874096673176,0.8424076907271076,inf,red,True,unknown,0,-0.13995290555986917,0.13605086200004735,0.03532266199908918,0.014891958999214694,0.0,0.07900000000000063,-0.009000000000000341,-0.030999999999998806,0.3440390009927796,0.9261659909970436
37.2,15691.567979652,FOLLOW,2.855861463275673,2.779293253493628,0.40751695083939043,0.11178893089253535,0.11216031772542237,-0.015017380859820429,0.007584082366255664,-0.14009608626321698,0.8413520644102714,inf,red,True,unknown,0,-0.13389210341383131,0.02715115600040008,0.031184944999040454,0.0002832529989973409,0.0,0.012000000000000455,-0.01099999999999568,-0.032999999999994145,21.675865000361227,0.9261659909970436
37.4,15691.818781024,FOLLOW,2.878987116956514,2.8024188838867357,0.4075416503224598,0.11603596029054622,0.12902188316687538,0.0033099331362708576,-0.0034987849297582075,0.040619934474492934,0.7895779681495043,inf,red,True,unknown,0,0.025654044531266292,0.033875368999360944,0.04537761800020235,0.0023346149991994025,0.0,0.007999999999995566,-0.009000000000000341,-0.036999999999999034,24.579455001003225,0.8644215915972406
37.5,15691.923461835,FOLLOW,2.8874484135753797,2.810880175744719,0.40753267665535375,0.13362754850969463,0.12834381723214883,0.004199518902989249,-0.003223260214358748,0.04354862239211968,0.7906489350814667,inf,red,False,unknown,0,0.032720850864152974,0.04831027299951529,0.015293669999664417,0.029747545000645914,0.0,0.03399999999999892,-0.00999999999999801,-0.005000000000002558,23.51768100015761,0.8644215915972406
37.6,15692.018362651,FOLLOW,2.8962293091694495,2.819661069306835,0.4075267211554141,0.12904130678569675,0.12834381723214883,0.004199518902989249,-0.003223260214358748,0.04354862239211968,0.7906489350814667,inf,red,False,unknown,0,0.032720850864152974,0.1432110890000331,0.11019448600018222,0.031610870000804425,0.0,0.13400000000000034,0.09000000000000341,0.027000000000001023,0.25427799846511334,0.8644215915972406
37.7,15692.170961776,FOLLOW,2.913687740752504,2.837119499897838,0.40752146743547113,0.12836451851172162,0.12834381723214883,0.004199518902989249,-0.003223260214358748,0.04354862239211968,0.7906489350814667,inf,red,False,unknown,0,0.032720850864152974,0.29581021400008467,0.026676147001126083,0.025828284000454005,0.0,0.23400000000000176,-0.009000000000000341,-0.009000000000000341,0.3938869995181449,0.8644215915972406
37.9,15692.418678327,FOLLOW,2.9390677948890223,2.8624995512163234,0.40753161241953956,0.12065737527245352,0.12063883870847876,0.0024326380660990793,-0.01797401100912749,0.13265451513097623,0.8924836408087333,inf,red,False,unknown,0,0.020164634309664555,0.108177596999667,0.02911454499917454,0.01484143400011817,0.0,0.07799999999999585,-0.00999999999999801,-0.012999999999998124,0.36668800021288916,0.8103952421224131
38.0,15692.518064934,FOLLOW,2.9513748834022207,2.874806635506444,0.4075417818304544,0.12065791132543485,0.11917406841172679,0.0034795437728181956,-0.01659616753939619,0.12961921845030158,0.8766232912744656,inf,red,False,unknown,0,0.029197155213304835,0.002274067999678664,0.00475011100024858,0.0006431710007746005,0.0,0.006000000000000227,-0.00999999999999801,-0.015000000000000568,22.721782999724383,0.8103952421224131
38.1,15692.678230371,FOLLOW,2.959531755575297,2.8829635034643086,0.4075500660695834,0.11919459151002529,0.11910815563319167,0.003503869593905512,-0.016906373525888398,0.1317983815863486,0.8797433944370314,inf,red,False,unknown,0,0.02941754555159189,0.024413315000856528,0.02399613300076453,0.06318355300027179,0.0,0.00999999999999801,-0.009000000000000341,0.017000000000003013,0.3292399997008033,0.8103952421224131
38.2,15692.825692165,FOLLOW,2.9756995788980802,2.899131312127816,0.407571743330765,0.11802697072430746,0.11800594579541394,0.003517960511965794,-0.017236551348440605,0.1342222768537142,0.8755750700708614,inf,red,False,unknown,0,0.029811722521718157,0.11680865900052595,0.04244378400107962,0.023197982000056072,0.0,0.07400000000000517,-0.009000000000000341,-0.01899999999999835,0.3902509997715242,0.8103952421224131
38.4,15693.074432856,FOLLOW,3.000913698394914,2.924345372718521,0.4076253255729922,0.1264708993567695,0.12686530253388714,0.007680971874994684,-0.00764722611703373,0.09159945168482228,0.8662071272706668,inf,green,False,unknown,0,0.06054430739991347,0.1317838919985661,0.029988256999786245,0.007307517000299413,0.0,0.10300000000000153,-0.00999999999999801,-0.02300000000000324,0.36896300116495695,0.7627249337622711
38.5,15693.218849955,FOLLOW,3.0138590717124125,2.937290677297059,0.40766742917661963,0.12698044377721343,0.12695382404954184,0.007241911247160802,-0.00807186238691603,0.09206225918810965,0.8676275760331573,inf,green,False,unknown,0,0.057043663720871884,0.0006161189994600136,0.0380883449997782,0.026864876999752596,0.0,-0.027000000000001023,-0.012000000000000455,-0.02499999999999858,0.2503160012565786,0.7627249337622711
38.6,15693.327721142,FOLLOW,3.022493739929726,2.9459252811458714,0.40770075385153354,0.12698039802952546,0.1407869964551432,0.00988252624575431,0.00021335668206810994,0.0459386477869352,0.8719772614609805,inf,green,False,unknown,0,0.07019487946035576,0.02208239500032505,0.02100730700112763,0.0296559630005504,0.0,0.011000000000002785,-0.00999999999999801,0.006999999999997897,0.4673989988077665,0.7203513263310338
38.7,15693.419461315,FOLLOW,3.036225718866466,2.959657114642182,0.4077638192629912,0.14081706448515752,0.14059859728522406,0.009530506817862905,-0.0002744162533006543,0.0475592230156385,0.8739749855286603,inf,green,False,unknown,0,0.06778521978088395,0.018603091999466415,0.112747479999598,0.011429348000092432,0.0,0.043000000000006366,0.09000000000000341,0.005000000000002558,0.3481190015008906,0.7627249337622711
38.9,15693.726131264,FOLLOW,3.0698713489147735,2.993302117720949,0.40796861263083584,0.14237368854794438,0.14236653969449806,0.002075434132995518,0.006032423961087977,-0.03036649675237087,0.85096929087609,inf,green,False,unknown,0,0.014578103376321129,0.09085281999978179,0.03468349000104354,0.014753327999642352,0.0,0.036999999999999034,-0.011000000000002785,-0.03300000000000125,0.7410479993268382,0.6824380986294005
39.0,15693.833475775,FOLLOW,3.079553591796173,3.002984140748957,0.4080338595797416,0.1423859863763142,0.14234897225016352,0.001643052177260187,0.005880942666279466,-0.03140476728017397,0.852917017307691,inf,green,False,unknown,0,0.011542423884681751,0.05901006100066297,0.033865917999719386,0.04419992099974479,0.0,0.0379999999999967,-0.011000000000002785,-0.0009999999999976694,28.354449999824283,0.6483161936979305
39.1,15693.919484848,FOLLOW,3.0940763654503747,3.017506566020814,0.4081344483339867,0.1423676917593521,0.14234897225016352,0.001643052177260187,0.005880942666279466,-0.03140476728017397,0.852917017307691,inf,green,False,unknown,0,0.011542423884681751,0.14501913400090416,0.11987499099996057,0.006289287000981858,0.0,0.13799999999999812,0.08899999999999864,-0.0030000000000001137,0.3080629994656192,0.6483161936979305
39.2,15694.079926826,FOLLOW,3.108597863888956,3.0320276963686967,0.4082378397982085,0.14236761321007774,0.11952696063997556,-0.009332511692398652,0.00818362225562489,-0.10686818340397118,0.8414501862136441,inf,green,False,unknown,0,-0.07807871665463743,0.06964293599958182,0.036913792999257566,0.03751144799934991,0.0,0.029000000000003467,-0.012999999999998124,-0.0049999999999954525,25.522105999698397,0.6174439939980291
39.4,15694.326517008,FOLLOW,3.1343351348167072,3.057764320377045,0.40842020015628644,0.11973705610170003,0.12023107987868355,-0.009312171861887115,0.008039209208586175,-0.10549776791729322,0.8441186460133377,inf,green,False,unknown,0,-0.07745228497725672,0.017846197999460855,0.1461649379998562,0.016571120999287814,0.0,0.01099999999999568,0.08399999999999608,-0.009000000000000341,23.939722999784863,0.6174439939980291
39.5,15694.477896869,FOLLOW,3.1465815227896083,3.070010491815341,0.40849295864127455,0.12023504841818122,0.12031175909399136,-0.008823246067492145,0.008233153139543183,-0.10402645370836401,0.8422265177161039,inf,green,False,unknown,0,-0.0733365228298187,0.027582364000409143,0.027087996000773273,0.04253929000151402,0.0,0.003999999999997783,-0.017000000000003013,-0.011000000000002785,20.70326200009731,0.563753211911244
39.6,15694.632113597,FOLLOW,3.158848159895485,3.0822769741573075,0.40855450166531976,0.12031655179050217,0.1115190246413608,-0.01646720938116264,0.00680142670631962,-0.14411932392750185,0.8427730040682175,inf,green,False,unknown,0,-0.14766278161166044,0.058063804999619606,0.045230460998936906,0.045522239999627345,0.0,0.00999999999999801,-0.016999999999995907,-0.012999999999998124,28.007965000142576,0.5893783579072095
39.7,15694.724833365,FOLLOW,3.1708324286135054,3.094261141791417,0.40860360174784716,0.11151449196725621,0.1115190246413608,-0.01646720938116264,0.00680142670631962,-0.14411932392750185,0.8427730040682175,inf,green,False,unknown,0,-0.14766278161166044,0.029356924000239815,0.030222127001252375,0.03086532000088482,0.0,0.0010000000000047748,-0.015999999999998238,-0.015000000000000568,0.7220829993457301,0.5893783579072095
39.9,15694.968190731,FOLLOW,3.1937704442944987,3.11719911097501,0.40864438257644553,0.11571887959875943,0.11572981970395406,-0.020959382201130094,0.0010931785009654568,-0.12901751937774322,0.8503208630252673,inf,green,False,unknown,0,-0.18110615098810173,0.1505680800000846,0.0009545250013616169,0.0002437170005578082,0.0,0.10799999999999699,-0.017000000000003013,-0.01899999999999835,0.2982400001201313,0.5402634947482754
40.0,15695.128252423,FOLLOW,3.2059961348318393,3.129424797230967,0.4086348979045697,0.128679042533641,0.12928870007301999,0.003065899080495069,-0.003548375837413773,0.03964218811544635,0.7894550972042247,inf,green,False,unknown,0,0.023713588881035256,0.027688263999152696,0.03727661699849705,0.029001892999076517,0.0,0.0020000000000024443,-0.017000000000003013,-0.021000000000000796,20.021604001158266,0.5186529549583444
40.1,15695.218683825,FOLLOW,3.214786778452123,3.1382154399903346,0.4086310248643489,0.12930918610375186,0.12928870007301999,0.003065899080495069,-0.003548375837413773,0.03964218811544635,0.7894550972042247,inf,green,False,unknown,0,0.023713588881035256,0.042099766000319505,0.1277080189993285,0.012255974999789032,0.0,0.04100000000000392,0.08299999999999841,0.011000000000002785,0.3993680002167821,0.5186529549583444
40.2,15695.374279198,FOLLOW,3.2279763135113115,3.151404974734888,0.40862834290506805,0.12930913971880814,0.11777934471060637,-0.0033009835932512623,-0.022348604366430415,0.1293456319305352,0.8659164118638926,inf,green,False,unknown,0,-0.028026846314708687,0.07183555200026603,0.017293453000092995,0.04411877900020045,0.0,0.045000000000001705,-0.015000000000000568,0.009000000000000341,22.67721699899994,0.48023421755402257
40.4,15695.619522515,FOLLOW,3.251933772150763,3.175362431897754,0.40863440751957203,0.1161975847555689,0.11621294607652316,-0.024809875540210226,-0.014851989557411929,-0.04539284047944559,0.7188946410209347,inf,green,False,unknown,0,-0.21348633158197003,0.212926497000808,0.11867264499960584,0.02618062300098245,0.0,0.16899999999999693,0.08299999999999841,0.0049999999999954525,0.45898399912402965,0.4630829954985218
40.5,15695.778911891,FOLLOW,3.2671513385341497,3.190579964719605,0.408603918107579,0.09818347209361711,0.11818122418396312,0.004404176014640019,-0.016549423595876696,0.13466600479858115,0.8776039302311809,inf,green,False,unknown,0,0.03726629204470243,0.07576887800132681,0.045921974000521004,0.01393548000123701,0.0,0.036000000000001364,-0.015000000000000568,-0.030999999999998806,21.680277999621467,0.4630829954985218
40.6,15695.871141654,FOLLOW,3.274480575230117,3.1979091981636922,0.4085980237412515,0.11892570027777055,0.11818122418396312,0.004404176014640019,-0.016549423595876696,0.13466600479858115,0.8776039302311809,inf,green,False,unknown,0,0.03726629204470243,0.025300084000264178,0.1381517370009533,0.0318216690011468,0.0,0.011000000000002785,0.08500000000000085,0.0010000000000047748,0.3639519982243655,0.4630829954985218
40.7,15695.979325344,FOLLOW,3.2865388428789326,3.209967462775641,0.4086064649475856,0.11820249670825289,0.11880478883332375,0.0030204755957769875,-0.017401071792009948,0.1323898775465666,0.8784787080405407,inf,green,False,unknown,0,0.025423853915640893,0.014300836000984418,0.10738460500033398,0.013059910999800195,0.0,0.011000000000002785,0.0800000000000054,-0.0009999999999976694,0.5533429994102335,0.4630829954985218
40.9,15696.226209248,FOLLOW,3.310845002096038,3.2342736048931533,0.40863509470670195,0.11932014180416434,0.12569673735115408,0.006011382972687626,-0.00854739790685594,0.08903193447115301,0.8537460919937128,inf,green,False,unknown,0,0.04782449488640154,0.03133384099965042,0.12148461799915822,0.014607621998948161,0.0,0.03999999999999915,0.08099999999999596,-0.005000000000002558,0.34612899980857037,0.4630829954985218
41.0,15696.381273749,FOLLOW,3.3236599449457613,3.2470885288719677,0.40865699005688316,0.125720089821744,0.1269928686837351,0.007051735400075555,-0.008231276461135157,0.09210152022739587,0.8679636630181125,inf,green,False,unknown,0,0.055528593638098686,0.045442197000738815,0.029778555001030327,0.04501457100013795,0.0,0.009000000000000341,-0.020000000000003126,-0.006999999999997897,24.069135999525315,0.4630829954985218
41.1,15696.468449364,FOLLOW,3.336511559696244,3.259940109439604,0.40868655512316104,0.12701776148109908,0.1269928686837351,0.007051735400075555,-0.008231276461135157,0.09210152022739587,0.8679636630181125,inf,green,False,unknown,0,0.055528593638098686,0.062300662999405176,0.11695417000009911,0.006349609000608325,0.0,0.0660000000000025,0.0799999999999983,-0.009000000000000341,0.34644900006242096,0.4630829954985218
41.2,15696.62246787,FOLLOW,3.349571369999914,3.272999850892824,0.4087284476897033,0.13021444910359836,0.1388682982732009,0.0074666729476346545,-0.00197441349425183,0.04942120537050208,0.8668105277457273,inf,green,False,unknown,0,0.05376801646222512,0.03632026599916571,0.022642324000116787,0.041540365000400925,0.0,0.008000000000002672,-0.022999999999996135,-0.01099999999999568,21.066621999125346,0.4630829954985218
41.4,15696.87919958,FOLLOW,3.37785214647826,3.3012801845765622,0.40888622731158253,0.13889505919749212,0.141482000971123,0.0011090077802259014,0.00456040793195355,-0.02510643379761077,0.8353459566581141,inf,green,False,unknown,0,0.00783850788519915,0.014659468000900233,0.04298177900091105,0.04352303000086977,0.0,-0.021999999999998465,-0.021999999999998465,-0.015000000000000568,27.539823000552133,0.4630829954985218
41.5,15696.970985916,FOLLOW,3.392104757570652,3.3155324792307637,0.4089811732901957,0.14150138780984056,0.141482000971123,0.0011090077802259014,0.00456040793195355,-0.02510643379761077,0.8353459566581141,inf,green,False,unknown,0,0.00783850788519915,0.028911957999298465,0.031093378998775734,0.03340171999843733,0.0,0.006999999999997897,-0.021999999999998465,-0.017000000000003013,0.3742710014194017,0.4630829954985218
41.6,15697.079320215,FOLLOW,3.401726835172689,3.3251543274396145,0.4090476141079193,0.14150115507765124,0.1404886516217613,0.0002843780424693044,0.0045196961035423415,-0.028757038016975114,0.8366041408936818,inf,green,False,unknown,0,0.002024206504842381,0.13724625699978787,0.13942767799926514,0.06169254799897317,0.0,0.10699999999999932,0.07800000000000296,0.015000000000000568,1.0564290005277144,0.4630829954985218
41.7,15697.218421737,FOLLOW,3.420870872187936,3.3442978949466835,0.40918168931447935,0.14050681900298675,0.13619975389007222,0.0002466273866269835,0.00639440373144746,-0.041383443031518044,0.8349488376672982,inf,green,False,unknown,0,0.0018107770358090235,0.04824701599864056,0.014514635999148595,0.014846781999949599,0.0,0.008000000000002672,-0.021999999999998465,-0.02099999999999369,0.3715599996212404,0.4630829954985218
41.9,15697.418567747,FOLLOW,3.444141801933147,3.367568243049434,0.4093462196208606,0.1395314496177563,0.1388746488498557,-0.0009978253756617163,0.008324398452939155,-0.060272838037159375,0.8877809549657918,inf,green,False,unknown,0,-0.007185079378602174,0.09413634999873466,0.11777023899958294,0.02886641399891232,0.0,0.07399999999999807,0.07799999999999585,0.009000000000000341,24.552107000999968,0.4630829954985218
42.0,15697.520467771,FOLLOW,3.4583530554105986,3.381779141274954,0.4094467034534701,0.1388906875742828,0.1388746488498557,-0.0009978253756617163,0.008324398452939155,-0.060272838037159375,0.8877809549657918,inf,green,False,unknown,0,-0.007185079378602174,0.19603637399995932,0.07663587700153585,0.007253282999954536,0.0,0.1739999999999995,0.07600000000000051,0.006999999999997897,0.41884599886543583,0.4630829954985218
42.1,15697.667995399,FOLLOW,3.472519887201565,3.39594562595583,0.40954587338466025,0.13889035025019209,0.1201293222185308,-0.010167014167950756,0.007371826490875408,-0.10589650233657528,0.8440694991446969,inf,green,False,unknown,0,-0.08463390935857974,0.13949031599986483,0.0006169170010252856,0.052168149000863195,0.0,0.09900000000000375,-0.02400000000000091,0.005000000000002558,0.22934499975235667,0.4630829954985218
42.2,15697.818627243,FOLLOW,3.48477748202477,3.4082029457806584,0.40962793942539233,0.12013233914102582,0.1197387800823676,-0.010520019595097973,0.00737263486429561,-0.1080557691485953,0.8449163612730802,inf,green,False,unknown,0,-0.08785808230099984,0.030355776998476358,0.014212831998520414,0.04505860599965672,0.0,0.007000000000005002,-0.023999999999993804,0.0030000000000001137,0.6940100010979222,0.4630829954985218
42.4,15698.068936589,FOLLOW,3.508374051405448,3.4317992077348944,0.4097468729220883,0.11148879048950076,0.11149659593546066,-0.017753294628670445,0.005883409354623212,-0.14579748922544405,0.8452022516494206,inf,green,False,unknown,0,-0.15922723451527493,0.2369128489990544,0.017930463000084274,0.03235692099951848,0.0,0.17300000000000182,-0.021999999999998465,-0.0010000000000047748,0.46423599997069687,0.4630829954985218
42.5,15698.168655767,FOLLOW,3.5197458985336425,3.4431710171171392,0.40977565087212725,0.11148862112364714,0.11149659593546066,-0.017753294628670445,0.005883409354623212,-0.14579748922544405,0.8452022516494206,inf,green,False,unknown,0,-0.15922723451527493,0.33663202699972317,0.11764964100075304,0.009007635999296326,0.0,0.27300000000000324,0.07800000000000296,-0.0030000000000001137,0.30030999914743006,0.4630829954985218
42.6,15698.31906923,FOLLOW,3.5311177318251423,3.4545428458637777,0.40978419700588137,0.1114885172219503,0.11628582692780039,-0.021281500733989062,0.0005613866929337213,-0.12680069744460754,0.8508257601178912,inf,green,False,unknown,1,-0.18301027129645242,0.01795292399947357,0.026363154000137,0.03466070799913723,0.0,-0.0030000000000001137,-0.022999999999996135,-0.0049999999999954525,0.4637809997802833,0.4630829954985218
42.7,15698.418643898,FOLLOW,3.542971318018669,3.4663964214789598,0.4097699370020139,0.11627287847163048,0.1164215486428702,-0.020512385149663394,0.0008975404036348777,-0.1244532246495926,0.8480230083951762,inf,green,False,unknown,1,-0.17619062268778365,0.11752759199953289,0.12593782200019632,0.010251632000290556,0.0,0.09700000000000131,0.07700000000000529,-0.006999999999997897,0.3338839997013565,0.4630829954985218
42.9,15698.668557731,FOLLOW,3.568839928398773,3.4922647805520244,0.4096590232398882,0.14670120959827607,0.14672169565110282,-0.027572952991863478,-0.015544366421106192,-0.023444860252407045,0.8628964987635754,inf,green,False,unknown,1,-0.18792689703798574,0.2170532349991845,0.11103735399956349,0.009680056999059161,0.0,0.17099999999999937,0.07699999999999818,-0.011000000000002785,0.3372770006535575,0.4630829954985218
43.0,15698.823031199,FOLLOW,3.5838033745187943,3.5072278083352346,0.40954770479970876,0.14670044574525737,0.14937649940415126,-0.02559919073779416,-0.014656718934710537,-0.018136244337321566,0.8674962285153883,inf,green,False,unknown,1,-0.17137361526014408,0.15172568599882652,0.015026894998300122,0.034177539999291184,0.0,0.10499999999999687,-0.02499999999999858,-0.012999999999998124,0.4904320012428798,0.4630829954985218
43.1,15698.931301627,FOLLOW,3.59395623952548,3.517380196218414,0.4094493729815906,0.14935810214473635,0.15241340670886303,-0.022263209164361454,-0.013195992166539211,-0.010731100624820366,0.8694573095487458,inf,green,False,unknown,1,-0.1460711996739774,0.016444405000584084,0.12329732299986063,0.04829116400105704,0.0,0.009000000000000341,0.07500000000000284,0.01899999999999835,30.671567999888794,0.4630829954985218
43.2,15699.070881646,FOLLOW,3.614471782792545,3.5378942013487813,0.40919883402456775,0.15239985360071387,0.1539178170147965,-0.020354099924537215,-0.012183650869560171,-0.008116680854436068,0.8724503972838777,inf,green,False,unknown,1,-0.13224005069264025,0.011655113999950117,0.025188490999425994,0.028040595998390927,0.0,0.0010000000000047748,-0.023999999999993804,-0.016999999999995907,24.914098001318052,0.4630829954985218
43.4,15699.319333897,FOLLOW,3.645813003778676,3.5692314333651,0.4087002022250952,0.15539556549310715,0.15726669121851877,-0.017129746839146087,-0.010919743548724827,-0.0007680317750165638,0.8753814208807646,inf,green,False,unknown,1,-0.10892164581338246,0.03474764699967636,0.013976717000332428,0.014354678000017884,0.0,0.0049999999999954525,-0.027000000000001023,-0.021000000000000796,26.679747001253418,0.4630829954985218
43.5,15699.424924682,FOLLOW,3.656379850948666,3.5797964537714373,0.4085037562785462,0.1553931102975584,0.15754894794902322,-0.01541181626414695,-0.010161009761272082,0.0016779244661137122,0.8789435335275477,inf,green,False,unknown,1,-0.0978224003700337,0.024956163999377168,0.11956750200079114,0.0433234159991116,0.0,0.005000000000002558,0.0730000000000004,0.011000000000002785,31.16240300005302,0.4630829954985218
43.6,15699.56884885,FOLLOW,3.6777832943490214,3.601195442106944,0.40806728083658456,0.15754124582579684,0.15754894794902322,-0.01541181626414695,-0.010161009761272082,0.0016779244661137122,0.8789435335275477,inf,green,False,unknown,1,-0.0978224003700337,0.16888033199938945,0.017378087999532,0.018096911000611726,0.0,0.10500000000000398,-0.02499999999999858,-0.02499999999999858,0.44846600030723494,0.4630829954985218
43.7,15699.669670071,FOLLOW,3.693852475147469,3.617260638836625,0.4077095408112831,0.15754073990802592,0.16187604870221955,-0.013449815457609376,-0.005671659444647085,-0.018290320741813245,0.9404331157231778,inf,green,False,unknown,1,-0.0830871247812028,0.0738162130001001,0.008292107999295695,0.007379824999588891,0.0,0.043000000000006366,-0.02599999999999625,-0.026999999999993918,0.4373089996079216,0.4630829954985218
43.9,15699.918295829,FOLLOW,3.726941536044022,3.650339824615116,0.40690159137507387,0.16296793070186777,0.16297200257716118,-0.011839920745452507,-0.00492782728181673,-0.016198281126618544,0.9420648242274631,inf,green,False,crosswalk,1,-0.07265002919655936,0.1983835810005985,0.011663520999718457,0.010451850999743328,0.0,0.134999999999998,-0.030000000000001137,-0.030999999999998806,0.32282599931932054,0.4630829954985218
44.0,15700.018648626,FOLLOW,3.7380233512899284,3.6614178612801376,0.40661223392152246,0.16296782282728176,0.1,-0.004477421191952131,-0.003732742300408954,-0.005340661496437108,0.946340462090679,inf,green,False,crosswalk,1,-0.04477421191952131,0.02112803100135352,0.0033370760011166567,0.03429964000133623,0.0,0.012000000000000455,-0.027999999999998693,0.0009999999999976694,25.085865998335066,0.4630829954985218
44.1,15700.119499749,FOLLOW,3.75309436661308,3.676483342331023,0.4062038740999345,0.11589306678364743,0.1,-0.004276531859693011,-0.0035134028024810344,-0.0054465240024930365,0.9458796171952113,inf,green,False,crosswalk,1,-0.04276531859693011,0.07500973400055955,0.10418819900041854,0.006993589000558131,0.0,0.07600000000000051,0.07200000000000273,-0.0009999999999976694,23.938201000419213,0.4630829954985218
44.2,15700.269086511,FOLLOW,3.7633104500646084,3.686695427012047,0.40591806664826896,0.10000615475507188,0.1,-0.0031576398294975204,-0.0027228230995249153,-0.0031629802749431764,0.9477192954259743,inf,green,False,crosswalk,1,-0.0315763982949752,0.016325786999004777,0.11507822199928341,0.015768355000545853,0.0,0.009000000000000341,0.06400000000000006,-0.0030000000000001137,0.5396699998527765,0.4630829954985218
44.4,15700.520044199,FOLLOW,3.783712006865421,3.7070886511277297,0.40533504479181487,0.10000854034600175,0.1,-0.002113078326023946,-0.0019789909366945604,-0.0010703278104830759,0.9491101356582894,inf,green,False,crosswalk,1,-0.02113078326023946,0.002774751999822911,0.11492316799922264,0.02835333300026832,0.0,-0.009000000000000341,0.06400000000000006,-0.006999999999997897,27.455486999315326,0.4630829954985218
44.5,15700.618652421,FOLLOW,3.7939129071480626,3.717285247199502,0.40503874342957513,0.1000095770643008,0.1,-0.002113078326023946,-0.0019789909366945604,-0.0010703278104830759,0.9491101356582894,inf,green,False,crosswalk,1,-0.02113078326023946,0.018208688999948208,0.07055355900047289,0.005091109000204597,0.0,0.026000000000003354,0.06499999999999773,-0.009000000000000341,0.4133179991185898,0.4630829954985218
44.6,15700.782734727,FOLLOW,3.804113915390765,3.727481877663764,0.40473991912209045,0.10001059408475013,0.1,-0.001115212242087816,-0.0016125026979667966,0.0032222768033689894,0.9513083868766503,inf,green,False,crosswalk,1,-0.01115212242087816,0.06142464999902586,0.1376846690000093,0.0389844040000753,0.0,0.027000000000001023,0.06400000000000006,-0.01099999999999568,25.003274000482634,0.4630829954985218
44.7,15700.875808391,FOLLOW,3.8109146416662245,3.7342796536469076,0.4045396205504995,0.1000107374324805,0.1,-0.001115212242087816,-0.0016125026979667966,0.0032222768033689894,0.9513083868766503,inf,green,False,crosswalk,1,-0.01115212242087816,0.03323133300000336,0.06756851600039226,0.045013486000243574,0.0,0.029000000000003467,0.06300000000000239,0.021000000000000796,0.6996600004640641,0.4630829954985218
44.9,15701.118789038,FOLLOW,3.831317003087005,3.7546730533630104,0.40393497376733695,0.1000119660679772,0.1,0.00011466432051304011,-0.0007952144232972874,0.006075338956124707,0.9530274869570432,inf,green,False,crosswalk,1,0.0011466432051304009,0.07534645600026124,0.08786434100147744,0.009241501000360586,0.0,0.056999999999995055,0.0589999999999975,0.016999999999995907,1.637371999095194,0.4630829954985218
45.0,15701.271967884,FOLLOW,3.844918736511133,3.76826875595676,0.4035299761058449,0.10001313322446895,0.1,0.0002102617593822577,-0.0005963130311668885,0.005394635068937069,0.9548123147978029,inf,green,False,crosswalk,1,0.002102617593822577,0.025049203999515157,0.11777478499971039,0.008194764001018484,0.0,0.02400000000000091,0.0589999999999975,-0.01899999999999835,0.4949140002281638,0.4630829954985218
45.1,15701.432617155,FOLLOW,3.855120083911067,3.7784655769472115,0.40322611682455256,0.10001317806323569,0.1,0.0011257380077945836,4.108084747884554e-05,0.007324776987409782,0.9550415510135057,inf,green,False,crosswalk,1,0.011257380077945836,0.01727866500004893,0.02959993799959193,0.04604183800074679,0.0,-0.03499999999999659,-0.03999999999999915,-0.021000000000000796,25.80892900004983,0.4630829954985218
45.2,15701.526486501,FOLLOW,3.865321468891827,3.788662439892689,0.4029224038277925,0.10001423809808961,0.1,0.0011257380077945836,4.108084747884554e-05,0.007324776987409782,0.9550415510135057,inf,green,False,crosswalk,1,0.011257380077945836,0.01881548399978783,0.12346928399892931,0.014052825999897323,0.0,-0.0049999999999954525,0.060000000000002274,-0.022999999999996135,0.3270510005677352,0.4630829954985218
45.4,15701.773599931,FOLLOW,3.882323887537975,3.805657377306159,0.4024180810276438,0.10001427639862143,0.1,0.001754712059191647,0.0006072175381434022,0.007796216149850737,0.9573210485219437,inf,green,False,crosswalk,1,0.01754712059191647,0.0922834299999522,0.1231035270011489,0.022807377999924938,0.0,0.05799999999999983,0.05999999999999517,0.006999999999997897,0.37467699985427316,0.4630829954985218
45.5,15701.881562889,FOLLOW,3.8925253635989963,3.8158544114994486,0.4021170705265581,0.10001461901068397,0.1,0.002080847377381968,0.0010918219102778112,0.006767111662177051,0.9571226780983879,inf,green,False,crosswalk,1,0.020808473773819676,0.06315481900128361,0.09144979400116426,0.015821404000234907,0.0,0.054000000000002046,0.05700000000000216,0.005000000000002558,26.883087999522104,0.4630829954985218
45.6,15702.019553982,FOLLOW,3.902726854705168,3.8260515072947334,0.4018176411950896,0.10001485557325636,0.1,0.002100816572916039,0.0014308216265959514,0.004641984530268242,0.9620104695690777,inf,green,False,crosswalk,1,0.021008165729160387,0.04413593899880652,0.10790895999889472,0.04893381299916655,0.0,0.030999999999998806,0.059000000000004604,0.0030000000000001137,26.349919000494992,0.4630829954985218
45.7,15702.124888362,FOLLOW,3.9129283640891623,3.836248675471233,0.40152005991852807,0.10001474712865806,0.1,0.002100816572916039,0.0014308216265959514,0.004641984530268242,0.9620104695690777,inf,green,False,crosswalk,1,0.021008165729160387,0.1494703189982829,0.07823536599971703,0.014079808999667875,0.0,0.13100000000000023,0.059000000000004604,0.0010000000000047748,0.6193340013851412,0.4630829954985218
45.9,15702.372815606,FOLLOW,3.9333313526572895,3.8566431506772196,0.40093072242896644,0.10001459020494077,0.1,0.0029971985977283347,0.0020618225878240087,0.006486435786578404,0.9603330688138735,inf,green,False,crosswalk,1,0.029971985977283344,0.014005242001076113,0.10747085200091533,0.029807639000864583,0.0,-0.0020000000000024443,0.056999999999995055,-0.0030000000000001137,24.820233998980257,0.4630829954985218
46.0,15702.477613046,FOLLOW,3.943532927247865,3.866840562244581,0.4006393104802565,0.10001581422486433,0.1,0.0032886110696498,0.0024079200682152564,0.0061464623588560014,0.9632650665339264,inf,green,False,crosswalk,1,0.032886110696498,0.06522411999867472,0.07941665100042883,0.011630910999883781,0.0,0.0519999999999996,0.05700000000000216,-0.005000000000002558,23.82985400072357,0.4630829954985218
46.1,15702.618869555,FOLLOW,3.953734567728041,3.8770381214358696,0.40035077223641313,0.10001631404316805,0.1,0.0037565369403863976,0.00264172464626886,0.007746783465349869,0.9626047267154205,inf,green,False,crosswalk,1,0.03756536940386398,0.018083535000187112,0.11490193600002385,0.02959961400119937,0.0,-0.0009999999999976694,0.059000000000004604,-0.006999999999997897,28.33018699857348,0.4630829954985218
46.2,15702.725751241,FOLLOW,3.963936253085781,3.8872358149251096,0.4000654113480147,0.10001707484454445,0.1,0.0037565369403863976,0.00264172464626886,0.007746783465349869,0.9626047267154205,inf,green,False,crosswalk,1,0.03756536940386398,0.12496522099900176,0.0778670969993982,0.028497201999925892,0.0,0.09900000000000375,0.059000000000004604,-0.009000000000000341,0.39369000114675146,0.4630829954985218
46.4,15702.969713576,FOLLOW,3.9809391893271164,3.9042323180865623,0.3995977438822566,0.10001745932559586,0.1,0.004155493603468428,0.003248194114953763,0.0063973196376358255,0.9653235037046713,inf,green,False,crosswalk,1,0.04155493603468428,0.03155850700022711,0.06610915400051454,0.04522056200039515,0.0,0.02599999999999625,0.055999999999997385,0.021000000000000796,0.3635459997894941,0.4630829954985218
46.5,15703.123006787,FOLLOW,3.9945416547816777,3.917829846084725,0.3992312814874759,0.10001836873494498,0.1,0.004262751866305066,0.0034397236018850726,0.005844665261782384,0.9648998638770373,inf,green,False,crosswalk,1,0.04262751866305066,0.01390030100083095,0.12019737899936445,0.02885319699998945,0.0,-0.009000000000000341,0.054000000000002046,-0.015000000000000568,25.524598999254522,0.4630829954985218
46.6,15703.229126317,FOLLOW,4.004743544298287,3.9280281599194673,0.3989612011586668,0.1000187386390933,0.1,0.004572988460443837,0.003596980968253351,0.0068909585060160285,0.9660430208013466,inf,green,False,crosswalk,1,0.045729884604438366,0.028928647998327506,0.08000103799895442,0.03098229599891056,0.0,-0.0030000000000001137,0.05600000000000449,-0.016999999999995907,23.373888001515297,0.4630829954985218
46.7,15703.322762706,FOLLOW,4.011544833689628,3.9348271267487283,0.39878347325683233,0.10001930773032487,0.1,0.004572988460443837,0.003596980968253351,0.0068909585060160285,0.9660430208013466,inf,green,False,crosswalk,1,0.045729884604438366,0.04511578200072108,0.06746824000038032,0.023703556000327808,0.0,0.054999999999999716,0.054999999999999716,0.015000000000000568,0.39691599886282347,0.4630829954985218
46.9,15703.619424782,FOLLOW,4.035349496478865,3.9586240654133564,0.39817714741718163,0.10001989883478188,0.1,0.004716398627635742,0.0041058838146288395,0.004466688166515185,0.9677435753885077,inf,green,False,crosswalk,1,0.04716398627635743,0.01883543300027668,0.11167529100021056,0.033628192999458406,0.0,-0.009000000000000341,0.054000000000002046,-0.02300000000000324,25.288740998803405,0.4630829954985218
47.0,15703.71891292,FOLLOW,4.045551530951373,3.9688229819088434,0.397924940954473,0.10001999356150774,0.1,0.004716398627635742,0.0041058838146288395,0.004466688166515185,0.9677435753885077,inf,green,False,crosswalk,1,0.04716398627635743,0.04650017799940542,0.07294296399959421,0.004725818998849718,0.0,0.030999999999998806,0.05299999999999727,-0.02499999999999858,0.3023869994649431,0.4630829954985218
47.1,15703.827517231,FOLLOW,4.052352891044466,3.9756223267855524,0.3977593870490373,0.10002000339082298,0.1,0.005052658193556885,0.00431286195861376,0.005357387500906597,0.9674326091576164,inf,green,False,crosswalk,1,0.05052658193556884,0.027537855001355638,0.08998218499982613,0.027034534001359134,0.0,0.03200000000000358,0.054000000000002046,0.006999999999997897,0.3860969991364982,0.4630829954985218
47.2,15703.96832034,FOLLOW,4.065955650799887,3.989221209868129,0.39743466287037593,0.10002047143564971,0.1,0.0051126393345606565,0.004121053196246425,0.007041079100877232,0.9679776163459608,inf,green,False,crosswalk,1,0.051126393345606556,0.04841672499969718,0.06681715900049312,0.010204969999904279,0.0,0.028000000000005798,0.054999999999999716,-0.028999999999996362,0.3086399992753286,0.4630829954985218
47.4,15704.220111308,FOLLOW,4.082959116403072,4.006220125838027,0.39704136595494244,0.10002028770051277,0.1,0.021590469994884013,0.0007600669477340269,0.14009041868440153,0.8722818464107039,inf,green,False,crosswalk,1,0.21590469994884012,0.14727526899878285,0.09687467099865898,0.011351606999596697,0.0,0.09499999999999886,0.0519999999999996,0.0009999999999976694,0.49054100054490846,0.4630829954985218
47.5,15704.368486046,FOLLOW,4.096563868714572,4.019821651148297,0.3967452231817911,0.10004258153571108,0.1,0.02230571059346229,0.0007397021026508271,0.14498877557785642,0.8683814230236948,inf,green,False,crosswalk,1,0.22305710593462288,0.14027683899985277,0.0005914800003665732,0.015540176998911193,0.0,0.08800000000000097,-0.045999999999999375,-0.03499999999999659,0.2168200007872656,0.4630829954985218
47.6,15704.473712729,FOLLOW,4.103366818895431,4.026623286590739,0.39661150683670243,0.10004357534974351,0.1,0.021446761660793064,0.0005622237229221325,0.14042578178446502,0.8678047379736722,inf,green,False,crosswalk,1,0.21446761660793062,0.09067491000132577,0.10581816300145874,0.029323720000320463,0.0,0.06400000000000006,0.054000000000002046,-0.0030000000000001137,22.479965999082197,0.4630829954985218
47.7,15704.574821603,FOLLOW,4.113571240455033,4.036826089670834,0.3964298728301477,0.10004251680333676,0.1,0.02053879606978612,4.252635881046157e-05,0.1377723401480286,0.8697757002925357,inf,green,False,crosswalk,1,0.2053879606978612,0.05378962400027376,0.07791253499999584,0.019315098001243314,0.0,0.05300000000000438,0.05300000000000438,-0.0049999999999954525,32.357285999751184,0.4630829954985218
47.9,15704.820688643,FOLLOW,4.13397971054744,4.057232367903557,0.39613173267443913,0.1000403730229194,0.1,0.018598513127739816,-0.0009082485323183773,0.13105998024269713,0.8660635348871569,inf,green,False,crosswalk,1,0.18598513127739816,0.0033286470006714808,0.09598770899901865,0.03723090600033174,0.0,-0.011000000000002785,0.05299999999999727,-0.009000000000000341,38.09781500058307,0.4630829954985218
48.0,15704.923739776,FOLLOW,4.140782459833994,4.064034632851479,0.39605058826938827,0.10004049716371959,0.1,0.018598513127739816,-0.0009082485323183773,0.13105998024269713,0.8660635348871569,inf,green,False,crosswalk,1,0.18598513127739816,0.1063797800015891,0.06442798100033542,0.04572969400032889,0.0,0.08899999999999864,0.05299999999999727,0.02300000000000324,0.4152450001129182,0.4630829954985218
48.1,15705.077593023,FOLLOW,4.154387796474926,4.077639282103989,0.395914152333335,0.10003927303546273,0.1,0.022821224288684116,0.0024667955117472565,0.13714000020735964,0.87533564151916,inf,green,False,crosswalk,1,0.22821224288684114,0.018565006999779143,0.1206535579985939,0.01806522199876781,0.0,-0.007999999999995566,0.054000000000002046,-0.012999999999998124,0.47135100066952873,0.4630829954985218
48.2,15705.169708243,FOLLOW,4.164592139457487,4.087843315778578,0.3958349319748064,0.10004537653599126,0.1,0.022202970506552892,0.001833166751043426,0.1371582313473361,0.8802909453407527,inf,green,False,crosswalk,1,0.22202970506552888,0.0747652369991556,0.08959421700092207,0.007846402000723174,0.0,0.054000000000002046,0.0519999999999996,-0.015000000000000568,26.158566999583854,0.4630829954985218
48.4,15705.418494828,FOLLOW,4.18500129284199,4.108252254811223,0.3957449899654368,0.10004433289691021,0.1,0.020344642023726805,0.0008258081270120093,0.13134928749696273,0.8778772111063635,inf,green,False,crosswalk,1,0.20344642023726806,0.03317271299965796,0.09241008999924816,0.0002648779991432093,0.0,0.027999999999998693,0.0519999999999996,-0.01899999999999835,33.10520500053826,0.4630829954985218
48.5,15705.519358795,FOLLOW,4.19180428546823,4.115055239209422,0.3957346794909476,0.10004323855304746,0.1,0.0230107458482517,0.007579375304130064,0.10482630678441064,0.8678643135389388,inf,green,False,crosswalk,1,0.23010745848251699,0.053874315999564715,0.06586270799925842,0.02443736299937882,0.0,0.060000000000002274,0.0519999999999996,0.012999999999998124,25.485613999990164,0.4630829954985218
48.6,15705.677480878,FOLLOW,4.202008916007379,4.125259867526888,0.3957372558611444,0.10004727437286928,0.1,0.02781925391980052,0.0024291384476574293,0.17065115311030235,0.8769194238090045,inf,green,False,crosswalk,1,0.2781925391980052,0.07704760799970245,0.10649913599991123,0.05766492199836648,0.0,0.05100000000000193,0.05100000000000193,0.011000000000002785,29.042709000350442,0.4630829954985218
48.7,15705.830018612,FOLLOW,4.215615753823446,4.138866637503567,0.3957782282083571,0.10005446610653287,0.1,0.026409704557821597,0.0011884367923044245,0.16933910078782702,0.8782417620001132,inf,green,False,crosswalk,1,0.26409704557821595,0.031500127999606775,0.11759170500045002,0.014864703000057489,0.0,-0.001999999999995339,0.0519999999999996,-0.02499999999999858,42.72824300096545,0.4630829954985218
48.9,15706.076323841,FOLLOW,4.232624903066072,4.155875346530524,0.39589866383026434,0.10005323451240605,0.1,0.020096674070712667,0.011677740832745274,0.05801426978762241,0.8653506781534065,inf,green,False,crosswalk,1,0.2009667407071267,0.06168757399973401,0.07283935499981453,0.0628901340005541,0.0,0.027000000000001023,0.04999999999999716,0.0049999999999954525,30.897499000275275,0.4630829954985218
49.0,15706.169355076,FOLLOW,4.2428263064722955,4.1660763376958725,0.39599035379229963,0.1000083045683193,0.1,0.020096674070712667,0.011677740832745274,0.05801426978762241,0.8653506781534065,inf,green,False,crosswalk,1,0.2009667407071267,0.01826835399879201,0.06140681399847381,0.001888862998384866,0.0,0.030999999999998806,0.05100000000000193,0.0030000000000001137,0.31453100018552504,0.4630829954985218
49.1,15706.381839025,FOLLOW,4.25303037130705,4.176279928124924,0.39608859440810074,0.10004291718664275,0.1,0.01694027116577539,0.015730775088332646,0.009641305192745872,0.8244685666584216,inf,green,False,crosswalk,1,0.1694027116577539,0.11853596099899733,0.11812164900038624,0.06170530099916505,0.0,0.06400000000000006,0.05100000000000193,0.0010000000000047748,52.782238000872894,0.4630829954985218
49.2,15706.5207612,FOLLOW,4.26323474827835,4.186483625343743,0.39620626111636975,0.10004296228864325,0.1,0.015979197097940948,0.015084671500752973,0.007434751121673257,0.8254836832243817,inf,green,False,crosswalk,1,0.15979197097940948,0.08135106299960171,0.08259867499873508,0.04611343099895748,0.0,0.03200000000000358,0.05300000000000438,-0.0009999999999976694,24.511517000064487,0.4630829954985218
49.4,15706.77117056,FOLLOW,4.2870435766103006,4.210290004660254,0.39654695510604127,0.10002722020595779,0.1,0.006242510748207484,0.01566987565867453,-0.062240080261167965,0.8138780419220721,inf,green,False,crosswalk,1,0.06242510748207484,0.05091789399921254,0.10509019999881275,0.0068017969988432014,0.0,0.027999999999998693,0.05100000000000193,-0.03900000000000148,23.85837200017704,0.4630829954985218
49.5,15706.872817229,FOLLOW,4.293845398247221,4.217090963003225,0.39665531829317136,0.10002603909460048,0.1,0.013140623538638155,0.013779784594276487,-0.0030883376820406917,0.8301136507640973,inf,green,False,crosswalk,1,0.13140623538638155,0.01661421399876417,0.0760040859986475,0.017364235000059125,0.0,-0.0020000000000024443,0.04899999999999949,-0.006999999999997897,27.197426999919116,0.4630829954985218
49.6,15707.025218003,FOLLOW,4.3040485739742635,4.22729272818781,0.39682494121022444,0.10003528916271069,0.1,0.012786827772950789,0.013490598547277785,-0.003554660092279874,0.8290954121377507,inf,green,False,crosswalk,1,0.12786827772950787,0.01352897499964456,0.11538526399999682,0.012917375001052278,0.0,-0.006999999999997897,0.05100000000000193,-0.009000000000000341,1.2471419995563338,0.4630829954985218
49.7,15707.119760664,FOLLOW,4.3108509758746685,4.234094067163649,0.39694518103716164,0.10003520704793567,0.1,-0.003921828795832039,0.013106773563365134,-0.11336474865359313,0.8238619889761933,inf,green,False,crosswalk,1,-0.039218287958320386,0.030391546999453567,0.09097908399962762,0.04548433600029966,0.0,0.03100000000000591,0.0519999999999996,0.02300000000000324,44.935518999409396,0.4630829954985218
49.9,15707.380476477,FOLLOW,4.331256012805054,4.254495440378373,0.3973317770731282,0.10001096898334609,0.1,-0.004676844296614108,0.012650516419842363,-0.11539404129562293,0.8261832338871992,inf,green,False,crosswalk,1,-0.04676844296614108,0.046893499998986954,0.07509122499868681,0.052804066999669885,0.0,0.031999999999996476,0.05299999999999727,0.01899999999999835,35.5647209999006,0.4630829954985218
50.0,15707.518291844,FOLLOW,4.3448574757673635,4.268094535164396,0.39758556964796066,0.10001050998476227,0.1,0.003851360924587127,0.01487886902127383,-0.0730635320593375,0.8118498492737695,inf,green,False,crosswalk,1,0.03851360924587127,0.026907862000371097,0.09271337800055335,0.012573649000842124,0.0,0.018000000000000682,0.0519999999999996,-0.017000000000003013,24.963052999737556,0.4630829954985218
50.1,15707.619141938,FOLLOW,4.351658443792957,4.2748943670874615,0.39770987532452484,0.10002152939941042,0.1,-0.004119253126295068,0.013223157638922567,-0.11544610176193372,0.8145715909006996,inf,green,False,crosswalk,1,-0.04119253126295068,0.03934397899865871,0.07399606499893707,0.03658796399940911,0.0,0.029000000000003467,0.05000000000000426,0.015000000000000568,25.145236000753357,0.4630829954985218
50.2,15707.768641619,FOLLOW,4.361860449959027,4.285094627320352,0.39789860938478383,0.10001174236274096,0.1,-0.004253566969208452,0.013018781042470458,-0.11499647345181478,0.816665594032599,inf,green,False,crosswalk,1,-0.04253566969208451,0.01596139600042079,0.0901906670005701,0.015288287000657874,0.0,0.025000000000005684,0.05100000000000193,0.01300000000000523,0.369652998415404,0.4630829954985218
50.4,15708.074179895,FOLLOW,4.385663034545153,4.308893358698399,0.3983268271579716,0.10000989345947194,0.1,-0.00529449232656866,0.012140714249821959,-0.11615575904083102,0.8286197343388522,inf,green,False,crosswalk,1,-0.05294492326568659,0.13750794000043243,0.07516303200100083,0.013015436999921803,0.0,0.08899999999999864,0.04999999999999716,-0.02499999999999858,0.35524399936548434,0.4630829954985218
50.5,15708.230542176,FOLLOW,4.395864047424688,4.3190928634158,0.3985022273411692,0.10001000280984394,0.1,0.007005543905441531,0.0025448610388259726,0.03032413746118666,0.809232996339355,inf,green,False,crosswalk,1,0.0700554390544153,0.014192610999089084,0.13825378499859653,0.03551620199868921,0.0,-0.03499999999999659,0.0519999999999996,-0.027000000000001023,0.45760400098515674,0.4630829954985218
50.6,15708.321952698,FOLLOW,4.402665100924151,4.325892949846338,0.3986169148777119,0.10002614951429642,0.1,0.007621094032189288,0.0022747557259672063,0.036276559766868874,0.8056125341513002,inf,green,False,crosswalk,1,0.07621094032189288,0.02051591700001154,0.08967097799904877,0.019993170999441645,0.0,0.02499999999999858,0.05000000000000426,0.005000000000002558,0.36653400093200617,0.4630829954985218
50.7,15708.418213333,FOLLOW,4.412867894957626,4.336094203356393,0.398794195141945,0.10002797232082235,0.1,0.00691921784006786,0.0022901888068591553,0.03143775927502085,0.8081207275997433,inf,green,False,crosswalk,1,0.0691921784006786,0.047461232999921776,0.055144349000329385,0.0004631390002032276,0.0,0.06500000000000483,0.04899999999999949,0.0030000000000001137,32.51432300021406,0.4630829954985218
50.9,15708.678754611,FOLLOW,4.433273193507032,4.3564960222756595,0.3991709454031983,0.10002197589526023,0.1,0.00251816137928439,-0.010667996829827303,0.0878910973402406,0.8444396915514515,inf,green,False,crosswalk,1,0.025181613792843897,0.013336504000108107,0.06005535500116821,0.012819437000871403,0.0,0.028999999999996362,0.04800000000000182,-0.0010000000000047748,29.74212299886858,0.4630829954985218
51.0,15708.818503987,FOLLOW,4.443475413155522,4.36669637963263,0.39936586828445364,0.10002159241243781,0.1,0.0023047283399427105,-0.010662443094436858,0.08642447023140426,0.8439575524644372,inf,green,False,crosswalk,1,0.023047283399427108,0.04481616799967014,0.09004169500076387,0.014619113000662765,0.0,0.030000000000001137,0.05100000000000193,-0.0030000000000001137,22.18877599989355,0.4630829954985218
51.1,15708.969658254,FOLLOW,4.453677603573358,4.376896654680112,0.3995635492600856,0.10002137252687665,0.1,0.0006745932353281012,-0.017078246602969555,0.11785971643563958,0.8730698082316379,inf,green,False,crosswalk,1,0.006745932353281012,0.016392003000873956,0.1193667160005134,0.015866106999965268,0.0,-0.003999999999997783,0.05000000000000426,-0.0049999999999954525,0.4948330006300239,0.4630829954985218
51.2,15709.069472821,FOLLOW,4.463879661211653,4.387096753914358,0.3997634380617765,0.10001916417939517,0.1,0.00611437285773771,-0.011841512397320855,0.1196489981331448,0.8844682246937358,inf,green,False,crosswalk,1,0.06114372857737709,0.0029811940003128257,0.08936884399918199,0.0024310160006280057,0.0,0.025000000000005684,0.0519999999999996,-0.006999999999997897,0.38876200051163323,0.4630829954985218
51.4,15709.322057489,FOLLOW,4.484284672373356,4.407497639322471,0.4001736929954678,0.10002559120432435,0.1,0.00510835839070613,-0.012789364056081241,0.11918089285134965,0.8834645583403459,inf,green,False,crosswalk,1,0.0510835839070613,0.035490262000166695,0.07578668499991181,0.012174067000159994,0.0,0.02499999999999858,0.046999999999997044,-0.011000000000002785,33.951690998947015,0.4630829954985218
51.5,15709.475927813,FOLLOW,4.494487260672756,4.4176979810259756,0.40038778323974117,0.10002483430154974,0.1,0.004528740855592641,-0.013173346931994213,0.11784590613178082,0.8847952571841126,inf,green,False,crosswalk,1,0.0452874085559264,0.04487304100075562,0.11312780000116618,0.046331600000485196,0.0,0.015000000000000568,0.04999999999999716,-0.012999999999998124,26.66285699888249,0.4630829954985218
51.6,15709.568927037,FOLLOW,4.504689764095518,4.427898120287616,0.4006074034621978,0.10002386338709092,0.1,0.004528740855592641,-0.013173346931994213,0.11784590613178082,0.8847952571841126,inf,green,False,crosswalk,1,0.0452874085559264,0.06560577200070838,0.06519373500123038,0.0029493860001821304,0.0,0.06099999999999994,0.04800000000000182,-0.015000000000000568,0.7215189998532878,0.4630829954985218
51.7,15709.676874584,FOLLOW,4.511491380185829,4.434698099690733,0.40075660555838055,0.1000236950143295,0.1,0.008027920438835018,-0.0035214834075458223,0.07752701229091694,0.8677542573760437,inf,green,False,crosswalk,1,0.08027920438835018,0.022220734999791603,0.02321589299936022,0.021627755000736215,0.0,0.05799999999999983,0.045000000000001705,0.017000000000003013,0.4204840006423183,0.4630829954985218
51.9,15709.969776472,FOLLOW,4.535297906907225,4.458498303613926,0.40130510352999604,0.1000262119190227,0.1,0.007948543507925463,0.0034679757729403175,0.03054050292578186,0.8701646042286898,inf,green,False,crosswalk,1,0.07948543507925462,0.016617159000816173,0.10423416100093164,0.02011814800061984,0.0,-0.008000000000002672,0.04800000000000182,-0.021000000000000796,26.040429998829495,0.4630829954985218
52.0,15710.069694852,FOLLOW,4.542099686955454,4.465298100176734,0.4014693530804428,0.10002615018692866,0.1,0.007948543507925463,0.0034679757729403175,0.03054050292578186,0.8701646042286898,inf,green,False,crosswalk,1,0.07948543507925462,0.038138764999530395,0.07309382799940067,0.04218795300039346,0.0,0.027000000000001023,0.04899999999999949,0.011000000000002785,0.33649400029389653,0.4630829954985218
52.1,15710.232354338,FOLLOW,4.55570344288073,4.478897629466263,0.40180841246197574,0.10002728989060033,0.1,0.007497318510119639,0.0032382397102477863,0.02902489084711765,0.8701658059272875,inf,green,False,crosswalk,1,0.07497318510119638,0.2007982510003785,0.11962779600071372,0.036091069001486176,0.0,0.12700000000000244,0.04800000000000182,-0.02499999999999858,0.5743379988416564,0.4630829954985218
52.2,15710.324216745,FOLLOW,4.562505297766432,4.485697234505946,0.4019833422040843,0.10002728881664605,0.1,0.007497318510119639,0.0032382397102477863,0.02902489084711765,0.8701658059272875,inf,green,False,crosswalk,1,0.07497318510119638,0.2926606580003863,0.09009172600053716,0.029354091000641347,0.0,0.22700000000000387,0.044000000000004036,0.007000000000005002,0.39739599924359936,0.4630829954985218
52.4,15710.569631012,FOLLOW,4.582910884927353,4.506095515644752,0.4025292657140041,0.1000275236449605,0.1,0.007497318510119639,0.0032382397102477863,0.02902489084711765,0.8701658059272875,inf,green,False,crosswalk,1,0.07497318510119638,0.5380749249998189,0.07533626499935053,0.015117379000002984,0.0,0.4269999999999996,0.046999999999997044,0.0030000000000001137,0.34648899963940494,0.4630829954985218
52.5,15710.724675516,FOLLOW,4.596514446957159,4.519693735376771,0.40291045852141594,0.10001918161785145,0.1,0.0008778217493684648,0.007926872520313176,-0.046886109948775845,0.8457665598257131,inf,green,False,crosswalk,1,0.008778217493684648,0.015152549998674658,0.10779220499898656,0.017251547000341816,0.0,-0.00999999999999801,0.04399999999999693,-0.03300000000000125,0.3292279998277081,0.4630829954985218
52.6,15710.818465341,FOLLOW,4.603315732803691,4.526492281065519,0.40310350170129805,0.10001890962947604,0.1,7.573977210665159e-05,0.0075296599714961224,-0.04964566233012597,0.8452629334981635,inf,green,False,crosswalk,1,0.0007573977210665158,0.10894237499996962,0.07696336900153256,0.013832284001182416,0.0,0.09000000000000341,0.045000000000001705,-0.0009999999999976694,0.5499259987118421,0.4630829954985218
52.7,15710.972457602,FOLLOW,4.613517573741184,4.536689997335969,0.4033935730299526,0.10001801794579283,0.1,-0.0003308250719785882,0.007294462163883828,-0.05081902503964142,0.8481385274804571,inf,green,False,crosswalk,1,-0.003308250719785882,0.015730858000097214,0.10576747999948566,0.043996991000312846,0.0,-0.01099999999999568,0.04000000000000625,-0.0030000000000001137,0.46266100071079563,0.4630829954985218
52.9,15711.219179626,FOLLOW,4.6339211455497376,4.557085323385804,0.4039735883335158,0.10001715373735587,0.1,-0.009514265395993675,0.008957770474643627,-0.1233399428485992,0.8389889870649786,inf,green,False,crosswalk,1,-0.09514265395993673,0.025907907000146224,0.08983560100023169,0.025318498999695294,0.0,0.027999999999998693,0.04299999999999926,-0.006999999999997897,0.31052099984663073,0.4630829954985218
53.0,15711.321618189,FOLLOW,4.640721657691366,4.563883154660617,0.4041645181899348,0.10000545614449596,0.1,-0.009969642778463817,0.008868040038749823,-0.12578169433289332,0.8411977171912177,inf,green,False,crosswalk,1,-0.09969642778463816,0.01901491399985389,0.06636638999952993,0.01703696399999899,0.0,0.055999999999997385,0.04299999999999926,0.02499999999999858,0.31631799902243074,0.4630829954985218
53.1,15711.468571839,FOLLOW,4.654322365856122,4.577478859365439,0.40453337027250447,0.10000560053236332,0.1,-0.0094580660840317,0.008775884482595399,-0.121771304030995,0.8409257616557531,inf,green,False,crosswalk,1,-0.094580660840317,0.06613917399954516,0.06567296999855898,0.01367569199828722,0.0,0.06500000000000483,0.04200000000000159,-0.01099999999999568,0.33592900035728235,0.4630829954985218
53.2,15711.575742719,FOLLOW,4.661122749311136,4.58427691416694,0.4047113166858834,0.10000565191260335,0.1,-0.009543179719599774,0.008888945190759015,-0.12308052718710506,0.8394390917725753,inf,green,False,ramp,1,-0.09543179719599773,0.17331005400046706,0.06122845299978508,0.013574582000728697,0.0,0.16500000000000625,0.04100000000000392,0.021000000000000796,0.5631469994114013,0.4630829954985218
53.2,15711.668670106,CROSSING_WAIT,4.6713233183857445,4.5944741956169475,0.4049702638428692,0.10000550547206596,0.0,0.0,0.007167758850009781,-0.16235436741101383,0.8406923906726058,inf,green,False,ramp,1,-0.17161153204792434,0.00046408400157815777,0.044236076000743196,0.009557106001011562,0.09292738700059999,-0.07199999999999562,-0.05799999999999983,-0.08099999999999596,23.365122999166488,0.4630829954985218
53.4,15711.819639201,CROSSING_WAIT,4.67813710359194,4.601285926368748,0.40513756836697096,0.03189665509534658,0.0,0.0,0.0071604617565806244,-0.16114215683733704,0.842550743438337,inf,green,False,ramp,1,-0.1698477649373675,0.10884081299991522,0.060673463998682564,0.013177889999496983,0.0,0.09799999999999898,0.04099999999999682,0.016999999999995907,0.3785680000873981,0.4630829954985218
53.5,15711.974983018,CROSSING_WAIT,4.678180716781374,4.601327955493323,0.405138579138639,1.5383494550368399e-06,0.0,0.0,0.007280452685918121,-0.16167908155637226,0.8427001547462172,inf,green,False,ramp,1,-0.1694808148327675,0.015422614000272006,0.09795656900132599,0.013969264000479598,0.0,-0.006999999999997897,0.04299999999999926,-0.01899999999999835,0.35452900010568555,0.4630829954985218
53.6,15712.074629603,CROSSING_WAIT,4.678180821358115,4.6013280600399105,0.4051385816497811,1.5377819321809093e-06,0.0,0.0,0.0071604617565806244,-0.16114215683733704,0.842550743438337,inf,green,False,ramp,1,-0.1698477649373675,0.07068407499900786,0.07880761299929873,0.028512113000033423,0.0,0.06200000000000472,0.04200000000000159,0.012999999999998124,0.571471000512247,0.4630829954985218
53.7,15712.222721117,CROSSING_WAIT,4.678181030480845,4.6013282691023285,0.4051385866718789,1.5375541289002289e-06,0.0,0.0,0.007206562519768894,-0.16154958213935547,0.843621311465441,inf,green,False,ramp,1,-0.17001131086232177,0.013270969999211957,0.07305128299958596,0.023253692999787745,0.0,-0.001999999999995339,0.04000000000000625,-0.022999999999996135,28.636806000577053,0.4630829954985218
53.9,15712.421093325,CROSSING_WAIT,4.678181291840805,4.601328530386887,0.40513859294949117,1.5372709321884838e-06,0.0,0.0,0.007206562519768894,-0.16154958213935547,0.843621311465441,inf,green,False,ramp,1,-0.17001131086232177,0.016335739999703947,0.05878375599968422,0.014090648999626865,0.0,0.02499999999999858,0.04099999999999682,0.006999999999997897,0.3626670004450716,0.4630829954985218
54.0,15712.574662897,CROSSING_WAIT,4.678181448633731,4.601328687134565,0.40513859671605823,1.537101938321058e-06,0.0,0.0,0.007206562519768894,-0.16154958213935547,0.843621311465441,inf,green,False,ramp,1,-0.17001131086232177,0.12232525799845462,0.07032745699871157,0.04474841399860452,0.0,0.08500000000000085,0.04200000000000159,0.005000000000002558,0.44023600094078574,0.4630829954985218
54.1,15712.681885268,CROSSING_WAIT,4.678181605409456,4.601328843865037,0.4051386004826253,1.536933635301257e-06,0.0,0.0,0.007206562519768894,-0.16154958213935547,0.843621311465441,inf,green,False,ramp,1,-0.17001131086232177,0.07450398299988592,0.08148253700164787,0.014872599000227638,0.0,0.06500000000000483,0.04200000000000159,0.0030000000000001137,0.445530999058974,0.4630829954985218
54.2,15712.819604864,CROSSING_WAIT,4.67818176216805,4.601329000578373,0.40513860424919296,1.5367660188039876e-06,0.0,0.0,0.007206562519768894,-0.16154958213935547,0.843621311465441,inf,green,False,ramp,1,-0.17001131086232177,0.06269029500072065,0.06229353799972159,0.04396882699984417,0.0,0.054999999999999716,0.043000000000006366,0.0010000000000047748,0.5887650004297029,0.4630829954985218
54.4,15713.079564906,CROSSING_WAIT,4.678182127871869,4.601329366176571,0.405138613037871,1.5363775417123284e-06,0.0,0.0,0.007206562519768894,-0.16154958213935547,0.843621311465441,inf,green,False,ramp,1,-0.17001131086232177,0.036170024000966805,0.09831989700069244,0.022178019000421045,0.0,0.02400000000000091,0.036999999999999034,-0.036999999999999034,0.3573619997041533,0.4630829954985218
54.5,15713.173579366,CROSSING_WAIT,4.678182232341735,4.601329470616253,0.4051386155489282,1.5362672309399376e-06,0.0,0.0,0.007206562519768894,-0.16154958213935547,0.843621311465441,inf,green,False,ramp,1,-0.17001131086232177,0.13018448399998306,0.07688461399993685,0.01520722999885038,0.0,0.12400000000000233,0.03999999999999915,-0.005000000000002558,26.40324200001487,0.4630829954985218
54.6,15713.272564388,CROSSING_WAIT,4.678182389032494,4.601329627261735,0.40513861931552103,1.5361023322028487e-06,0.0,0.0,0.007206562519768894,-0.16154958213935547,0.843621311465441,inf,green,False,ramp,1,-0.17001131086232177,0.008946821000790806,0.05260784399979457,0.006296179000855773,0.0,0.020000000000003126,0.036999999999999034,-0.006999999999997897,0.6283660004555713,0.4630829954985218
54.7,15713.418267449,CROSSING_WAIT,4.678182545706468,4.601329783890426,0.4051386230821242,1.535938090824182e-06,0.0,0.0,0.0071604617565806244,-0.16114215683733704,0.842550743438337,inf,green,False,ramp,1,-0.1698477649373675,0.03146697800002585,0.07087383900034183,0.03704495900092297,0.0,0.014000000000002899,0.04000000000000625,-0.009000000000000341,0.34953899921674747,0.4630829954985218
54.9,15713.618579003,CROSSING_WAIT,4.6781828067926385,4.601330044901113,0.40513862935982264,1.5356658480240146e-06,0.0,0.0,0.007206562519768894,-0.16154958213935547,0.843621311465441,inf,green,False,ramp,1,-0.17001131086232177,0.001547080999444006,0.05282286799956637,0.01623619400015741,0.0,0.021999999999998465,0.03999999999999915,0.021000000000000796,29.0178739996918,0.4630829954985218
55.0,15713.770461638,CROSSING_WAIT,4.678183015628353,4.60133025367643,0.40513863438200914,1.5354493776165e-06,0.0,0.0,0.007206562519768894,-0.16154958213935547,0.843621311465441,inf,green,False,ramp,1,-0.17001131086232177,0.0033961520002776524,0.08103861400013557,0.0025367870002810378,0.0,-0.006000000000000227,0.03999999999999915,-0.015000000000000568,20.813232000364223,0.4630829954985218
55.1,15713.925098273,CROSSING_WAIT,4.678183172235862,4.601330410238636,0.4051386381486678,1.535287797256082e-06,0.0,0.0,0.0071604617565806244,-0.16114215683733704,0.842550743438337,inf,green,False,ramp,1,-0.1698477649373675,0.027761331999499816,0.09857885999917926,0.014064311999391066,0.0,0.020000000000003126,0.03999999999999915,-0.016999999999995907,0.5147010015207343,0.4630829954985218
55.2,15714.028191324,CROSSING_WAIT,4.678183276631725,4.601330514604294,0.4051386406597834,1.5351804443907112e-06,0.0,0.0,0.007206562519768894,-0.16154958213935547,0.843621311465441,inf,green,False,ramp,1,-0.17001131086232177,0.025443529999392922,0.055037586998878396,0.03448657799890498,0.0,0.027000000000001023,0.03900000000000148,0.015000000000000568,24.286885000037728,0.4630829954985218
55.4,15714.269845456,CROSSING_WAIT,4.678183589775659,4.601330827657598,0.40513864819318174,1.5348601285442023e-06,0.0,0.0,0.007206562519768894,-0.16154958213935547,0.843621311465441,inf,green,False,ramp,1,-0.17001131086232177,0.061130096999477246,0.06357602499883797,0.03811052099990775,0.0,0.046999999999997044,0.036999999999999034,0.01099999999999568,26.888612999755424,0.4630829954985218
55.5,15714.418922455,CROSSING_WAIT,4.678183746323189,4.601330984159805,0.40513865195991283,1.5347009475449211e-06,0.0,0.0,0.0071604617565806244,-0.16114215683733704,0.842550743438337,inf,green,False,ramp,1,-0.1698477649373675,0.0006411379999917699,0.08587620199978119,0.023026377999485703,0.0,-0.011000000000002785,0.0379999999999967,0.009000000000000341,0.2867230014089728,0.4630829954985218
55.6,15714.527430605,CROSSING_WAIT,4.6781839028545145,4.601331140645803,0.4051386557266672,1.534542409894337e-06,0.0,0.0,0.007280452685918121,-0.16167908155637226,0.8427001547462172,inf,green,False,ramp,1,-0.1694808148327675,0.10914928800048074,0.07326030100011849,0.018043344000034267,0.0,0.08899999999999864,0.035000000000003695,0.006999999999997897,0.3898739996657241,0.4630829954985218
55.7,15714.680417156,CROSSING_WAIT,4.678184059369705,4.601331297115659,0.4051386594934464,1.5343845292689304e-06,0.0,0.0,0.007206562519768894,-0.16154958213935547,0.843621311465441,inf,green,False,ramp,1,-0.17001131086232177,0.014406156999029918,0.08981835399936244,0.03332986500026891,0.0,-0.007999999999995566,0.036000000000001364,0.005000000000002558,0.31526299972028937,0.4630829954985218
55.9,15714.919217718,CROSSING_WAIT,4.678184424509426,4.6013316621495814,0.40513866828270256,1.5340186149527609e-06,0.0,0.0,0.007206562519768894,-0.16154958213935547,0.843621311465441,inf,green,False,ramp,1,-0.17001131086232177,0.03991201999997429,0.06441199599976244,0.0074458069993852405,0.0,0.018000000000000682,0.03499999999999659,-0.03300000000000125,0.327686000673566,0.4630829954985218
56.0,15715.018593831,CROSSING_WAIT,4.678184528819106,4.601331766429028,0.40513867079394766,1.5339147119802508e-06,0.0,0.0,0.007206562519768894,-0.16154958213935547,0.843621311465441,inf,green,False,ramp,1,-0.17001131086232177,0.0004573300011543324,0.06085247500050173,0.01477217400133668,0.0,-0.006999999999997897,0.036000000000001364,-0.0009999999999976694,0.3756459991564043,0.4630829954985218
56.1,15715.169569657,CROSSING_WAIT,4.678184737417316,4.601331974966764,0.40513867581647917,1.5337077365155785e-06,0.0,0.0,0.007206562519768894,-0.16154958213935547,0.843621311465441,inf,green,False,ramp,1,-0.17001131086232177,0.06087839000065287,0.09480528099993535,0.0036937200002284953,0.0,0.026000000000003354,0.036000000000001364,-0.036999999999999034,0.3126069987047231,0.4630829954985218
56.2,15715.269534155,CROSSING_WAIT,4.678184841705885,4.6013320792250925,0.4051386783277665,1.5336046718545374e-06,0.0,0.0,0.007206562519768894,-0.16154958213935547,0.843621311465441,inf,green,False,ramp,1,-0.17001131086232177,0.03517119500065746,0.06594973699975526,0.018718557001193403,0.0,0.020000000000003126,0.035000000000003695,-0.0049999999999954525,25.038619000042672,0.4630829954985218
56.4,15715.525994404,CROSSING_WAIT,4.678185154529676,4.601332391958147,0.4051386858617201,1.5332971590487677e-06,0.0,0.0,0.007206562519768894,-0.16154958213935547,0.843621311465441,inf,green,False,ramp,1,-0.17001131086232177,0.12277972400079307,0.07500486700155307,0.02971079000053578,0.0,0.08699999999999619,0.027999999999998693,-0.009000000000000341,0.6055569992895471,0.4630829954985218
56.5,15715.618497374,CROSSING_WAIT,4.678185310918112,4.601332548301206,0.4051386896287511,1.5331443396370035e-06,0.0,0.0,0.0071604617565806244,-0.16114215683733704,0.842550743438337,inf,green,False,ramp,1,-0.1698477649373675,0.03228770100031397,0.04534617200079083,0.005267308999464149,0.0,0.021000000000000796,0.03300000000000125,-0.011000000000002785,23.803084999599378,0.4630829954985218
56.6,15715.771661013,CROSSING_WAIT,4.678185467290989,4.601332704628702,0.40513869339582015,1.5329921364032788e-06,0.0,0.0,0.007206562519768894,-0.16154958213935547,0.843621311465441,inf,green,False,ramp,1,-0.17001131086232177,0.1077409039990016,0.08977832699929422,0.01396261399895593,0.0,0.07099999999999795,0.03200000000000358,-0.012999999999998124,0.5378980004024925,0.4630829954985218
56.7,15715.881289166,CROSSING_WAIT,4.678185623648375,4.601332860940701,0.40513869716292866,1.5328405642485645e-06,0.0,0.0,0.007206562519768894,-0.16154958213935547,0.843621311465441,inf,green,False,ramp,1,-0.17001131086232177,0.09346783500041056,0.06132213800083264,0.014281652000136091,0.0,0.07700000000000529,0.034000000000006025,-0.015000000000000568,21.8671570000879,0.4630829954985218
56.9,15716.125564764,CROSSING_WAIT,4.678185884209767,4.601333121426436,0.40513870344153463,1.5325893054910432e-06,0.0,0.0,0.007206562519768894,-0.16154958213935547,0.843621311465441,inf,green,False,ramp,1,-0.17001131086232177,0.06298312599938072,0.07509175199993479,0.044503496999823255,0.0,0.036000000000001364,0.031999999999996476,0.015000000000000568,22.108242001195322,0.4630829954985218
57.0,15716.275775919,CROSSING_WAIT,4.6781860926282155,4.601333329784348,0.40513870846450595,1.5323895202508181e-06,0.0,0.0,0.007206562519768894,-0.16154958213935547,0.843621311465441,inf,green,False,ramp,1,-0.17001131086232177,0.10498413400091522,0.10394905300017854,0.01570073000038974,0.0,0.06099999999999994,0.03300000000000125,-0.021000000000000796,0.3024889992957469,0.4630829954985218
57.1,15716.38333215,CROSSING_WAIT,4.678186196827268,4.601333433953129,0.4051387109760214,1.5322900358297612e-06,0.0,0.0,0.007206562519768894,-0.16154958213935547,0.843621311465441,inf,green,False,ramp,1,-0.17001131086232177,0.2125403650006774,0.07495838700015156,0.045069248000800144,0.0,0.16100000000000136,0.030000000000001137,0.011000000000002785,0.4031829994346481,0.4630829954985218
57.2,15716.520500539,CROSSING_WAIT,4.678186353113187,4.601333590193635,0.4051387147433333,1.5321413219918675e-06,0.0,0.0,0.007206562519768894,-0.16154958213935547,0.843621311465441,inf,green,False,ramp,1,-0.17001131086232177,0.12237845900017419,0.06537830900015251,0.04367497400016873,0.0,0.07200000000000273,0.03300000000000125,0.009000000000000341,0.5310010001267074,0.4630829954985218
57.4,15716.783963086,CROSSING_WAIT,4.678186717721569,4.601333954696032,0.40513872353391506,1.5317966542782144e-06,0.0,0.0,0.007206562519768894,-0.16154958213935547,0.843621311465441,inf,green,False,ramp,1,-0.17001131086232177,0.037539929000558914,0.09275013099977514,0.0243125750002946,0.0,0.01099999999999568,0.03300000000000125,-0.029000000000003467,0.36088900014874525,0.4630829954985218
57.5,15716.877836775,CROSSING_WAIT,4.678186821880364,4.60133405882454,0.40513872604555995,1.531698776681307e-06,0.0,0.0,0.007206562519768894,-0.16154958213935547,0.843621311465441,inf,green,False,ramp,1,-0.17001131086232177,0.016229278000537306,0.061044351999953506,0.0299047469998186,0.0,0.011000000000002785,0.031999999999996476,0.0030000000000001137,24.902275999920676,0.4630829954985218
57.6,15717.033551964,CROSSING_WAIT,4.67818703017803,4.601334267061626,0.40513873106891934,1.5315038277001882e-06,0.0,0.0,0.007206562519768894,-0.16154958213935547,0.843621311465441,inf,green,False,ramp,1,-0.17001131086232177,0.03334982199885417,0.10560004799845046,0.03905296099947009,0.0,-0.030000000000001137,0.029000000000003467,-0.03300000000000125,29.543730001023505,0.4630829954985218
57.7,15717.124818313,CROSSING_WAIT,4.678187134316941,4.601334371170242,0.40513873358063457,1.5314067465457242e-06,0.0,0.0,0.007206562519768894,-0.16154958213935547,0.843621311465441,inf,green,False,ramp,1,-0.17001131086232177,0.01356960699922638,0.060846219999803,0.028489596999861533,0.0,0.0010000000000047748,0.028000000000005798,-0.0009999999999976694,0.4498430007515708,0.4630829954985218
57.9,15717.369562049,CROSSING_WAIT,4.678187446694184,4.601334683456587,0.4051387411159272,1.5311170945271446e-06,0.0,0.0,0.0071604617565806244,-0.16114215683733704,0.842550743438337,inf,green,False,ramp,1,-0.1698477649373675,0.01590640599897597,0.06927911700040568,0.015190079999229056,0.0,0.00999999999999801,0.028999999999996362,-0.005000000000002558,0.43177900079172105,0.4630829954985218
58.0,15717.468731375,CROSSING_WAIT,4.678187602860709,4.601334839577655,0.405138744883659,1.530973144724945e-06,0.0,0.0,0.007206562519768894,-0.16154958213935547,0.843621311465441,inf,green,False,ramp,1,-0.17001131086232177,0.11507573199924082,0.05168148700067832,0.0021747400005551754,0.0,0.10999999999999943,0.029000000000003467,-0.006999999999997897,22.695151999869267,0.4630829954985218
58.1,15717.631678395,CROSSING_WAIT,4.678187759012581,4.601334995684064,0.4051387486514493,1.5308297849035032e-06,0.0,0.0,0.007206562519768894,-0.16154958213935547,0.843621311465441,inf,green,False,ramp,1,-0.17001131086232177,0.030314212001030683,0.09168948300066404,0.04386021299978893,0.0,0.0040000000000048885,0.027999999999998693,-0.009000000000000341,23.872173000199837,0.4630829954985218
58.2,15717.718442249,CROSSING_WAIT,4.678187915149861,4.601335151775875,0.40513875241929964,1.5306870034336512e-06,0.0,0.0,0.007206562519768894,-0.16154958213935547,0.843621311465441,inf,green,False,ramp,1,-0.17001131086232177,0.04180084100153181,0.0548245220015815,0.005763886001659557,0.0,0.03300000000000125,0.029000000000003467,-0.01099999999999568,0.3762739997910103,0.4630829954985218
58.4,15717.970402923,CROSSING_WAIT,4.678188227380881,4.60133546391594,0.405138759955186,1.530403189014643e-06,0.0,0.0,0.007206562519768894,-0.16154958213935547,0.843621311465441,inf,green,False,unknown,1,-0.17001131086232177,0.20223859100042318,0.06022136399951705,0.016106655999465147,0.0,0.16400000000000148,0.027999999999998693,-0.015000000000000568,0.41275200055679306,0.4630829954985218
58.5,15718.120534719,CROSSING_WAIT,4.678188383474739,4.601335619964312,0.4051387637232246,1.5302621450792027e-06,0.0,0.0,0.007206562519768894,-0.16154958213935547,0.843621311465441,inf,green,False,unknown,1,-0.17001131086232177,0.35237038700142875,0.07135506900158362,0.0337811330009572,0.0,0.2640000000000029,0.02499999999999858,-0.017000000000003013,0.35392899917496834,0.4630829954985218
58.6,15718.218682373,CROSSING_WAIT,4.678188487529329,4.6013357239885755,0.40513876623528666,1.5301684407617342e-06,0.0,0.0,0.007206562519768894,-0.16154958213935547,0.843621311465441,inf,green,False,unknown,1,-0.17001131086232177,0.02592156500031706,0.025496670001302846,0.02494260000094073,0.0,0.04299999999999926,0.027999999999998693,0.015000000000000568,0.8096779984043678,0.4630829954985218
58.7,15718.370832226,CROSSING_WAIT,4.6781886956194425,4.601335932018026,0.4051387712594996,1.5299817925423332e-06,0.0,0.0,0.0071604617565806244,-0.16114215683733704,0.842550743438337,inf,green,False,unknown,1,-0.1698477649373675,0.06433433900019736,0.06384494900157733,0.02884736700070789,0.0,0.044000000000004036,0.027000000000001023,-0.02099999999999369,0.44161799996800255,0.4630829954985218
58.9,15718.572797568,CROSSING_WAIT,4.6781889556964975,4.601336192019239,0.40513877753993643,1.5297499016022032e-06,0.0,0.0,0.007280452685918121,-0.16167908155637226,0.8427001547462172,inf,green,False,unknown,1,-0.1694808148327675,0.01481385599981877,0.04513365000093472,0.030088901999988593,0.0,0.00999999999999801,0.028999999999996362,0.009000000000000341,21.521335000215913,0.4630829954985218
59.0,15718.726598249,CROSSING_WAIT,4.678189111723856,4.601336348001084,0.40513878130829195,1.5296115212257888e-06,0.0,0.0,0.0071604617565806244,-0.16114215683733704,0.842550743438337,inf,green,False,ramp,1,-0.1698477649373675,0.11639361500056111,0.0787046180012112,0.015426835001562722,0.0,0.07099999999999795,0.029000000000003467,0.006999999999997897,0.4513989988481626,0.4630829954985218
59.1,15718.868668929,CROSSING_WAIT,4.678189319738431,4.6013365559549655,0.40513878633287753,1.5294278887638717e-06,0.0,0.0,0.007206562519768894,-0.16154958213935547,0.843621311465441,inf,green,False,ramp,1,-0.17001131086232177,0.032166545001018676,0.07899230100156274,0.0023852310005167965,0.0,0.008000000000002672,0.027000000000001023,-0.028999999999996362,25.545264999891515,0.4630829954985218
59.2,15718.97384734,CROSSING_WAIT,4.678189423736371,4.601336659922556,0.4051387888452191,1.5293364448025173e-06,0.0,0.0,0.007206562519768894,-0.16154958213935547,0.843621311465441,inf,green,False,ramp,1,-0.17001131086232177,0.06470517799971276,0.07273613999859663,0.03020010899854242,0.0,0.03800000000000381,0.029000000000003467,0.0030000000000001137,24.935602001278312,0.4630829954985218
59.4,15719.222081374,CROSSING_WAIT,4.678189735692515,4.6013369717876325,0.40513879638243155,1.5290154939926232e-06,0.0,0.0,0.007206562519768894,-0.16154958213935547,0.843621311465441,inf,green,False,ramp,1,-0.17001131086232177,0.015315071999793872,0.05544216999987839,0.028945281999767758,0.0,0.009000000000000341,0.021999999999998465,-0.0010000000000047748,29.098959999828367,0.4630829954985218
59.5,15719.369482556,CROSSING_WAIT,4.678189891631576,4.601337127681157,0.4051388001507129,1.5286170776795922e-06,0.0,0.0,0.007206562519768894,-0.16154958213935547,0.843621311465441,inf,green,False,ramp,1,-0.17001131086232177,0.06883413399918936,0.08338000599906081,0.04570768399935332,0.0,0.036000000000001364,0.02300000000000324,-0.0030000000000001137,23.611354999957257,0.4630829954985218
59.6,15719.468306648,CROSSING_WAIT,4.67819004753005,4.601337283534096,0.40513880391842455,1.5282199326309224e-06,0.0,0.0,0.007206562519768894,-0.16154958213935547,0.843621311465441,inf,green,False,ramp,1,-0.17001131086232177,0.07440274699911242,0.06076405800013163,0.006863149999844609,0.0,0.07800000000000296,0.02499999999999858,-0.0049999999999954525,0.4845990006288048,0.4630829954985218
59.7,15719.621217808,CROSSING_WAIT,4.678190203388099,4.6013374393466115,0.40513880768557087,1.5278244053982265e-06,0.0,0.0,0.0071604617565806244,-0.16114215683733704,0.842550743438337,inf,green,False,ramp,1,-0.1698477649373675,0.029139008000129252,0.06429458999991766,0.03384087199992791,0.0,0.0030000000000001137,0.025000000000005684,-0.006999999999997897,0.45014599891146645,0.4630829954985218
59.9,15719.881004714,CROSSING_WAIT,4.678190514983584,4.601337750851035,0.40513881521818074,1.5270381623070125e-06,0.0,0.0,0.007206562519768894,-0.16154958213935547,0.843621311465441,inf,green,False,ramp,1,-0.17001131086232177,0.02832732899878465,0.07653208900046593,0.04311664899978496,0.0,-0.00999999999999801,0.022999999999996135,-0.011000000000002785,25.71004400124366,0.4630829954985218
60.0,15719.974158408,CROSSING_WAIT,4.678190618813182,4.60133785465028,0.4051388177285562,1.5267775078675663e-06,0.0,0.0,0.007206562519768894,-0.16154958213935547,0.843621311465441,inf,green,False,ramp,1,-0.17001131086232177,0.12148102299943275,0.059327181999833556,0.045116523000615416,0.0,0.09000000000000341,0.02300000000000324,0.021000000000000796,0.5663720003212802,0.4630829954985218
60.1,15720.068360592,CROSSING_WAIT,4.678190774524406,4.601338010315978,0.40513882149365954,1.5263878569402166e-06,0.0,0.0,0.0071604617565806244,-0.16114215683733704,0.842550743438337,inf,green,False,ramp,1,-0.1698477649373675,0.016317835999871022,0.04686232899985043,0.02922121099982178,0.0,0.02300000000000324,0.02499999999999858,0.01899999999999835,22.83786199950555,0.4630829954985218
60.2,15720.221142966,CROSSING_WAIT,4.678190930195968,4.601338165942015,0.40513882525821443,1.5259997800286085e-06,0.0,0.0,0.007206562519768894,-0.16154958213935547,0.843621311465441,inf,green,False,ramp,1,-0.17001131086232177,0.021114043000125093,0.02073711400043976,0.02025160099947243,0.0,0.015000000000000568,0.02400000000000091,0.017000000000003013,0.5299320000631269,0.4630829954985218
60.4,15720.469007298,CROSSING_WAIT,4.67819129327627,4.601338528916098,0.4051388340400626,1.5251004085960632e-06,0.0,0.0,0.007206562519768894,-0.16154958213935547,0.843621311465441,inf,green,False,ramp,1,-0.17001131086232177,0.11113612599910994,0.06085941499986802,0.015839806999792927,0.0,0.08699999999999619,0.02400000000000091,-0.021000000000000796,25.125469001068268,0.4630829954985218
60.5,15720.620760936,CROSSING_WAIT,4.678191448816784,4.6013386844110915,0.40513883780281484,1.5247175800482176e-06,0.0,0.0,0.007206562519768894,-0.16154958213935547,0.843621311465441,inf,green,False,ramp,1,-0.17001131086232177,0.028927846000442514,0.07359517300028529,0.033376087001670385,0.0,-0.00999999999999801,0.017000000000003013,-0.02300000000000324,25.77712899983453,0.4630829954985218
60.6,15720.72066024,CROSSING_WAIT,4.678191604318327,4.6013388398671164,0.40513884156503416,1.5243363066882328e-06,0.0,0.0,0.007206562519768894,-0.16154958213935547,0.843621311465441,inf,green,False,ramp,1,-0.17001131086232177,0.0404257249992952,0.06800615300016943,0.005488810000315425,0.0,0.017000000000003013,0.02300000000000324,-0.02499999999999858,0.2878619998227805,0.4630829954985218
60.7,15720.820940829,CROSSING_WAIT,4.678191707964452,4.601338943482896,0.4051388440728859,1.5240829870004601e-06,0.0,0.0,0.007206562519768894,-0.16154958213935547,0.843621311465441,inf,green,False,ramp,1,-0.17001131086232177,0.01266011699954106,0.024660201001097448,0.02165885700014769,0.0,0.02300000000000324,0.02300000000000324,0.007000000000005002,0.4613660003087716,0.4630829954985218
60.9,15721.078494609,CROSSING_WAIT,4.678192018799804,4.601339254227217,0.4051388515950403,1.5233271430643364e-06,0.0,0.0,0.0071604617565806244,-0.16114215683733704,0.842550743438337,inf,green,False,ramp,1,-0.1698477649373675,0.11804210400077864,0.029625171000589035,0.028950940000868286,0.0,0.08399999999999608,0.01999999999999602,0.0030000000000001137,0.3129659999103751,0.4630829954985218
61.0,15721.174266415,CROSSING_WAIT,4.6781921741598165,4.601339409541717,0.40513885535533584,1.522951535703196e-06,0.0,0.0,0.0071604617565806244,-0.16114215683733704,0.842550743438337,inf,green,False,ramp,1,-0.1698477649373675,0.015914874000372947,0.04656175400123175,0.015057755999805522,0.0,0.018000000000000682,0.02300000000000324,0.0009999999999976694,21.266710999043426,0.4630829954985218
61.1,15721.330227178,CROSSING_WAIT,4.678192329481596,4.601339564817985,0.4051388591151149,1.5225774552884282e-06,0.0,0.0,0.007206562519768894,-0.16154958213935547,0.843621311465441,inf,green,False,ramp,1,-0.17001131086232177,0.09125717200004146,0.05356961899997259,0.029389407000053325,0.0,0.05000000000000426,0.020000000000003126,-0.0009999999999976694,24.133101000188617,0.4630829954985218
61.2,15721.419378768,CROSSING_WAIT,4.6781924847652965,4.601339720056175,0.40513886287438095,1.522204887053235e-06,0.0,0.0,0.007206562519768894,-0.16154958213935547,0.843621311465441,inf,green,False,ramp,1,-0.17001131086232177,0.18040876200029743,0.025942471000234946,0.0030996349996712524,0.0,0.15000000000000568,0.02300000000000324,-0.0030000000000001137,0.38622800093435217,0.4630829954985218
61.4,15721.668579842,CROSSING_WAIT,4.678192743487266,4.6013399787022955,0.40513886913869374,1.5215873231343174e-06,0.0,0.0,0.007206562519768894,-0.16154958213935547,0.843621311465441,inf,green,False,ramp,1,-0.17001131086232177,0.04477772599966556,0.04670824300046661,0.05106844399961119,0.0,0.04800000000000182,0.021000000000000796,0.027000000000001023,0.5012130004615756,0.4630829954985218
61.5,15721.823217785,CROSSING_WAIT,4.678192950389475,4.601340185543828,0.4051388741491359,1.5210962851269043e-06,0.0,0.0,0.0071604617565806244,-0.16114215683733704,0.842550743438337,inf,green,False,ramp,1,-0.1698477649373675,0.018348276000324404,0.06619564399989031,0.044333649000691366,0.0,-0.011000000000002785,0.018000000000000682,-0.009000000000000341,0.32633099908707663,0.4630829954985218
61.6,15721.930684266,CROSSING_WAIT,4.678193105522405,4.6013403406312525,0.40513887790638475,1.5207297526766047e-06,0.0,0.0,0.007206562519768894,-0.16154958213935547,0.843621311465441,inf,green,False,ramp,1,-0.17001131086232177,0.013748078999924473,0.032538958001168794,0.02863969999998517,0.0,-0.012000000000000455,0.014000000000002899,-0.01099999999999568,0.32427699989057146,0.4630829954985218
61.7,15722.083738203,CROSSING_WAIT,4.678193260618027,4.601340495681369,0.40513888166313794,1.5203647088385215e-06,0.0,0.0,0.007206562519768894,-0.16154958213935547,0.843621311465441,inf,green,False,ramp,1,-0.17001131086232177,0.09191988699967624,0.10557335700104886,0.036931385000571026,0.0,0.02200000000000557,0.020000000000003126,-0.012999999999998124,0.3489459995762445,0.4630829954985218
61.9,15722.330102992,CROSSING_WAIT,4.678193570697956,4.601340805670291,0.40513888917517116,1.5196390850682692e-06,0.0,0.0,0.0071604617565806244,-0.16114215683733704,0.842550743438337,inf,green,False,ramp,1,-0.1698477649373675,0.01401265999993484,0.05973948100108828,0.02821142500033602,0.0,-0.011000000000002785,0.016999999999995907,-0.017000000000003013,22.574188000362483,0.4630829954985218
62.0,15722.422266266,CROSSING_WAIT,4.678193674025108,4.601340908967108,0.4051388916787494,1.5193985206171575e-06,0.0,0.0,0.0071604617565806244,-0.16114215683733704,0.842550743438337,inf,green,False,ramp,1,-0.1698477649373675,0.1061759339991113,0.028456599999117316,0.027765589999035,0.0,0.08899999999999864,0.015000000000000568,0.015000000000000568,0.33325900039926637,0.4630829954985218
62.1,15722.57032803,CROSSING_WAIT,4.678193880630458,4.601341115511789,0.4051388966852626,1.5189193541446206e-06,0.0,0.0,0.007206562519768894,-0.16154958213935547,0.843621311465441,inf,green,False,ramp,1,-0.17001131086232177,0.10085769299985259,0.05555322700092802,0.007608338000864023,0.0,0.08200000000000074,0.015000000000000568,-0.021000000000000796,0.326411000060034,0.4630829954985218
62.2,15722.729821866,CROSSING_WAIT,4.6781940355417975,4.601341270377629,0.40513890043958856,1.5185616826418234e-06,0.0,0.0,0.0071604617565806244,-0.16114215683733704,0.842550743438337,inf,green,False,ramp,1,-0.1698477649373675,0.02701361499930499,0.07540488199992978,0.026488810999580892,0.0,-0.013999999999995794,0.011000000000002785,-0.022999999999996135,0.5967030010651797,0.4630829954985218
62.4,15722.924136977,CROSSING_WAIT,4.678194293646536,4.601341528406535,0.4051389066957438,1.517968800144512e-06,0.0,0.0,0.007206562519768894,-0.16154958213935547,0.843621311465441,inf,green,False,ramp,1,-0.17001131086232177,0.0197083040002326,0.020790344000488403,0.02020478499980527,0.0,0.01899999999999835,0.009000000000000341,0.006999999999997897,0.8467089992336696,0.4630829954985218
62.5,15723.0735912,CROSSING_WAIT,4.678194448461118,4.60134168317562,0.40513891044880956,1.5176149963327385e-06,0.0,0.0,0.007206562519768894,-0.16154958213935547,0.843621311465441,inf,green,False,ramp,1,-0.17001131086232177,0.05576048699913372,0.052826773000560934,0.037017941000158316,0.0,0.02300000000000324,0.009000000000000341,0.005000000000002558,0.32428700069431216,0.4630829954985218
62.6,15723.169214751,CROSSING_WAIT,4.678194603239689,4.601341837908693,0.4051389142014089,1.5172626401805132e-06,0.0,0.0,0.007206562519768894,-0.16154958213935547,0.843621311465441,inf,green,False,ramp,1,-0.17001131086232177,0.01854693200039037,0.008610557000793051,0.0071420790009142365,0.0,0.054000000000002046,0.012000000000000455,0.0030000000000001137,0.33258999974350445,0.4630829954985218
62.7,15723.328336731,CROSSING_WAIT,4.678194809555351,4.601342044163693,0.4051389192041551,1.5167950566449314e-06,0.0,0.0,0.0071604617565806244,-0.16114215683733704,0.842550743438337,inf,green,False,ramp,1,-0.1698477649373675,0.01689543899919954,0.06428064600004291,0.013470543999574147,0.0,-0.012999999999998124,0.012000000000000455,-0.032999999999994145,0.2853460009646369,0.4630829954985218
62.9,15723.570701277,CROSSING_WAIT,4.678195067360787,4.601342301893302,0.40513892545644137,1.5162141478058643e-06,0.0,0.0,0.007206562519768894,-0.16154958213935547,0.843621311465441,inf,green,False,ramp,1,-0.17001131086232177,0.08605755700045847,0.05508530199949746,0.022047751999707543,0.0,0.05299999999999727,0.006999999999997897,-0.0030000000000001137,0.5581389996223152,0.4630829954985218
63.0,15723.669183598,CROSSING_WAIT,4.678195221996766,4.6013424564837875,0.40513892920720773,1.515867490702217e-06,0.0,0.0,0.0071604617565806244,-0.16114215683733704,0.842550743438337,inf,green,False,ramp,1,-0.1698477649373675,0.046761722000155714,0.030321610000100918,0.014855736999379587,0.0,0.045000000000001705,0.009000000000000341,-0.005000000000002558,29.082285000185948,0.4630829954985218
63.1,15723.819229564,CROSSING_WAIT,4.678195376597458,4.601342611038985,0.40513893295752396,1.515522248585221e-06,0.0,0.0,0.007206562519768894,-0.16154958213935547,0.843621311465441,inf,green,False,ramp,1,-0.17001131086232177,0.011989365000772523,0.011596366000958369,0.011123530000986648,0.0,0.012999999999998124,0.012000000000000455,-0.006999999999997897,0.39610100066056475,0.4630829954985218
63.2,15723.923650752,CROSSING_WAIT,4.678195531163009,4.601342765559042,0.4051389367073933,1.515178404122898e-06,0.0,0.0,0.007206562519768894,-0.16154958213935547,0.843621311465441,inf,green,False,ramp,1,-0.17001131086232177,0.0992950119998568,0.038723887999367435,0.01920842000072298,0.0,0.0800000000000054,0.010000000000005116,-0.009000000000000341,23.908921999463928,0.4630829954985218
63.4,15724.169964604,CROSSING_WAIT,4.678195840189255,4.6013430744943,0.4051389442058045,1.514494923102615e-06,0.0,0.0,0.007206562519768894,-0.16154958213935547,0.843621311465441,inf,green,False,ramp,1,-0.17001131086232177,0.03916047799975786,0.04594448399984685,0.006465170999945258,0.0,0.016999999999995907,0.00999999999999801,-0.012999999999998124,22.441881001213915,0.4630829954985218
63.5,15724.272458859,CROSSING_WAIT,4.678195943167086,4.601343177441803,0.405138946704885,1.514268332004885e-06,0.0,0.0,0.007206562519768894,-0.16154958213935547,0.843621311465441,inf,green,False,ramp,1,-0.17001131086232177,0.015304910000850214,0.03043449500000861,0.05024078600035864,0.0,0.014000000000002899,0.008000000000002672,0.01899999999999835,24.88966799865011,0.4630829954985218
63.6,15724.368649091,CROSSING_WAIT,4.678196097604998,4.601343331834223,0.4051389504531435,1.5139295977840075e-06,0.0,0.0,0.007206562519768894,-0.16154958213935547,0.843621311465441,inf,green,False,ramp,1,-0.17001131086232177,0.11149514200042177,0.019317938000313006,0.022588783000173862,0.0,0.11400000000000432,0.00999999999999801,0.017000000000003013,0.3242980001232354,0.4630829954985218
63.7,15724.521381835,CROSSING_WAIT,4.678196252007497,4.601343486191231,0.40513895420094737,1.51351528471142e-06,0.0,0.0,0.007206562519768894,-0.16154958213935547,0.843621311465441,inf,green,False,ramp,1,-0.17001131086232177,0.1074682689995825,0.028764492000846076,0.029272437999679823,0.0,0.08300000000000551,0.008000000000002672,0.015000000000000568,0.3863359997922089,0.4630829954985218
63.8,15724.626830184,FOLLOW,4.678196406351241,4.601343640489491,0.4051389579477298,1.5128396598162968e-06,0.1,-0.01700113108623218,0.007206562519768894,-0.16154958213935547,0.843621311465441,inf,green,False,ramp,1,-0.17001131086232177,0.031165145999693777,0.01890753199950268,0.02135974899829307,0.0,0.045999999999999375,0.006999999999997897,0.012999999999998124,0.8817190009722253,0.4630829954985218
63.9,15724.781328504,FOLLOW,4.68157963072659,4.604725863566674,0.40522126363842037,0.06799540101622015,0.1,-0.01700113108623218,0.007206562519768894,-0.16154958213935547,0.843621311465441,inf,green,False,ramp,1,-0.17001131086232177,0.18566346599982353,0.05192276199886692,0.055610837998756324,0.0,0.1460000000000008,0.009000000000000341,0.01099999999999568,0.8737470016058069,0.4630829954985218
64.0,15724.869147265,FOLLOW,4.691732659421952,4.614876067058337,0.40546072133994066,0.0999950479734417,0.1,-0.01698477649373675,0.0071604617565806244,-0.16114215683733704,0.842550743438337,inf,green,False,ramp,1,-0.1698477649373675,0.009088663000511588,0.006086291001338395,0.0076418310000008205,0.0,0.045000000000001705,0.006999999999997897,0.009000000000000341,0.5495309997058939,0.4630829954985218
64.2,15725.180219037,FOLLOW,4.712131704316379,4.635270573546648,0.40589056763624154,0.09999569189356056,0.1,-0.01700025348946023,0.006247398452564043,-0.15530853530970296,0.8547065868740072,inf,green,False,ramp,1,-0.1700025348946023,0.036312981999799376,0.0359551929996087,0.03547274899938202,0.0,0.016000000000005343,0.009000000000000341,0.005000000000009663,0.31969399969966616,0.4630829954985218
64.4,15725.41850908,FOLLOW,4.732531774410001,4.655667355274199,0.4062565152993071,0.10001536872175594,0.1,-0.005285206267802801,-0.02242049475936333,0.11330243595199382,0.8626915293626305,inf,green,False,ramp,1,-0.052852062678028014,0.08438929399926565,0.007359426999755669,0.0065074129997810815,0.0,0.054000000000002046,0.0040000000000048885,0.0010000000000047748,0.3023469998879591,0.4630829954985218
64.6,15725.67227472,FOLLOW,4.752934007549924,4.676066732175459,0.4065978460683473,0.10000930165214192,0.1,-0.005335657706189954,-0.022635900006205106,0.1143836430170552,0.8637297527168721,inf,green,False,ramp,1,-0.05335657706189954,0.07948464900073304,0.020026774000143632,0.01952337799957604,0.0,0.05099999999998772,0.006000000000000227,-0.0030000000000001137,0.3347950005263556,0.4630829954985218
64.7,15725.780608661,FOLLOW,4.763134962356767,4.686266389027242,0.40676056340577926,0.10000942066495047,0.1,-0.005231334390877907,-0.022383040044735195,0.11341506598685205,0.8651096306274302,inf,green,False,ramp,1,-0.05231334390877907,0.047444967000046745,0.05272481400061224,0.029366957000092953,0.0,0.016999999999995907,0.008000000000009777,-0.0049999999999954525,25.813025000388734,0.4630829954985218
64.9,15726.021163594,FOLLOW,4.78353706120021,4.706666134856356,0.40707036379286504,0.10001665238097165,0.1,0.00021885102042165557,-0.017475397166382342,0.1174370217698715,0.8793965675121533,inf,green,False,ramp,1,0.0021885102042165554,0.036918333998983144,0.047276723998948,0.02150596600040444,0.0,0.023000000000010346,0.006000000000000227,-0.009000000000000341,0.35980699976789765,0.4630829954985218
65.1,15726.27585483,FOLLOW,4.803940554353936,4.727067369982851,0.4073739061188391,0.10001715200413333,0.1,0.00013461620728051383,-0.017583470811722242,0.11758683943878633,0.8779962887472099,inf,green,False,ramp,1,0.0013461620728051381,0.057395261001147446,0.029484355000022333,0.015284007000445854,0.0,0.053999999999987836,0.006999999999990791,-0.01300000000000523,0.9574139985488728,0.4630829954985218
65.2,15726.430639381,FOLLOW,4.814142308537061,4.737267986793974,0.40752623825602613,0.10001716392073269,0.07,0.0018818080533465516,-0.01034195838681571,0.08687385008581552,0.8864687897639454,inf,green,False,ramp,1,0.026882972190665023,0.017421881000700523,0.058263426000848995,0.030169633000696194,0.0,-0.012999999999991019,0.007000000000005002,-0.015000000000000568,31.32465199996659,0.4630829954985218
65.4,15726.677101522,FOLLOW,4.831453352498005,4.75457716610576,0.40778028213894113,0.09972294711630689,0.1,0.0034268283914954322,-0.008304333282045474,0.0783340693772019,0.866788718108338,inf,green,False,ramp,1,0.034268283914954324,0.0129475640005694,0.0580451069999981,0.02952523000021756,0.0,-0.02199999999999136,0.005000000000009663,-0.018999999999991246,30.06933399956324,0.4630829954985218
65.6,15726.878031723,FOLLOW,4.848456497302035,4.77157852071823,0.40802699206552473,0.1000224668681292,0.1,0.0032282498929559755,-0.00880494629067411,0.0803183196344055,0.867090410601898,inf,green,False,ramp,1,0.032282498929559755,0.014743657999133575,0.013538170000174432,0.013938979998783907,0.0,0.015000000000000568,0.0,0.01099999999999568,0.3684130006149644,0.4630829954985218
65.7,15727.030250597,FOLLOW,4.862059573730235,4.78518005649535,0.4082317099411993,0.10002417884171275,0.1,0.004181258159799692,-0.000829544216145936,0.03374347292438696,0.8739460311401347,inf,green,False,ramp,0,0.04181258159799692,0.016165474999070284,0.04473022199999832,0.015194869998595095,0.0,-0.015999999999991132,0.0,-0.024999999999991473,43.73414300061995,0.4630829954985218
65.9,15727.27467703,FOLLOW,4.8790636499581534,4.802182033973066,0.4084988369855146,0.10002370194897345,0.1,0.0040699167393874625,-0.0011181430924573285,0.03491433545221436,0.8751709613049883,inf,green,False,ramp,0,0.04069916739387462,0.04674806100047135,0.02921828199941956,0.02967082000031951,0.0,0.018000000000000682,0.0010000000000047748,0.005000000000009663,1.1246520007262006,0.4630829954985218
66.1,15727.522028071,FOLLOW,4.899467870738707,4.822583512780971,0.40883332368397574,0.10001698627664965,0.1,-0.0011123732273515242,0.005560191294684677,-0.044547017961738135,0.8514795760816739,inf,green,False,ramp,0,-0.01112373227351524,0.03170621599929291,0.013271997000629199,0.011866892000398366,0.0,0.018999999999991246,0.001999999999995339,0.000999999999990564,0.4840870005864417,0.4630829954985218
66.2,15727.676680322,FOLLOW,4.909669534700487,4.832783801639353,0.40900081912621133,0.1000161289802737,0.1,-0.001102640099971239,0.005349410848735931,-0.04307893712523406,0.8507682739029094,inf,green,False,ramp,0,-0.01102640099971239,0.015728168000350706,0.014785126999413478,0.013220857999840518,0.0,0.016999999999995907,0.0040000000000048885,-0.000999999999990564,25.057586999537307,0.4630829954985218
66.4,15727.969089786,FOLLOW,4.930072775045418,4.853184340010088,0.4093328574991415,0.10001535586539928,0.1,-0.0014492967976963034,0.005147749652954862,-0.04407263073173966,0.8532011667307499,inf,green,False,ramp,0,-0.014492967976963034,0.0032879179998417385,0.045694398000705405,0.027807852000478306,0.0,-0.013999999999995794,0.0030000000000001137,-0.0049999999999954525,22.395313999368227,0.4630829954985218
66.6,15728.218767717,FOLLOW,4.9504758342408355,4.873584774219103,0.4096601282963793,0.10001462028444884,0.1,-0.010091071960004,0.007024740533433119,-0.11447875790418917,0.8442570729137324,inf,green,False,ramp,0,-0.10091071960004,0.018511498999941978,0.026164535000134492,0.019725932001165347,0.0,0.018999999999991246,0.001999999999995339,-0.009000000000000341,22.5882670001738,0.4630829954985218
66.7,15728.31864611,FOLLOW,4.9572765723115895,4.88038466529511,0.4097674561003473,0.10000356282242234,0.1,-0.010091071960004,0.007024740533433119,-0.11447875790418917,0.8442570729137324,inf,green,False,ramp,0,-0.10091071960004,0.06032556199897954,0.0038687249998474726,0.027011918999050977,0.0,0.055999999999997385,0.0030000000000001137,0.022999999999996135,0.3638340003817575,0.4630829954985218
66.9,15728.628728249,FOLLOW,4.9810772618466475,4.904182899807738,0.4101089234672896,0.10000308837567674,0.1,-0.009967076055879685,0.007444347426214172,-0.11641188876220364,0.84514552160871,inf,green,False,ramp,0,-0.09967076055879683,0.039783697999155265,0.05057581700020819,0.02879506799945375,0.0,0.010000000000005116,0.0030000000000001137,-0.015000000000000568,34.23544700126513,0.4630829954985218
67.1,15728.869693395,FOLLOW,5.001477981507516,4.924582099560883,0.4103576919809179,0.10000722454695592,0.1,-0.006776938109436097,0.004288517003961802,-0.07420856560280134,0.8350671915409447,inf,green,False,ramp,0,-0.06776938109436097,0.023320213000260992,0.03485296899998502,0.007973794999998063,0.0,0.015999999999991132,0.0030000000000001137,-0.019000000000005457,0.3633480009739287,0.4630829954985218
67.2,15728.968917146,FOLLOW,5.008278486225256,4.931382187005726,0.41043302180885705,0.10000749131795629,0.1,-0.016792285072684328,0.00602602301771249,-0.1524906092341004,0.8448621688955589,inf,green,False,ramp,0,-0.16792285072684326,0.02249140899948543,0.013558736000049976,0.02208303400038858,0.0,0.05200000000000671,0.0010000000000047748,0.01300000000000523,0.32710300001781434,0.4630829954985218
67.4,15729.22506104,FOLLOW,5.03207771482551,4.955180390544487,0.41065244831226094,0.0999943858137875,0.1,-0.01599963334850696,0.006286542308019477,-0.14893701766220546,0.8424501256266204,inf,green,False,ramp,0,-0.1599963334850696,0.15421842700015986,0.013963216000774992,0.007807420000972343,0.0,0.11299999999999955,0.0,-0.024999999999991473,0.36929099951521493,0.4630829954985218
67.6,15729.469864861,FOLLOW,5.049076802303652,4.972179171117506,0.4107537524062787,0.09999098778368112,0.1,-0.01874331526161121,0.0013671657621312228,-0.13503091499042635,0.8422053579841418,inf,green,False,ramp,0,-0.18743315261611207,0.0033370349992765114,0.0023117509990697727,0.0009837259985943092,0.0,0.012999999999991019,0.0,0.0049999999999954525,0.7959170015965356,0.4630829954985218
67.7,15729.630929721,FOLLOW,5.062675640384023,4.985777933906376,0.4107979803399584,0.09999181011951526,0.1,-0.02028377694100035,-0.015800072191999158,-0.03185726991817741,0.863445903774583,inf,green,False,ramp,0,-0.2028377694100035,0.06310118299916212,0.039522073999251006,0.01331874199968297,0.0,0.021000000000000796,0.0,-0.0309999999999917,0.4340550003689714,0.4630829954985218
67.9,15729.871575248,FOLLOW,5.079673954553122,5.002776239539394,0.41080317762432844,0.09999112207316749,0.1,-0.018502183906516437,-0.0150456177985293,-0.024797732126396035,0.8645729002101782,inf,green,False,ramp,0,-0.18502183906516434,0.0130686450011126,0.012682085000051302,0.012174936000519665,0.0,0.006000000000000227,-0.000999999999990564,-0.000999999999990564,0.31051299993123394,0.4630829954985218
68.1,15730.118565861,FOLLOW,5.10007236621709,5.023174533871975,0.41073736180448644,0.09999324432376139,0.1,-0.01515994901443409,-0.0013936429187321568,-0.09288994624426232,0.8893353322058158,inf,green,False,ramp,0,-0.15159949014434088,0.08624092799982463,0.03866113999902154,0.037485842000023695,0.0,0.04799999999998761,-0.0030000000000001137,-0.005000000000009663,38.65325800143182,0.4630829954985218
68.2,15730.232572785,FOLLOW,5.110271738696342,5.033373727821387,0.4106772001157763,0.09999615263037546,0.1,-0.013759730271574996,-0.0006941947445600373,-0.08811068184030428,0.8889004445095873,inf,green,False,ramp,0,-0.13759730271574996,0.01841553899976134,0.040735697000855,0.03660404800029937,0.0,-0.012000000000000455,0.0,-0.006999999999990791,27.236021000135224,0.4630829954985218
68.4,15730.477688436,FOLLOW,5.127271242480571,5.050372692556638,0.4105423072323814,0.09999777587152885,0.1,-0.012641799716356764,0.0010383265578317868,-0.09206249942162013,0.9106977412489603,inf,green,False,ramp,0,-0.12641799716356764,0.028769553999154596,0.013718435999180656,0.044746359999408014,0.0,0.018000000000000682,-0.001999999999995339,0.023000000000010346,18.783314000756945,0.4630829954985218
68.6,15730.769646177,FOLLOW,5.154470930394729,5.0775707751142045,0.4102479609838313,0.09999968775149909,0.1,-0.01182583974400267,0.0016961338418288903,-0.09093707098703667,0.9129710238794078,inf,green,False,ramp,0,-0.11825839744002668,0.10662704499918618,0.03692330999911064,0.0015183389987214468,0.0,0.053999999999987836,0.0,-0.049000000000006594,15.357313001004513,0.4630829954985218
68.7,15730.877239073,FOLLOW,5.16127090623467,5.084370188425187,0.4101605066839208,0.09999962619387782,0.1,-0.011002379914713712,0.0020486462724212708,-0.08774340275786706,0.9121006784192149,inf,green,False,ramp,0,-0.11002379914713713,0.07760505599981116,0.0413094989999081,0.015113820998521987,0.0,0.04800000000000182,0.0,-0.016999999999995907,16.89970799998264,0.4630829954985218
68.9,15731.068944091,FOLLOW,5.178270924378668,5.101368487092219,0.4099188913480345,0.1000005548068313,0.1,-0.009916390255371853,0.002461358334158694,-0.08318563492890427,0.915411302454356,inf,green,False,ramp,0,-0.09916390255371851,0.01283877299829328,0.003631082998253987,0.011198745000001509,0.0,0.04600000000000648,0.0,0.01300000000000523,0.45940300151414704,0.4630829954985218
69.1,15731.319301282,FOLLOW,5.1986709371458,5.121765826600996,0.40958885383621485,0.10000055907722956,0.1,-0.008592771466912008,0.0032310124329941008,-0.07939573672792077,0.9159654143967922,inf,green,False,ramp,0,-0.08592771466912008,0.06088391399862303,0.002556732999437372,0.004026966998935677,0.0,0.05499999999999261,-0.0020000000000095497,0.009000000000000341,1.4286400000855792,0.4630829954985218
69.2,15731.476052696,FOLLOW,5.212271095770479,5.135363841810889,0.4093474482553028,0.10000127345815948,0.1,-0.007632874042593746,0.0035325113168594054,-0.07494653983775919,0.9176078080268966,inf,green,False,ramp,0,-0.07632874042593746,0.1092998849999276,0.027477042000100482,0.026358875000369153,0.0,0.05299999999999727,-0.000999999999990564,-0.027000000000001023,0.4967069999111118,0.4630829954985218
69.4,15731.720216515,FOLLOW,5.229271532012718,5.1523612078468854,0.40902443083950724,0.10000274439735514,0.1,-0.006452513581567489,0.0036600052234817444,-0.06785933186263278,0.9208189347790621,inf,green,False,ramp,0,-0.06452513581567489,0.03121360399927653,0.03077595299873792,0.036396874998899875,0.0,0.018000000000000682,0.0,0.0030000000000001137,0.626090000878321,0.4630829954985218
69.6,15731.968583527,FOLLOW,5.249672476366382,5.172757938871007,0.4086098987456924,0.10000515874417881,0.1,-0.008970684637398349,0.00471518268387992,-0.09175301352215195,0.9261112394029622,inf,green,False,ramp,0,-0.08970684637398348,0.028717776998746558,0.028310975998465437,0.027746853998905863,0.0,0.018000000000000682,-0.0010000000000047748,-0.0010000000000047748,0.35719500010600314,0.4630829954985218
69.7,15732.07561587,FOLLOW,5.259872788337078,5.182955927616886,0.4083922194584701,0.10000131252707446,0.1,-0.008114423962314236,0.004920393546768809,-0.08737025873755613,0.9255628197063976,inf,green,False,ramp,0,-0.08114423962314236,0.01651858700097364,0.021805575001053512,0.020799810999960755,0.0,0.01300000000000523,-0.000999999999990564,-0.0030000000000001137,0.5170490003365558,0.4630829954985218
69.9,15732.32186521,FOLLOW,5.276873218842185,5.199952059582611,0.40801000099504575,0.1000031753924435,0.1,-0.0067995404167790294,0.005573901580556508,-0.08287671885435599,0.9259739627595517,inf,green,False,ramp,0,-0.06799540416779029,0.019978517000708962,0.021445676000439562,0.032471339000039734,0.0,0.015000000000000568,-0.000999999999990564,0.027000000000001023,0.4064779986947542,0.4630829954985218
70.1,15732.568688187,FOLLOW,5.3006742110139395,5.223746185285926,0.4074384372235449,0.10000452991849407,0.1,-0.00682559777944483,0.006407662699489995,-0.0885690860977297,0.9253028100374536,inf,green,False,ramp,0,-0.0682559777944483,0.020610309000403504,0.01437349400111998,0.00021824200121045578,0.0,0.01099999999999568,-0.0020000000000095497,-0.01100000000000989,16.082459000244853,0.4630829954985218
70.2,15732.72034446,FOLLOW,5.310874644956785,5.233943386942467,0.4071816742732537,0.10000400093335632,0.1,-0.006216062046179181,0.006767310531501661,-0.08686290680473358,0.9240836325048807,inf,green,False,ramp,0,-0.062160620461791806,0.0182473229997413,0.031090704000234837,0.02899907000028179,0.0,-0.009999999999990905,-0.0030000000000001137,-0.012999999999991019,0.32594600088486914,0.4630829954985218
70.4,15732.918576932,FOLLOW,5.327875460520646,5.250938429896785,0.4067387076091905,0.1000051100210289,0.1,-0.005098603940054829,0.007060882718240173,-0.08131297485450675,0.9254966069044933,inf,green,False,ramp,0,-0.050986039400548286,0.07825151199904212,0.0025904479989549145,0.011642132998531451,0.0,0.0870000000000033,-0.001999999999995339,0.017000000000010118,15.362525000455207,0.4630829954985218
70.6,15733.168695962,FOLLOW,5.3482767125268715,5.27133218903636,0.4061858615679287,0.10000782251315488,0.1,0.006063879657876417,0.007460625880404272,-0.008798468899102043,0.8869789502172242,inf,green,False,ramp,0,0.06063879657876417,0.036736792000738205,0.12097559399990132,0.021619224000460235,0.0,0.04799999999998761,0.0969999999999942,0.012999999999991019,14.986670999860507,0.4630829954985218
70.7,15733.321765363,FOLLOW,5.361878902364852,5.284929265024998,0.4058129173036139,0.10002037947017652,0.1,0.006074374728011469,0.007584762267884283,-0.009555099679101975,0.8892005625367682,inf,green,False,ramp,0,0.06074374728011469,0.026152620999710052,0.025767672999791102,0.013678195999091258,0.0,0.016000000000005343,-0.0030000000000001137,-0.022999999999996135,0.739491999411257,0.4630829954985218
70.9,15733.569679619,FOLLOW,5.382283198330771,5.305326433093581,0.40527368679604836,0.10002151736557188,0.1,-0.011602610438383608,0.00657522264509585,-0.12160292718418877,0.8739370473365775,inf,green,False,ramp,0,-0.11602610438383607,0.00473420799971791,0.03173142400009965,0.014529493000736693,0.0,-0.01999999999999602,-0.0049999999999954525,-0.027000000000001023,0.33879999864439014,0.4630829954985218
71.1,15733.768395873,FOLLOW,5.399282882679569,5.322320041751758,0.4048193257892517,0.09999657120635143,0.1,-0.011178037757428266,0.006946092341834201,-0.12120971934438039,0.8743492004962814,inf,green,False,ramp,0,-0.11178037757428265,0.016119222000270383,0.0013916539992351318,0.004287534999093623,0.0,0.04399999999999693,-0.0040000000000048885,0.0030000000000001137,0.38865300120960455,0.4630829954985218
71.2,15733.927894691,FOLLOW,5.409482476251127,5.332515555400369,0.404530882479688,0.09999421275937558,0.1,-0.012421156716346913,0.0012867960401995657,-0.09222467597526478,0.8851117527618452,inf,green,False,ramp,0,-0.12421156716346912,0.019974991000708542,0.037715652000770206,0.04020823999962886,0.0,-0.013999999999995794,-0.003999999999990678,0.0010000000000047748,14.552615000866354,0.4630829954985218
71.4,15734.168708541,FOLLOW,5.4298813553306395,5.352905122536068,0.4039147685257976,0.09999478302625704,0.1,-0.01242530517325904,-0.008109809041518944,-0.029862191883659225,0.9076241764996906,inf,green,False,ramp,0,-0.1242530517325904,0.12033552699904249,0.03557806099888694,0.03683600299882528,0.0,0.08400000000000318,-0.0049999999999954525,-0.0030000000000001137,0.5887879997317214,0.4630829954985218
71.6,15734.423632941,FOLLOW,5.450280276467181,5.373293088708728,0.4032464898479337,0.09999462510017176,0.1,-0.011596313150278556,-0.009925220595582169,-0.012159737694255409,0.9710570268206402,inf,green,False,ramp,0,-0.11596313150278556,0.006708057999276207,0.03004799199879926,0.02935954999884416,0.0,-0.016000000000005343,-0.006000000000000227,-0.007000000000005002,0.34467800105630886,0.4630829954985218
71.7,15734.530151116,FOLLOW,5.460479860816411,5.38348654955511,0.40289312607479194,0.09999614501002495,0.1,-0.011522850301491043,-0.009495580916148477,-0.014526696809960446,0.971938777672158,inf,green,False,ramp,0,-0.11522850301491043,0.0245701679996273,0.024279080998894642,0.013865060998796253,0.0,0.01999999999999602,-0.0049999999999954525,-0.009000000000000341,0.35144300090905745,0.4630829954985218
71.9,15734.772615577,FOLLOW,5.477479224207895,5.4004747521040875,0.4022773018536564,0.09999626630694997,0.1,-0.011432561954305594,-0.008321319558614365,-0.021742032767684733,0.9724690860910603,inf,green,False,ramp,0,-0.11432561954305594,0.17930975200033572,0.13812696800050617,0.02590269499887654,0.0,0.15400000000001057,0.09199999999999875,0.021000000000000796,0.5233800002315547,0.4630829954985218
72.1,15735.082064323,FOLLOW,5.501278386894685,5.424256185094087,0.40135901754200815,0.0999965668728376,0.1,-0.011200285229801333,-0.006316589387777161,-0.03352683557204869,0.9793814537861737,inf,green,False,ramp,0,-0.11200285229801331,0.024694625000847736,0.04419823500029452,0.029968466000354965,0.0,-0.010000000000005116,-0.008000000000009777,-0.017000000000010118,0.39996700070332736,0.4630829954985218
72.2,15735.172614265,FOLLOW,5.508078155425378,5.431050423071963,0.40108482660034583,0.09999655957760614,0.1,-0.011143085686106351,-0.0056326102563442155,-0.03769457040360505,0.9824685787642777,inf,green,False,ramp,0,-0.11143085686106351,0.021299078000083682,0.022422588999688742,0.05280031100119231,0.0,0.009000000000000341,-0.009999999999990905,0.015000000000000568,20.817560998693807,0.4630829954985218
72.4,15735.422017323,FOLLOW,5.528477424587798,5.451431814614975,0.40023107902044325,0.09999628836749988,0.1,-0.011492857652040672,-0.004864341560301607,-0.04516904558909996,0.9882949037969743,inf,green,False,ramp,0,-0.11492857652040672,0.08211015400047472,0.014057942000363255,0.04426471999977366,0.0,0.054000000000002046,-0.01099999999999568,0.01100000000000989,14.901869999448536,0.4630829954985218
72.6,15735.668816307,FOLLOW,5.54887652675943,5.471811027903123,0.39933060619158933,0.09999503055865919,0.1,-0.01149559627762382,-0.004147448871379161,-0.04995599848935069,0.996836222326769,inf,green,False,ramp,0,-0.1149559627762382,0.010435631998916506,0.015527732999544241,0.031150601000263123,0.0,0.001999999999995339,-0.008000000000009777,0.006999999999990791,0.35098900116281584,0.4630829954985218
72.7,15735.824442075,FOLLOW,5.5624758206849885,5.485395861135932,0.39870365678634334,0.0999945969502863,0.1,-0.01149559627762382,-0.004147448871379161,-0.04995599848935069,0.996836222326769,inf,green,False,ramp,0,-0.1149559627762382,0.011729627000022447,0.047499378999418695,0.020499882999502006,0.0,-0.02400000000000091,-0.007999999999995566,-0.028999999999996362,0.5337830007192679,0.4630829954985218
72.9,15736.025905293,FOLLOW,5.57947485306739,5.502375402058969,0.39788989881715875,0.0999939910176303,0.1,-0.011599024786503381,-0.004560631772068106,-0.047905922206980395,0.9970419843988696,inf,green,False,ramp,0,-0.1159902478650338,0.010951086998829851,0.1333766640000249,0.01604668199979642,0.0,0.017000000000010118,0.09000000000000341,0.0010000000000047748,0.3316120000818046,0.4630829954985218
73.1,15736.274644111,FOLLOW,5.5964737955321056,5.519353207378316,0.39704250268222485,0.09999345899668893,0.1,-0.01177233859151563,-0.005153906448378268,-0.04512907699028832,0.9970416726704188,inf,green,False,ramp,0,-0.11772338591515628,0.0105791070000123,0.1240738769993186,0.048823303999597556,0.0,0.015999999999991132,0.09099999999999397,0.0309999999999917,14.626285999838728,0.4630829954985218
73.2,15736.424311497,FOLLOW,5.61007289008476,5.53293415034761,0.39634013290698106,0.09999324537058486,0.1,-0.01177233859151563,-0.005153906448378268,-0.04512907699028832,0.9970416726704188,inf,green,False,ramp,0,-0.11772338591515628,0.021947721999822534,0.008935889998610946,0.010253098000248428,0.0,0.02200000000000557,-0.009999999999990905,-0.0049999999999954525,20.761521000167704,0.4630829954985218
73.4,15736.72099033,FOLLOW,5.630471500004397,5.553303367019854,0.39524555461347133,0.09999309023098717,0.1,-0.011845794919289436,-0.005583546127811956,-0.0427662658204396,0.9972024969476697,inf,green,False,unknown,0,-0.11845794919289435,0.04373191000013321,0.030422384001212777,0.030878552001013304,0.0,0.014000000000010004,-0.012999999999991019,-0.009000000000000341,20.728800998767838,0.4630829954985218
73.6,15736.98243228,FOLLOW,5.650870097279648,5.573669853722849,0.39410153083660715,0.0999931665035634,0.1,-0.011874844164016846,-0.005806053578708025,-0.04148166742569,0.9970112206411713,inf,green,False,unknown,0,-0.11874844164016846,0.08517607799876714,0.054722417999073514,0.05367233899960411,0.0,0.04799999999998761,-0.01100000000000989,-0.01300000000000523,14.662327001133235,0.4630829954985218
73.7,15737.075576303,FOLLOW,5.661044856405649,5.583827547671719,0.39351249199462646,0.09893188994345795,0.1,-0.011874844164016846,-0.005806053578708025,-0.04148166742569,0.9970112206411713,inf,green,False,unknown,0,-0.11874844164016846,0.033388968999133795,0.013767865999398055,0.012950849999469938,0.0,0.015000000000000568,-0.012999999999991019,-0.015000000000000568,0.3131710000161547,0.4630829954985218
73.9,15737.321559944,FOLLOW,5.677942551875449,5.600695586963405,0.39251184451564003,0.098131530250502,0.1,-0.011873931412295185,-0.0060450178083488355,-0.03988504415003621,0.9978309553066022,inf,green,False,unknown,0,-0.11873931412295184,0.0576209539995034,0.13803764099975524,0.030681988999276655,0.0,0.05500000000000682,0.08899999999999864,0.015000000000000568,0.5540280017157784,0.4630829954985218
74.1,15737.568900894,FOLLOW,5.6981608023855355,5.620875788710096,0.3912721106055762,0.09916884728995806,0.1,-0.006367664912069426,-0.0025653547491277682,-0.025882418557153293,0.9950332138008989,inf,green,False,unknown,0,-0.06367664912069426,0.02620123500128102,0.014245518001189339,0.0458906730000308,0.0,0.02199999999999136,-0.01300000000000523,0.01099999999999568,13.877862998924684,0.4630829954985218
74.2,15737.7223165,FOLLOW,5.711648095461018,5.634336335957865,0.39042315294003294,0.09917240768078094,0.1,-0.004975700412668362,-0.0015659929004137657,-0.023146101348734596,0.9970112206411713,inf,green,False,unknown,0,-0.049757004126683615,0.010125558999789064,0.029416293999020127,0.013761382999291527,0.0,-0.018999999999991246,-0.012999999999991019,-0.024999999999991473,0.34578600025270134,0.4630829954985218
74.4,15737.983802376,FOLLOW,5.7318798496943,5.654526723757847,0.3891300591642821,0.0991783942096155,0.1,0.005230519809169429,0.006044613106902774,-0.004986479377706238,0.996664534947219,inf,green,False,unknown,0,0.05230519809169429,0.024036663000515546,0.05699304799964011,0.03011909800079593,0.0,-0.012999999999991019,-0.012000000000000455,-0.028999999999996362,15.055697000207147,0.4630829954985218
74.6,15738.228330707,FOLLOW,5.752113817766845,5.6747192190013145,0.3878352346099313,0.09919216194888773,0.1,0.009746963944700702,0.010112650245691577,-0.001593986909248779,0.9973557487927208,inf,green,False,unknown,0,0.097469639447007,0.0558738239997183,0.05668961599985778,0.033898481999131036,0.0,0.015000000000000568,-0.012000000000000455,-0.03300000000000125,15.554786999928183,0.4630829954985218
74.7,15738.319202691,FOLLOW,5.758858927453203,5.681450875041859,0.3874094287583949,0.09919367537594734,0.1,0.009746963944700702,0.010112650245691577,-0.001593986909248779,0.9973557487927208,inf,green,False,unknown,0,0.097469639447007,0.02343687100074021,0.013522330000341753,0.028706797000268125,0.0,0.015000000000000568,-0.012000000000000455,-0.000999999999990564,0.5010900003981078,0.4630829954985218
74.9,15738.577004886,FOLLOW,5.7790948279545455,5.701648090242989,0.38615882640023114,0.09919797298538949,0.1,0.016883122676366057,0.015357730781901457,0.011740590476464285,0.9971698565269338,inf,green,False,unknown,0,0.16883122676366058,0.01921011400008865,0.02386816599937447,0.03960629399989557,0.0,0.009000000000000341,-0.016999999999995907,-0.0049999999999954525,0.7508950002375059,0.4630829954985218
75.1,15738.826051987,FOLLOW,5.799332396503127,5.721850444854269,0.3849656489787363,0.09920702130638236,0.1,0.02214040040219783,0.019168564135877413,0.022026437544318652,0.9957824903133212,inf,green,False,unknown,0,0.22140400402197832,0.05372819699914544,0.02740298599928792,0.027758539999922505,0.0,0.02199999999999136,-0.014000000000010004,-0.009000000000000341,15.155047000007471,0.4630829954985218
75.2,15738.91966781,FOLLOW,5.806078489551878,5.728585727300164,0.38458389354011185,0.09920738917321198,0.1,0.02214040040219783,0.019168564135877413,0.022026437544318652,0.9957824903133212,inf,green,False,unknown,0,0.22140400402197832,0.1473440199988545,0.12101880899899697,0.05857283200020902,0.0,0.12199999999999989,0.08599999999999852,0.022999999999996135,0.4329429993958911,0.4630829954985218
75.4,15739.168458624,FOLLOW,5.8296912635688,5.752164875066976,0.3833247091222142,0.09921683569833026,0.1,0.027389188147465326,0.02347841718157985,0.029053557086461526,0.9973480816408756,inf,green,False,unknown,0,0.27389188147465326,0.04201246400043601,0.0005162480010767467,0.0008745290015212959,0.0,0.04600000000000648,-0.015000000000000568,-0.015000000000000568,12.990365999939968,0.4630829954985218
75.6,15739.426006757,FOLLOW,5.846558588739831,5.769012502868599,0.3825100753926648,0.09922211102273791,0.1,0.030849744944842394,0.026475607411732535,0.032733102175818984,0.9955838409916536,inf,green,False,unknown,0,0.30849744944842394,0.022665111999231158,0.012071799999830546,0.053376746000139974,0.0,0.015000000000000568,-0.015000000000000568,0.015000000000000568,14.118873001280008,0.4630829954985218
75.7,15739.518712635,FOLLOW,5.856679355310634,5.779123212192151,0.3820590665017251,0.09922585522301793,0.1,0.030849744944842394,0.026475607411732535,0.032733102175818984,0.9955838409916536,inf,green,False,unknown,0,0.30849744944842394,0.025103983000008157,0.10477767799966387,0.0131739659991581,0.0,0.04999999999999716,0.08500000000000796,0.01300000000000523,0.30526800037478097,0.4630829954985218
75.9,15739.768918708,FOLLOW,5.876917827265319,5.799345272588654,0.3812447572084146,0.09920618549949485,0.1,0.03349856021789243,0.02858289871834179,0.03684528500497487,0.9969884861998767,inf,green,False,unknown,0,0.33498560217892426,0.03203349499926844,0.1089588039994851,0.0013787289990432328,0.0,0.049000000000006594,0.08400000000000318,0.009000000000000341,0.27537400092114694,0.4630829954985218
76.1,15740.074613032,FOLLOW,5.900525144673814,5.822938091363674,0.38041790466870606,0.09920715471759596,0.1,0.020000000000000198,0.028692073177732223,0.03295709212159966,0.9972619797689907,inf,green,False,unknown,0,0.20000000000000195,0.02868966099958925,0.02799418700124079,0.01181761100087897,0.0,0.02199999999999136,-0.016000000000005343,-0.029000000000010573,2.110415000061039,0.4630829954985218
76.2,15740.182505849,FOLLOW,5.907270929798925,5.829680433746291,0.3802024352019133,0.09919184454936515,0.1,0.020000000000000198,0.028692073177732223,0.03295709212159966,0.9972619797689907,inf,green,False,unknown,0,0.20000000000000195,0.1365824779986724,0.13588700400032394,0.03161163899858366,0.0,0.12199999999999989,0.08400000000000318,0.0030000000000001137,17.80851600051392,0.4630829954985218
76.4,15740.419923647,FOLLOW,5.927507513917169,5.849908572973816,0.37961866830844226,0.09920768537811382,0.1,0.03108080054097815,0.027641443520232966,0.026549028986340716,0.9986100705537893,inf,green,False,unknown,0,0.3108080054097815,0.062401946999671054,0.0046634880000056,0.01967585799866356,0.0,0.05300000000001148,-0.015999999999991132,-0.000999999999990564,16.288404000079026,0.4630829954985218
76.6,15740.677421785,FOLLOW,5.947745687087773,5.870141461408326,0.37915757395254196,0.09920574548979642,0.1,0.020000000000000198,0.026429997612148898,0.02130768859350135,0.9986100705537893,inf,green,False,unknown,0,0.20000000000000195,0.024440675999358064,0.013777881998976227,0.028019658000630443,0.0,0.022999999999996135,-0.017000000000010118,-0.005000000000009663,1.4747220011486206,0.4630829954985218
76.7,15740.818900719,FOLLOW,5.954491378839218,5.876885960431193,0.3790307587954895,0.09919270896260642,0.1,0.020000000000000198,0.02582427465810686,0.018686561235357453,0.9986100705537893,inf,green,False,unknown,0,0.20000000000000195,0.012747630999001558,0.15525681599865493,0.030471149999357294,0.0,0.012000000000000455,0.08299999999999841,0.027000000000001023,1.490474000092945,0.4630829954985218
76.9,15741.069083121,FOLLOW,5.974725893409245,5.897117793722121,0.37870189700520196,0.09920161620655295,0.1,0.027184967189536273,0.02521855170406483,0.016065177057864612,0.9986100705537893,inf,green,False,unknown,0,0.27184967189536274,0.06033785399995395,0.11757125799886126,0.017436977999750525,0.0,0.05500000000000682,0.08100000000000307,0.023000000000010346,0.3570340013538953,0.4630829954985218
77.1,15741.374029418,FOLLOW,5.998335886778829,5.920726240205922,0.3784349365249103,0.0992008165217599,0.1,0.025696438977735325,0.0238979313365903,0.014714080563177164,0.9965034372006109,inf,green,False,unknown,0,0.25696438977735325,0.05360611500145751,0.029050563000055263,0.02991194800051744,0.0,0.01999999999999602,-0.021000000000000796,-0.015000000000000568,0.4665709984692512,0.4630829954985218
77.2,15741.468541194,FOLLOW,6.0084543550408585,5.930844462060303,0.37836467729101336,0.09920079467121456,0.1,0.025183723780291323,0.023183033923157837,0.015984541567457506,0.9920344065252197,inf,green,False,unknown,0,0.2518372378029132,0.08950491400173632,0.12356233900027291,0.0002237390017398866,0.0,0.07800000000000296,0.07900000000000773,-0.016999999999995907,0.29846599863958545,0.4630829954985218
77.4,15741.727173682,FOLLOW,6.028690864975874,5.951080849917527,0.378299997149861,0.09919377227087627,0.07,0.016625979114995287,0.02163221328048078,0.016566168563307764,0.9772274125849606,inf,green,False,unknown,0,0.23751398735707552,0.022069190999900457,0.020842547999563976,0.020292651001000195,0.0,0.015000000000000568,-0.02199999999999136,-0.021000000000000796,0.40109300061885733,0.4630829954985218
77.6,15741.971159079,FOLLOW,6.045924371887863,5.9683143507371845,0.37828956961796556,0.09919972161080541,0.1,0.024109214003588217,0.020929167223469963,0.02368669168088329,0.9739681657216656,inf,green,False,unknown,0,0.24109214003588214,0.02259362899894768,0.022168023999256548,0.02166989699981059,0.0,0.000999999999990564,-0.023000000000010346,-0.025000000000005684,0.4500300001382129,0.4630829954985218
77.7,15742.079743105,FOLLOW,6.0526699703364235,5.975059940151679,0.3783002716834412,0.09920015766008727,0.1,0.024064797753808567,0.01944525940833574,0.03326908385201791,0.9671276557438275,inf,green,False,unknown,0,0.24064797753808567,0.019645514999865554,0.13075204999950074,0.045685966999371885,0.0,0.0030000000000001137,0.07699999999999818,0.007000000000005002,14.783553000597749,0.4630829954985218
77.9,15742.326347997,FOLLOW,6.072905166280231,5.995294926047414,0.3783902733326577,0.09918170573032893,0.1,0.010000000000000188,0.018098056788152538,0.040534343807483456,0.9649948195390633,inf,green,False,unknown,0,0.10000000000000187,0.03299367599902325,0.013941179999164888,0.045206866998341866,0.0,0.0,-0.024999999999991473,0.0030000000000001137,19.086306001554476,0.4630829954985218
78.1,15742.56873738,FOLLOW,6.091276242739448,6.013665638383756,0.3785056927436731,0.09920125052278089,0.1,0.024537607790311923,0.018016413064322685,0.04599492504993833,0.9623222120636685,inf,green,False,unknown,0,0.24537607790311922,0.032260561998555204,0.11906063799870026,0.009969714999897406,0.0,0.0309999999999917,0.07499999999998863,-0.0010000000000047748,0.2988070009450894,0.4630829954985218
78.2,15742.72699893,FOLLOW,6.10139487453413,6.023783888153092,0.37859335843538494,0.09920261976186925,0.1,0.020000000000000198,0.017516036546953842,0.04959902420345236,0.9659836784484643,inf,green,False,unknown,0,0.20000000000000195,0.034741112000119756,0.014103375000559026,0.04101214699949196,0.0,0.0010000000000047748,-0.024999999999991473,-0.0030000000000001137,2.1326709993445547,0.4630829954985218
78.4,15742.97279133,FOLLOW,6.121631506808248,6.044019012819993,0.3788391630821641,0.09919697188156289,0.1,0.024378551630742974,0.016167477101128293,0.05720765424668091,0.9675109360819596,inf,green,False,unknown,0,0.2437855163074297,0.05597231100000499,0.13639558700015186,0.029623840999192907,0.0,0.029000000000010573,0.07700000000001239,-0.006999999999990791,0.3583840007195249,0.4630829954985218
78.6,15743.219843548,FOLLOW,6.141867553353932,6.06425235708756,0.3791691802665835,0.09920229500971922,0.1,0.024428979227681124,0.015026416568182367,0.0651284686567519,0.9727098401824577,inf,green,False,unknown,0,0.24428979227681125,0.00973398700079997,0.12153835800017987,0.015128009001273313,0.0,-0.005000000000009663,0.06999999999999318,-0.01100000000000989,0.2885729991248809,0.4630829954985218
78.7,15743.319395873,FOLLOW,6.1486133602199065,6.070996956886609,0.3792967587915277,0.099203205501686,0.1,0.020000000000000198,0.015012512541275853,0.06780693165903943,0.979229976532912,inf,green,False,tunnel,0,0.20000000000000195,0.03035547299987229,0.09845845800009556,0.029856188000849215,0.0,0.055999999999997385,0.07200000000000273,0.021000000000000796,1.5297849986382062,0.4630829954985218
78.9,15743.57341253,FOLLOW,6.168850401502418,6.091229097964223,0.3797413234452282,0.0992031453403532,0.1,0.010000000000000188,0.013860440435399926,0.07231683278796609,0.9887109984500672,inf,green,False,tunnel,0,0.10000000000000187,0.022779464999985066,0.0919039039999916,0.022159264000947587,0.0,0.05700000000000216,0.07100000000001216,0.017000000000010118,1.576463999299449,0.4630829954985218
79.1,15743.882706018,FOLLOW,6.192460109695933,6.114830311307547,0.3803736173087687,0.09920380854270425,0.1,0.02377455533192357,0.014053507005095714,0.0671489463199802,0.9972987203656983,inf,green,False,tunnel,0,0.2377455533192357,0.026010589999714284,0.027393292999477126,0.029200283999671228,0.0,-0.0020000000000095497,-0.025000000000005684,-0.021000000000000796,26.771914001074038,0.4630829954985218
79.2,15743.974424318,FOLLOW,6.199205973133704,6.121573063897215,0.38057844250388956,0.09920394748519941,0.1,0.02377455533192357,0.014053507005095714,0.0671489463199802,0.9972987203656983,inf,green,False,tunnel,0,0.2377455533192357,0.008347477998540853,0.11911159299961582,0.029457688999173115,0.0,0.025000000000005684,0.07500000000000284,0.01100000000000989,0.459976001366158,0.4630829954985218
79.4,15744.279571611,FOLLOW,6.222815112811334,6.145168689620913,0.38137644571083007,0.09918286029814215,0.1,0.023042876641564184,0.014452803908969296,0.05953730601001594,0.9972966541263246,inf,green,False,tunnel,0,0.2304287664156418,0.022252189999562688,0.02656874300009804,0.024254195999674266,0.0,-0.009999999999990905,-0.024999999999991473,-0.027000000000001023,15.050149000671809,0.4630829954985218
79.6,15744.525774428,FOLLOW,6.243051495146018,6.165390562192535,0.38214221135670096,0.09919989314547537,0.1,0.010000000000000188,0.014761090934104467,0.057633213323830784,0.9970522943468746,inf,green,False,tunnel,0,0.10000000000000187,0.0203515459998016,0.023730009999781032,0.019119906000923947,0.0,-0.005000000000009663,-0.02600000000001046,-0.03100000000000591,27.856747999976506,0.4630829954985218
79.7,15744.619310648,FOLLOW,6.249796712709112,6.1721301644010484,0.38241738092637917,0.09918334043308927,0.1,0.010000000000000188,0.014761090934104467,0.057633213323830784,0.9970522943468746,inf,green,False,tunnel,0,0.10000000000000187,0.023207139000078314,0.11726622999958636,0.01590751300136617,0.0,0.030000000000001137,0.07399999999999807,0.0010000000000047748,1.7387440002494259,0.4630829954985218
79.9,15744.924831216,FOLLOW,6.2734049024051375,6.195716275338054,0.3834376407430712,0.09920007232436631,0.1,0.02259103101494794,0.015187918573538635,0.05158689057757037,0.9979151058306839,inf,green,False,tunnel,0,0.2259103101494794,0.016288664999592584,0.015880643999480526,0.012732318000416853,0.0,-0.0030000000000001137,-0.024999999999991473,-0.03699999999999193,5.299681999531458,0.4630829954985218
80.1,15745.119022598,FOLLOW,6.286896131645796,6.209192382261745,0.3840761340225697,0.09920036911075986,0.1,0.02163931406113437,0.015047319574090695,0.0460652039229786,0.9973360916525346,inf,green,False,tunnel,0,0.2163931406113437,0.06635622800058627,0.06591758100148581,0.022262272001171368,0.0,0.0899999999999892,0.07199999999998852,0.027000000000001023,0.3298109986644704,0.4630829954985218
80.2,15745.280106325,FOLLOW,6.300386894810051,6.222666069322276,0.38475461884824186,0.09918432550140738,0.1,0.010000000000000188,0.014663839343326457,0.043512212680881325,0.9958612471046823,inf,green,False,tunnel,0,0.10000000000000187,0.040622463000545395,0.13622627100085083,0.012312367000049562,0.0,0.03300000000000125,0.07399999999999807,-0.009000000000000341,20.83892799964815,0.4630829954985218
80.4,15745.527786674,FOLLOW,6.3172494536763795,6.2395052623561895,0.3856419029133199,0.0991984928484691,0.1,0.0207309483221136,0.014887997443118665,0.04096344654851303,0.99711356072461,inf,green,False,tunnel,0,0.207309483221136,0.03713465299915697,0.11972531299943512,0.0442854470002203,0.0,0.03300000000000125,0.0730000000000075,0.021000000000000796,23.762892000377178,0.4630829954985218
80.6,15745.822346929,FOLLOW,6.340857598618982,6.263075807311308,0.3869735287023914,0.09919703987050071,0.1,0.019919692913398238,0.014684056594463328,0.036818755796804804,0.9968368102919452,inf,green,False,tunnel,0,0.19919692913398238,0.004688951999924029,0.010585254000034183,0.02034961299978022,0.0,-0.0040000000000048885,-0.028000000000005798,-0.017000000000010118,0.4028089988423744,0.4630829954985218
80.7,15745.973626494,FOLLOW,6.350975688629453,6.273176008658999,0.3875748993431346,0.09919686924988991,0.1,0.01993402048524399,0.014523240343878509,0.03798652708953268,0.9971543399221645,inf,green,False,tunnel,0,0.19934020485243992,0.02982868300023256,0.029357710000113002,0.0315305799995258,0.0,-0.001999999999995339,-0.027000000000001023,-0.018999999999991246,0.37416799932543654,0.4630829954985218
80.9,15746.168686665,FOLLOW,6.367839127384822,6.290006838266383,0.3886229822990775,0.09919652027368354,0.1,0.02019553073236902,0.013814152111457353,0.04447877013513686,0.9833225375622385,inf,green,False,tunnel,0,0.2019553073236902,0.03272572300011234,0.0878231919996324,0.006670807999398676,0.0,0.06200000000001182,0.0730000000000075,0.01100000000000989,24.121460999595,0.4630829954985218
81.1,15746.420565648,FOLLOW,6.388075212225744,6.3101989133568726,0.3899566493153488,0.09919605732269535,0.1,0.020146927359144626,0.012990080238634443,0.04963103220353599,0.9743960215142551,inf,green,False,tunnel,0,0.20146927359144626,0.06749392000165244,0.09645068000099855,0.03399595800146926,0.0,0.06799999999999784,0.07399999999999807,0.006999999999990791,39.17825600001379,0.4630829954985218
81.2,15746.574021118,FOLLOW,6.398193206265632,6.320292805505508,0.3906545840652504,0.09919616084664808,0.1,0.02024631262271764,0.012259503446063053,0.05516135463482328,0.9672888905679271,inf,green,False,tunnel,0,0.2024631262271764,0.009314626999184838,0.11147261299993261,0.027842167999551748,0.0,0.0010000000000047748,0.0730000000000075,0.005000000000009663,0.42016100087494124,0.4630829954985218
81.4,15746.82046529,FOLLOW,6.418378438959642,6.3404256461121316,0.3921078077237934,0.09933320798461309,0.1,0.0212852143575519,0.01263502612490254,0.05970171304769486,0.957197988002477,inf,green,False,tunnel,0,0.212852143575519,0.008230880001065088,0.12241870400066546,0.014156061999528902,0.0,-0.006999999999990791,0.07100000000001216,0.0010000000000047748,0.5974159994366346,0.4630829954985218
81.6,15747.069297173,FOLLOW,6.438608410872926,6.360596377615831,0.39365454745682593,0.09958566251369164,0.1,0.01459565269821557,0.007133300354751857,0.05102746771126556,0.9536557074810401,inf,green,False,tunnel,0,0.14595652698215567,0.08918387700032326,0.12402246999954514,0.03168637800081342,0.0,0.057999999999992724,0.07199999999998852,-0.0030000000000001137,15.115803998924093,0.4630829954985218
81.7,15747.173243644,FOLLOW,6.448801504771,6.370756925522817,0.394468434107869,0.10002170293797752,0.1,0.009573424556854905,0.0031931608068775704,0.04333573923455008,0.956430384256639,inf,green,False,tunnel,0,0.09573424556854904,0.03949494299922662,0.08831408600053692,0.009960868999769446,0.0,0.030000000000001137,0.07200000000000273,-0.0049999999999954525,22.293083000477054,0.4630829954985218
81.9,15747.418719775,FOLLOW,6.469204779868047,6.391092035592815,0.39613481071614975,0.10000823662250351,0.1,0.004481870600471423,-0.001810245128776932,0.042298759628595986,0.9574018297015885,inf,green,False,tunnel,0,0.04481870600471423,0.01706736699998146,0.11439658500057703,0.007758399000522331,0.0,0.03300000000000125,0.07200000000000273,-0.009000000000000341,0.34229700031573884,0.4630829954985218
82.1,15747.718672041,FOLLOW,6.493005549540467,6.414811266277223,0.39810324408921716,0.09999958795676123,0.1,-0.006011052209417666,-0.010548993732270003,0.029735830326981228,0.9602448723745963,inf,green,False,tunnel,0,-0.06011052209417666,0.010969606000799104,0.015653397000278346,0.0002411050008959137,0.0,-0.010000000000005116,-0.027000000000001023,-0.047000000000011255,19.476559999020537,0.4630829954985218
82.2,15747.824715226,FOLLOW,6.496405533184841,6.418199618387956,0.3983842400957797,0.09999945514155623,0.1,-0.0087399731606271,-0.013351211561818017,0.02998144016758871,0.9548570183331663,inf,green,False,tunnel,0,-0.087399731606271,0.008996446998935426,0.12169658199854894,0.058486039999479544,0.0,-0.001999999999995339,0.0730000000000075,0.019000000000005457,16.583813001489034,0.4630829954985218
82.4,15748.11897599,FOLLOW,6.520203097347384,6.441917580376875,0.40032901330664955,0.09998585259110261,0.1,-0.014627420513539623,-0.019622666349611052,0.03196461610836129,0.8806654421935365,inf,green,False,tunnel,0,-0.1462742051353962,0.02393135800048185,0.12775668500034953,0.022799117999966256,0.0,-0.000999999999990564,0.07100000000001216,-0.018999999999991246,15.186281998467166,0.4630829954985218
82.6,15748.376745832,FOLLOW,6.540599118969656,6.462249485581241,0.40194487952557834,0.09997713587726348,0.1,-0.0179528431940588,-0.023424962879652105,0.03477233021913907,0.884569870684686,inf,green,False,tunnel,0,-0.17952843194058798,0.010707949999414268,0.13113675999920815,0.009941119000359322,0.0,-0.0040000000000048885,0.07199999999998852,-0.023000000000010346,0.31014900014270097,0.4630829954985218
82.7,15748.531126741,FOLLOW,6.5507965391119,6.472416826039354,0.4027275287106186,0.09997404579927398,0.1,-0.019915513136674137,-0.024636408787736173,0.029533407440619115,0.884569870684686,inf,green,False,tunnel,0,-0.19915513136674137,0.025530466000418528,0.024826756000038586,0.03148594899903401,0.0,-0.006999999999990791,-0.028999999999996362,-0.024999999999991473,0.4768920007336419,0.4630829954985218
82.9,15748.768921475,FOLLOW,6.571190267810472,6.492754976660245,0.404231915920325,0.09996396339283015,0.1,-0.026121305752287972,-0.03073064199769763,0.027931571697083046,0.8939848525954203,inf,green,False,tunnel,0,-0.2612130575228797,0.0284429760013154,0.0005219620015850523,0.0016891020004550228,0.0,-0.001999999999995339,-0.03699999999999193,-0.028999999999996362,14.862520998576656,0.4630829954985218
83.1,15749.023525652,FOLLOW,6.591584217448555,6.513100434049583,0.40563711877547864,0.09997425463031069,0.1,-0.029134956848719695,-0.03412302523595504,0.029964455114075087,0.8962362271428209,inf,green,False,tunnel,0,-0.29134956848719695,0.019240062001699698,0.02032167300058063,0.020910463001200696,0.0,-0.012000000000000455,-0.034000000000006025,-0.03300000000000125,18.181292000008398,0.4630829954985218
83.2,15749.121066793,FOLLOW,6.598382639749315,6.519884377086867,0.40608057313161094,0.09997934894724503,0.1,-0.029134956848719695,-0.03412302523595504,0.029964455114075087,0.8962362271428209,inf,green,False,tunnel,0,-0.29134956848719695,0.009802176000448526,0.11786281400054577,0.027707560000635567,0.0,0.0010000000000047748,0.0660000000000025,-0.000999999999990564,0.6810739996581106,0.4630829954985218
83.4,15749.382570016,FOLLOW,6.618778583084807,6.540241860326296,0.4073320839855759,0.0999832638904637,0.1,-0.023824127779912895,-0.03303806615023164,0.05890791988596617,0.9069686835620427,inf,green,False,tunnel,0,-0.23824127779912896,0.025267589999202755,0.12163998799951514,0.05481651999980386,0.0,-0.012000000000000455,0.06500000000001194,-0.0049999999999954525,18.545242000982398,0.4630829954985218
83.6,15749.629919113,FOLLOW,6.639175506905755,6.560606651665877,0.40847618675747976,0.09998740500659609,0.1,-0.020437471563813446,-0.031019542803392426,0.06844399164534315,0.9162257048406675,inf,green,False,tunnel,0,-0.20437471563813445,0.01666861600097036,0.12242182699992554,0.03684856499967282,0.0,-0.009000000000000341,0.06399999999999295,-0.009000000000000341,14.958949999709148,0.4630829954985218
83.7,15749.720228366,FOLLOW,6.645974711540335,6.567396306848806,0.4088364091293274,0.09998996547038452,0.1,-0.020437471563813446,-0.031019542803392426,0.06844399164534315,0.9162257048406675,inf,green,False,tunnel,0,-0.20437471563813445,0.022319594001601217,0.07475701500152354,0.04211013600070146,0.0,0.03300000000000125,0.06199999999999761,0.022999999999996135,0.3337879988976056,0.4630829954985218
83.9,15749.969256707,FOLLOW,6.666372800043182,6.587768617080921,0.4098613216176019,0.09999139159736255,0.1,-0.017391453350674914,-0.028507292535097994,0.07234949957724283,0.9131262749590643,inf,green,False,tunnel,0,-0.17391453350674912,0.009199967998938519,0.0675908339999296,0.030583514999307226,0.0,0.023000000000010346,0.06500000000001194,0.019000000000005457,0.3282609995949315,0.4630829954985218
84.1,15750.218826722,FOLLOW,6.686771801546153,6.608145498387195,0.4108108427199974,0.0999986302144823,0.1,-0.01419580839269298,-0.02577472867842957,0.07576654587362512,0.9124341372266673,inf,green,False,tunnel,0,-0.14195808392692977,0.013438613001198974,0.07909414000096149,0.017174508000607602,0.0,0.021000000000000796,0.06499999999999773,0.015000000000000568,0.4417789987201104,0.4630829954985218
84.2,15750.370975779,FOLLOW,6.700371689704946,6.621732211843545,0.41140927785887105,0.10000090796152783,0.1,-0.012704187183610284,-0.024218348705265853,0.0754884951462577,0.9137139917734827,inf,green,False,tunnel,0,-0.12704187183610283,0.03910626800097816,0.106911355000193,0.010996492999765906,0.0,0.028999999999996362,0.06199999999999761,-0.021000000000000796,0.40689399975235574,0.4630829954985218
84.4,15750.631797169,FOLLOW,6.720772139768276,6.642114768298474,0.41226342294593066,0.10000461459289109,0.1,-0.009110497127750866,-0.020380790150645468,0.07421366790828236,0.9138490370800875,inf,green,False,tunnel,0,-0.09110497127750866,0.02468885800044518,0.12143014700086496,0.01390787300078955,0.0,-0.003999999999990678,0.06200000000001182,-0.024999999999991473,15.080825998666114,0.4630829954985218
84.6,15750.876443499,FOLLOW,6.737773132838387,6.659102197541862,0.4129423619110509,0.10000628915744075,0.1,-0.006385656569662631,-0.018224232045894406,0.07822286170156591,0.9115956056676756,inf,green,False,tunnel,0,-0.06385656569662632,0.011344915001245681,0.08366004600065935,0.04490257500037842,0.0,-0.0030000000000001137,0.057999999999992724,0.0049999999999954525,15.080297998792958,0.4630829954985218
84.7,15751.030451467,FOLLOW,6.751374392442623,6.672693261310349,0.4134688953124729,0.10000992955696947,0.1,-0.005979431413216217,-0.017968656432941037,0.07925620419790272,0.9139275897268739,inf,green,False,tunnel,0,-0.05979431413216216,0.11755378800080507,0.014480417999948259,0.027520102999915252,0.0,0.06499999999999773,-0.03900000000000148,-0.0309999999999917,16.787499998827116,0.4630829954985218
84.9,15751.276095636,FOLLOW,6.771776524927159,6.693080906437335,0.4142375885329525,0.10001223849810632,0.1,-0.003366780615600918,-0.014736820832362687,0.075375326856514,0.9134351182091197,inf,green,False,tunnel,0,-0.03366780615600918,0.022801196999353124,0.022027465000064694,0.02147052299915231,0.0,-0.012999999999991019,-0.036000000000001364,-0.03499999999999659,18.288887000380782,0.4630829954985218
85.1,15751.469056553,FOLLOW,6.785378304643769,6.706673435038885,0.41473916060148525,0.1000134137908028,0.1,-0.0023061658340602946,-0.013810667739356634,0.07635534545153357,0.9139522732125456,inf,green,False,tunnel,0,-0.023061658340602944,0.09233798800050863,0.06508448299973679,0.018718249000812648,0.0,0.09299999999998931,0.05999999999998806,0.028999999999996362,0.7037550003587967,0.4630829954985218
85.2,15751.633701739,FOLLOW,6.798980236578045,6.720266319754248,0.4152351807044181,0.10001454717970729,0.1,-0.0003040008317439189,-0.012294238550595915,0.07974014381376285,0.9966907656728015,inf,green,False,tunnel,0,-0.0030400083174391894,0.01861779499995464,0.08165320300031453,0.0287943000002997,0.0,-0.006000000000000227,0.06199999999999761,-0.006999999999990791,14.837590000752243,0.4630829954985218
85.4,15751.881550933,FOLLOW,6.8193836453292915,6.7406563138022,0.41597493151638415,0.10001722914702894,0.1,0.0009299969122152295,-0.010665601240810035,0.07722761656057704,0.9987949751703346,inf,green,False,tunnel,0,0.009299969122152295,0.08084567699916079,0.08708625100007339,0.038163074999829405,0.0,0.03300000000000125,0.05700000000000216,-0.01099999999999568,17.85773200026597,0.4630829954985218
85.6,15752.119076743,FOLLOW,6.839787371200446,6.761046586130887,0.4167157570697067,0.10001910906301037,0.1,0.0014386423724338342,-0.00961981521580832,0.07370925964342499,0.9964650642531281,inf,green,False,tunnel,0,0.01438642372433834,0.0072495879994676216,0.07431616400026542,0.0032711490002839128,0.0,-0.009000000000000341,0.055999999999997385,-0.015000000000000568,0.5227559995546471,0.4630829954985218
85.7,15752.223421862,FOLLOW,6.846588672596905,6.767843362337067,0.41696381726157355,0.10001915083004205,0.1,0.002454409644828246,-0.00879158481087022,0.07503718361596944,0.996877977008603,inf,green,False,tunnel,0,0.02454409644828246,0.0237404580002476,0.0758241839994298,0.025295034000009764,0.0,0.04000000000000625,0.05200000000000671,0.016999999999995907,0.8030990011320682,0.4630829954985218
85.9,15752.469897497,FOLLOW,6.866992818036967,6.788233726770006,0.41771360459556983,0.10002081893591133,0.1,0.0036882324332147796,-0.007162947501084326,0.07252285268326564,0.9971904717797584,inf,green,False,tunnel,0,0.036882324332147796,0.0029925729995738948,0.07641368999975384,0.02186919399900944,0.0,0.0020000000000095497,0.05200000000000671,0.01300000000000523,0.3709860011440469,0.4630829954985218
86.1,15752.718846087,FOLLOW,6.887397430045512,6.808624095489909,0.41847585995648734,0.10002421101924804,0.1,0.004777373668717743,-0.005905077416712541,0.07149611017129603,0.9985539702044015,inf,green,False,tunnel,0,0.04777373668717743,0.043706791000658995,0.09135992099982104,0.030165104000843712,0.0,0.03999999999999204,0.05499999999999261,0.009000000000000341,23.094247000699397,0.4630829954985218
86.2,15752.838825249,FOLLOW,6.897599911871241,6.818819194834028,0.4188639101322442,0.10002446887990933,0.1,0.005286748699006735,-0.005098255621351626,0.06956653515136624,0.9968669354428698,inf,green,False,tunnel,0,0.05286748699006735,0.0016252530003839638,0.08755396299966378,0.03441894600109663,0.0,0.03300000000000125,0.054000000000002046,0.007000000000005002,42.206386000543716,0.4630829954985218
86.4,15753.122890691,FOLLOW,6.916106666915145,6.837312119401787,0.41957925068564283,0.07002343047346961,0.07,0.0044107995713297005,-0.004031060986772715,0.06930383321210551,0.9969783294126939,inf,green,False,tunnel,0,0.06301142244756715,0.02858388999993622,0.10280495699953462,0.028053488000296056,0.0,0.036000000000001364,0.054000000000002046,0.0030000000000001137,0.5100369999126997,0.4630829954985218
86.6,15753.371565452,FOLLOW,6.932416660875999,6.853609753458342,0.42021409140997085,0.09989897142388238,0.1,0.007058400385248277,-0.0024402890653087705,0.06383795831719508,0.9934700976145929,inf,green,False,tunnel,0,0.07058400385248276,0.1810096360004536,0.07467885000005481,0.012594244000865729,0.0,0.14399999999999125,0.053999999999987836,-0.0010000000000047748,0.3856429993902566,0.4630829954985218
86.7,15753.526414666,FOLLOW,6.942680574684698,6.863865449172208,0.4206247297510974,0.10089662420492501,0.07,0.0016488365114411228,-0.006453952802940862,0.058858231892415784,0.9969783294126939,inf,green,False,tunnel,0,0.023554807306301752,0.029926702000011574,0.11480334699990635,0.02939297899865778,0.0,0.008000000000009777,0.05299999999999727,-0.0030000000000001137,0.46943699999246746,0.4630829954985218
86.9,15753.718775971,FOLLOW,6.955857746903656,6.877031847506466,0.42115747792922026,0.07085989505702812,0.07,-0.0002692167093681458,-0.007948643219500812,0.05035233765145596,0.9951051668177707,inf,green,False,tunnel,0,-0.0038459529909735104,0.0004218679987388896,0.06507313399924897,0.021874605999983032,0.0,0.034000000000006025,0.05500000000000682,0.027000000000001023,0.34536100065452047,0.4630829954985218
87.1,15754.030092579,FOLLOW,6.976796633607299,6.897954131204683,0.4219911066189144,0.10085138195008106,0.1,-0.007640270431716052,-0.013624801154227865,0.039224803625027095,0.9944210101367367,inf,green,False,tunnel,0,-0.07640270431716052,0.08637875000022177,0.11795702400013397,0.030321738000566256,0.0,0.06699999999999307,0.053999999999987836,-0.01100000000000989,19.99230100045679,0.4630829954985218
87.2,15754.171920999,FOLLOW,6.987083372775151,6.908233110040911,0.4223905984541238,0.10084789232252504,0.1,-0.012739503345093267,-0.017192901481702796,0.02854916808483805,0.9109637694501694,inf,green,False,tunnel,0,-0.12739503345093267,0.040439327000058256,0.12122842600001604,0.03058874599992123,0.0,0.006000000000000227,0.054000000000002046,-0.012999999999991019,21.617372998662177,0.4630829954985218
87.4,15754.374518541,FOLLOW,7.004226678128707,6.9253642413113194,0.42303648750500766,0.10083525819065489,0.1,-0.016024601244935342,-0.01936576250737227,0.02079504555064012,0.9140970256755931,inf,green,False,tunnel,0,-0.1602460124493534,0.05880539500140003,0.08096733900129038,0.02961055500054499,0.0,0.04400000000001114,0.05500000000000682,0.017000000000010118,0.7453669986716704,0.4630829954985218
87.6,15754.619747789,FOLLOW,7.024796587838036,6.945921622308695,0.42375402206433394,0.10083031370091883,0.1,-0.02120678877190765,-0.023684423539329088,0.014421933346591078,0.9135799338846722,inf,green,False,tunnel,0,-0.2120678877190765,0.03963303199998336,0.07060756999999285,0.013351265000892454,0.0,0.03899999999998727,0.0519999999999925,0.012999999999991019,0.35745899913308676,0.4630829954985218
87.7,15754.777028805,FOLLOW,7.038508849452752,6.959627014044295,0.42418787607852526,0.10082077307513741,0.1,-0.025625416372492334,-0.0270579723746189,0.006835942088747815,0.9155642621016685,inf,green,False,tunnel,0,-0.2562541637249233,0.07515076599884196,0.1229162349991384,0.014884377000271343,0.0,0.04399999999999693,0.05100000000000193,-0.022999999999996135,25.25426600004721,0.4630829954985218
87.9,15755.022499376,FOLLOW,7.059075870296951,6.980186200210521,0.4247547042055019,0.10081509476610093,0.1,-0.030743916272062372,-0.031001982139371415,-0.001844163451259807,0.9134730589738649,inf,green,False,tunnel,0,-0.3074391627206237,0.024434942999505438,0.11069377800049551,0.012369385000056354,0.0,0.008000000000009777,0.05000000000001137,-0.027000000000001023,19.657271999676595,0.4630829954985218
88.1,15755.22424366,FOLLOW,7.076213812312046,6.997319818630972,0.425138835516509,0.10080973847898528,0.1,-0.03365733119510106,-0.03281915100149753,-0.009710392197872654,0.913473058973865,inf,green,False,unknown,0,-0.33657331195101053,0.07079841000086162,0.0732100300010643,0.01255338800001482,0.0,0.07699999999999818,0.0519999999999925,0.0030000000000001137,0.40005999835557304,0.4630829954985218
88.2,15755.378092593,FOLLOW,7.086496023467721,7.0076003352422385,0.42532525870430193,0.1008051897991042,0.1,-0.03561251441398375,-0.03426855479616836,-0.013490158361505728,0.731147276987438,inf,green,False,unknown,0,-0.3561251441398374,0.040940312001112034,0.1039096120002796,0.03253005900114658,0.0,0.04200000000000159,0.05100000000000193,0.0010000000000047748,0.5429249995358987,0.4630829954985218
88.4,15755.622143019,FOLLOW,7.107061655601731,7.028164250690292,0.4255873413318663,0.10081362559236766,0.1,-0.03702897300378864,-0.0342808569846689,-0.023161868473704356,0.7289723711738565,0.85,green,False,unknown,0,-0.3702897300378864,0.031992402000469156,0.08741388700036623,0.012183536999145872,0.0,0.029000000000010573,0.049000000000006594,-0.0030000000000001137,0.6083290008973563,0.4630829954985218
88.6,15755.871774562,FOLLOW,7.127627816783792,7.048730083012848,0.42569517235643384,0.10081517237954106,0.1,-0.03462379679663159,-0.03250393413854256,-0.018451502698075994,0.906796603534822,0.88,green,False,unknown,0,-0.3462379679663159,0.02008211099928303,0.07518605400036904,0.022162811999805854,0.0,0.01099999999999568,0.04999999999999716,-0.007000000000005002,0.5371269999159267,0.4630829954985218
88.7,15756.025445939,FOLLOW,7.137911183587532,7.05901344494183,0.4256930248884732,0.10081761620652731,0.1,-0.032983427356854646,-0.03035258930980053,-0.021524095522994495,0.9028616157608721,0.88,green,False,unknown,0,-0.32983427356854644,0.01548183699924266,0.11762724000072922,0.02526845099964703,0.0,-0.02599999999999625,0.05200000000000671,-0.009000000000000341,0.3931459996238118,0.4630829954985218
88.9,15756.227059567,FOLLOW,7.155050446060713,7.076152490289375,0.4256110976210353,0.1008197372445021,0.1,-0.03201256827486519,-0.029746866355758485,-0.018902990977742947,0.9028616157608721,0.87,green,False,unknown,0,-0.3201256827486519,0.21709546499914723,0.06736892700064345,0.03079615000024205,0.0,0.1740000000000066,0.05100000000000193,0.021000000000000796,0.6770800009689992,0.4630829954985218
89.1,15756.470050209,FOLLOW,7.1756181737109515,7.096719001083868,0.4253903621604643,0.10082384325101598,0.1,-0.028962321568760673,-0.025939025003262756,-0.023401864345503745,0.8968233844967021,0.89,green,False,unknown,0,-0.28962321568760674,0.03670193499965535,0.0713384179998684,0.03857554599926516,0.0,0.04399999999999693,0.05099999999998772,0.016999999999995907,0.6719379998685326,0.4630829954985218
89.2,15756.630291344,FOLLOW,7.189330323952897,7.110429445653623,0.4251746040347262,0.1008247746887133,0.1,-0.027239831671465334,-0.023467250035556716,-0.028109051234132765,0.8930509909985679,0.88,green,False,unknown,0,-0.2723983167146533,0.025566536000042106,0.08817821299999196,0.030432675999691128,0.0,-0.001999999999995339,0.05200000000000671,-0.018999999999991246,18.216985001345165,0.4630829954985218
89.4,15756.877914799,FOLLOW,7.206470673337338,7.127566335784813,0.4248310034679861,0.10082627431424497,0.1,-0.02577355868406941,-0.021030737092430002,-0.03434211693601858,0.8925791485765422,inf,green,False,unknown,0,-0.2577355868406941,0.0247868610003934,0.10948355300024559,0.04555570400043507,0.0,0.010000000000005116,0.04800000000000182,0.01100000000000989,15.684138999858988,0.4630829954985218
89.6,15757.123325737,FOLLOW,7.22703951200411,7.148128736950587,0.4243173395534941,0.10082758800360615,0.1,-0.02480993290920624,-0.01954488116842497,-0.03767513140305824,0.8936835437524666,0.89,green,False,unknown,0,-0.2480993290920624,0.011072684999817284,0.07550790499954019,0.02856847499970172,0.0,0.01099999999999568,0.04799999999998761,0.006999999999990791,0.8828619993437314,0.4630829954985218
89.7,15757.218724936,FOLLOW,7.237324028190404,7.158408977724911,0.4240209042964369,0.10082861734725722,0.1,-0.024449406829052087,-0.01881453773767732,-0.040084237183976766,0.8941089023142473,0.89,green,False,unknown,0,-0.24449406829052087,0.022926473999177688,0.0291362729985849,0.0006969129990466172,0.0,0.04099999999999682,0.04800000000000182,0.005000000000009663,0.3295520000392571,0.4630829954985218
89.9,15757.473417283,FOLLOW,7.257893479158896,7.178967588579893,0.4233537387573609,0.10083003561177516,0.1,-0.0020441172791611432,-0.031794935603690684,0.1956335504202076,0.8459815547634351,inf,green,False,unknown,0,-0.020441172791611433,0.11270985099872632,0.07205409800008056,0.011905297000339488,0.0,0.10999999999999943,0.04600000000000648,0.0010000000000047748,0.3809390000242274,0.4630829954985218
90.1,15757.725764271,FOLLOW,7.2784601898568875,7.199520131572378,0.42259184550404627,0.10079365042545357,0.09848305379432998,0.00037416745563291937,-0.03051754467861101,0.2031723064864864,0.8250312598188713,inf,green,False,unknown,0,0.003799308015106062,0.011066140999901108,0.09134752899990417,0.029475653998815687,0.0,0.001999999999995339,0.04899999999999238,-0.0030000000000001137,0.39709200063953176,0.4630829954985218
90.2,15757.870842807,FOLLOW,7.288594283810836,7.2096454736023805,0.4221707647136053,0.09934348674410583,0.09672590358863907,0.002477738497953156,-0.02983041627275547,0.21288547493234924,0.8233597410997734,inf,green,False,unknown,0,0.025616080140130927,0.15614467700106616,0.09724079500119842,0.019581866999942577,0.0,0.10200000000000387,0.046999999999997044,-0.0049999999999954525,0.3716339997481555,0.4630829954985218
90.4,15758.11861289,FOLLOW,7.308717927426952,7.229750965598612,0.4213166276776541,0.10081145165588207,0.09736049402077566,0.06784263392318791,0.03170712173976986,-0.0930786175618846,0.6667552471792527,inf,green,False,unknown,0,0.6968189161890554,0.0005088930010970216,0.08113373700143711,0.01913186900128494,0.0,0.0020000000000095497,0.049000000000006594,-0.009000000000000341,15.605295999193913,0.4630829954985218
90.6,15758.371668801,FOLLOW,7.329008346154132,7.250022045106543,0.4204314859532257,0.10087998979262236,0.09583078432689883,0.015611481274675192,0.03090719410708269,-0.09564504869872344,0.6596951911742033,inf,green,False,unknown,0,0.1629067463480333,0.05443666800056235,0.08813271500002884,0.007866031000958174,0.0,0.03899999999998727,0.046999999999997044,-0.01300000000000523,0.3971539990743622,0.4630829954985218
90.7,15758.530057375,FOLLOW,7.338878228633289,7.259883693754288,0.42002843734428136,0.09671303034791943,0.1,0.01467425981892421,0.008084629394092262,0.04523106849760172,0.8478790250023512,inf,green,False,unknown,0,0.1467425981892421,0.027415960999860545,0.11688861699985864,0.029741633999947226,0.0,0.005000000000009663,0.049000000000006594,-0.015000000000000568,0.5264840001473203,0.4630829954985218
90.9,15758.771188439,FOLLOW,7.355676581725346,7.276669451654156,0.41937821403420833,0.06357963381958909,0.04551777732309341,-0.0182071109292373,-0.0413539456017048,0.5631613760699514,0.6089022922521705,0.7,green,False,unknown,0,-0.3999999999999986,0.01716665799904149,0.10061579299872392,0.016394386999309063,0.0,0.006000000000000227,0.049000000000006594,-0.018999999999991246,1.7510740017314674,0.4630829954985218
91.1,15759.023410118,FOLLOW,7.365737237932505,7.286723603658664,0.41901663554840807,0.046849637531730444,0.04560665769936381,0.023266053150298855,-0.041959668555746926,0.5612843223713769,0.6089022922521706,inf,green,False,unknown,0,0.5101459813974354,0.07597670299946913,0.10677368999859027,0.013801885999782826,0.0,0.042999999999992156,0.044999999999987494,-0.023000000000010346,0.532541000211495,0.4630829954985218
91.2,15759.118817352,FOLLOW,7.368899683468288,7.289884316511728,0.4189119718178599,0.04649990349930541,0.04560665769936381,-0.022803328849681843,-0.041959668555746926,0.5612843223713769,0.6089022922521706,0.65,green,False,unknown,0,-0.49999999999999867,0.17138393700042798,0.06298962000073516,0.01727183100047114,0.0,0.14300000000000068,0.043000000000006366,0.009000000000000341,2.602434000436915,0.4630829954985218
91.4,15759.369145306,FOLLOW,7.378274385044427,7.299253447456577,0.4185890249515826,0.045450732220469664,0.06239527380464904,-0.0026047034758866702,0.054149653940895257,-0.37114256279857377,0.6682729353921637,inf,green,False,unknown,0,-0.041745204677547144,0.00047532700045849197,0.08160317399961059,0.020532962000288535,0.0,0.006000000000000227,0.04400000000001114,0.005000000000009663,0.36668400025519077,0.4630829954985218
91.6,15759.622693053,FOLLOW,7.392512630222131,7.313481908757894,0.41806128451926106,0.09441424304239436,0.07221166886949011,-0.008303104039309213,0.028078772209550046,-0.258912353059548,0.6608494535160089,inf,green,False,unknown,0,-0.1149828576087282,0.0071281069995166035,0.07452626299891563,0.017069120998712606,0.0,0.003999999999990678,0.04199999999998738,0.000999999999990564,16.422362999946927,0.4630829954985218
91.7,15759.770931153,FOLLOW,7.403834266146058,7.3247955904402975,0.4176369695016,0.07306202394417083,0.08223809241163069,-0.009588639771749185,0.03186411725728219,-0.28334926923718323,0.7805186160131636,inf,green,False,unknown,0,-0.11659608692957829,0.08156283099924622,0.10091418999945745,0.01993683399996371,0.0,0.0379999999999967,0.04200000000000159,-0.03499999999999659,2.959454999654554,0.4630829954985218
91.9,15760.022080142,FOLLOW,7.418005573729648,7.338957427176515,0.4171196176936316,0.09998703195137959,0.1,0.031582440616130976,0.014244137947268093,0.005794041652871833,0.9583871167629894,inf,green,False,unknown,0,0.31582440616130975,0.017171785999380518,0.10504982900056348,0.016712351000023773,0.0,0.0010000000000047748,0.04200000000000159,-0.0049999999999954525,0.7532380004704464,0.4630829954985218
92.1,15760.269970274,FOLLOW,7.438126958101637,7.3590700091546495,0.4165253286591387,0.08682649996155742,0.08661763971569252,0.016178781270259793,0.0084118842673601,-0.24522651798071937,0.7762221954092327,inf,green,False,unknown,0,0.1867839082589165,0.07314456799940672,0.10802516699914122,0.04357319499831647,0.0,0.028999999999996362,0.04399999999999693,-0.009000000000000341,21.15472100012994,0.4630829954985218
92.2,15760.378790904,FOLLOW,7.447126775033512,7.368066899636867,0.41629587600066276,0.0875006495188763,0.1,-0.02832261984515562,-0.0127682659176882,-0.10317470013680134,0.7270019335027311,0.86,green,False,unknown,0,-0.28322619845155617,0.012117235999539844,0.08649920400057454,0.014119241999651422,0.0,0.009000000000000341,0.04399999999999693,-0.01099999999999568,22.566859999642475,0.4630829954985218
92.4,15760.626795981,FOLLOW,7.466720002564068,7.387654345236748,0.4158201327524656,0.10082444691400884,0.1,-0.03070618502420276,-0.013847222134234057,-0.10951267180622969,0.7235511379797631,0.79,green,False,unknown,0,-0.3070618502420276,0.023650054999961867,0.09087610399910773,0.026583251999909407,0.0,0.010000000000005116,0.04400000000001114,-0.015000000000000568,0.6858680008008378,0.4630829954985218
92.6,15760.876094981,FOLLOW,7.486197592092221,7.407123803499387,0.41525812356764796,0.06760483518514827,0.06834635831634628,-0.027338543326538414,-0.0677116526856062,0.3680581684740354,0.7290830387544873,0.69,green,False,unknown,0,-0.3999999999999986,0.011554919999980484,0.0729176719996758,0.014283382000940037,0.0,0.007999999999995566,0.03699999999999193,-0.019000000000005457,1.769933000105084,0.4630829954985218
92.7,15761.029261204,FOLLOW,7.493830613643782,7.414753062145012,0.4150185066617257,0.08701253141521782,0.08858789073998233,0.008087663400112135,-0.025170406760296082,0.22554890758301635,0.769667476076105,inf,green,False,unknown,0,0.0912953602637469,0.04661750800005393,0.0782537279992539,0.014711664998685592,0.0,0.010000000000005116,0.034000000000006025,-0.021000000000000796,25.463312000283622,0.4630829954985218
92.9,15761.276449535,FOLLOW,7.509037297893943,7.429952480784852,0.4145485219223247,0.08946002531683996,0.08654228359221104,0.007383462176714626,-0.02687793247615579,0.23251320409115217,0.7602657928371465,inf,green,False,unknown,0,0.0853162393022311,0.06429234300048847,0.07651615100076015,0.0449896930003888,0.0,0.043000000000006366,0.034000000000006025,0.009000000000000341,23.62303200061433,0.4630829954985218
93.1,15761.521687414,FOLLOW,7.526925888519456,7.447833051967316,0.41401301576698357,0.08735814798031606,0.08495228732167244,-0.03398091492866886,-0.028394869514042867,0.23875407656178124,0.7536613866661943,0.6799999999999999,green,False,unknown,0,-0.3999999999999986,0.022015642000042135,0.07175935600025696,0.028696724000838003,0.0,0.009000000000000341,0.03499999999999659,0.0049999999999954525,2.2090999991633,0.4630829954985218
93.2,15761.629016997,FOLLOW,7.535676309591917,7.456578633794988,0.4137221537719508,0.08576893013982688,0.09489054436203535,0.017075325337846767,-0.017578446230335,0.23446115228832587,0.8361717238500481,inf,green,False,unknown,0,0.17994759596593077,0.07237816499946348,0.038350843999069184,0.013429561999146244,0.0,0.06700000000000728,0.031999999999996476,0.0030000000000001137,0.7010789995547384,0.4630829954985218
93.4,15761.921493494,FOLLOW,7.55502345667567,7.475913069666097,0.4130211855017119,0.09445414572122893,0.09715845849392242,0.022443757884508305,-0.00677721199844912,0.19886723982326301,0.8081252481074775,inf,green,False,unknown,0,0.2310015847556107,0.14685556599943084,0.07950749299925519,0.04330254099841113,0.0,0.10999999999999943,0.03300000000000125,-0.000999999999990564,1.29874200138147,0.4630829954985218
93.6,15762.181579105,FOLLOW,7.578497558574396,7.499369837834558,0.4121192896669842,0.10030007383967662,0.08451019091527255,0.03217049205425763,-0.009523029375813646,0.31183526923092675,0.8355185347629175,inf,green,False,unknown,0,0.38066997253042323,0.04192083199995977,0.10580489299900364,0.02537098199900356,0.0,0.006000000000000227,0.031999999999996476,-0.03900000000000148,20.197787000142853,0.4630829954985218
93.7,15762.272488765,FOLLOW,7.5843673140710095,7.505235585931669,0.4119024398122781,0.07127638134205022,0.08451019091527255,-0.017866286687726104,-0.009523029375813646,0.31183526923092675,0.8355185347629175,0.8099999999999999,green,False,unknown,0,-0.211409848850517,0.13283049200072128,0.07021222299954388,0.027956845000517205,0.0,0.10600000000000875,0.031999999999996476,-0.006999999999990791,0.51342000006116,0.4630829954985218
93.9,15762.519390373,FOLLOW,7.601806394808573,7.522662442357711,0.41124966514951405,0.06269801107182081,0.05274394133642108,-0.015823182400926245,-0.06234580037170731,0.6456721591504204,0.7660120974910909,0.74,green,False,unknown,0,-0.2999999999999985,0.03852468799959752,0.06039939499896718,0.0002782060000754427,0.0,0.03300000000000125,0.03300000000000125,-0.01099999999999568,1.9419170002947794,0.4630829954985218
94.1,15762.780615806,FOLLOW,7.614123424316028,7.534970331807328,0.41077525731402814,0.08639240194060577,0.06474784472049265,0.027210142936507118,-0.027206053030653793,0.437412667732604,0.7530647969072798,inf,green,False,unknown,0,0.4202478561868659,0.013143067999408231,0.03402687400011928,0.03325051899992104,0.0,0.007999999999995566,0.027000000000001023,0.018999999999991246,0.7190209998952923,0.4630829954985218
94.2,15762.92172976,FOLLOW,7.623667618064039,7.54450778020573,0.41041658721174656,0.06504783371634436,0.06415033458466445,0.027192622045963597,-0.02808804223984121,0.44428827564808515,0.7522413245657509,inf,green,False,unknown,0,0.42388901354949704,0.0244074760012154,0.0724887710002804,0.026621856000929256,0.0,-0.001999999999995339,0.025000000000005684,-0.016999999999995907,0.47712199921079446,0.4630829954985218
94.4,15763.169008037,FOLLOW,7.634070953915383,7.554905081930573,0.4100624070643879,0.041148337803113555,0.04330260121705698,-0.01732104048682273,-0.024404700708995114,0.5002515158677908,0.54143378314825,0.69,green,False,unknown,0,-0.3999999999999986,0.06688847200166492,0.0663052020008763,0.02443444300115516,0.0,0.04000000000000625,0.02600000000001046,-0.021000000000000796,3.06731299860985,0.4630829954985218
94.6,15763.426027659,FOLLOW,7.644586083052415,7.565414748858956,0.4097240030736802,0.08085192621481052,0.08486097675232306,-0.03479477528410215,-0.0274948403898339,-0.09556964032052925,0.5840906073110769,0.65,green,False,unknown,0,-0.41002091439101485,0.03867089999948803,0.07566407599915692,0.010182660998907522,0.0,0.01099999999999568,0.02599999999999625,-0.025000000000005684,22.310546000881004,0.4630829954985218
94.7,15763.568793646,FOLLOW,7.6536956253051835,7.57452017566891,0.4094503574568101,0.08567597100276479,0.08336338336483799,-0.025009015009451272,-0.02783257333109436,-0.10343131229474187,0.5828852428429173,0.74,green,False,unknown,0,-0.2999999999999985,0.07407513599900994,0.08630361199902836,0.016187084000193863,0.0,0.043000000000006366,0.02599999999999625,-0.027000000000001023,20.457496000744868,0.4630829954985218
94.9,15763.77644891,FOLLOW,7.668064846369395,7.588880845332173,0.4089552875081261,0.0846993515542212,0.08528557379165481,-0.034114229516661806,-0.02745277631500754,-0.09376275381911962,0.5848727746723781,0.67,green,False,unknown,0,-0.3999999999999986,0.05048034300125437,0.052599130000089644,0.009061632001248654,0.0,0.043000000000006366,0.02400000000000091,0.0030000000000001137,22.72837499913294,0.4630829954985218
95.1,15764.027593342,FOLLOW,7.685782657685088,7.606583477603865,0.40822278466668954,0.09574426347292794,0.09889189487219227,-0.03955675794887677,-0.02193295041349716,-0.11034193223706397,0.7009538987730444,0.85,green,False,unknown,0,-0.3999999999999986,0.01280653399953735,0.059329071000320255,0.013380698999753804,0.0,0.0049999999999954525,0.02599999999999625,-0.0010000000000047748,20.220227999743656,0.4630829954985218
95.2,15764.169155835,FOLLOW,7.6957390412758935,7.616529116271716,0.4077604716156371,0.09886154009015326,0.1,-0.02999999999999985,-0.020582440642384424,-0.0966094908922637,0.7051569985109234,0.66,green,False,unknown,0,-0.2999999999999985,0.02755919799892581,0.07480683399990085,0.030068338999626576,0.0,0.0030000000000001137,0.02400000000000091,-0.0030000000000001137,32.12181900016731,0.4630829954985218
95.4,15764.427781253,FOLLOW,7.716058648069488,7.636821824132049,0.40671585953976214,0.09998293122074847,0.1,-0.029999999999999853,-0.01655305098041968,-0.06094988564702588,0.7108276475687684,0.66,green,False,unknown,0,-0.2999999999999985,0.024854107999999542,0.08753686099953484,0.04151458799969987,0.0,0.0030000000000001137,0.027000000000001023,-0.006999999999990791,23.09000199966249,0.4630829954985218
95.6,15764.619984068,FOLLOW,7.733056183330587,7.653791900527099,0.405750330998259,0.099991381937017,0.1,-0.01999999999999984,-0.013179382976405005,-0.04564055880389664,0.7221979184835228,0.79,green,False,unknown,0,-0.1999999999999984,0.06304886100042495,0.028055557999323355,0.01908488499975647,0.0,0.06699999999999307,0.027000000000001023,0.022999999999996135,3.163028999551898,0.4630829954985218
95.7,15764.77428274,FOLLOW,7.746654822661546,7.6673658740245685,0.4049317244440614,0.09998312541920597,0.1,-0.013452612229559483,-0.006056142501312929,-0.04999243322148455,0.8414573505997428,0.78,green,False,unknown,0,-0.13452612229559485,0.012737127999571385,0.05816848500035121,0.017557838998982334,0.0,0.008000000000009777,0.022999999999996135,-0.012999999999991019,26.472630001080688,0.4630829954985218
95.9,15765.019927301,FOLLOW,7.76705360742392,7.6877230137961785,0.4036290825345244,0.10000496007805112,0.1,-0.009946598584792611,-0.004476966172779087,-0.037438177912624424,0.8462240891564433,0.85,green,False,unknown,0,-0.09946598584792611,0.010660140000254614,0.07081655399997544,0.01276572000097076,0.0,0.0040000000000048885,0.025000000000005684,-0.016999999999995907,1.1687450005410938,0.4630829954985218
96.1,15765.222088953,FOLLOW,7.781613876193789,7.702251245935084,0.40266380712454636,0.0653563671674981,0.06683980668044463,-0.0019081809760286862,-0.001284709260711614,0.4027903525194153,0.7452548884350516,inf,green,False,unknown,0,-0.028548571140421388,0.009601915999155608,0.02302417300052184,0.01673633999962476,0.0,0.03300000000000125,0.01999999999999602,0.012999999999991019,0.5994189996272326,0.4630829954985218
96.2,15765.377211716,FOLLOW,7.788431178939181,7.709052751636367,0.40219997876744706,0.06685565440761741,0.1,0.006081380149576231,0.0027368488253796484,-0.0013003851618841682,0.962804771332413,inf,green,False,unknown,0,0.0608138014957623,0.012976844000149867,0.05872593000094639,0.033369669001331204,0.0,0.005000000000009663,0.02599999999999625,0.01100000000000989,0.6093679985497147,0.4630829954985218
96.4,15765.622938183,FOLLOW,7.805142856612163,7.725724788643489,0.4010496200089566,0.06421187717093454,0.08022837035030751,0.011745338229651384,0.006591126606408315,0.288732616056563,0.7674429915739178,inf,green,False,unknown,0,0.14639881351655007,0.02548922799905995,0.06356632499955595,0.04502806600066833,0.0,0.008000000000009777,0.02400000000000091,0.007000000000005002,0.7141810001485283,0.4630829954985218
96.6,15765.869209201,FOLLOW,7.820753861730131,7.741300188048646,0.39999590126939816,0.07230114704239309,0.0774519269984323,0.01272301477313747,0.0073966359066681,0.34229332423602443,0.7985006716687807,inf,green,False,unknown,0,0.16426982860471626,0.0904386420006631,0.014548451001246576,0.014029984000444529,0.0,0.07799999999998875,0.01999999999999602,0.0030000000000001137,0.537076999535202,0.4630829954985218
96.7,15766.022638757,FOLLOW,7.828474576644629,7.749004092621617,0.39948669876159537,0.07748740216622158,0.0681335979514644,0.015456734810530863,0.010220513581440743,0.4101661152529756,0.7666601718131391,inf,green,False,unknown,0,0.22685921887673702,0.012905023999337573,0.07486991599944304,0.012451222000890994,0.0,0.009000000000000341,0.021000000000000796,0.0010000000000047748,1.646806000280776,0.4630829954985218
96.9,15766.218792084,FOLLOW,7.843751648369289,7.764250044921731,0.3985122097879773,0.10007188470525256,0.08614512094389368,0.028862009654708465,0.015115045331337701,0.31103790704281403,0.8507284235818923,inf,green,False,unknown,0,0.3350394002407437,0.019287139000880416,0.0239013469999918,0.008079946999714593,0.0,0.043000000000006366,0.020000000000010232,-0.0030000000000001137,0.46206399929360487,0.4630829954985218
97.1,15766.530232618,FOLLOW,7.8658397870923595,7.786300125360776,0.3972166615806921,0.10006468788533159,0.1,0.05311234320722094,0.02405420978214564,0.18326362674235191,0.8600726330584929,inf,green,False,unknown,0,0.5311234320722094,0.013102083001285791,0.10236815999996907,0.01922922700032359,0.0,-0.027000000000001023,0.021000000000000796,-0.04100000000001103,25.042613999175956,0.4630829954985218
97.2,15766.622133458,FOLLOW,7.872644198437471,7.793094450914181,0.39684633830574206,0.1000650321596117,0.1,0.05311234320722094,0.02405420978214564,0.18326362674235191,0.8600726330584929,inf,green,False,unknown,0,0.5311234320722094,0.026080634001118597,0.065201055000216,0.0286757089997991,0.0,0.008000000000009777,0.02200000000000557,-0.009000000000000341,0.651770000331453,0.4630829954985218
97.4,15766.876628541,FOLLOW,7.891349271431437,7.8117768233392635,0.39592579274267337,0.09529736357027604,0.1,0.06476527569398419,0.029424748056645078,0.14770468448497098,0.8739206810517551,inf,green,False,unknown,0,0.6476527569398419,0.06185881100100232,0.06763747300101386,0.04004142300072999,0.0,0.043000000000006366,0.021000000000000796,-0.012999999999991019,25.87370400033251,0.4630829954985218
97.6,15767.070535162,FOLLOW,7.908358142030228,7.828770853526608,0.3952171410762422,0.10009955866841139,0.1,0.06093842452847979,0.02765532474900973,0.1381470732996687,0.8803681189717862,inf,green,False,unknown,0,0.609384245284798,0.013755231000686763,0.0245021770006133,0.023678814999584574,0.0,0.036000000000001364,0.01999999999999602,0.016999999999995907,0.46880099944246467,0.4630829954985218
97.7,15767.221796953,FOLLOW,7.921971126395583,7.842376703132099,0.3947775598237958,0.100095665121656,0.1,0.06070115305759852,0.027545810453373877,0.134708063797921,0.8770940277864965,inf,green,False,unknown,0,0.6070115305759851,0.019078369999988354,0.06046622699977888,0.018260083999848575,0.0,0.0040000000000048885,0.021000000000000796,-0.018999999999991246,0.6295580005826196,0.4630829954985218
97.9,15767.470099216,FOLLOW,7.942390460027728,7.862790914535316,0.3943255808168424,0.1000914222652956,0.09684672253399383,0.03271831373914776,0.015241864130392774,0.28159421406166596,0.9168078573611911,inf,green,False,unknown,0,0.3378360452793167,0.037678750999475596,0.07189688600010413,0.015123969000342186,0.0,0.010000000000005116,0.021000000000000796,-0.022999999999996135,25.97446000072523,0.4630829954985218
98.1,15767.730202991,FOLLOW,7.962337984785049,7.882736903352982,0.3940811535697387,0.09789382045926999,0.1,0.03889854539853605,0.017564347662636898,0.16869149617653026,0.8946611990468902,inf,green,False,unknown,0,0.3889854539853605,0.02133457600029942,0.09007692700106418,0.029707854000662337,0.0,-0.02200000000000557,0.015000000000000568,-0.027000000000001023,29.27479299978586,0.4630829954985218
98.2,15767.821724857,FOLLOW,7.96899477318157,7.88939348062855,0.3940282497836792,0.09789407728061107,0.1,0.03889854539853605,0.017564347662636898,0.16869149617653026,0.8946611990468902,inf,green,False,unknown,0,0.3889854539853605,0.033754021000277135,0.06005129500044859,0.0442302200008271,0.0,-0.000999999999990564,0.021000000000000796,0.005000000000009663,1.102108999475604,0.4630829954985218
98.4,15768.0691643,FOLLOW,7.992807834965272,7.913206396594268,0.393970737028102,0.10005890737068156,0.1,0.030883455583639332,0.013927508178871041,0.1570739146409428,0.8322081149395953,inf,green,False,unknown,0,0.3088345558363933,0.006225731998711126,0.063699837999593,0.014427615999011323,0.0,-0.022999999999996135,0.019000000000005457,-0.03300000000000125,0.4850130007980624,0.4630829954985218
98.6,15768.330012988,FOLLOW,8.013219693277145,7.933617979022061,0.39407074233086586,0.10005752016827725,0.1,0.023834878226879127,0.010739440249244878,0.24419109168493497,0.9001870451002731,inf,green,False,unknown,0,0.23834878226879125,0.03256735100148944,0.09177789200111874,0.014869182999973418,0.0,0.001999999999995339,0.016999999999995907,-0.03700000000000614,0.9297589986090316,0.4630829954985218
98.7,15768.419680742,FOLLOW,8.020023147539975,7.940421173302568,0.39413015712115257,0.10004933068749589,0.1,0.022621995611624045,0.010191646720519615,0.24010780687838296,0.8975239875186023,inf,green,False,unknown,0,0.22621995611624046,0.12223510500007251,0.056631689998539514,0.008358462999240146,0.0,0.10200000000000387,0.016999999999995907,-0.0049999999999954525,1.5986050002538832,0.4630829954985218
98.9,15768.683833387,FOLLOW,8.040263401920514,7.9606600088619235,0.3943685148510114,0.09750469315978283,0.1,0.018953207563340107,0.008535848123656917,0.23999991877263827,0.8938204085580239,inf,green,False,unknown,0,0.18953207563340108,0.0996216950006783,0.07611495200035279,0.05155268300040916,0.0,0.04100000000001103,0.018000000000000682,-0.009000000000000341,29.36520399998699,0.4630829954985218
99.1,15768.929211992,FOLLOW,8.060496666173561,7.980890770282282,0.3946859357769815,0.10006215795980392,0.06235351371773996,0.0013597909391655858,0.0009813600453168758,0.5008370814388922,0.7801438515965111,inf,green,False,unknown,0,0.02180776764756269,0.03658645499854174,0.0619571459992585,0.04247075099920039,0.0,0.006000000000000227,0.013999999999995794,-0.01300000000000523,21.957374001431162,0.4630829954985218
99.2,15769.022154343,FOLLOW,8.06943911288662,7.989831516003297,0.3948602095719811,0.06186735665163271,0.06235351371773996,0.0013597909391655858,0.0009813600453168758,0.5008370814388922,0.7801438515965111,inf,green,False,unknown,0,0.02180776764756269,0.03652161199897819,0.05620399399958842,0.014844503999484004,0.0,0.009000000000000341,0.016999999999995907,-0.015000000000000568,0.699550999343046,0.4630829954985218
99.4,15769.280882393,FOLLOW,8.085799070298645,8.006187726244477,0.3952102779239496,0.10002299080641064,0.1,0.01987875820771414,0.008953408950804015,-0.009776204268904435,0.8233447032047058,inf,green,False,unknown,0,0.1987875820771414,0.07761431700055255,0.07722214600107691,0.027183117001186474,0.0,0.036000000000001364,0.017000000000010118,-0.018999999999991246,21.956201999273617,0.4630829954985218
99.6,15769.521270999,FOLLOW,8.106207582828175,8.026590215368538,0.39570554559072874,0.1000033728950425,0.1,-0.011548349435278148,-0.005198317572560739,0.0940510309428,0.8611670413738719,inf,green,False,unknown,0,-0.11548349435278148,0.03968675799842458,0.07152594599938311,0.004814526999325608,0.0,0.0030000000000001137,0.018000000000000682,-0.023000000000010346,0.5983690007269615,0.4630829954985218
99.7,15769.622986709,FOLLOW,8.113007706394349,8.033388211513499,0.3958756256737292,0.10000153922151052,0.1,-0.012159190852053706,-0.005473457253264567,0.09009189517669396,0.8618224879718913,inf,green,False,unknown,0,-0.12159190852053706,0.014792720001423731,0.014188830000421149,0.013579796999692917,0.0,0.0020000000000095497,0.016000000000005343,0.009000000000000341,0.7165289989643497,0.4630829954985218
99.9,15769.871166222,FOLLOW,8.136808164343174,8.057182220747759,0.3964293313116663,0.10000499391861355,0.1,-0.009147640294811072,-0.0041172134613487975,0.09536195419412899,0.8911694915735136,inf,green,False,unknown,0,-0.09147640294811071,0.06499298800008546,0.060437046999140875,0.014226301998860436,0.0,0.04100000000001103,0.014000000000010004,-0.028999999999996362,0.5858100012119394,0.4630829954985218
100.1,15770.11959785,FOLLOW,8.157209231067629,8.077578736460952,0.39686009646602594,0.10000535786673036,0.1,-0.00396418244170356,-0.0017839451780347626,0.10419575214760214,0.8793439962069279,inf,green,False,unknown,0,-0.0396418244170356,0.0071762820007279515,0.05931090299964126,0.005793932999949902,0.0,-0.02400000000000091,0.013999999999995794,-0.03300000000000125,0.7092260002536932,0.4630829954985218
100.2,15770.229308134,FOLLOW,8.164009998167183,8.084378133369574,0.39699660519222607,0.1000126220237966,0.1,0.00040010731590790554,0.00018004835701077374,0.09945511502129678,0.8957821054856373,inf,green,False,unknown,0,0.0040010731590790554,0.05313791299886361,0.05791736799983482,0.045415773000058834,0.0,0.03100000000000591,0.015000000000000568,-0.000999999999990564,26.82196600108,0.4630829954985218
100.4,15770.473172778,FOLLOW,8.184413334549474,8.10477748784239,0.3973996822825475,0.1000187820342662,0.1,-6.990691515863012e-05,-3.1458112167287444e-05,0.09955609636988838,0.897573588999504,inf,green,False,unknown,0,-0.0006990691515863011,0.020419110000148066,0.05980132699914975,0.0267038149995642,0.0,0.010000000000005116,0.016000000000005343,-0.0049999999999954525,0.718882000001031,0.4630829954985218
100.6,15770.721279217,FOLLOW,8.20481745547001,8.125177609470736,0.39780364459995693,0.10003805786628034,0.1,0.014705408739252357,0.006620656850711939,0.07302187369119219,0.8876055631943025,inf,green,False,unknown,0,0.14705408739252357,0.054596923999270075,0.04681241099933686,0.0173422230000142,0.0,0.0309999999999917,0.012999999999991019,-0.009000000000000341,0.875896001161891,0.4630829954985218
100.7,15770.825224703,FOLLOW,8.211620104287409,8.13197880077145,0.39794444631666553,0.10003924357949216,0.1,0.015105374318126754,0.006800911742272339,0.07293768127063051,0.8850865116892755,inf,green,False,unknown,0,0.15105374318126755,0.023411111998939305,0.022579012998903636,0.021279926999341114,0.0,0.046999999999997044,0.015000000000000568,0.022999999999996135,1.3495240000338526,0.4630829954985218
100.9,15771.119068369,FOLLOW,8.23542900060524,8.155781475266906,0.39848826853602276,0.10003538356907272,0.1,-0.007465878014964954,-0.0033600665573127186,0.10786749889878336,0.8453045716923651,0.85,green,False,unknown,0,-0.07465878014964955,0.06326023899964639,0.04644240600100602,0.016635547999612754,0.0,0.019000000000005457,0.008000000000009777,-0.015000000000000568,1.7900929997267667,0.4630829954985218
101.1,15771.319343546,FOLLOW,8.252433301084242,8.172780758399886,0.39890125381942565,0.10005523220436002,0.1,0.026235114561536554,0.01182414125101968,0.02236094127369032,0.8793912309836179,inf,green,False,unknown,0,0.2623511456153655,0.036087819000385934,0.009115013999689836,0.013274851999085513,0.0,0.05099999999998772,0.009999999999990905,0.015000000000000568,22.26595700085454,0.4630829954985218
101.2,15771.473183094,FOLLOW,8.262638860900772,8.182982628929553,0.3991755418072404,0.10005385596120345,0.1,0.033003313636884926,0.014888067811935406,-0.00690056900412382,0.9756643542301676,inf,green,False,unknown,0,0.33003313636884923,0.022149238999190857,0.021775985000203946,0.021256605999951717,0.0,0.016000000000005343,0.009000000000000341,0.01300000000000523,0.5965000000287546,0.4630829954985218
101.4,15771.720026726,FOLLOW,8.283050810243775,8.203384587419237,0.39981309205439897,0.10005415990817332,0.1,0.023505910594564278,0.010590842581114002,0.007424191965750158,0.9104246841978261,inf,green,False,unknown,0,0.23505910594564275,0.016863877999639953,0.016376366998883896,0.015618149998772424,0.0,0.016000000000005343,0.005000000000009663,0.009000000000000341,1.3645470007759286,0.4630829954985218
101.6,15771.98223989,FOLLOW,8.303460784238172,8.223780951029386,0.40055790822791887,0.10003899576940271,0.1,0.015997919410677432,0.007203214098502412,0.013763186275272055,0.9190032391083999,inf,green,False,unknown,0,0.1599791941067743,0.04194576500049152,0.049596124999879976,0.04819306699937442,0.0,0.013999999999995794,0.006000000000000227,0.0049999999999954525,30.58729100121127,0.4630829954985218
101.7,15772.07000338,FOLLOW,8.313664776023346,8.233977082964545,0.4009583101914587,0.10003947606876316,0.1,0.015997919410677432,0.007203214098502412,0.013763186275272055,0.9190032391083999,inf,green,False,unknown,0,0.1599791941067743,0.03336404800029413,0.02203347999966354,0.00867603299957409,0.0,0.045000000000001705,0.007000000000005002,0.0030000000000001137,0.61589299912157,0.4630829954985218
101.9,15772.321440297,FOLLOW,8.334072430549663,8.25436709238392,0.40180660286944425,0.10003633666797083,0.1,0.010577450632367631,0.0047610516123239265,0.022121822242394482,0.9248624040847939,0.85,green,False,unknown,0,0.1057745063236763,0.007645905001481879,0.01835999300055846,0.012371345001156442,0.0,0.017000000000010118,0.007000000000005002,-0.000999999999990564,0.7680359994992614,0.4630829954985218
102.1,15772.619335879,FOLLOW,8.354478960958817,8.274753839712739,0.4027048666392315,0.10002909083803195,0.1,0.005136548011940762,0.002311583839036249,0.03659440690812564,0.9307898489616754,0.84,green,False,unknown,0,0.05136548011940762,0.02787766800065583,0.0642598510003154,0.03757888499967521,0.0,0.003999999999990678,0.006999999999990791,-0.005000000000009663,0.6794339988118736,0.4630829954985218
102.2,15772.719637828,FOLLOW,8.36468163769715,8.284946083276997,0.40316614909777426,0.10002593745053075,0.1,0.003122683757022486,0.0014052385224048863,0.044717455912147784,0.9302374872152739,0.8,green,False,unknown,0,0.03122683757022486,0.009553036001307191,0.01744300599966664,0.013096844000756391,0.0,0.012000000000000455,0.008000000000009777,-0.006999999999990791,0.5484630000864854,0.4630829954985218
102.4,15772.981215831,FOLLOW,8.381685437784906,8.301932096140222,0.4039436967752693,0.10001984187247445,0.1,-0.0024829733114546835,-0.0011173534898525732,0.0722310121209409,0.9371316064619601,0.76,green,False,unknown,0,-0.02482973311454683,0.03183874099886452,0.030521507998855668,0.030829913999696146,0.0,0.047000000000011255,0.007000000000005002,0.023000000000010346,0.6748930009052856,0.4630829954985218
102.6,15773.270629089,FOLLOW,8.40548921720107,8.325711060551022,0.4050303179496357,0.10001435000147445,0.1,-0.005506874358115681,-0.0024782625713539626,0.09645053005494007,0.9453908482919433,0.72,green,False,unknown,0,-0.05506874358115681,0.03901380299976154,0.05601718000070832,0.02528291800081206,0.0,0.012999999999991019,0.003999999999990678,-0.015000000000000568,0.5419619992608204,0.4630829954985218
102.7,15773.369095447,FOLLOW,8.412290048374146,8.332504970413124,0.40533706387566326,0.10001172834719962,0.1,-0.006439767383322716,-0.0028981657722740237,0.1065581950023331,0.9451743377654288,0.71,green,False,unknown,0,-0.06439767383322716,0.13748016099998495,0.016600504000962246,0.015025724000224727,0.0,0.11299999999999955,0.005000000000009663,0.016999999999995907,2.3672219995205523,0.4630829954985218
102.9,15773.629775039,FOLLOW,8.432692474505364,8.352887319544442,0.4062419356881265,0.10002165022594302,0.1,0.003213962185018415,0.001446316598598247,0.058454595561595386,0.8760677453116901,0.74,green,False,unknown,0,0.032139621850184145,0.015309791000618134,0.014622062000853475,0.013837394000802306,0.0,0.015000000000000568,0.007000000000005002,0.01300000000000523,0.7283809991349699,0.4630829954985218
103.1,15773.869038165,FOLLOW,8.453097097832739,8.373271894709625,0.4071462216568853,0.10002261444205346,0.1,0.002870223348946538,0.0012916244489038393,0.08246163265148683,0.8731724597662782,0.72,green,False,unknown,0,0.028702233489465382,0.0004590859989548335,0.01509434099898499,0.014429200999074965,0.0,0.015000000000000568,0.006000000000000227,0.009000000000000341,0.527889000295545,0.4630829954985218
103.2,15774.024933877,FOLLOW,8.466700127122825,8.386861224052028,0.407756575120964,0.10002204875610124,0.1,0.0026806174581303992,0.0012062973597056492,0.09170939368499348,0.8716801853308052,0.7,green,False,unknown,0,0.02680617458130399,0.020274266000342323,0.06497177600067516,0.019663927001602133,0.0,0.005000000000009663,0.005000000000009663,-0.027000000000001023,0.7152419984777225,0.4630829954985218
103.4,15774.269552082,FOLLOW,8.483704197457442,8.403847768105027,0.40852840049552613,0.10002828132532555,0.1,0.011081770243028631,0.004988175286452804,0.03475047699287881,0.8867912607749263,0.71,green,False,unknown,0,0.1108177024302863,0.017424628998924163,0.016957461999481893,0.01632949600025313,0.0,0.016000000000005343,0.0030000000000001137,0.0030000000000001137,1.4585120006813668,0.4630829954985218
103.6,15774.525214821,FOLLOW,8.504111173123244,8.424232161182115,0.40948805757405177,0.10003825382880936,0.1,0.01221578521622543,0.005498950279608965,0.0570243054566337,0.8467295350644359,0.69,green,False,unknown,0,0.12215785216225429,0.0575612379998347,0.04517312800089712,0.027115183000205434,0.0,0.04099999999999682,0.003999999999990678,-0.0010000000000047748,1.114231999963522,0.4630829954985218
103.7,15774.61942983,FOLLOW,8.510913570260751,8.431026431283374,0.40982047084789525,0.10003462199340282,0.1,0.011880548225126256,0.005347945650751834,0.07752673974437939,0.8472681626187777,0.6799999999999999,green,False,unknown,0,0.11880548225126254,0.08782588299982308,0.004801062999831629,0.021671642000001157,0.0,0.08200000000000784,0.005000000000009663,0.03100000000000591,1.8159330011258135,0.4630829954985218
103.9,15774.922135876,FOLLOW,8.534721659902681,8.454803895695497,0.41102751800837756,0.10003338298262648,0.1,0.010951921080063766,0.004929695248222536,0.04992759609224093,0.8252568141698514,0.66,green,False,unknown,0,0.10951921080063766,0.0471633050001401,0.045912604000477586,0.04406191100133583,0.0,0.016000000000005343,0.0020000000000095497,-0.006999999999990791,0.9727229989948682,0.4630829954985218
104.1,15775.173912671,FOLLOW,8.554602567138431,8.47465663793122,0.4120853028409512,0.08394346161837446,0.08823294960720994,0.01764658992144216,-0.0015412291829656755,0.3649944543432342,0.9374682936091896,0.66,green,False,unknown,0,0.20000000000000195,0.03923426599976665,0.04271293599958881,0.014668788000562927,0.0,0.018000000000000682,0.003999999999990678,-0.01100000000000989,5.118733000927023,0.4630829954985218
104.2,15775.275643719,FOLLOW,8.560599217223544,8.480644246057897,0.4124144826787577,0.0882754440862148,0.07170008337155685,0.01434001667431151,-0.005028064270061194,0.3872142147331926,0.7839350670506191,0.65,green,False,unknown,0,0.20000000000000195,0.08210665200022049,0.01635484100006579,0.01827765500092937,0.0,0.08100000000000307,0.0030000000000001137,0.021000000000000796,5.115080999530619,0.4630829954985218
104.4,15775.569310938,FOLLOW,8.577895601007565,8.497912463442022,0.4134010380634353,0.06957238085406978,0.06953406085368,0.02086021825610414,-0.0039145037304004204,0.4092945719039483,0.7815769168239174,0.66,green,False,unknown,0,0.30000000000000204,0.06067225400147436,0.03561710800022411,0.010224709001704468,0.0,0.045000000000001705,0.0030000000000001137,-0.016999999999995907,6.543119998241309,0.4630829954985218
104.6,15775.820415319,FOLLOW,8.589621023583836,8.509616555815452,0.41410788252669023,0.06803669468615813,0.0580729314489334,0.017421879434680137,-0.025832533744916203,0.5192514897929507,0.7414392882093878,0.66,green,False,unknown,0,0.30000000000000204,0.028766871999323484,0.03312597900003311,0.06076572900019528,0.0,0.01099999999999568,0.0030000000000001137,0.012999999999991019,5.646462999720825,0.4630829954985218
104.7,15775.928640571,FOLLOW,8.595536623044648,8.515520550698602,0.41447822763325415,0.05811616026681898,0.05274072183459414,0.02109628873383777,-0.020489679533016836,0.5206173356584513,0.6743614280009385,0.65,green,False,unknown,0,0.40000000000000213,0.09050391700111504,0.0121289960006834,0.029853140000341227,0.0,0.08599999999999852,0.0010000000000047748,0.01100000000000989,5.293189999065362,0.4630829954985218
104.9,15776.22013153,FOLLOW,8.608057636003341,8.528014474199296,0.4153012325188692,0.05189856331224339,0.051850983944550476,0.025925491972275352,-0.01942176397483253,0.5371073777897003,0.6748602722235215,0.7,green,False,unknown,0,0.5000000000000022,0.010662132001016289,0.059736439001426334,0.028691478000837378,0.0,-0.024999999999991473,0.0020000000000095497,-0.027000000000001023,4.796335999344592,0.4630829954985218
105.1,15776.468926927,FOLLOW,8.620228584458685,8.540154870472241,0.41616291849210646,0.06581442100219907,0.06586630501976505,0.03293315250988267,-0.017593768745097438,0.562565894908611,0.8805647060510233,0.69,green,False,unknown,0,0.5000000000000022,0.04159677200004808,0.041152892999889445,0.0009919570002239197,0.0,0.016999999999995907,0.0030000000000001137,-0.03100000000000591,28.865414999017958,0.4630829954985218
105.2,15776.572975301,FOLLOW,8.624707853156815,8.544621848148466,0.4164945109376258,0.06593568451987368,0.06524118217214006,0.026096472868856163,-0.016776564393536725,0.5687591611505894,0.8778193460216,0.66,green,False,unknown,0,0.40000000000000213,0.029967173000841285,0.029316489000848378,0.014651182000307017,0.0,0.016000000000005343,0.0030000000000001137,0.0010000000000047748,26.719301000412088,0.4630829954985218
105.4,15776.833340068,FOLLOW,8.638048266670832,8.55792168326224,0.41753402715505133,0.06525581526676377,0.06490364588790885,0.03245182294395457,-0.016041606599699,0.5777421768525083,0.8813754446681717,0.69,green,False,unknown,0,0.5000000000000022,0.10385345200120355,0.03198613899985503,0.027815109000584926,0.0,0.08500000000000796,0.0,-0.0030000000000001137,36.041899998963345,0.4630829954985218
105.6,15777.075733525,FOLLOW,8.65129053573175,8.57111766273638,0.418640037600472,0.0640191000319325,0.06374059114967795,0.031870295574839114,-0.014705884259068908,0.5923958915653781,0.8785541775401235,0.66,green,False,unknown,0,0.5000000000000022,0.048061388999485644,0.009577254999385332,0.007769674999508425,0.0,0.05099999999998772,0.0,-0.007000000000005002,28.58500699949218,0.4630829954985218
105.7,15777.219510887,FOLLOW,8.657806058009223,8.577607698827256,0.419215736119157,0.06380276978857301,0.06063690231441757,0.03638214138865068,-0.004817818194273127,0.5604183162053704,0.8088443280655896,0.66,green,False,unknown,0,0.6000000000000023,0.07604906300002767,0.040431949999401695,0.027871652000612812,0.0,0.05200000000000671,0.0010000000000047748,-0.009000000000000341,25.39086300021154,0.4630829954985218
105.9,15777.481412138,FOLLOW,8.67028775545567,8.590034729558951,0.42038235892352677,0.06052426215164225,0.06062797233969486,0.04243958063778654,-0.0034140753919201516,0.5677928039103436,0.814934935361556,0.6799999999999999,green,False,unknown,0,0.7000000000000024,0.013687337999726878,0.05007929699968372,0.03786023800057592,0.0,-0.016999999999995907,0.0010000000000047748,-0.012999999999991019,24.672137999004917,0.4630829954985218
106.1,15777.728541623,FOLLOW,8.682485819007118,8.60217043215641,0.42161389680681227,0.05539006936165983,0.0554677937399419,0.038827455617959465,-0.0018429657540916244,0.5616334075680969,0.740828937561454,0.6799999999999999,green,False,unknown,0,0.7000000000000024,0.041197596001438797,0.04612803400050325,0.013359735999983968,0.0,0.018000000000000682,0.0,-0.017000000000010118,29.549241999120568,0.4630829954985218
106.2,15777.821479546,FOLLOW,8.686257441999778,8.605920655187791,0.42201509648931856,0.055544968806257124,0.0554677937399419,0.03328067624396527,-0.0018429657540916244,0.5616334075680969,0.740828937561454,0.65,green,False,unknown,0,0.6000000000000023,0.011405454000851023,0.01634338100120658,0.030814540999926976,0.0,0.01300000000000523,0.0,0.015000000000000568,5.009702999814181,0.4630829954985218
106.4,15778.069445554,FOLLOW,8.701567788424798,8.621135062714739,0.4237260808789464,0.08975990263468221,0.08964877631030257,0.06275414341721201,0.00015952789298685766,0.3223505918950092,0.899414536533477,0.65,green,False,unknown,0,0.7000000000000024,0.015251393999278662,0.020695858000181033,0.024184576999687124,0.0,0.015000000000000568,-0.000999999999990564,0.01100000000000989,4.972688000634662,0.4630829954985218
106.6,15778.327311393,FOLLOW,8.719917305428039,8.639346858522353,0.4259690285537007,0.09014957851397229,0.0896425022482648,0.07171400179861206,0.002845512140202053,0.33550803759761505,0.9157330682494589,0.65,green,False,unknown,0,0.8000000000000025,0.01408854300098028,0.013646825000250828,0.013114589000906562,0.0,0.018999999999991246,0.0,0.006999999999990791,6.298971999058267,0.4630829954985218
106.7,15778.469072231,FOLLOW,8.732137737389905,8.651458785839903,0.42759359232800626,0.08975656493338315,0.0881500041860929,0.07052000334887454,0.0038862443457472334,0.3465465060837001,0.9140010782832111,0.66,green,False,unknown,0,0.8000000000000025,0.0006665040000370936,0.015376289000414545,0.006595763001314481,0.0,-0.021000000000000796,-0.000999999999990564,-0.028999999999996362,4.602060998877278,0.4630829954985218
106.9,15778.728522782,FOLLOW,8.747167336601336,8.666332452088955,0.42975231866139185,0.0886106416505481,0.0865923394583634,0.06927387156669093,0.0058706503797030934,0.3612889176629241,0.9155803942244165,0.66,green,False,unknown,0,0.8000000000000025,0.020695542998510064,0.020283136000216473,0.019799265999608906,0.0,0.017000000000010118,-0.000999999999990564,0.0010000000000047748,5.045604000770254,0.4630829954985218
107.1,15778.974663664,FOLLOW,8.764910272305492,8.683853909065698,0.43254603841182,0.08632734622185478,0.08551903683475744,0.06841522946780616,0.0083216542362584,0.3717585021506843,0.9166672746244667,0.65,green,False,unknown,0,0.8000000000000025,0.10546671900010551,0.014233652998882462,0.012770894998539006,0.0,0.08199999999999363,0.0,-0.0030000000000001137,4.838049000682076,0.4630829954985218
107.2,15779.069312044,FOLLOW,8.773669137346063,8.692488298128048,0.4340173524235523,0.08562930498171782,0.08551903683475744,0.08551903683475766,0.0083216542362584,0.3717585021506843,0.9166672746244667,0.6799999999999999,green,False,unknown,0,1.0000000000000027,0.20011509899995872,0.003487428999505937,0.0003713249989232281,0.0,0.18200000000000216,0.0,-0.0049999999999954525,5.908573000851902,0.4630829954985218
107.4,15779.31896908,FOLLOW,8.788228690043947,8.70681510880168,0.43660958054623533,0.08564998022874884,0.08308707867031061,0.07477837080327976,0.011222560040051052,0.39202058183277744,0.9139816165450716,0.67,green,False,unknown,0,0.9000000000000026,0.030092547000094783,0.12372121300177241,0.03461943000002066,0.0,0.049000000000006594,0.10000000000000853,0.025000000000005684,5.769437999333604,0.4630829954985218
107.6,15779.623019352,FOLLOW,8.808047535735872,8.726256771542417,0.4404563047486886,0.08328914737250306,0.08209322172021002,0.09030254389223125,0.013635808155133697,0.40372955464150273,0.9163992851704241,0.66,green,False,unknown,0,1.1000000000000028,0.011013663000994711,0.040196095000283094,0.03967691999969247,0.0,-0.015000000000000568,-0.0030000000000001137,-0.01300000000000523,4.934720998789999,0.4630829954985218
107.7,15779.731091273,FOLLOW,8.816452022606098,8.734478914144683,0.4421973899952679,0.08259023453755374,0.08158381648000451,0.08158381648000473,0.015007468459452514,0.4117479007246061,0.9197984966770164,0.66,green,False,unknown,0,1.0000000000000027,0.07440026000040234,0.029216058001111378,0.013983181001094636,0.0,0.05200000000000671,-0.003999999999990678,-0.015000000000000568,4.972955999619444,0.4630829954985218
107.9,15779.973322751,FOLLOW,8.830352688279945,8.748043747615176,0.44523396359161593,0.08171908730927474,0.08018380071712988,0.08018380071713009,0.017314700001032246,0.4266159224257108,0.9205723110193015,0.65,green,False,unknown,0,1.0000000000000027,0.021879863999856752,0.028295698000874836,0.05997522700090485,0.0,0.008000000000009777,-0.0049999999999954525,0.015000000000000568,30.375663000086206,0.4630829954985218
108.1,15780.221438558,FOLLOW,8.849577925863407,8.76673222161494,0.4497438944415343,0.08069323866684172,0.08050265185796054,0.08855291704375683,0.019454445364521927,0.43541600140844433,0.9340722710826871,0.7,green,False,unknown,0,1.1000000000000028,0.06997796699943137,0.0377339739989111,0.009045777998835547,0.0,0.04899999999999238,-0.006000000000000227,-0.023000000000010346,35.71945700059587,0.4630829954985218
108.2,15780.319180764,FOLLOW,8.855063783014318,8.7720480134648,0.45109922377918416,0.08065073868981404,0.08050265185796054,0.08855291704375683,0.019454445364521927,0.43541600140844433,0.9340722710826871,0.7,green,False,unknown,0,1.1000000000000028,0.014012047000505845,0.0006547209995915182,0.014713057000335539,0.0,0.016999999999995907,-0.006999999999990791,0.009000000000000341,4.321820000768639,0.4630829954985218
108.4,15780.569117706,FOLLOW,8.871346911847644,8.78777702089279,0.4553101330753947,0.07896533881629358,0.07904335661177297,0.0948520279341278,0.022442485147833355,0.4508854286918668,0.934122782997952,0.72,green,False,unknown,0,1.2000000000000028,0.021696198000427103,0.01626906300043629,0.0196513060000143,0.0,0.05100000000000193,-0.006999999999990791,0.005000000000009663,4.371258999526617,0.4630829954985218
108.6,15780.819298083,FOLLOW,8.887451371832961,8.803254545269686,0.4597589729556861,0.07868685203628382,0.07870060745320255,0.09444072894384328,0.02509460289603853,0.46131474765544983,0.9414721367900802,0.7,green,False,unknown,0,1.2000000000000028,0.0006033120007487014,0.0056354970001848415,0.0064641900007700315,0.0,0.007999999999995566,-0.008000000000009777,0.000999999999990564,6.805576998885954,0.4630829954985218
108.7,15780.919528524,FOLLOW,8.895489183697439,8.81094674507201,0.46209050461726153,0.07886433837006479,0.07812468490893013,0.09374962189071637,0.026238120687539446,0.46736642674087275,0.9411490109682684,0.6799999999999999,green,False,unknown,0,1.2000000000000028,0.042038731000502594,0.001300682000874076,0.002773538000838016,0.0,0.05100000000000193,-0.006000000000000227,-0.000999999999990564,28.414852000423707,0.4630829954985218
108.9,15781.179906273,FOLLOW,8.911460668879657,8.82616324929652,0.4669421850323444,0.07799850535045437,0.07760671783666463,0.09312806140399778,0.030118138283072124,0.466896310257904,0.9344024631087616,0.65,green,False,unknown,0,1.2000000000000028,0.04161841600034677,0.01800939799977641,0.014374346001204685,0.0,0.03900000000000148,-0.0049999999999954525,-0.0049999999999954525,32.73260799869604,0.4630829954985218
109.1,15781.426592457,FOLLOW,8.927332685225332,8.841190374241373,0.4720509018152493,0.07750707036073085,0.07735912239038686,0.10056685910750315,0.033223572333347315,0.4660522595192484,0.9305144825086198,0.6799999999999999,green,False,unknown,0,1.300000000000003,0.05160089300079562,0.01330829800099309,0.011443483001130517,0.0,0.05099999999998772,-0.008000000000009777,-0.009000000000000341,35.889823999241344,0.4630829954985218
109.2,15781.569101031,FOLLOW,8.937875646298407,8.851114696591361,0.4756090247507791,0.07753683457483779,0.07738119787113985,0.10059555723248204,0.03518631296039988,0.46603140686150357,0.9307576063468285,0.67,green,False,unknown,0,1.300000000000003,0.02975120300106937,0.04389107899987721,0.00020866200065938756,0.0,0.009000000000000341,-0.006000000000000227,-0.045000000000001705,26.612985999236116,0.4630829954985218
109.4,15781.769322825,FOLLOW,8.948413566818818,8.860984978711427,0.47930005738938647,0.07729934165762821,0.07713441952168419,0.09256130342602124,0.036419643201269766,0.46823553509909266,0.930150611221769,0.65,green,False,unknown,0,1.2000000000000028,0.033032576999175944,0.10991659299907042,0.017619802998524392,0.0,0.05000000000001137,0.09300000000000352,0.019000000000005457,5.09909800166497,0.4630829954985218
109.6,15782.01899301,FOLLOW,8.964185335803426,8.875665882719929,0.48506304264714317,0.07732969268797098,0.07682080389148892,0.09986704505893582,0.039329295555115815,0.4783520461637096,0.9371626428615327,0.71,green,False,unknown,0,1.300000000000003,0.0030090399995970074,0.1162117860003491,0.014746098000614438,0.0,0.018000000000000682,0.08899999999999864,0.015000000000000568,4.405464998853859,0.4630829954985218
109.7,15782.169560924,FOLLOW,8.972050919588181,8.882943335872156,0.48804726952360356,0.0769905309753377,0.0768977642440399,0.1076568699416561,0.04005238758275807,0.478699402040183,0.9384724924925673,0.77,green,False,unknown,0,1.400000000000003,0.029315813999346574,0.030987985999672674,0.04110247700009495,0.0,0.019000000000005457,-0.006999999999990791,0.01300000000000523,4.809997000847943,0.4630829954985218
109.9,15782.42035096,FOLLOW,8.987738937398687,8.89736372294366,0.49422442020260865,0.0765449970875331,0.07586083103228775,0.10620516344520307,0.04306400526903202,0.4866861562194213,0.9342326204948641,0.71,green,False,unknown,0,1.400000000000003,0.001212876999488799,0.0007367899997916538,0.00021828999888384715,0.0,0.014000000000010004,-0.006000000000000227,0.009000000000000341,3.984157001468702,0.4630829954985218
110.1,15782.670195985,FOLLOW,9.003252398635802,8.911488346319171,0.5006395137594807,0.0754975333245153,0.07514144422892115,0.10519802192048984,0.04553028991250464,0.49261709363769524,0.9315630216577578,0.7,green,False,unknown,0,1.400000000000003,0.00124831399989489,0.0007911659995443188,0.00023408500055666082,0.0,0.009000000000000341,-0.007000000000005002,0.0049999999999954525,6.202042000950314,0.4630829954985218
110.2,15782.769605518,FOLLOW,9.01094252588159,8.91843793268673,0.5039320517372372,0.07534473201004116,0.0750143544772934,0.10502009626821099,0.04636389176638943,0.493622862909984,0.9310353084353238,0.7,green,False,unknown,0,1.400000000000003,0.08750349000001734,0.10020069900019735,0.010328768999897875,0.0,0.08599999999999852,0.09300000000000352,0.0030000000000001137,33.18641999976535,0.4630829954985218
110.4,15783.019778069,FOLLOW,9.026291702198876,8.932203951640373,0.5107207216022851,0.07518394961400203,0.07439999233606856,0.1041599892704962,0.049789180944989644,0.4977090060096435,0.9276325439880166,0.69,green,False,unknown,0,1.400000000000003,0.028893444999994244,0.10588219899909745,0.013805292999677476,0.0,0.03900000000000148,0.09100000000000819,-0.000999999999990564,30.340049001097213,0.4630829954985218
110.6,15783.269408723,FOLLOW,9.041544680492274,8.94574031230059,0.5177500768973774,0.07481519764277166,0.0740907605374989,0.11113614080624858,0.052029731332788876,0.4973173000882571,0.9233739056526957,0.75,green,False,unknown,0,1.500000000000003,0.09202702299990051,0.0010970839994115522,0.00023551399863208644,0.0,0.07499999999998863,-0.014000000000010004,-0.005000000000009663,4.984345001503243,0.4630829954985218
110.7,15783.41957047,FOLLOW,9.049140118383143,8.95242410572903,0.5213579927080809,0.0742819953668332,0.07419632525613667,0.10387485535859158,0.053876811271774225,0.49828863936619744,0.9256905008375952,0.65,green,False,unknown,0,1.400000000000003,0.10617774599995755,0.018246383999212412,0.017671231000349508,0.0,0.05100000000000193,-0.013999999999995794,-0.006999999999990791,4.670100001021638,0.4630829954985218
110.9,15783.619488608,FOLLOW,9.06177930155813,8.963456236181488,0.5275253990299136,0.07436274840684032,0.07432679602588872,0.11149019403883331,0.055276129379414285,0.4980720308476337,0.9270946757412182,0.78,green,False,unknown,0,1.500000000000003,0.11876538300020911,0.11996459900001355,0.030616496998845832,0.0,0.11299999999999955,0.08800000000000807,0.023000000000010346,5.021633000069414,0.4630829954985218
111.1,15783.869121231,FOLLOW,9.07952886197137,8.97875408308847,0.5365256740168224,0.07463870161632541,0.07491761309352606,0.11237641964028931,0.05848554435821533,0.4979671960685691,0.9343549856353266,0.74,green,False,unknown,0,1.500000000000003,0.011088602001109393,0.000615300999925239,0.0009878920009214198,0.0,0.006999999999990791,-0.015000000000000568,-0.015000000000000568,3.9989369997783797,0.4630829954985218
111.2,15783.974310558,FOLLOW,9.084634390842092,8.983109974080485,0.539188857281995,0.07503382361256998,0.07478868973403671,0.1121830346010553,0.05864362388843079,0.4995517590120731,0.9343930195064014,0.74,green,False,unknown,0,1.500000000000003,0.009914487000060035,0.10580462799953239,0.018734269000560744,0.0,0.018000000000000682,0.08500000000000796,0.016999999999995907,4.154734999247012,0.4630829954985218
111.4,15784.268997756,FOLLOW,9.102539990841725,8.998224601525067,0.5487878212601951,0.07552909414742077,0.07380260750344576,0.11070391125516887,0.06116141479868775,0.5092517066111064,0.9320159281230237,0.7,green,False,unknown,0,1.500000000000003,0.020785220000107074,0.01967956999942544,0.018974079001054633,0.0,0.019000000000005457,-0.016999999999995907,-0.021000000000000796,3.574767999452888,0.4630829954985218
111.6,15784.522281622,FOLLOW,9.117634981887381,9.01076529476847,0.5571890454086,0.07398526788872042,0.07360229866880559,0.11040344800320862,0.0630490116827287,0.5095368113629508,0.9297777783362361,0.67,green,False,unknown,0,1.500000000000003,0.1274588109990873,0.011684213999615167,0.011026145999494474,0.0,0.08499999999999375,-0.015000000000000568,-0.025000000000005684,4.54445400100667,0.4630829954985218
111.7,15784.621211633,FOLLOW,9.122659906008327,9.014897953603983,0.5600475251398987,0.07381269973882616,0.0734152145518729,0.11012282182780958,0.06434947376500527,0.5099000653036103,0.927784840486496,0.67,green,False,unknown,0,1.500000000000003,0.006310853001195937,0.0058699380006146384,0.0053034190004837,0.0,0.012000000000000455,-0.015000000000000568,0.007000000000005002,4.174828998657176,0.4630829954985218
111.9,15784.878401369,FOLLOW,9.137640697244128,9.027091149768307,0.5687504655423452,0.07297486003749372,0.07280300896667351,0.10920451345001049,0.06764284764226189,0.5103136091393558,0.9204662478980201,0.6799999999999999,green,False,unknown,0,1.500000000000003,0.023745918000713573,0.02571711600103299,0.04253447700102697,0.0,0.007000000000005002,-0.013999999999995794,0.0030000000000001137,27.211917999011348,0.4630829954985218
112.1,15785.129440575,FOLLOW,9.152531994442855,9.03901791862445,0.577666420633399,0.07303077998144025,0.07304184857811628,0.11686695772498629,0.06984126355524875,0.5100759320276252,0.9232448391909703,inf,green,False,unknown,0,1.6000000000000032,0.07363101499868208,0.013649476999489707,0.0293913519999478,0.0,0.04999999999999716,-0.017000000000010118,-0.0010000000000047748,31.9898710004054,0.4630829954985218
112.2,15785.269514438,FOLLOW,9.15997408837521,9.04490485862544,0.5822192453645239,0.07327752026908468,0.0726241960519218,0.1086078730751948,0.07107368023133158,0.5119864856478465,0.9198928518110052,0.65,green,False,unknown,0,1.4954778018822665,0.07550728299975162,0.026889548998951796,0.032819767999171745,0.0,0.05200000000000671,-0.013999999999995794,-0.0030000000000001137,23.6475559995597,0.4630829954985218
112.4,15785.519211532,FOLLOW,9.174862272954675,9.056525193144735,0.5915260642953778,0.07304415742093355,0.07282506881258018,0.11241812415805416,0.07365225189283107,0.5107792759900295,0.921216158986748,inf,green,False,unknown,0,1.543673435412319,0.043942946000242955,0.01433319600073446,0.015743316000225605,0.0,0.019000000000005457,-0.018000000000000682,-0.006999999999990791,24.784047998764436,0.4630829954985218
112.6,15785.769158045,FOLLOW,9.189763250281828,9.06794497979116,0.6010978180219954,0.07298409303677278,0.07303576613789989,0.1162318399381695,0.07623979675408082,0.513458685493112,0.9265993740320608,inf,green,False,unknown,0,1.5914372653900897,0.0004074439984833589,0.018093622999003856,0.01842887999919185,0.0,-0.020000000000010232,-0.019000000000005457,-0.01100000000000989,23.28010900055233,0.4630829954985218
112.7,15785.87311825,FOLLOW,9.197220468205165,9.073577649942644,0.6059847991562065,0.0733093988149905,0.0728632170038818,0.11621185958353672,0.07643041267622515,0.512846734994279,0.9237909686551824,inf,green,False,unknown,0,1.594931768897131,0.013059835999229108,0.014180230000420124,0.014546034999511903,0.0,0.01300000000000523,-0.015000000000000568,-0.012999999999991019,32.27487900039705,0.4630829954985218
112.9,15786.119977187,FOLLOW,9.212143807470309,9.084677745492518,0.6159589738293707,0.0730397798868065,0.07284627043439432,0.11757494124072515,0.0774745612393578,0.5163228609545232,0.9270930963098765,inf,green,False,unknown,0,1.6140145616186854,0.05637226900034875,0.012282907000553678,0.012693274000412202,0.0,0.04600000000000648,-0.016999999999995907,-0.016999999999995907,0.8503190001647454,0.4630829954985218
113.1,15786.369448216,FOLLOW,9.227027682931972,9.095512514761701,0.6261632663119823,0.07286156227647814,0.07270719488787002,0.1199778206552395,0.07946715018059518,0.5190343706068988,0.9280612651717605,inf,green,False,unknown,0,1.6501505915648493,0.0012287389999983134,0.017890900000566035,0.017135808000602992,0.0,-0.018000000000000682,-0.016000000000005343,-0.021000000000000796,0.4607519986166153,0.4630829954985218
113.2,15786.47432609,FOLLOW,9.231987822198482,9.099069230582755,0.6296205276621646,0.07292196916921728,0.07310013690166031,0.12217835168194613,0.08064762191818481,0.5175481165865853,0.9315679574491662,inf,green,False,unknown,0,1.6713833497508965,0.059626500000376836,0.12276877399926889,0.022049559998777113,0.0,0.05100000000000193,0.08400000000000318,0.01100000000000989,0.6703810013277689,0.4630829954985218
113.4,15786.719290767,FOLLOW,9.246933060332509,9.109616103389074,0.6402088638497478,0.07333569310003564,0.07307871958769972,0.1237494624481353,0.08187792107306414,0.5182561563650538,0.9320136688983434,inf,green,False,unknown,0,1.693372067084824,0.013086810000459081,0.1210248009992938,0.028949187999387505,0.0,0.014000000000010004,0.08300000000001262,0.007000000000005002,0.7568060009361943,0.4630829954985218
113.6,15786.979494238,FOLLOW,9.261860742594195,9.11988767111707,0.6510402797317973,0.07301047641739203,0.0729544034196768,0.1269838859666948,0.0845478313513556,0.515549594974059,0.9276857569786001,inf,green,False,unknown,0,1.7405924798837504,0.0740576609987329,0.014430912999159773,0.015080223998666042,0.0,0.04899999999999238,-0.020000000000010232,0.0030000000000001137,0.6065360012144083,0.4630829954985218
113.7,15787.119529517,FOLLOW,9.271810520498477,9.126582954360472,0.6584002442994767,0.07308838031091168,0.07296148032623687,0.12721212191300252,0.08471646215283982,0.5171586737656586,0.929406312944314,inf,green,False,unknown,0,1.7435518213746712,0.001741620999382576,0.020474003000344965,0.015417106000313652,0.0,-0.022999999999996135,-0.02199999999999136,-0.03300000000000125,0.8680280006956309,0.4630829954985218
113.9,15787.38146567,FOLLOW,9.2842516250646,9.134778396517556,0.6677602786047888,0.07319797463625366,0.07339608753225166,0.1310435166993206,0.08711990855756231,0.5097027053728252,0.9273419359981947,inf,green,False,unknown,0,1.7854291843790386,0.01504435700007889,0.02997812499961583,0.036931521999576944,0.0,-0.013999999999995794,-0.018999999999991246,-0.0030000000000001137,0.682865000271704,0.4630829954985218
114.1,15787.621609778,FOLLOW,9.299240294513206,9.144382334078202,0.679267328653914,0.0735108050428761,0.07633244967317736,0.1376101431239408,0.08812500893938359,0.49758928792512164,0.9515998492739923,inf,green,False,unknown,0,1.8027738362010928,0.039386510999975144,0.024941179999586893,0.03898153899899626,0.0,0.015999999999991132,-0.019000000000005457,-0.007000000000005002,1.3478870005201316,0.4630829954985218
114.2,15787.719252835,FOLLOW,9.307039089681783,9.149259007408604,0.6853532476426641,0.0766519703349735,0.07880447143740121,0.14352286490374272,0.08920227193417878,0.48104592107468275,0.9643105294773429,inf,green,False,unknown,0,1.8212528081956736,0.010097644000779837,0.12258423700041021,0.01150618900101108,0.0,0.016999999999995907,0.08100000000000307,-0.009000000000000341,0.6395489999704296,0.4630829954985218
114.4,15787.968877756,FOLLOW,9.32329441749185,9.159149753821044,0.6982524985816628,0.08055482955167471,0.08075925248346265,0.14933834465281154,0.09084324400865051,0.4578874615914034,0.9622548626813475,inf,green,False,unknown,0,1.849179382676828,0.0006768679995730054,0.006415431000277749,0.006804643000577926,0.0,0.0030000000000001137,-0.021000000000000796,-0.012999999999991019,0.4808929988939781,0.4630829954985218
114.6,15788.227481764,FOLLOW,9.339049391876209,9.168372417605074,0.7110253449414691,0.07329217021889244,0.07359120929840456,0.1345928018563762,0.08965152114121848,0.5067324188903862,0.9267713224473757,inf,green,False,unknown,0,1.8289249917149295,0.020216358998368378,0.014006937999511138,0.014439040998695418,0.0,0.012000000000000455,-0.023000000000010346,-0.017000000000010118,0.616388000707957,0.4630829954985218
114.7,15788.319600715,FOLLOW,9.344068594653695,9.171234579586358,0.7151484869747441,0.07391680719643241,0.07447104038742978,0.13750761980460743,0.09068261391634078,0.5003792005796796,0.9312802195884871,inf,green,False,unknown,0,1.8464576174743197,0.05818404700039537,0.10612588900039555,0.03022112299913715,0.0,0.04999999999999716,0.07699999999999818,0.015000000000000568,26.733987000625348,0.4630829954985218
114.9,15788.579356955,FOLLOW,9.361818109942158,9.18105812947224,0.7299308146258144,0.07520864328271924,0.075234748636012,0.1394602477737006,0.09110848386751776,0.4967107672810035,0.9369973496609965,inf,green,False,unknown,0,1.853668023115403,0.018692732000999968,0.023637668000446865,0.02100409100057732,0.0,0.0020000000000095497,-0.018999999999991246,-0.022999999999996135,0.6135690000519389,0.4630829954985218
115.1,15788.821941966,FOLLOW,9.374697660223454,9.187888663778187,0.7408495805245622,0.07582632013905602,0.07702511472962907,0.14425493038171253,0.09224551570599482,0.4858379920763117,0.947663513493641,inf,green,False,unknown,0,1.8728298021764882,0.014516212000671658,0.013804869000523468,0.014047582999410224,0.0,0.013999999999995794,-0.019000000000005457,0.006999999999990791,1.0323730002710363,0.4630829954985218
115.2,15788.934089713,FOLLOW,9.382532777565643,9.19191877084102,0.7475686859387272,0.07722969715129535,0.07406145276299185,0.1374787614450345,0.09126299588899564,0.4096896766320025,0.8328721352578223,inf,green,False,unknown,0,1.856279566713171,0.05918248000125459,0.12595261600108643,0.03552631700040365,0.0,0.04999999999999716,0.08100000000000307,0.005000000000009663,29.14782900006685,0.4630829954985218
115.4,15789.178467462,FOLLOW,9.39796380233886,9.199575303810626,0.7609656666523176,0.07615064176254757,0.07568371255173674,0.14149022512508078,0.092047000544489,0.3901746077765194,0.8306020538977699,inf,green,False,unknown,0,1.8694937174013402,0.012963770999704138,0.011588360999667202,0.02905398199982301,0.0,0.014000000000010004,-0.01999999999999602,0.0010000000000047748,29.848060999938753,0.4630829954985218
115.6,15789.424769647,FOLLOW,9.413620409283938,9.206958984663139,0.7747712690474491,0.08000265572841213,0.08183128183925063,0.15609394154480571,0.09432338554497302,0.45032082091040787,0.9664283715236465,inf,green,False,unknown,0,1.9075094271581452,0.025407110999367433,0.12194957099927706,0.028179621000163024,0.0,0.012999999999991019,0.0799999999999983,-0.0030000000000001137,27.31254100035585,0.4630829954985218
115.7,15789.579106098,FOLLOW,9.421862150409932,9.210685956803202,0.7821221063335801,0.08225553991085639,0.08227472123174738,0.1573351947031903,0.09461341522336073,0.4459012378388661,0.9666151185108716,inf,green,False,unknown,0,1.9123151357756203,0.020311016998675768,0.019840769999063923,0.019257900999946287,0.0,0.015000000000000568,-0.01999999999999602,-0.0049999999999954525,0.7627180002600653,0.4630829954985218
115.9,15789.769441576,FOLLOW,9.435890252557927,9.216769972874664,0.7947617960951741,0.08274427039298737,0.08407078864629014,0.161109468606717,0.09485762133899767,0.43152288357074575,0.970927563878193,inf,green,False,unknown,0,1.9163549099622537,0.0006017420000716811,0.06872006000048714,0.036003385999720194,0.0,0.014000000000010004,0.0800000000000125,0.025000000000005684,0.4901180000160821,0.4630829954985218
116.1,15790.02559201,FOLLOW,9.449803279137106,9.222476589689462,0.8074502328650083,0.07796102846392906,0.0864538516046389,0.16081562271225774,0.09149121686958815,0.28736984651614045,0.8253579265029143,inf,green,False,unknown,0,1.8601325415515526,0.07494818800114444,0.10733530500147026,0.08138083100129734,0.0,0.06999999999999318,0.0759999999999934,0.05499999999999261,0.9298109998781001,0.4630829954985218
116.2,15790.169075787,FOLLOW,9.46519060439397,9.228432512652173,0.8216378047917937,0.11246269707041559,0.11252766301689236,0.21644323007392322,0.09528843892488825,0.1266677113983016,0.8231206493070279,inf,green,False,unknown,0,1.9234668549139895,0.014514657999825431,0.12682015400059754,0.0007030430006125243,0.0,0.012000000000000455,0.07600000000000762,-0.015000000000000568,0.4632099989976268,0.4630829954985218
116.4,15790.428532853,FOLLOW,9.482947171903636,9.234819496215398,0.8382050430715935,0.09164474920387974,0.09383029535278604,0.18071120254820439,0.09543831881006459,0.3599828177246055,0.9904085034741985,inf,green,False,unknown,0,1.9259366270644338,0.02651765200062073,0.13635044900001958,0.05957053000020096,0.0,0.012000000000000455,0.07800000000000296,0.015000000000000568,0.594102999457391,0.4630829954985218
116.6,15790.674211719,FOLLOW,9.502241557091429,9.241121814974777,0.8564400208665665,0.09691159934803752,0.08281505323521236,0.1524508035208426,0.09035265626264474,-0.19108088006067936,0.679866590951963,inf,green,False,unknown,0,1.8408586068024357,0.014996961999713676,0.12046820300020045,0.014510748000247986,0.0,0.018999999999991246,0.07799999999998875,0.01099999999999568,0.8419409987254767,0.4630829954985218
116.7,15790.769246151,FOLLOW,9.510986145029612,9.243759170593929,0.8647773222487831,0.08296824837968707,0.07087068247945806,0.14644396386839312,0.10420487637890838,0.4162299829552307,0.8034274437810226,inf,green,False,unknown,0,2.066354644049605,0.07747137399928761,0.09362528899873723,0.016403157000240753,0.0,0.08299999999999841,0.07699999999999818,0.009000000000000341,25.621587999921758,0.4630829954985218
116.9,15791.026087988,FOLLOW,9.527616255945127,9.248380287786077,0.8807517115463551,0.10577891999407975,0.10591017158797297,0.19778213870586794,0.09192561084767124,0.2773508744372187,0.9963659352348524,inf,green,False,unknown,0,1.867451782396393,0.12167410500114784,0.10473220800122363,0.015162826000960195,0.0,0.10999999999999943,0.07700000000001239,0.005000000000009663,0.5283479986246675,0.4630829954985218
117.1,15791.273354902,FOLLOW,9.549318318925783,9.253659666732368,0.9018004259204419,0.10648365764667392,0.08289363302610275,0.14501892071143713,0.08505347658112387,0.36251212692988244,0.8778805614955383,inf,green,False,unknown,0,1.749457894622274,0.027304313998683938,0.10674985399964498,0.013323692999620107,0.0,0.04999999999999716,0.07699999999999818,0.000999999999990564,0.9200770000461489,0.4630829954985218
117.2,15791.420602924,FOLLOW,9.55729952735615,9.25539425459874,0.9095908075892787,0.06863959502135047,0.07011033081217588,0.08508268983643635,0.05655038145332951,0.3866386218419998,0.7659929723191213,inf,green,False,unknown,0,1.213554248722219,0.06555187699996168,0.00500247399941145,0.036778812000193284,0.0,0.04800000000000182,-0.02400000000000091,-0.000999999999990564,0.5429339998954674,0.4630829954985218
117.4,15791.674859299,FOLLOW,9.575051570630544,9.258942129762055,0.9269842305592635,0.10821766511137038,0.0802273363078347,0.1316371541666814,0.0789496802926202,0.35126261525516816,0.8371083123552749,inf,green,False,unknown,0,1.6408017544242735,0.013336621999769704,0.1219123259998014,0.012809773999833851,0.0,0.014000000000010004,0.07000000000000739,-0.0049999999999954525,2.0668090000981465,0.4630829954985218
117.6,15791.934946565,FOLLOW,9.591702456237401,9.261823566580347,0.9433834547504759,0.06985444527651273,0.08333284878337127,0.1280654112001445,0.0732822354940127,0.3237361266390197,0.8376526833371148,inf,green,False,unknown,0,1.5367938702426724,0.0416824079984508,0.12199945799875422,0.030537652999555576,0.0,0.018999999999991246,0.06999999999999318,-0.009000000000000341,25.354806000905228,0.4630829954985218
117.7,15792.06920728,FOLLOW,9.599720675988387,9.263083554149837,0.9513020162133927,0.08349573518196511,0.07817549928954479,0.11600809968643583,0.07046123403999341,0.3214640218558643,0.7833445851114618,inf,green,False,unknown,0,1.4839444677771414,0.06859939899914025,0.10668651800006046,0.02605392499935988,0.0,0.046999999999997044,0.07099999999999795,-0.01099999999999568,24.671808001585305,0.4630829954985218
117.9,15792.271569937,FOLLOW,9.61339468063202,9.265012192527001,0.9648391006730624,0.07832691125852513,0.08017048590756486,0.10509591893015129,0.061467181511620436,0.3267515053155028,0.8092225182666398,inf,green,False,unknown,0,1.3109053505216997,0.01936521400057245,0.09794389200033038,0.01834616000087408,0.0,0.043000000000006366,0.07400000000001228,0.019000000000005457,0.915822000024491,0.4630829954985218
118.1,15792.533957047,FOLLOW,9.630901802184297,9.267094611256388,0.9822214783820352,0.09684726348139865,0.0998041818123438,0.14753505295457658,0.07015923029882035,0.1943384542118735,0.8238536547531833,inf,green,False,unknown,0,1.4782452025104367,0.024040161000812077,0.10573305300022184,0.050026643000819604,0.0,0.012999999999991019,0.06999999999999318,0.015000000000000568,23.251942999195307,0.4630829954985218
118.2,15792.672718103,FOLLOW,9.6408870517976,9.26807875549432,0.9921580311306499,0.10039256046275316,0.1027905851613886,0.13892644066663073,0.06354874926203317,0.23921173443466295,0.9125687253411826,inf,green,False,unknown,0,1.3515483003478017,0.019651827000416233,0.11485064199951012,0.044332430999929784,0.0,0.015000000000000568,0.07000000000000739,0.01300000000000523,36.87528499904147,0.4630829954985218
118.4,15792.928542164,FOLLOW,9.661757054840486,9.269686608352695,1.0129653451993268,0.10337151837930797,0.08934960739738831,0.1066210253338244,0.05553898638005463,0.2871412915484992,0.8527195086998993,inf,green,False,unknown,0,1.1933015537451699,0.01983644599931722,0.11468163499921502,0.05163112399895908,0.0,0.005000000000009663,0.06900000000000261,0.009000000000000341,30.27910399941902,0.4630829954985218
118.6,15793.183672278,FOLLOW,9.6807458086803,9.270650070953693,1.0319291212319825,0.08986442697017936,0.08629629043884955,0.08711015236162946,0.04651649115644743,0.3108056292309474,0.8519429031344867,inf,green,False,unknown,0,1.0094310186294349,0.025709030000143684,0.12807656500081066,0.03566991700063227,0.0,0.012000000000000455,0.07199999999998852,0.0049999999999954525,35.06449399901612,0.4630829954985218
118.7,15793.269040852,FOLLOW,9.690730623723304,9.270973124265756,1.0419086558569035,0.08448210526245449,0.08629629043884955,0.08711015236162946,0.04651649115644743,0.3108056292309474,0.8519429031344867,inf,green,False,unknown,0,1.0094310186294349,0.027283346998956404,0.048604499999783,0.001839436999944155,0.0,0.04099999999999682,0.07099999999999795,0.0030000000000001137,0.5383830011851387,0.4630829954985218
118.9,15793.51946559,FOLLOW,9.711014901835204,9.27129508136363,1.0621900015791461,0.10926871637463223,0.10878549017934483,0.11440235798610182,0.04856355804189466,0.21276010728037728,0.9258251199006079,inf,green,False,unknown,0,1.051632509055178,0.037274225000146544,0.047373849998621154,0.0014676669998152647,0.0,0.047000000000011255,0.07200000000000273,-0.000999999999990564,0.7084110002324451,0.4630829954985218
119.1,15793.830034294,FOLLOW,9.734069605940489,9.27116228457632,1.0852439095529929,0.093150877170149,0.09414403028409118,0.07430610969821733,0.036029958109433345,0.28337283889476933,0.8935482394477018,inf,green,False,unknown,0,0.7892811628521692,0.013394685000093887,0.024919728000895702,0.023925130000861827,0.0,-0.04800000000000182,-0.029000000000010573,-0.03900000000000148,0.7341019991145004,0.4630829954985218
119.2,15793.91990254,FOLLOW,9.740449041043586,9.271046346933462,1.0916222860512663,0.09462141086192027,0.08839710791978944,0.06776771424277443,0.03496694139612855,0.26620503336085843,0.8179249754264823,inf,green,False,unknown,0,0.7666281831784146,0.0009012640002765693,0.006413543998860405,0.01399652299915033,0.0,-0.016999999999995907,-0.027999999999991587,-0.006999999999990791,0.6371320014295634,0.4630829954985218
119.4,15794.169382457,FOLLOW,9.75878695713995,9.270544288315026,1.1099531955744277,0.08929133395936027,0.09298836089091754,0.0581021858306514,0.02836891106334484,0.28501245966308836,0.8846970251934216,inf,green,False,unknown,0,0.6248328852554967,0.027923584999371087,0.0037596639995172154,0.034041930999592296,0.0,0.018000000000000682,-0.030000000000001137,-0.01099999999999568,36.15214400088007,0.4630829954985218
119.6,15794.424054721,FOLLOW,9.777332185959695,9.269806676186615,1.1284836529480036,0.08682105188815269,0.13306247662001128,0.06885660519534038,0.023428427805634144,0.040639478080938256,0.8143413923610946,inf,green,False,unknown,0,0.5174757523262951,0.03409215399915411,0.00851229599902581,0.024118270999679225,0.0,0.009000000000000341,-0.03100000000000591,-0.015000000000000568,27.629223000985803,0.4630829954985218
119.7,15794.522945305,FOLLOW,9.78323564613651,9.26953050488566,1.134380647941226,0.08681299120861909,0.13306247662001128,0.06885660519534038,0.023428427805634144,0.040639478080938256,0.8143413923610946,inf,green,False,unknown,0,0.5174757523262951,0.024030368998865015,0.10740287999942666,0.04514177400051267,0.0,0.015000000000000568,0.06900000000000261,0.016999999999995907,1.243205000719172,0.4630829954985218
119.9,15794.832483812,FOLLOW,9.805591999431215,9.26829046696381,1.156702442565712,0.08637433578700425,0.14192547783295525,0.04596498689266651,0.014608575902033958,0.06634731887247325,0.9192578620429629,inf,green,False,unknown,0,0.32386705751850137,0.05444887300109258,0.1531837300008192,0.05997269900035462,0.0,0.019000000000005457,0.07000000000000739,0.01300000000000523,28.44563699909486,0.4630829954985218
120.1,15795.0691501,FOLLOW,9.827818063643582,9.266832693990573,1.1788805880383222,0.1420104930960262,0.09685567856044316,0.03674711875202168,0.017128691109467784,0.2765747700873839,0.9101403951901306,inf,green,False,unknown,0,0.37940076718464677,0.0006069709997973405,0.09630550300062168,0.022046258000045782,0.0,0.015000000000000568,0.06799999999999784,0.009000000000000341,27.947303000473767,0.4630829954985218
120.2,15795.220999768,FOLLOW,9.841193093543435,9.2658745327861,1.1922212437672293,0.10805859104090523,0.13663413200436805,0.06530303271114048,0.02161902866258214,0.03285445414097599,0.8214262864691221,inf,green,False,unknown,0,0.47794084650131785,0.07636996499968518,0.12321870100095111,0.013266448000649689,0.0,0.04099999999999682,0.07000000000000739,0.007000000000005002,0.6895770002302015,0.4630829954985218
120.4,15795.524667151,FOLLOW,9.876828190533528,9.262967965969144,1.227737221384497,0.13728424375672074,0.13393878056274458,0.028277863652358126,0.009510185439062402,-0.035619198955319314,0.8103653374693761,inf,green,False,unknown,0,0.21112528823652504,0.0088060170000972,0.05155928499880247,0.012411767998855794,0.0,-0.04999999999999716,-0.030000000000001137,-0.06499999999999773,0.6149159999040421,0.4630829954985218
120.6,15795.719762992,FOLLOW,9.895235773455711,9.261276189025141,1.2460668805166772,0.13945349677606744,0.11296055353008484,0.03101368268255905,0.012375920244720123,0.05488638260625546,0.7136696885069523,inf,green,False,unknown,0,0.2745532109516369,0.08378086099946813,0.11337273699973593,0.01591652099887142,0.0,0.04899999999999238,0.07099999999999795,-0.0010000000000047748,1.1058860000048298,0.4630829954985218
120.7,15795.81935805,FOLLOW,9.9076952811878,9.260063305009995,1.258467204312528,0.1130661282723139,0.10077881838070353,0.030575368266287813,0.01368097957266394,-0.15945650350911764,0.7830745188756777,inf,green,False,unknown,0,0.3033908191976002,0.08898792999934813,0.0980069729994284,0.018182623000029707,0.0,0.07900000000000773,0.07000000000000739,-0.0030000000000001137,29.15314400161151,0.4630829954985218
120.9,15796.079187839,FOLLOW,9.931334034330115,9.257631999944984,1.2819805403034734,0.1410353275702316,0.14336255424933664,0.030366106910460183,0.009541243264735011,-0.03419167370966505,0.8645392691223908,inf,green,False,unknown,0,0.21181337811299977,0.024052378999840585,0.09889131199997792,0.01076657599878672,0.0,0.04400000000001114,0.06800000000001205,-0.006999999999990791,0.4670830003306037,0.4630829954985218
121.1,15796.318950112,FOLLOW,9.959030370704799,9.254610469527616,1.3095115155306984,0.12121454919006183,0.1288364535003996,0.022069012579292367,0.007713360988816077,-0.06786323837504478,0.837192227159067,inf,green,False,unknown,0,0.17129478481976312,0.00039106599979277235,0.09581446700030938,0.004435169999851496,0.0,0.006999999999990791,0.0689999999999884,-0.01100000000000989,0.4903820008621551,0.4630829954985218
121.2,15796.481128649,FOLLOW,9.97207950310554,9.253122601954098,1.322475544748106,0.12888920303670842,0.09586579968429142,0.025578566995311372,0.012026031957154043,-0.2140846414891863,0.817634933752809,inf,green,False,unknown,0,0.2668163941629611,0.025847082999462145,0.13599029500073812,0.025300754999989294,0.0,0.019000000000005457,0.06799999999999784,-0.012999999999991019,0.8865069994499208,0.4630829954985218
121.4,15796.719583415,FOLLOW,9.989330921736693,9.251110900330566,1.33960926185365,0.09393989207429762,0.11020118710674032,0.014918669529903601,0.006094464177495519,-0.1477751917917391,0.8384093944871113,inf,green,False,unknown,0,0.13537666808846127,0.08094502800122427,0.09805183000025863,0.020212733001244487,0.0,0.08200000000000784,0.06700000000000728,0.017000000000010118,0.5477779995999299,0.4630829954985218
121.6,15796.974895606,FOLLOW,10.011139546112629,9.248500469233447,1.361261083693052,0.10917976786538099,0.10170318499254345,0.005252192624161449,0.0023240457233060924,-0.15391310607606212,0.782426765236779,inf,green,False,unknown,0,0.05164236129425566,0.1257317649997276,0.10256160099925182,0.03557262999856903,0.0,0.11599999999999966,0.06799999999999784,0.012999999999991019,25.15569100069115,0.4630829954985218
121.7,15797.069409505,FOLLOW,10.02203240819812,9.247175717805813,1.3720730894451638,0.1016805117577826,0.10170318499254345,0.005252192624161449,0.0023240457233060924,-0.15391310607606212,0.782426765236779,inf,green,False,unknown,0,0.05164236129425566,0.2202456640006858,0.06862015000115207,0.007141497000702657,0.0,0.21600000000000819,0.06900000000000261,0.01100000000000989,0.6389350000972627,0.4630829954985218
121.9,15797.319293655,FOLLOW,10.042295759386754,9.244682892467475,1.3921825157935177,0.09811884962080504,0.08297528346136723,0.008478527229674912,0.004599241878648325,-0.2820351402470369,0.7860008207307116,inf,green,False,unknown,0,0.10218135902629921,0.029712788000324508,0.0963518339995062,0.018048768000880955,0.0,0.05100000000000193,0.06700000000000728,0.007000000000005002,0.6042940003680997,0.4630829954985218
122.1,15797.575834578,FOLLOW,10.059680843187952,9.242506512762954,1.4094308332663228,0.08342246398880743,0.07827338898528514,0.011440432063532463,0.00658036072607876,-0.4252210483000883,0.8971228904505222,inf,green,False,unknown,0,0.14615991733388706,0.02410056199914834,0.10511708599915437,0.025285501998951077,0.0,0.04399999999999693,0.06699999999999307,0.0030000000000001137,0.5544750001718057,0.4630829954985218
122.2,15797.728264648,FOLLOW,10.067849488884717,9.241475422692654,1.4175341424811603,0.07831339738888872,0.12241837605512484,-0.02886269785216005,-0.010622996275861503,0.09337411347466665,0.8388619133222998,inf,green,False,unknown,0,-0.2357709584316264,0.06834097200044198,0.1388139400005457,0.0290881780001655,0.0,0.04399999999999693,0.06900000000000261,0.0010000000000047748,0.8059270003286656,0.4630829954985218
122.4,15797.977706504,FOLLOW,10.087164107246442,9.23902922457689,1.4366932242241583,0.0810854354623884,0.0813919264384806,0.0014290814708471462,0.0007901166009782468,-0.3563737645693987,0.8550377473031826,inf,green,False,unknown,0,0.017558024897313437,0.08365218600010849,0.12362772099913855,0.021836087998963194,0.0,0.04800000000000182,0.06900000000000261,-0.0030000000000001137,0.6297420004557353,0.4630829954985218
122.6,15798.220420013,FOLLOW,10.102649758272507,9.237073152804005,1.4520548376268718,0.047401412198344026,0.0918433189318063,-0.002953756574461222,-0.0014472706436857094,-0.1921973373044137,0.7554079016752188,inf,green,False,unknown,0,-0.03216082137291214,0.025745229000676773,0.1172249949995603,0.041205905999959214,0.0,0.009000000000000341,0.06699999999999307,-0.007000000000005002,18.911331000708742,0.4630829954985218
122.7,15798.329736123,FOLLOW,10.10859163029148,9.236318276298244,1.4579485633063494,0.08127036726112401,0.09143982778023071,-0.0044686327971484386,-0.0021992526396739445,-0.19409171503973918,0.7544950570679951,inf,green,False,unknown,0,-0.0488696545654973,0.03890202299953671,0.08925615400039533,0.01379896800062852,0.0,0.016999999999995907,0.06799999999999784,-0.009000000000000341,17.588868000530056,0.4630829954985218
122.9,15798.577692849,FOLLOW,10.124985900456759,9.234236299179777,1.4742100945896706,0.11739200693139526,0.09075413018061121,-0.016013556573270814,-0.00794581536035651,-0.21214718255696194,0.7715956263259569,inf,green,False,unknown,0,-0.17644989314978818,0.011590217998673324,0.086858384000152,0.04054481799903442,0.0,0.018000000000000682,0.06700000000000728,0.021000000000000796,16.88508500046737,0.4630829954985218
123.1,15798.819085956,FOLLOW,10.146799624114145,9.231674097388664,1.4958726797116022,0.1148689726732213,0.11766445170597242,-0.10589800653537507,-0.046475907946825025,0.005770937782036193,0.663122429338077,inf,green,False,unknown,0,-0.899999999999999,0.11069506999956502,0.06081293299939716,0.008318673000758281,0.0,0.10999999999999943,0.06599999999998829,0.016999999999995907,4.434783000760945,0.4630829954985218
123.2,15798.977158214,FOLLOW,10.162760550683485,9.230002337838274,1.5117456895961123,0.11683287925272741,0.1141254217813078,-0.11243896056254689,-0.04534805180822902,0.02123896075370623,0.6676954731491179,0.65,green,False,unknown,0,-0.985222738348406,0.036724146000779,0.12528143400049885,0.01383210899984988,0.0,0.019000000000005457,0.06700000000000728,-0.018999999999991246,25.533083000482293,0.4630829954985218
123.4,15799.219431431,FOLLOW,10.187695130417527,9.227812907300741,1.536583629012682,0.13563678909187452,0.14396134824478257,-0.10523009233921389,-0.03329847325279095,0.02233204050078257,0.8444373605203163,inf,green,False,uneven,0,-0.7309607309337465,0.019815788000414614,0.0010040039996965788,0.011469459999716491,0.0,0.01300000000000523,-0.03300000000000125,-0.022999999999996135,20.182309999654535,0.4630829954985218
123.6,15799.470092944,FOLLOW,10.210820847386836,9.226104368350239,1.5596459200477815,0.11131168429966891,0.1,-0.022810838116037672,-0.010276923002251954,-0.07311686365805974,0.9988235200531098,inf,green,False,uneven,0,-0.22810838116037674,0.0894413940004597,0.12768934199993964,0.026874917000895948,0.0,0.05099999999998772,0.06599999999998829,0.006999999999990791,1.1796959988714661,0.4630829954985218
123.7,15799.576579539,FOLLOW,10.221028378374026,9.225463153842203,1.5698332861487596,0.09999042740388135,0.1,-0.022810838116037672,-0.010276923002251954,-0.07311686365805974,0.9988235200531098,inf,green,False,uneven,0,-0.22810838116037674,0.19592798899975605,0.10425790800036339,0.030814183999609668,0.0,0.15099999999999625,0.06499999999999773,0.005000000000009663,0.9305959993071156,0.4630829954985218
123.9,15799.823829018,FOLLOW,10.241425122450567,9.224262457376707,1.5901946325536134,0.09997571261638627,0.1,-0.023610282462992835,-0.010637986604072464,-0.05286364187578231,0.9514909702330692,inf,green,False,uneven,0,-0.23610282462992832,0.0560203189997992,0.10031530900050711,0.014200069999787956,0.0,0.049000000000006594,0.0660000000000025,0.0010000000000047748,0.7919220006442629,0.4630829954985218
124.1,15800.070582714,FOLLOW,10.261822762787473,9.223172269206442,1.6105631003951835,0.09998911806874766,0.1,-0.015047713546724765,-0.006774924516355389,-0.06979159299217978,0.9813058578242373,inf,green,False,uneven,0,-0.15047713546724764,0.009949353998308652,0.091618563999873,0.013328381999599515,0.0,0.013999999999995794,0.06499999999999773,-0.0030000000000001137,21.066666000479017,0.4630829954985218
124.2,15800.221304357,FOLLOW,10.272022286799865,9.222660993853687,1.6207498007998904,0.10000046946855351,0.1,-0.016121678906674913,-0.007259003016195909,-0.06411522347675179,0.9822846616212426,inf,green,False,uneven,0,-0.1612167890667491,0.015569537999908789,0.12241891899975599,0.015115631998924073,0.0,0.016999999999995907,0.06799999999999784,-0.0049999999999954525,1.3944900001661154,0.4630829954985218
124.4,15800.469815024,FOLLOW,10.292422083052076,9.221686263012556,1.6411262883421016,0.09999797615643094,0.1,-0.01136186360814332,-0.0051143245461140845,-0.07820091052446548,0.9193841751357772,inf,green,False,uneven,0,-0.11361863608143319,0.0019442470002104528,0.004967745000612922,0.02097874699938984,0.0,-0.013999999999995794,-0.03300000000000125,-0.009000000000000341,0.5919279992667725,0.4630829954985218
124.6,15800.721535606,FOLLOW,10.31282275882872,9.220770324143572,1.6615063877229335,0.10000486051598102,0.1,-0.012244234068683977,-0.005511765202859283,-0.0765933775096875,0.9187915042343623,inf,green,False,uneven,0,-0.12244234068683975,0.1062111540013575,0.12325417300053232,0.020986888999686926,0.0,0.08099999999998886,0.06799999999999784,-0.01300000000000523,23.56350099944393,0.4630829954985218
124.7,15800.822838287,FOLLOW,10.319623085171125,9.220475091998793,1.6683003022641965,0.10000474023915122,0.1,-0.012457644707320314,-0.005607898991429074,-0.07612266820472825,0.919982568814288,inf,green,False,uneven,0,-0.12457644707320312,0.056333951999476994,0.07714444900011586,0.04496616300093592,0.0,0.04800000000000182,0.06400000000000716,0.019000000000005457,19.565829999919515,0.4630829954985218
124.9,15801.069408132,FOLLOW,10.340023707010292,9.219621534141622,1.68868305502323,0.1000021913768993,0.1,-0.013957351038507844,-0.00628356336955118,-0.07321156093615323,0.9174281809620374,inf,green,False,uneven,0,-0.13957351038507843,0.010251976000290597,0.09122144100001606,0.04210036499898706,0.0,0.014000000000010004,0.06100000000000705,0.015000000000000568,19.098392000159947,0.4630829954985218
125.1,15801.327063728,FOLLOW,10.360423935015953,9.218819827934547,1.7090675178969268,0.10000045396398156,0.1,-0.014123123490556234,-0.006358260381865389,-0.07159350328851621,0.9188289805162023,inf,green,False,uneven,0,-0.14123123490556233,0.01837693100060278,0.11361928999940574,0.05331333799949789,0.0,0.007999999999995566,0.06299999999998818,0.01099999999999568,20.531812999251997,0.4630829954985218
125.2,15801.469650615,FOLLOW,10.374023961663124,9.21831620996302,1.7226582148977698,0.09999988688353806,0.1,-0.014409561411589179,-0.006487334804125661,-0.07038629489222105,0.9159287363604971,inf,green,False,uneven,0,-0.14409561411589178,0.012261320998732117,0.12021881199871132,0.015410017998874537,0.0,-0.015999999999991132,0.06300000000000239,-0.024999999999991473,16.513083000972983,0.4630829954985218
125.4,15801.727561026,FOLLOW,10.391023844467908,9.217722465311077,1.7396477219612936,0.09999871142149573,0.1,-0.015274127511277885,-0.006876969154088287,-0.06657920173911053,0.91598534251241,inf,green,False,uneven,0,-0.15274127511277885,0.01904999799990037,0.13465491900024062,0.018561259001216968,0.0,0.012000000000000455,0.06400000000000716,0.005000000000009663,0.6522200001199963,0.4630829954985218
125.6,15801.971775204,FOLLOW,10.41142356198503,9.217065021383753,1.7600368353268228,0.0999993125767053,0.1,-0.015174438736673184,-0.006832038899338415,-0.06325151066284754,0.9145107205171712,inf,green,False,uneven,0,-0.15174438736673185,0.017982719999054098,0.10436305099938181,0.02069354699960968,0.0,0.015000000000000568,0.06299999999998818,0.000999999999990564,0.6364100008795504,0.4630829954985218
125.7,15802.070276807,FOLLOW,10.418223496607354,9.21685911808432,1.7668336516360041,0.09999848266762759,0.1,-0.013834494870857899,-0.006228205930149441,-0.07435080807488367,0.9198905453963091,inf,green,False,uneven,0,-0.138344948708579,0.11648432299989508,0.07764320200112707,0.04506117200071458,0.0,0.1150000000000091,0.060000000000002274,0.03300000000000125,19.191942999896128,0.4630829954985218
125.9,15802.376114346,FOLLOW,10.442024446537154,9.216185772725717,1.7906250686594167,0.10001173225392446,0.1,-0.006045974495779439,-0.002720912325846904,-0.13266986537956366,0.8852155771691168,inf,green,False,uneven,0,-0.06045974495779439,0.024591932999101118,0.013042810000115423,0.033812952999142,0.0,-0.018000000000000682,-0.0379999999999967,-0.0049999999999954525,0.8278149998659501,0.4630829954985218
126.1,15802.577423051,FOLLOW,10.459026374443223,9.215729022068667,1.8076208596092165,0.10001121046953511,0.1,-0.006553704832652703,-0.0029494522368836845,-0.13350152871984317,0.8876356187294255,inf,green,False,uneven,0,-0.06553704832652703,0.02313998099998571,0.09325712999998359,0.0567576649991679,0.0,0.018000000000000682,0.06099999999999284,0.024999999999991473,16.761229000621825,0.4630829954985218
126.2,15802.719570536,FOLLOW,10.472627859035482,9.215375573849489,1.8212177507243292,0.10001048000011117,0.1,-0.0073783002773265055,-0.00332064191494022,-0.132097612861826,0.8865033325717075,inf,green,False,uneven,0,-0.07378300277326505,0.07196327100064082,0.09449671200127341,0.019419600001128856,0.0,0.05100000000000193,0.0589999999999975,-0.01099999999999568,18.89539299918397,0.4630829954985218
126.4,15802.973951019,FOLLOW,10.493030253143516,9.214866582956017,1.841613793719552,0.10001726622838673,0.1,-0.0017451874884825901,-0.0007853397516134758,-0.2132546339167313,0.8985567084542143,inf,green,False,uneven,0,-0.017451874884825903,0.022811563998402562,0.013384967998717912,0.021347074000004795,0.0,0.006000000000000227,-0.0379999999999967,-0.015000000000000568,0.46780600132478867,0.4630829954985218
126.6,15803.219072474,FOLLOW,10.51683414024673,9.214286050497671,1.8654106005489957,0.10001541929451194,0.1,-0.0032472663854052736,-0.0014613045446737194,-0.21458515012519963,0.9008393918334492,inf,green,False,uneven,0,-0.03247266385405273,0.000460153998574242,0.007654821998585248,0.001437263999832794,0.0,-0.025000000000005684,-0.03900000000000148,-0.05300000000001148,22.455079000792466,0.4630829954985218
126.7,15803.319624041,FOLLOW,10.523635163077154,9.214122329335744,1.8722096524558796,0.10001435927964898,0.0957304500270798,-0.006515485652623679,-0.003063052763047941,-0.24850240978085042,0.8622420490550907,inf,green,False,uneven,0,-0.06806074400340338,0.025199814999723458,0.1082063889989513,0.004358498999863514,0.0,0.012000000000000455,0.06100000000000705,-0.021000000000000796,18.857668999771704,0.4630829954985218
126.9,15803.572716882,FOLLOW,10.540056999321513,9.213735500233435,1.888626931374728,0.09559067422098823,0.09618275472574489,-0.007327623737208473,-0.00342874501731974,-0.24608550354068623,0.8630872710960167,inf,green,False,uneven,0,-0.07618438209741892,0.04768077999870002,0.1265438720001839,0.053625392998583266,0.0,0.019000000000005457,0.06100000000000705,0.009000000000000341,22.442669000156457,0.4630829954985218
127.1,15803.820792805,FOLLOW,10.562978966864893,9.213226968794519,1.9115432538813417,0.09754679101455369,0.07325854523121589,-0.004740833236351026,-0.002912392006975309,-0.360555876186088,0.7738502368950771,inf,green,False,uneven,0,-0.06471372344875516,0.0224351229990134,0.11844405199917674,0.014210858998922049,0.0,-0.019000000000005457,0.05999999999998806,-0.029000000000010573,14.798959000472678,0.4630829954985218
127.2,15803.929636332,FOLLOW,10.56889371356509,9.213107231576242,1.9174567872422832,0.07559329695888092,0.07342140299713336,-0.004760415400859413,-0.0029179360542921917,-0.3594979696091014,0.7744917569746442,inf,green,False,uneven,0,-0.06483688960622663,0.06656906900025206,0.09330798700102605,0.03068053600145504,0.0,0.04999999999999716,0.060000000000002274,0.0030000000000001137,15.238694999425206,0.4630829954985218
127.4,15804.173825513,FOLLOW,10.583874411549797,9.21283950705539,1.9324350922211748,0.0734327191510444,0.08429761068949525,-0.0613256433522047,-0.03313643678661868,-0.08966619688886995,0.5733012560158846,inf,green,False,uneven,0,-0.7274896981136715,0.005721405999793205,0.10491257899957418,0.04071572400061996,0.0,-0.015000000000000568,0.05700000000000216,-0.000999999999990564,16.76624999890919,0.4630829954985218
127.6,15804.420171788,FOLLOW,10.60110669956055,9.212645966550042,1.9496661861993074,0.08678857261857581,0.08838773986506585,-0.061645017180815595,-0.031735954653920116,-0.07031851262213207,0.5773665326023569,inf,green,False,uneven,0,-0.6974385505831904,0.0973717350007064,0.11985245200048666,0.041573254000468296,0.0,0.04399999999999693,0.0589999999999975,-0.005000000000009663,19.08832499975688,0.4630829954985218
127.7,15804.522201155,FOLLOW,10.610009199801258,9.212628896176566,1.958568657119062,0.08832031785829275,0.0932280637261978,-0.0628221283044879,-0.03063974710310281,-0.049415883780166966,0.5819190646197626,inf,green,False,uneven,0,-0.6738542644089518,0.013130850000379723,0.08179077499880805,0.017278290999456658,0.0,0.01300000000000523,0.0589999999999975,-0.006999999999990791,16.30305300022883,0.4630829954985218
127.9,15804.776443833,FOLLOW,10.625706852698048,9.212730502285506,1.9742659125652517,0.09412074399601594,0.06889780987781043,-0.041112279256098366,-0.02707076834022905,-0.06136311852018633,0.44148483922829884,inf,green,False,uneven,0,-0.5967138771030688,0.052529192998918006,0.09269117300027574,0.07026470299933862,0.0,0.019000000000005457,0.058000000000006935,0.023000000000010346,16.842569000800722,0.4630829954985218
128.1,15805.021479772,FOLLOW,10.641158206000613,9.212982282850641,1.9897151694728636,0.0688804207355575,0.07287474702011042,-0.023026162305314592,-0.026044501967358892,-0.04071555608377916,0.4460699257976763,inf,green,False,uneven,0,-0.31596901871865607,0.03739908699935768,0.07449962499958929,0.045200106000265805,0.0,0.019000000000005457,0.05699999999998795,0.019000000000005457,0.7848990007914836,0.4630829954985218
128.3,15805.330174606,FOLLOW,10.658840231706238,9.213380948019386,2.007392678996399,0.0798180481392594,0.08104484964851691,-0.027782868085690547,-0.01915598445985503,-0.10469825014804687,0.5680999139044172,inf,green,False,uneven,0,-0.3428085585472977,0.0505021900007705,0.014619265000874293,0.02958645500075363,0.0,0.010000000000019327,-0.04099999999999682,-0.018999999999977035,17.38346999991336,0.4630829954985218
128.5,15805.530389674,FOLLOW,10.672530595203165,9.213760803056113,2.0210777594965283,0.08102287245502686,0.053461543798867375,-0.023132303671664026,-0.016929531591209385,-0.18005324506710824,0.43070197176153274,inf,green,False,uneven,0,-0.43269052907810157,0.02066140300121333,0.09126672900129051,0.020123330999922473,0.0,0.02600000000001046,0.05299999999999727,0.01099999999999568,0.5825999996886821,0.4630829954985218
128.7,15805.770860096,FOLLOW,10.68398814581054,9.2141321878351,2.0325292783102995,0.05356324535751788,0.05519252549728862,-0.02172625745742294,-0.015680747853777453,-0.1618612608758732,0.4307019717615328,inf,green,False,uneven,0,-0.39364492314254146,0.060034850999727496,0.09883498700037308,0.020812263999687275,0.0,0.027999999999991587,0.055999999999983174,0.0069999999999765805,1.4059290006116498,0.4630829954985218
128.8,15805.919582994,FOLLOW,10.691435388070001,9.214403009448832,2.0399715921587127,0.05517845399585517,0.05603002787584166,-0.02121330892299052,-0.015298860991448344,-0.1542143727739102,0.4312867604960318,inf,green,False,uneven,0,-0.37860607476401087,0.02126053900065017,0.12392645399995672,0.015331299000536092,0.0,-0.0069999999999765805,0.056000000000011596,-0.028999999999996362,0.46636899969598744,0.4630829954985218
129.0,15806.122273142,FOLLOW,10.70105367621016,9.214784078815844,2.049582323597309,0.05897023871960677,0.058981854822319185,-0.019690867472669214,-0.014921323855731618,-0.12647796257441082,0.4312867604960318,inf,green,False,uneven,0,-0.333846189340557,0.00499250199936796,0.07551606200104288,0.015268188999471022,0.0,-0.0049999999999954525,0.0589999999999975,0.0010000000000047748,0.48393799988843966,0.4630829954985218
129.2,15806.370296914,FOLLOW,10.71313558469367,9.215307550941102,2.0616528789388346,0.05948642615405164,0.1,-0.0007445610951110499,-0.010598977473573017,0.06554004444210941,0.8816444772123871,inf,green,False,uneven,0,-0.007445610951110499,0.025379024000358186,0.09029557400026533,0.015008117999968817,0.0,0.018000000000000682,0.05699999999998795,-0.0030000000000143245,0.4537780005193781,0.4630829954985218
129.3,15806.524294947,FOLLOW,10.726246790624808,9.215909390138139,2.074750264356609,0.1000097471194855,0.1,-0.0002581713015572557,-0.010661441587793453,0.06922284066531632,0.8936344220481125,inf,green,False,uneven,0,-0.0025817130155725565,0.05665066499932436,0.11827149499913503,0.013510049999240437,0.0,0.020000000000010232,0.05500000000000682,-0.03899999999998727,0.9133830008067889,0.4630829954985218
129.5,15806.783258588,FOLLOW,10.743248484372325,9.216692761411199,2.0917339011780003,0.10001012313887335,0.1,0.003489134765815392,-0.0069415440880482085,0.06971690017386675,0.7924886281479524,inf,green,False,uneven,0,0.03489134765815392,0.1115735820003465,0.14338083999973605,0.04192129900002328,0.0,0.05500000000000682,0.056000000000011596,-0.00899999999998613,0.6220409995876253,0.4630829954985218
129.7,15807.021902375,FOLLOW,10.763364919992082,9.217615801250378,2.1118291486255796,0.09125963335697193,0.08998096657121152,0.00041002678059097865,-0.010812441051348518,0.07501775253321426,0.5936466182142108,inf,green,False,uneven,0,0.004556816804879294,0.01729755399901478,0.1265819250002096,0.034861775000536,0.0,-0.018000000000000682,0.055999999999983174,-0.01300000000000523,20.413938000274356,0.4630829954985218
129.8,15807.12522605,FOLLOW,10.772631883609444,9.218039210030174,2.121086434388094,0.08999097446762847,0.08876314064069982,-0.0006794629740139803,-0.012556185668521607,0.07838000496715969,0.5897571063972038,inf,green,False,uneven,0,-0.007654787438902673,0.04272812300041551,0.0826095800002804,0.017377250000208733,0.0,0.02800000000002001,0.054000000000002046,-0.014999999999986358,14.296674999059178,0.4630829954985218
130.0,15807.369383427,FOLLOW,10.790700525302059,9.218866178316913,2.139136141715619,0.08620635804845042,0.08620174844626993,-0.0037022621668063144,-0.017646287259401833,0.08841763368054624,0.5847563054896232,inf,green,False,uneven,0,-0.0429488059527465,0.12754271599987987,0.10367132099963783,0.010942078999505611,0.0,0.09600000000000364,0.0519999999999925,-0.019000000000005457,0.74881200089294,0.4630829954985218
130.2,15807.632851435,FOLLOW,10.808100384462183,9.219673330489867,2.1565172689620584,0.08482375007109712,0.08193700711431674,-0.0053208056854875145,-0.021541058108931643,0.09943568141279563,0.5683647914036648,inf,green,False,uneven,0,-0.06493775978495335,0.14339858099992853,0.10575341900039348,0.03128164800000377,0.0,0.08399999999997476,0.04999999999998295,-0.023000000000024556,0.4919259990856517,0.4630829954985218
130.3,15807.720869135,FOLLOW,10.813676002945922,9.219935583955602,2.1620867163596005,0.0819392858551466,0.08193700711431674,-0.0053208056854875145,-0.021541058108931643,0.09943568141279563,0.5683647914036648,inf,green,False,uneven,0,-0.06493775978495335,0.2314162809998379,0.08664538300035929,0.039246513000762207,0.0,0.1839999999999975,0.049000000000006594,0.009000000000014552,3.54023899853928,0.4630829954985218
130.5,15807.969347801,FOLLOW,10.831578780932393,9.220787859059486,2.1799691954488507,0.11814256808734375,0.1,0.03809892362195014,0.038362380765936,0.0033365724053387277,0.8415535464904925,inf,green,False,uneven,0,0.38098923621950137,0.02836578099959297,0.09443094000016572,0.033558297998752096,0.0,0.020000000000010232,0.04800000000000182,0.0049999999999954525,19.6350349997374,0.4630829954985218
130.7,15808.219397935,FOLLOW,10.852014497319121,9.221662612070432,2.200386141655388,0.10004034200551958,0.1,0.020355815376187573,0.015978043970868043,0.031160813427639975,0.9749125054303612,inf,green,False,uneven,0,0.20355815376187575,0.026720877998741344,0.07938807999926212,0.01985589399919263,0.0,0.030000000000001137,0.044999999999987494,0.0009999999999763531,0.5441720004455419,0.4630829954985218
130.8,15808.319365411,FOLLOW,10.862218507536715,9.222059456681453,2.210582430555468,0.10003934955707988,0.1,0.01598694623075943,0.010680447371746685,0.036832228031658004,0.8134041288869764,inf,green,False,uneven,0,0.1598694623075943,0.001105781999285682,0.05446389300050214,0.004965447000358836,0.0,0.019000000000005457,0.04800000000000182,-0.0009999999999763531,18.775213000481017,0.4630829954985218
131.0,15808.628115285,FOLLOW,10.88262562844698,9.222797487112423,2.230976192984247,0.1000324496354667,0.1,0.014128935950072611,0.008482435050460486,0.03889769855205501,0.7978629860850729,inf,green,False,uneven,0,0.14128935950072613,0.09583202199974039,0.13243439800135093,0.0226660999996966,0.0,0.028999999999996362,0.04800000000000182,-0.0049999999999954525,0.6322399985947413,0.4630829954985218
131.2,15808.870891248,FOLLOW,10.903032120981669,9.223474798083222,2.251371435647179,0.10003163311487566,0.1,0.0135506296425246,0.00781357235423772,0.03944098719654319,0.8054755742376838,inf,green,False,uneven,0,0.13550629642524598,0.09288391399968532,0.09741950100033137,0.021125098999618785,0.0,0.05099999999998772,0.04800000000000182,-0.009000000000014552,0.5941920007899171,0.4630829954985218
131.3,15808.971050592,FOLLOW,10.909834260464216,9.223687986540165,2.2581702333226525,0.10003110004755353,0.1,0.010836313133036169,0.0037332227124785584,0.04826298820178218,0.7846805699211887,inf,green,False,uneven,0,0.10836313133036168,0.056241464999402524,0.07767740199960826,0.03296027099895582,0.0,0.049000000000006594,0.049000000000006594,0.023000000000024556,19.338658001288422,0.4630829954985218
131.5,15809.225835571,FOLLOW,10.933641432057604,9.224388981622964,2.2819670745639367,0.1000337579135792,0.1,0.0124527298100644,0.006151568353561751,0.043084882562338604,0.9851868294415023,inf,green,False,uneven,0,0.124527298100644,0.022169661000589258,0.08905617100026575,0.015226121000523563,0.0,0.002999999999985903,0.046999999999997044,-0.014999999999986358,0.40614899990032427,0.4630829954985218
131.7,15809.471668337,FOLLOW,10.95404743060335,9.2249334824004,2.302365802467048,0.10002803020804066,0.1,0.01050377158684479,0.0028529642188661036,0.05187376295882813,0.9772586536496303,inf,green,False,uneven,0,0.1050377158684479,0.02058583500001987,0.08888195500003349,0.020042312000441598,0.0,0.0009999999999763531,0.046999999999997044,-0.019000000000005457,0.5159039992577164,0.4630829954985218
131.8,15809.569569182,FOLLOW,10.960849311964248,9.225104533171649,2.309165532622257,0.10002696308897925,0.1,0.009557049115824981,0.0014834857721585416,0.054595723991429444,0.9742855877276784,inf,green,False,uneven,0,0.0955704911582498,0.08721518300080788,0.06607355599953735,0.019896585999958916,0.0,0.07600000000002183,0.047000000000025466,0.01300000000000523,21.6998270007025,0.4630829954985218
132.0,15809.826286091,FOLLOW,10.98125458136233,9.225590402891704,2.329565013741426,0.10002444270663274,0.1,0.00766672293400031,-0.0018902868848877687,0.06427902497182215,0.9636451412701659,inf,green,False,uneven,0,0.0766672293400031,0.024754628999289707,0.10456105899902468,0.024243379000836285,0.0,0.008000000000009777,0.04800000000000182,0.00899999999998613,0.5833760005771182,0.4630829954985218
132.2,15810.071255228,FOLLOW,11.0016594623142,9.226041881729179,2.3499648973846257,0.10002633362275097,0.1,0.009662584779890598,0.001354363703270453,0.05616508082585821,0.8968569970967188,inf,green,False,uneven,0,0.09662584779890597,0.03130052800042904,0.09063981500003138,0.041659579999759444,0.0,0.018000000000000682,0.046999999999997044,0.0049999999999954525,20.00485799908347,0.4630829954985218
132.3,15810.180345472,FOLLOW,11.011862167407088,9.22625430202001,2.360165390588404,0.10002647708827667,0.1,0.013205267654021193,0.012495141223641097,0.005913373834170927,0.9544501807324143,inf,green,False,uneven,0,0.1320526765402119,0.03760450699883222,0.07599096099875169,0.01449322499865957,0.0,0.014000000000010004,0.04600000000002069,0.0030000000000143245,15.89449200037052,0.4630829954985218
132.5,15810.426558307,FOLLOW,11.032268362120876,9.22664487735124,2.380567841733131,0.1000305617253498,0.1,0.012125075582203522,0.010132615849059938,0.014353507605713757,0.9992647000331937,inf,green,False,uneven,0,0.1212507558220352,0.11442155099939555,0.07563368499904755,0.023825007998311776,0.0,0.08400000000000318,0.044999999999987494,-0.0010000000000047748,0.5109580015414394,0.4630829954985218
132.7,15810.672120425,FOLLOW,11.052674542936217,9.226985541830329,2.40097117437053,0.10003027381752316,0.1,0.010673837070416905,0.008651168229699562,0.014414550626998701,0.9992156800354065,inf,green,False,uneven,0,0.10673837070416906,0.022564605000297888,0.09756461400138505,0.014317586999823106,0.0,0.014999999999986358,0.04599999999999227,-0.005000000000023874,20.428117999472306,0.4630829954985218
132.8,15810.779431012,FOLLOW,11.059476608937743,9.227088714357889,2.4077724577530484,0.10003048732040308,0.1,0.01199484758878143,0.018125016086869145,-0.03978815084702215,0.8648166278716521,inf,green,False,uneven,0,0.11994847588781428,0.0851060460008739,0.0761382920009055,0.045160175001001335,0.0,0.07699999999999818,0.04600000000002069,0.027000000000015234,17.799204999391804,0.4630829954985218
133.0,15811.070999607,FOLLOW,11.0832839171897,9.227409566669975,2.4315775967662305,0.10002896944919039,0.1,0.004282516878002589,0.010848413686147527,-0.04338584189649927,0.8785009138885748,inf,green,False,uneven,0,0.042825168780025895,0.021903392000240274,0.11207526799989864,0.02918544100066356,0.0,-0.006000000000000227,0.04599999999999227,-0.01099999999999568,20.338943000751897,0.4630829954985218
133.2,15811.271040925,FOLLOW,11.10028816584997,9.227605442418517,2.448580716481974,0.10002147670344072,0.1,0.003733657434579441,0.01072736200317186,-0.04627871317884628,0.8830134218831753,inf,green,False,uneven,0,0.037336574345794404,0.004126395999264787,0.06882178599880717,0.024029673999393708,0.0,0.009999999999990905,0.044999999999987494,0.018999999999977035,0.4113869999855524,0.4630829954985218
133.3,15811.425459115,FOLLOW,11.113891018625884,9.22775292128122,2.4621827696411667,0.10002069519579182,0.1,0.004682241304823469,0.007405541071912654,-0.017759769028871053,0.8459188296177333,inf,green,False,uneven,0,0.04682241304823469,0.03139339100016514,0.10066655300033744,0.01368451400048798,0.0,0.02400000000000091,0.04400000000001114,-0.016999999999995907,0.34506900010455865,0.4630829954985218
133.5,15811.619324421,FOLLOW,11.130894705688227,9.227926782373455,2.479185567450004,0.10002141980607725,0.1,0.003942760424400986,0.007389652514670528,-0.02264475103173415,0.8488875782965357,inf,green,False,uneven,0,0.03942760424400985,0.04160183100066206,0.0481510839999828,0.005893002000448178,0.0,0.05500000000000682,0.043000000000006366,0.01300000000000523,23.03050799855555,0.4630829954985218
133.7,15811.877790569,FOLLOW,11.151298964735581,9.228119943377102,2.4995889116846377,0.10002070481712427,0.1,-0.004802329956288936,0.009349815521972633,-0.09446957806104621,0.8394725105505236,inf,green,False,uneven,0,-0.04802329956288935,0.038024086999939755,0.060327327000777586,0.03039951600112545,0.0,0.018000000000000682,0.042999999999977945,0.00899999999998613,24.787124999420485,0.4630829954985218
133.8,15812.021162976,FOLLOW,11.161500841309831,9.228211056208623,2.509790381369036,0.10001033203499379,0.1,-0.004546752573350242,0.009365828255288939,-0.09286477235560175,0.8371512376909828,inf,green,False,uneven,0,-0.04546752573350242,0.10211805200015078,0.081963471000563,0.043762848999904236,0.0,0.06200000000001182,0.045000000000015916,0.007000000000005002,24.286701000164612,0.4630829954985218
134.0,15812.279128933,FOLLOW,11.185303194719177,9.228437296215454,2.533591658486429,0.10000984052201603,0.1,-0.004321767869975083,0.009555375710410156,-0.09261151223214807,0.842658497465289,inf,green,False,unknown,0,-0.04321767869975083,0.03874218499913695,0.10654733899900748,0.013171178999982658,0.0,-0.008000000000009777,0.044999999999987494,-0.03100000000000591,21.88134199968772,0.4630829954985218
134.2,15812.471756501,FOLLOW,11.2023048869931,9.228613926668677,2.5505924328810767,0.10001007713435792,0.1,-0.011582091049077606,0.008237024879752648,-0.13236724860352092,0.8403396106540367,inf,green,False,unknown,0,-0.11582091049077604,0.011823581999124144,0.07741516299938667,0.013593265999588766,0.0,0.018999999999977035,0.04599999999999227,-0.0010000000000047748,0.36468399957811926,0.4630829954985218
134.3,15812.632141882,FOLLOW,11.212505026556064,9.228729362739369,2.560791918716032,0.10000014550593823,0.1,-0.011248949824931662,0.00844549776294818,-0.13151884689831314,0.8393311077317359,inf,green,False,unknown,0,-0.11248949824931662,0.020733164999910514,0.10326067200003308,0.03743549200044072,0.0,-0.0049999999999954525,0.045000000000015916,-0.002999999999985903,0.3922769992641406,0.4630829954985218
134.5,15812.879307856,FOLLOW,11.232905198943461,9.228994751288353,2.5811903607725526,0.10000124518604772,0.1,-0.014814584231054057,0.002609634748511426,-0.11697095268869522,0.8504033199000914,inf,green,False,unknown,0,-0.14814584231054057,0.0976689039998746,0.10267015499994159,0.025454462998823146,0.0,0.0589999999999975,0.04099999999999682,-0.007000000000005002,0.3966190015489701,0.4630829954985218
134.7,15813.070702389,FOLLOW,11.249905290851238,9.229252337517536,2.5981884980668384,0.10002020256279649,0.1,0.005137252099533156,-0.0024964578992365833,0.05127914420081253,0.7926770530919954,inf,green,False,unknown,0,0.05137252099533155,0.026886690000537783,0.06385786700047902,0.034496215001126984,0.0,0.030000000000001137,0.04399999999998272,0.022999999999996135,0.41941999916161876,0.4630829954985218
134.8,15813.233929571,FOLLOW,11.263508077129101,9.229462846539851,2.6117896552063833,0.10001592059667566,0.1,0.0007171298694848637,-0.02055097957899199,0.14090714131084867,0.8656890656217309,inf,green,False,unknown,0,0.0071712986948486365,0.09341186700112303,0.1167556020009215,0.04282925100051216,0.0,0.06800000000001205,0.043000000000006366,-0.012999999999976808,23.891271999673336,0.4630829954985218
135.0,15813.435180545,FOLLOW,11.28051076390466,9.229721742574595,2.6287903707869655,0.10001590719439006,0.1,0.0014252968652850213,-0.02063360380230129,0.1461291163770021,0.8611236033660408,inf,green,False,unknown,0,0.014252968652850213,0.022630426999967312,0.03898837199994887,0.038265896000666544,0.0,0.006000000000000227,0.04200000000000159,0.016999999999995907,0.3400719997443957,0.4630829954985218
135.2,15813.680747367,FOLLOW,11.300914199598175,9.230029400303604,2.6491914867551922,0.1000178412550663,0.1,0.008108828718108068,-0.0168124260628906,0.1653131048746303,0.8864645020217444,inf,green,False,unknown,0,0.08108828718108067,0.020033021999552147,0.07358556899998803,0.0536215779993654,0.0,-0.0020000000000095497,0.03899999999998727,0.012999999999976808,22.743879000699962,0.4630829954985218
135.3,15813.834636907,FOLLOW,11.314517091631174,9.230229529953668,2.662792906282062,0.10002615702232133,0.1,0.008523760031159174,-0.017124938215104225,0.17006410113484408,0.8843869292546774,inf,green,False,unknown,0,0.08523760031159174,0.021397988000899204,0.10673194300034083,0.029825297000570572,0.0,-0.018999999999977035,0.03900000000001569,-0.022999999999996135,27.140035999764223,0.4630829954985218
135.5,15814.069640382,FOLLOW,11.334922500791336,9.230504258270496,2.683196463666804,0.10002671243555572,0.1,0.008703043656027906,-0.01760205151034054,0.1743274240409614,0.8861347729103018,inf,green,False,unknown,0,0.08703043656027906,0.0007913850004115375,0.04775966600027459,0.014558541000951664,0.0,-0.03299999999998704,0.04200000000000159,-0.026999999999986812,0.49099299940280616,0.4630829954985218
135.7,15814.269378062,FOLLOW,11.351927165054011,9.230706468356498,2.7001999240552155,0.10002853119781324,0.1,0.014363031899206086,-0.011091668587869918,0.16935839811714368,0.8924191791772541,inf,green,False,unknown,0,0.14363031899206086,0.007961975999933202,0.06091176900008577,0.013209105998612358,0.0,0.015999999999991132,0.03999999999999204,0.002999999999985903,20.702955000160728,0.4630829954985218
135.8,15814.423487379,FOLLOW,11.365531584469279,9.230846381680358,2.7138036222261395,0.10003457611166035,0.1,0.014928945959924425,-0.011705514526836908,0.17704770609577347,0.8923638480231006,inf,green,False,unknown,0,0.14928945959924425,0.06933958399895346,0.09191045799889253,0.010262424999382347,0.0,0.03300000000001546,0.03900000000001569,-0.03299999999998704,0.33726400033629034,0.4630829954985218
136.0,15814.619764406,FOLLOW,11.382537614423786,9.230984165150808,2.7308090897628943,0.10003633958755019,0.1,0.01557130075084246,-0.012507475769739394,0.18642851965540322,0.8950392279153584,inf,green,False,unknown,0,0.1557130075084246,0.04887448299996322,0.05539208699883602,0.0072944040002767,0.0,0.049000000000006594,0.03899999999998727,-0.002999999999985903,0.4180209998594364,0.4630829954985218
136.2,15814.872356753,FOLLOW,11.402945473324904,9.231090251483963,2.7512166630848363,0.10004127902637056,0.1,0.01974827829474906,-0.0060202626582429725,0.1719842020181225,0.9042804970739957,inf,green,False,unknown,0,0.1974827829474906,0.021720056000049226,0.06941067899970221,0.027406613999119145,0.0,0.009999999999990905,0.03799999999998249,-0.007000000000005002,0.3843459999188781,0.4630829954985218
136.3,15814.980935484,FOLLOW,11.413149808925631,9.231114747054372,2.7614209677993773,0.10004282548716731,0.1,0.019653971710813338,-0.0003102768478170162,0.1341821191515309,0.9450997430221888,inf,green,False,unknown,0,0.19653971710813337,0.021196659999986878,0.038646816999971634,0.01428424199912115,0.0,0.014000000000010004,0.03900000000001569,-0.00899999999998613,0.5156879997230135,0.4630829954985218
136.5,15815.226276717,FOLLOW,11.43355765262723,9.231108304003827,2.7818288024299656,0.10003577931668993,0.1,0.015953824475483016,0.002650419859188999,0.08991487061309124,0.8696451783455251,inf,green,False,unknown,0,0.15953824475483014,0.0981218489996536,0.07460830799936957,0.02272337499925925,0.0,0.0730000000000075,0.036000000000001364,-0.01300000000000523,0.49796700113802217,0.4630829954985218
136.7,15815.472412422,FOLLOW,11.45396568968111,9.231038666587363,2.8022367115963416,0.10004211581952825,0.1,0.020456236836594036,0.0018108259818514008,0.12563595544243608,0.8687550591668685,inf,green,False,unknown,0,0.20456236836594033,0.006429535998904612,0.08870508299878566,0.011437514000135707,0.0,-0.008000000000009777,0.03799999999998249,-0.01700000000002433,0.44050200085621327,0.4630829954985218
136.8,15815.569308376,FOLLOW,11.460768742393745,9.2309990859976,2.8090396487669476,0.10004562932973524,0.1,0.02169079661609267,0.002325940821729905,0.13051092544232482,0.8684414528029675,inf,green,False,unknown,0,0.2169079661609267,0.05554233499969996,0.0603296240005875,0.01686448299915355,0.0,0.05700000000001637,0.03700000000000614,0.01500000000001478,19.759941000302206,0.4630829954985218
137.0,15815.826937485,FOLLOW,11.481178457390488,9.230822457168394,2.829448583619468,0.10004903350256478,0.1,0.01396739086613603,0.0058646101191774744,0.05521959207014701,0.8869653394037147,inf,green,False,unknown,0,0.1396739086613603,0.0684303190009814,0.06010648099982063,0.02238880799995968,0.0,0.054000000000002046,0.03700000000000614,0.01099999999999568,0.49854999997478444,0.4630829954985218
137.2,15816.070777587,FOLLOW,11.501587037207656,9.23056633765195,2.8498555485635997,0.10004242727526329,0.1,0.018842487358271244,0.006383914350888743,0.08465399006115762,0.8381470314359845,inf,green,False,unknown,0,0.18842487358271243,0.08167311199940741,0.05847766799888632,0.013764240000455175,0.0,0.05699999999998795,0.03499999999999659,0.0069999999999765805,0.7153790011216188,0.4630829954985218
137.3,15816.219366049,FOLLOW,11.515193180943097,9.230356766391996,2.8634600747492023,0.10004700058343184,0.1,0.02019280868526477,0.006624907220203903,0.09215615995733713,0.8353209365741687,inf,green,False,unknown,0,0.2019280868526477,0.1239473209989228,0.06832389999908628,0.0053659409986721585,0.0,0.08800000000002228,0.034000000000020236,-0.028999999999996362,0.30755500119994394,0.4630829954985218
137.5,15816.471110379,FOLLOW,11.532201365325772,9.230043127247688,2.8804653585721556,0.10004911789256882,0.1,0.021477324424126476,0.007083905164841291,0.09777328106590587,0.8536092821904117,inf,green,False,unknown,0,0.21477324424126473,0.24247255400041468,0.09952060099931259,0.0450314489989978,0.0,0.15899999999999181,0.033999999999991815,0.0010000000000047748,0.4377830009616446,0.4630829954985218
137.7,15816.721031255,FOLLOW,11.555577307479941,9.229510058353819,2.9038351925482635,0.08666098482542453,0.08666269169663837,0.05008614195117738,-0.0010620204280036294,0.38396853624358834,0.9436225493936523,inf,green,False,unknown,0,0.5779435299160021,0.028046497998730047,0.1041669690002891,0.003453563998846221,0.0,-0.005000000000023874,0.033999999999991815,-0.03700000000000614,0.3709030006575631,0.4630829954985218
137.8,15816.826216747,FOLLOW,11.561476978066148,9.229341742080985,2.909732459533398,0.08675136623564479,0.1,0.007555622371014142,0.004056049278666922,0.023970278439658304,0.7894512834750095,inf,green,False,unknown,0,0.07555622371014141,0.01079756100079976,0.07662511399939831,0.026803050001035444,0.0,-0.006000000000000227,0.030000000000001137,-0.0049999999999954525,0.37782499930472113,0.4630829954985218
138.0,15817.073694409,FOLLOW,11.579311434448195,9.228750477598286,2.9275570951863505,0.06796176015051895,0.053047500067145266,0.032166385453217476,-0.021403962557227096,0.5104188487758323,0.6707700547439761,inf,green,False,unknown,0,0.6063694879589544,0.012491278999732458,0.07587666800100124,0.018824009001036757,0.0,-0.003999999999990678,0.03299999999998704,-0.00899999999998613,22.80472999882477,0.4630829954985218
138.2,15817.320173406,FOLLOW,11.591222688184274,9.228270690351804,2.9394586537422884,0.05318167772087343,0.05256390365161663,0.032928707344979234,-0.021002708982264,0.5192940299533313,0.6711344835829621,inf,green,False,unknown,0,0.6264509493667808,0.09447212400118588,0.0752754700006335,0.013769798999419436,0.0,0.0619999999999834,0.03299999999998704,-0.01300000000000523,24.109845000566565,0.4630829954985218
138.3,15817.426840523,FOLLOW,11.59662923653302,9.228023582404722,2.944859549837335,0.05263148035347541,0.052396759804059605,0.03340764749180182,-0.02108125752663309,0.525700919643933,0.6736628991247257,inf,green,False,unknown,0,0.6375899505376181,0.07716493499901844,0.05951139500029967,0.013188663999244454,0.0,0.05200000000002092,0.030000000000001137,-0.014999999999986358,20.112105999942287,0.4630829954985218
138.5,15817.672619894,FOLLOW,11.605554216169619,9.227575730355307,2.9537732744989,0.05246571801631656,0.05102908420279768,0.03364636267158872,-0.021194838943096317,0.537928045390648,0.6647445722834003,inf,green,False,unknown,0,0.6593565845287902,0.02937917999952333,0.0632245899996633,0.04447058199912135,0.0,0.02600000000001046,0.03100000000000591,0.014999999999986358,0.6594410006073304,0.4630829954985218
138.7,15817.925564304,FOLLOW,11.617534917468785,9.226891448111541,2.9657343830723972,0.0657952399565221,0.06525300057577464,0.046429439566488234,-0.0195774397074788,0.5577236950122356,0.8679770114175891,inf,green,False,unknown,0,0.7115295719247782,0.022766031999708503,0.05528748600045219,0.03971848199944361,0.0,0.02199999999999136,0.03099999999997749,0.01099999999999568,23.380157001156476,0.4630829954985218
138.8,15818.069632926,FOLLOW,11.626452790943327,9.226316307976226,2.97463367724029,0.06534129170756331,0.06449980145199756,0.046510751628594096,-0.01967622831889551,0.5632257946592799,0.862887118180085,inf,green,False,unknown,0,0.7210991442075774,0.061008872000456904,0.08958588600035,0.014026105000084499,0.0,0.030000000000001137,0.03100000000000591,-0.024999999999977263,23.64348599985533,0.4630829954985218
139.0,15818.282146141,FOLLOW,11.637469529710357,9.225528165909308,2.9856221604030293,0.06411434699660265,0.0634069003018771,0.04758553835261142,-0.01943104533784193,0.5773903263581861,0.860740152491842,inf,green,False,unknown,0,0.750478861544391,0.04430161300115287,0.06732394000027853,0.013916042000346351,0.0,0.030000000000001137,0.03200000000001069,0.0049999999999954525,23.402343998895958,0.4630829954985218
139.2,15818.525140896,FOLLOW,11.650476396680872,9.2244836680044,2.9985869715170423,0.06381912377746264,0.0637257702926506,0.048438669071326254,-0.019007963006224066,0.5804066957569887,0.8677384984331451,inf,green,False,unknown,0,0.7601111583097273,0.11951037899962103,0.07383016099993256,0.03262971000003745,0.0,0.09599999999997522,0.031999999999982265,0.0009999999999763531,0.4729920001409482,0.4630829954985218
139.3,15818.627761848,FOLLOW,11.656985988059944,9.223913350616552,3.0050715256043357,0.06381989541056343,0.06330656679038957,0.04891876462013746,-0.018482248612931768,0.5844904918325269,0.8656210149402687,inf,green,False,unknown,0,0.7727281244315354,0.09943260100044427,0.03097147600055905,0.02586252000037348,0.0,0.08800000000002228,0.02800000000002001,-0.0009999999999763531,0.3710960008902475,0.4630829954985218
139.5,15818.879708946,FOLLOW,11.669939381298336,9.222682245360918,3.0179662304450847,0.06398176353561942,0.06314450950041557,0.05167182780569636,-0.013007423501332438,0.5828082166972253,0.8619297607822838,inf,green,False,unknown,0,0.8183107005583169,0.011349935999533045,0.07450079199952597,0.02922158799992758,0.0,-0.009999999999990905,0.030000000000001137,-0.0049999999999954525,21.179285000471282,0.4630829954985218
139.7,15819.119379527,FOLLOW,11.682896492874061,9.221317767886317,3.0308512382016985,0.06336662490224053,0.06326292962831565,0.052750375624754736,-0.013019714243598629,0.5909780874320296,0.870724680672435,inf,green,False,unknown,0,0.8338275817240113,0.0004557939992082538,0.0536049610000191,0.007854328998291749,0.0,-0.004000000000019099,0.030000000000001137,-0.009000000000014552,0.3249460005463334,0.4630829954985218
139.8,15819.219698753,FOLLOW,11.68720546091631,9.220833564214239,3.0351329128129443,0.06336803765455246,0.060757490721574124,0.05202094231225001,-0.01436211965435144,0.608637391223021,0.851142735259242,inf,green,False,unknown,0,0.8562062339052148,0.010366951000833069,0.022372145000190358,0.021814223000546917,0.0,0.02200000000001978,0.030000000000001137,0.023000000000024556,0.3473919987300178,0.4630829954985218
140.0,15819.46969401,FOLLOW,11.69969350218075,9.219342211185023,3.0475315250517325,0.06069982551716126,0.06015967872513762,0.052731066328264395,-0.014233135457432489,0.6184256795784412,0.8509466901231801,inf,green,False,unknown,0,0.8765184164161902,0.12203745499937213,0.02687941700060037,0.026346467000621487,0.0,0.12700000000000955,0.027999999999991587,0.019000000000005457,0.25393800024176016,0.4630829954985218
140.2,15819.77191454,FOLLOW,11.71298189891797,9.217608496864777,3.0607062688797435,0.04693355004849116,0.0468427326835834,0.04057310498496071,-0.01688300855487987,0.6248655262737608,0.6667708594980806,inf,green,False,unknown,0,0.8661558081811064,0.014359738001076039,0.07291353999971761,0.02872874300010153,0.0,-0.005000000000023874,0.027999999999991587,-0.019000000000005457,0.3735449990927009,0.4630829954985218
140.3,15819.878517865,FOLLOW,11.716173376234645,9.217169961472758,3.0638674726595068,0.046932470781601766,0.04632001057882308,0.04050812187708612,-0.016724757526602213,0.6283705539830933,0.66158520749232,inf,green,False,unknown,0,0.8745274746462584,0.027055393999035005,0.03852837299928069,0.03105473399955372,0.0,0.02800000000002001,0.029000000000024784,0.01300000000000523,0.3686920008476591,0.4630829954985218
140.5,15820.126975955,FOLLOW,11.729431815021993,9.215267593625452,3.076988687922532,0.08157017728331538,0.08131277501648522,0.036698550268505555,-0.009022646633281603,0.35262303534322476,0.8499703825706644,inf,green,False,unknown,0,0.4513257635232022,0.01928199199937808,0.05993530799969449,0.01865036399976816,0.0,0.028999999999996362,0.030000000000001137,0.00899999999998613,0.36189599995850585,0.4630829954985218
140.7,15820.374133041,FOLLOW,11.746520445512946,9.212693727988125,3.0938823270739815,0.0885791994738701,0.08653836835702951,0.04412325947886105,-0.0007519347403670551,0.3400804865167786,0.8895188577227582,inf,green,False,unknown,0,0.5098693252087058,0.02619998499903886,0.04461237899886328,0.013502255000275909,0.0,0.025999999999982037,0.026999999999986812,0.0049999999999954525,23.755119000270497,0.4630829954985218
140.8,15820.519216213,FOLLOW,11.755491518134084,9.21128811753603,3.1027425917867495,0.08662038284711591,0.08586451109151748,0.045910315649050744,0.0002437589450235006,0.3496805277970311,0.894040999918373,inf,green,False,unknown,0,0.5346832476588363,0.00048279099974024575,0.06822392300091451,0.016397627001424553,0.0,-0.0049999999999954525,0.029000000000024784,0.0030000000000143245,0.37010199957876466,0.4630829954985218
141.0,15820.769843593,FOLLOW,11.772984965330757,9.208427781556347,3.1200005435063725,0.0849917635303557,0.08417125077518076,0.050017307962445454,0.0030556861986281297,0.37027064661251563,0.9004811633442039,inf,green,False,unknown,0,0.5942326804200688,0.00044805899960920215,0.059187916998780565,0.016966474999208003,0.0,-0.007000000000005002,0.026999999999986812,-0.0010000000000047748,0.26689300102589186,0.4630829954985218
141.2,15821.030314462,FOLLOW,11.790194569544543,9.205443143715087,3.1369492823715874,0.08420726251747644,0.08345380913653075,0.054001345335693965,0.00663978101121325,0.38239067883966216,0.9068539219734153,inf,green,False,unknown,0,0.6470806532910626,0.014928169999620877,0.07383610399847385,0.03343442899858928,0.0,-0.004000000000019099,0.026999999999986812,-0.005000000000023874,0.3517830009514,0.4630829954985218
141.3,15821.169840916,FOLLOW,11.79871737122202,9.203896925977718,3.14533064219303,0.08354836525918463,0.08273847336715348,0.056091536777155115,0.008514192350757968,0.39082555875048963,0.9087736032047454,inf,green,False,unknown,0,0.6779377778491017,0.025332029999844963,0.07009180599925457,0.03199442199911573,0.0,-0.003999999999990678,0.027000000000015234,-0.0069999999999765805,0.44193599933350924,0.4630829954985218
141.5,15821.419396313,FOLLOW,11.815581784397812,9.200694677419252,3.1618881431045156,0.08248966243144763,0.08097239292189443,0.059431716451308784,0.011108280408274343,0.41088280538504957,0.9119322379339762,inf,green,False,unknown,0,0.7339750538018103,0.0044098840007791296,0.061716341000646935,0.01966228399942338,0.0,-0.01099999999999568,0.022999999999996135,-0.01099999999999568,0.31236699942382984,0.4630829954985218
141.7,15821.680385751,FOLLOW,11.832164596651834,9.197349558020084,3.1781299527471067,0.08100584084407877,0.08035037964532185,0.06369292891288501,0.014830284847399039,0.4265030441085171,0.922358796835188,inf,green,False,unknown,0,0.7926898316353298,0.024644119001095532,0.091215356000248,0.029834144001142704,0.0,-0.008000000000009777,0.024999999999977263,-0.01500000000001478,0.43384399941714946,0.4630829954985218
141.8,15821.775626874,FOLLOW,11.840391386797727,9.195613490756486,3.186171465954606,0.08047002811204604,0.07993480834261159,0.06468947972268861,0.015556168695091535,0.4327696568974968,0.9245455960783864,inf,green,False,unknown,0,0.8092779736885163,0.01878573899921321,0.060355472000082955,0.015216660000078264,0.0,0.023000000000024556,0.023000000000024556,-0.016999999999995907,0.5259730005491292,0.4630829954985218
142.0,15822.01999538,FOLLOW,11.85665490346225,9.192023760973418,3.2020337467474995,0.07902837105141187,0.07894632544264546,0.06911302188168082,0.019960207030069496,0.4497577333585492,0.931739591182344,inf,green,False,unknown,0,0.8754431760334617,0.027313913000398315,0.060554826999577926,0.00252385299972957,0.0,0.02199999999999136,0.02199999999999136,-0.020999999999986585,24.682875999133103,0.4630829954985218
142.2,15822.269937279,FOLLOW,11.872744228015865,9.188255427303076,3.217675415155098,0.07846785812519859,0.07812708575793116,0.07263083559693759,0.023716151329796847,0.46329852099167274,0.9367638553362716,inf,green,False,unknown,0,0.9296498761258912,0.0007412289996864274,0.06338040699847625,0.0016511769990756875,0.0,-0.005000000000023874,0.020999999999986585,-0.025000000000005684,26.59798300010152,0.4630829954985218
142.3,15822.374464594,FOLLOW,11.878073345169305,9.186957756552035,3.2228441188628136,0.07826367713054978,0.07812708575793116,0.07263083559693759,0.023716151329796847,0.46329852099167274,0.9367638553362716,inf,green,False,unknown,0,0.9296498761258912,0.1052685440008645,0.044945298999664374,0.027751822000936954,0.0,0.09499999999999886,0.021000000000015007,0.007000000000005002,0.363148999895202,0.4630829954985218
142.5,15822.622732292,FOLLOW,11.893939812727364,9.182941401743577,3.2381936806454696,0.07690235067824255,0.07675806967898814,0.07517244039054259,0.02771783712303874,0.4731411416538642,0.9308420637591467,inf,green,False,unknown,0,0.9793425069823036,0.011709759999575908,0.045351394001045264,0.01973954999994021,0.0,0.020999999999986585,0.02199999999999136,0.002999999999985903,0.47531699965475127,0.4630829954985218
142.7,15822.87826275,FOLLOW,11.90957218115237,9.178751576423776,3.2532539405889116,0.0767013812593532,0.07581093101542519,0.07879251968030034,0.03289943205901524,0.4838051480015096,0.9305845986975014,inf,green,False,unknown,0,1.039329271187403,0.022593842000787845,0.04000116200040793,0.023199315999590908,0.0,0.02400000000000091,0.018999999999977035,-0.0010000000000047748,26.108258000022033,0.4630829954985218
142.8,15823.020999088,FOLLOW,11.91476361828514,9.177307387160779,3.2582404512410905,0.0759628657089496,0.07577611874532593,0.0798501161544921,0.03400933202366398,0.4871976046936014,0.9337276533865426,inf,green,False,unknown,0,1.0537636062208249,0.07254948899935698,0.04394742799922824,0.060041968999939854,0.0,0.058000000000021146,0.021000000000015007,0.03100000000000591,23.850524001318263,0.4630829954985218
143.0,15823.269892055,FOLLOW,11.930231125406058,9.172844030319476,3.2730498079749677,0.07518262167441994,0.07510181132834022,0.08274340436461151,0.03833128981255339,0.495521332837498,0.9341010302675771,inf,green,False,unknown,0,1.1017497834088548,0.026574486999379587,0.040229937998446985,0.045495018999645254,0.0,0.02600000000001046,0.020000000000010232,0.026999999999986812,26.510064000831335,0.4630829954985218
143.2,15823.519872554,FOLLOW,11.945555821255894,9.168178602171132,3.2876468850272254,0.0745494333295232,0.0743878866045636,0.08340059945250135,0.039945926429007975,0.49973104851046674,0.9295707112666902,inf,green,False,unknown,0,1.1211583398766007,0.1561831759991037,0.032154593000086606,0.03284816299856175,0.0,0.12999999999999545,0.016999999999995907,0.022999999999996135,0.561459000891773,0.4630829954985218
143.3,15823.673069277,FOLLOW,11.955683166068685,9.164958708388914,3.2972486738988236,0.07419359183555026,0.07402801601799709,0.08492096348121475,0.042658092091977795,0.5026951846865065,0.9281212998797437,inf,green,False,unknown,0,1.1471462839226902,0.0064104670000233455,0.06744914499904553,0.0290945759988972,0.0,-0.013999999999981583,0.018000000000000682,-0.012999999999976808,0.44262499977776315,0.4630829954985218
143.5,15823.873486753,FOLLOW,11.9682940228707,9.160793752834266,3.30915178865004,0.07416083883976449,0.07354311415340407,0.08713985277129882,0.04617135453780044,0.5095069570807795,0.928999638443152,inf,green,False,unknown,0,1.1848811921335451,0.01015159400049015,0.023866761001045234,0.02331678100017598,0.0,0.015999999999991132,0.018000000000000682,0.016999999999995907,0.34413499997754116,0.4630829954985218
143.7,15824.170034696,FOLLOW,11.985794647383338,9.154721767697591,3.325564950106732,0.0729915749196726,0.07281795669977281,0.08871987953201681,0.0492754347868566,0.5159656877679374,0.9263715248661569,inf,green,False,unknown,0,1.2183791409831417,0.014546289001373225,0.06265894799980742,0.015366790001280606,0.0,-0.004000000000019099,0.013999999999981583,-0.021000000000015007,0.39000200013106223,0.4630829954985218
143.8,15824.27068735,FOLLOW,11.99075839241348,9.152936406553254,3.3301964934480357,0.07299867757099669,0.07072335634434872,0.08888582475914898,0.05168891960012097,0.5295056107716705,0.9130243963149492,inf,green,False,unknown,0,1.2568100462648868,0.07784168499892985,0.009200159000101849,0.008645656998851337,0.0,0.060000000000002274,0.01500000000001478,0.011000000000024102,0.3970780016970821,0.4630829954985218
144.0,15824.521401558,FOLLOW,12.005311693534306,9.14753768577849,3.3437111745116797,0.07113399713408908,0.07080575242693392,0.09118304126494893,0.05540171154519803,0.5319456652151523,0.9164876950913654,inf,green,False,unknown,0,1.2877914313394636,0.07255998100117722,0.014508447000480373,0.013993216000017128,0.0,0.060000000000002274,0.015999999999991132,0.007000000000005002,0.3137080002488801,0.4630829954985218
144.2,15824.769310357,FOLLOW,12.022346492431653,9.140900171838476,3.35939926867331,0.07235688533086995,0.07186783133352986,0.09381807777757255,0.058707514058227106,0.5275800165376316,0.9258772802344355,inf,green,False,unknown,0,1.3054251956229799,0.0007876679992477875,0.01766841199969349,0.0026973149997502333,0.0,-0.01500000000001478,0.013999999999981583,-0.03100000000000591,0.27747499916586094,0.4630829954985218
144.3,15824.880009974,FOLLOW,12.02724669881101,9.138926811303255,3.363884556762834,0.0720501405892333,0.0718144520610693,0.09500271296216055,0.06075061950709401,0.5294938984473869,0.9270985418209207,inf,green,False,unknown,0,1.3228912876947456,0.09157304499967722,0.04333765299998049,0.03212002600048436,0.0,0.06400000000002137,0.016000000000019554,0.0010000000000047748,22.272811000220827,0.4630829954985218
144.5,15825.126034347,FOLLOW,12.041925255143452,9.13284353726897,3.377242970933479,0.07158499605023928,0.07137639866829966,0.0965539667093775,0.06338896401891236,0.5372614486208007,0.929143705738699,inf,green,False,unknown,0,1.352743603079262,0.009732538999742246,0.044323819000055664,0.02793048999956227,0.0,-0.002999999999985903,0.014999999999986358,-0.002999999999985903,0.4967799995938549,0.4630829954985218
144.7,15825.371930101,FOLLOW,12.056517191610272,9.126536268756588,3.390401093151014,0.07143362415629548,0.0712216061849829,0.09841795663969406,0.0671051232045554,0.5395502461576989,0.929392744761769,inf,green,False,unknown,0,1.3818553373266318,0.12039245699997991,0.04742552100105968,0.013224301999798627,0.0,0.09699999999997999,0.015999999999991132,-0.007000000000005002,0.6480590000137454,0.4630829954985218
144.8,15825.479338661,FOLLOW,12.061373954269328,9.124378767449812,3.394752330371412,0.07143459939846517,0.07111616968261139,0.09932477997379396,0.06856151887771372,0.5429794898907959,0.9314040195874468,inf,green,False,unknown,0,1.3966553656795138,0.024826445000144304,0.027463499000077718,0.02664308000021265,0.0,0.029000000000024784,0.010000000000019327,0.025000000000005684,0.41362500087416265,0.4630829954985218
145.0,15825.773684021,FOLLOW,12.078272907835302,9.11664359252868,3.4097765978252017,0.07099780403178066,0.07078126983578863,0.09976785035231983,0.0707820069704013,0.5413757115690566,0.9254412257975961,inf,green,False,unknown,0,1.4095233185810256,0.04480491700087441,0.046016330999918864,0.01241185199978645,0.0,0.027999999999991587,0.009999999999990905,-0.01300000000000523,0.6536370001413161,0.4630829954985218
145.2,15826.020367729,FOLLOW,12.090366685536262,9.110889188395848,3.420413459561182,0.07123561805583913,0.07078057024033828,0.10193881880577972,0.07438726192021325,0.5461440127568392,0.9301196215612636,inf,green,False,unknown,0,1.4402090638665719,0.062328921998414444,0.01621947399871715,0.01666996099993412,0.0,0.057999999999992724,0.009999999999990905,0.016999999999995907,0.27529300132300705,0.4630829954985218
145.3,15826.17206783,FOLLOW,12.100022277615226,9.106163241900036,3.4288333457632216,0.07101775896047936,0.07079522017817429,0.10329978934910194,0.07684821112134718,0.548164891509017,0.9322991980499388,inf,green,False,unknown,0,1.459135081282629,0.028026945999954478,0.043872699001440196,0.014503980000881711,0.0,0.01700000000002433,0.004000000000019099,-0.018999999999977035,0.6227549984032521,0.4630829954985218
145.5,15826.419634738,FOLLOW,12.114543964085668,9.09883446464546,3.44136972106336,0.07141405745510292,0.07046649926446429,0.104448845152695,0.08063440319070761,0.5471066387634941,0.9269345731082916,inf,green,False,unknown,0,1.4822482490678766,0.013017417000810383,0.059977455999614904,0.021495605000382056,0.0,-0.007000000000005002,0.00899999999998613,-0.022999999999996135,0.3666789998533204,0.4630829954985218
145.7,15826.679116215,FOLLOW,12.12889942916593,9.091328032312303,3.4536059511229684,0.07002721583946954,0.07060198533950454,0.10601100493546389,0.08391889431747668,0.5458481968203227,0.9274827850736838,inf,green,False,unknown,0,1.5015300834061196,0.10127352699964831,0.026937070000712993,0.023693577000813093,0.0,0.06099999999997863,0.009999999999990905,-0.027000000000015234,0.8871909994923044,0.4630829954985218
145.8,15826.776450643,FOLLOW,12.133710480080934,9.08875416749095,3.4576705981530576,0.07084640185670152,0.06981024952052196,0.10595786612320572,0.08549886538303796,0.5507488352441101,0.9218335197185688,inf,green,False,unknown,0,1.517798129228252,0.026932667999062687,0.03289258899894776,0.03075312599867175,0.0,0.02400000000000091,0.009000000000014552,0.005000000000023874,30.21005800110288,0.4630829954985218
146.0,15827.020322653,FOLLOW,12.148055550070461,9.08090661885994,3.4696784802985556,0.07015607231919307,0.0699672353198012,0.10695588898739324,0.08855037250252029,0.5444120927419793,0.9177486546075553,inf,green,False,unknown,0,1.5286567848297414,0.022068860000217683,0.041264168999987305,0.029767659998469753,0.0,0.022999999999996135,0.007000000000005002,0.0010000000000047748,1.112594000005629,0.4630829954985218
146.2,15827.27094336,FOLLOW,12.162330933833678,9.072839922210138,3.481455881779694,0.06978074354580159,0.06823611811651155,0.10613939929406445,0.09090780466946387,0.5542429807182484,0.904358843668645,inf,green,False,unknown,0,1.555472412906519,0.012479698998504318,0.05207720399994287,0.04676174299856939,0.0,-0.004000000000019099,0.00899999999998613,-0.0030000000000143245,0.4126640014874283,0.4630829954985218
146.3,15827.375074218,FOLLOW,12.169315024015154,9.068800059931926,3.487152951967339,0.06847883776749822,0.06926515453521581,0.10802362435195095,0.09310511473050093,0.5468887605128653,0.910922171174758,inf,green,False,unknown,0,1.5595666403520336,0.025932201999239624,0.02555982000012591,0.009192166000502766,0.0,0.030000000000001137,0.005000000000023874,-0.0049999999999954525,0.36787099998036865,0.4630829954985218
146.5,15827.619606686,FOLLOW,12.183403975493409,9.060464122288758,3.4985109017923537,0.06903025876821978,0.06887913852781666,0.10828291830984894,0.09441958099518923,0.5506395921874343,0.9094338355597975,inf,green,False,unknown,0,1.5720713212189663,0.0199944569994841,0.026084059998538578,0.008185582999431062,0.0,0.020000000000010232,0.008000000000009777,-0.00899999999998613,0.36692899993795436,0.4630829954985218
146.7,15827.870772932,FOLLOW,12.195191586485318,9.05329961254011,3.507871125938775,0.06948244690952216,0.06936867242225013,0.11012553635611126,0.09609275738830435,0.5551866956107933,0.9202782359710648,inf,green,False,unknown,0,1.5875399155078582,0.008064814999670489,0.03195425099875138,0.04447965799954545,0.0,-0.0030000000000143245,0.007999999999981355,0.020999999999986585,0.3180550011165906,0.4630829954985218
146.8,15828.02626966,FOLLOW,12.204659107301282,9.047420938346646,3.515292284620154,0.06959270402159837,0.06937634737845623,0.11076530088842697,0.09795453192231786,0.5536681159222089,0.9189168124163475,inf,green,False,unknown,0,1.5965859413755106,0.1635615430004691,0.06315948600058618,0.029843516000255477,0.0,0.09700000000000841,0.007000000000005002,-0.014999999999986358,0.4245929994795006,0.4630829954985218
147.0,15828.227680442,FOLLOW,12.21642030662611,9.039965202268196,3.5243881083829436,0.0674073813749764,0.06752614529743119,0.10699889896233274,0.10274137160101805,0.5199964562622725,0.8628307552595555,inf,green,False,unknown,0,1.5845551155191315,0.009117904999584425,0.017809134000344784,0.019481605999317253,0.0,0.03100000000000591,0.006000000000000227,0.014999999999986358,30.545621999408468,0.4630829954985218
147.2,15828.475303937,FOLLOW,12.2302659737153,9.03097522347397,3.534917851127525,0.06938003649927474,0.06811292540892354,0.10810706047165092,0.10481721323719628,0.5117709314619208,0.8625470200651465,inf,green,False,unknown,0,1.587173944190741,0.009740904000864248,0.01668503400105692,0.018147668000892736,0.0,0.028999999999996362,0.006000000000000227,0.01099999999999568,25.255454998841742,0.4630829954985218
147.3,15828.62073356,FOLLOW,12.239636803346807,9.024761922192685,3.5419325398330823,0.06831295558068254,0.06854985837467559,0.1095624015120444,0.10669627377672124,0.5118840863693507,0.868187846871381,inf,green,False,unknown,0,1.5982877880389625,0.030391305999728502,0.03794364399982442,0.0025782449993130285,0.0,0.02200000000001978,0.004000000000019099,-0.024999999999977263,23.185698000816046,0.4630829954985218
147.5,15828.827929782,FOLLOW,12.251312036271745,9.016877426212137,3.5505431202189177,0.06877615863606297,0.06887914972582591,0.11089422518404529,0.10859832756211729,0.5124940132906235,0.8729418300745089,inf,green,False,unknown,0,1.6099824928945954,0.021831852000104846,0.02288698800111888,0.023442555000656284,0.0,0.03100000000000591,0.0049999999999954525,0.0049999999999954525,3.0452719984168652,0.4630829954985218
147.7,15829.081297277,FOLLOW,12.265359034134674,9.007182428545484,3.560707628212128,0.0686156795657009,0.06831011552154662,0.11077856935168962,0.11061702010561233,0.5126505068390569,0.865878632680195,inf,green,False,unknown,0,1.6217008053038273,0.014152842999465065,0.01938715699907334,0.01601079200008826,0.0,0.025999999999982037,0.006000000000000227,0.0009999999999763531,0.44079299914301373,0.4630829954985218
147.8,15829.221823709,FOLLOW,12.272324597804923,9.002291315864145,3.5656670283879617,0.06771457244170494,0.0674748936008867,0.11003365109294648,0.11155211278546823,0.5159919157464493,0.8584230146425561,inf,green,False,unknown,0,1.6307347106583732,0.02850534599929233,0.03474590000041644,0.03020275800008676,0.0,0.023000000000024556,0.006000000000000227,-0.0009999999999763531,0.4767200007336214,0.4630829954985218
148.0,15829.47165724,FOLLOW,12.28612285952276,8.992440579538796,3.575328676750679,0.06746318926326775,0.06716666597125669,0.11117390232997572,0.11448084607026339,0.523363227223166,0.8613781868477776,inf,green,True,unknown,0,1.6551945927694476,0.014802587998929084,0.0144179909984814,0.013933938998889062,0.0,0.020999999999986585,0.0049999999999954525,-0.0049999999999954525,0.3032000004168367,0.4630829954985218
148.2,15829.669601954,FOLLOW,12.297560117042913,8.984114099516257,3.5831694033087285,0.06659333216880522,0.06872238889283505,0.11365890214688314,0.11703185560073535,0.5093006666470091,0.8679071393587492,inf,green,False,unknown,0,1.6538846215622918,0.000356589000148233,0.005360060000384692,0.022505498000100488,0.0,0.026999999999986812,0.006000000000000227,0.024999999999977263,22.19402500122669,0.4630829954985218
148.3,15829.832280996,FOLLOW,12.306760628543154,8.977311148676833,3.5893635764369334,0.06880207813362524,0.06960778742097515,0.115186695596404,0.11830560621961886,0.5036523516257639,0.8736283443670897,inf,green,False,unknown,0,1.6547961063576977,0.024330868998731603,0.03436115799922845,0.029207457999291364,0.0,0.018000000000000682,0.006000000000000227,-0.01099999999999568,0.4079750015080208,0.4630829954985218
148.5,15830.080635234,FOLLOW,12.32096709172386,8.96662605509021,3.5987253959326293,0.06938190435688994,0.06850156394968462,0.11448307012286817,0.12000212076708226,0.5103938671345468,0.8661583848460812,inf,green,False,unknown,0,1.6712475383329586,0.029215254000519053,0.028803664999941248,0.02815114400073071,0.0,0.046999999999997044,0.0020000000000095497,-0.014999999999986358,0.6093020001571858,0.4630829954985218
148.7,15830.279817329,FOLLOW,12.332697958205692,8.957641711863126,3.606267991633225,0.06918755448568532,0.0681937280035687,0.1144270243470563,0.12122468058907682,0.5105304744987147,0.8623953821795236,inf,green,True,unknown,0,1.6779699203578977,0.12749326699849917,0.01932274499995401,0.01977276799880201,0.0,0.16199999999997772,0.003999999999990678,0.014999999999986358,0.4316610011301236,0.4630829954985218
148.8,15830.432210166,FOLLOW,12.339705390869797,8.95220643919375,3.6106908238827264,0.06851830358136911,0.0698843330425204,0.11699064853428857,0.12413029148438842,0.4919020044604578,0.8656941211250854,inf,green,True,unknown,0,1.674061172811177,0.04647008400024788,0.04526470800010429,0.050728166999761015,0.0,0.05700000000001637,0.004000000000019099,0.01300000000000523,24.57475200026238,0.4630829954985218
149.0,15830.669739733,FOLLOW,12.353889432371357,8.941051009327447,3.61945065061886,0.07020592855165389,0.06983283905090608,0.11749688045795398,0.12321382507941933,0.5047595202331968,0.8775267493919423,inf,green,False,unknown,0,1.6825448034885453,0.02202528800080472,0.035484331001498504,0.03468582300047274,0.0,0.05699999999998795,0.0020000000000095497,0.00899999999998613,0.3517819986882387,0.4630829954985218
149.2,15830.927002639,FOLLOW,12.368201725818686,8.929591374751334,3.628024411444067,0.0702521457530581,0.07063588089983833,0.1198138442258039,0.12702336295490477,0.49847613493121695,0.8814535174770627,inf,green,True,unknown,0,1.696217881046885,0.13685948999955144,0.04501069400066626,0.04577993100065214,0.0,0.1379999999999768,0.002999999999985903,0.0049999999999954525,0.7093200001691002,0.4630829954985218
149.3,15831.020190481,FOLLOW,12.375428088703792,8.92372928775088,3.632250012218379,0.07097199371027478,0.06948147788278283,0.11798423043021536,0.12724328681701277,0.49915800859769394,0.8677059345487182,inf,green,True,unknown,0,1.6980673702602873,0.02034069500041369,0.013411648000328569,0.013893358000132139,0.0,0.05000000000001137,0.0030000000000143245,0.0030000000000143245,0.30918199990992434,0.4630829954985218
149.5,15831.279603942,FOLLOW,12.389696185950957,8.912008488354441,3.6403858746278908,0.07021846290570545,0.07041670115204071,0.1199037420185148,0.13058457943437418,0.48652964160959306,0.8670346227173398,inf,green,True,unknown,0,1.7027742006775324,0.06030270400151494,0.027673673001118004,0.026873967000938137,0.0,0.06800000000001205,0.0,-0.0010000000000047748,1.5576209989376366,0.4630829954985218
149.7,15831.523226223,FOLLOW,12.40409109969222,8.899991900710209,3.6483108739345824,0.0703020849639564,0.07007529491843231,0.11944319124886833,0.1319628040159988,0.4810589294616868,0.8575064489242494,inf,green,True,unknown,0,1.704497874577628,0.041499126000417164,0.01222486000006029,0.011039738999897963,0.0,0.06699999999997885,0.0,-0.005000000000023874,0.5301469991536578,0.4630829954985218
149.8,15831.670189272,FOLLOW,12.413675986505822,8.891887277026763,3.6534278370994793,0.07059476006182142,0.07016250441144369,0.11982896773049324,0.1325180691309758,0.4815606241999708,0.8590625164497986,inf,green,True,unknown,0,1.707877572724568,0.05810405400006857,0.04897729999902367,0.002303993998793885,0.0,0.060000000000002274,0.0,-0.04099999999999682,28.25418500106025,0.4630829954985218
150.0,15831.874044011,FOLLOW,12.423265785797764,8.88369816414367,3.658417914163098,0.07053486030101577,0.07002989152885555,0.11992950314592593,0.13406365132126935,0.47819412459641697,0.8541644345384074,inf,green,False,unknown,0,1.7125473212607996,0.056958753999424516,0.007512860998758697,0.038015656000425224,0.0,0.09000000000000341,0.0,0.022999999999996135,27.118018000692246,0.4630829954985218
150.2,15832.120654232,FOLLOW,12.437570540267194,8.871337602608431,3.6656174365740397,0.07014572221262935,0.06990683635348235,0.12067273069188864,0.13394927361163952,0.49271606117687344,0.8667632722057922,inf,green,False,unknown,0,1.7261935596929272,0.05967186799898627,0.007960144999742624,0.03811454300011974,0.0,0.07699999999999818,0.0,0.018999999999977035,24.739198001043405,0.4630829954985218
150.3,15832.277977585,FOLLOW,12.447115998538916,8.86299559219281,3.6702569227349184,0.07025988277384654,0.0700991226931388,0.12100469316726063,0.13433326946951768,0.49072732881968034,0.8672111709592022,inf,green,False,unknown,0,1.7261941165364172,0.013493434998963494,0.021000499998990563,0.020364433999930043,0.0,0.01500000000001478,0.0,-0.016999999999995907,0.3654180000012275,0.4630829954985218
150.5,15832.519914931,FOLLOW,12.46148336542402,8.850302762227335,3.6769877203181482,0.07061534784098963,0.07033640797238529,0.12163092411135343,0.13627505161240577,0.4837889593720922,0.8633686223317406,inf,green,False,unknown,0,1.7292740362730328,0.061902935998659814,0.009988430998419062,0.009103013999265386,0.0,0.05099999999998772,0.0,-0.020999999999986585,0.29228400126157794,0.4630829954985218
150.7,15832.727270331,FOLLOW,12.473429546171957,8.839628289396206,3.6823507695625515,0.06879246082563611,0.06845818190869853,0.11970527302940208,0.13635120539685938,0.503411896681845,0.8589713327990015,inf,green,False,unknown,0,1.7485897184510524,0.056809965000866214,0.012792916000762489,0.014502622001600685,0.0,0.07799999999997453,-0.004000000000019099,0.00899999999998613,0.5594899994321167,0.4630829954985218
150.8,15832.880798297,FOLLOW,12.482801678360373,8.831179582812709,3.6864071840176287,0.06944656870358495,0.06904037856558497,0.12071617556540837,0.1375898868485387,0.4969459486081834,0.8600762200663432,inf,green,False,unknown,0,1.7484865823951694,0.02288467899961688,0.05224612199890544,0.014340405999973882,0.0,0.03100000000000591,-0.001999999999981128,-0.026999999999986812,29.51174000008905,0.4630829954985218
151.0,15833.124991567,FOLLOW,12.49459971133607,8.820454366495069,3.691322355286584,0.06941268290594624,0.0709056935764464,0.12357017891268125,0.13920533484652017,0.48252901644208823,0.8691157223911851,inf,green,False,unknown,0,1.7427398658678244,0.019411621999097406,0.04481634500007203,0.04768712799886998,0.0,0.018000000000000682,-0.002999999999985903,0.002999999999985903,26.794032999532646,0.4630829954985218
151.2,15833.370042945,FOLLOW,12.508830783564518,8.807390517956785,3.6969659413746814,0.07153763705139334,0.07101249114088493,0.12411552563808982,0.13998018646105653,0.48382161772873056,0.8716996499872787,inf,green,False,unknown,0,1.7477985019825788,0.06310192300043127,0.024406619999354007,0.04014365200055181,0.0,0.06399999999999295,-0.006000000000000227,-0.0010000000000047748,25.57180099938705,0.4630829954985218
151.3,15833.482163637,FOLLOW,12.51612186047945,8.800645928350804,3.699735367506871,0.07139773247909852,0.07134022297050878,0.12472810932821357,0.1405545162311101,0.48140880757185645,0.8733319563937016,inf,green,False,unknown,0,1.7483560344320024,0.03402321199973812,0.03354855699944892,0.034873094999056775,0.0,0.058000000000021146,-0.0049999999999954525,-0.002999999999985903,26.30207999936829,0.4630829954985218
151.5,15833.729055037,FOLLOW,12.530735422662216,8.787027704692383,3.705035332708999,0.07204728163864141,0.07176416253312112,0.1253814421834484,0.1413964706849294,0.4756824301406713,0.8728141145001892,inf,green,False,unknown,0,1.7471316846424765,0.019669653000164544,0.022273417000178597,0.021346616000300855,0.0,0.05000000000001137,-0.007000000000005002,-0.007000000000005002,30.334797000250546,0.4630829954985218
151.7,15834.019926173,FOLLOW,12.545468227627524,8.773170209864583,3.7100367855653347,0.0727335525736667,0.07329278675851525,0.12774461183899935,0.14283914311267146,0.46354128094558256,0.8790464855766623,inf,green,False,unknown,0,1.7429356624123424,0.007146648000343703,0.027252599998973892,0.02659863099870563,0.0,0.02199999999999136,-0.009000000000014552,-0.011000000000024102,23.879843000031542,0.4630829954985218
151.8,15834.12287922,FOLLOW,12.552911225790718,8.766123179631169,3.712431975645237,0.07375547586236746,0.0727612154383532,0.12712476026119343,0.14294818468360637,0.46749246669411165,0.8766639758372042,inf,green,False,unknown,0,1.7471500372186557,0.04685950900056923,0.023496432000683853,0.008583946000726428,0.0,0.07400000000001228,-0.0069999999999765805,-0.012999999999976808,26.882296999247046,0.4630829954985218
152.0,15834.378152842,FOLLOW,12.565366301700871,8.754265217536423,3.7162414621757867,0.07310282201779064,0.07421568522837887,0.12938148928742768,0.14436324384307297,0.4557923339689596,0.8821279788708333,inf,green,False,unknown,0,1.7433173174820233,0.055239827999685076,0.018997377001142013,0.04593673000090348,0.0,0.06999999999999318,-0.007000000000005002,0.016999999999995907,0.30431099912675563,0.4630829954985218
152.2,15834.625655493,FOLLOW,12.582663336944599,8.737670023459938,3.721116506214892,0.07130015764613316,0.07151262339107244,0.1254371437925531,0.14423412546224218,0.4681245268211601,0.8622480880988137,inf,green,False,unknown,0,1.7540559672463722,0.0296007440010726,0.018159196000851807,0.011481913999887183,0.0,0.0619999999999834,-0.009000000000014552,-0.021000000000015007,0.4384459989523748,0.4630829954985218
152.3,15834.782375064,FOLLOW,12.58999590229753,8.73059321799491,3.7230360704617955,0.07193048481044494,0.07371075833182995,0.12813491382371942,0.14509706399771288,0.4464385822621278,0.8665504136091732,inf,green,False,unknown,0,1.7383475183755897,0.07554495300064445,0.04602519900072366,0.030840706000162754,0.0,0.06499999999999773,-0.0069999999999765805,-0.022999999999996135,26.752578000014182,0.4630829954985218
152.5,15834.969439145,FOLLOW,12.602561949847642,8.718412037176027,3.7261213159840665,0.07415441289774664,0.07456540126315539,0.12915200948877498,0.14645163371694095,0.4321960546875258,0.8618476770470855,inf,green,False,unknown,0,1.7320634946088886,0.05656893699961074,0.0006721109984937357,0.022163494999404065,0.0,0.09700000000000841,-0.00899999999998613,0.007000000000005002,0.1974120004888391,0.4630829954985218
152.7,15835.221136895,FOLLOW,12.617731160584489,8.70362493766269,3.729502828025911,0.07307794292568051,0.07429542288888376,0.1290616312779595,0.14622209205253867,0.43900064641142633,0.8657487198497744,inf,green,False,unknown,0,1.7371410816381527,0.040947883999251644,0.002797833998556598,0.021094228999572806,0.0,0.060000000000002274,-0.008000000000009777,0.002999999999985903,27.40410700062057,0.4630829954985218
152.8,15835.322533376,FOLLOW,12.625237618587638,8.696276864593935,3.7310364722276996,0.07480666584091823,0.07429542288888376,0.1290616312779595,0.14622209205253867,0.43900064641142633,0.8657487198497744,inf,green,False,unknown,0,1.7371410816381527,0.14234436500009906,0.10419431499940401,0.009526448000542587,0.0,0.160000000000025,0.09200000000001296,0.0010000000000047748,0.27557300018088426,0.4630829954985218
153.0,15835.619844265,FOLLOW,12.6405105911847,8.68126954635661,3.733870504255598,0.07511813155387509,0.0735183440646253,0.12765795485146808,0.14541152918104036,0.4426232432631958,0.8603925765982513,inf,green,False,unknown,0,1.7364095515977902,0.16098446599971794,0.02276012000038463,0.02219995899940841,0.0,0.1519999999999868,-0.008000000000009777,-0.002999999999985903,0.3582150002330309,0.4630829954985218
153.2,15835.824787867,FOLLOW,12.653147163316264,8.668801282856329,3.735924678688233,0.07433561411361571,0.07511175713840262,0.13034493726185778,0.14574822928802075,0.43963082893978944,0.8759187070727936,inf,green,False,unknown,0,1.7353466651256906,0.06315119200007757,0.12459903700073482,0.037809218001712,0.0,0.09399999999999409,0.09399999999999409,0.026999999999986812,23.19227899897669,0.4630829954985218
153.3,15835.969777047,FOLLOW,12.665906809965291,8.656170283699973,3.737730359830161,0.07564730684289189,0.07538224294017735,0.13049133611442068,0.14625119939269962,0.4322044789083505,0.8712977806246248,inf,green,False,unknown,0,1.7310619984865319,0.06392480499926023,0.030260397999882116,0.003062380999836023,0.0,0.07500000000001705,-0.007999999999981355,-0.042999999999977945,22.861975001433166,0.4630829954985218
153.5,15836.169525825,FOLLOW,12.678788865469738,8.64338197245197,3.739279656150206,0.07568271620963604,0.07517130333667124,0.1301034707211683,0.14587517856882287,0.43394041976330117,0.8706720591491398,inf,green,False,unknown,0,1.7307598105419462,0.12333417899935739,0.003233944000385236,0.002247849000923452,0.0,0.14599999999998658,-0.007000000000005002,-0.01300000000000523,0.6178109997563297,0.4630829954985218
153.7,15836.419594187,FOLLOW,12.691679408923605,8.630554895503487,3.7405548329938174,0.07648964308839978,0.06919932159901085,0.11867121801971568,0.14318729421707524,0.43160590881271177,0.7992578434384517,inf,green,False,unknown,0,1.7149188066810759,0.08195646300009685,0.0007769309995637741,0.03131678300087515,0.0,0.10799999999997567,-0.010000000000019327,0.016999999999995907,40.53133799970965,0.4630829954985218
153.8,15836.573784315,FOLLOW,12.701617414090043,8.620648848669244,3.741349860315174,0.0697061750855745,0.07443880910236486,0.12862282103622,0.14608636061984637,0.42966448707493177,0.8577671718386431,inf,green,False,unknown,0,1.7279000374568558,0.10146895000070799,0.010807107000800897,0.010234049999780837,0.0,0.11100000000001842,-0.00899999999998613,-0.018999999999977035,0.516600999617367,0.4630829954985218
154.0,15836.820374711,FOLLOW,12.714183313916731,8.608106855585621,3.742121076478481,0.075059867215344,0.07589138947163059,0.13080599928446532,0.1455503495677045,0.4279387858362616,0.8726864563134539,inf,green,False,unknown,0,1.7235947344640816,0.13890908400026092,0.011533774000781705,0.02619555199999013,0.0,0.13399999999998613,-0.00899999999998613,0.01099999999999568,0.5698469994968036,0.4630829954985218
154.2,15837.120505044,FOLLOW,12.732140420115568,8.590162155237254,3.742770931971077,0.074682143532989,0.07540370396735557,0.13018503347068583,0.14551968855679237,0.4312695078106285,0.8705666650561389,inf,green,False,unknown,0,1.7265071425012046,0.04387418900114426,0.04345265499978268,0.0195334020008886,0.0,0.03099999999997749,-0.010000000000019327,-0.027000000000015234,0.3116150001005735,0.4630829954985218
154.3,15837.219892034,FOLLOW,12.737305715416174,8.584997629216895,3.742859383830407,0.07580943812041213,0.07664156459962586,0.1314418214229947,0.14523788159581663,0.42037879517159354,0.8732654781431516,inf,green,False,unknown,0,1.7150200691967132,0.010356808999858913,0.1428396449991851,0.009718895998958033,0.0,0.04800000000000182,0.09000000000000341,0.005000000000023874,0.31149800088314805,0.4630829954985218
154.5,15837.520223954,FOLLOW,12.75563318021212,8.566670905685118,3.742814644454868,0.07753019823926491,0.07677791418414825,0.13140301615757718,0.1451421430623598,0.41707321557012245,0.8712941281556795,inf,green,False,unknown,0,1.7114689498130045,0.039923782998812385,0.02269950899972173,0.01017171499916003,0.0,0.04599999999999227,-0.012000000000000455,-0.03299999999998704,0.2909940012614243,0.4630829954985218
154.7,15837.772892527,FOLLOW,12.768863391797938,8.553446237220626,3.7424403091678276,0.07802649941650106,0.07576330550431608,0.13005997942901762,0.1444390061373925,0.4265777861627469,0.8697814630017979,inf,green,False,unknown,0,1.71666189276296,0.018523374999858788,0.01806059400041704,0.01749111600111064,0.0,0.027999999999991587,-0.010000000000019327,-0.0030000000000143245,0.6722679991071345,0.4630829954985218
154.8,15837.870073802,FOLLOW,12.776718005466432,8.545599804471522,3.742082969445975,0.07648232130636509,0.07736268254280215,0.13179644589068246,0.1440206026098709,0.41487949972064947,0.8755731117711949,inf,green,False,unknown,0,1.7036178369042974,0.044634149000557954,0.010886136999033624,0.016885478000403964,0.0,0.07900000000000773,-0.009999999999990905,-0.0049999999999954525,26.134081999771297,0.4630829954985218
155.0,15838.172599666,FOLLOW,12.792615477685942,8.529736263666603,3.741051487994554,0.07856264150176605,0.07786332518706689,0.13220565228950712,0.143903382806705,0.40943042890204867,0.875346454193156,inf,green,False,unknown,0,1.6979194244772184,0.02944102000037674,0.013396627000474837,0.01273669200054428,0.0,0.05099999999998772,-0.00899999999998613,-0.00899999999998613,0.40942099985841196,0.4630829954985218
155.2,15838.421577996,FOLLOW,12.808714500505342,8.513704283014745,3.7395887232030933,0.07928507219261982,0.07823307813980007,0.13300567536252542,0.1440290524931943,0.4110834331185042,0.8812993555702395,inf,green,False,unknown,0,1.700120697345545,0.022605235999435536,0.017048403999069706,0.01608333100011805,0.0,0.07099999999999795,-0.011000000000024102,-0.01300000000000523,0.4116239997529192,0.4630829954985218
155.3,15838.573111843,FOLLOW,12.81676285393979,8.50570523769046,3.7386996590535944,0.0789002057237136,0.07866119233903161,0.1328190223221749,0.1434877195506687,0.4017028549107463,0.8758736454011802,inf,green,True,unknown,0,1.6884949029214018,0.040776480000204174,0.045963392998601194,0.04370822499913629,0.0,0.03700000000000614,-0.00899999999998613,-0.014999999999986358,0.3984710001532221,0.4630829954985218
155.5,15838.820658138,FOLLOW,12.832956629123128,8.48964949307251,3.7365933107176583,0.07944474627017213,0.07943069865184625,0.13350709262387353,0.14295351358888914,0.39654059430248595,0.8787468876389344,inf,green,True,unknown,0,1.680799676823318,0.0593394219995389,0.018326247000004514,0.01456377300019085,0.0,0.07800000000000296,-0.01099999999999568,-0.019000000000005457,14.728632999322144,0.4630829954985218
155.7,15839.124708574,FOLLOW,12.852085141442302,8.470763305027576,3.7335629270124655,0.08049008402109296,0.07882662616655138,0.13151665827554687,0.14238298758981954,0.38669459993388633,0.8612844602254606,inf,green,True,unknown,0,1.668429370523453,0.031851476000156254,0.03626102799898945,0.012634388000151375,0.0,0.015999999999991132,-0.01700000000002433,-0.05700000000001637,0.349955000274349,0.4630829954985218
155.8,15839.220206868,FOLLOW,12.857487616495945,8.465447121593995,3.7326012661481887,0.07944364494627973,0.08136898553010034,0.1380806441670754,0.1413268491916345,0.42278974052618423,0.9298550901554181,inf,green,True,unknown,0,1.6969689773998236,0.06347296999956598,0.0013216190000093775,0.0005129389992362121,0.0,0.049000000000006594,-0.01999999999998181,-0.024999999999977263,0.6154099992272677,0.4630829954985218
156.0,15839.434821554,FOLLOW,12.87124884928027,8.451945683550047,3.729941375161762,0.08199952362674724,0.08125825712579948,0.13721165965457224,0.13942006513776586,0.4245456642076419,0.9305714388076068,inf,green,True,unknown,0,1.688587283408612,0.05154687499998545,0.15050593599880813,0.05312730500008911,0.0,0.0689999999999884,0.08299999999999841,0.0049999999999954525,29.253509999762173,0.4630829954985218
156.2,15839.670991982,FOLLOW,12.88796393846999,8.435632174848623,3.72630178418845,0.08203205786645287,0.08172252590217986,0.1372664314461562,0.13819500045560107,0.4220465820673871,0.9330517096638955,inf,green,True,unknown,0,1.679664571436047,0.0672660159998486,0.11329156000101648,0.027706202999979723,0.0,0.09499999999999886,0.08199999999999363,0.0009999999999763531,30.445088999840664,0.4630829954985218
156.3,15839.820260349,FOLLOW,12.899137361555889,8.424785488530954,3.723620084708839,0.08228916352934992,0.08162396025402671,0.13652842250244387,0.13732628156335155,0.41961920221235177,0.929174516455807,inf,green,True,stop,0,1.6726512910859233,0.06172837300073297,0.019808361001196317,0.00831774700054666,0.0,0.07600000000002183,-0.020999999999986585,-0.03499999999999659,0.33041599999705795,0.4630829954985218
156.5,15840.070214046,FOLLOW,12.913162447026064,8.411242774083934,3.7199745813958565,0.08299219970197337,0.08306016622918241,0.13785670500586028,0.13564979742213945,0.41569259401935676,0.9409939229327886,inf,green,True,unknown,0,1.6597210343340925,0.0008956959991337499,0.000584817998969811,0.005882718000066234,0.0,0.04200000000000159,-0.016999999999995907,-0.0049999999999954525,24.248813999292906,0.4630829954985218
156.7,15840.327054185,FOLLOW,12.927352099769736,8.39762928986391,3.715973235170813,0.08358569947659894,0.08277177348023008,0.13698466502592488,0.13479597268005447,0.4156185507116481,0.9376415823024735,inf,green,True,stop,0,1.6549683456842141,0.01695613399897411,0.13508062700020673,0.01637879800000519,0.0,0.06999999999999318,0.08199999999999363,0.024999999999977263,0.5240520004008431,0.4630829954985218
156.8,15840.477729768,FOLLOW,12.938702275356645,8.386808431759416,3.712548016069729,0.08368316754716898,0.08333286730978183,0.13701529988553834,0.13372462564132168,0.4107053085438796,0.9383110820030952,inf,green,True,unknown,0,1.6441927934172396,0.03541891499844496,0.14733485899887455,0.010058860998469754,0.0,0.06100000000000705,0.08200000000002206,-0.01099999999999568,32.324670000889455,0.4630829954985218
157.0,15840.729353484,FOLLOW,12.952941982061176,8.373324399998163,3.707971814826412,0.08381546864081738,0.08376818887077399,0.13707329885609784,0.13269659025516345,0.4085778532115092,0.9407375322853706,inf,green,True,unknown,0,1.6363407243715824,0.0700215089982521,0.11889688999872305,0.04462025199973141,0.0,0.10800000000000409,0.08199999999999363,0.019000000000005457,25.519277000057627,0.4630829954985218
157.2,15840.977956058,FOLLOW,12.970158135758737,8.357166921188142,3.7020292933475236,0.08454187723106017,0.08446997619926065,0.13684532044191988,0.13121821184606045,0.400654004729146,0.9393225656015789,inf,green,True,unknown,0,1.620046868713545,0.02091925799868477,0.10999133999939659,0.044909437998285284,0.0,0.0660000000000025,0.07799999999997453,0.014999999999986358,33.83564300020225,0.4630829954985218
157.3,15841.11977642,FOLLOW,12.98167965087398,8.346447853636876,3.6978051472756848,0.08490132868266549,0.08453793914661879,0.13664978032236919,0.13074205465490887,0.3997623499802907,0.9390314010332036,inf,green,True,unknown,0,1.6164314117637757,0.07557574299971748,0.023747368000840652,0.021984253000482568,0.0,0.10200000000000387,-0.01999999999998181,-0.020999999999986585,26.421450998896034,0.4630829954985218
157.5,15841.328768992,FOLLOW,12.996119935498479,8.333125451150485,3.692234989394473,0.08494608259066899,0.08481574678407636,0.13600167248122857,0.12917117037954565,0.3959163016647002,0.937586604212663,inf,green,True,unknown,0,1.6034955493283714,0.03781262499978766,0.11825771800067741,0.01154205000057118,0.0,0.0800000000000125,0.0800000000000125,0.00899999999998613,26.454668999576825,0.4630829954985218
157.7,15841.572124754,FOLLOW,13.013483255790645,8.317279928314472,3.6851366811239346,0.08519453280902395,0.08570024656145338,0.13638239439741578,0.1276253372752931,0.3928781910703652,0.94374800649902,inf,green,True,unknown,0,1.5913885883586063,0.054060139000284835,0.004082945000845939,0.023315509000894963,0.0,0.07799999999997453,-0.020000000000010232,0.0049999999999954525,26.739480999822263,0.4630829954985218
157.8,15841.679010209,FOLLOW,13.022231559192132,8.30937134160011,3.681396894867568,0.086065673153199,0.08594959948890982,0.13628489347212727,0.12716818653508466,0.38989935909436746,0.9429379659820478,inf,green,True,unknown,0,1.5856373302788023,0.02855562500008091,0.11096840000027441,0.024866899999324232,0.0,0.07400000000001228,0.0800000000000125,0.0030000000000143245,32.20416200019827,0.4630829954985218
158.0,15841.924498855,FOLLOW,13.03981136824665,8.293637451765878,3.6735562613544372,0.08602748207689893,0.08583910663053892,0.135158074094702,0.12554840473627904,0.3884451506464465,0.9399920466482174,inf,green,True,unknown,0,1.574551266900265,0.046505193999109906,0.12856400800046686,0.021055896999314427,0.0,0.07200000000000273,0.07900000000000773,-0.0010000000000047748,31.680931999289896,0.4630829954985218
158.2,15842.175344394,FOLLOW,13.057378481292604,8.278134951660286,3.6652944588855454,0.0861714279027879,0.08586792184818283,0.13450493178540118,0.12448169801668599,0.3867485940605701,0.9382842609577884,inf,green,True,unknown,0,1.566416525407592,0.14850507699884474,0.06687113599946315,0.010049552000054973,0.0,0.15899999999999181,0.07999999999998408,-0.005000000000023874,1.143687999501708,0.4630829954985218
158.3,15842.328725289,FOLLOW,13.066167325263038,8.270464769711484,3.6610036509211565,0.08615833310739991,0.08559755876642872,0.13363242009327742,0.12331957707117278,0.3883946728939058,0.9372869353357701,inf,green,True,stop,0,1.56117092612328,0.1474666789999901,0.019769545000599464,0.04113373499967565,0.0,0.1290000000000191,-0.01999999999998181,-0.0069999999999765805,0.3716079991136212,0.4630829954985218
158.5,15842.579521926,FOLLOW,13.083681994867188,8.255356155768487,3.652145016236432,0.08580454213017646,0.0860515472488759,0.13294568609362817,0.1214898900311694,0.3835472746575903,0.9364646573184107,inf,green,True,unknown,0,1.5449540460803841,0.09588523700040241,0.018626963999849977,0.02081902700047067,0.0,0.08199999999999363,-0.020000000000010232,-0.01099999999999568,0.35741600004257634,0.4630829954985218
158.7,15842.81960723,FOLLOW,13.098378196447866,8.242865761721308,3.6444016500279823,0.08708699932365385,0.0872131258466941,0.13343447677507098,0.12036399797589242,0.37599894570852593,0.939962412624717,inf,green,True,unknown,0,1.5299815879736516,0.08541525799955707,0.09804605200042715,0.0076979740006208885,0.0,0.11199999999999477,0.07999999999998408,0.018999999999977035,0.292741000521346,0.4630829954985218
158.8,15842.973583491,FOLLOW,13.110258533192798,8.232896890815006,3.6379394170881825,0.0874926917701754,0.08731514824673219,0.13334446823432805,0.11956434161967357,0.3779817065952016,0.9434665006195241,inf,green,True,unknown,0,1.5271630514504513,0.15316123200136644,0.007808620001014788,0.008461291999992682,0.0,0.15400000000002478,-0.02400000000000091,-0.016999999999995907,0.3082759994867956,0.4630829954985218
159.0,15843.228887344,FOLLOW,13.128116857397186,8.218133479510536,3.627892388548939,0.08759171244944132,0.08771517716975682,0.13272971024980476,0.11775501890417252,0.37548081857844245,0.9447421860188352,inf,green,True,unknown,0,1.5131897869046136,0.10101712199866597,0.028204723999806447,0.028789336000045296,0.0,0.10499999999998977,-0.020999999999986585,-0.020999999999986585,33.758888001102605,0.4630829954985218
159.2,15843.473350763,FOLLOW,13.146027422547993,8.203601985286499,3.61742312529595,0.08788052348863513,0.08770593677657573,0.1319479692343556,0.11661656645786726,0.37401519954856527,0.9428573354960432,inf,green,True,unknown,0,1.5044360060879698,0.04183416500018211,0.026595815001201117,0.025324463000288233,0.0,0.036000000000001364,-0.02200000000001978,-0.025000000000005684,0.4348539987404365,0.4630829954985218
159.3,15843.56954771,FOLLOW,13.15200770215818,8.198812672853755,3.6138417769418782,0.08794747647012988,0.08790540095356393,0.1315154608663997,0.1158514740253922,0.3708260219041237,0.9411079239017036,inf,green,True,unknown,0,1.4961021670997532,0.1380311119992257,0.12279276200024469,0.010355741000239505,0.0,0.1360000000000241,0.07800000000000296,0.007000000000005002,0.2809289999277098,0.4630829954985218
159.5,15843.830271142,FOLLOW,13.169959788328311,8.18462800636331,3.6028393026564602,0.08800105727178376,0.08831800302509003,0.1316782427609959,0.11492554822544115,0.37150514391401573,0.9463582449176468,inf,green,True,unknown,0,1.4909558442301711,0.028229483999894,0.02119830800074851,0.027355313000953174,0.0,0.038000000000010914,-0.020000000000010232,0.002999999999985903,0.3363800005899975,0.4630829954985218
159.7,15844.069880383,FOLLOW,13.188035393077076,8.170643589406389,3.5913874456605406,0.08893973164838515,0.08799712865148276,0.13004862389862287,0.11315178982556193,0.3699571152034164,0.9410279905927718,inf,green,True,stop,0,1.4778734930509752,0.07672188799915602,0.11550647799958824,0.016646455000227434,0.0,0.054000000000002046,0.07999999999998408,-0.0010000000000047748,0.3691540005092975,0.4630829954985218
159.8,15844.169908543,FOLLOW,13.19705992428587,8.163775796006446,3.585532999139265,0.08829521963526375,0.08864118172098316,0.13054342808833422,0.11254152295594504,0.36886425038251247,0.9465699407906081,inf,green,True,unknown,0,1.4727175964242807,0.0003403829996386776,0.09812385899931542,0.0008225479996326612,0.0,0.016000000000019554,0.07800000000000296,-0.002999999999985903,23.824134001188213,0.4630829954985218
160.0,15844.419658057,FOLLOW,13.21514849816819,8.15024309529345,3.573531145677231,0.08862445813858735,0.08833255379366185,0.12959507808550935,0.11215789375057025,0.36608333251008485,0.9398624608246502,inf,green,True,unknown,0,1.4671270388970485,0.012515513000835199,0.09634600000026694,0.0012118560007365886,0.0,0.05299999999999727,0.07900000000000773,-0.007000000000005002,0.4684389987232862,0.4630829954985218
160.2,15844.720143467,FOLLOW,13.23318692035619,8.137062881203494,3.5612165601479613,0.08807759884249036,0.0873432520722078,0.1278164649599827,0.1112069236430775,0.3682613302275798,0.9319783753249609,inf,green,True,unknown,0,1.4633811076133867,0.0045393750006041955,0.013590282000222942,0.013870372000383213,0.0,-0.012000000000000455,-0.02200000000001978,-0.011000000000024102,0.4498010002862429,0.4630829954985218
160.3,15844.827558758,FOLLOW,13.24213976887037,8.130640422938091,3.554979208496513,0.0875375729563293,0.08711257926579265,0.12662382371202097,0.1100998406371489,0.36597013164444514,0.9267449140014772,inf,green,True,stop,0,1.4535653148975647,0.016226199999437085,0.015529605998381157,0.020108925999011262,0.0,0.009000000000014552,-0.020999999999986585,-0.012999999999976808,28.832515001340653,0.4630829954985218
160.5,15845.070339863,FOLLOW,13.257001026229082,8.12015648043704,3.5444465882572955,0.08741054124150308,0.08416297525911275,0.12408796035674513,0.10863673106792149,0.39277348226198033,0.9266968746346627,inf,green,True,unknown,0,1.4743770639609073,0.014635493998866878,0.11679572999855736,0.04022574199916562,0.0,0.018000000000000682,0.0730000000000075,0.016999999999995907,0.32735000058892183,0.4630829954985218
160.7,15845.321463439,FOLLOW,13.274538932254956,8.108074690877261,3.5317346730742103,0.08912329853301806,0.08795035859780943,0.1265736878074993,0.10726335897902535,0.36974699593424354,0.9402711711389344,inf,green,True,stop,0,1.4391491953581628,0.016429556000730372,0.10636271000112174,0.029443815001286566,0.0,0.020999999999986585,0.06999999999999318,0.012999999999976808,30.480397999781417,0.4630829954985218
160.8,15845.471910385,FOLLOW,13.286604825457017,8.099948621464,3.5228156207367984,0.08817223694940744,0.0882874134556392,0.12703146232159035,0.10707044823221129,0.3705945615412062,0.9449138980757705,inf,green,True,stop,0,1.4388400039085802,0.11807765400044445,0.010965647999910288,0.010363032000896055,0.0,0.08600000000001273,-0.03099999999997749,-0.022999999999996135,0.4363779989944305,0.4630829954985218
161.0,15845.670707304,FOLLOW,13.301645209968427,8.090032237161918,3.511507637726648,0.08863105439605125,0.08789237287266632,0.12597065849453842,0.10603518146788923,0.37170698289646265,0.9420438595718921,inf,green,True,stop,0,1.4332376562075282,0.028026452999256435,0.06887794899921573,0.023557947999506723,0.0,0.033999999999991815,0.06800000000001205,0.007000000000005002,26.423582999996142,0.4630829954985218
161.2,15845.923530901,FOLLOW,13.319586723476021,8.078516694537193,3.497749952757378,0.08791666256449981,0.08780097622824411,0.12539788718799805,0.1052944631588596,0.37162798068292685,0.9409679165137452,inf,green,True,stop,0,1.428206069850732,0.02077449200078263,0.1051456919994962,0.027924305000851746,0.0,0.018999999999977035,0.06999999999999318,0.002999999999985903,0.30574999982491136,0.4630829954985218
161.3,15846.070057774,FOLLOW,13.331563108704021,8.071021838441265,3.4884087610236256,0.08803179846802235,0.08807715790371934,0.12550290602599062,0.10452380965386034,0.3732442059778305,0.9459048892784092,inf,green,True,stop,0,1.4249200248171365,0.027966243000264512,0.002996013001393294,0.0033399150015611667,0.0,0.01700000000002433,-0.03299999999998704,-0.03299999999998704,27.45391499956895,0.4630829954985218
161.4,15846.276248572,STOP_HOLD,13.343562131010918,8.063669098826097,3.4789266381975708,0.08835956206124462,0.0,0.0,0.10290342687266937,0.3216253036380223,0.8769226716556163,inf,green,True,stop,0,1.3537032042334234,0.04379765799967572,0.06733096999960253,0.04580928699942888,0.1034929050001665,-0.049000000000006594,-0.031999999999982265,-0.0689999999999884,30.078907000643085,0.4630829954985218
161.6,15846.434223538,STOP_HOLD,13.35225999359315,8.058435181255764,3.4719798200590146,0.020952045626013445,0.0,0.0,0.10264085399904063,0.3102457147193959,0.8479446741398798,inf,green,True,stop,0,1.3385206391973175,0.019360960000994965,0.10972660200059181,0.027416337001341162,0.0,0.01999999999998181,0.0689999999999884,-0.0049999999999954525,30.51651299938385,0.4630829954985218
161.8,15846.68339034,STOP_HOLD,13.352294391280218,8.058414626765748,3.4719522390181354,3.94854264928477e-06,0.0,0.0,0.1026586832150727,0.30945662978921346,0.846271066239537,inf,green,True,stop,0,1.3377217995929773,0.03330365300098492,0.12939064000056533,0.03118699500009825,0.0,0.01500000000001478,0.06800000000001205,-0.00899999999998613,30.336112000441062,0.4630829954985218
162.0,15846.929346266,STOP_HOLD,13.352295193684363,8.058414147300784,3.471951595616427,3.918586283362331e-06,0.0,0.0,0.10259660449340625,0.3097201080291761,0.8463674598484319,inf,green,True,stop,0,1.3375904979769413,0.04735705300117843,0.12287356300112151,0.015352591000919347,0.0,0.020000000000010232,0.06800000000001205,-0.01300000000000523,38.93538899865234,0.4630829954985218
162.2,15847.174625011,STOP_HOLD,13.35229599002677,8.058413671458867,3.4719509570745704,3.888852128680986e-06,0.0,0.0,0.10272076193673917,0.30919310715016796,0.8461485172827407,inf,green,True,stop,0,1.3378530906337138,0.06534287500107894,0.1430572610006493,0.014106381000601687,0.0,0.04899999999997817,0.06699999999997885,-0.01700000000002433,0.5341599990060786,0.4630829954985218
162.3,15847.269767884,STOP_HOLD,13.352296254127364,8.05841351364993,3.4719507453070966,3.87895943632669e-06,0.0,0.0,0.10258065392680689,0.3099313580538361,0.8464192522316201,inf,green,True,stop,0,1.3377251422871963,0.08206900999903155,0.09393381999871053,0.02172674800021923,0.0,0.08700000000001751,0.06499999999999773,0.01500000000001478,0.2750920011749258,0.4630829954985218
162.5,15847.519634474,STOP_HOLD,13.352297173188507,8.058412964481038,3.4719500083627883,3.844407398001298e-06,0.0,0.0,0.10258065392680689,0.3099313580538361,0.8464192522316201,inf,green,True,stop,0,1.3377251422871963,0.052405311000256916,0.0008692979990883032,0.00775731999965501,0.0,0.0519999999999925,-0.03499999999999659,-0.022999999999996135,0.3577940005925484,0.4630829954985218
162.7,15847.770019425,STOP_HOLD,13.352297824626763,8.058412575226376,3.4719494860098337,3.819645325673229e-06,0.0,0.0,0.10258065392680689,0.3099313580538361,0.8464192522316201,inf,green,True,stop,0,1.3377251422871963,0.012970936999408877,0.11808165399997961,0.0415741379983956,0.0,0.00899999999998613,0.0660000000000025,0.0069999999999765805,27.752061001592665,0.4630829954985218
162.8,15847.882363321,STOP_HOLD,13.352298213461173,8.058412342886053,3.471949174224375,3.804708882040285e-06,0.0,0.0,0.10258065392680689,0.3099313580538361,0.8464192522316201,inf,green,True,stop,0,1.3377251422871963,0.12531483299972024,0.08388214399928984,0.013911762000134331,0.0,0.10900000000000887,0.0660000000000025,0.005000000000023874,0.4630210005416302,0.4630829954985218
163.0,15848.123870615,STOP_HOLD,13.35229898656484,8.058411880934035,3.4719485543134048,3.774898850541314e-06,0.0,0.0,0.10258065392680689,0.3099313580538361,0.8464192522316201,inf,green,True,stop,0,1.3377251422871963,0.09152572299899475,0.07086385500042525,0.007464655000148923,0.0,0.08799999999999386,0.06299999999998818,0.0010000000000047748,0.28517499958979897,0.4630829954985218
163.2,15848.375519726,STOP_HOLD,13.352299753579421,8.05841142262152,3.471947939284129,3.744916401584603e-06,0.0,0.0,0.1026586832150727,0.30945662978921346,0.846271066239537,inf,green,True,stop,0,1.3377217995929773,0.06779325400020753,0.07527442100035842,0.007507169999371399,0.0,0.08099999999998886,0.06499999999999773,-0.0030000000000143245,0.2995449995069066,0.4630829954985218
163.3,15848.527748432,STOP_HOLD,13.352300134786322,8.058411194840232,3.4719476336137403,3.7298795934494993e-06,0.0,0.0,0.10258065392680689,0.3099313580538361,0.8464192522316201,inf,green,True,stop,0,1.3377251422871963,0.01104881199898955,0.12040322599932551,0.010433512999952654,0.0,0.020000000000010232,0.0630000000000166,-0.0049999999999954525,0.5549550005525816,0.4630829954985218
163.5,15848.778285914,STOP_HOLD,13.352300892596293,8.05841074202943,3.4719470259639,3.699704871571838e-06,0.0,0.0,0.1026586832150727,0.30945662978921346,0.846271066239537,inf,green,True,stop,0,1.3377217995929773,0.10213878600006865,0.12649014300041017,0.011480589000711916,0.0,0.0689999999999884,0.06499999999999773,-0.00899999999998613,0.3202779989806004,0.4630829954985218
163.7,15849.022351937,STOP_HOLD,13.352301644231208,8.058410292909551,3.471946423264656,3.6694121226531396e-06,0.0,0.0,0.10258065392680689,0.3099313580538361,0.8464192522316201,inf,green,True,stop,0,1.3377251422871963,0.10997556799884478,0.007199656998636783,0.025732004000019515,0.0,0.08499999999997954,-0.03500000000002501,-0.01300000000000523,0.3423710004426539,0.4630829954985218
163.8,15849.127922207,STOP_HOLD,13.352301893402215,8.058410144024164,3.471946223466428,3.6592972863488954e-06,0.0,0.0,0.10259186122173025,0.31058597856826864,0.843828792481227,inf,green,True,stop,0,1.338572377652461,0.10459050700046646,0.11276992700004485,0.016368942000553943,0.0,0.08800000000002228,0.06499999999999773,0.019000000000005457,0.3585699996619951,0.4630829954985218
163.8,15849.171663448,FOLLOW,13.352302141885751,8.058409995549694,3.4719460242193483,3.649192204094943e-06,0.08550080481613573,0.11444901559393379,0.10259186122173025,0.31058597856826864,0.843828792481227,inf,green,True,stop,0,1.338572377652461,0.017283224000493647,0.024379206999583403,0.011873182000272209,0.04374124099922483,-0.013999999999981583,-0.036000000000001364,-0.04899999999997817,1.0765480001282413,0.4630829954985218
164.0,15849.371244612,FOLLOW,13.35852448335635,8.0546965150129,3.4669532731947883,0.08580636284785921,0.08538533132232183,0.1140904935328299,0.10256609800055255,0.30870536521525677,0.8404589224834972,inf,green,True,stop,0,1.3361837655949207,0.020299480000176118,0.08583650900072826,0.019715087000804488,0.0,0.05099999999998772,0.06399999999999295,0.014999999999986358,1.242305999767268,0.4630829954985218
164.2,15849.621015658,FOLLOW,13.375861025860052,8.044550545980478,3.4528961640629596,0.08372732469106124,0.08743744194066984,0.12544239419471218,0.10512478088346286,0.378190049634779,0.9450409344964996,inf,green,True,stop,0,1.4346530663583499,0.027606112000285066,0.07608180399984121,0.011307923999993363,0.0,0.04599999999999227,0.06399999999999295,0.01099999999999568,27.48368799984746,0.4630829954985218
164.3,15849.777097403,FOLLOW,13.384523968538698,8.039601658810463,3.4457860061330714,0.08751898932563607,0.08698427804704216,0.12489671886587449,0.1047038032730352,0.38164915506287395,0.9443220477670086,inf,green,True,stop,0,1.435853945908809,0.016214572000535554,0.11468775600042136,0.01554026700068789,0.0,0.019000000000005457,0.06400000000002137,0.009000000000014552,0.6253709998418344,0.4630829954985218
164.5,15850.020480751,FOLLOW,13.402302585778745,8.029716933884185,3.4310091560056026,0.08709690063532004,0.13283416271783804,0.14984722017984844,0.10690456223794984,0.10498977344386161,0.931665190784529,inf,green,True,stop,0,1.1280774246166552,0.01924381199933123,0.10412016000009316,0.018721029000516864,0.0,0.019000000000005457,0.06299999999998818,0.0049999999999954525,0.41376300032425206,0.4630829954985218
164.7,15850.270363286,FOLLOW,13.424256469495619,8.017978734907542,3.412457540943618,0.07387375128293398,0.14243196716328782,0.14544860131790713,0.10728134962393485,0.014913899345990517,0.8207917067672198,inf,green,True,stop,0,1.0211794740654039,0.054536891999305226,0.10495302399976936,0.01278477699997893,0.0,0.0519999999999925,0.06399999999999295,0.0009999999999763531,0.3643690015451284,0.4630829954985218
164.8,15850.370267618,FOLLOW,13.435047531361302,8.012388272411673,3.4032275457501053,0.13884105581312514,0.14243196716328782,0.14544860131790713,0.10728134962393485,0.014913899345990517,0.8207917067672198,inf,green,True,stop,0,1.0211794740654039,0.15444122400003835,0.08390383799996926,0.007348397000896512,0.0,0.15200000000001523,0.06200000000001182,-0.0009999999999763531,0.31491499976255,0.4630829954985218
165.0,15850.621851399,FOLLOW,13.457148952786715,8.001261497033951,3.3841319860550563,0.08599884551118987,0.0807629111074443,0.11663311560012694,0.10696618946902092,0.3758276951803337,0.8702514330630928,inf,green,True,stop,0,1.4441420449166589,0.03311170699998911,0.05462116099988634,0.008065549000093597,0.0,0.027999999999991587,0.06299999999998818,-0.0049999999999954525,0.3702949998114491,0.4630829954985218
165.2,15850.869935975,FOLLOW,13.471107479940603,7.994529334976518,3.3719044622181844,0.08290527101958733,0.08432664110093506,0.12002683094983888,0.10772569755038038,0.3532343969596888,0.8821906480180407,inf,green,True,stop,0,1.4233560044941473,0.03977254500023264,0.06670036900140985,0.02687750800032518,0.0,0.054000000000002046,0.0619999999999834,0.024999999999977263,0.33314099891867954,0.4630829954985218
165.3,15851.020668899,FOLLOW,13.482712823733866,7.989116373136512,3.361638933620925,0.08833098455741403,0.08931509100969029,0.12292403376883501,0.10804186096294058,0.3101950749717737,0.880988024385247,inf,green,True,stop,0,1.3762963501374958,0.013904831999752787,0.07096633299988753,0.02248435799992876,0.0,0.016000000000019554,0.0630000000000166,-0.01099999999999568,28.30908299984003,0.4630829954985218
165.5,15851.27322082,FOLLOW,13.497837583182557,7.982308765839918,3.3481331161945547,0.08941122538422559,0.08036026737066457,0.1108516870777689,0.11001964695470301,0.30095480069198083,0.7823460444216456,inf,green,True,stop,0,1.3794340251067307,0.05249548199935816,0.10749797099924763,0.05179604099976132,0.0,0.04800000000000182,0.06100000000000705,0.019000000000005457,0.49963400124397594,0.4630829954985218
165.7,15851.521568115,FOLLOW,13.515872028310525,7.974561018307423,3.3318482283391484,0.09901494089083845,0.10024895020923376,0.1318312778511924,0.11047566948374063,0.24162429853602366,0.8933633660690606,inf,green,True,stop,0,1.3150389862042628,0.006180373000461259,0.05983465000099386,0.028989807000471046,0.0,0.018000000000000682,0.06299999999998818,0.014999999999986358,0.4814000003534602,0.4630829954985218
165.8,15851.676076149,FOLLOW,13.526106820574192,7.970337893099494,3.3225254158597672,0.10036208532463207,0.08382625967041164,0.10104265925568175,0.11179945445814773,0.13811770279926128,0.6265054762235593,inf,green,True,stop,0,1.2053819370321615,0.035517715999958455,0.12096601099983673,0.04382704800082138,0.0,0.020000000000010232,0.06200000000001182,0.01300000000000523,34.03929799969774,0.4630829954985218
166.0,15851.921368289,FOLLOW,13.542847880927276,7.963691572445922,3.307160509824504,0.08391105199215886,0.06464021923196445,0.0834015754424071,0.10959024552121227,0.22560827164307679,0.5616591087824842,inf,green,True,stop,0,1.290242768872993,0.005416108000645181,0.10468226400007552,0.023269101000551018,0.0,0.019000000000005457,0.06200000000001182,0.00899999999998613,0.34644100014702417,0.4630829954985218
166.2,15852.169863592,FOLLOW,13.556633532242172,7.9584590370378345,3.2944066990490035,0.06741453908124041,0.08737618361330336,0.10627216746552605,0.10894960942798057,0.16598629655089933,0.6868572579172909,inf,green,True,unknown,0,1.2162601188425641,0.007144246999814641,0.10549325800093357,0.023734939999485505,0.0,0.012999999999976808,0.06299999999998818,0.0049999999999954525,0.3289989999757381,0.4630829954985218
166.3,15852.269916439,FOLLOW,13.56476805679387,7.955476189682148,3.2868388321116724,0.08747182068106452,0.08932724717604798,0.10700294193546162,0.10875543321385633,0.1515817325705919,0.6843233022656398,inf,green,True,stop,0,1.1978757357716174,0.013613338998766267,0.08230510099929234,0.007599628999741981,0.0,0.04800000000000182,0.0630000000000166,0.0030000000000143245,0.28562599982251413,0.4630829954985218
166.5,15852.520190672,FOLLOW,13.584109024560007,7.9486773462991795,3.268732652940257,0.10179652478740014,0.10598230449271119,0.11465953425680514,0.1097404595880236,0.04793783061535836,0.6593539383066862,inf,green,True,stop,0,1.081874326149331,0.11711688399918785,0.07019651199880172,0.002939522999440669,0.0,0.12000000000000455,0.06100000000000705,-0.0010000000000047748,0.40916100078902673,0.4630829954985218
166.7,15852.770018319,FOLLOW,13.600063600607937,7.943358528886215,3.253690946579321,0.07936064984127532,0.08067561519466002,0.06632527569513835,0.11162790493086533,-0.16726504553946656,0.635617451768379,inf,green,True,unknown,0,0.8221229616297798,0.021902707001572708,0.08858647900160577,0.02138753200051724,0.0,0.0519999999999925,0.06299999999998818,0.028999999999996362,0.30100699950708076,0.4630829954985218
166.8,15852.928232171,FOLLOW,13.61099497874496,7.9398478443404805,3.243338683069426,0.08073469252910888,0.05454563935041606,0.0327001076928245,0.13638936353255154,-0.46120985409372195,0.6524339181447305,inf,green,True,unknown,0,0.5994999432081104,0.11348729400015145,0.12025054299920157,0.030100739999397774,0.0,0.08500000000000796,0.06200000000001182,-0.0069999999999765805,0.6604549998883158,0.4630829954985218
167.0,15853.175001417,FOLLOW,13.622398716942882,7.936276202108136,3.232508718829779,0.06037948285244375,0.061440016031751137,0.04149249172989364,0.11055417270859695,-0.2638392910056896,0.5664763428041094,inf,green,True,unknown,0,0.6753333480325109,0.0697408309988532,0.10658650499863143,0.019143779998557875,0.0,0.046999999999997044,0.06200000000001182,-0.01099999999999568,0.6894850012031384,0.4630829954985218
167.2,15853.422602809,FOLLOW,13.635603622160273,7.93223300128735,3.219938076092561,0.07566380089009173,0.06888136592634944,0.03529011531936298,0.10238557008965866,-0.3205723700243931,0.6893612374453763,inf,green,True,unknown,0,0.512331816373916,0.0354612699993595,0.1168774569996458,0.014349545999721158,0.0,0.012999999999976808,0.0619999999999834,-0.01500000000001478,24.533101000997704,0.4630829954985218
167.3,15853.532140213,FOLLOW,13.640748793726349,7.930685487133518,3.2150311448934104,0.07566450510378508,0.06275999833109588,0.023697567132376116,0.10041141904926253,-0.391380271750918,0.6898197851993031,inf,green,False,unknown,0,0.37759030851717873,0.03469646499979717,0.08414329299921519,0.06227711499923316,0.0,0.019000000000005457,0.06100000000000705,0.01700000000002433,23.365080000075977,0.4630829954985218
167.5,15853.776406678,FOLLOW,13.656038847002709,7.926158841404621,3.2004265394086877,0.06017195539445161,0.05441525176912978,0.0015128338626961624,0.10030885885734458,-0.5763463108207622,0.7378906988496223,inf,green,False,unknown,0,0.02780165143983411,0.18983889300034207,0.08083859299949836,0.010922789999312954,0.0,0.13800000000000523,0.060000000000002274,-0.020999999999986585,0.4387200006021885,0.4630829954985218
167.7,15854.029885206,FOLLOW,13.666971896596808,7.922959882227357,3.189971963219262,0.05311807104299691,0.05075070883309115,0.01268829627142683,0.09123549985094143,-0.41361930616740006,0.5734966181706022,inf,green,False,unknown,0,0.2500121981183766,0.03775427199980186,0.10721491900039837,0.018711982000240823,0.0,0.04800000000000182,0.06099999999997863,-0.025000000000005684,0.4317109996918589,0.4630829954985218
167.8,15854.170306787,FOLLOW,13.672926128114957,7.921230899367807,3.1842742896042653,0.07465968336265194,0.045397169115108195,0.0008201253747298618,0.08525239758007433,-0.5075563479600567,0.5722290140254538,inf,green,False,unknown,0,0.018065562032081067,0.0076114590010547545,0.13880529699963517,0.0154340429999138,0.0,-0.012000000000000455,0.06100000000000705,-0.026999999999986812,16.968559999440913,0.4630829954985218
168.0,15854.424319197,FOLLOW,13.682811091843693,7.9183743676139855,3.1748110590852003,0.0426740967169916,0.04119368435877187,-0.008299414952470708,0.07986262876141106,-0.5894037308830634,0.566072013797058,inf,green,False,unknown,0,-0.20147299474812366,0.04574152600071102,0.11594584900012705,0.008674217000589124,0.0,0.014999999999986358,0.060000000000002274,-0.03100000000000591,17.991946999245556,0.4630829954985218
168.2,15854.672590249,FOLLOW,13.689796348303783,7.916351352568649,3.168125162759533,0.03912177557033189,0.04414178369265646,-0.023570217613758167,0.07578432216011222,-0.7165681284469503,0.6845459556113824,inf,green,False,unknown,0,-0.533966134623585,0.07735062599931553,0.11579753899968637,0.039640754999709316,0.0,0.04099999999999682,0.06099999999997863,-0.0010000000000047748,25.04915300050925,0.4630829954985218
168.3,15854.772850762,FOLLOW,13.693949181982827,7.915142187971317,3.1641522614143116,0.04409868540856039,0.033535944368978686,-0.005520277148926976,0.0747028916910529,-0.547216821658821,0.4411918143959865,inf,green,False,unknown,0,-0.16460777392132503,0.04983678499957023,0.07393348900041019,0.015285605999451946,0.0,0.045000000000015916,0.058000000000021146,-0.002999999999985903,18.88535000034608,0.4630829954985218
168.5,15855.020171273,FOLLOW,13.700065378302739,7.9133531591632575,3.1583035664511674,0.03351367306370699,0.03308412874362065,-0.006861244090426365,0.07373451050375784,-0.5635144978769964,0.44273663464038265,inf,green,False,unknown,0,-0.20738778232899255,0.0260774099988339,0.08032699700015655,0.03477111199936189,0.0,0.04800000000000182,0.06100000000000705,0.026999999999986812,0.3280630007793661,0.4630829954985218
168.7,15855.327986272,FOLLOW,13.706887617125828,7.911347269367156,3.151782885712778,0.0247068941996221,0.024765420081734494,-0.03440644401030787,0.06258353163202485,-0.9736290910169287,0.4724791871600743,inf,green,False,unknown,0,-1.3892937772407914,0.17628268799853686,0.10871903899897006,0.025551886999892304,0.0,0.1209999999999809,0.057999999999992724,-0.011000000000024102,0.38537300133612007,0.4630829954985218
168.8,15855.477109783,FOLLOW,13.709407787521341,7.910594489969973,3.1493777711162627,0.024707863676662896,0.024765420081734494,-0.03440644401030787,0.06258353163202485,-0.9736290910169287,0.4724791871600743,inf,green,False,unknown,0,-1.3892937772407914,0.32540619899918966,0.009423289999176632,0.02604981799959205,0.0,0.22100000000000364,-0.04099999999999682,-0.012999999999976808,0.3300280004623346,0.4630829954985218
169.0,15855.720046213,FOLLOW,13.71447359256363,7.909055668165477,3.1445513541707855,0.024960477571913806,0.025114674033076607,-0.03653713500956756,0.05960718385148894,-0.987644910197433,0.48403124435092215,inf,green,False,unknown,0,-1.4548122329378954,0.0312474470010784,0.002226898999651894,0.023316970000450965,0.0,0.014999999999986358,-0.03999999999999204,-0.016999999999995907,0.2650280002853833,0.4630829954985218
169.2,15855.926499642,FOLLOW,13.718733433722539,7.907734317156603,3.140501635440143,0.025067408947736892,0.025157524270469866,-0.0369395638368792,0.05822284101004088,-0.9890336560013105,0.4853423321298953,inf,green,False,unknown,0,-1.4683306449291276,0.009174580000035348,0.07609570299973711,0.029419066000627936,0.0,0.003999999999990678,0.06099999999997863,0.012999999999976808,0.3291430002718698,0.4630829954985218
169.3,15856.080720486,FOLLOW,13.722145546505352,7.906657656781363,3.13726384403904,0.02509673642332612,0.024938878625356216,-0.03726671937683573,0.05741775950620093,-0.9954925622579709,0.48336138378804006,inf,green,False,unknown,0,-1.4943221760959764,0.03462733599917556,0.10599293399900489,0.01408275999892794,0.0,0.011000000000024102,0.056000000000011596,-0.022999999999996135,0.34841200067603495,0.4630829954985218
169.5,15856.319706106,FOLLOW,13.725924249060922,7.905446097521051,3.1336846431210774,0.020397552123178602,0.020383763238278688,-0.03162172628393025,0.0504636131560815,-0.9998409621297272,0.39630592699023065,inf,green,False,unknown,0,-1.5513193473787894,0.020224435000272933,0.09681009499945503,0.019707446999746026,0.0,0.019000000000005457,0.057999999999992724,0.007000000000005002,0.35915700027544517,0.4630829954985218
169.7,15856.570219774,FOLLOW,13.731406525132213,7.9036539365108185,3.128503580344887,0.06066201304450403,0.10062107470204264,0.0688603980797267,0.06987326805949216,0.007621542616735363,0.5696571901361165,inf,green,False,unknown,0,0.6843536335070451,0.018219781999505358,0.11299967899867625,0.04094739199899777,0.0,0.01099999999999568,0.0589999999999975,0.002999999999985903,21.04370800043398,0.4630829954985218
169.8,15856.669595108,FOLLOW,13.741377469535964,7.900394137350421,3.1190805643893893,0.1009411718011459,0.10062107470204264,0.0688603980797267,0.06987326805949216,0.007621542616735363,0.5696571901361165,inf,green,False,unknown,0,0.6843536335070451,0.05764491999980237,0.07753691300058563,0.0010964949997287476,0.0,0.054000000000002046,0.058000000000021146,0.0010000000000047748,0.34588299968163483,0.4630829954985218
169.9,15856.820924327,LANE_GRACE,13.750592380118478,7.897434083769878,3.110354029584432,0.06782620862587162,0.04,-0.06534460070775787,0.1099468918425344,-0.04678998491749637,0.0,inf,green,False,unknown,0,-1.6336150176939466,0.03965360300026077,0.10787159599931329,0.029960383999423357,0.0,0.021000000000015007,0.0589999999999975,-0.0010000000000047748,22.72182399974554,0.4630829954985218
170.1,15857.084675744,LANE_GRACE,13.757963961515953,7.895076186726823,3.1033697571537697,0.03990815469861353,0.04,-0.06534460070775787,0.055475374314645116,0.002592082450485139,0.0,inf,green,False,unknown,0,-1.6336150176939466,0.05508266399920103,0.1351169099998515,0.054094793000331265,0.0,0.01999999999998181,0.060000000000002274,-0.0049999999999954525,20.49538100072823,0.4630829954985218
170.2,15857.222648424,FOLLOW,13.762034035660857,7.89373959644208,3.09952541393597,0.039902890726086826,0.04593183488820742,0.036840340626324866,0.049831568312684635,0.22423177669143607,0.39822376248560293,inf,green,False,unknown,0,0.8020655111207693,0.021938518000752083,0.11632026199913525,0.060705317999236286,0.04624104399954376,-0.014000000000010004,0.05699999999998795,-0.007000000000005002,16.067594000560348,0.4630829954985218
170.3,15857.330182829,LANE_GRACE,13.766304247156633,7.892312294681994,3.0955008034612836,0.046096785228164114,0.04,0.032082620444830776,-0.1349385210337763,0.15246638688788247,0.0,inf,green,False,unknown,0,0.8020655111207693,0.023854114000641857,0.07485734500005492,0.0306069150010444,0.0,0.012000000000000455,0.05700000000001637,-0.00899999999998613,18.92801499889174,0.4630829954985218
170.4,15857.470214632,FOLLOW,13.770798271845845,7.890815621026438,3.091263326868002,0.04001780102582624,0.031153068882572816,-0.06374597124245589,-0.3434014504191929,0.2933506320490675,0.2999999999999999,inf,green,False,unknown,0,-2.046218030163818,0.02392835699902207,0.10527050800010329,0.05351995399905718,0.046856427999955486,-0.015999999999991132,0.060000000000002274,-0.01099999999999568,16.365134000807302,0.4630829954985218
170.6,15857.723560567,LANE_GRACE,13.778635388229988,7.888211534410707,3.0838715207391214,0.05180233211784698,0.04,-0.01344055884864925,-0.01934811131364894,-0.20465555629289583,0.19098669988565922,inf,green,False,unknown,0,-0.3360139712162312,0.047016974998769,0.1168388629994297,0.024744760999965365,0.0,0.013999999999981583,0.057999999999992724,-0.01500000000001478,17.993768000451382,0.4630829954985218
170.8,15857.969833707,LANE_GRACE,13.787191556459875,7.885327649902504,3.0758160151778604,0.039965991518168494,0.04,-0.01344055884864925,-0.022828479430911354,-0.1994601112736655,0.1989006425169709,inf,green,False,unknown,0,-0.3360139712162312,0.21135723000043072,0.11478730099952372,0.010904660999585758,0.0,0.18000000000000682,0.0589999999999975,-0.018999999999977035,0.39147499956015963,0.4630829954985218
171.0,15858.220780154,LANE_GRACE,13.793985772620116,7.8830201115174185,3.0694256616626565,0.03996596035894787,0.04,-0.01344055884864925,-0.03719993172100553,-0.2726753512316438,0.0,inf,green,False,unknown,0,-0.3360139712162312,0.022151758001200506,0.10712649800007057,0.04634575700038113,0.0,0.020000000000010232,0.060000000000002274,0.01099999999999568,1.4109469993854873,0.4630829954985218
171.2,15858.469884718,LANE_GRACE,13.802138821494568,7.880230591019676,3.0617646737637276,0.039965884239748686,0.04,-0.01344055884864925,-0.023211986252799292,-0.16766141713934557,0.20152867627885834,inf,green,False,unknown,0,-0.3360139712162312,0.021550818000832805,0.10914920899995195,0.030014491001566057,0.0,0.014999999999986358,0.057999999999992724,0.0069999999999765805,0.6424399998650188,0.4630829954985218
171.2,15858.520929538,FOLLOW,13.803497661238243,7.879763501038579,3.0604886359905605,0.039965866432792076,0.030357217891637818,-0.060721894786659965,-0.33043648651880164,0.311527653064345,0.29999999999999977,inf,green,False,unknown,0,-2.000245707739456,0.04551525399983802,0.02345596499981184,0.04993794199981494,0.05104481999842392,-0.01700000000002433,-0.043000000000006366,-0.027000000000015234,15.988524000931648,0.4630829954985218
171.3,15858.620176682,FOLLOW,13.807645618560729,7.87833296604937,3.0565951656387247,0.04214706640276264,0.030357217891637818,-0.060721894786659965,-0.33043648651880164,0.311527653064345,0.29999999999999977,inf,green,False,unknown,0,-2.000245707739456,0.022521638999023708,0.12270310900021286,0.00028947399914613925,0.0,0.019000000000005457,0.05700000000001637,-0.028999999999996362,0.3489520004222868,0.4630829954985218
171.3,15858.67560941,LANE_GRACE,13.808693494829967,7.87796876658459,3.0556126161867954,0.030353238792532065,0.04,-0.08000982830957824,-0.14330299650815706,-0.05094935138120385,0.13584305407806094,inf,green,False,unknown,0,-2.000245707739456,0.0779543669996201,0.044726797999828705,0.007721018999291118,0.0554327280005964,0.019000000000005457,-0.04099999999999682,-0.06299999999998818,18.503897999835317,0.4630829954985218
171.4,15858.821303645,FOLLOW,13.812427016209478,7.87665437562063,3.0521181203762158,0.03989573751213486,0.04459240285576264,-0.05371369222843144,-0.119852404172098,-0.08438744307784377,0.2999999999999999,inf,green,False,unknown,0,-1.2045480572592662,0.06783615499989537,0.06745425500048441,0.003596418000597623,0.0974867209988588,-0.020999999999986585,-0.04099999999999682,-0.06499999999999773,17.82658000047377,0.4630829954985218
171.5,15858.923227248,LANE_GRACE,13.815289974825378,7.87562952992417,3.0494448803203444,0.04451252969467173,0.04,-0.048181922290370646,0.0,0.0,0.0,inf,green,False,unknown,0,-1.2045480572592662,0.006160619001093437,0.01378297900009784,0.018628801000886597,0.046082748000117135,-0.014999999999986358,-0.043000000000006366,-0.03299999999998704,13.371132999964175,0.4630829954985218
171.6,15859.076046208,FOLLOW,13.820882071640916,7.873599399236389,3.04423431395417,0.03992718559682198,0.05992409009599166,-0.0586537692607691,-0.08693592730371173,-0.11618203591697675,0.42960748369751833,inf,green,False,unknown,0,-0.9788011660554604,0.05229595600030734,0.043210562000240316,0.01345969999965746,0.0552334330004669,-0.016999999999995907,-0.04400000000001114,-0.06900000000001683,16.377788000681903,0.4630829954985218
171.8,15859.274415247,FOLLOW,13.82831490539967,7.870845241730713,3.0373305975747362,0.05983970161693301,0.03138911477678121,-0.06593750128801212,-0.40190703828424057,0.4959651002170903,0.39060488009311845,inf,green,False,unknown,0,-2.100648640680579,0.06347014200036938,0.11975745200106758,0.014775970001210226,0.0,0.04200000000000159,0.060000000000002274,-0.0049999999999954525,0.7194059999164892,0.4630829954985218
172.0,15859.520294066,FOLLOW,13.834229230705617,7.868592468629615,3.031862163994147,0.026155932669311346,0.019482812466994584,-0.042862187427388086,-0.5494469621491499,0.7086695022390683,0.2999999999999995,inf,green,False,unknown,0,-2.2,0.061606961000507,0.0985444660000212,0.022684921999825747,0.0,0.049000000000006594,0.0589999999999975,-0.00899999999998613,0.3993360005551949,0.4630829954985218
172.1,15859.625049375,LANE_GRACE,13.835558863602373,7.868076210753089,3.0306368475182994,0.019419059253577613,0.04,-0.08800000000000001,0.06356673603177247,-0.20944281914021734,0.0,inf,green,False,unknown,0,-2.2,0.10326874099882843,0.08443566399910196,0.03972686599990993,0.0,0.10999999999998522,0.060000000000002274,0.022999999999996135,19.670593999762787,0.4630829954985218
172.2,15859.769863245,FOLLOW,13.838616440139528,7.866874499793769,3.0278253304074987,0.052130238836533116,0.018477380485620167,-0.04065023706836437,-0.5907772090859496,0.7689968725171829,0.29999999999999905,inf,green,False,unknown,0,-2.2,0.02378462099841272,0.0926723469983699,0.04714415699891106,0.0,0.01999999999998181,0.057999999999992724,0.020999999999986585,15.88248799998837,0.4630829954985218
172.2,15859.870268783,LANE_GRACE,13.842015066387756,7.865514647496307,3.0247106208015198,0.018669712040967047,0.04,-0.08800000000000001,0.08503057399329955,-0.20215356713978236,0.0,inf,green,False,unknown,0,-2.2,0.01707137499943201,0.0660125029990013,0.006562789998497465,0.10040553799990448,-0.05000000000001137,-0.040000000000020464,-0.08100000000001728,17.533894000735017,0.4630829954985218
172.3,15859.924593152,LANE_GRACE,13.842641626514649,7.865261402789657,3.0241375198408105,0.018417743759954208,0.04,-0.08800000000000001,0.08503057399329955,-0.20215356713978236,0.0,inf,green,False,unknown,0,-2.2,0.012912197000332526,0.12033687199982523,0.012308383000345202,0.0,0.014000000000010004,0.060000000000002274,-0.014999999999986358,0.5667530003847787,0.4630829954985218
172.5,15860.17145479,LANE_GRACE,13.850756365028877,7.861910246810588,3.016747184697032,0.03989334608064833,0.04,-0.08800000000000001,0.0,0.0,0.0,inf,green,False,unknown,0,-2.2,0.004170562999206595,0.11843539399887959,0.00957125700006145,0.0,-0.008000000000009777,0.060000000000002274,-0.019000000000005457,0.7776490001560887,0.4630829954985218
172.7,15860.419662441,LANE_GRACE,13.858893257961464,7.8584187383870265,3.009397579976149,0.039889059930487414,0.04,-0.08800000000000001,-0.5234866728859915,0.8086317802333095,0.2266938632489861,inf,green,False,unknown,0,-2.2,0.0005299530002957908,0.10707521599942993,0.009723286999360425,0.0,0.007999999999981355,0.060000000000002274,-0.023000000000024556,0.7931649997772183,0.4630829954985218
172.8,15860.569869862,LANE_GRACE,13.86296203707029,7.856623827379812,3.005746119937592,0.039890721102959624,0.04,-0.08800000000000001,-0.28921069101363184,0.6188702599240199,0.0,inf,green,False,unknown,0,-2.2,0.09028871199916466,0.12915099000019836,0.015377997000541654,0.0,0.05200000000002092,0.060000000000002274,-0.024999999999977263,0.3501720002532238,0.4630829954985218
172.9,15860.670297565,FOLLOW,13.8656746288787,7.855409124645649,3.0033207054754234,0.03989141123082418,0.05716771715705245,-0.007216468592268472,0.0027731707772259487,-0.10339409732838277,0.39969293575831555,inf,green,False,unknown,0,-0.126233282543769,0.0952256930013391,0.09724152800117736,0.01211035900087154,0.0,0.08199999999999363,0.060000000000002274,0.007000000000005002,22.984978999375016,0.4630829954985218
173.1,15860.969806579,LANE_GRACE,13.877314698368924,7.8501254076961695,2.992948949800202,0.03648210061048625,0.04,-0.05253519584550708,-0.13136069144153448,0.09682391665093591,0.23957448101483061,inf,green,False,unknown,0,-1.313379896137677,0.10528231399985089,0.0006130950005172053,0.002634337999552372,0.0,0.054000000000002046,-0.04200000000000159,-0.03100000000000591,18.26690400048392,0.4630829954985218
173.3,15861.183627593,LANE_GRACE,13.883979905964718,7.847052446509587,2.9870344227619956,0.039926273359018785,0.04,-0.05253519584550708,-0.4740801134766172,0.7939033319625504,0.2766497845755238,inf,green,False,unknown,0,-1.313379896137677,0.05300411499956681,0.0864718590000848,0.014254617999540642,0.0,0.051000000000016144,0.0589999999999975,-0.0009999999999763531,17.28481499958434,0.4630829954985218
173.4,15861.321844836,FOLLOW,13.888052396498917,7.845149431349356,2.9834339120544664,0.0399264927407326,0.01813183883279113,-0.037741792764366164,-0.46396091632114717,0.7912746522397254,0.28866449983127346,inf,green,False,unknown,0,-2.0815204189941707,0.003830030000244733,0.09194848799961619,0.027924182000788278,0.0,0.01300000000000523,0.057999999999992724,-0.002999999999985903,28.903876000185846,0.4630829954985218
173.6,15861.581246242,LANE_GRACE,13.893160813633814,7.842733022372556,2.9789331639739283,0.018092230134992403,0.04,-0.08264594565740599,0.061608386614166025,0.08838211539129974,0.0,inf,green,False,unknown,0,-2.0661486414351495,0.0501586230002431,0.11812345699945581,0.04947955100033141,0.0,0.020999999999986585,0.0589999999999975,-0.007000000000005002,32.67792299993744,0.4630829954985218
173.7,15861.7208267,FOLLOW,13.896971765557938,7.840900643130668,2.9755916572047396,0.03989977134244606,0.018504389824539193,-0.03779092130436982,-0.44626851451228144,0.7842040990435105,0.3043468650071992,inf,green,False,unknown,0,-2.0422678976560587,0.08693028600100661,0.022719474000041373,0.021058821001133765,0.046150328000294394,0.03899999999998727,-0.04200000000000159,-0.043000000000006366,19.37279099911393,0.4630829954985218
173.8,15861.820397175,FOLLOW,13.89889764260696,7.839964480265415,2.9739086247476694,0.015673416748751196,0.018504389824539193,-0.03779092130436982,-0.44626851451228144,0.7842040990435105,0.3043468650071992,inf,green,False,unknown,0,-2.0422678976560587,0.031661293000070145,0.12228994900033285,0.024165755001376965,0.0,0.01700000000002433,0.058000000000021146,-0.01099999999999568,1.0432369999762159,0.4630829954985218
173.8,15861.872597212,LANE_GRACE,13.89952054150472,7.8396601852361805,2.973365110652164,0.018445755300498502,0.04,-0.08169071590624234,0.09974335565117978,0.05775322620024307,0.0,inf,green,False,unknown,0,-2.0422678976560587,0.04818942899873946,0.02907014799893659,0.01371272199867235,0.05220003699832887,-0.012000000000000455,-0.04200000000000159,-0.044999999999987494,25.454197000726708,0.4630829954985218
173.9,15861.978576777,FOLLOW,13.900774851641728,7.839045330717808,2.972271837040363,0.018445781608157418,0.01790140328586695,-0.036371422666754784,-0.4493257067882148,0.8066093174412236,0.28992920670030004,inf,green,False,unknown,0,-2.031763772143483,0.017790973000956,0.012218894000397995,0.05008267000084743,0.0,-0.02199999999999136,-0.04200000000000159,-0.01300000000000523,20.527215998299653,0.4630829954985218
174.1,15862.223540496,FOLLOW,13.90573251945686,7.836586761253618,2.9679667596762136,0.01784451029965127,0.017940478796977584,-0.035996127478334944,-0.439831997988209,0.8039812451181032,0.29479832814605067,inf,green,False,unknown,0,-2.0064195546664663,0.007074838998960331,0.12123580499974196,0.03062847199907992,0.0,-0.016000000000019554,0.05699999999998795,-0.016999999999995907,0.348237001162488,0.4630829954985218
174.2,15862.332720099,LANE_GRACE,13.906948564648836,7.835976949306858,2.966914669023438,0.017884025575627745,0.04,-0.08025678218665865,0.09904089164305145,-0.3156686375309841,0.0,inf,green,False,unknown,0,-2.0064195546664663,0.03540317000079085,0.0923454590010806,0.044650519999777316,0.0,0.020999999999986585,0.05699999999998795,0.014999999999986358,31.350207998912083,0.4630829954985218
174.3,15862.469906591,LANE_GRACE,13.910009087299821,7.8344306752817605,2.964273493690721,0.03730955253565875,0.04,-0.08025678218665865,0.09904089164305145,-0.3156686375309841,0.0,inf,green,False,unknown,0,-2.0064195546664663,0.17258966200097348,0.0038651260001643095,0.01661437100119656,0.0,0.12100000000000932,-0.03999999999999204,-0.020999999999986585,0.29527499827963766,0.4630829954985218
174.5,15862.721239424,LANE_GRACE,13.91814569644376,7.830240123660386,2.9572990936692403,0.03990567674754032,0.04,-0.08025678218665865,0.13115243621952807,0.06145563989894421,0.0,inf,green,False,unknown,0,-2.0064195546664663,0.16380909500003327,0.11998201599999447,0.025366030000441242,0.0,0.11400000000000432,0.0589999999999975,-0.025000000000005684,1.9275819995527854,0.4630829954985218
174.7,15862.970440468,LANE_GRACE,13.92628660436238,7.825933875637461,2.9503904633779783,0.039907182122766414,0.04,-0.08025678218665865,0.13115243621952807,0.06145563989894421,0.0,inf,green,False,unknown,0,-2.0064195546664663,0.4130101390001073,0.0006664960001216969,0.005819044999952894,0.0,0.31399999999999295,-0.04200000000000159,-0.029000000000024784,0.23656099983782042,0.4630829954985218
174.8,15863.072993608,LANE_GRACE,13.929000310054095,7.824473365666371,2.9481033045532246,0.039907710508534464,0.04,-0.08025678218665865,-0.17169160878536077,0.5742170787169347,0.0,inf,green,False,unknown,0,-2.0064195546664663,0.05531673000041337,0.10321963600108575,0.03054134800004249,0.0,0.05299999999999727,0.058000000000021146,0.0030000000000143245,1.0758239986898843,0.4630829954985218
174.9,15863.172632397,FOLLOW,13.933070937189722,7.82225920016651,2.9446875478260193,0.03990852999949951,0.029211087490890172,0.011724446501193376,0.09394256213730254,-0.3394452536810284,0.299999999999999,inf,green,False,unknown,0,0.40136973691410105,0.026542174999121926,0.0740567769989866,0.003901107000274351,0.0,0.05000000000001137,0.05700000000001637,0.0010000000000047748,16.976996999801486,0.4630829954985218
175.1,15863.425387973,LANE_GRACE,13.93940081078693,7.818783468460756,2.9393973133465594,0.030369010893077295,0.04,-0.020800338746459684,0.0,0.0,0.0,inf,green,False,unknown,0,-0.5200084686614921,0.0635182670012,0.08655586799977755,0.007017126999926404,0.0,0.07200000000000273,0.0589999999999975,-0.0030000000000143245,15.207794998786994,0.4630829954985218
175.2,15863.580184291,FOLLOW,13.943011810217419,7.8167969030836515,2.936381873989911,0.039959916057650244,0.02284262133828583,-0.02399047170270535,-0.2041092713635575,0.5456007557152335,0.2999999999999991,inf,green,False,unknown,0,-1.050250378335329,0.049252124001213815,0.113398937999591,0.04090162000102282,0.0,0.020999999999986585,0.055999999999983174,-0.005000000000023874,20.991626999602886,0.4630829954985218
175.3,15863.670100187,FOLLOW,13.945729045367791,7.81529911141725,2.9341147202663738,0.039959322649924044,0.02284262133828583,-0.02399047170270535,-0.2041092713635575,0.5456007557152335,0.2999999999999991,inf,green,False,unknown,0,-1.050250378335329,0.04271451200111187,0.05203663000065717,0.03879030800089822,0.0,0.047000000000025466,0.056000000000011596,0.027000000000015234,0.3646869990916457,0.4630829954985218
175.3,15863.72228188,LANE_GRACE,13.94718376542689,7.814496187327047,2.932901656665793,0.02280026375754919,0.04,-0.04201001513341316,-0.045656991939542244,0.13348782977765414,0.0,inf,green,False,unknown,0,-1.050250378335329,0.03712906100008695,0.009369399000206613,0.011384134999389062,0.05218169299951114,0.01300000000000523,-0.044999999999987494,-0.04099999999999682,22.51286200043978,0.4630829954985218
175.5,15863.969889228,FOLLOW,13.954600990475347,7.810378686459332,2.926732281653274,0.03994236067254132,0.029294712221235426,-0.01662729571453978,-0.14158081607850362,0.5061309498468994,0.3686784084794393,inf,green,False,unknown,0,-0.5675869279400816,0.08415501799936465,0.12037385599978734,0.000256424998951843,0.0,0.054000000000002046,0.056000000000011596,-0.044999999999987494,17.760802000339027,0.4630829954985218
175.6,15864.078194331,LANE_GRACE,13.956856638909175,7.809117668547713,2.924862045493508,0.02576066461930169,0.04,-0.022703477117603264,-0.0186462365328479,0.20670366786166416,0.2443106401024111,inf,green,False,unknown,0,-0.5675869279400816,0.03976593100014725,0.07227835300000152,0.014473975999862887,0.0,0.019000000000005457,0.05500000000000682,-0.01300000000000523,18.10588199987251,0.4630829954985218
175.7,15864.228141556,FOLLOW,13.961787497813534,7.806357350263404,2.9207762154615176,0.039958784836689264,0.06415701732508534,0.020485239873647566,0.006755663968112148,0.169957200664351,0.507871583299721,inf,green,False,unknown,0,0.319298507439152,0.06572638699981326,0.010006225998949958,0.010320800000044983,0.0582501829994726,0.015999999999991132,-0.049000000000006594,-0.049000000000006594,17.522680000183755,0.4630829954985218
175.8,15864.324239823,FOLLOW,13.965175523030268,7.80445714969437,2.9179712284384722,0.06073071005314496,0.06415701732508534,0.020485239873647566,0.006755663968112148,0.169957200664351,0.507871583299721,inf,green,False,unknown,0,0.319298507439152,0.0634918790001393,0.10610449299929314,0.014071349000005284,0.0,0.05200000000002092,0.051000000000016144,-0.016999999999995907,0.4841450008825632,0.4630829954985218
175.8,15864.370671935,LANE_GRACE,13.967351814665141,7.803239019782175,2.9161677859533817,0.06415244481278697,0.04,0.01277194029756608,-0.017225525824373547,0.23100691897835832,0.0,inf,green,False,unknown,0,0.319298507439152,0.10992399099995964,0.013868149999325396,0.013021783999647596,0.046432111999820336,0.05200000000002092,-0.04999999999998295,-0.05099999999998772,23.136732999773812,0.4630829954985218
176.0,15864.572760344,FOLLOW,13.97489520401501,7.799030176563403,2.909907730567538,0.03998845998927745,0.03707566787002924,-0.015529881072236683,-0.07929914963182046,0.2387260172784598,0.32890546773003804,inf,green,False,unknown,0,-0.41886989404149155,0.05109229599838727,0.0758428239987552,0.007253709998622071,0.0,0.049000000000006594,0.04800000000000182,-0.020999999999986585,18.48164100010763,0.4630829954985218
176.2,15864.83351717,FOLLOW,13.982576402576305,7.79474973486487,2.9035297534330273,0.037337880025806576,0.04072216297212517,-0.009198026051408967,-0.04260422998483989,0.13042369126574804,0.29381448653444003,inf,green,False,unknown,0,-0.22587272826605825,0.020798809999178047,0.09547840900086157,0.022741639000741998,0.0,0.015999999999991132,0.04999999999998295,-0.025000000000005684,17.362549999234034,0.4630829954985218
176.3,15864.971327844,LANE_GRACE,13.986607632530173,7.792496179234583,2.900187254298882,0.04069256896338002,0.04,-0.009034909130642331,-0.004875683900162377,0.04149330217845039,0.0,inf,green,False,unknown,0,-0.22587272826605825,0.00501952199920197,0.11915731800036156,0.014228222999008722,0.0,-0.013999999999981583,0.051000000000016144,-0.026999999999986812,19.579810999857727,0.4630829954985218
176.4,15865.08023933,FOLLOW,13.989374728721721,7.790947360019807,2.897894225698593,0.04069260884723541,0.06577321054765217,0.026469246188657942,0.036920341419756794,0.02776329072600831,0.3907689581316429,inf,green,False,unknown,0,0.4024320231332053,0.020845405000727624,0.07261441599985119,0.0452373810003337,0.0,0.014000000000010004,0.051000000000016144,0.0049999999999954525,18.128829999113805,0.4630829954985218
176.5,15865.226832208,LANE_GRACE,13.996407443241283,7.787013953860236,2.892064361145441,0.06573336934113477,0.04,0.016097280925328212,0.029682173047647482,0.033654202300235504,0.0,inf,green,False,unknown,0,0.4024320231332053,0.04386217600040254,0.008295544999782578,0.04280529899915564,0.05316512799981865,0.012000000000000455,-0.05299999999999727,-0.03100000000000591,18.055915999866556,0.4630829954985218
176.6,15865.374491284,FOLLOW,14.001402497208206,7.78423295661713,2.8879150707068977,0.03999150141869224,0.055236352294741754,0.027941734746616452,0.027403705453845736,0.16187552880558598,0.4310549257624954,inf,green,False,unknown,0,0.5058577111956826,0.038648911999189295,0.031090889999177307,0.045744977998765535,0.047866490998785594,-0.022999999999996135,-0.051000000000016144,-0.03300000000001546,20.77397700122674,0.4630829954985218
176.8,15865.57388739,FOLLOW,14.009730688683375,7.779616057244266,2.880983770402976,0.0552375709833491,0.03447468917366462,-0.014627878616194294,-0.10658889096019908,0.39892423571582253,0.38253700971681315,inf,green,False,unknown,0,-0.4243077738136244,0.06689086300139024,0.07324861800043436,0.04396462400109158,0.0,0.05000000000001137,0.047000000000025466,-0.002999999999985903,0.5174699999770382,0.4630829954985218
177.0,15865.823678067,FOLLOW,14.017495091335254,7.77531504063173,2.87451947234872,0.05548174254640714,0.02864806191647877,-0.01902234287492805,0.05246417149502908,-0.6798655664565229,0.4296674390183317,inf,green,False,unknown,0,-0.6640010388970198,0.02265721699950518,0.0845717419997527,0.024891286999263684,0.0,0.015999999999991132,0.04599999999999227,-0.007000000000005002,27.039345000957837,0.4630829954985218
177.2,15866.070847533,FOLLOW,14.025137510074236,7.771054269097519,2.868175003869277,0.027485611292344166,0.027522158833206235,-0.0177060214250612,0.04384703085770311,-0.6345243805269677,0.3954492266345485,inf,green,False,unknown,0,-0.64333693924106,0.15399803099899145,0.09207087899994804,0.03168580999954429,0.0,0.1209999999999809,0.046999999999997044,-0.011000000000024102,0.41157700070471037,0.4630829954985218
177.2,15866.13059581,LANE_GRACE,14.026072021230917,7.770531125756385,2.867400644684797,0.02748563317685328,0.04,-0.025733477569642397,0.018442769355432917,-0.21429055525422147,0.24344294016292473,inf,green,False,unknown,0,-0.64333693924106,0.0543383990006987,0.028447386001062114,0.04525939800078049,0.059748277000835515,-0.021000000000015007,-0.054000000000002046,-0.045000000000015916,16.55912500064005,0.4630829954985218
177.3,15866.177482902,LANE_GRACE,14.027941045744644,7.769483417003979,2.8658528854412015,0.02748567637951005,0.04,-0.025733477569642397,0.018442769355432917,-0.21429055525422147,0.24344294016292473,inf,green,False,unknown,0,-0.64333693924106,0.01330210400010401,0.07533447800051363,0.012465391999285202,0.0,0.01500000000001478,0.04600000000002069,-0.012999999999976808,0.30072899971855804,0.4630829954985218
177.5,15866.426353505,LANE_GRACE,14.03474595912908,7.765653425569568,2.860228124008754,0.039957066580475,0.04,-0.025733477569642397,0.010651223749005942,-0.1270600406383677,0.26380458303297294,inf,green,False,unknown,0,-0.64333693924106,0.01914401700014423,0.09712046699860366,0.029451155998685863,0.0,0.012000000000000455,0.04800000000000182,0.016999999999995907,0.3755170000658836,0.4630829954985218
177.6,15866.626420005,FOLLOW,14.041538677081375,7.7618056116306455,2.8546303321875106,0.03995726528731146,0.09443756749594974,0.05636716412002155,0.0580458894289191,0.023452722455862166,0.5554145146981827,inf,green,False,unknown,0,0.5968722576684224,0.022877682000398636,0.04479720000017551,0.044031387000359246,0.04613506300120207,-0.04599999999999227,-0.05299999999999727,-0.05299999999999727,24.998401999255293,0.4630829954985218
177.8,15866.769946284,FOLLOW,14.04991572768715,7.757034425209143,2.847744786849575,0.09450211466746326,0.09111103691109057,0.05973648651407012,0.06968069477444869,-0.011902539955620267,0.5212342711342844,inf,green,False,unknown,0,0.6556448981297747,0.024338373999853502,0.06236468199858791,0.023709719998805667,0.0,0.04200000000000159,0.045000000000015916,0.011000000000024102,24.954394000815228,0.4630829954985218
178.0,15867.028419072,FOLLOW,14.065862818228469,7.748026797693521,2.8345853711164746,0.034436976313608064,0.03392064709370183,-0.00583571878410107,-0.11022888326568858,0.5539530736096221,0.4494264660258911,inf,green,False,unknown,0,-0.17204031420687754,0.034311532999709016,0.05697631299881323,0.011013598999852547,0.0,0.05299999999999727,0.046999999999997044,0.007000000000005002,21.396309000920155,0.4630829954985218
178.2,15867.326867349,FOLLOW,14.072755457193143,7.7441573435223106,2.828881355814419,0.033673060483892514,0.03363301345434469,-0.004251001245286408,-0.10689665593659523,0.5602224814190777,0.44854410606572337,inf,green,False,unknown,0,-0.12639370691707277,0.008310278000863036,0.0918534840002394,0.027299618001052295,0.0,0.016999999999995907,0.044999999999987494,0.002999999999985903,0.41691099977470003,0.4630829954985218
178.3,15867.469994916,FOLLOW,14.076185731654368,7.742229301906207,2.8260442026285166,0.033607198011787597,0.033752934149514,-0.0030185326817653625,-0.10278878540314204,0.5585048937920791,0.4493382300298744,inf,green,False,unknown,0,-0.08943023052142049,0.0735698210010014,0.09592009100015275,0.02685921600095753,0.0,0.054000000000002046,0.045000000000015916,0.0010000000000047748,0.3431410004850477,0.4630829954985218
178.5,15867.720262793,FOLLOW,14.083064751837215,7.738359329495409,2.8203570037990677,0.033756053801080606,0.033820114428758666,-0.0016063823846801082,-0.09837805339266784,0.557727998841045,0.4498676460059748,inf,green,False,unknown,0,-0.04749784002250843,0.058092089000638225,0.06435949799924856,0.02086916500047664,0.0,0.043000000000006366,0.04400000000001114,-0.002999999999985903,0.3510589995130431,0.4630829954985218
178.7,15867.975412341,FOLLOW,14.090888787725726,7.733950407765529,2.8138934980513484,0.042828838323426766,0.04486261822340674,0.0010164832589058678,-0.09157753400554627,0.5591824598298453,0.597658840304646,inf,green,False,unknown,0,0.02265768916660163,0.07154350900054851,0.10095714099952602,0.02262741999948048,0.0,0.044999999999987494,0.04599999999999227,-0.007000000000005002,0.38166100057424046,0.4630829954985218
178.8,15868.081849196,FOLLOW,14.093934512677219,7.732229523050107,2.8113805324177696,0.044840999438258124,0.0447290229649166,0.00282215452922616,-0.0885190411134831,0.5641345970033527,0.5989555351476885,inf,green,False,unknown,0,0.06309448188572617,0.04975756000021647,0.07404675799989491,0.05465875799927744,0.0,0.045000000000015916,0.045000000000015916,0.025000000000005684,21.02602000013576,0.4630829954985218
179.0,15868.319728542,FOLLOW,14.103064289803559,7.727072232634577,2.8038469287045267,0.04470878093846193,0.029221238697658854,0.018576590996740597,-0.12967074876502577,0.9161188445835964,0.5341475404453369,inf,green,False,unknown,0,0.6357222289221064,0.05624295799862011,0.0685067189988331,0.036054539999895496,0.0,0.04800000000000182,0.04400000000001114,0.020999999999986585,0.2807529999699909,0.4630829954985218
179.2,15868.573323746,FOLLOW,14.109077823962897,7.7236818333237665,2.7988802646190516,0.029925564594465263,0.05595323694869571,0.010990731727074595,0.008440467954665298,0.0764293349873379,0.37024671485911165,inf,green,False,unknown,0,0.19642709388113055,0.006990919000600115,0.07652360600150132,0.02627833900078258,0.0,0.018999999999977035,0.042999999999977945,0.016999999999995907,0.3502609997667605,0.4630829954985218
179.3,15868.72645886,FOLLOW,14.115691342549905,7.719965633185328,2.793409571474116,0.0559394766161511,0.057608425405795326,0.011318481715250954,0.01089897911813186,0.06014674563067978,0.368171242658118,inf,green,False,unknown,0,0.19647267974299348,0.008289779998449376,0.10379505099990638,0.029476028999852133,0.0,-0.02199999999999136,0.043000000000006366,-0.018999999999977035,0.9773360015969956,0.4630829954985218
179.5,15868.920452435,FOLLOW,14.126321735251787,7.713999262865695,2.7846114093214624,0.07294014604657546,0.05630275313083559,0.013315812201237391,-0.06956185418403626,0.5577649749572863,0.7489556241997364,inf,green,False,unknown,0,0.23650374912030117,0.07509946500067599,0.05102071800138219,0.004672615999879781,0.0,0.07900000000000773,0.04099999999999682,0.01099999999999568,21.648623998771654,0.4630829954985218
179.7,15869.219823407,FOLLOW,14.14080607197221,7.705862035943223,2.772628859724261,0.06734860798111449,0.06733655635680984,0.023155900142842984,-0.05875037081154447,0.5587407667248179,0.8966430787518997,inf,green,False,unknown,0,0.34388304653035906,0.07950631200037606,0.10099410899965733,0.007958770000186632,0.0,0.04800000000000182,0.04099999999999682,-0.027000000000015234,0.3375899996171938,0.4630829954985218
179.8,15869.321054331,FOLLOW,14.14538474135313,7.703297026222101,2.768836111993816,0.067333303437892,0.03432200530870326,0.03997531994827063,-0.06567547780795185,0.9102406730557828,0.6245845463374933,inf,green,False,unknown,0,1.1647139958379362,0.05793831200026034,0.07931217799887236,0.017456902000049013,0.0,0.05299999999999727,0.04400000000001114,0.005000000000023874,27.42784000110987,0.4630829954985218
180.0,15869.578848229,FOLLOW,14.155560214775127,7.6976220251175125,2.7603901453051822,0.06433267308311313,0.0677489711455827,0.028965400127554893,-0.04917613556326167,0.5543826614223608,0.8980339359798327,inf,green,False,unknown,0,0.4275400738604938,0.10671565600023314,0.06879008500072814,0.010757941001429572,0.0,0.08500000000000796,0.04400000000001114,0.0010000000000047748,32.95820899984392,0.4630829954985218
180.2,15869.829261311,FOLLOW,14.169600034214252,7.689853816601976,2.7486952353998397,0.07540289664411812,0.08795082171767846,0.0009335771787942628,-0.03883382335389704,0.2600332657984623,0.8062565012219116,inf,green,False,bus,0,0.010614763575388065,0.05463429400151654,0.08141019400136429,0.029662282000572304,0.0,0.03899999999998727,0.04099999999999682,-0.0030000000000143245,26.38473299884936,0.4630829954985218
180.3,15869.970083701,FOLLOW,14.177339087945054,7.685600188318306,2.7422299759741477,0.07685481312209894,0.06067852105935924,-0.005745362371812914,0.07861597395287528,-0.5315849739783394,0.7850999786406568,inf,green,False,unknown,0,-0.09468527366038583,0.03735437300019839,0.10234831600064354,0.04463056700114976,0.0,0.020000000000010232,0.04400000000001114,-0.0049999999999954525,29.269450998981483,0.4630829954985218
180.5,15870.169816055,FOLLOW,14.189534077129435,7.678895191524678,2.732043672708802,0.060651587085792914,0.06827050655170266,0.04021307636651368,-0.030791828384939962,0.5478210987166611,0.8987253684691365,inf,green,False,unknown,0,0.5890256041393144,0.05574718100069731,0.046212479001042084,0.030262553000284242,0.0,0.05299999999999727,0.038000000000010914,0.025000000000005684,0.31422800020664,0.4630829954985218
180.7,15870.420474587,FOLLOW,14.204227240719437,7.670864377103811,2.719739457494841,0.07615326502157806,0.0686962165015428,0.04609257729540004,-0.02058823766312695,0.541136584410707,0.8979517022250062,inf,green,False,unknown,0,0.6709623854519685,0.07876753999880748,0.049362411999027245,0.034505642999647534,0.0,0.08399999999997476,0.03899999999998727,0.020999999999986585,21.507634000954567,0.4630829954985218
180.8,15870.569986294,FOLLOW,14.214089546859459,7.665538170275253,2.711439078741442,0.06871308852407843,0.052844950233612624,-0.03012062803384525,0.06195223275589129,-0.677355624838828,0.7907333941459793,inf,green,False,bus,0,-0.5699811978380233,0.06666182899971318,0.09127709600033995,0.015377576999526354,0.0,0.043000000000006366,0.040000000000020464,-0.014999999999986358,0.39145099981396925,0.4630829954985218
181.0,15870.771064202,FOLLOW,14.223775248899129,7.660333324053569,2.7032707051670877,0.057616325131150746,0.05790638640281431,0.04286692288712392,-0.011116344208999457,0.5319116533912271,0.7494949485355272,inf,green,False,bus,0,0.740279709200444,0.02306952299841214,0.04464986899984069,0.02213483099876612,0.0,0.04800000000000182,0.03499999999999659,0.014999999999986358,0.596006000705529,0.4630829954985218
181.2,15871.069807806,FOLLOW,14.238609465728429,7.652425093871739,2.690720332393822,0.09141388357383845,0.1,-0.017017711624182075,-0.007976769557643374,-0.06178127205910152,0.651437522318529,inf,green,False,unknown,0,-0.17017711624182072,0.10483963600017887,0.07894655400014017,0.019915480999770807,0.0,0.0519999999999925,0.036000000000001364,-0.023000000000024556,0.3077590008615516,0.4630829954985218
181.3,15871.172040334,FOLLOW,14.245393523633432,7.648832350802042,2.6849657138027068,0.09996228092559128,0.057827082457224184,-0.041789159041134734,0.02243904745395356,-0.5770878625347609,0.784751949927091,inf,green,False,unknown,0,-0.7226572267768651,0.07066470199970354,0.07467782599997008,0.02115564300038386,0.0,0.045000000000015916,0.03300000000001546,0.009000000000014552,0.6801439994887915,0.4630829954985218
181.5,15871.421640983,FOLLOW,14.259363216082974,7.641396572412363,2.673139444497455,0.063912578880407,0.1,-0.005567310497552682,0.0004559574531923273,-0.040602633841207394,0.6332498981419197,inf,green,False,unknown,0,-0.05567310497552681,0.022104372999820043,0.07549606900101935,0.028986065000935923,0.0,0.01099999999999568,0.03700000000000614,0.0049999999999954525,20.291990998885012,0.4630829954985218
181.7,15871.669994547,FOLLOW,14.2769144799558,7.631945818029809,2.6583499315539467,0.09997599052590204,0.06324028269704617,0.06778395062469261,0.011434257321989522,0.6074265542689118,0.8848602790066266,inf,green,False,unknown,0,1.0718476852706837,0.1025511900006677,0.06123897600082273,0.015134212000702973,0.0,0.07299999999997908,0.03499999999999659,0.0009999999999763531,17.694512998787104,0.4630829954985218
181.8,15871.826001876,FOLLOW,14.287037936131622,7.6264976591617994,2.649817541085459,0.06327491972486841,0.06322853150701606,0.0713692332574634,0.01507037318814744,0.62281794334631,0.8982121744001879,inf,green,False,unknown,0,1.1287504478819663,0.007911639999292674,0.09107726899856061,0.013224478998381528,0.0,-0.020999999999986585,0.034000000000020236,-0.03499999999999659,0.36259500120650046,0.4630829954985218
182.0,15872.073020939,FOLLOW,14.297794025736382,7.620798222338564,2.640695668231927,0.06329210788705054,0.04248211294858131,0.04814827065327608,0.01729714116071107,0.6155595217718838,0.5992099209711165,inf,green,False,unknown,0,1.1333774925826514,0.01997188899986213,0.09509852100018179,0.03088904200012621,0.0,0.00899999999998613,0.036000000000001364,-0.0049999999999954525,17.22940999934508,0.4630829954985218
182.2,15872.320838055,FOLLOW,14.306458155564805,7.616286532180595,2.6332989623412844,0.04249999245727993,0.04252155241568928,0.04833384828615004,0.017973254386108195,0.6144187521285255,0.5990925019457112,inf,green,False,unknown,0,1.1366905848977467,0.053618936999555444,0.06145268100044632,0.031453289000637596,0.0,0.044999999999987494,0.03499999999999659,0.024999999999977263,20.770614999491954,0.4630829954985218
182.3,15872.469838765,FOLLOW,14.312240791347831,7.613314739660594,2.628338396004892,0.04253971659861977,0.04248491364313303,0.04845948495025346,0.018276115863129216,0.6152935816797453,0.5990925019457113,inf,green,False,unknown,0,1.1406280675843181,0.02403725200019835,0.07021219700072834,0.02343093499985116,0.0,0.020000000000010232,0.034000000000020236,-0.01099999999999568,0.30050999885133933,0.4630829954985218
182.5,15872.673159791,FOLLOW,14.31946735828753,7.609645792701206,2.6221124962612006,0.0424944910809383,0.042476046816103515,0.048404025777846034,0.018783660191155765,0.6124289721794441,0.5972775058371338,inf,green,False,unknown,0,1.1395605148333885,0.04473115800101368,0.0519135920003464,0.02659006199974101,0.0,0.07800000000000296,0.036000000000001364,0.019000000000005457,0.7563130002381513,0.4630829954985218
182.7,15872.969945652,FOLLOW,14.328895938899024,7.604934255612449,2.6139455653376635,0.0323586138530742,0.03235041286469654,0.036685833389754445,0.020503321680424846,0.6015328130590125,0.44999999999999996,inf,green,False,unknown,0,1.1340143800695996,0.04147976099920925,0.06499870999869017,0.001754545999574475,0.0,0.04399999999998272,0.033999999999991815,-0.019000000000005457,18.874408000556286,0.4630829954985218
182.8,15873.12359823,FOLLOW,14.332196525526067,7.603304987464735,2.611075139105316,0.032358768161193915,0.03221822509294327,0.03664182238884298,0.020658763896498206,0.6027143992553494,0.44868997526589216,inf,green,False,unknown,0,1.137301086051094,0.03214785400086839,0.09917314000085753,0.017385398999977042,0.0,0.010000000000019327,0.034000000000020236,-0.020999999999986585,0.4652839998016134,0.4630829954985218
183.0,15873.380382396,FOLLOW,14.33879059248388,7.6000812366247565,2.605322838321208,0.03242213627836631,0.032374915508943274,0.03675881846006592,0.02116809682782958,0.5993181017147348,0.44934498763294606,inf,green,False,unknown,0,1.1354104831535896,0.029004883001107373,0.09153082700140658,0.01466591700045683,0.0,-0.007000000000005002,0.033999999999991815,-0.025000000000005684,0.5157689993211534,0.4630829954985218
183.2,15873.621329528,FOLLOW,14.344311819265126,7.597414096514136,2.600488562875842,0.03254243249659528,0.0323843871936946,0.03679082166357802,0.021315516088777298,0.599025824267299,0.44934498763294606,inf,green,False,unknown,0,1.1360666312296739,0.0320526309988054,0.06961988799957908,0.025175871000101324,0.0,0.04399999999998272,0.031999999999982265,0.0049999999999954525,0.5524030002561631,0.4630829954985218
183.3,15873.719940342,FOLLOW,14.347616200965422,7.595831893060772,2.5975876044184023,0.03239378474564168,0.03325044841823854,0.036142565095229486,0.023476620654592106,0.5602394137399905,0.4434498763294608,inf,green,False,unknown,0,1.086979779659289,0.03979213099955814,0.049215204000574886,0.0010040020006272243,0.0,0.04400000000001114,0.03200000000001069,0.0030000000000143245,17.21650299987232,0.4630829954985218
183.5,15874.027772519,FOLLOW,14.354496817019976,7.592570292323684,2.591529168604881,0.035161062019168354,0.035397586244604075,0.035086345059005285,0.02744493907096368,0.4820086636292097,0.4336246908236519,inf,green,False,unknown,0,0.9912072765795935,0.11819948300035321,0.091392991000248,0.02903004100153339,0.0,0.06800000000001205,0.03299999999998704,-0.0010000000000047748,0.7828319994587218,0.4630829954985218
183.7,15874.223130515,FOLLOW,14.364011404326234,7.588123719622623,2.583117571653722,0.07422821424652463,0.052955872810995494,-0.09912197557808747,-0.3160395093260778,0.43527296199184995,0.614341788023665,inf,green,False,unknown,0,-1.8717843804003222,0.03530734900050447,0.06315654900026857,0.006780138999602059,0.0,0.031999999999982265,0.033999999999991815,-0.005000000000023874,17.908580999574042,0.4630829954985218
183.8,15874.377046164,LANE_GRACE,14.370023059442483,7.585329269751229,2.577794888011447,0.05283957924435394,0.04,-0.07487137521601289,0.014995937279878017,0.07575221546078313,0.0,inf,green,False,unknown,0,-1.8717843804003222,0.1102556249988993,0.08477238199884596,0.040145085000403924,0.0,0.06800000000001205,0.030000000000001137,-0.0069999999999765805,19.58323799954087,0.4630829954985218
184.0,15874.61996083,LANE_GRACE,14.378931323006661,7.581093085658681,2.5699584190443594,0.03990746560441517,0.04,-0.07487137521601289,0.16034609016152332,-0.08437632407855428,0.0,inf,green,False,unknown,0,-1.8717843804003222,0.024867104999430012,0.07390361599937023,0.03295138700013922,0.0,0.003999999999990678,0.028999999999996362,-0.01099999999999568,0.3507740002532955,0.4630829954985218
184.2,15874.875935551,LANE_GRACE,14.387072589356276,7.577109387409919,2.5628584806928614,0.03990889416709119,0.04,-0.07487137521601289,0.1258428689701571,0.019573805510439548,0.0,inf,green,False,unknown,0,-1.8717843804003222,0.02175714099939796,0.09013826199952746,0.027843624999150052,0.0,0.001999999999981128,0.028999999999996362,-0.01500000000001478,0.484078000226873,0.4630829954985218
184.3,15874.970340857,LANE_GRACE,14.389786410129004,7.575757512270212,2.560505345562069,0.03990937841900981,0.04,-0.07487137521601289,0.11954249730910232,0.03248828906895507,0.0,inf,green,False,unknown,0,-1.8717843804003222,0.02317365300041274,0.06169342999965011,0.04675066100026015,0.0,0.011000000000024102,0.030000000000001137,0.01700000000002433,13.67383599972527,0.4630829954985218
184.5,15875.220589853,LANE_GRACE,14.39928504221645,7.570932100139844,2.5523238370639962,0.03991106971116508,0.04,-0.07487137521601289,0.11294993210782082,0.047321933762818034,0.0,inf,green,False,unknown,0,-1.8717843804003222,0.039652086999922176,0.0631348849983624,0.000397829999201349,0.0,0.03200000000001069,0.027999999999991587,-0.020999999999986585,20.446364000235917,0.4630829954985218
184.7,15875.469964384,LANE_GRACE,14.40607002368765,7.5673965133746135,2.546532895508404,0.03991225107455589,0.04,-0.07487137521601289,-0.03849595210856927,0.1442871692128375,0.026530176781227523,inf,green,False,unknown,0,-1.8717843804003222,0.05514894999942044,0.06365660299888987,0.03448367300006794,0.0,0.04099999999999682,0.027999999999991587,0.00899999999998613,0.4212580006424105,0.4630829954985218
184.8,15875.620176088,LANE_GRACE,14.41149815174837,7.564515093489782,2.5419327047624103,0.03991317299083243,0.04,-0.07487137521601289,0.010309898349325657,0.12771543649013306,0.14276139718451916,inf,green,False,unknown,0,-1.8717843804003222,0.07815130299968587,0.07776248600021063,0.029063059999316465,0.0,0.040000000000020464,0.029000000000024784,-0.026999999999986812,0.38200100061658304,0.4630829954985218
184.9,15875.774796685,FOLLOW,14.415569329368621,7.562323307815552,2.538501889841513,0.03991385271296939,0.03751555575656808,0.040085524423528786,0.14192585980172376,-0.17576116265366412,0.2999999999999997,inf,green,False,unknown,0,1.068504080910777,0.023937907000799896,0.10730620700087456,0.034419522000462166,0.05465705800088472,-0.02199999999999136,0.030000000000001137,-0.028999999999996362,30.273155000031693,0.4630829954985218
185.1,15875.970052933,FOLLOW,14.42259370518593,7.5585043775368845,2.5326063366108422,0.05627696907239364,0.06003625768802808,0.027250250398982698,0.057860129000380706,-0.07594372956634625,0.3968594499061988,inf,green,False,unknown,0,0.4538965526563244,0.042758490999403875,0.05214040700047917,0.023483838000174728,0.0,0.03999999999999204,0.028999999999996362,0.0010000000000047748,0.3878369989251951,0.4630829954985218
185.1,15876.023150773,LANE_GRACE,14.424629243839616,7.557402005971198,2.5308951397952133,0.06003705297087776,0.04,0.018155862106252977,-0.01624035592869763,0.15594788939043236,0.09572365662398251,inf,green,False,unknown,0,0.4538965526563244,0.023835547999624396,0.10523824700067053,0.03433247000066331,0.053097840000191354,-0.025000000000005684,0.028999999999996362,-0.03300000000001546,16.08246700016025,0.4630829954985218
185.2,15876.125236047,FOLLOW,14.429981328449367,7.554511107349231,2.5263909751463425,0.03623387378911974,0.08233029726856904,0.013286615848318096,0.025049468139291604,-0.05785506071533978,0.5235464340918424,inf,green,False,unknown,0,0.16138185199278374,0.03214370300156588,0.058421995001481264,0.010320198000044911,0.04232676300125604,-0.010000000000019327,0.027999999999991587,-0.03500000000002501,20.800016998691717,0.4630829954985218
185.3,15876.23526455,FOLLOW,14.433667840607981,7.552528158202503,2.5232831975243606,0.07023219571059128,0.04325850038722306,0.017088872099184117,0.01219594297252951,0.18533526186103472,0.3516767451648733,inf,green,False,unknown,0,0.39504078842805956,0.019837922000078834,0.06876746600028127,0.027909250000448083,0.0,0.011000000000024102,0.030000000000001137,-0.002999999999985903,17.34153600045829,0.4630829954985218
185.5,15876.471007971,FOLLOW,14.446583360284073,7.545606047351653,2.5123793037628515,0.08121084044492005,0.07085955774458373,0.01198442184789678,0.0324569322099192,-0.10169944824120311,0.4937527919871295,inf,green,False,unknown,0,0.1691292216512998,0.05751964599949133,0.04741927000031865,0.016020973000195227,0.0,0.04099999999999682,0.026999999999986812,-0.007000000000005002,17.531674999190727,0.4630829954985218
185.5,15876.578083706,LANE_GRACE,14.451597672149786,7.542925707462636,2.5081414858152105,0.07084628715500745,0.04,0.006765168866051992,-0.04599862618446418,0.07299737076416292,0.0,inf,green,False,unknown,0,0.1691292216512998,0.03887193299851788,0.03071019499839167,0.02986555099960242,0.10707573499894352,-0.05699999999998795,-0.07200000000000273,-0.07499999999998863,27.145519001351204,0.4630829954985218
185.7,15876.720426829,FOLLOW,14.459534972473886,7.538688962088508,2.5014295024674307,0.04001267151462833,0.06747243584922653,-0.0010605578652483386,0.017456196380414173,-0.12630866773794808,0.4932128864005637,inf,green,False,unknown,0,-0.015718387099855922,0.03830299900073442,0.048566799001491745,0.0003018040006281808,0.0,0.042999999999977945,0.025999999999982037,-0.011000000000024102,27.04235599958338,0.4630829954985218
185.8,15876.873686906,FOLLOW,14.465432483051005,7.535544345218475,2.496440312589537,0.06744804871528441,0.06892952151649591,0.036936175272111925,0.09088333010439878,-0.23438236131470516,0.6073287864434368,inf,green,False,unknown,0,0.5358542241334509,0.023198355998829356,0.07648314299876802,0.014225032999092946,0.0,0.011000000000024102,0.027000000000015234,-0.012999999999976808,16.076478001195937,0.4630829954985218
185.9,15876.981144009,LANE_GRACE,14.470066858192892,7.53307411351511,2.4925191664937634,0.06893682201924929,0.04,0.021434168965338035,-0.04915210007003993,0.13627263517318808,0.0,inf,green,False,unknown,0,0.5358542241334509,0.03839081700061797,0.05849487799969211,0.042276103000403964,0.0,0.03700000000000614,0.027000000000015234,0.019000000000005457,19.313142000100925,0.4630829954985218
186.0,15877.120655741,FOLLOW,14.47882455632347,7.528425921742893,2.4850967990218704,0.039995225107989286,0.05302019929669181,-0.014100129492854782,-0.00012140817657904646,-0.1774600410595118,0.42523675642848824,inf,green,False,unknown,0,-0.26593882482321335,0.024828683001032914,0.0762101710006391,0.0004983449998690048,0.0,0.008000000000009777,0.020999999999986585,-0.05099999999998772,24.92509900002915,0.4630829954985218
186.2,15877.370150879,FOLLOW,14.488575003495086,7.5232507436498635,2.476833109038069,0.07260328099694716,0.026073063275018654,-0.032005568956628976,-0.013321545522105155,-0.6838065608569479,0.3924744033208828,inf,green,False,unknown,0,-1.2275338965366,0.025815585999225732,0.0790074150008877,0.03302203900057066,0.0,0.0069999999999765805,0.020999999999986585,-0.021000000000015007,17.065529000319657,0.4630829954985218
186.3,15877.471631552,FOLLOW,14.494837808452106,7.519910939899631,2.471535145098781,0.037355944034335564,0.0593595907706122,-0.021563401938103906,-0.008763639399931307,-0.18625741094611403,0.4833333333333327,inf,green,False,unknown,0,-0.3632673618225066,0.058693200999186956,0.05958973300039361,0.013008313999307575,0.0,0.04400000000001114,0.021000000000015007,-0.022999999999996135,27.010838999558473,0.4630829954985218
186.5,15877.727735063,FOLLOW,14.504608117939641,7.5146571896126035,2.46329761546004,0.05931799945450469,0.06404770856003152,-0.03415410130986621,-0.030089398860945284,-0.16322616822776082,0.5010186871671515,inf,green,False,unknown,0,-0.5332603160635135,0.013681465999979991,0.03836860399860598,0.014544079998813686,0.0,0.0020000000000095497,0.020999999999986585,-0.026999999999986812,0.37294400135579053,0.4630829954985218
186.7,15877.973880326,FOLLOW,14.513817055208765,7.509669904986271,2.4555560844296687,0.0491677442992075,0.06754875546888137,-0.04218931903901926,-0.035704901270628225,-0.18991124566917317,0.5534412566951414,inf,green,False,unknown,0,-0.6245758155893073,0.03202777300066373,0.07065134200092871,0.03145915000095556,0.0,0.03499999999999659,0.018999999999977035,0.002999999999985903,0.7067249989631819,0.4630829954985218
186.7,15878.024317142,LANE_GRACE,14.515488759272397,7.508759397320785,2.454154096459872,0.0491677967761704,0.04,-0.024983032623572293,-0.1016804556290113,-0.06931842174688017,0.2036646180035867,inf,green,False,unknown,0,-0.6245758155893073,0.023142411000662833,0.12108815800092998,0.04934284800037858,0.05043681600000127,-0.03500000000002501,0.018999999999977035,-0.03100000000000591,34.721266998531064,0.4630829954985218
186.8,15878.121868327,LANE_GRACE,14.522173298319323,7.505104376268072,2.448557326859659,0.06749003152133003,0.04,-0.024983032623572293,-0.1016804556290113,-0.06931842174688017,0.2036646180035867,inf,green,False,unknown,0,-0.6245758155893073,0.026740302000689553,0.04512458200042602,0.0034908329998870613,0.0,-0.0009999999999763531,0.01700000000002433,-0.03299999999998704,0.29974000062793493,0.4630829954985218
186.8,15878.17370391,FOLLOW,14.523418093942661,7.5044212861247885,2.447516700125413,0.03514715161834413,0.03431680171160716,0.06425980784216938,0.3522244055652648,-0.6140805163736837,0.4833333333333319,inf,green,False,unknown,0,1.8725465263983043,0.04549514000063937,0.0969601650012919,0.010013029001129325,0.05183558300086588,-0.02400000000000091,0.01700000000002433,-0.06699999999997885,27.44889499990677,0.4630829954985218
186.9,15878.285600427,LANE_GRACE,14.526124554234986,7.502933526949039,2.4452558377607376,0.039956027322673615,0.04,0.07490186105593218,0.037180525104900435,0.24366569266070687,0.0,inf,green,False,unknown,0,1.8725465263983043,0.06359008099934726,0.0631270729991229,0.04457211400040251,0.0,0.006000000000000227,0.020000000000010232,-0.03499999999999659,22.275534000073094,0.4630829954985218
187.1,15878.472076701,LANE_GRACE,14.53218233425251,7.499629929044346,2.4401781853985822,0.040040007707682554,0.04,0.07490186105593218,0.022873066745012577,0.3207432476875732,0.043789223569289465,inf,green,False,unknown,0,1.8725465263983043,0.01925833200039051,0.06348796699967352,0.025977015000535175,0.0,0.0010000000000047748,0.019000000000005457,-0.0049999999999954525,0.36732999978994485,0.4630829954985218
187.3,15878.720243957,LANE_GRACE,14.540350559814048,7.495266011898982,2.433273483291653,0.04004067653389271,0.04,0.07490186105593218,0.035288602919774106,0.00037855331089228013,0.0,inf,green,False,unknown,0,1.8725465263983043,0.01409283199973288,0.013656879998961813,0.0002919159996963572,0.0,0.036000000000001364,0.018000000000000682,-0.00899999999998613,0.3604240009735804,0.4630829954985218
187.5,15879.02678752,LANE_GRACE,14.548518941042548,7.4910063490412355,2.4263037986831484,0.04004154613146982,0.04,0.07490186105593218,0.0,0.0,0.0,inf,green,False,unknown,0,1.8725465263983043,0.021023938001235365,0.07371130800129322,0.027863924000484985,0.0,0.007000000000005002,0.018000000000000682,-0.01300000000000523,0.5019559994252631,0.4630829954985218
187.7,15879.274764986,LANE_GRACE,14.556687522613137,7.486851705778318,2.419270773187132,0.04004263883365669,0.04,0.07490186105593218,0.0585151452950572,-0.1576334505804899,0.0,inf,green,False,unknown,0,1.8725465263983043,0.02056015599919192,0.07479805599905376,0.0199919709993992,0.0,0.0009999999999763531,0.01999999999998181,-0.01700000000002433,0.5786310011899332,0.4630829954985218
187.8,15879.37063308,FOLLOW,14.559410435401485,7.48549029080818,2.4169126400757523,0.040043049791346264,0.06105455837835063,-0.03183271904497698,-0.041593334611030965,-0.07945730627422239,0.40657019577564235,inf,green,False,unknown,0,-0.5213815297411858,0.08967122899957758,0.04583684299905144,0.03708619499957422,0.0,0.07400000000001228,0.018000000000000682,0.01500000000001478,22.398504999728175,0.4630829954985218
187.8,15879.477514734,LANE_GRACE,14.563794154971095,7.483320594244353,2.4131035227943083,0.04929786797621426,0.04,-0.020855261189647433,0.0,0.0,0.0,inf,green,False,unknown,0,-0.5213815297411858,0.025235184000848676,0.014793317001021933,0.01381475600101112,0.10688165400097205,-0.055999999999983174,-0.08099999999998886,-0.08699999999998909,22.05816099922231,0.4630829954985218
188.0,15879.627783471,LANE_GRACE,14.568602082012573,7.480939513166984,2.4089266095148267,0.039956931858077444,0.04,-0.020855261189647433,0.0,0.0,0.0,inf,green,False,unknown,0,-0.5213815297411858,0.06726600000001781,0.020617117999790935,0.019709414000317338,0.0,0.07099999999999795,0.019000000000005457,0.01099999999999568,0.4506549994403031,0.4630829954985218
188.0,15879.72061937,FOLLOW,14.57131915468488,7.479589184553072,2.4065688360815747,0.03995700620961843,0.03794472362873925,0.0015594098788637848,0.029794000530860044,-0.16924910591891115,0.2999999999999999,inf,green,False,unknown,0,0.04109688330112626,0.04904701000123168,0.11345301700021082,0.02616557399960584,0.09283589900041989,-0.02400000000000091,0.019000000000005457,-0.05699999999998795,21.974082999804523,0.4630829954985218
188.2,15879.921956665,FOLLOW,14.57661781202138,7.476947561898662,2.4019756243735957,0.03792215288455365,0.027949706684038973,-0.030590992643001667,-0.17716940009851462,0.37281669693997,0.29999999999999927,inf,green,False,unknown,0,-1.094501383818494,0.06733987600091496,0.07275405900145415,0.04807532100130629,0.0,0.042999999999977945,0.01999999999998181,0.0069999999999765805,0.3669199995783856,0.4630829954985218
188.3,15880.029383071,FOLLOW,14.579550573572835,7.475479224651668,2.3994369107385074,0.0278984095155463,0.05347431984379828,-0.08341831438228134,-0.19469934039273568,0.06791158332466171,0.3475174120183477,inf,green,False,unknown,0,-1.5599696195473132,0.037468569998964085,0.03700653499981854,0.014336262000142597,0.0,0.04400000000001114,0.01700000000002433,0.005000000000023874,0.4256169995642267,0.4630829954985218
188.3,15880.075303339,LANE_GRACE,14.581388905404863,7.4745533560746535,2.397848757313066,0.05554012097661695,0.04,-0.06239878478189253,-0.05989769086526339,-0.1067574049634638,0.0,inf,green,False,unknown,0,-1.5599696195473132,0.03764921199945093,0.08292680299928179,0.014507682999465032,0.04592026799946325,0.006000000000000227,0.01700000000002433,-0.028999999999996362,17.037229999914416,0.4630829954985218
188.4,15880.222831092,FOLLOW,14.586017955350133,7.472199579021929,2.393862815362678,0.03992031683829607,0.040538452345305835,-0.06802978592832827,-0.2253095472274666,0.13282744531072804,0.2999999999999997,inf,green,False,unknown,0,-1.678154492649392,0.018362046999754966,0.10000599600061832,0.03918953699940175,0.05114881000008609,-0.026999999999986812,0.016999999999995907,-0.03100000000000591,21.558770000410732,0.4630829954985218
188.5,15880.37025137,LANE_GRACE,14.591482760424537,7.469381736672742,2.389180543124024,0.040455229500019375,0.04,-0.06712617970597569,-0.15663090534207036,0.056552561177393997,0.0,inf,green,False,unknown,0,-1.678154492649392,0.06894276499951957,0.0007040539985609939,0.016550581998671987,0.049781044999690494,0.002999999999985903,-0.08199999999999363,-0.06700000000000728,23.79201200164971,0.4630829954985218
188.7,15880.52319575,LANE_GRACE,14.596948997518574,7.466520346107405,2.3845230768372674,0.03991846513637952,0.04,-0.06712617970597569,-0.1803606174642654,0.38717034301352443,0.18588326365523983,inf,green,False,unknown,0,-1.678154492649392,0.023273083999811206,0.025041414999577682,0.0003248030006943736,0.0,0.04200000000000159,0.016999999999995907,-0.0030000000000143245,0.3182050004397752,0.4630829954985218
188.7,15880.578690266,FOLLOW,14.59830622888141,7.465803211376296,2.38337077707171,0.03991868442655358,0.048362643918961064,-0.03810015675212241,-0.0754431850124257,-0.04662570632395678,0.2999999999999998,inf,green,False,unknown,0,-0.7878013620588029,0.047273902000597445,0.08053593099975842,0.009419886000614497,0.05549451600018074,0.009999999999990905,0.016999999999995907,-0.03700000000000614,20.343909000075655,0.4630829954985218
188.8,15880.678269143,FOLLOW,14.601368617281786,7.464176118269679,2.3807764022596483,0.050655128746413994,0.048362643918961064,-0.03810015675212241,-0.0754431850124257,-0.04662570632395678,0.2999999999999998,inf,green,False,unknown,0,-0.7878013620588029,0.05071713699908287,0.0584190680001484,0.028947057000550558,0.0,0.030000000000001137,0.016000000000019554,-0.0049999999999954525,0.42611000026226975,0.4630829954985218
188.8,15880.725017152,LANE_GRACE,14.603014544925928,7.4632981190473355,2.37938421147699,0.04830630832796341,0.04,-0.031512054482352114,-0.14394682037034806,0.9564942910551132,0.0,inf,green,False,unknown,0,-0.7878013620588029,0.010742850001406623,0.10516707700116967,0.030404358001760556,0.04674800900102127,-0.03099999999997749,0.016000000000019554,-0.03899999999998727,18.266573999426328,0.4630829954985218
188.9,15880.871622941,FOLLOW,14.609028364781699,7.460074459071848,2.3743074034853806,0.03995009163950604,0.033766017398956176,-0.02395617590637857,-0.11042388690209479,0.23969640673903492,0.2999999999999998,inf,green,False,unknown,0,-0.7094759095610469,0.029125903000021935,0.11047082600089198,0.0038948119999986375,0.05135692200019548,-0.027999999999991587,0.016999999999995907,-0.07499999999998863,18.335536999074975,0.4630829954985218
189.1,15881.08121619,FOLLOW,14.614681382542523,7.457023608302956,2.369548317958068,0.060002192910948625,0.036866916581934556,-0.044464530167340095,0.10000000000000003,-0.593749666710771,0.508840084249323,inf,green,False,unknown,0,-1.2060821541318838,0.022612750999542186,0.07315014599953429,0.02857713999947009,0.0,0.009999999999990905,0.016999999999995907,-0.01099999999999568,13.257845001135138,0.4630829954985218
189.3,15881.326839292,FOLLOW,14.622438958403233,7.45281816464525,2.3630295831972705,0.03680653207579006,0.040470536469680796,-0.04881079180422558,0.10000000000000003,-0.593749666710771,0.5585775295604359,inf,green,False,unknown,0,-1.2060821541318838,0.020839845999944373,0.05714067699955194,0.025492947999737225,0.0,0.009000000000014552,0.011000000000024102,-0.014999999999986358,12.984609000341152,0.4630829954985218
189.5,15881.573038129,FOLLOW,14.63061487410813,7.448321009281425,2.356201651897536,0.04228607375441166,0.04235134423859533,-0.051079200489666,0.10000000000000003,-0.593749666710771,0.5845365864146839,inf,green,False,unknown,0,-1.2060821541318838,0.020990175999031635,0.06303951299923938,0.014471137999862549,0.0,0.0010000000000047748,0.01099999999999568,-0.019000000000005457,0.31499100077780895,0.4630829954985218
189.7,15881.823243058,FOLLOW,14.639052011183466,7.443608616552046,2.349203222137577,0.040878745741747685,0.04168990502762611,-0.05028145046127295,0.10000000000000003,-0.593749666710771,0.5754073503667658,inf,green,False,unknown,0,-1.2060821541318838,0.054716506998374825,0.05963192599847389,0.014354655999341048,0.0,0.02199999999999136,0.012000000000000455,-0.023000000000024556,0.43839600039063953,0.4630829954985218
189.8,15881.931547012,FOLLOW,14.641881408748835,7.442012122010383,2.34686726628801,0.041626159062129554,0.04249416185356385,-0.05125145026637521,0.10000000000000003,-0.593749666710771,0.5865077663768421,inf,green,False,unknown,0,-1.2060821541318838,0.021449174999361276,0.05539406999923813,0.04479263100074604,0.0,0.011000000000024102,0.01300000000000523,0.009000000000014552,12.488152000514674,0.4630829954985218
190.0,15882.17087148,FOLLOW,14.650546900845512,7.437072284342293,2.339747710875013,0.044455868703700926,0.04452150015276807,-0.053696586809433504,0.10000000000000003,-0.593749666710771,0.6144892491427334,inf,green,False,unknown,0,-1.2060821541318838,0.04324313800134405,0.02142829300100857,0.017966344999877037,0.0,0.03700000000000614,0.009999999999990905,0.0049999999999954525,0.44423599865694996,0.4630829954985218
190.2,15882.484868543,FOLLOW,14.659579918573776,7.431842702538055,2.332382517556237,0.04504019414426608,0.045645712252917546,-0.05505247896088292,0.10000000000000003,-0.593749666710771,0.6300057130293412,inf,green,False,unknown,0,-1.2060821541318838,0.03390565700101433,0.07255169800009753,0.044403949001207366,0.0,0.01099999999999568,0.012999999999976808,0.0009999999999763531,17.190128999573062,0.4630829954985218
190.3,15882.573905618,FOLLOW,14.66419153495266,7.429141482671736,2.328644822207923,0.04558042286418862,0.045645712252917546,-0.05505247896088292,0.10000000000000003,-0.593749666710771,0.6300057130293412,inf,green,False,unknown,0,-1.2060821541318838,0.036535026998535614,0.026518360999034485,0.010544258999289013,0.0,0.04200000000000159,0.012000000000000455,-0.0009999999999763531,0.3553830010787351,0.4630829954985218
190.5,15882.821768309,FOLLOW,14.671966388603149,7.424539729275305,2.322378102505236,0.04608133720064631,0.0461461947806697,-0.0556561020060596,0.10000000000000003,-0.593749666710771,0.6369134122675115,inf,green,False,unknown,0,-1.2060821541318838,0.0066411870011506835,0.013359915001274203,0.029416781000691117,0.0,0.033999999999991815,0.01099999999999568,0.028999999999996362,0.31365199902211316,0.4630829954985218
190.7,15883.125506757,FOLLOW,14.682945088477204,7.417940452731734,2.313604299544779,0.04641283044200636,0.04602511291651859,-0.05551006733051793,0.10000000000000003,-0.593749666710771,0.6352422308488326,inf,green,False,unknown,0,-1.2060821541318838,0.030264324999734527,0.05368501799966907,0.036851635999482824,0.0,0.0,0.00899999999998613,-0.009000000000014552,15.790527999342885,0.4630829954985218
190.8,15883.222469501,FOLLOW,14.687664603646514,7.415067390684125,2.3098600662843896,0.04596212658325883,0.04602511291651859,-0.05551006733051793,0.10000000000000003,-0.593749666710771,0.6352422308488326,inf,green,False,unknown,0,-1.2060821541318838,0.005892509001569124,0.029152775001421105,0.012786901001163642,0.0,0.006000000000000227,0.007000000000005002,-0.01099999999999568,0.3743539982679067,0.4630829954985218
191.0,15883.471187758,FOLLOW,14.696989921327413,7.409327039216356,2.3025109851082095,0.04499703435836829,0.045058167411211734,-0.054343851612549295,0.10000000000000003,-0.593749666710771,0.6218963728818026,inf,green,False,unknown,0,-1.2060821541318838,0.007557135999377351,0.030803231999016134,0.01438083199900575,0.0,0.01099999999999568,0.00899999999998613,-0.014999999999986358,0.3081440008827485,0.4630829954985218
191.2,15883.720638648,FOLLOW,14.706047192177259,7.403671615938939,2.295436416332094,0.043781098987021205,0.041870656097054856,-0.05049945110045122,0.10000000000000003,-0.593749666710771,0.5779020908529108,inf,green,False,unknown,0,-1.2060821541318838,0.02399855200019374,0.053889292999883764,0.0020258099993952783,0.0,0.0049999999999954525,0.00899999999998613,-0.019000000000005457,0.5221340015850728,0.4630829954985218
191.3,15883.820153851,FOLLOW,14.708893565601091,7.401878137570268,2.2932261514535757,0.04181353264043089,0.040703058746455294,-0.04909123277268142,0.10000000000000003,-0.593749666710771,0.5617868203249844,inf,green,False,unknown,0,-1.2060821541318838,0.02640316500037443,0.025398939000297105,0.024731231000259868,0.0,0.03700000000000614,0.010000000000019327,0.01300000000000523,0.35390899938647635,0.4630829954985218
191.5,15884.13246134,FOLLOW,14.718415454948587,7.395822570663341,2.285877990067009,0.03871886115730478,0.03743677868703672,-0.045151830682619847,0.10000000000000003,-0.593749666710771,0.5167053658745505,inf,green,False,unknown,0,-1.2060821541318838,0.04540133299997251,0.07691193399841723,0.031956998000168824,0.0,0.009999999999990905,0.0049999999999954525,-0.025000000000005684,0.35294200097268913,0.4630829954985218
191.7,15884.377710644,FOLLOW,14.724704478725348,7.391776060825846,2.2810636999435667,0.036355121898802266,0.035142388641796134,-0.042384607794437326,0.10000000000000003,-0.593749666710771,0.48503801389174017,inf,green,False,unknown,0,-1.2060821541318838,0.07094247499844641,0.032015089000196895,0.031320005999077694,0.0,0.033999999999991815,0.0069999999999765805,0.0049999999999954525,1.0839290007425006,0.4630829954985218
191.8,15884.470579767,FOLLOW,14.728328842616957,7.389427200617281,2.27830347349606,0.035092968408140836,0.033308402533598555,-0.04017266987841444,0.10000000000000003,-0.593749666710771,0.45972519328377454,inf,green,False,unknown,0,-1.2060821541318838,0.03179191999879549,0.034590444000059506,0.03362553199985996,0.0,0.03500000000002501,0.005000000000023874,0.0030000000000143245,14.016574999914155,0.4630829954985218
192.0,15884.723327521,FOLLOW,14.735153380608857,7.384971101705508,2.2731346017277,0.03287075093485618,0.032082775598232666,-0.03869446310404629,0.10000000000000003,-0.593749666710771,0.4428089938597245,inf,green,False,unknown,0,-1.2060821541318838,0.12189185900024313,0.035738742000830825,0.020339459000751958,0.0,0.10900000000000887,0.0049999999999954525,-0.0010000000000047748,12.913152000692207,0.4630829954985218
192.1,15884.885377217,LANE_GRACE,14.739568437173133,7.38206522137205,2.269810667460962,0.03203706736135681,0.04,-0.04824328616527535,-0.16503727003208668,1.0411949500406645,0.0,inf,green,False,unknown,0,-1.2060821541318838,0.05314374800036603,0.07415760399999272,0.03395060600087163,0.0648568240012537,0.009999999999990905,0.0010000000000047748,-0.03700000000000614,16.618542998912744,0.4630829954985218
192.3,15885.070368375,FOLLOW,14.746075811638796,7.377749494367117,2.2649403278276403,0.039947736833194976,0.025459334125633584,-0.007652817021991681,0.14654899617905265,-0.8681261021927374,0.4484117520716981,inf,green,False,unknown,0,-0.300589834134212,0.038989945000139414,0.014841901000181679,0.01220137599921145,0.0,0.038000000000010914,0.0010000000000047748,-0.0069999999999765805,16.61603200045647,0.4630829954985218
192.5,15885.320087283,FOLLOW,14.752106326633685,7.3737229119477705,2.2604510379141516,0.03188102709947486,0.02530772107872944,-0.008309523641351685,0.115803752364537,-0.782830157044852,0.41576021802778973,inf,green,False,unknown,0,-0.3283394666592737,0.028283543999350513,0.02773540099951788,0.002163179000490345,0.0,0.03700000000000614,0.002999999999985903,-0.01099999999999568,24.779797000519466,0.4630829954985218
192.7,15885.570298471,FOLLOW,14.756645922495197,7.3706848149559745,2.257077924769575,0.025373637346572192,0.02552065546175254,-0.010188250444043683,0.11312638977648337,-0.798160767086721,0.4246923350640186,inf,green,False,unknown,0,-0.39921586102334544,0.042303582000386086,0.008069887000601739,0.020205718999932287,0.0,0.04099999999999682,0.0,0.018999999999977035,20.16639499925077,0.4630829954985218
192.8,15885.734568063,FOLLOW,14.760104935428279,7.368365757591481,2.2545114599976945,0.025497064174265505,0.025262687993722922,-0.01080031918951505,0.1126647255838022,-0.806152834082648,0.4232036488913138,inf,green,False,unknown,0,-0.4275205865741061,0.022202625001227716,0.03779887100063206,0.023754740001095342,0.0,-0.001999999999981128,0.0020000000000095497,-0.016999999999995907,0.33061899921449367,0.4630829954985218
193.0,15885.976007242,FOLLOW,14.765308278464909,7.364869599955369,2.250657676589007,0.025642233229369177,0.025347884427437947,-0.012049831511002283,0.11106524634123666,-0.816898858916486,0.42841405049578063,inf,green,False,unknown,0,-0.47537819361204287,0.019765193999774056,0.03637165299915068,0.023693057999480516,0.0,0.0049999999999954525,0.0,-0.020999999999986585,0.4495030007092282,0.4630829954985218
193.2,15886.226652923,FOLLOW,14.769619988674012,7.361964922687826,2.247471191488787,0.02541718699917319,0.025465827247020532,-0.01394487236516672,0.10777006312285703,-0.8302033486588544,0.4351131382729521,inf,green,False,unknown,0,-0.5475915716344244,0.022032127999409568,0.030092476999925566,0.029449555000610417,0.0,0.0009999999999763531,0.0,0.00899999999998613,0.3485229990474181,0.4630829954985218
193.3,15886.320125654,FOLLOW,14.772214058187998,7.3602137542115535,2.2455573982637604,0.025439951478330013,0.02573938439510244,-0.01535914945474448,0.10580779069887358,-0.8400322086225491,0.4433009122228286,inf,green,False,unknown,0,-0.5967178242874737,0.022673654999380233,0.023947973999383976,0.026621899000019766,0.0,0.03500000000002501,0.0030000000000143245,0.007000000000005002,17.097504000048502,0.4630829954985218
193.5,15886.575034186,FOLLOW,14.777446547453948,7.356672500598004,2.241705328243974,0.02590035310605258,0.02580251931136761,-0.016813129562882036,0.10310623275825226,-0.8494602369755623,0.447766970740943,inf,green,False,unknown,1,-0.6516080604375251,0.030892660999597865,0.006559175000802497,0.011596366000958369,0.0,0.04400000000001114,0.002999999999985903,0.002999999999985903,15.586383000481874,0.4630829954985218
193.7,15886.877109379,FOLLOW,14.783589692209574,7.3524979418277985,2.23719852991628,0.025817169273734376,0.025829171739901253,-0.018193776496293106,0.09620459824669964,-0.8460960620510217,0.4470226276545901,inf,green,False,unknown,1,-0.7043886919605368,0.08089975300026708,0.040454365000186954,0.012333172000580817,0.0,0.04399999999998272,0.0,-0.03500000000002501,1.46490699989954,0.4630829954985218
193.8,15886.972612238,FOLLOW,14.785344187993656,7.351302100167741,2.2359147005426405,0.02580095529595128,0.025902794603256264,-0.019026740398839708,0.09309185641952505,-0.8466923005869676,0.448511313827295,inf,green,False,unknown,1,-0.7345439243242056,0.05690360100015823,0.01536107999891101,0.014548131999617908,0.0,0.036000000000001364,0.0,-0.002999999999985903,0.5580830002145376,0.4630829954985218
194.0,15887.221617613,FOLLOW,14.79062209356053,7.347694458731347,2.2320622762240108,0.02586957411721614,0.025965543596848762,-0.020490856256343965,0.08599512616346078,-0.8436795122396128,0.44851131382729537,inf,green,False,unknown,1,-0.7891556816407566,0.007125465999706648,0.030142155999783427,0.014405321000594995,0.0,0.00899999999998613,0.0,-0.007000000000005002,20.113107999350177,0.4630829954985218
194.2,15887.470806572,FOLLOW,14.795911659438678,7.344062772117189,2.2282164580062416,0.02603502974947319,0.033197012617036274,-0.02586219624532297,0.06529776242607344,-0.7744868682882347,0.5415202136820548,inf,green,False,unknown,1,-0.7790519148114801,0.05871327000022575,0.03256318800049485,0.01823713200064958,0.0,0.03799999999998249,-0.0010000000000047748,-0.011000000000024102,16.052926999691408,0.4630829954985218
194.3,15887.571259586,FOLLOW,14.797911284641742,7.342685530506389,2.226766731877657,0.03316449704696359,0.03335200411746789,-0.02697684555168688,0.0635844975895481,-0.7800004799614205,0.5466025120317692,inf,green,False,unknown,1,-0.8088523093446711,0.042820007000045734,0.009800531001019408,0.02634745599971211,0.0,0.043000000000006366,-0.002999999999985903,0.021000000000015007,20.93937799872947,0.4630829954985218
194.5,15887.822037425,FOLLOW,14.80471106578422,7.3379846203318975,2.2218536524349983,0.03373624532594524,0.033770602642568134,-0.028667178149801367,0.060678894655286586,-0.7854495687398568,0.5560186991488537,inf,green,False,unknown,1,-0.8488796736385789,0.01958144399941375,0.009424990999832517,0.024093607999020605,0.0,0.03999999999999204,-0.003999999999990678,0.016999999999995907,0.4023380006401567,0.4630829954985218
194.7,15888.073602054,FOLLOW,14.811619405720394,7.333179447823397,2.2168902530020076,0.033996689451078664,0.034166644583214834,-0.031242695734449002,0.05577680853133876,-0.7941632100435065,0.5666743051653806,inf,green,False,unknown,1,-0.914420953990832,0.050075926001227344,0.011388875000193366,0.030267559001003974,0.0,0.042999999999977945,-0.005000000000023874,0.012999999999976808,0.2995099985128036,0.4630829954985218
194.8,15888.227874188,FOLLOW,14.816268909365299,7.329927946722023,2.2135667619668666,0.03437420059507986,0.03471039440802591,-0.03343067789559249,0.051298304824152596,-0.7981761158911939,0.5776272993452765,inf,green,False,unknown,1,-0.9631316055533636,0.08165364200067415,0.04225057999974524,0.01468705899969791,0.0,0.043000000000006366,-0.007999999999981355,-0.022999999999996135,16.415242000221042,0.4630829954985218
195.0,15888.472205074,FOLLOW,14.822159417552717,7.325787230891622,2.2093771955819976,0.03487836387624805,0.03517491906154818,-0.03614488770181077,0.04560835520888212,-0.8046839298249188,0.5885369406436015,inf,green,False,unknown,1,-1.0275755756129918,0.006405078000170761,0.013059221000730759,0.03882605299986608,0.0,0.006000000000000227,-0.007000000000005002,0.007000000000005002,21.6652349990909,0.4630829954985218
195.2,15888.778254644,FOLLOW,14.830544702501983,7.319849956963311,2.2034559334195354,0.03554229006510758,0.03561148054450579,-0.038063763331437475,0.041660699467290785,-0.8081686995924796,0.5975649463891451,inf,green,False,unknown,1,-1.068862140788191,0.03880321299948264,0.03836753599898657,0.00991032399906544,0.0,0.00899999999998613,-0.008000000000009777,-0.03100000000000591,0.3134970011160476,0.4630829954985218
195.3,15888.874743066,FOLLOW,14.832963623637083,7.318127506557362,2.2017575984835744,0.035573108994957824,0.03578319179062037,-0.038834721066252006,0.03935143357377785,-0.8072707279098482,0.5999999999999994,inf,green,False,unknown,1,-1.085278286338658,0.0071645230000285665,0.026548306999757187,0.026043927000500844,0.0,-0.002999999999985903,-0.0049999999999954525,0.0010000000000047748,0.3477649988781195,0.4630829954985218
195.5,15889.181730502,FOLLOW,14.840232624130596,7.312924746678782,2.196681242554916,0.03565416926841087,0.04253725954355567,-0.04680686762028864,0.02181780562031016,-0.7546662311783252,0.6821713494696064,inf,green,False,unknown,1,-1.1003733696657432,0.012671201999182813,0.03389659499953268,0.033401479999156436,0.0,-0.02199999999999136,-0.0049999999999954525,-0.002999999999985903,0.5655309996654978,0.4630829954985218
195.7,15889.427811368,FOLLOW,14.848672890620545,7.306832984023075,2.1908393232910934,0.04274894613492637,0.04333328283781161,-0.04938602351689548,0.017132857915006072,-0.7555854504106032,0.6954904328597583,inf,green,False,unknown,1,-1.139678793820864,0.13364377799916838,0.04420799699983036,0.04160527599924535,0.0,0.07399999999998386,-0.005000000000023874,-0.007000000000005002,0.5690690013580024,0.4630829954985218
195.8,15889.521196338,FOLLOW,14.851615657125535,7.304696080361106,2.1888160805228196,0.04328898036422555,0.043663507801246865,-0.05101521859409537,0.014177804316437448,-0.7580912255338206,0.7023100730646044,inf,green,False,unknown,1,-1.1683719692497672,0.028985498000110965,0.01355848500134016,0.028459134000513586,0.0,0.034000000000020236,-0.0049999999999954525,0.025000000000005684,0.3339949998917291,0.4630829954985218
196.0,15889.831449485,FOLLOW,14.862023172918054,7.297083881667161,2.181718930693723,0.04396490586383332,0.044152765795596134,-0.051760372952343627,0.012606877973274921,-0.7543344559123704,0.7078758178011915,inf,green,False,unknown,1,-1.1723019389536473,0.33923864499956835,0.03099694100092165,0.029013415000008536,0.0,0.23400000000000887,-0.006000000000000227,-0.01300000000000523,0.36764799915545154,0.4630829954985218
196.2,15890.079194326,FOLLOW,14.871120655119265,7.290359859668827,2.175591049569927,0.045234480385948274,0.0455164210034762,-0.056798250010558764,0.003605049020972806,-0.7575886861487664,0.7317957498278908,inf,green,False,unknown,1,-1.2478628318826066,0.17746406399965053,0.035282227998322924,0.027441576999990502,0.0,0.13700000000000045,-0.007000000000005002,-0.01700000000002433,0.546472001587972,0.4630829954985218
196.3,15890.172541104,FOLLOW,14.874202168635923,7.288067051804999,2.173532227298883,0.04531730957843072,0.04656876418329974,-0.05984334023356485,-0.002405851836005446,-0.754130810365187,0.7464784103413477,inf,green,False,bus,1,-1.2850532171739608,0.025002604999826872,0.12862900599975546,0.0299879680005688,0.0,0.03900000000001569,0.09300000000001774,0.01500000000001478,20.84290299899294,0.4630829954985218
196.5,15890.470111374,FOLLOW,14.887374477729296,7.2781776856024,2.1648312935454324,0.052594509590681016,0.04536348255583422,-0.056542069343112365,-0.014112571341746954,-0.6906738238569147,0.6871772636477522,inf,green,False,bus,1,-1.2464225883345559,0.020888303999527125,0.02049845399960759,0.0002745769998000469,0.0,0.0020000000000095497,-0.00899999999998613,-0.05699999999998795,0.31628400029148906,0.4630829954985218
196.7,15890.670024184,FOLLOW,14.893571208651943,7.273475914580552,2.160794878953098,0.04563780528928258,0.04630303407372042,-0.06030782148185597,-0.020515666650971154,-0.6954564695651212,0.7044855310632121,inf,green,False,bus,1,-1.302459389288359,0.07370862000061607,0.001261107001482742,0.017799297000237857,0.0,0.07099999999999795,-0.007000000000005002,0.0069999999999765805,22.17083499999717,0.4630829954985218
196.8,15890.830586997,FOLLOW,14.899819005071468,7.268703552520472,2.1567625935351478,0.04625615129788672,0.0468268985262043,-0.061781843900186796,-0.023226761258033052,-0.694019565111852,0.7115214327940952,inf,green,False,bus,1,-1.319366557356211,0.017240612000023248,0.02597672200136003,0.020105510000576032,0.0,0.008000000000009777,-0.00899999999998613,-0.028999999999996362,0.33503999839012977,0.4630829954985218
197.0,15891.077264659,FOLLOW,14.907808014381391,7.262553586108378,2.151663415425823,0.04706618652254299,0.047933424959466224,-0.06566889206745861,-0.02970810747262362,-0.6967320250004326,0.7301405864028012,inf,green,False,bus,1,-1.3700020835771693,0.02199263799957407,0.021643064999807393,0.021177620999878854,0.0,0.009999999999990905,-0.007000000000005002,0.0010000000000047748,0.5133510003361152,0.4630829954985218
197.2,15891.281275787,FOLLOW,14.915897519242154,7.25627176919404,2.1465665289625653,0.04775217900017697,0.05828659972252251,-0.0820677941317253,-0.03460735789327113,-0.6992285587240569,0.8898652084154783,inf,green,False,bus,1,-1.4080044902673146,0.0409862719989178,0.12693079599921475,0.0453983759998664,0.0,0.03999999999999204,0.09199999999998454,0.03099999999997749,25.48131699950318,0.4630829954985218
197.3,15891.420389702,FOLLOW,14.922209044668243,7.251333714806911,2.142635777195638,0.05807577692500916,0.04915214608572853,-0.06990181226093536,-0.03742568796051671,-0.6964088924222838,0.7484840284726653,inf,green,False,bus,1,-1.4221517843598606,0.0370596070006286,0.013412973999948008,0.014561571999365697,0.0,0.036000000000001364,-0.01099999999999568,-0.0049999999999954525,29.47213900006318,0.4630829954985218
197.5,15891.683678312,FOLLOW,14.932865814741897,7.2429220682673385,2.1360929276776686,0.049230142632514684,0.04989673879518849,-0.0720123359243445,-0.04501819002708418,-0.6787806672137222,0.7476060717953091,inf,green,False,bus,1,-1.4432273062961904,0.021011900998928468,0.02902488799918501,0.029370062999078073,0.0,-0.0020000000000095497,-0.00899999999998613,-0.00899999999998613,26.50918300059857,0.4630829954985218
197.7,15891.930875385,FOLLOW,14.94299387708417,7.2348367626294685,2.1299934410678074,0.049922228065261795,0.0504116134632925,-0.07350374247229485,-0.050276144074431345,-0.6665447866099944,0.7467533822760115,inf,green,False,bus,1,-1.458071611332516,0.02128710100078024,0.020818369999688002,0.014332914999613422,0.0,0.009999999999990905,-0.009000000000014552,-0.01300000000000523,25.127191000137827,0.4630829954985218
197.8,15892.085185025,FOLLOW,14.948114948991597,7.230715039820746,2.126954251621377,0.05035921179719043,0.05103526183687293,-0.07447230713161593,-0.05319012677134552,-0.6551753573687614,0.7479326478768153,inf,green,False,bus,1,-1.4592323905313984,0.03481350900074176,0.03751184800057672,0.02916910400017514,0.0,0.011000000000024102,-0.009999999999990905,-0.014999999999986358,34.4038269995508,0.4630829954985218
198.0,15892.330161584,FOLLOW,14.956738429584782,7.223723971457407,2.1219056421187084,0.05092581723929929,0.061855024468708164,-0.0912295654207561,-0.058031196451569844,-0.6449101422432478,0.8976797557785753,inf,green,False,bus,1,-1.474893368879164,0.022212095998838777,0.012720157999865478,0.055704927999613574,0.0,0.01099999999999568,-0.009999999999990905,0.014999999999986358,33.76017300070089,0.4630829954985218
198.2,15892.573892872,FOLLOW,14.968809270674797,7.213833668343148,2.114985850626351,0.04961752562430454,0.051795986207652245,-0.07674681407583372,-0.06103441367336751,-0.6365808648129818,0.7457045580134645,inf,green,False,bus,1,-1.481713539889994,0.035971651999716414,0.11731358100041689,0.012117681000745506,0.0,0.03899999999998727,0.08599999999998431,0.01099999999999568,0.42093699994438794,0.4630829954985218
198.3,15892.731590032,FOLLOW,14.975858718053527,7.208001876302103,2.111025485010978,0.052232507398872426,0.05280222587122883,-0.07834046511176117,-0.06531285230275846,-0.6192251989179507,0.7474633217626913,inf,green,False,bus,1,-1.4836583840767166,0.06807336600104463,0.029849342001398327,0.014361078001456917,0.0,0.04100000000002524,-0.013999999999981583,-0.024999999999977263,31.778960999872652,0.4630829954985218
198.5,15892.975472291,FOLLOW,14.984790014062154,7.200555033734462,2.106094816644576,0.05274824423588955,0.05320268253827421,-0.07940576657516485,-0.06871558663028712,-0.6102509094881035,0.7465008114096994,inf,green,False,bus,1,-1.492514339254229,0.022306455999569152,0.025419089000934036,0.04496762700000545,0.0,0.008000000000009777,-0.01300000000000523,0.0049999999999954525,0.2848759995686123,0.4630829954985218
198.7,15893.220093248,FOLLOW,14.995651518355192,7.191413129140345,2.1002300509301675,0.053758300168423055,0.05403687935971631,-0.08099022815882453,-0.07249018413205521,-0.5976681429698235,0.7487621261485077,inf,green,False,bus,1,-1.4987954359777769,0.0006263099985517329,0.1315393659988331,0.00645463699947868,0.0,0.01099999999999568,0.08599999999998431,0.0009999999999763531,0.3157150003971765,0.4630829954985218
198.8,15893.379956159,FOLLOW,15.001370780776707,7.186562365876427,2.0972002181238096,0.06109833335532315,0.06584405067313336,-0.09895732452473803,-0.07639729302119144,-0.5826767874143962,0.8986586136920194,inf,green,False,bus,1,-1.502904567885524,0.020579605999955675,0.021480646000782144,0.03103450399976282,0.0,0.011000000000024102,-0.012999999999976808,-0.0009999999999763531,37.12680399985402,0.4630829954985218
199.0,15893.621374183,FOLLOW,15.012579453425925,7.176982254181519,2.0913818796699872,0.06889503412447096,0.07401221913841213,-0.11124792214161879,-0.07912360481648868,-0.570046411346153,0.9971567718191912,inf,green,False,bus,1,-1.5031021017431083,0.06364712799950212,0.10483710399967094,0.040048184999250225,0.0,0.07499999999998863,0.08699999999998909,0.028999999999996362,30.550859000868513,0.4630829954985218
199.2,15893.921205413,FOLLOW,15.030130979571789,7.161790987539474,2.082591837083937,0.07523502183430358,0.0763348288064841,-0.11455848233756723,-0.08502057979680984,-0.5398506355824274,0.9964352412618037,inf,green,False,bus,1,-1.5007367426995042,0.03543237499980023,0.03699860000051558,0.0402781650009274,0.0,0.0069999999999765805,-0.01300000000000523,-0.009000000000014552,31.18792999885045,0.4630829954985218
199.3,15894.028070131,FOLLOW,15.037834532378659,7.155053021918322,2.078857672315607,0.07600666758806855,0.07730301525864462,-0.11585178223605308,-0.08701380525816557,-0.5283956361651716,0.9967747503963242,inf,green,False,bus,1,-1.498670936035676,0.02357867799946689,0.014313988000139943,0.023140265000620275,0.0,0.010000000000019327,-0.013999999999981583,-0.01099999999999568,35.480709999319515,0.4630829954985218
199.5,15894.27396559,FOLLOW,15.050853692645271,7.143571508248991,2.0727202080229996,0.07697985097213302,0.07923037591464026,-0.11826248136781453,-0.09044339074536185,-0.5063470719863283,0.9973641558695876,inf,green,False,bus,1,-1.4926406697252825,0.006913193999935174,0.012130872000852833,0.0501943700000993,0.0,0.0010000000000047748,-0.014000000000010004,0.019000000000005457,30.084656000326504,0.4630829954985218
199.7,15894.520290465,FOLLOW,15.069578822217117,7.126858270327262,2.0642776432782806,0.0794084734131505,0.08128476016929745,-0.12065855138769786,-0.09372924337494953,-0.4827109812640348,0.996540977928504,inf,green,False,bus,1,-1.4843932753986586,0.007363448999967659,0.014370042999871657,0.01177108599949861,0.0,0.0069999999999765805,-0.01300000000000523,-0.019000000000005457,35.40487099962775,0.4630829954985218
199.8,15894.623044333,FOLLOW,15.074980382602938,7.121994982738753,2.061927073911337,0.07950170778174241,0.08192891044477671,-0.121210649944224,-0.09440405898405432,-0.4751349993215579,0.9958174581459118,inf,green,False,bus,1,-1.4794612705843893,0.03429091300131404,0.11712391100081732,0.024521765000827145,0.0,0.04100000000002524,0.08700000000001751,0.01300000000000523,32.19307899962587,0.4630829954985218
200.0,15894.870299684,FOLLOW,15.09157827805454,7.10693839912494,2.0549430468842886,0.0816085867673867,0.08338588871571218,-0.12267544575024623,-0.0960615748660233,-0.45950858421789137,0.995428988247117,inf,green,False,bus,1,-1.4711775294316776,0.00040417700074613094,0.1290495329994883,0.024074046999885468,0.0,0.01099999999999568,0.08699999999998909,0.00899999999998613,0.35033899985137396,0.4630829954985218
200.2,15895.121057444,FOLLOW,15.108664376074875,7.091269577237704,2.0481306564623103,0.08455707501935879,0.08588266599011672,-0.12515958954385997,-0.09832681836433199,-0.435713307353282,0.9968512060960788,inf,green,False,bus,1,-1.4573323743613547,0.03529711400005908,0.11931632799860381,0.010889463999774307,0.0,0.04200000000000159,0.08399999999997476,0.0049999999999954525,0.30599700039601885,0.4630829954985218
200.3,15895.278862359,FOLLOW,15.117386677321281,7.083208052986178,2.044800565879175,0.08553309202667489,0.08831976819300812,-0.12710251784636467,-0.09973659643033064,-0.4125939083426481,0.9967792447204605,inf,green,False,bus,1,-1.4391174302971825,0.021101686999827507,0.030221269000321627,0.04467343900068954,0.0,0.009000000000014552,-0.012999999999976808,0.0030000000000143245,26.882440999543178,0.4630829954985218
200.5,15895.526502997,FOLLOW,15.135271524617934,7.066553170088903,2.0382839483562263,0.08850148105674548,0.09126566970180783,-0.12931097125918084,-0.10094491466655406,-0.38692260130371525,0.9974863640482262,inf,green,False,bus,1,-1.4168632266840135,0.038769368000430404,0.030356903000210878,0.043730665998737095,0.0,0.007000000000005002,-0.014000000000010004,-0.0010000000000047748,33.65357000075164,0.4630829954985218
200.7,15895.770266111,FOLLOW,15.153648918417408,7.049275734484895,2.032022868480298,0.09081864821853212,0.09214501299791124,-0.1299033901476603,-0.10134109771662708,-0.3786240287506823,0.9964766840238561,inf,green,False,bus,1,-1.4097712499167478,0.06256993299939495,0.012731553999401513,0.023488935999921523,0.0,0.03999999999999204,-0.016000000000019554,-0.005000000000023874,0.2827709995472105,0.4630829954985218
200.8,15895.870116749,FOLLOW,15.163008134311077,7.040417184745979,2.029002943096305,0.09168888007945995,0.09408483977135869,-0.13113011612290737,-0.10171013757715885,-0.3628463546624774,0.9968371812303368,inf,green,False,bus,1,-1.3937433112664557,0.09867553799995221,0.11258219199953601,0.0004933130003337283,0.0,0.10600000000002296,0.08400000000000318,-0.0069999999999765805,0.2433520003251033,0.4630829954985218
201.0,15896.120198914,FOLLOW,15.182361355133025,7.021981272443471,2.023117059654515,0.09687567220534408,0.09727668865091144,-0.1327629966790721,-0.10184374799113911,-0.33741292626679453,0.9962928838279511,inf,green,False,bus,1,-1.3647976562556252,0.11163346600005752,0.007540499000242562,0.007977399000083096,0.0,0.10300000000000864,-0.01300000000000523,-0.01099999999999568,0.3172839988110354,0.4630829954985218
201.2,15896.370581692,FOLLOW,15.202390544262942,7.002748294720673,2.0175279289215,0.09956126123624144,0.1,-0.13379417549347547,-0.10202722438819231,-0.3134583735834725,0.9946114324131977,inf,green,False,bus,1,-1.3379417549347548,0.041674279998915154,0.011519106999912765,0.010500228998353123,0.0,0.09199999999998454,-0.014000000000010004,-0.01500000000001478,0.2732540015131235,0.4630829954985218
201.3,15896.478617372,FOLLOW,15.209162207393408,6.996213506676547,2.015752613702204,0.0995839643777717,0.1,-0.13148763134688762,-0.10127557861084165,-0.2984347661772507,0.994752658902895,inf,green,False,bus,1,-1.3148763134688761,0.06330013200022222,0.11955478700110689,0.012002258999928017,0.0,0.10800000000000409,0.08600000000001273,0.01700000000002433,1.6453709995403187,0.4630829954985218
201.5,15896.772367327,FOLLOW,15.232868849701939,6.973219287077832,2.0099881803858137,0.09955877328340929,0.1,-0.12750877201336153,-0.10021614880365794,-0.27135516945987775,0.9966499490852707,inf,green,False,bus,1,-1.2750877201336153,0.09179649599900586,0.017715362999297213,0.017206332999194274,0.0,0.10099999999999909,-0.014999999999986358,-0.020999999999986585,0.2693030000955332,0.4630829954985218
201.7,15896.971830496,FOLLOW,15.249805320572358,6.9566911229273956,2.0062930953265483,0.09957705770290828,0.1,-0.12600714021828927,-0.0997736446502904,-0.2614890815745374,0.9985600917705668,inf,green,False,bus,1,-1.2600714021828927,0.19767740600036632,0.01284927500091726,0.03405434399974183,0.0,0.22299999999998477,-0.01500000000001478,0.00899999999998613,0.5309640000632498,0.4630829954985218
201.8,15897.123895138,FOLLOW,15.263345809454808,6.943423871966801,2.00358736823329,0.09954249371182303,0.06186811979272939,0.11084945093437164,0.25703095481105787,0.5601057972960566,0.8249991733445332,inf,green,False,bus,1,1.791705506903063,0.07712366200030374,0.015262184999301098,0.01461084199945617,0.0,0.0800000000000125,-0.016999999999995907,-0.026999999999986812,0.27923800007556565,0.4630829954985218
202.0,15897.325670884,FOLLOW,15.27349508462962,6.933474654598454,2.001582718221207,0.06203804814512456,0.061730828754927615,0.11272441915368013,0.2575343466404688,0.5686902547018254,0.8305285031884112,inf,green,False,bus,1,1.8260635962170197,0.048725736000051256,0.011015408999810461,0.02994582899918896,0.0,0.0759999999999934,-0.016999999999995907,0.002999999999985903,0.25348199960717466,0.4630829954985218
202.2,15897.577233153,FOLLOW,15.286189993112353,6.921082655968857,1.998827267941128,0.06256246731499954,0.06278191301496037,0.10886067999997535,0.24811476367775925,0.545464725931939,0.8244178358635048,inf,green,False,bus,1,1.7339497121413745,0.04819211500034726,0.018332168001506943,0.04531167700042715,0.0,0.07499999999998863,-0.01500000000001478,-0.0010000000000047748,0.4114129988010973,0.4630829954985218
202.3,15897.671252289,FOLLOW,15.292609996944988,6.914839737416237,1.9973299205691948,0.06294607691572399,0.1,-0.13558108778116934,-0.11408952836694863,-0.25495105690641034,0.9981321542768732,inf,green,False,bus,1,-1.3558108778116933,0.06216268800017133,0.008117549999951734,0.0075145769988012034,0.0,0.10300000000000864,-0.014999999999986358,-0.002999999999985903,0.2542310012358939,0.4630829954985218
202.5,15897.92785898,FOLLOW,15.312146228413479,6.895825952061155,1.9928442224423186,0.09986032391920703,0.1,-0.14107583292407477,-0.1206738767529528,-0.2636237838295458,0.9944679156613997,inf,green,False,bus,1,-1.4107583292407477,0.0281139759990765,0.13699843699941994,0.019898451999324607,0.0,0.0730000000000075,0.08199999999999363,-0.007000000000005002,0.3088060002482962,0.4630829954985218
202.7,15898.181941798,FOLLOW,15.33188189634329,6.876505287477808,1.988820890201943,0.08032413516039123,0.06508105893606256,0.10514485122712154,0.23618918404442346,0.5146347237201568,0.8267416161027892,inf,green,False,bus,1,1.6155983468311228,0.03204128499965009,0.13705860400114034,0.013646217001223704,0.0,0.06699999999997885,0.08399999999997476,-0.011000000000024102,24.863566999556497,0.4630829954985218
202.8,15898.320755172,FOLLOW,15.338573242145277,6.869947847768403,1.9874890800960134,0.06524408373022375,0.06508105893606256,0.10514485122712154,0.23618918404442346,0.5146347237201568,0.8267416161027892,inf,green,False,bus,1,1.6155983468311228,0.170854658999815,0.02178378400094516,0.022256506999838166,0.0,0.1670000000000016,-0.015999999999991132,-0.012999999999976808,0.24564500017731916,0.4630829954985218
203.0,15898.522909634,FOLLOW,15.34966468082344,6.859110947312006,1.985127196490333,0.06524347582476793,0.06619154822558751,0.10190747365231992,0.2278176792117113,0.4942459794995167,0.8221045260775,inf,green,False,bus,1,1.5395843787338062,0.06073398600165092,0.10417758100084029,0.013666095001099166,0.0,0.11000000000001364,0.08199999999999363,0.016999999999995907,0.48794299982546363,0.4630829954985218
203.2,15898.828849226,FOLLOW,15.365597681688024,6.843618264763284,1.9814089448494905,0.06747468047881726,0.1,-0.15190069494950403,-0.13766150572277505,-0.26154529179498054,0.9958119132437434,inf,green,False,bus,1,-1.51900694949504,0.013063881999187288,0.03165797499968903,0.03081668599952536,0.0,0.025999999999982037,-0.01700000000002433,-0.021000000000015007,0.3888549999828683,0.4630829954985218
203.3,15898.922325447,FOLLOW,15.371613109005693,6.837783526202123,1.9799456853053639,0.09813832787783792,0.1,-0.15489694763390646,-0.14114815181781623,-0.2701057783459917,0.9965146025258522,inf,green,False,bus,1,-1.5489694763390645,0.0155220399992686,0.016695180000169785,0.019067883999014157,0.0,0.051000000000016144,-0.015999999999991132,0.011000000000024102,0.3172939996147761,0.4630829954985218
203.5,15899.170432535,FOLLOW,15.391921095869131,6.81799687217915,1.9753771927289687,0.09946822698315855,0.1,-0.1541562895388559,-0.14237193539435877,-0.2549467452260683,0.9981370878691749,inf,green,False,bus,1,-1.541562895388559,0.08959554000102798,0.0016044090007198974,0.028976842999327346,0.0,0.117999999999995,-0.016999999999995907,0.007000000000005002,27.601969999523135,0.4630829954985218
203.7,15899.430885746,FOLLOW,15.410753425561827,6.799534818853489,1.971663161729788,0.07007423838041038,0.06941997921352146,0.09794947278107605,0.21617657898093207,0.458706931595647,0.8279363519705084,inf,green,False,bus,1,1.4109694916474087,0.07439484499991522,0.013932280000517494,0.014206612000634777,0.0,0.10799999999997567,-0.020000000000010232,0.002999999999985903,0.3990400000475347,0.4630829954985218
203.8,15899.590528537,FOLLOW,15.420234079443317,6.790244235386762,1.9697746085179557,0.06957768968330505,0.06947017199914139,0.09837463231599185,0.21487670677609144,0.4601411099050285,0.8299187617865933,inf,green,False,bus,1,1.4160700842544005,0.03198310100015078,0.03152413000134402,0.03064343400001235,0.0,0.04600000000002069,-0.018000000000000682,-0.03299999999998704,0.3550449982867576,0.4630829954985218
204.0,15899.828351818,FOLLOW,15.43446708697178,6.776345538218121,1.9667089465074301,0.069949192603108,0.07132796610205822,0.09355874446456328,0.2037676820924915,0.430382829924947,0.8226321992308028,inf,green,False,bus,1,1.311669876170261,0.10017849399991974,0.02732052300052601,0.01789319700037595,0.0,0.09800000000001319,-0.018000000000000682,-0.03700000000000614,0.5339270010153996,0.4630829954985218
204.2,15900.028319478,FOLLOW,15.444183618786957,6.766892281389701,1.9644626749094345,0.07145898640056086,0.09777402169325526,-0.1620163150905076,-0.16132643087876838,-0.26089914640023737,0.8974828816276487,inf,green,False,bus,1,-1.6570486953968055,0.02993166800115432,0.122729574000914,0.044540684000821784,0.0,0.08099999999998886,0.08199999999999363,0.026999999999986812,40.226406999863684,0.4630829954985218
204.3,15900.171531528,FOLLOW,15.454229518248098,6.757147634334471,1.9620211301459587,0.08171032868146016,0.09743006307070645,-0.16385776459508702,-0.1655626952654652,-0.2630040008434156,0.897173911365343,inf,green,False,bus,1,-1.6817988147680147,0.07424186699972779,0.02002583300054539,0.02944190299967886,0.0,0.10400000000001342,-0.018999999999977035,-0.00899999999998613,26.864819999900647,0.4630829954985218
204.5,15900.381114913,FOLLOW,15.470715955286654,6.741111059562356,1.9581981734218832,0.09689661042522713,0.09636108001856433,-0.16457221724093954,-0.16929822037764788,-0.2705827060707112,0.8974732472047947,inf,green,False,bus,1,-1.707870202463838,0.10807240499889303,0.10975237499951618,0.026899500999206793,0.0,0.15500000000000114,0.0800000000000125,0.020999999999986585,0.7197869999799877,0.4630829954985218
204.7,15900.622539551,FOLLOW,15.490090106474547,6.722142340867349,1.954258962073466,0.08875728143809822,0.0763233301959454,0.08642294305639199,0.1878069904329306,0.37732504967525493,0.8240005060547798,inf,green,False,bus,1,1.1323266795947948,0.17826148499989358,0.11543017799886002,0.040817260998665006,0.0,0.19199999999997885,0.08199999999999363,0.016999999999995907,0.27370500174583867,0.4630829954985218
204.8,15900.770310863,FOLLOW,15.500434236037398,6.712002778422471,1.9522122228657175,0.07431917698792151,0.07419000525315803,0.08870012179981848,0.19145013505509367,0.3963123784659838,0.8205336047436959,inf,green,False,bus,1,1.1955804760647704,0.04782036500000686,0.0009565689997543814,0.00026242300009471364,0.0,0.08100000000001728,-0.018999999999977035,-0.018999999999977035,0.22830300076748244,0.4630829954985218
205.0,15901.030472305,FOLLOW,15.515794101784739,6.696994010386949,1.9489478285137811,0.07629410701071233,0.07829575582119928,0.08349240041123428,0.17862510382267036,0.357218157547099,0.8234301106484178,inf,green,False,bus,1,1.0663719832004988,0.044993122999585466,0.029316251999262022,0.014317547998871305,0.0,0.056000000000011596,-0.019000000000005457,-0.022999999999996135,30.42875500068476,0.4630829954985218
205.2,15901.2704373,FOLLOW,15.529049843532006,6.68408804793439,1.9459232637975785,0.0784160385527498,0.07829575582119928,0.08349240041123428,0.17862510382267036,0.357218157547099,0.8234301106484178,inf,green,False,bus,1,1.0663719832004988,0.2849581179998495,0.008693755999047426,0.039608658000361174,0.0,0.2560000000000002,-0.020000000000010232,0.0069999999999765805,0.23616500038770027,0.4630829954985218
205.3,15901.429609028,FOLLOW,15.539893252080338,6.67356130789146,1.94332199319006,0.08402118576726866,0.09626359438927573,-0.17497095743126279,-0.1919693522591719,-0.27101729572362704,0.8971463442184433,inf,green,False,bus,1,-1.8176233553435177,0.04041553900060535,0.0290228890007711,0.011646401000689366,0.0,0.040000000000020464,-0.02199999999999136,-0.028999999999996362,28.382795999277732,0.4630829954985218
205.5,15901.628578686,FOLLOW,15.55619146229061,6.6576863930524555,1.939634065536107,0.09568282394076266,0.09768154029997325,-0.17715488830929566,-0.19247575325205685,-0.26231086408301496,0.8985492411254881,inf,green,False,bus,1,-1.8135963843860903,0.07934143000056793,0.10297108700069657,0.009674777000327595,0.0,0.1279999999999859,0.07900000000000773,0.0010000000000047748,0.4606549991876818,0.4630829954985218
205.7,15901.878592858,FOLLOW,15.576187147228872,6.638074553947383,1.9357401482783605,0.0989931923972432,0.07972808045972467,0.08190313884770734,0.16813775636497685,0.34515567812424736,0.825136553618204,inf,green,False,bus,1,1.0272809576681257,0.061125115000322694,0.12126186599925859,0.00954604999969888,0.0,0.10099999999999909,0.07999999999998408,-0.0030000000000143245,1.5475639993383083,0.4630829954985218
205.8,15902.020347716,FOLLOW,15.588030815045835,6.626410681929405,1.9336843731653963,0.07985155705178502,0.07831525156553681,0.08440980929957606,0.17001013606496104,0.36073068567309474,0.8274557641959962,inf,green,False,bus,1,1.0778208281555364,0.08325340000010328,0.014795048999076243,0.0029484070000762586,0.0,0.125,-0.02199999999999136,-0.03899999999998727,0.33614600033615716,0.4630829954985218
206.0,15902.23182983,FOLLOW,15.601342638958057,6.613326082585409,1.9312359000689334,0.07767270888112553,0.07754603755822442,0.08542657425943083,0.17225889990375187,0.3680037655943105,0.8271617896060305,inf,green,False,bus,1,1.1016239765350926,0.2107230139990861,0.1161477539990301,0.014120870999249746,0.0,0.22900000000001342,0.07699999999999818,-0.00899999999998613,0.3663629995571682,0.4630829954985218
206.2,15902.528061052,FOLLOW,15.61718770728316,6.5977997513464866,1.9280747147991153,0.07767104609706019,0.08172709476973124,0.07873846743950133,0.15883304535715237,0.3252274668294894,0.8232046376553585,inf,green,False,bus,1,0.9634316215613626,0.13793916200120293,0.023058703000060632,0.029436161999910837,0.0,0.14300000000000068,-0.023000000000024556,-0.01300000000000523,0.4900029998680111,0.4630829954985218
206.3,15902.671221977,FOLLOW,15.625531097341273,6.589645909039549,1.9263064722092418,0.08184335567865625,0.0851194234893835,0.07534660031011124,0.15085129175058212,0.3004372660310893,0.8280668927089759,inf,green,False,bus,1,0.8851869199925775,0.09650683799918625,0.005305847000272479,0.004157023999141529,0.0,0.09100000000000819,-0.022999999999996135,-0.014999999999986358,0.3434310001466656,0.4630829954985218
206.5,15902.921262559,FOLLOW,15.642929909710176,6.572687209714683,1.9224185953037045,0.08653095706464983,0.08262731891149502,-0.1564108459526808,-0.2129700296118613,-0.25179136466237323,0.7479968465516176,inf,green,False,bus,1,-1.8929677013993138,0.07261968700004218,0.12806224100131658,0.0015397470015159342,0.0,0.09800000000001319,0.07699999999999818,-0.019000000000005457,2.0190059985907283,0.4630829954985218
206.7,15903.177739848,FOLLOW,15.656697437087029,6.559253191961637,1.9194082446826801,0.08148146809579603,0.09310034793210066,0.06472006536552029,0.1371421596913781,0.2386700899927339,0.8258389943354106,inf,green,False,bus,1,0.6951645917877934,0.09214646300097229,0.011607967000600183,0.013223866000771523,0.0,0.10699999999999932,-0.02200000000001978,0.01099999999999568,0.29557299967564177,0.4630829954985218
206.8,15903.272221275,FOLLOW,15.665500692406923,6.550633273140189,1.9176210004768086,0.09312535300713023,0.09150012797066054,0.06671079989407032,0.13928758560177457,0.24984569886526925,0.825846730657715,inf,green,False,bus,1,0.7290787605833852,0.08514319799905934,0.1060893939993548,0.014526454999213456,0.0,0.13400000000001455,0.07800000000000296,0.009000000000014552,31.998451000617933,0.4630829954985218
207.0,15903.520264765,FOLLOW,15.684238919794081,6.532317881806287,1.9136634268303008,0.09071148188225665,0.09391109663642704,0.0636592347616499,0.1332189805598412,0.23294640712332118,0.825565155625521,inf,green,False,bus,1,0.6778670150994406,0.05774228799964476,0.003849562001050799,0.02962582300096983,0.0,0.10300000000000864,-0.02400000000000091,0.0049999999999954525,29.15486199890438,0.4630829954985218
207.2,15903.820394567,FOLLOW,15.706484743304996,6.5106458572411565,1.908644396454713,0.0955167439606318,0.1,0.09700114624102926,0.11617900271922978,-0.0849945474780501,0.8931664393931255,inf,green,False,bus,1,0.9700114624102926,0.00044087599962949753,0.04360037399965222,0.04249311999956262,0.0,-0.029000000000024784,-0.02400000000000091,-0.03300000000001546,0.35284700061311014,0.4630829954985218
207.3,15903.872553702,FOLLOW,15.713287069511939,6.504035686020626,1.9070390448868235,0.10013492966207213,0.1,0.08975439432019257,0.10862217605289204,-0.0910973876169718,0.8850842978481653,inf,green,False,bus,1,0.8975439432019257,0.009302648999437224,0.09575950900034513,0.010354092000852688,0.0,0.030000000000001137,0.07600000000002183,-0.0009999999999763531,40.95713400056411,0.4630829954985218
207.5,15904.226389708,FOLLOW,15.737116882720693,6.4809610136881295,1.9010893505779158,0.10011666987290185,0.1,0.07836701247560317,0.09735749007752165,-0.10215961141812696,0.863989334874917,inf,green,False,bus,1,0.7836701247560317,0.009731833999467199,0.04767482199895312,0.04549324099934893,0.0,-0.03299999999998704,-0.022999999999996135,-0.03899999999998727,0.39781099985702895,0.4630829954985218
207.7,15904.420879809,FOLLOW,15.753370589575345,6.465291337976243,1.8967718070647257,0.07677028219814694,0.1,0.06547665260976197,0.08488059559273653,-0.11338199220380395,0.8575629584487207,inf,green,False,bus,1,0.6547665260976196,0.0012665890008065617,0.0008308350006700493,0.00024247200053650886,0.0,0.00899999999998613,-0.025000000000005684,-0.009000000000014552,0.27756800045608543,0.4630829954985218
207.8,15904.520651749,FOLLOW,15.762751649515755,6.456264898982235,1.894216905598296,0.10009422626544132,0.1,0.06048684285143064,0.0800427111185414,-0.1169398262211623,0.8533277252674214,inf,green,False,bus,1,0.6048684285143063,0.020240948000719072,0.10060277500087977,0.015041954000480473,0.0,0.03200000000001069,0.07500000000001705,-0.01099999999999568,42.32673699880252,0.4630829954985218
208.0,15904.774293969,FOLLOW,15.783170125090404,6.436670455729512,1.8884752380108942,0.10008344334945987,0.1,0.04900835796829381,0.07067163862007078,-0.13538139652955414,0.8806452589715547,inf,green,False,bus,1,0.49008357968293803,0.02491930199903436,0.10849802600023395,0.004968519999238197,0.0,0.033999999999991815,0.07499999999998863,-0.014999999999986358,37.09189900109777,0.4630829954985218
208.2,15905.022835816,FOLLOW,15.803586166388854,6.417144474368276,1.8825130921752145,0.10007047208501396,0.1,0.03926260528038014,0.06416334075008695,-0.15927125897939343,0.848703129472545,inf,green,False,bus,1,0.3926260528038014,0.04589331100032723,0.005467705999762984,0.007740639999610721,0.0,0.026999999999986812,-0.027000000000015234,-0.019000000000005457,41.959614000006695,0.4630829954985218
208.3,15905.12052331,FOLLOW,15.810390862378839,6.41064930977198,1.880484126768178,0.10006545524910493,0.1,0.03926260528038014,0.06416334075008695,-0.15927125897939343,0.848703129472545,inf,green,False,bus,1,0.3926260528038014,0.053878176000580424,0.10315520000040124,0.012580199001604342,0.0,0.06499999999999773,0.0730000000000075,0.01300000000000523,0.5655239983752836,0.4630829954985218
208.5,15905.423257513,FOLLOW,15.834204492258555,6.387961470083078,1.8732489692519325,0.10001283701385481,0.1,-0.01753422778825926,0.041634336405585864,-0.06129292618623975,0.8291327424774567,inf,green,False,unknown,1,-0.1753422778825926,0.016093553000246175,0.02585484800147242,0.02664736100086884,0.0,0.0020000000000095497,-0.02600000000001046,-0.025000000000005684,35.74952199960535,0.4630829954985218
208.7,15905.629599451,FOLLOW,15.851205725992285,6.371774352350061,1.8680509856347014,0.10000185507113492,0.1,-0.022441086411839093,0.03620354513927099,-0.07838288205207278,0.8304091116117022,inf,green,False,unknown,1,-0.22441086411839092,0.014654931999757537,0.0678813850008737,0.022495182000056957,0.0,0.04200000000000159,0.07399999999998386,0.0049999999999954525,55.841372999566374,0.4630829954985218
208.8,15905.77150113,FOLLOW,15.861405840858495,6.362055520050844,1.864954760025147,0.09999885103649883,0.1,0.0046078523573677855,0.010938880703911944,-0.04179517055512851,0.8785882827363889,inf,green,False,unknown,1,0.04607852357367785,0.0212233849997574,0.08453829900099663,0.02845022700057598,0.0,0.029000000000024784,0.07400000000001228,0.0030000000000143245,42.314339998483774,0.4630829954985218
209.0,15906.020763446,FOLLOW,15.881808421302015,6.342602915631973,1.8588015962452937,0.09999534803504784,0.1,-0.02683061525389604,0.02947733844056158,-0.09363256307380985,0.8283637145583286,inf,green,False,unknown,1,-0.2683061525389604,0.024084934000711655,0.05459790600070846,0.015523608000876266,0.0,0.033999999999991815,0.06999999999999318,-0.0010000000000047748,0.3445389993430581,0.4630829954985218
209.2,15906.3248669,FOLLOW,15.902209187843374,6.323135094154514,1.8527028386309243,0.1000168529321275,0.1,-0.03374615705105704,0.01935963752017586,-0.11756686952498017,0.826230099892889,inf,green,False,unknown,1,-0.33746157051057035,0.03602298500118195,0.13687331500113942,0.04419258100097068,0.0,0.006000000000000227,0.07299999999997908,-0.005000000000023874,0.6287029991653981,0.4630829954985218
209.3,15906.431908144,FOLLOW,15.912408195854544,6.313394475553773,1.8496795904495524,0.09998669048542155,0.1,-0.03612284291450232,0.017675637026706298,-0.12576269683667596,0.8325694832540571,inf,green,False,unknown,1,-0.36122842914502323,0.016713083001377527,0.10570276100042975,0.017191038001328707,0.0,-0.002999999999985903,0.06800000000001205,-0.0069999999999765805,0.40392399932898115,0.4630829954985218
209.5,15906.724149975,FOLLOW,15.936204212927983,6.290627501665883,1.8427577453936064,0.09998155250740512,0.1,-0.0029302231083309645,0.04297112883082306,-0.2971845404591472,0.9775019298648105,inf,green,False,unknown,1,-0.029302231083309645,0.005445634000352584,0.045409001999360044,0.01213481199920352,0.0,-0.028999999999996362,-0.026999999999986812,-0.044999999999987494,0.7533869993494591,0.4630829954985218
209.7,15906.971250401,FOLLOW,15.953204873309794,6.274337327780148,1.8378943616333656,0.09997969333329189,0.09282884214399012,-0.008623743448850982,0.026520640350771355,-0.2351088374761701,0.818839139143451,inf,green,False,unknown,1,-0.09289939688652354,0.04896639400067215,0.016585245999522158,0.045849956999518326,0.0,0.04099999999999682,-0.03100000000000591,-0.01500000000001478,0.33275799978582654,0.4630829954985218
209.8,15907.12421666,FOLLOW,15.965601037681946,6.262458912906192,1.8343492082117374,0.0928433664672891,0.1,-0.04781227807418564,0.0016674809384926714,-0.16580663319719616,0.8129517340538689,inf,green,False,unknown,1,-0.47812278074185643,0.028611097999601043,0.05097700300029828,0.028211627999553457,0.0,-0.03799999999998249,-0.028999999999996362,-0.05099999999998772,0.41581099867471494,0.4630829954985218
210.0,15907.320634408,FOLLOW,15.981990206727316,6.246737491179044,1.8297187741051315,0.09114778866410693,0.1,-0.05048355851910319,-0.0016363551724960512,-0.17488735674827838,0.8160230551242887,inf,green,False,unknown,1,-0.5048355851910319,0.0035222390015405836,0.003082560000621015,0.0024855200008460088,0.0,0.00899999999998613,-0.027999999999991587,-0.020999999999986585,0.4673909988923697,0.4630829954985218
210.2,15907.584494466,FOLLOW,15.998487167035217,6.230887528069125,1.825144147958042,0.09443856286690103,0.09852244398860208,-0.05285410596638508,-0.010858569968682147,-0.18560266699191913,0.8013195271984355,inf,green,False,unknown,1,-0.5364676699707094,0.02266606699959084,0.12333257799946296,0.03541138699984003,0.0,0.007999999999981355,0.06799999999998363,0.00899999999998613,0.5070999995950842,0.4630829954985218
210.3,15907.672200013,FOLLOW,16.008389626513118,6.221360177067582,1.8224444912967752,0.09848838139238524,0.09794829362296764,-0.05389673919885738,-0.011444557969077784,-0.19026048231535495,0.8029862088313733,inf,green,False,unknown,0,-0.5502570509938856,0.061309749999054475,0.08467977500004054,0.008993035999083077,0.0,0.07500000000001705,0.0700000000000216,0.007000000000005002,0.32415700115961954,0.4630829954985218
210.5,15907.97297901,FOLLOW,16.031873890447716,6.1987146509174815,1.8162246617839979,0.09999414347141361,0.1,-0.026492967500153137,0.012054851212689927,-0.2542117962497015,0.9166856123545701,inf,green,False,unknown,0,-0.26492967500153136,0.026533452999501606,0.015568382999845198,0.01613002799967944,0.0,0.006000000000000227,-0.03299999999998704,-0.03100000000000591,0.5422470003395574,0.4630829954985218
210.7,15908.170463384,FOLLOW,16.048872696786,6.182295340991821,1.8118240683540516,0.09999098385968014,0.1,-0.031004043307070846,0.010881898912276797,-0.2756511505251706,0.9853307598769441,inf,green,False,unknown,0,-0.31004043307070844,0.0178614109991031,0.0898818419991585,0.018542492000051425,0.0,0.03899999999998727,0.06699999999997885,-0.0010000000000047748,0.47544200060656294,0.4630829954985218
210.8,15908.322401066,FOLLOW,16.059071630552097,6.172434294842044,1.8092206186650899,0.09998836141613106,0.09817676317332681,-0.03229259252791886,0.006241040937566361,-0.25891444556541354,0.8984734371355494,inf,green,False,unknown,0,-0.3289229699996087,0.10914490899995144,0.1422599010002159,0.040071530998829985,0.0,0.0660000000000025,0.06700000000000728,-0.002999999999985903,0.3807009998126887,0.4630829954985218
211.0,15908.621042923,FOLLOW,16.079090976853852,6.1530542917933735,1.8042018220249703,0.09825634964807461,0.09831254258309391,-0.03633635667021265,0.0027333599955587096,-0.26320125141653256,0.9055694620979031,inf,green,False,unknown,0,-0.36960041634058144,0.08823136399951181,0.00074317199869256,0.044854402000055416,0.0,0.043000000000006366,-0.03499999999999659,-0.007000000000005002,19.518815000992618,0.4630829954985218
211.2,15908.874026331,FOLLOW,16.10259464643237,6.130257725306015,1.7984802987312578,0.09997874882186382,0.1,-0.039966456487747604,0.0021366820599273972,-0.2787816011340889,0.9846750214937678,inf,green,False,unknown,0,-0.399664564877476,0.061691940998571226,0.010292032999132061,0.004958464998708223,0.0,0.030000000000001137,-0.03500000000002501,-0.045000000000015916,18.93800700054271,0.4630829954985218
211.3,15908.974518128,FOLLOW,16.109393174003593,6.123654552060792,1.7968622564794734,0.09997763631106493,0.1,-0.041300624672893416,0.0008102878703029753,-0.2791469623248928,0.9812018670218277,inf,green,False,unknown,0,-0.41300624672893416,0.038610555999184726,0.11078382999949099,0.012390523999783909,0.0,0.038000000000010914,0.06499999999999773,-0.012999999999976808,21.978374001264456,0.4630829954985218
211.5,15909.220650288,FOLLOW,16.126389125823074,6.107128303292507,1.7928943331453113,0.09997489989634764,0.09621306204595437,-0.04117139216441314,0.0012936142301168546,-0.29163830463741797,0.9242310988533137,inf,green,False,unknown,0,-0.4279189466472691,0.11752005400012422,0.0913455209993117,0.04781102299966733,0.0,0.10900000000000887,0.05699999999998795,0.016999999999995907,19.550543000150356,0.4630829954985218
211.7,15909.479189221,FOLLOW,16.149513713117592,6.0845992944529375,1.7876802974262582,0.09588139974438666,0.09622836744991269,-0.043948687645495546,-0.0026457737782036167,-0.2859140152969645,0.9167275819866851,inf,green,False,unknown,0,-0.45671238960144517,0.022452305998740485,0.10575967099975969,0.014994670000305632,0.0,0.00899999999998613,0.06399999999999295,-0.021000000000015007,17.27835000019695,0.4630829954985218
211.8,15909.620878218,FOLLOW,16.159314885244367,6.0750351008766525,1.7855380921527881,0.09620049816433339,0.09631752624478855,-0.04455413640130783,-0.00350162164773421,-0.28442563363765777,0.9155858879236269,inf,green,False,unknown,0,-0.4625755886636314,0.07873430300060136,0.006581510000614799,0.02694317600071372,0.0,0.03200000000001069,-0.03699999999997772,-0.022999999999996135,17.91572199908842,0.4630829954985218
212.0,15909.873532045,FOLLOW,16.17895036996768,6.0558467282835675,1.7813720162358613,0.09626888755361995,0.08757502329511074,-0.04164762199887076,-0.002380152190130033,-0.29960247591636024,0.8509403211901722,inf,green,False,unknown,0,-0.47556506903259843,0.02842982599941024,0.021358725000027334,0.03436437299933459,0.0,0.0020000000000095497,-0.036000000000001364,-0.026999999999986812,17.83297000110906,0.4630829954985218
212.2,15910.129971011,FOLLOW,16.197433174404765,6.03775144890341,1.7776073219695765,0.08809066915847415,0.0884315335095151,-0.04303447465874067,-0.004436526970871976,-0.29415357098015493,0.8525703440677936,inf,green,False,unknown,0,-0.4866417323195037,0.04064059299889777,0.15371310299997276,0.014605925000068964,0.0,0.00899999999998613,0.06099999999997863,-0.03100000000000591,22.129623001092114,0.4630829954985218
212.3,15910.226445845,FOLLOW,16.20343358747553,6.031870017275777,1.7764183302171621,0.08840436451506505,0.0884315335095151,-0.04303447465874067,-0.004436526970871976,-0.29415357098015493,0.8525703440677936,inf,green,False,unknown,0,-0.4866417323195037,0.04260221100048511,0.07365927600039868,0.017564553001648164,0.0,0.04200000000000159,0.06100000000000705,0.0010000000000047748,0.5150529996171826,0.4630829954985218
212.5,15910.525712492,FOLLOW,16.22455361328473,6.011142393283053,1.7723664920190962,0.0887761648994037,0.08924719812089604,-0.044695451923490434,-0.0063764809734426775,-0.2914001910143657,0.857021247615062,inf,green,False,unknown,0,-0.5008050993706836,0.06405111700041743,0.01242593700044381,0.0118591220016242,0.0,0.03899999999998727,-0.03700000000000614,-0.03700000000000614,0.41938899994420353,0.4630829954985218
212.7,15910.777125793,FOLLOW,16.239695190942022,5.99625724444475,1.7695918373650952,0.0888457880577061,0.0890488919745563,-0.04601010891086849,-0.006401067040830294,-0.3014567143942487,0.8675547664572312,inf,green,False,unknown,0,-0.5166836766931905,0.023564867999084527,0.13538524099931237,0.023077063999153324,0.0,0.009999999999990905,0.06099999999997863,-0.007000000000005002,0.3709169996000128,0.4630829954985218
212.8,15910.870807566,FOLLOW,16.248768824316464,5.987327453577605,1.7679826351552088,0.0890160961353982,0.08872719988472434,-0.04674130194262834,-0.006566998877609878,-0.30693366688310014,0.8711700662052494,inf,green,False,unknown,0,-0.5267978929049414,0.03221629600011511,0.0917854069994064,0.028518040999188088,0.0,0.030000000000001137,0.060000000000002274,-0.00899999999998613,18.58732999971835,0.4630829954985218
213.0,15911.133427467,FOLLOW,16.266851392372626,5.9695099348509135,1.7648983179316833,0.08835899214419293,0.08723849736346476,-0.04808897325425384,-0.005436107821073857,-0.329306598676766,0.8836612748030626,inf,green,False,unknown,0,-0.5512356896050042,0.015490060000956873,0.12329416000102356,0.03010952700060443,0.0,-0.003999999999990678,0.06299999999998818,-0.01300000000000523,16.955080998741323,0.4630829954985218
213.2,15911.382044542,FOLLOW,16.284705651491162,5.951889633046269,1.7620178323354954,0.08674160424285618,0.08560505449822185,-0.049388453051163524,-0.004889143508211083,-0.34876463015167086,0.8902505134788155,inf,green,False,unknown,0,-0.5769338427579577,0.02910233900001913,0.12955103200147278,0.029678685999897425,0.0,0.018999999999977035,0.06299999999998818,-0.01700000000002433,17.865826999695855,0.4630829954985218
213.3,15911.471099515,FOLLOW,16.29060406945874,5.946062488539835,1.7611036668613012,0.08674133396421954,0.08560505449822185,-0.049388453051163524,-0.004889143508211083,-0.34876463015167086,0.8902505134788155,inf,green,False,unknown,0,-0.5769338427579577,0.06853236099959759,0.07063624799957324,0.040681784999833326,0.0,0.07900000000000773,0.060000000000002274,0.01500000000001478,0.3409490000194637,0.4630829954985218
213.5,15911.720709791,FOLLOW,16.3082058056279,5.928656082631865,1.7584891343856994,0.08700681618582622,0.08704505985920664,-0.04844551137644208,-0.006518059856434874,-0.3262187990261897,0.8779688726682756,inf,green,False,unknown,0,-0.5565567012625595,0.31814263699925505,0.08814693999920564,0.03704976399967563,0.0,0.27899999999999636,0.060000000000002274,0.01099999999999568,0.367667000318761,0.4630829954985218
213.7,15912.031806178,FOLLOW,16.325885393484235,5.911148241196295,1.7560312956359243,0.0862112192120854,0.08548660638440969,-0.05047024450227646,-0.005666200549990522,-0.352644949692113,0.8936258689103265,inf,green,False,unknown,0,-0.5903877418566096,0.014989908999268664,0.12505632300053549,0.030264552000517142,0.0,0.014999999999986358,0.060000000000002274,0.0069999999999765805,16.357456999685382,0.4630829954985218
213.8,15912.170572591,FOLLOW,16.337544076015714,5.899590050994622,1.754503994483404,0.08537084113742713,0.048629140656772527,-0.04885699984572847,0.060000000000000026,-0.4951332634684039,0.6045772413300116,inf,green,False,unknown,0,-1.0046856511523448,0.04777441799888038,0.12092276699877402,0.0037757549998787,0.0,0.03300000000001546,0.06100000000000705,-0.028999999999996362,13.480761999744573,0.4630829954985218
214.0,15912.435419297,FOLLOW,16.349307586145418,5.887916290548696,1.7530540726993893,0.04806928478479769,0.08331790610411301,-0.0514446058286183,-0.004896682428655527,-0.37402790027426724,0.8956997766252104,inf,green,False,unknown,0,-0.6174495763771808,0.1399515089997294,0.02334336199965037,0.029635566999786533,0.0,0.11199999999999477,-0.03899999999998727,-0.03299999999998704,20.838331000049948,0.4630829954985218
214.2,15912.670340737,FOLLOW,16.362636099431807,5.8746733836183695,1.751546259524784,0.04631435098688532,0.046352246051537434,-0.046569436506662586,0.060000000000000026,-0.4951332634684039,0.576269962183377,inf,green,False,unknown,0,-1.0046856511523448,0.0671532180003851,0.11087444800068624,0.0014042399998288602,0.0,0.07699999999999818,0.057999999999992724,-0.03700000000000614,0.2593469998828368,0.4630829954985218
214.3,15912.776575647,FOLLOW,16.365785429448135,5.871541933261429,1.7512111591145885,0.04631348969373809,0.08029678301941442,-0.05136693541207614,-0.0022870866945025325,-0.40262961759627436,0.8951191145706057,inf,green,False,unknown,0,-0.6397134913817963,0.029619701999763492,0.09188553300009517,0.014299684000434354,0.0,0.06100000000000705,0.0589999999999975,-0.0049999999999954525,0.46027700045669917,0.4630829954985218
214.5,15913.076753715,FOLLOW,16.378639574100422,5.858752299677932,1.7499256482843375,0.0419000126127343,0.04154388719410309,-0.04336863619426622,0.08000000000000004,-0.5293170697190558,0.5362144932217068,inf,green,False,unknown,0,-1.0439234054251463,0.08147466300033557,0.008648085000459105,0.00900842500050203,0.0,0.07400000000001228,-0.043000000000006366,-0.043000000000006366,14.600507000068319,0.4630829954985218
214.7,15913.270539699,FOLLOW,16.384298539573436,5.853116813459857,1.7494107678697322,0.04150826368482015,0.041668320883323264,-0.04349853543486656,0.08000000000000004,-0.5293170697190558,0.5378205814361572,inf,green,False,unknown,0,-1.0439234054251463,0.09690712700103177,0.07720228499965742,0.03356058899953496,0.0,0.13899999999998158,0.055999999999983174,0.020999999999986585,0.40529199941374827,0.4630829954985218
214.8,15913.423283746,FOLLOW,16.388544881905208,5.848886187467419,1.7490457996455229,0.04163227850291367,0.040891052839692334,-0.04268712713183122,0.08000000000000004,-0.5293170697190558,0.5277882417043049,inf,green,False,unknown,0,-1.0439234054251463,0.07461404800051241,0.0921698069996637,0.03244637500029057,0.0,0.10200000000000387,0.05500000000000682,0.019000000000005457,0.3500969996821368,0.4630829954985218
215.0,15913.678745819,FOLLOW,16.39694055061402,5.840517128523588,1.7483782026588508,0.04136050372552651,0.039130340397228035,-0.04537070121095794,0.08000000000000004,-0.562186743900029,0.5229263168681751,inf,green,False,unknown,0,-1.159476272130052,0.04117179399872839,0.09732700399945315,0.0516446530000394,0.0,0.08699999999998909,0.057999999999992724,0.014999999999986358,15.173329000390368,0.4630829954985218
215.2,15913.93336252,FOLLOW,16.405082646094012,5.832395550068693,1.7478009259455862,0.039412980607732816,0.03955498962226275,-0.0458630719113641,0.08000000000000004,-0.562186743900029,0.5286012037450616,inf,green,False,unknown,0,-1.159476272130052,0.02116629699958139,0.09074374199917656,0.029903429000114556,0.0,0.0660000000000025,0.054000000000002046,0.01099999999999568,13.17753100011032,0.4630829954985218
215.3,15914.075618015,FOLLOW,16.41044957870713,5.82703938914987,1.747461187515507,0.03951447057438266,0.03955741953305598,-0.04586588933527225,0.08000000000000004,-0.562186743900029,0.5286336763555353,inf,green,False,unknown,0,-1.159476272130052,0.07502705300066737,0.10940436400051112,0.014643096999861882,0.0,0.09300000000001774,0.056000000000011596,-0.024999999999977263,17.127293000157806,0.4630829954985218
215.5,15914.325413808,FOLLOW,16.41851392477981,5.81898758248324,1.7470121394186062,0.039561926617051206,0.0412486035022944,-0.04782677701941092,0.08000000000000004,-0.562186743900029,0.5512341596429998,inf,green,False,unknown,0,-1.159476272130052,0.1273443509999197,0.10725101699972583,0.016114411999296863,0.0,0.14300000000000068,0.054000000000002046,-0.028999999999996362,12.500075999923865,0.4630829954985218
215.7,15914.528261029,FOLLOW,16.425460192255382,5.812049060763956,1.7466845619007925,0.04118791867359407,0.04123197905886572,-0.04780750137171799,0.08000000000000004,-0.562186743900029,0.5510119954889471,inf,green,False,unknown,0,-1.159476272130052,0.16660477299956256,0.07636861199898703,0.02443403799952648,0.0,0.20199999999999818,0.05299999999999727,0.0009999999999763531,0.6081640003685607,0.4630829954985218
215.8,15914.677727178,FOLLOW,16.42966074662335,5.807852011536957,1.7465130832271438,0.04117262416486784,0.042730511188755295,-0.04954501381934947,0.08000000000000004,-0.562186743900029,0.5710379364707252,inf,green,False,unknown,0,-1.159476272130052,0.03991986399887537,0.11852185699899564,0.043775396999990335,0.0,0.06100000000000705,0.054000000000002046,-0.0009999999999763531,20.544734001305187,0.4630829954985218
216.0,15914.882803656,FOLLOW,16.43822955270719,5.799288094764738,1.7462245942691053,0.04240557644263611,0.04261799154688402,-0.04941454996445115,0.08000000000000004,-0.562186743900029,0.5695342571952124,inf,green,False,unknown,0,-1.159476272130052,0.048458223000125145,0.07644585800153436,0.0181398069998977,0.0,0.10800000000000409,0.05299999999999727,-0.0049999999999954525,0.4487939986574929,0.4630829954985218
216.2,15915.172529915,FOLLOW,16.447119308456752,5.790400928592105,1.7460115085118801,0.04435512363240185,0.046688654466126266,-0.054134387031152184,0.08000000000000004,-0.562186743900029,0.6239333946921608,inf,green,False,unknown,0,-1.159476272130052,0.0032720880008128006,0.08763508700030798,0.012292547000470222,0.0,0.04599999999999227,0.0549999999999784,-0.009000000000014552,13.422988000456826,0.4630829954985218
216.3,15915.326531049,FOLLOW,16.451784574631237,5.785736297008239,1.7459348482880925,0.04634575007427635,0.04676726497048938,-0.05422553404570139,0.08000000000000004,-0.562186743900029,0.6249839222647926,inf,green,False,unknown,0,-1.159476272130052,0.0748179540005367,0.1217644600001222,0.022237447001316468,0.0,0.07800000000000296,0.05299999999999727,-0.01099999999999568,0.4206729990983149,0.4630829954985218
216.5,15915.520925741,FOLLOW,16.45967500587002,5.777846242276659,1.7458602747456937,0.04642951018229618,0.045326689511935976,-0.052555220983295854,0.08000000000000004,-0.562186743900029,0.6057324971285732,inf,green,False,unknown,0,-1.159476272130052,0.11098697000124957,0.06409517400061304,0.039113001999794506,0.0,0.1490000000000009,0.05299999999999727,0.019000000000005457,0.3666279990284238,0.4630829954985218
216.7,15915.832356382,FOLLOW,16.470401160727718,5.76712015449544,1.7458703050421214,0.04499259798937139,0.047436212982705235,-0.055001163393154244,0.08000000000000004,-0.562186743900029,0.6339235460107977,inf,green,False,unknown,0,-1.159476272130052,0.02763736599990807,0.12115612399975362,0.033438308999393485,0.0,0.009999999999990905,0.04899999999997817,-0.019000000000005457,17.304040000453824,0.4630829954985218
216.8,15915.926658109,FOLLOW,16.473460636364194,5.764060792596296,1.7458965580372319,0.04499194874603882,0.047436212982705235,-0.055001163393154244,0.08000000000000004,-0.562186743900029,0.6339235460107977,inf,green,False,unknown,0,-1.159476272130052,0.12193909300003725,0.07647431300028984,0.057642379999379045,0.0,0.11000000000001364,0.049000000000006594,0.01300000000000523,0.4923739998048404,0.4630829954985218
217.0,15916.17261221,FOLLOW,16.48310750429611,5.754415148577794,1.7460473807845354,0.04770795167686812,0.04674744522842723,-0.054202553525060586,0.08000000000000004,-0.562186743900029,0.6247190570831298,inf,green,False,unknown,0,-1.159476272130052,0.10121679500116443,0.09078631900047185,0.03386310099995171,0.0,0.10400000000001342,0.05000000000001137,0.00899999999998613,19.88796099976753,0.4630829954985218
217.2,15916.480709122,FOLLOW,16.49408516943327,5.743441587461252,1.7463450492678283,0.04514881138189836,0.04176933104327818,-0.048430548247426236,0.08000000000000004,-0.562186743900029,0.5581930087696422,inf,green,False,unknown,0,-1.159476272130052,0.024871252999218996,0.10763074199894618,0.014417267999306205,0.0,0.042999999999977945,0.04899999999997817,-0.029000000000024784,0.6562320013472345,0.4630829954985218
217.3,15916.571654511,FOLLOW,16.496914751356247,5.7406137229654846,1.7464435948791142,0.04142609721249032,0.04211654110356676,-0.048833130073775696,0.08000000000000004,-0.562186743900029,0.562833021510731,inf,green,False,unknown,0,-1.159476272130052,0.029283313000632916,0.08909753700027068,0.013815578000503592,0.0,0.07900000000000773,0.049000000000006594,0.0030000000000143245,0.31608299832441844,0.4630829954985218
217.5,15916.821573692,FOLLOW,16.505353782018158,5.732181849996403,1.7467903599694479,0.039507831434333014,0.03979755898506898,-0.04614432533188364,0.08000000000000004,-0.562186743900029,0.531842829097401,inf,green,False,unknown,0,-1.159476272130052,0.03740875899893581,0.07843981399855693,0.029750927998975385,0.0,0.06999999999999318,0.049000000000006594,-0.0010000000000047748,0.6427010011975653,0.4630829954985218
217.7,15917.073820134,FOLLOW,16.51289785870923,5.724647230032895,1.7471675442453072,0.03434010421385324,0.03405309416875084,-0.039483754681276836,0.08000000000000004,-0.562186743900029,0.45507549719376994,inf,green,False,unknown,0,-1.159476272130052,0.13527590299963776,0.09844755499943858,0.022401233998607495,0.0,0.14699999999999136,0.04800000000000182,-0.005000000000023874,0.5212330015638145,0.4630829954985218
217.8,15917.222204416,FOLLOW,16.51794199079083,5.719611187179456,1.7474530418964351,0.08191198955102373,0.09916500936390199,-0.030089038058950225,-0.007694245426873962,-0.15326825313609105,0.762011826430419,inf,green,False,unknown,0,-0.3034239420936638,0.14256726400162734,0.1236175350004487,0.04595718800010218,0.0,0.13000000000002387,0.051000000000016144,-0.0069999999999765805,0.6483599991042865,0.4630829954985218
217.9,15917.425901414,LANE_GRACE,16.53402696380593,5.703556115674756,1.7484330690685386,0.08769714832695595,0.04,-0.014555200098694777,-0.009434804983646173,-0.10287155496875156,0.0,inf,green,False,unknown,0,-0.3638800024673694,0.038006324000889435,0.06107666400021117,0.039834455001255265,0.09339817399995809,-0.009999999999990905,-0.0519999999999925,-0.07699999999999818,14.877751998938038,0.4630829954985218
218.1,15917.576950121,LANE_GRACE,16.540272476744573,5.697323852476609,1.7488396375987816,0.03992359825379203,0.04,-0.014555200098694777,-0.04425979933866711,0.037292978345929914,0.0,inf,green,False,unknown,0,-0.3638800024673694,0.012259477000043262,0.07450337000045693,0.029491879000488552,0.0,0.0589999999999975,0.044999999999987494,0.020999999999986585,0.5463470006361604,0.4630829954985218
218.2,15917.772789789,FOLLOW,16.547073836743454,5.690538174339749,1.7493012083677224,0.040007531267257763,0.03472493309091803,-0.010832954923520618,0.04136330368145866,-0.4535002538560497,0.41163526678101225,inf,green,False,unknown,0,-0.31196474576804506,0.04103638000015053,0.024026036999202915,0.025200652000421542,0.04628045000026759,0.018999999999977035,-0.05299999999999727,-0.049000000000006594,18.252567999297753,0.4630829954985218
218.3,15917.821211631,FOLLOW,16.54843408715597,5.6891811979149525,1.7493955278636084,0.0400072078765858,0.03472493309091803,-0.010832954923520618,0.04136330368145866,-0.4535002538560497,0.41163526678101225,inf,green,False,unknown,0,-0.31196474576804506,0.08945822200075781,0.0724478789998102,0.01335784300135856,0.0,0.11899999999999977,0.047000000000025466,0.01700000000002433,0.35145299989380874,0.4630829954985218
218.3,15917.920836568,LANE_GRACE,16.55198421790864,5.685639810839883,1.7496445355101293,0.03473599225406111,0.04,-0.012478589830721802,-0.05091031001134193,0.015809165998657542,0.0,inf,green,False,unknown,0,-0.31196474576804506,0.0005454239999380661,0.04338471700066293,0.004141306000747136,0.09962493700004416,-0.02400000000000091,-0.054000000000002046,-0.08499999999997954,16.086959998574457,0.4630829954985218
218.5,15918.070631519,LANE_GRACE,16.555877924017988,5.681756012080821,1.7499221194548829,0.040007157114769584,0.04,-0.012478589830721802,-0.1377926892263367,0.3425499891025382,0.0,inf,green,False,unknown,0,-0.31196474576804506,0.060083460000896594,0.0745684789999359,0.029569570999228745,0.0,0.10300000000000864,0.046999999999997044,0.01300000000000523,0.5880389999219915,0.4630829954985218
218.7,15918.331436355,LANE_GRACE,16.565398991977325,5.672260604659468,1.7506206239312203,0.039998038914697116,0.04,-0.012478589830721802,-0.0499544062230611,-0.008583049945397327,0.0,inf,green,False,unknown,0,-0.31196474576804506,0.13406398500046635,0.09143949799909024,0.014053266999326297,0.0,0.14599999999998658,0.046999999999997044,-0.025000000000005684,0.438663000750239,0.4630829954985218
218.8,15918.424782138,LANE_GRACE,16.56811883068386,5.669548478477419,1.750825303767862,0.03999760884067139,0.04,-0.012478589830721802,-0.049615842193323004,-0.019775487929426662,0.0,inf,green,False,unknown,0,-0.31196474576804506,0.049051170999518945,0.06102287700014131,0.013793997999528074,0.0,0.08800000000002228,0.04400000000001114,0.007000000000005002,14.073030000872677,0.4630829954985218
218.8,15918.528819113,FOLLOW,16.57083866465111,5.666836530030892,1.751032262957225,0.03999723815052245,0.04186753835659076,-0.03249481079057238,-0.09860357113686406,0.11591282525450278,0.29999999999999993,inf,green,False,unknown,0,-0.7761337796793841,0.07469305999984499,0.055897914000524906,0.03785713199977181,0.10403697500078124,0.027000000000015234,-0.0549999999999784,-0.06099999999997863,17.18898199942487,0.4630829954985218
219.0,15918.675701994,FOLLOW,16.57640104033469,5.661290974011205,1.7514644766245417,0.04183766692901749,0.042926725386120954,-0.03433661245330864,-0.09932976757451295,0.10318303587591379,0.2999999999999999,inf,green,False,unknown,0,-0.7998889303680812,0.04725832599979185,0.07952515299984952,0.01824283299902163,0.0,0.09200000000001296,0.04599999999999227,0.002999999999985903,16.135482001118362,0.4630829954985218
219.2,15918.928921641,FOLLOW,16.58510119941279,5.652620800382357,1.7521859778864246,0.04323777312999472,0.050996274807560395,-0.02851462118536823,-0.06107437388898024,0.023560349878687922,0.29255280760988206,inf,green,False,unknown,0,-0.5591510613857785,0.03428540700042504,0.10198850099914125,0.04048333799983084,0.0,0.04899999999997817,0.04399999999998272,-0.0010000000000047748,16.429657000117004,0.4630829954985218
219.3,15919.020653406,FOLLOW,16.589763206632167,5.647976979528854,1.7525973413496472,0.05097104927747842,0.050996274807560395,-0.02851462118536823,-0.06107437388898024,0.023560349878687922,0.29255280760988206,inf,green,False,unknown,0,-0.5591510613857785,0.1260171720005019,0.07097416000033263,0.009457386999201844,0.0,0.1490000000000009,0.04400000000001114,-0.002999999999985903,0.34021000101347454,0.4630829954985218
219.5,15919.274548407,FOLLOW,16.598428350340367,5.639348728185704,1.7533959995121702,0.050971448177179794,0.05306988008348951,-0.03133608469674674,-0.061930734845724034,0.007010529626577112,0.28096486434821916,inf,green,False,unknown,0,-0.5904683531873225,0.04402769599983003,0.06179098599932331,0.04659266199996637,0.0,0.09299999999998931,0.04200000000000159,0.026999999999986812,0.3504010001051938,0.4630829954985218
219.7,15919.520926551,FOLLOW,16.6092733548289,5.628555680751735,1.7544561198307098,0.05331237695606293,0.05353451065009072,-0.033603496607714126,-0.0643536266618922,-0.0034780506574667597,0.28096486434821916,inf,green,False,unknown,0,-0.6276978382664489,0.028982034000364365,0.07380719300090277,0.04465923300085706,0.0,0.07799999999997453,0.04200000000000159,0.022999999999996135,0.6591790006496012,0.4630829954985218
219.8,15919.670521228,FOLLOW,16.61647879417863,5.621388730327416,1.755199822994712,0.05134588684991237,0.05137717128696177,-0.034193522213322614,-0.06590527170942814,-0.02042018777864352,0.28064593013000827,inf,green,False,unknown,0,-0.6655392143397366,0.07334361499852093,0.07276731499950984,0.024478737999743316,0.0,0.10300000000000864,0.04100000000002524,-0.012999999999976808,0.30693300141138025,0.4630829954985218
219.8,15919.723203315,LANE_GRACE,16.618224550416382,5.619652824839545,1.7553850174299217,0.051345690315740475,0.04,-0.026621568573589466,-0.06710599515462042,-0.02578389968825068,0.27735027654182887,inf,green,False,unknown,0,-0.6655392143397366,0.1260257019985147,0.029439506999551668,0.030512493000060203,0.05268208699999377,0.10300000000000864,-0.05699999999998795,-0.046999999999997044,16.030288999900222,0.4630829954985218
220.0,15919.924262878,LANE_GRACE,16.625421265793783,5.612498893561376,1.7561685389996706,0.0399776775190835,0.04,-0.026621568573589466,-0.067609480370242,0.16675404447939632,0.0,inf,green,False,unknown,0,-0.6655392143397366,0.16808388800018292,0.07976257399968745,0.013252493999971193,0.0,0.1599999999999966,0.04200000000000159,-0.016999999999995907,0.5626440015475964,0.4630829954985218
220.1,15920.03239158,FOLLOW,16.628139745526475,5.60979749577325,1.7564728095112911,0.03997763786055648,0.029682812909176553,-0.01828408383351293,0.0467655800632851,-0.6343949310505385,0.42644098906352373,inf,green,False,unknown,0,-0.6159821809832698,0.017092262000005576,0.0758711710004718,0.030661233000500943,0.0,0.0619999999999834,0.03700000000000614,0.014999999999986358,23.849653000070248,0.4630829954985218
220.3,15920.320765411,FOLLOW,16.635890451121494,5.602098496140752,1.7573665231043851,0.029269033397843976,0.02883021747353125,-0.018743953813365244,0.04885762097641955,-0.6589252047262196,0.4240144991730627,inf,green,False,unknown,0,-0.650149581097468,0.07070798299901071,0.0993664709985751,0.006977719998758403,0.0,0.07099999999999795,0.043000000000006366,-0.022999999999996135,1.3557750007748837,0.4630829954985218
220.5,15920.576225936,FOLLOW,16.64178118261682,5.596250085445519,1.7580713407906814,0.02898570969382555,0.02899833668196171,-0.019436754077731083,0.04778136954062506,-0.6635210175206967,0.42833806297788424,inf,green,False,unknown,0,-0.6702713431774737,0.1718379449994245,0.09404897499916842,0.017362451000735746,0.0,0.15899999999999181,0.04099999999999682,-0.026999999999986812,0.48530899948673323,0.4630829954985218
220.7,15920.776213367,FOLLOW,16.646708753788296,5.591360069258877,1.758678529499578,0.028985723902036607,0.02899833668196171,-0.019436754077731083,0.04778136954062506,-0.6635210175206967,0.42833806297788424,inf,green,False,unknown,0,-0.6702713431774737,0.37182537599983334,0.057404282999414136,0.01094613399982336,0.0,0.35899999999998045,0.042999999999977945,0.002999999999985903,0.46845399992889725,0.4630829954985218
220.8,15920.930120135,FOLLOW,16.649689425603924,5.588403100470881,1.7590536792714888,0.029723118470907292,0.029737923879184194,-0.021096783717929158,0.040068652872656735,-0.6491413150748759,0.43332339675283144,inf,green,False,unknown,0,-0.709423556386745,0.13048173100105487,0.08421884100062016,0.03010283700132277,0.0,0.13100000000000023,0.043000000000006366,0.0010000000000047748,0.39074199958122335,0.4630829954985218
221.0,15921.177901097,FOLLOW,16.65578796063781,5.582355557944889,1.759840636410661,0.030070912775795277,0.04009536897658617,-0.029893990205175355,0.01868164949733614,-0.5713154181859723,0.5409062511779675,inf,green,False,unknown,0,-0.7455721438211992,0.14458511600059865,0.0758243370000855,0.029261952000524616,0.0,0.14300000000000068,0.04099999999999682,-0.002999999999985903,0.3772609998122789,0.4630829954985218
221.2,15921.423065154,FOLLOW,16.66372857748986,5.574486585849776,1.7609048292755676,0.04140520951946522,0.032445781915214154,-0.024098420421114607,0.020583671583082053,-0.5787678304803132,0.4410678829637714,inf,green,False,unknown,0,-0.7427289157058229,0.010418584000944975,0.0847513099997741,0.013992603000588133,0.0,0.036000000000001364,0.04200000000000159,-0.007000000000005002,0.40631899901200086,0.4630829954985218
221.3,15921.579087992,FOLLOW,16.66704822532772,5.571198748266706,1.7613632840909614,0.03242696790415474,0.03222147990904509,-0.02459095173138808,0.02086129290703903,-0.5905710653309828,0.44330091222282864,inf,green,False,unknown,0,-0.7631850492529674,0.07557995000024675,0.0751684059996478,0.015086696999787819,0.0,0.07699999999999818,0.03900000000001569,-0.00899999999998613,0.6446459992730524,0.4630829954985218
221.5,15921.821438448,FOLLOW,16.673596850798837,5.564716312489401,1.7622919571421467,0.031798520160773995,0.03181895666142644,-0.025304179094985474,0.017808482784261143,-0.5929964015772656,0.43883485370471415,inf,green,False,unknown,0,-0.7952548339104182,0.035657256999911624,0.06585908200031554,0.009379159999298281,0.0,0.06299999999998818,0.04200000000000159,-0.01300000000000523,0.30748599965590984,0.4630829954985218
221.7,15922.071611269,FOLLOW,16.68005289747711,5.558330323409582,1.7632404234137806,0.03139338544956136,0.031414892878243846,-0.02611418145779601,0.016559699046829218,-0.60576849296281,0.43883485370471415,inf,green,False,unknown,0,-0.8312675634135679,0.05465245900086302,0.07586279700080922,0.01209842100070091,0.0,0.07899999999997931,0.04200000000000159,-0.01700000000002433,0.3825690000667237,0.4630829954985218
221.8,15922.225442185,FOLLOW,16.683862079119145,5.554564851291899,1.7638158148034304,0.050171613968645244,0.041887107632641196,-0.03591688075777837,0.01336510643555025,-0.6047998598169188,0.5845577760751953,inf,green,False,unknown,0,-0.8574686290774007,0.137606517999302,0.10696380699846486,0.030175740999766276,0.0,0.11400000000000432,0.03700000000000614,-0.018999999999977035,0.3744830009964062,0.4630829954985218
222.0,15922.47050172,FOLLOW,16.69240027395177,5.5461313166858295,1.7651484610997235,0.04174796662539468,0.04190181079891694,-0.03687634621629969,0.008052886791673153,-0.5924092210977546,0.577551991910259,inf,green,False,unknown,0,-0.8800656943745462,0.1672340909990453,0.10501431199918443,0.012640850000025239,0.0,0.14300000000000068,0.03899999999998727,-0.022999999999996135,0.33701500069582835,0.4630829954985218
222.2,15922.67210707,FOLLOW,16.699516481104144,5.539110074866614,1.7663070838787913,0.04185343355588225,0.041187842215803676,-0.03854711811114354,0.005034193248268787,-0.6081002168234441,0.5766871203922429,inf,green,False,unknown,0,-0.9358858351737859,0.0698008920007851,0.05616621599983773,0.011650557000393746,0.0,0.11099999999999,0.03899999999998727,0.0069999999999765805,0.28968100014026277,0.4630829954985218
222.3,15922.826573655,FOLLOW,16.705113782147023,5.533592828392344,1.767250324630751,0.04114503783859748,0.05075418725351769,-0.04878661032658183,-0.0008066604640118158,-0.5951404605286387,0.701493684405866,inf,green,False,unknown,0,-0.9612332098412335,0.06350408999969659,0.0893813519996911,0.013655419999849983,0.0,0.07600000000002183,0.03900000000001569,-0.028999999999996362,0.5618559989670757,0.4630829954985218
222.5,15923.070449708,FOLLOW,16.714042558905465,5.524801830540031,1.7688126811132814,0.05133691916698612,0.05220066328884102,-0.051537316750437746,-0.004564975435083413,-0.5920892898869285,0.7192738746368464,inf,green,False,unknown,0,-0.9872923733797636,0.0761446579999756,0.08594356400135439,0.03926374399998167,0.0,0.08400000000000318,0.03299999999998704,0.0010000000000047748,18.342020999625674,0.4630829954985218
222.7,15923.321942126,FOLLOW,16.725272345646985,5.5137651474451115,1.7708859726219954,0.07223767517448111,0.05502626172692414,-0.0521365013499487,-0.01558056484768891,-0.5163562340442127,0.700328582911325,inf,green,False,unknown,0,-0.947483977899202,0.0034293700009584427,0.0910142230004567,0.041388256000573165,0.0,0.020999999999986585,0.036000000000001364,-0.0030000000000143245,17.887636999148526,0.4630829954985218
222.8,15923.430073049,FOLLOW,16.73180560998209,5.50735419674249,1.7721442029059402,0.06274333122681175,0.05457514940019699,-0.053067679306879834,-0.016790190700083585,-0.5250316581250284,0.7011630686400747,inf,green,False,unknown,0,-0.9723780858158912,0.03436314099963056,0.07192775600015011,0.013001112998608733,0.0,0.06900000000001683,0.036000000000001364,-0.0049999999999954525,15.77373100008117,0.4630829954985218
223.0,15923.673914345,FOLLOW,16.742925715402453,5.496460117762485,1.7743745824901649,0.05375041182170312,0.053832079880206586,-0.05502965624881533,-0.01896882360188762,-0.5437395811129395,0.7056036738414508,inf,green,False,unknown,0,-1.022246518642299,0.0255286960000376,0.06585651000023063,0.013686125999811338,0.0,0.0730000000000075,0.036000000000001364,-0.00899999999998613,0.37082500057294965,0.4630829954985218
223.2,15923.921599151,FOLLOW,16.751997307712646,5.487592032014211,1.7762851433519817,0.053093502245003504,0.05309258415801893,-0.05733199201310653,-0.021970464594406075,-0.5632155666008559,0.7102722712787477,inf,green,False,unknown,0,-1.0798493409638885,0.07435636499940301,0.060609581998505746,0.03862800999922911,0.0,0.125,0.033999999999991815,0.020999999999986585,0.6140260011306964,0.4630829954985218
223.3,15924.073667062,FOLLOW,16.759208754036262,5.480555890672602,1.7778654661358952,0.05307064573068404,0.05316046994593834,-0.05941631429468968,-0.02444434874886306,-0.5738258290020367,0.7190144266005731,inf,green,False,unknown,0,-1.1176784997407516,0.14643484700172849,0.0757480320007744,0.01323827900159813,0.0,0.1570000000000107,0.03500000000002501,-0.014999999999986358,0.387802998375264,0.4630829954985218
223.5,15924.321153339,FOLLOW,16.76823103298118,5.471771235581228,1.7799223278128802,0.05307378777857554,0.056179955767613345,-0.061208382638314573,-0.028575510754383554,-0.5370154267835756,0.7311317393093419,inf,green,False,unknown,0,-1.0895057107467503,0.01901916200040432,0.04536383400045452,0.02575051500025438,0.0,0.07499999999998863,0.03499999999999659,0.014999999999986358,0.3454630004853243,0.4630829954985218
223.7,15924.583747994,FOLLOW,16.77863021589289,5.461671542246126,1.782399870028532,0.04349216209801763,0.04327485081306065,-0.051709414446992744,-0.03306186620862289,-0.5797394868339546,0.5888622240056108,inf,green,False,unknown,0,-1.1949068217558472,0.09339190200080338,0.09287388399934571,0.032719861999794375,0.0,0.12699999999998113,0.036000000000001364,0.01099999999999568,0.47694999921077397,0.4630829954985218
223.8,15924.720790127,FOLLOW,16.784515933046436,5.455968079811616,1.7838531585346724,0.043192436211977325,0.042464130670219216,-0.05351867030260973,-0.0364540708357928,-0.6039670055569756,0.5921192515633349,inf,green,False,unknown,0,-1.260326526362713,0.04155498099862598,0.09194759799902386,0.013106903999869246,0.0,0.05500000000000682,0.03200000000001069,-0.024999999999977263,34.325642000112566,0.4630829954985218
224.0,15924.983533273,FOLLOW,16.79328521506142,5.447490079639705,1.786094379926029,0.04338743916705241,0.044009615458077106,-0.054264778735883305,-0.03876419406619602,-0.5765245018605585,0.5968953862815761,inf,green,False,unknown,0,-1.2330209698736203,0.11783897399982379,0.10558334899906185,0.029641692999575753,0.0,0.11400000000000432,0.03299999999998704,-0.028999999999996362,0.3922359992429847,0.4630829954985218
224.2,15925.226433902,FOLLOW,16.802349951011955,5.43875262955774,1.7885080051936306,0.04549279591777958,0.0326468891221779,-0.04169628536725076,-0.04325206531707404,-0.5832925593936883,0.445853377238726,inf,green,False,unknown,0,-1.277190154663936,0.084931981000409,0.1022932910000236,0.024759403000643943,0.0,0.07699999999999818,0.03499999999999659,-0.03300000000001546,19.847719000608777,0.4630829954985218
224.3,15925.320627916,FOLLOW,16.80517973545629,5.436030292649568,1.7892803769942647,0.03739029150171723,0.0326468891221779,-0.04169628536725076,-0.04325206531707404,-0.5832925593936883,0.445853377238726,inf,green,False,unknown,0,-1.277190154663936,0.0721612510005798,0.057722417999684694,0.00943585200002417,0.0,0.11700000000001864,0.03300000000001546,-0.0009999999999763531,0.3644799999165116,0.4630829954985218
224.5,15925.581829932,FOLLOW,16.811812881899343,5.429659020285753,1.7911257087492294,0.03242716276401848,0.032090663831395,-0.054003898757910646,-0.04997655929083877,-0.8055477248787235,0.5373170384970303,inf,green,False,unknown,0,-1.6828538992414812,0.07554938099929132,0.03159214100014651,0.025143341999864788,0.0,0.10200000000000387,0.03299999999998704,-0.0049999999999954525,4.363312000350561,0.4630829954985218
224.7,15925.821338066,FOLLOW,16.81832593619439,5.423421353646676,1.7929994670017344,0.03187878330176227,0.031961027775622215,-0.053761236018737515,-0.050281948167674506,-0.8041087750689726,0.5345076945118038,inf,green,False,unknown,0,-1.6820872093400911,0.23349259399947186,0.05023992600035854,0.005896557000596658,0.0,0.25,0.031999999999982265,-0.009000000000014552,0.34727899947029073,0.4630829954985218
224.8,15925.971328536,FOLLOW,16.82157749997358,5.420315131660538,1.793960730785582,0.03187834220132988,0.030996424138581297,-0.05127012524194049,-0.050399294937493344,-0.7868348909954613,0.5109394119966975,inf,green,False,unknown,0,-1.6540658049043948,0.12447849199998018,0.0694882689986116,0.031679787000030046,0.0,0.14500000000001023,0.030000000000001137,-0.01099999999999568,0.7815999997546896,0.4630829954985218
225.0,15926.221059293,FOLLOW,16.826834535338765,5.415304346641359,1.7955507884356106,0.03091606573871223,0.06084722054360069,-0.035697100873265,-0.046926289419397915,-0.09006586782201853,0.4141548047257977,inf,green,False,unknown,0,-0.5866677319744766,0.05973617400013609,0.08126680600071268,0.06439379900075437,0.0,0.0730000000000075,0.03499999999999659,0.019000000000005457,0.3820330002781702,0.4630829954985218
225.2,15926.479574549,FOLLOW,16.83836214378436,5.4043448283071465,1.7991249025491716,0.06005977217962506,0.05975777580795381,-0.03830765754734233,-0.04971890667880528,-0.1101977199117406,0.42344834672520837,inf,green,False,unknown,0,-0.641048918394375,0.09031756199874508,0.06076384999869333,0.029274441998495604,0.0,0.1139999999999759,0.031999999999982265,0.014999999999986358,26.189163001618,0.4630829954985218
225.3,15926.634323951,FOLLOW,16.844464499965433,5.398553253275203,1.8010474964475354,0.05970287961678166,0.02724642648172453,0.019171983694492647,-0.03870460179706209,0.6406391207427085,0.39380135135170363,inf,green,False,unknown,0,0.7036513102865877,0.022072348001529463,0.05291660100010631,0.02956426400123746,0.0,0.07099999999999795,0.03300000000001546,0.01300000000000523,22.9952299996512,0.4630829954985218
225.5,15926.881297202,LANE_GRACE,16.853696273783566,5.38980236508612,1.8039881705376428,0.06573061555988381,0.04,-0.015912185897216182,-0.09662440610971337,0.05543840358890252,0.0,inf,green,False,unknown,0,-0.39780464743040456,0.03203487900100299,0.06390874600037932,0.034207933000288904,0.0,0.06800000000001205,0.03499999999999659,0.00899999999998613,17.737755999405636,0.4630829954985218
225.7,15927.177005999,LANE_GRACE,16.864126463093108,5.379919768683428,1.8073232925975031,0.039971282933358665,0.04,-0.015912185897216182,-0.044423798192643,-0.04849641636367369,0.0,inf,green,False,unknown,0,-0.39780464743040456,0.009223311999448924,0.10790363299929595,0.028666364998571225,0.0,0.016999999999995907,0.03499999999999659,-0.029000000000024784,0.9111970011872472,0.4630829954985218
225.8,15927.270888043,LANE_GRACE,16.866844511644594,5.377346583745912,1.808198796232674,0.03997132160657587,0.04,-0.015912185897216182,-0.21181071270215357,0.08857676480182651,0.06676974578440366,inf,green,False,unknown,0,-0.39780464743040456,0.10310535600001458,0.08121262299937371,0.046804420999251306,0.0,0.11700000000001864,0.03500000000002501,0.0030000000000143245,15.002481999545125,0.4630829954985218
225.9,15927.423333446,FOLLOW,16.87092158915948,5.373488662241424,1.8095175074160805,0.039971374036747116,0.02400359973699865,-0.05237805136010118,-0.6268946048826756,0.4998650301065557,0.2999999999999992,inf,green,False,unknown,0,-2.182091516855563,0.004691961999924388,0.09010513599969272,0.014412872000320931,0.0,0.030000000000001137,0.03499999999999659,0.0010000000000047748,17.49851099884836,0.4630829954985218
226.0,15927.621119052,LANE_GRACE,16.874613844150907,5.369997891114548,1.8107205183845498,0.02395589439607335,0.04,-0.08728366067422252,0.2676884061196189,-0.462709848200432,0.0,inf,green,False,unknown,0,-2.182091516855563,0.026920414000414894,0.1268147629998566,0.032107499000630924,0.04472687100133044,0.022999999999996135,0.03499999999999659,-0.03499999999999659,15.081551999173826,0.4630829954985218
226.1,15927.777548886,FOLLOW,16.87879891983908,5.3660515361027254,1.8121137346875298,0.03989235835435371,0.016320163790572145,-0.02746319522181811,-1.180812769685795,0.9235161287093158,0.29999999999999744,inf,green,False,unknown,0,-1.6827769362022633,0.09428783900148119,0.022922182000911562,0.021832931000972167,0.057147306000842946,0.0589999999999975,-0.06700000000000728,-0.07099999999999795,26.108569998541498,0.4630829954985218
226.3,15927.930361176,LANE_GRACE,16.881982568881774,5.363057644726874,1.813196418649305,0.012276760290224332,0.04,-0.06731107744809053,0.26416919746461065,-0.4555106608433722,0.0,inf,green,False,unknown,0,-1.6827769362022633,0.07707804100027715,0.05835527100134641,0.043939729999692645,0.0,0.12800000000001432,0.03100000000000591,0.027000000000015234,16.012149999369285,0.4630829954985218
226.5,15928.180243578,FOLLOW,16.88970480598586,5.35581822856696,1.815883996819614,0.03991520256620759,0.016334897303125623,-0.02767976857414457,-1.1698699233783474,0.9223223629246153,0.29999999999999793,inf,green,False,unknown,0,-1.6945174530633962,0.07132393599931675,0.07659350199901382,0.01710653999907663,0.0,0.117999999999995,0.03299999999998704,-0.01099999999999568,23.150672001065686,0.4630829954985218
226.7,15928.428300594,FOLLOW,16.893997400848836,5.351808754350131,1.8174171084642579,0.01628969014487986,0.059448485566756006,-0.0920220574954754,-0.16851089638257588,-0.09304432265479738,0.40709358748770436,inf,green,False,unknown,0,-1.5479293815170754,0.045212666000225,0.06009995599924878,0.04954381499919691,0.0,0.07099999999999795,0.031999999999982265,0.018999999999977035,25.23565800038341,0.4630829954985218
226.8,15928.570563367,FOLLOW,16.901512389719535,5.344807162673154,1.8201470008318106,0.059097129433780635,0.059448485566756006,-0.0920220574954754,-0.16851089638257588,-0.09304432265479738,0.40709358748770436,inf,green,False,unknown,0,-1.5479293815170754,0.18747543900099117,0.08886769099990488,0.02012963800007128,0.0,0.1710000000000207,0.034000000000020236,-0.016999999999995907,0.33269300001848023,0.4630829954985218
226.8,15928.626483083,LANE_GRACE,16.903521755422044,5.342940237617603,1.8208900629849107,0.059100766202559996,0.04,-0.061917175260683015,-0.08493277204262266,-0.08241693399993465,0.0,inf,green,False,unknown,0,-1.5479293815170754,0.051759373000095366,0.010342253999624518,0.03038268800082733,0.05591971600006218,0.02800000000002001,-0.06699999999997885,-0.05099999999998772,15.324341999075841,0.4630829954985218
226.9,15928.73395034,FOLLOW,16.90827050110755,5.338537374874424,1.8226691903388503,0.03992268104925169,0.05975063988413524,-0.0913885216990333,-0.16415312833937562,-0.101977260450603,0.4165758683223436,inf,green,False,unknown,0,-1.5294986275669733,0.07269078299941611,0.11780951099899539,0.015160963999733212,0.06033946100069443,0.057999999999992724,0.03300000000001546,-0.05299999999999727,19.249741999374237,0.4630829954985218
227.0,15928.873476814,LANE_GRACE,16.91363721139356,5.333577452689821,1.8247187293668201,0.059589200649771065,0.04,-0.061179945102678934,-0.2127580647787589,0.039618808944831996,0.19780657887083816,inf,green,False,unknown,0,-1.5294986275669733,0.04022807900037151,0.10465301800104498,0.015944402000968694,0.04787958999986586,0.020999999999986585,0.03100000000000591,-0.05500000000000682,16.216648000408895,0.4630829954985218
227.1,15928.980048126,FOLLOW,16.917689345112443,5.329843688971024,1.8262931361480526,0.0595876076643838,0.06025918741799972,-0.09544871383169613,-0.1842307959549063,-0.02862376880395625,0.3587294446689859,inf,green,False,unknown,0,-1.5839694811945826,0.06245156100158056,0.07455978899997717,0.04506105800101068,0.04631268299999647,0.0519999999999925,0.03299999999998704,-0.022999999999996135,20.812641998418258,0.4630829954985218
227.3,15929.172418981,FOLLOW,16.926529471441768,5.32173279173746,1.829808813809856,0.06008729051367506,0.053712508957113624,-0.08150424506170657,-0.16107930881444438,-0.10941999192818809,0.38003091499132713,inf,green,False,unknown,0,-1.5174164574360707,0.008617257999503636,0.05193558899918571,0.023400353999022627,0.0,0.051000000000016144,0.030000000000001137,0.007000000000005002,0.33939400054805446,0.4630829954985218
227.3,15929.225529464,LANE_GRACE,16.92836121764649,5.320058276890085,1.8305513056848475,0.05361761643114823,0.04,-0.06069665829744283,-0.1043426099679158,-0.012307100133505335,0.0,inf,green,False,unknown,0,-1.5174164574360707,0.06172774100014067,0.10504607199982274,0.03055557200059411,0.05311048300063703,0.051000000000016144,0.030000000000001137,-0.026999999999986812,25.474526999460068,0.4630829954985218
227.5,15929.421471185,LANE_GRACE,16.936323777304302,5.312803632852556,1.8338333382851866,0.03992622098726134,0.04,-0.06069665829744283,-0.14496947077824768,0.17576907379174092,0.0,inf,green,False,unknown,0,-1.5174164574360707,0.15454955700079154,0.03783551199921931,0.006892756000524969,0.0,0.18500000000000227,0.02600000000001046,0.002999999999985903,0.34003200016741175,0.4630829954985218
227.6,15929.626271385,FOLLOW,16.94311128979622,5.306651594625757,1.8367008029661474,0.03992689774677202,0.057204297859129276,-0.0836834290978487,-0.1474349599173518,-0.142858622945403,0.431303421699522,inf,green,False,unknown,0,-1.4628870946712198,0.11295756599974993,0.11828710999907344,0.008241552999606938,0.05430090499976359,0.08099999999998886,0.026999999999986812,-0.06700000000000728,22.85438500075543,0.4630829954985218
227.8,15929.830871226,FOLLOW,16.950485140763387,5.300001815550248,1.8398872765968717,0.05710975068658649,0.02058669081608047,-0.04191811239819024,-0.1349583003593403,-0.8159147950947045,0.34766197146267386,inf,green,False,unknown,0,-2.0361753509916993,0.143005620000622,0.16089328800080693,0.023945685001308448,0.0,0.1560000000000059,0.12700000000000955,-0.002999999999985903,0.3813989987975219,0.4630829954985218
228.0,15930.076357185,FOLLOW,16.957078881631013,5.294090803515006,1.8428090682940972,0.050366051655419776,0.05012557722263093,-0.07376260932675785,-0.1504426609313832,-0.1319157915072079,0.3703136955990473,inf,green,False,unknown,0,-1.4715563074544538,0.09140997199938283,0.060903040000994224,0.020124454000324477,0.0,0.09600000000000364,0.022999999999996135,-0.007000000000005002,0.4477950005821185,0.4630829954985218
228.2,15930.323729351,FOLLOW,16.96573502426999,5.286376469761772,1.8467355019194134,0.05461433906582969,0.04435077548415104,-0.06442103962620331,-0.13543427263043792,-0.21014226046801437,0.37583725565846265,inf,green,False,unknown,0,-1.4525346833952086,0.03894675299852679,0.04644319199906022,0.046892459999071434,0.0,0.054000000000002046,0.022999999999996135,0.022999999999996135,19.379974000912625,0.4630829954985218
228.3,15930.478479528,FOLLOW,16.97233116479945,5.280531709908326,1.849792876937898,0.044277868439207675,0.049545432624321636,-0.07286053787162262,-0.14256341364558245,-0.18216767054109792,0.40060762634517005,inf,green,False,unknown,0,-1.4705803141146798,0.05085728199992445,0.06289904000004753,0.029870139998820378,0.0,0.05500000000000682,0.02400000000000091,-0.012999999999976808,19.95175900083268,0.4630829954985218
228.5,15930.721808273,FOLLOW,16.98202441799934,5.271996840661232,1.8543878316404543,0.0483334404500112,0.048412127267716175,-0.07157656352783909,-0.1447571133977591,-0.17590666613083147,0.38723426132016586,inf,green,False,unknown,0,-1.4784841643504933,0.0685058740000386,0.06791586100007407,0.01481135599897243,0.0,0.08899999999999864,0.019000000000005457,-0.016999999999995907,0.48179199984588195,0.4630829954985218
228.7,15930.970885593,FOLLOW,16.992293526968645,5.263028023488774,1.8593891220809504,0.05115655989965749,0.05123837038134869,-0.07683589228241604,-0.15167884483945068,-0.15242562547602953,0.3931304000873475,inf,green,False,unknown,0,-1.4995772057259869,0.005907994000153849,0.06185418700079026,0.0143778410001687,0.0,0.028999999999996362,0.018999999999977035,-0.021000000000015007,0.7443239992426243,0.4630829954985218
228.8,15931.07884823,FOLLOW,16.995772164153845,5.260007487456851,1.8611145953589907,0.05115659138300543,0.05134972426313211,-0.07758976150697595,-0.15587539008456952,-0.13686386611618226,0.3828862707209033,inf,green,False,unknown,0,-1.5110063904020525,0.11387063099937222,0.02523072999974829,0.024672823999935645,0.0,0.1290000000000191,0.01500000000001478,0.011000000000024102,0.5628560011246009,0.4630829954985218
229.0,15931.323902564,FOLLOW,17.006217724724596,5.250992495312225,1.8663907163664528,0.05118265794362391,0.05134972426313211,-0.07758976150697595,-0.15587539008456952,-0.13686386611618226,0.3828862707209033,inf,green,False,unknown,0,-1.5110063904020525,0.3589249649994599,0.057734703999813064,0.0414941330000147,0.0,0.32900000000000773,0.018000000000000682,0.007000000000005002,4.558997999993153,0.4630829954985218
229.2,15931.571157452,FOLLOW,17.017124895825447,5.241669275394009,1.872051219074111,0.0558038907915624,0.055992602713294384,-0.08640514138023087,-0.16856320144230633,-0.08751878298602812,0.37913118793063133,inf,green,False,unknown,0,-1.543152795069403,0.20035952299986093,0.05649844899926393,0.03890971799955878,0.0,0.18899999999999295,0.015999999999991132,0.002999999999985903,0.37658300061593764,0.4630829954985218
229.3,15931.730655854,FOLLOW,17.02471496927668,5.235237878671892,1.8760818195207563,0.05580710794991557,0.0602916396464238,-0.0943539032430995,-0.17864244435305887,-0.04453550707638248,0.3722468694817991,inf,green,False,unknown,0,-1.564958322520859,0.036198537000018405,0.09148620999985724,0.0369380390002334,0.0,0.03300000000001546,0.014000000000010004,-0.03299999999998704,23.750452999593108,0.4630829954985218
229.5,15931.934195242,FOLLOW,17.034634236709813,5.226904674243481,1.8814621271043417,0.06009875046970651,0.06473467060156901,-0.10209055923232081,-0.18519813613677583,-0.01439140209974231,0.37257626270901595,inf,green,False,unknown,0,-1.5770615387953544,0.0647268280008575,0.04122073899998213,0.02801840599931893,0.0,0.09100000000000819,0.015999999999991132,-0.002999999999985903,0.3176770005666185,0.4630829954985218
229.5,15931.979912318,LANE_GRACE,17.036822746585514,5.225077354696846,1.8826664853361519,0.06451439154369357,0.04,-0.06308246155181417,-0.11686507472280029,-0.007302783209102237,0.0,inf,green,False,unknown,0,-1.5770615387953544,0.0301729750008235,0.08693781500005571,0.029429808999339002,0.045717076000073575,0.020000000000010232,0.015999999999991132,-0.03700000000000614,23.51935600017896,0.4630829954985218
229.7,15932.180630088,LANE_GRACE,17.045084868187963,5.218216294200576,1.8872694840516058,0.039937072918452776,0.04,-0.06308246155181417,-0.11802652012283218,0.002950411219854352,0.0,inf,green,False,unknown,0,-1.5770615387953544,0.1489394460004405,0.04080302200054575,0.014090114998907666,0.0,0.16399999999998727,0.012000000000000455,-0.007000000000005002,0.3266570001869695,0.4630829954985218
229.8,15932.336114562,LANE_GRACE,17.04915848027775,5.214855620573143,1.889571686777609,0.03993768973058104,0.04,-0.06308246155181417,-0.11802652012283218,0.002950411219854352,0.0,inf,green,False,unknown,0,-1.5770615387953544,0.30442392000077234,0.076480347001052,0.0452445760001865,0.0,0.26400000000001,0.01300000000000523,-0.00899999999998613,0.36183100019115955,0.4630829954985218
229.9,15932.521800719,FOLLOW,17.055947975573005,5.209287500806947,1.8934566404683257,0.03993873519358966,0.04953420966789687,-0.08160428800900106,-0.2263657288884325,0.17639124164670913,0.39654284186760425,inf,green,False,unknown,0,-1.6474329267816865,0.01686177299961855,0.018524867999076378,0.021736673999839695,0.10071425899877795,-0.027999999999991587,-0.08799999999999386,-0.07900000000000773,19.992695000837557,0.4630829954985218
230.0,15932.621815981,LANE_GRACE,17.05874152211792,5.207008650385864,1.895072416881421,0.04233575610892028,0.04,-0.06589731707126746,-0.19198654551927063,0.23531811236998396,0.14975855845565214,inf,green,False,unknown,0,-1.6474329267816865,0.044409792999431374,0.11854012999901897,0.00660408799922152,0.04547761600042577,0.009999999999990905,0.012000000000000455,-0.046999999999997044,19.37089700004435,0.4630829954985218
230.1,15932.721936142,FOLLOW,17.061557617447665,5.204718826506883,1.8967116512815039,0.032890543072963886,0.053717895863105755,-0.08668788876474041,-0.20645088302016001,0.08511680524947109,0.3619368614699118,inf,green,False,unknown,0,-1.6137618082743808,0.06288789799873484,0.06084503199963365,0.026999824000085937,0.0,0.0759999999999934,0.01300000000000523,-0.01500000000001478,16.505413001141278,0.4630829954985218
230.2,15932.830801362,LANE_GRACE,17.064261350104367,5.202527482565158,1.8982953725159828,0.03993790286587412,0.04,-0.06455047233097523,-0.1215915280553878,-0.1517553826297124,0.0,inf,green,False,unknown,0,-1.6137618082743808,0.029432259001623606,0.044270305001191446,0.04463192700131913,0.0,0.057999999999992724,0.012000000000000455,0.016999999999995907,23.005308999927365,0.4630829954985218
230.3,15932.983208201,LANE_GRACE,17.07015381815767,5.197775690631113,1.9017798257827232,0.039940424749493865,0.04,-0.06455047233097523,-0.1215915280553878,-0.1517553826297124,0.0,inf,green,False,unknown,0,-1.6137618082743808,0.18183909800063702,0.07258253799955128,0.029732902999967337,0.0,0.15800000000001546,0.010000000000019327,-0.018999999999977035,0.3646910008683335,0.4630829954985218
230.5,15933.222695507,FOLLOW,17.078301699595976,5.191259871844187,1.906671773309916,0.039941230391257423,0.021793434240256756,-0.01916068959897637,0.12277342285619275,-0.9628923404078101,0.41252923051704493,inf,green,False,unknown,0,-0.8791955130955363,0.06839174400010961,0.05162036900037492,0.005859097000211477,0.0,0.0689999999999884,0.01099999999999568,-0.022999999999996135,20.33895400018082,0.4630829954985218
230.7,15933.476591779,FOLLOW,17.083566080165532,5.187080673393769,1.9098730145225242,0.027875828011602915,0.024198023120540507,-0.023014605948655592,0.1028905643148868,-0.9369041861569087,0.449311644535726,inf,green,False,unknown,0,-0.9510944689163318,0.010327388999940013,0.05974216799950227,0.011763267999413074,0.0,0.033999999999991815,0.01099999999999568,-0.027000000000015234,16.951313000390655,0.4630829954985218
230.8,15933.583876812,FOLLOW,17.085341601236316,5.185674683415517,1.9109572961835073,0.02417179953930456,0.024106335281554852,-0.023235795907418366,0.10055865353499777,-0.9349746253621571,0.4469631376576145,inf,green,False,unknown,0,-0.9638875273255414,0.03472796899950481,0.04333104399847798,0.04020819200013648,0.0,0.0700000000000216,0.011000000000024102,0.005000000000023874,21.70246100104123,0.4630829954985218
231.0,15933.830704469,FOLLOW,17.090261302646546,5.18178853606439,1.913974128370945,0.024109085592515598,0.02109460873887544,-0.020550036241343012,0.08670194403019454,-0.9040288886327379,0.3820552665263636,inf,green,False,unknown,0,-0.974184280719612,0.04878146199916955,0.04360371799884888,0.029980275998241268,0.0,0.08299999999999841,0.009999999999990905,0.0010000000000047748,20.012576000226545,0.4630829954985218
231.2,15934.077472015,FOLLOW,17.094843274971453,5.178182255502093,1.9168006414909642,0.02329683123783839,0.02332234419839943,-0.023438524134513316,0.095133102739757,-0.9337238971593755,0.4320217749330784,inf,green,False,unknown,0,-1.0049814862144886,0.14603349100070773,0.033902137000040966,0.013915101999373292,0.0,0.15399999999999636,0.009999999999990905,-0.0030000000000143245,0.39209100032167044,0.4630829954985218
231.3,15934.230777417,FOLLOW,17.097219550560148,5.176317074017701,1.918272980210738,0.023296917704441446,0.022580030111650794,-0.023189872072843388,0.09278497456624085,-0.934445884470802,0.4184976146349887,inf,green,False,unknown,0,-1.0270080224949714,0.0661723310004163,0.0233237000011286,0.022676648999549798,0.0,0.06800000000001205,0.010000000000019327,-0.0049999999999954525,0.478931999168708,0.4630829954985218
231.5,15934.476358627,FOLLOW,17.10198173011468,5.172589916530603,1.9212372012780088,0.02671543383265674,0.026745041443924845,-0.02985871795208225,0.08851840984510634,-0.9500096265881849,0.5014731029555349,inf,green,False,unknown,0,-1.1164207023079666,0.00877855399994587,0.04418240000086371,0.0301005660003284,0.0,0.028999999999996362,0.008000000000009777,-0.00899999999998613,0.5196439997234847,0.4630829954985218
231.7,15934.724516226,FOLLOW,17.107454103550385,5.168325990423426,1.9246673199615425,0.026882547986692738,0.026856469761971855,-0.030143738753425364,0.08631977016762449,-0.946731986115369,0.5023398175359404,inf,green,False,unknown,0,-1.12240138114162,0.17670001199985563,0.02544866700009152,0.024550035999709507,0.0,0.16599999999999682,0.00899999999998613,-0.01300000000000523,0.6052609987818869,0.4630829954985218
231.8,15934.832133131,FOLLOW,17.11019244879077,5.166200255578004,1.9263935241199623,0.026827260379566016,0.026856469761971855,-0.030143738753425364,0.08631977016762449,-0.946731986115369,0.5023398175359404,inf,green,False,unknown,0,-1.12240138114162,0.28431691699915973,0.049303263000183506,0.013144717000614037,0.0,0.26600000000001955,0.010000000000019327,-0.014999999999986358,0.3714790000231005,0.4630829954985218
232.0,15935.080170843,FOLLOW,17.11526313096399,5.162277979233318,1.9296071667500423,0.02282180830039397,0.02284708218305614,-0.025632863027410177,0.07476524682911734,-0.9192945696214949,0.41863932577502744,inf,green,False,unknown,0,-1.121931580673353,0.2216339410006185,0.04518336000001,0.014389680000022054,0.0,0.20599999999998886,0.00899999999998613,-0.019000000000005457,0.3906999991158955,0.4630829954985218
232.2,15935.326809268,FOLLOW,17.119960223676866,5.1586610142665,1.9326038640586547,0.02344581532549649,0.02347129977313784,-0.02658484576340118,0.07593822751185864,-0.9254371322061329,0.43207961472858725,inf,green,False,unknown,0,-1.132653326418109,0.1585541539989208,0.06033495799965749,0.028145606998805306,0.0,0.16100000000000136,0.00899999999998613,-0.023000000000024556,0.6020040000294102,0.4630829954985218
232.3,15935.432658168,FOLLOW,17.122351710099853,5.156825568189276,1.9341369465494063,0.0234460748524163,0.023670868476756157,-0.026985945580327308,0.07627193741727817,-0.9284900822419174,0.4367571390197694,inf,green,False,unknown,0,-1.140048815987737,0.014986827000029734,0.041557407999789575,0.017275976999371778,0.0,0.03300000000001546,0.009000000000014552,-0.024999999999977263,0.29593500039482024,0.4630829954985218
232.5,15935.678931091,FOLLOW,17.126358447507688,5.153759776610851,1.9367166441679908,0.023519366878113665,0.02347474871553604,-0.027193046410259752,0.07560223768599278,-0.9324622538547803,0.43443356364135777,inf,green,False,unknown,0,-1.158395633528672,0.01206568100133154,0.041072296000493225,0.030566893001378048,0.0,0.04099999999999682,0.007000000000005002,0.0049999999999954525,0.48292099927493837,0.4630829954985218
232.6,15935.830012011,LANE_GRACE,17.129541363426608,5.151332810778415,1.9387759595716219,0.02325348758568619,0.04,-0.04661357908687636,-0.2119900709122975,0.8900676940720135,0.022703237443292678,inf,green,False,unknown,0,-1.165339477171909,0.0745215469996765,0.0755355219989724,0.024854585999491974,0.057342570999026066,0.07399999999998386,0.007000000000005002,-0.03100000000000591,19.666707999931532,0.4630829954985218
232.8,15936.071910371,LANE_GRACE,17.134886520245573,5.147273486786604,1.9422533892807907,0.039961299044068685,0.04,-0.04661357908687636,-0.2127309883386292,0.8898741823550335,0.027026801248114102,inf,green,False,unknown,0,-1.165339477171909,0.04550350399949821,0.06310058899907744,0.050211654999657185,0.0,0.05000000000001137,0.006000000000000227,-0.0009999999999763531,0.7775129997753538,0.4630829954985218
233.0,15936.270670214,LANE_GRACE,17.141680012080176,5.142144761978357,1.9467084409368807,0.039962137584586485,0.04,-0.04661357908687636,-0.21316531226337304,0.8755286305455576,0.04330634251320718,inf,green,False,unknown,0,-1.165339477171909,0.058459645000766614,0.013826018001054763,0.029323591001229943,0.0,0.11299999999999955,0.002999999999985903,0.028999999999996362,0.5038649997004541,0.4630829954985218
233.1,15936.424829765,FOLLOW,17.14711490796578,5.1380669937316705,1.9503014631207798,0.03996280424078333,0.025926798441898487,-0.029776633615836948,0.020477334233253874,-0.7711232832616739,0.4217149627186084,inf,green,False,unknown,0,-1.148488645158633,0.027088754999567755,0.04551454600004945,0.03195139099989319,0.0,0.05699999999998795,0.003999999999990678,-0.007000000000005002,20.298373001423897,0.4630829954985218
233.3,15936.685497333,FOLLOW,17.153381757939776,5.133393112624775,1.9544761582047339,0.025902645772383305,0.02618382704554645,-0.030597816017033937,0.02299540598217409,-0.788282182457935,0.43213576592754227,inf,green,False,unknown,0,-1.1685769220751958,0.039447574999940116,0.06189605899999151,0.04750797499946202,0.0,0.05000000000001137,0.0020000000000095497,-0.01099999999999568,25.601327000913443,0.4630829954985218
233.4,15936.871674466,LANE_GRACE,17.157822666696227,5.130099270734087,1.9574547878916584,0.02615956768211915,0.04,-0.046743076883007835,-0.07870118021354786,0.6804531114110319,0.014511946724133229,inf,green,False,unknown,0,-1.1685769220751958,0.043503658000190626,0.004801330998816411,0.031237189999956172,0.09665137099909771,-0.002999999999985903,-0.09499999999999886,-0.08099999999998886,16.24965300106851,0.4630829954985218
233.5,15936.977920793,FOLLOW,17.159601524028787,5.1287841741346485,1.9586526416013195,0.026159764880000453,0.026647033714016242,-0.031615014758064434,0.025453546026697693,-0.8038279431388493,0.44553394148188535,inf,green,False,unknown,0,-1.1864365504005443,0.05973387000085495,0.11104765799973393,0.04494514100042579,0.04596403899995494,0.026999999999986812,0.0049999999999954525,-0.049000000000006594,19.37473199905071,0.4630829954985218
233.7,15937.174360811,FOLLOW,17.165020254138604,5.124793448592853,1.9623182453340378,0.026622791964223135,0.026836850123492326,-0.03190741095352367,0.025587108589293694,-0.8052982055992989,0.44925565691364755,inf,green,False,unknown,0,-1.1889402372744442,0.15746450400001777,0.019454287999906228,0.01890684999852965,0.0,0.1529999999999916,0.0009999999999763531,-0.019000000000005457,0.3595990001485916,0.4630829954985218
233.8,15937.27161315,LANE_GRACE,17.166836748845643,5.12346089101273,1.9635527259461751,0.026812608304321157,0.04,-0.047557609490977766,-0.07432953122456726,0.6446052956995237,0.009468623877718362,inf,green,False,unknown,0,-1.1889402372744442,0.07687622999947052,0.018500845000744448,0.035036875000514556,0.0,0.11400000000000432,0.0020000000000095497,0.01300000000000523,19.057247000091593,0.4630829954985218
233.9,15937.374034506,FOLLOW,17.169983824059717,5.121158481466217,1.9656981822431672,0.03966180695922099,0.026123350254350374,-0.0315487245178763,0.02575696418074147,-0.8135998852557033,0.4403235398774189,inf,green,False,unknown,0,-1.2076829430644114,0.005775882998932502,0.008687348999956157,0.012774969000020064,0.0,0.07200000000000273,0.0049999999999954525,0.01099999999999568,17.384714001309476,0.4630829954985218
234.1,15937.621504142,FOLLOW,17.17579386161451,5.1169291522715765,1.9696817958733828,0.026100296777596486,0.026181588560182364,-0.03181650636936859,0.022621628478518063,-0.8068064317071877,0.4388348537047139,inf,green,False,unknown,0,-1.2152244427886227,0.0005046370006311918,0.003922879999663564,0.006524603000798379,0.0,0.0689999999999884,0.003999999999990678,0.007000000000005002,0.2868569990823744,0.4630829954985218
234.1,15937.721178903,LANE_GRACE,17.177572542448893,5.115639936166844,1.970907204560496,0.026158532110807535,0.04,-0.04860897771154491,-0.07630892116115928,0.6272716132412413,0.0,inf,green,False,unknown,0,-1.2152244427886227,0.10017939800127351,0.10359764100030588,0.028356120001262752,0.09967476100064232,0.0689999999999884,0.003999999999990678,-0.06100000000000705,25.452048999795807,0.4630829954985218
234.2,15937.835267472,FOLLOW,17.179351329077637,5.114353253742465,1.9721354265740014,0.026158721106459077,0.026605301367120096,-0.03235784882843485,0.017803731277261148,-0.7916157022131823,0.44032353987741885,inf,green,False,unknown,0,-1.2162180905954325,0.02115430699996068,0.06760254200162308,0.028713304000120843,0.06043815200064273,0.014999999999986358,0.0049999999999954525,-0.029000000000024784,18.55822099969373,0.4630829954985218
234.3,15937.921549443,FOLLOW,17.182032196049654,5.112419086749695,1.9739917780764829,0.03996526973394676,0.026605301367120096,-0.03235784882843485,0.017803731277261148,-0.7916157022131823,0.44032353987741885,inf,green,False,unknown,0,-1.2162180905954325,0.026343287998315645,0.03655308899942611,0.03274892099943827,0.0,0.06499999999999773,0.005000000000023874,0.0030000000000143245,0.3723330009961501,0.4630829954985218
234.5,15938.176517127,FOLLOW,17.18834573749439,5.107888318209246,1.9783886805025441,0.03542117025724491,0.027373584457324567,-0.03159957601679349,0.004110056251127037,-0.7147083945274091,0.42379950531784316,inf,green,False,unknown,0,-1.154382103887682,0.04779865199998312,0.048900623000008636,0.04520361899994896,0.0,0.06299999999998818,0.0049999999999954525,-0.0010000000000047748,0.3758590009965701,0.4630829954985218
234.7,15938.424481398,FOLLOW,17.19394749150583,5.103895710693792,1.9823178824994343,0.02744148111276229,0.027723822045327397,-0.03321273633556627,0.006150587367651672,-0.7431535879780785,0.4401748144941912,inf,green,False,unknown,0,-1.1979854827110312,0.0681645140011824,0.02222090100076457,0.021486777999598416,0.0,0.08899999999999864,0.0009999999999763531,-0.005000000000023874,0.5489699997269781,0.4630829954985218
234.8,15938.520475892,FOLLOW,17.195821933014216,5.102565407999651,1.983638422032605,0.027701549133833495,0.027758111814214063,-0.033909597055247195,0.007421507914016967,-0.7587313922192039,0.4467249381647304,inf,green,False,unknown,0,-1.2216103632050055,0.014115332000073977,0.0018656050015124492,0.03432306200011226,0.0,0.058000000000021146,0.0020000000000095497,0.027000000000015234,18.06955799838761,0.4630829954985218
235.0,15938.781518502,FOLLOW,17.201477642851764,5.0985692934961815,1.9876406720037505,0.027735826358828253,0.027495301988453336,-0.03416389074793891,0.0083305147899983,-0.771522191384391,0.44737995053178414,inf,green,False,unknown,0,-1.2425355707053536,0.11618283200004953,0.013549303001127555,0.04950179700063018,0.0,0.1349999999999909,0.0010000000000047748,0.022999999999996135,0.6912419994478114,0.4630829954985218
235.2,15939.020472733,FOLLOW,17.20706588589319,5.094647770809542,1.9916218781734387,0.027306913108312098,0.02267013180921,-0.031370504196952975,0.027911613264987978,-0.8898125422214216,0.4061141714073871,inf,green,False,unknown,0,-1.3837812881268008,0.0502836079995177,0.0006327970004349481,0.020676582000305643,0.0,0.09099999999997976,0.003999999999990678,0.018999999999977035,0.2528969998820685,0.4630829954985218
235.3,15939.173610156,FOLLOW,17.21031017654768,5.092384042367197,1.993945870446856,0.02748695921473397,0.027508548463294088,-0.034340735026974045,0.005893931564940946,-0.765814830607915,0.4454149134306225,inf,green,False,unknown,0,-1.2483659424195521,0.12714310199953616,0.019224386000132654,0.010527111000556033,0.0,0.13300000000000978,0.0030000000000143245,-0.016999999999995907,0.33669500044197775,0.4630829954985218
235.5,15939.430580306,FOLLOW,17.21554060450138,5.0887543104958715,1.9977118146018713,0.044904505947484526,0.03733600544749635,-0.044049234500453664,-0.004165079756559109,-0.6953505985594552,0.5680002210379752,inf,green,False,unknown,0,-1.1798057658417094,0.052733208000063314,0.029849020998881315,0.04651132799881452,0.0,0.08199999999999363,0.0010000000000047748,0.01300000000000523,19.795035001152428,0.4630829954985218
235.7,15939.677654608,FOLLOW,17.22316279679973,5.0835063594196646,2.0032396044343432,0.03751524573207972,0.03776740827683423,-0.045450983266342275,-0.0037855288613669047,-0.7087770990627601,0.5816060748375991,inf,green,False,unknown,0,-1.2034445925753658,0.06982901499941363,0.025472683000771212,0.044129407999207615,0.0,0.08899999999999864,0.0,0.00899999999998613,19.313995000629802,0.4630829954985218
235.8,15939.770493995,FOLLOW,17.22699659614852,5.080885371109373,2.006037535024698,0.03773894968895753,0.03776740827683423,-0.045450983266342275,-0.0037855288613669047,-0.7087770990627601,0.5816060748375991,inf,green,False,unknown,0,-1.2034445925753658,0.07270056999914232,0.010964159000650398,0.012083780000466504,0.0,0.12400000000002365,0.0020000000000095497,0.007000000000005002,0.5084599997644546,0.4630829954985218
236.0,15940.03301184,FOLLOW,17.23470823535412,5.075651819312281,2.0117013596207047,0.037867347549012456,0.037915299840998236,-0.04732373914862465,-0.0020493474974354053,-0.7374514790760389,0.5989835261632632,inf,green,False,unknown,0,-1.2481436081761634,0.11163718299940228,0.02793881700017664,0.027303836999635678,0.0,0.1419999999999959,0.002999999999985903,0.002999999999985903,0.5538219993468374,0.4630829954985218
236.2,15940.324469872,FOLLOW,17.242974822652386,5.070100322348565,2.0178264556403196,0.046013600537388386,0.046839821517987414,-0.05645065806989749,-0.008652318309323587,-0.6906791205774662,0.7095446575172776,inf,green,False,unknown,0,-1.2051851659643777,0.040415026998744,0.047978654998587444,0.04661665499952505,0.0,0.06499999999999773,0.001999999999981128,-0.0010000000000047748,21.10951800023031,0.4630829954985218
236.3,15940.48307975,FOLLOW,17.24928521932799,5.065902712144219,2.0225382499254074,0.04680526037733893,0.04763682087863405,-0.058802254171756746,-0.007967858567361735,-0.7083890179487685,0.7333351265537582,inf,green,False,unknown,0,-1.234386617057617,0.01734201299950655,0.060423334000006435,0.015875585000685533,0.0,0.02200000000001978,0.0020000000000095497,-0.03699999999997772,21.60451199961244,0.4630829954985218
236.5,15940.670732161,FOLLOW,17.255693637445397,5.061675867760856,2.0273550356209293,0.04744561939953938,0.04780627101179148,-0.059533519532287846,-0.007735678903280363,-0.714844729021127,0.740230128495156,inf,green,False,unknown,0,-1.2453077446179357,0.0219070120001561,0.0016844789988681441,0.02129414799856022,0.0,0.08299999999999841,0.0010000000000047748,0.026999999999986812,0.5170270014787093,0.4630829954985218
236.7,15940.921597608,FOLLOW,17.267038438485972,5.05428396899292,2.0359609860833565,0.04779414363842056,0.04828255302259902,-0.06081146062872186,-0.009054674239804772,-0.7170650778452516,0.749093803482737,inf,green,False,unknown,0,-1.2594914067667173,0.027039153999794507,0.017731324998749187,0.002345171000342816,0.0,0.07699999999999818,0.0,-0.011000000000024102,0.45505500020226464,0.4630829954985218
236.8,15941.020563687,FOLLOW,17.27030793044719,5.05217565529678,2.0384599019616703,0.04807827927498488,0.048437698572745505,-0.0610624573882436,-0.010267109852817036,-0.7130449762010478,0.7487963479879868,inf,green,False,unknown,0,-1.2606391134900385,0.052863699000226916,0.0011093859993707156,0.018289989999175305,0.0,0.1150000000000091,0.0,0.021000000000015007,0.2735430007305695,0.4630829954985218
237.0,15941.270954418,FOLLOW,17.280152130053658,5.045887669581324,2.0460340939882404,0.04837816571619863,0.04865456938228613,-0.06142072612499612,-0.011695087033926937,-0.7084783119699676,0.749062985256975,inf,green,False,unknown,0,-1.2623835110409551,0.010571394999715267,0.012030231000608183,0.02467898199938645,0.0,0.07900000000000773,0.0020000000000095497,0.016999999999995907,0.39251099951798096,0.4630829954985218
237.2,15941.533669679,FOLLOW,17.290046429391403,5.039659138698718,2.0537218390819416,0.04855292742838714,0.04890418119491646,-0.061709144328767784,-0.013099265554746914,-0.7027696581933437,0.7490284330631024,inf,green,False,unknown,0,-1.2618377983431484,0.01958126799945603,0.028772759000275983,0.030295643999124877,0.0,0.055999999999983174,0.0009999999999763531,0.012999999999976808,0.5712660004064674,0.4630829954985218
237.3,15941.672903416,FOLLOW,17.296677536641802,5.035536509415135,2.058915613261465,0.04894696704347571,0.04915530517490799,-0.06195022565094344,-0.014369357196824306,-0.6970042954428518,0.7489386238983098,inf,green,False,unknown,0,-1.260295820166463,0.15881500499926915,0.04463472399947932,0.014635030000135885,0.0,0.1560000000000059,-0.001999999999981128,-0.022999999999996135,0.3895089994330192,0.4630829954985218
237.5,15941.92200422,FOLLOW,17.305561486234584,5.030078987380788,2.065925553184963,0.03931458588679179,0.03945865277119195,-0.04987274511240725,-0.0158404910158432,-0.6931449619646052,0.5990837150380443,inf,green,False,unknown,0,-1.2639241740361304,0.16181771899937303,0.026538439999058028,0.016504708999491413,0.0,0.15500000000000114,-0.0010000000000047748,-0.026999999999986812,0.4667270004574675,0.4630829954985218
237.7,15942.13458391,FOLLOW,17.312274995495148,5.026005687658508,2.071262143130313,0.03958446958580838,0.03954569827519432,-0.050136927508462645,-0.01697641593872451,-0.6907388000225477,0.5990837150380444,inf,green,False,unknown,0,-1.2678225368424418,0.02105907999975898,0.02194961900022463,0.024991088999740896,0.0,0.0689999999999884,-0.0020000000000095497,0.002999999999985903,15.811541001312435,0.4630829954985218
237.8,15942.270651859,FOLLOW,17.3163083865095,5.023579641250305,2.07448433375507,0.039520861678521604,0.03954569827519432,-0.050136927508462645,-0.01697641593872451,-0.6907388000225477,0.5990837150380444,inf,green,False,unknown,0,-1.2678225368424418,0.15712702900054865,0.025245512999390485,0.026400224000099115,0.0,0.16900000000001114,-0.001999999999981128,0.0010000000000047748,0.6432179998228094,0.4630829954985218
238.0,15942.521972107,FOLLOW,17.326326576042266,5.0176157584949275,2.0825339045993236,0.07154900061484756,0.06201444477075357,-0.026686021713924493,-0.0485325036082027,0.030299875402857935,0.37062233136156497,inf,green,False,unknown,0,-0.4303194491633956,0.02948964500137663,0.04352774400103954,0.042970918000719394,0.0,0.057999999999992724,-0.0020000000000095497,-0.002999999999985903,24.386765999224735,0.4630829954985218
238.2,15942.771086346,FOLLOW,17.339640732866105,5.009751607567,2.093277344177898,0.06200788313217785,0.040240544345357836,0.000717604382485779,0.10287640930156719,-0.5929284977583645,0.5549442117474307,inf,green,False,unknown,0,0.017832869663170003,0.030082747000051313,0.029624722999869846,0.029016681999564753,0.0,0.04800000000000182,-0.0030000000000143245,-0.007000000000005002,0.45124000098439865,0.4630829954985218
238.3,15942.870812803,FOLLOW,17.344690838953657,5.006782682611875,2.097362568092389,0.04025436029755478,0.04031568904559714,-0.0005203198277965185,0.10092468040911809,-0.5982309608131043,0.558949569608733,inf,green,False,unknown,0,-0.012906137538863235,0.00047635999908379745,0.01958060499964631,0.01817294399916136,0.0,0.038000000000010914,-0.002999999999985903,-0.00899999999998613,0.3359769998496631,0.4630829954985218
238.5,15943.129202383,FOLLOW,17.352931826768284,5.001938920931811,2.104029790369293,0.040539694297288695,0.04070577572893799,-0.004038597781870635,0.09550844357268587,-0.6132223015272399,0.5728333301323085,inf,green,False,unknown,0,-0.09921436723780626,0.03596587299944076,0.03020862599987595,0.015526989998761564,0.0,0.06700000000000728,-0.003999999999990678,-0.01300000000000523,0.7616190014232416,0.4630829954985218
238.7,15943.370988796,FOLLOW,17.359861423914882,4.997867806928346,2.109637405402558,0.04083811949200851,0.04101717181372923,-0.006345118700486077,0.09204393562870264,-0.6228178675232933,0.5826818917549315,inf,green,False,unknown,0,-0.15469420293776193,0.1322185070002888,0.01977297299890779,0.054110103999846615,0.0,0.1449999999999818,-0.0020000000000095497,0.016999999999995907,0.3185300010954961,0.4630829954985218
238.8,15943.534014371,FOLLOW,17.36543432636963,4.994596297261377,2.114148997715972,0.04102649675385218,0.041514379610233035,-0.00911783907026316,0.08789473573806353,-0.6335587551247082,0.5959382015239865,inf,green,False,unknown,0,-0.21963086419375688,0.03174998999929812,0.04547906699917803,0.03385903900016274,0.0,0.03300000000001546,-0.003999999999990678,-0.018999999999977035,16.39945699935197,0.4630829954985218
239.0,15943.77057827,FOLLOW,17.373870261788287,4.98965088902487,2.1209833177956225,0.041519632081260194,0.04151318696087631,-0.010680951203150607,0.08494895325498947,-0.6374472218779087,0.5981630622758243,inf,green,False,unknown,0,-0.2572905619897784,0.0004438380001374753,0.03448199499871407,0.0054573409997829,0.0,0.025000000000005684,-0.003999999999990678,-0.022999999999996135,0.29930700111435726,0.4630829954985218
239.2,15944.030813574,FOLLOW,17.380928391104078,4.985522688235839,2.1267082750528448,0.0415175111726134,0.04157348343000481,-0.013416032143932038,0.07777739817037513,-0.6354552748799267,0.597881704343496,inf,green,False,unknown,0,-0.32270647145842224,0.02632764999907522,0.02587369899993064,0.025186797000060324,0.0,0.06999999999999318,-0.0010000000000047748,0.0069999999999765805,0.43637199996737763,0.4630829954985218
239.3,15944.174225485,FOLLOW,17.386580890436598,4.982224292816417,2.131298626869956,0.041578403995030634,0.04162112152934031,-0.014910874277186908,0.07421710476658286,-0.6359018135675988,0.5988249343744592,inf,green,False,unknown,0,-0.35825258256617776,0.034878300999480416,0.03427086099873122,0.017638975999943796,0.0,0.05299999999999727,-0.002999999999985903,-0.028999999999996362,0.337200001013116,0.4630829954985218
239.5,15944.421519602,FOLLOW,17.395864626278208,4.976825081350299,2.138850857765443,0.049524787223570725,0.04988642911714009,-0.021935864857603935,0.05794188596974223,-0.6013028551348067,0.6937697764926741,inf,green,False,unknown,0,-0.43971607601128465,0.05411452099906455,0.03177847199913231,0.0014602869996451773,0.0,0.06100000000000705,-0.002999999999985903,-0.03299999999998704,0.49623800077824853,0.4630829954985218
239.7,15944.620868323,FOLLOW,17.40266757492171,4.972885824016315,2.144397237909731,0.050474584462561436,0.0504769183172258,-0.024069263562856068,0.05420272942800544,-0.6019540419204717,0.7024382268282483,inf,green,False,unknown,0,-0.4768370250257962,0.026251666000462137,0.10866280200025358,0.028717007999148336,0.0,0.07799999999997453,0.09799999999998477,0.03099999999997749,0.7214960005512694,0.4630829954985218
239.8,15944.773923177,FOLLOW,17.40953688415679,4.968924979129027,2.1500096421741834,0.05062138303413391,0.051270434421420735,-0.02762398243162578,0.04936050688431834,-0.6095578662960502,0.7188954219244595,inf,green,False,unknown,0,-0.5387897087933491,0.02128155699938361,0.025573454999175738,0.024756167998930323,0.0,0.060000000000002274,-0.002999999999985903,-0.0049999999999954525,22.255925001445576,0.4630829954985218
240.0,15945.022723241,FOLLOW,17.419974031227778,4.962942086236646,2.1585617640741077,0.051998949226868665,0.052005159356725096,-0.030027758250699806,0.04509596355772566,-0.60884055353212,0.7286793576661759,inf,green,False,unknown,0,-0.5773996007728172,0.027099265998913324,0.03341672199894674,0.028306615000474267,0.0,0.06700000000000728,-0.0020000000000095497,-0.00899999999998613,0.45245600085763726,0.4630829954985218
240.2,15945.271833543,FOLLOW,17.430574701045714,4.956914430177968,2.1672819273237725,0.051928050272555606,0.05272820901356508,-0.033574395463165436,0.03980419497722662,-0.6136512519420203,0.7423335427675105,inf,green,False,unknown,0,-0.6367444692560665,0.08822716199938441,0.015147776999583584,0.013807470000756439,0.0,0.11599999999998545,-0.004000000000019099,-0.01300000000000523,0.5855939998582471,0.4630829954985218
240.3,15945.426581601,FOLLOW,17.435950849515987,4.953877844361091,2.171718378172697,0.052719688839353206,0.05284528679741275,-0.03482654703736678,0.03812690011141215,-0.6169136013104133,0.7463762626310921,inf,green,False,unknown,0,-0.6590284422313297,0.1498760279991984,0.024491711999871768,0.02388287699977809,0.0,0.14500000000001023,-0.006000000000000227,-0.014999999999986358,0.36540900146064814,0.4630829954985218
240.5,15945.626136394,FOLLOW,17.444928831434627,4.9488396462109785,2.1791494288823703,0.0528360205722901,0.05284528679741275,-0.03482654703736678,0.03812690011141215,-0.6169136013104133,0.7463762626310921,inf,green,False,unknown,0,-0.6590284422313297,0.3494308209992596,0.012136772998928791,0.029283560999829206,0.0,0.34499999999999886,-0.0020000000000095497,0.014999999999986358,0.8455430015601451,0.4630829954985218
240.7,15945.922765124,FOLLOW,17.458123450298896,4.941509627552739,2.1901206610907185,0.06204476988604689,0.062063778634421383,-0.04794969594894736,0.01766430924557319,-0.5806151301746161,0.845287227287801,inf,green,False,unknown,0,-0.7725874415637631,0.017949490998944384,0.031610250000085216,0.024701128000742756,0.0,0.04800000000000182,-0.005000000000023874,-0.023000000000024556,0.3715740003826795,0.4630829954985218
240.8,15946.025372203,FOLLOW,17.462342494693175,4.939185978958595,2.193642163873411,0.06204480614388713,0.0625474537726092,-0.049748254674328356,0.01564809304809081,-0.5830847325251395,0.8540200953079727,inf,green,False,unknown,0,-0.7953681832547135,0.016684900998370722,0.016182534000108717,0.015490742000110913,0.0,0.06800000000001205,-0.0049999999999954525,0.009000000000014552,0.38138300078571774,0.4630829954985218
241.0,15946.279466602,FOLLOW,17.475145066806505,4.932204133241753,2.2043733508911565,0.06349345038945933,0.06431601055211505,-0.05467317618339347,0.008608561547625487,-0.5790922756597497,0.8746015157337056,inf,green,False,unknown,0,-0.8500710120863603,0.017758832000254188,0.02965805200074101,0.03140299699953175,0.0,0.0519999999999925,-0.006000000000000227,0.0049999999999954525,0.6012030007696012,0.4630829954985218
241.2,15946.524320934,FOLLOW,17.48828213819705,4.925155201191282,2.215459086835383,0.06504322324968706,0.06554843140779483,-0.059372635230708855,0.002272626147138218,-0.5793966340479138,0.8916376817765945,inf,green,False,unknown,0,-0.9057827007535139,0.08452992200000153,0.03102966100050253,0.030499960001179716,0.0,0.11299999999999955,-0.005000000000023874,0.0009999999999763531,0.46986199959064834,0.4630829954985218
241.3,15946.633897597,FOLLOW,17.494948282373986,4.921625831647873,2.221114254198921,0.06552097359304582,0.07040187906973608,-0.06589713417174205,-0.0075568503198902015,-0.5493814234448764,0.9283088356169457,inf,green,False,unknown,0,-0.9360138542107393,0.016296000998409,0.028758274998835986,0.029052849999061436,0.0,0.051000000000016144,-0.0049999999999954525,-0.0009999999999763531,20.544250000966713,0.4630829954985218
241.5,15946.881709884,FOLLOW,17.508970252609153,4.914310914181467,2.2330769092579636,0.07057868667727181,0.07157602093797591,-0.06898612612506629,-0.01147831811238642,-0.5462203084002026,0.9406483973054296,inf,green,False,unknown,0,-0.9638161666579105,0.08530263600005128,0.028930351001690724,0.02917014000013296,0.0,0.11600000000001387,-0.0049999999999954525,-0.0049999999999954525,18.13682499960123,0.4630829954985218
241.7,15947.121237811,FOLLOW,17.523536589624616,4.906873527482174,2.245601301312157,0.07257502775924356,0.07284471857715456,-0.07194093099510664,-0.014991798845849114,-0.5428516643237203,0.9539133909397668,inf,green,False,unknown,0,-0.9875929566384326,0.18201146699902893,0.02146536599866522,0.020438179999473505,0.0,0.19199999999997885,-0.007000000000005002,-0.009000000000014552,0.6053560009604553,0.4630829954985218
241.8,15947.271432312,FOLLOW,17.530939932469632,4.903158481913374,2.2520050288295335,0.07259387768070863,0.07421615294253098,-0.07544140045996321,-0.019602295305966355,-0.5372412274246454,0.9660894205360131,inf,green,False,unknown,0,-1.0165091758175744,0.07240980899950955,0.04647621900039667,0.031070072000147775,0.0,0.06800000000001205,-0.007999999999981355,-0.01099999999999568,0.37073199928272516,0.4630829954985218
242.0,15947.527862629,FOLLOW,17.54617738873156,4.895656227598579,2.265267459651067,0.07545656594737477,0.07573882000986001,-0.07862542712539776,-0.02322277287448568,-0.5322785492948268,0.9806899617235317,inf,green,False,unknown,0,-1.0381126496974993,0.253081012999246,0.042325286000050255,0.025517391999528627,0.0,0.22100000000000364,-0.007000000000005002,-0.014999999999986358,0.3943329993489897,0.4630829954985218
242.2,15947.723353313,FOLLOW,17.559145862696163,4.889429055036523,2.2766429320874115,0.07754987122105488,0.07784264728433023,-0.08329041059321972,-0.02934409634990126,-0.521207350683116,0.995961373263307,inf,green,False,unknown,0,-1.0699843016513921,0.16011943699959374,0.11390692200075136,0.01952253700073925,0.0,0.18999999999999773,0.09199999999998454,0.014999999999986358,0.5439529995783232,0.4630829954985218
242.3,15947.871971294,FOLLOW,17.567055775189697,4.88570451164169,2.2836210543562987,0.0775442415441581,0.07877812775807204,-0.08565055916159818,-0.033421460295653266,-0.5113994781282611,0.9971992295365049,inf,green,False,unknown,0,-1.0872378107871694,0.062206077000155346,0.010417113000585232,0.029685404000701965,0.0,0.08500000000000796,-0.0069999999999765805,0.01300000000000523,0.5716340001526987,0.4630829954985218
242.5,15948.12094819,FOLLOW,17.583127129167767,4.878313494776619,2.297891842473643,0.079764922167614,0.08008178611459024,-0.08885323906847267,-0.03919870108991061,-0.4960645984155124,0.9966451877106565,inf,green,False,unknown,0,-1.1095311852976308,0.04137438900033885,0.015169935000812984,0.030611919000875787,0.0,0.08299999999999841,-0.007000000000005002,0.00899999999998613,0.3659289995994186,0.4630829954985218
242.7,15948.384363919,FOLLOW,17.599437738365,4.87106124108707,2.3125012327762433,0.08013947114332609,0.08248559508133506,-0.09363278234544103,-0.04739497110519826,-0.4700770552721393,0.9967892176491397,inf,green,False,unknown,0,-1.1351410176905952,0.02511509299984027,0.0311523180007498,0.045977751000464195,0.0,0.04800000000000182,-0.009000000000014552,0.0049999999999954525,32.395987000199966,0.4630829954985218
242.8,15948.477926783,FOLLOW,17.607678472917723,4.867494235183313,2.319929946006901,0.08214018875865305,0.08248559508133506,-0.09363278234544103,-0.04739497110519826,-0.4700770552721393,0.9967892176491397,inf,green,False,unknown,0,-1.1351410176905952,0.11867795699981798,0.12471518200072751,0.01450363599906268,0.0,0.14800000000002456,0.09100000000000819,0.0030000000000143245,0.561651999305468,0.4630829954985218
243.0,15948.785853158,FOLLOW,17.624517084452087,4.860412845967888,2.3352068910509396,0.08329413060037581,0.08488006928401044,-0.09762756823149714,-0.053709474261091475,-0.44647188399754867,0.9978971133427608,inf,green,False,unknown,0,-1.1501824757568624,0.06463167800029623,0.03519777499968768,0.03461899600006291,0.0,0.0660000000000025,-0.00899999999998613,-0.0010000000000047748,0.5136210002092412,0.4630829954985218
243.2,15949.034595542,FOLLOW,17.64467393470234,4.852308645260315,2.353662354965886,0.08512731316701298,0.08666467613956085,-0.09999776592164471,-0.05729454830875373,-0.4294280468421999,0.9983626813978855,inf,green,False,unknown,0,-1.153846877136111,0.08906257299895515,0.03253238199977204,0.01585458999943512,0.0,0.09199999999998454,-0.010000000000019327,-0.03900000000001569,0.37519900070037693,0.4630829954985218
243.3,15949.12435163,FOLLOW,17.650543355150425,4.8500262339742966,2.359069813183937,0.08629988186745965,0.08666467613956085,-0.09999776592164471,-0.05729454830875373,-0.4294280468421999,0.9983626813978855,inf,green,False,unknown,0,-1.153846877136111,0.17881866099924082,0.01262074899932486,0.012949572999787051,0.0,0.19200000000000728,-0.0069999999999765805,-0.0069999999999765805,0.39272100002563093,0.4630829954985218
243.5,15949.371201995,FOLLOW,17.668440193965587,4.843284241945395,2.3756478770620477,0.08892155393608489,0.08926106554524495,-0.1029231445756571,-0.06183154396993913,-0.40357202502308176,0.9962179888320905,inf,green,False,unknown,0,-1.1530575391068694,0.042040033999001025,0.011400325000067824,0.010729989000537898,0.0,0.0759999999999934,-0.009999999999990905,-0.01099999999999568,0.546532000953448,0.4630829954985218
243.7,15949.62212181,FOLLOW,17.686786631188884,4.836715133160218,2.392777597371162,0.09044097735220913,0.09144769535949546,-0.10512381227182031,-0.06459038861407924,-0.3853546903036968,0.9974843953894911,inf,green,False,unknown,0,-1.1495512473940634,0.020817238999370602,0.029139484999177512,0.024191275000703172,0.0,0.0589999999999975,-0.008000000000009777,-0.01500000000001478,0.440496000010171,0.4630829954985218
243.8,15949.729594895,FOLLOW,17.69298057703254,4.834576025168019,2.398590434031334,0.09107230563228316,0.09263215613064987,-0.10619366909929807,-0.06587194892332199,-0.3756834597045644,0.9979615464904983,inf,green,False,unknown,0,-1.1464017845975736,0.026169413000388886,0.013817009999911534,0.02539243799947144,0.0,0.07900000000000773,-0.00899999999998613,0.01700000000002433,0.6708700002491241,0.4630829954985218
244.0,15949.980234313,FOLLOW,17.711832292847024,4.828310493284757,2.416370138625869,0.09328734311395803,0.09539740172539465,-0.10849299597976549,-0.06861309163687032,-0.3529813387853052,0.9976731009420452,inf,green,False,unknown,0,-1.1372741187654885,0.014500539999062312,0.012019568999676267,0.013083075000395183,0.0,0.07499999999998863,-0.00899999999998613,0.01300000000000523,0.6847900003776886,0.4630829954985218
244.2,15950.221258962,FOLLOW,17.73127246064848,4.822235865209645,2.434836464835739,0.09675332358097855,0.09929246543195883,-0.11071123221915646,-0.07106917598307931,-0.32172567208653224,0.9953044631529063,inf,green,False,unknown,0,-1.115001342121195,0.0005516689998330548,0.0019376820000616135,0.02299769099954574,0.0,0.024999999999977263,-0.007000000000005002,0.00899999999998613,25.205691001247033,0.4630829954985218
244.3,15950.370987948,FOLLOW,17.74128582836526,4.8192595867690695,2.4443972406550993,0.09888243079087286,0.1000843558085756,-0.11106665216026797,-0.07126999138656828,-0.31654669531294716,0.9960432556550001,inf,green,False,unknown,0,-1.1097303995511292,0.000731541998902685,0.017231596999408794,0.017508885999632184,0.0,0.009000000000014552,-0.007999999999981355,0.007000000000005002,0.36516600084723905,0.4630829954985218
244.5,15950.627612475,FOLLOW,17.761656028296365,4.813522410816229,2.4639424177260185,0.10055206737371726,0.1029957826216948,-0.11265595585953525,-0.07265981072250553,-0.29606975208791075,0.9957256788275478,inf,green,False,unknown,0,-1.0937919300377805,0.09318570499999623,0.01146320900079445,0.010829609000211349,0.0,0.07800000000000296,-0.009999999999990905,0.002999999999985903,0.44339299893181305,0.4630829954985218
244.7,15950.87619052,FOLLOW,17.779090937355562,4.808947133720711,2.4807660642851643,0.06899784308349237,0.07699169857501109,-0.09270962795786492,-0.06760016766187724,-0.4082818205850614,0.8643193096409202,inf,green,False,unknown,0,-1.2041509626851554,0.054815073001009296,0.09187255100005132,0.01150520100054564,0.0,0.04399999999998272,0.09299999999998931,-0.0010000000000047748,35.552789999201195,0.4630829954985218
244.8,15951.077041297,FOLLOW,17.789542532599047,4.806348804193094,2.4908894620981115,0.07691299457654453,0.07812642252292053,-0.094056779530321,-0.06935299065858197,-0.3982141400749764,0.866133544045379,inf,green,False,unknown,0,-1.2039048569352688,0.053604565999194165,0.05503318099908938,0.02905494199876557,0.0,0.010000000000019327,-0.012000000000000455,-0.03699999999997772,0.6080060011299793,0.4630829954985218
245.0,15951.276965374,FOLLOW,17.802877135092633,4.80321722648247,2.5038509930651975,0.079072311520757,0.07906069657749361,-0.09354419342087156,-0.06861270077804799,-0.387079719202188,0.8642648730853202,inf,green,False,unknown,0,-1.1831946525943082,0.1048428359990794,0.01003385799958778,0.011933685998883448,0.0,0.08699999999998909,-0.012000000000000455,-0.007000000000005002,0.7249820009747054,0.4630829954985218
245.2,15951.524298138,FOLLOW,17.819053577187024,4.799691159522371,2.519638222530603,0.07995017808579695,0.08095220504961546,-0.09297910235133831,-0.06733624228980425,-0.3688090125153765,0.864399789238016,inf,green,False,unknown,0,-1.1485678777292303,0.023989364999579266,0.01330658500046411,0.014289185999587062,0.0,0.020999999999986585,-0.014000000000010004,-0.011000000000024102,29.71341400007077,0.4630829954985218
245.3,15951.620813367,FOLLOW,17.82452012506224,4.798566372537039,2.524987795142465,0.08086787348083758,0.08095220504961546,-0.09297910235133831,-0.06733624228980425,-0.3688090125153765,0.864399789238016,inf,green,False,unknown,0,-1.1485678777292303,0.030785293000008096,0.10982181400140689,0.01924798800064309,0.0,0.05700000000001637,0.08600000000001273,0.021000000000015007,0.3019919986400055,0.4630829954985218
245.5,15951.921675487,FOLLOW,17.843873152872785,4.794850246152543,2.543980310809846,0.08282110146301738,0.0840786693287289,-0.09229927024837915,-0.06556589889138056,-0.34168272925028115,0.8661069019369938,inf,green,False,unknown,0,-1.0977727286276324,0.029253163998873788,0.03209906200027035,0.01207599599911191,0.0,0.019000000000005457,-0.01300000000000523,-0.016999999999995907,27.305772000545403,0.4630829954985218
245.7,15952.174552121,FOLLOW,17.860965943925468,4.791905622044351,2.5608173119740947,0.08399011284244609,0.08623704197456468,-0.09191323071655268,-0.06448534933542835,-0.32457658002247985,0.8678519575720156,inf,green,False,unknown,0,-1.0658207727447582,0.09372913599872845,0.020822727999984636,0.019960073999754968,0.0,0.054000000000002046,-0.01500000000001478,-0.021000000000015007,0.23152600078901742,0.4630829954985218
245.8,15952.270746369,FOLLOW,17.866821130264324,4.790967952514112,2.566596922884227,0.08614824561756679,0.08748313495436853,-0.09162274050921156,-0.0635561494191892,-0.3165515723470143,0.8706413597972058,inf,green,False,unknown,0,-1.0473188981739423,0.06626713399964501,0.11701697600074112,0.0034268409999640426,0.0,0.056000000000011596,0.08500000000000796,0.011000000000024102,0.34300199877179693,0.4630829954985218
246.0,15952.52175848,FOLLOW,17.884608456746463,4.78833506415145,2.584188065056538,0.08748748469673077,0.09308640319270006,-0.09698997425322405,-0.06474078733177219,-0.3054290268413641,0.912025705783184,inf,green,False,unknown,0,-1.0419349220362841,0.008324205999088008,0.10031078899919521,0.00720313399870065,0.0,0.056000000000011596,0.08500000000000796,0.007000000000005002,0.3110310008196393,0.4630829954985218
246.2,15952.821011861,FOLLOW,17.906694624808303,4.785511305035488,2.606092523722125,0.09463735219202811,0.09473573858647853,-0.09574815150097883,-0.06329686109261887,-0.29119539258451044,0.909457028112008,inf,green,False,unknown,0,-1.0106867052456252,0.0009233520013367524,0.019441099000687245,0.0032587590012553846,0.0,-0.010000000000019327,-0.016000000000019554,-0.03100000000000591,0.26353999965067487,0.4630829954985218
246.3,15952.924560537,FOLLOW,17.91311740659913,4.7847811066878005,2.612473654831405,0.09431806892070604,0.09669934975434297,-0.09417095790673245,-0.06170942664700495,-0.27390527901817047,0.9050861427371687,inf,green,False,unknown,0,-0.9738530625693587,0.014477807999355718,0.1229897749999509,0.014008926000315114,0.0,0.023000000000024556,0.08400000000000318,0.0010000000000047748,0.3072729996347334,0.4630829954985218
246.5,15953.22074506,FOLLOW,17.932748203986925,4.782791437337284,2.632003093571018,0.0968339360824549,0.09787266352513276,-0.09174520263644645,-0.05965070055483111,-0.260016556309644,0.8971885880098697,inf,green,False,unknown,0,-0.9373935410768418,0.026128642999537988,0.0009744700000737794,0.02904394899996987,0.0,0.015999999999991132,-0.016999999999995907,-0.002999999999985903,0.35242000012658536,0.4630829954985218
246.7,15953.477682458,FOLLOW,17.95275934468791,4.781123016368455,2.651944302505142,0.0987279938069297,0.10072378659243322,-0.08909614311124846,-0.05701944651135782,-0.23807876312015763,0.8926348495233125,inf,green,False,unknown,0,-0.8845591108658907,0.08648178400108009,0.01294734899965988,0.013846763000401552,0.0,0.057999999999992724,-0.016000000000019554,-0.007000000000005002,0.33985799927904736,0.4630829954985218
246.8,15953.621068915,FOLLOW,17.96299043321769,4.780404827989643,2.6621501239286327,0.1003035771112415,0.10193488403905979,-0.08729755607568045,-0.05539068285518352,-0.2279909876371832,0.889085951421818,inf,green,False,unknown,0,-0.856405114879313,0.017146702999525587,0.01675591599996551,0.01626431600016076,0.0,0.019000000000005457,-0.016999999999995907,-0.00899999999998613,0.3455280002526706,0.4630829954985218
247.0,15953.821441558,FOLLOW,17.98027621190166,4.77939054071067,2.679405979093911,0.10252109999136515,0.10417067760325059,-0.0842439187070068,-0.051963627296804794,-0.2154390269859854,0.8904263953418797,inf,green,False,unknown,0,-0.8087104801973374,0.043524016000446863,0.0947856220009271,0.016337275001205853,0.0,0.05500000000000682,0.08099999999998886,0.020999999999986585,25.626394999562763,0.4630829954985218
247.2,15954.071996389,FOLLOW,18.001372984907913,4.778477840383716,2.7004827648451153,0.10415542628398888,0.05104258946484165,-0.05288610917865134,0.020000000000000018,-0.4596396144303819,0.6094198878761771,inf,green,False,unknown,0,-1.0361172842745274,0.04875047400128096,0.10983615500117594,0.019836649000353646,0.0,0.04899999999997817,0.08199999999999363,0.016999999999995907,14.65060599912249,0.4630829954985218
247.3,15954.222099894,FOLLOW,18.011691465330347,4.778163104812935,2.710796397559966,0.048976251509249245,0.05442744089483505,-0.05639321224996884,0.020000000000000018,-0.4596396144303819,0.64983311535095,inf,green,False,unknown,0,-1.0361172842745274,0.043779051999081275,0.014179943998897215,0.01456119199974637,0.0,0.021000000000015007,-0.018999999999977035,-0.018999999999977035,14.065823001146782,0.4630829954985218
247.5,15954.471555127,FOLLOW,18.022538850311985,4.777958268956604,2.721641794806436,0.052368957076618684,0.05096029651956857,-0.05280084403568004,0.020000000000000018,-0.4596396144303819,0.6084373562686092,inf,green,False,unknown,0,-1.0361172842745274,0.007247896000990295,0.015096093000465771,0.01383427099972323,0.0,-0.014999999999986358,-0.02199999999999136,-0.022999999999996135,16.06460400034848,0.4630829954985218
247.7,15954.672550238,FOLLOW,18.03128850637597,4.777879282681127,2.7303910672958605,0.05075962910384433,0.05109430477490596,-0.05293969230527058,0.020000000000000018,-0.4596396144303819,0.6100373396706747,inf,green,False,unknown,0,-1.0361172842745274,0.06857219399898895,0.10888417800015304,0.016928261999055394,0.0,0.054000000000002046,0.07999999999998408,0.0069999999999765805,0.4134680002607638,0.4630829954985218
247.8,15954.823059017,FOLLOW,18.0364658928372,4.777868505872831,2.735568437517683,0.05075786316171487,0.049797150585811176,-0.051595688429580365,0.020000000000000018,-0.4596396144303819,0.5945500462405331,inf,green,False,unknown,0,-1.0361172842745274,0.03789262999998755,0.14417800699993677,0.0439992510000593,0.0,0.020000000000010232,0.08100000000001728,0.005000000000023874,0.5862939997314243,0.4630829954985218
248.0,15955.080379715,FOLLOW,18.047868137176756,4.77793921792546,2.7469704017263394,0.045440358072090514,0.04563141853179967,-0.047279501446762615,0.020000000000000018,-0.4596396144303819,0.5448135421192729,inf,green,False,unknown,0,-1.0361172842745274,0.02771097299955727,0.02731370000037714,0.026464484999451088,0.0,-0.00899999999998613,-0.020000000000010232,-0.03299999999998704,0.3515349999361206,0.4630829954985218
248.2,15955.280948996,FOLLOW,18.0555432861301,4.778059951841916,2.754644583284361,0.044153143532350336,0.044300567867454704,-0.04590058407064656,0.020000000000000018,-0.4596396144303819,0.5289239316753573,inf,green,False,unknown,0,-1.0361172842745274,0.0329509950006468,0.11986589200023445,0.013128848000633297,0.0,0.02199999999999136,0.07999999999998408,-0.0030000000000143245,20.087610000700806,0.4630829954985218
248.3,15955.421621405,FOLLOW,18.06003537452439,4.778157725700444,2.7591356042149204,0.04397589786077935,0.04089840279186565,-0.04237554203187359,0.020000000000000018,-0.4596396144303819,0.4883039889835811,inf,green,False,unknown,0,-1.0361172842745274,0.038840899000206264,0.1196210729995073,0.032776764999653096,0.0,0.020000000000010232,0.0800000000000125,-0.0049999999999954525,16.365141000278527,0.4630829954985218
248.5,15955.677383401,FOLLOW,18.072645446511412,4.778528024378822,2.7717401945293614,0.11900842869416864,0.1312426849088673,-0.0615086604351878,-0.03883473753410496,-0.060972087146234734,0.8402668664599474,inf,green,False,unknown,0,-0.4686635333458651,0.011461530999440583,0.02123984100035159,0.020644361000449862,0.0,-0.020000000000010232,-0.020000000000010232,-0.00899999999998613,0.49340599980496336,0.4630829954985218
248.7,15955.871000347,FOLLOW,18.094837262854043,4.779376067017379,2.793915711416384,0.13085199439948028,0.13561701471998927,-0.05594084033490606,-0.03661542907393421,-0.03675280132975087,0.8226543206518525,inf,green,False,unknown,0,-0.41249131202606143,0.05769399400014663,0.06664708800053631,0.02228677800121659,0.0,0.04800000000000182,0.08099999999998886,0.020999999999986585,0.2579219999461202,0.4630829954985218
248.8,15956.021005211,FOLLOW,18.113138911235243,4.780232063780982,2.812197296024628,0.13252656359374052,0.13255608580017406,-0.0388811227034013,-0.03475717626180248,0.0328429074731363,0.796888355291748,inf,green,False,unknown,0,-0.2933182770801931,0.04088776999924448,0.01786479299880739,0.018468103999111918,0.0,0.01500000000001478,-0.01999999999998181,-0.014999999999986358,0.3269320004619658,0.4630829954985218
249.0,15956.271200059,FOLLOW,18.13747817307925,4.781542868385576,2.836501166303501,0.10658301588265374,0.11944864473569455,-0.051758781477956844,-0.027231329665723548,-0.11329196419160965,0.851555964950145,inf,green,False,unknown,0,-0.4333140957143894,0.017954077000467805,0.007187850000264007,0.007846304999475251,0.0,0.006000000000000227,-0.020000000000010232,-0.019000000000005457,0.3148619998682989,0.4630829954985218
249.2,15956.478247907,FOLLOW,18.15767114319892,4.782815275056106,2.8566539394887083,0.11939267836479332,0.12257027833626237,-0.04697796598176547,-0.025863572193386634,-0.08801111244095645,0.8307730261538482,inf,green,False,unknown,0,-0.38327371545069794,0.1511382249991584,0.07769218800058297,0.02914237100048922,0.0,0.13999999999998636,0.07799999999997453,0.01099999999999568,0.4353360000095563,0.4630829954985218
249.3,15956.620992792,FOLLOW,18.174475706644436,4.784003060180449,2.873416443994832,0.1269877469379982,0.1325167520767937,-0.025856815727116584,-0.027469859732235678,0.05112622051359694,0.8303025210991846,inf,green,False,unknown,0,-0.1951211097607683,0.02340323700082081,0.018105760000253213,0.016465788999994402,0.0,0.007000000000005002,-0.022999999999996135,-0.024999999999977263,0.30844899993098807,0.4630829954985218
249.5,15956.882060065,FOLLOW,18.198835405313428,4.785859245722954,2.897705307542863,0.10609303979764019,0.10678716574505576,-0.0353612521629435,-0.010377406191929783,-0.15435236871783145,0.822190531658824,inf,green,False,unknown,0,-0.3311376598135879,0.048911715999565786,0.01405207999960112,0.012871708999227849,0.0,0.009999999999990905,-0.027999999999991587,-0.028999999999996362,18.488157000319916,0.4630829954985218
249.7,15957.129426821,FOLLOW,18.21696073265611,4.7873373966832125,2.915770235564261,0.1069063492328339,0.12897862130509447,0.0029596292241740735,-0.010149112753940225,0.08295932255982691,0.8651587162529011,inf,green,False,unknown,0,0.022946665069191373,0.026628818000972387,0.013886329001252307,0.043740834000345785,0.0,0.013999999999981583,-0.025000000000005684,0.0009999999999763531,16.7863770002441,0.4630829954985218
249.8,15957.222118225,FOLLOW,18.22855395152572,4.788330096269096,2.9273208727120132,0.12819940812868127,0.12897862130509447,0.0029596292241740735,-0.010149112753940225,0.08295932255982691,0.8651587162529011,inf,green,False,unknown,0,0.022946665069191373,0.0749930250003672,0.10657773300044937,0.01688860099966405,0.0,0.07500000000001705,0.07500000000001705,-0.0009999999999763531,0.4173859997536056,0.4630829954985218
250.0,15957.470952049,FOLLOW,18.253155596427078,4.790446221482483,2.9518313363699713,0.11224576251329568,0.105870190269692,-0.0026441660734071878,0.003495187892627351,-0.04013871032825278,0.6471884584376246,inf,green,False,unknown,0,-0.024975548515323173,0.09483772499879706,0.1105617909997818,0.005154422999112285,0.0,0.0800000000000125,0.07400000000001228,-0.0049999999999954525,0.3284499998699175,0.4630829954985218
250.2,15957.728635522,FOLLOW,18.275129912848872,4.7923126371244935,2.973726246136498,0.10860502436574224,0.10933788370906956,0.00632914633984619,0.008521407230129374,-0.017727759799712965,0.634353739208766,inf,green,False,unknown,0,0.057886124416739446,0.009939511000993662,0.12120242499986489,0.012216741999509395,0.0,0.0069999999999765805,0.07399999999998386,-0.009000000000014552,0.24769300034677144,0.4630829954985218
250.2,15957.829044148,LANE_GRACE,18.282564815152053,4.792942196743507,2.98113444608075,0.10935227841574284,0.04,0.002315444976669578,-0.15074326535186805,0.9695711616164786,0.27563506698567214,inf,green,False,unknown,0,0.057886124416739446,0.022158825000587967,0.08390687700011767,0.026523548000113806,0.10040862599998945,-0.05500000000000682,-0.025000000000005684,-0.07699999999999818,18.59284099919023,0.4630829954985218
250.3,15957.881966848,LANE_GRACE,18.286282794556573,4.79325593277659,2.9848391647683123,0.10935238376065202,0.04,0.002315444976669578,-0.15074326535186805,0.9695711616164786,0.27563506698567214,inf,green,False,unknown,0,0.057886124416739446,0.018669747998501407,0.014054507999389898,0.018114626998794847,0.0,0.014000000000010004,-0.025999999999982037,-0.01099999999999568,0.41235900062019937,0.4630829954985218
250.5,15958.121920358,LANE_GRACE,18.295928984667817,4.794066910504526,2.9944512039032523,0.040009363006172076,0.04,0.002315444976669578,-0.07607554137574585,0.7344119403656032,0.16454309840325246,inf,green,False,unknown,0,0.057886124416739446,0.09491837200039299,0.0012797199997294229,0.014058582000870956,0.0,0.07699999999999818,-0.02600000000001046,-0.014999999999986358,0.26216799960820936,0.4630829954985218
250.7,15958.372043766,LANE_GRACE,18.304090914956454,4.794749475347875,3.0025845433466385,0.04000956029560328,0.04,0.002315444976669578,-0.07580674698171946,0.7347550893336852,0.16041852265772952,inf,green,False,unknown,0,0.057886124416739446,0.012746525999318692,0.13152381500003685,0.01341402899925015,0.0,0.0069999999999765805,0.0759999999999934,-0.019000000000005457,0.3128710013697855,0.4630829954985218
250.8,15958.526303758,LANE_GRACE,18.308171895145108,4.795089606163301,3.006651324664143,0.0400096579528059,0.04,0.002315444976669578,-0.07567234978470627,0.7349265840671503,0.15835623478496808,inf,green,False,unknown,0,0.057886124416739446,0.13763373000074353,0.011513628000102472,0.012093284000002313,0.0,0.07900000000000773,-0.024999999999977263,-0.020999999999986585,1.8065829990518978,0.4630829954985218
251.0,15958.771987094,LANE_GRACE,18.316333885014355,4.795767559902543,3.014785109550516,0.04000984824105177,0.04,0.002315444976669578,-0.07498684816726348,0.7331588674350926,0.16143627511441694,inf,green,False,unknown,0,0.057886124416739446,0.0398275690004084,0.01103234699985478,0.011426601999119157,0.0,0.018000000000000682,-0.026999999999986812,-0.025000000000005684,0.9659759998612572,0.4630829954985218
251.1,15958.928864875,FOLLOW,18.32041489426216,4.796105380993642,3.0188521125437098,0.040009939523073024,0.04428763797191257,0.06492343949198474,0.15628931328754148,0.08772074983314358,0.2999999999999999,inf,green,True,unknown,0,1.4659494717952557,0.06064465900089999,0.0448054280004726,0.0451036459999159,0.047429838001335156,0.01099999999999568,-0.027999999999991587,-0.027000000000015234,21.95733000007749,0.4630829954985218
251.3,15959.12974527,FOLLOW,18.32777302576238,4.796697716473751,3.026186346090255,0.04438353498374784,0.04476551163614777,0.06503968998145439,0.15507786737945747,0.08251431091783128,0.2999999999999999,inf,green,False,unknown,0,1.452897277486613,0.059179825000683195,0.12279050300094241,0.034661812000194914,0.0,0.043000000000006366,0.07099999999999795,0.0030000000000143245,0.7014120001258561,0.4630829954985218
251.5,15959.373284502,FOLLOW,18.336961184711814,4.797335462656292,3.035352281858162,0.04522924861553237,0.046556839960054844,0.06639794449060689,0.1538450237197634,0.06394901411978378,0.2999999999999999,inf,green,False,unknown,0,1.426169485462833,0.026823563001016737,0.119062470001154,0.027982474999589613,0.0,0.014999999999986358,0.06999999999999318,-0.0010000000000047748,0.42322899935243186,0.4630829954985218
251.7,15959.635055032,FOLLOW,18.346522231563245,4.797872870100684,3.044898144155802,0.04804285634222615,0.05452021872708001,0.0703107121914199,0.12188532746166751,0.14594011256378603,0.4133996437342264,inf,green,False,unknown,0,1.289626377755099,0.06733725400044932,0.10528089299987187,0.03712539400112291,0.0,0.04599999999999227,0.0689999999999884,-0.005000000000023874,29.766607000055956,0.4630829954985218
251.8,15959.72086891,FOLLOW,18.35163801715754,4.798108421487267,3.050008494866675,0.05462633207341192,0.05452021872708001,0.0703107121914199,0.12188532746166751,0.14594011256378603,0.4133996437342264,inf,green,False,unknown,0,1.289626377755099,0.15315113200085761,0.05467257700001937,0.002126442001099349,0.0,0.146000000000015,0.0660000000000025,-0.0069999999999765805,0.3619839990278706,0.4630829954985218
252.0,15959.973791646,FOLLOW,18.361229677161774,4.798460134266114,3.0595936502761996,0.05774621859489232,0.05905239465190461,0.07430739270124939,0.12309647296147326,0.11011946732739022,0.4183857792255056,inf,green,False,unknown,0,1.258329880426835,0.0059811079991050065,0.07638158699955966,0.044991767999817966,0.0,0.008000000000009777,0.0660000000000025,0.022999999999996135,0.507242999447044,0.4630829954985218
252.2,15960.234560054,FOLLOW,18.37570502485087,4.798780302235121,3.074065277952664,0.06276353870210422,0.0656148346728238,0.0797986310750553,0.12385874413161299,0.0679473740063443,0.4264484664028934,inf,green,False,unknown,0,1.216167524812893,0.06572353599949565,0.12031258999923011,0.014624453999203979,0.0,0.04399999999998272,0.0689999999999884,-0.01500000000001478,0.31590500111633446,0.4630829954985218
252.3,15960.32124265,FOLLOW,18.3801896939812,4.798828852332334,3.0785496804412427,0.0660456287517871,0.06860187163735089,0.08231075001110279,0.12397901444075822,0.05291664687883357,0.4315406898833489,inf,green,False,unknown,0,1.1998324250717378,0.06173963800029014,0.08520026199948916,0.02421068799958448,0.0,0.05000000000001137,0.06499999999999773,0.01700000000002433,0.39454100078728516,0.4630829954985218
252.5,15960.621932847,FOLLOW,18.396936903041944,4.79880534149187,3.095296622847687,0.07225680022753637,0.07646606234502779,0.08820947169837554,0.12400242107596092,0.012979013111559438,0.43859554116356325,inf,green,True,unknown,0,1.153576750171331,0.006311846000244259,0.013935859000412165,0.014707764999911888,0.0,-0.019000000000005457,-0.03299999999998704,-0.020999999999986585,0.3402500005904585,0.4630829954985218
252.7,15960.822007874,FOLLOW,18.41008809159806,4.798566376912239,3.1084455302149316,0.07916504071070855,0.07861894015818768,0.08897207608424874,0.12425583296600139,-0.007256612395726267,0.4446956005411922,inf,green,False,unknown,0,1.1316875539816451,0.07812441599890008,0.10413496599903738,0.044099998000092455,0.0,0.08299999999999841,0.06699999999997885,0.00899999999998613,0.44898899977852125,0.4630829954985218
252.8,15960.972352509,FOLLOW,18.41871203994958,4.798307085576727,3.117065549707145,0.01511493091806172,0.041353626015445344,0.04698473154497165,0.16533524231949168,-0.2705375243804624,0.38512719461878064,inf,green,True,unknown,0,1.136169571379862,0.05281176899916318,0.006869501999972272,0.008697682000274654,0.0,0.01700000000002433,-0.03699999999997772,-0.026999999999986812,0.29535800058511086,0.4630829954985218
253.0,15961.223927033,FOLLOW,18.424900175373484,4.798060345049965,3.123248751181471,0.029875079142479992,0.023223077408362422,0.021829963732967698,0.011953834447373857,0.5301092882815794,0.29108019221411846,inf,green,False,unknown,0,0.9400116680964481,0.027597452999543748,0.13564061299985042,0.04456803599896375,0.0,0.012000000000000455,0.0660000000000025,0.002999999999985903,0.4929370006721001,0.4630829954985218
253.2,15961.475780232,FOLLOW,18.433471420811784,4.797653459724446,3.1318103124734633,0.06083035142218931,0.06352795021508055,0.06090934555369947,0.09137889292761073,0.0711605304134887,0.4157203155474869,inf,green,False,unknown,0,0.9587802746269081,0.03695492500082764,0.13009763099944394,0.04165486400052032,0.0,0.018000000000000682,0.06499999999999773,-0.0010000000000047748,18.511450000005425,0.4630829954985218
253.3,15961.573538519,FOLLOW,18.439874530551073,4.797304073242017,3.1382038739630667,0.06363601446153566,0.06352795021508055,0.06090934555369947,0.09137889292761073,0.0711605304134887,0.4157203155474869,inf,green,False,unknown,0,0.9587802746269081,0.05944295399967814,0.0769858950006892,0.012727642000754713,0.0,0.04800000000000182,0.06499999999999773,-0.002999999999985903,0.37161900036153384,0.4630829954985218
253.5,15961.821058183,FOLLOW,18.45347106751971,4.7964341214000905,3.151772463537074,0.07055594450674742,0.07044151584650522,0.06392439380243757,0.09138415050064573,0.031231096808525215,0.4218968352686605,inf,green,False,unknown,0,0.9074818029431861,0.11852524700043432,0.07732651800142776,0.0131505350000225,0.0,0.11199999999999477,0.06499999999999773,-0.007000000000005002,0.9516699992673239,0.4630829954985218
253.7,15962.082545737,FOLLOW,18.46827439160789,4.795297088255088,3.166531952168723,0.07462148273177642,0.07506425359605645,0.06310754494469124,0.09024518386081046,-0.012249018876560122,0.4297939569121608,inf,green,False,unknown,0,0.8407136808991948,0.02652672299882397,0.11258328999974765,0.013081731000056607,0.0,0.018000000000000682,0.0619999999999834,-0.011000000000024102,0.3671909998956835,0.4630829954985218
253.8,15962.221694118,FOLLOW,18.475926392379733,4.7946353708129354,3.174155276165826,0.07468623437120228,0.07457158878484797,0.06202253197301392,0.09001029516086544,-0.017485783265770338,0.43239691879465547,inf,green,False,unknown,0,0.8317179905065417,0.04045149099874834,0.1276767839990498,0.03053702999932284,0.0,0.01500000000001478,0.0630000000000166,-0.012999999999976808,0.3235220010537887,0.4630829954985218
254.0,15962.420989302,FOLLOW,18.48830161481058,4.793463291613998,3.18647481831301,0.06986273537884806,0.06829423215454479,0.05264552204054853,0.08964546956166564,-0.06055725706902199,0.4368528365935021,inf,green,False,unknown,0,0.7708633713227145,0.10532551899996179,0.09104945599938219,0.029600461999507388,0.0,0.10300000000000864,0.06299999999998818,0.016999999999995907,16.657104000842082,0.4630829954985218
254.2,15962.681817109,FOLLOW,18.50226043200752,4.791997443001507,3.200356391243861,0.06695571691388016,0.06361279214504996,0.04461055817883932,0.08887733717592736,-0.10633542660979033,0.44735292011949707,inf,green,False,unknown,0,0.7012828186682684,0.02761578100034967,0.10793073300010292,0.04502247399977932,0.0,0.014999999999986358,0.0619999999999834,0.012999999999976808,17.224540999450255,0.4630829954985218
254.3,15962.821549633,FOLLOW,18.511149204915423,4.790988806194506,3.209187737694721,0.06369713535003751,0.09007547143520411,0.058351727321544554,0.07208713018732643,-0.03359004549274357,0.5424420521857011,inf,green,False,unknown,0,0.6478092913842802,0.011939084999539773,0.1212762790000852,0.0003121209992968943,0.0,0.0030000000000143245,0.0630000000000166,-0.022999999999996135,21.21232500030601,0.4630829954985218
254.5,15963.077949355,FOLLOW,18.527712200256516,4.788964421571784,3.2256264732847764,0.06447857310072351,0.061272018332850946,0.046195500406213306,0.04591698296726719,0.21497657384487345,0.5233452209291243,inf,green,False,unknown,0,0.753941222488596,0.03919237800073461,0.009321834000729723,0.009734956000102102,0.0,0.014000000000010004,-0.03700000000000614,-0.026999999999986812,15.036750000945176,0.4630829954985218
254.7,15963.276732032,FOLLOW,18.53831953594183,4.7875698037159475,3.2361417021774908,0.061363558954906125,0.07345504102134068,0.044808768436015556,0.06118830008776685,0.011902185208974542,0.420226276545904,inf,green,False,unknown,0,0.610016246849517,0.022478888000478037,0.08825280500059307,0.009919874999468448,0.0,0.03999999999999204,0.06299999999998818,0.002999999999985903,0.39751300028001424,0.4630829954985218
254.8,15963.433595696,FOLLOW,18.545907259417813,4.786524656626161,3.243657094727356,0.07353897286630989,0.05698523077817817,0.023931359959494934,0.07977624112043816,-0.24101550608686853,0.5073391187048734,0.87,green,False,unknown,0,0.41995723510624383,0.1019807539996691,0.10703685500084248,0.02801352499955101,0.0,0.07699999999999818,0.06200000000001182,0.0010000000000047748,0.6173709989525378,0.4630829954985218
255.0,15963.678051836,FOLLOW,18.56073196401901,4.78439706696103,3.25832829527282,0.08650173500422915,0.06899632007350483,0.03492697237795177,0.05923547906205226,-0.04861808582190095,0.4299027366684852,0.87,green,False,unknown,0,0.5062150030717946,0.04045148999830417,0.09987943299893232,0.008686819999638828,0.0,0.05000000000001137,0.06200000000001182,-0.002999999999985903,0.335502001689747,0.4630829954985218
255.2,15963.929389095,FOLLOW,18.572465164297732,4.782632036842127,3.2699279628751965,0.06707347973057567,0.06597501184459299,0.0294928500108544,0.057345236018749426,-0.0772856143850068,0.43734616753200933,inf,green,False,unknown,0,0.4470306133529175,0.013044141000136733,0.09172070299973711,0.03745777499898395,0.0,0.018000000000000682,0.06299999999998818,0.026999999999986812,1.1522320000949549,0.4630829954985218
255.3,15964.077565105,FOLLOW,18.58148304153441,4.781231256268565,3.2788363754567924,0.06603882830557015,0.06328067835002497,0.026071565652666454,0.05689566950235223,-0.09845415041303193,0.43809051061836174,0.85,green,False,unknown,0,0.41199883333197806,0.021752444001322147,0.10488896900096734,0.02824421800141863,0.0,0.008000000000009777,0.0589999999999975,-0.00899999999998613,0.352319999365136,0.4630829954985218
255.4,15964.276726414,LANE_GRACE,18.5921618162167,4.7795271688530105,3.289378298225997,0.06194856427282795,0.04,0.01564049393204704,0.172939890197377,-1.0836384923409748,0.21032152619452665,0.84,green,False,unknown,0,0.3910123483011759,0.11070594699958747,0.06906514200090896,0.02689125899996725,0.10165637799946126,0.009000000000014552,-0.03899999999998727,-0.07900000000000773,19.551385999875492,0.4630829954985218
255.6,15964.420872873,FOLLOW,18.59736022113255,4.778680915974952,3.2945073585949016,0.03999110301431118,0.0636708545329198,0.03068087920346884,0.03757742152073718,0.07849842311610145,0.423144492950789,0.82,green,False,unknown,0,0.48186692998765823,0.016492226999616832,0.08947488699959649,0.04609091999918746,0.0,0.022999999999996135,0.0589999999999975,0.019000000000005457,18.316067000341718,0.4630829954985218
255.8,15964.6829907,FOLLOW,18.608764682087557,4.776782864443629,3.305752749558729,0.06547075815218685,0.05700602212410461,0.007424028905395643,0.05029925077627269,-0.24247911716826695,0.5086830384384642,0.85,green,False,unknown,0,0.13023236192894158,0.07308443999863812,0.10685545099840965,0.031063181999343215,0.0,0.045000000000015916,0.060000000000002274,0.01500000000001478,0.4314400011935504,0.4630829954985218
256.0,15964.927618754,FOLLOW,18.621656833269256,4.774582361815128,3.3184557130607946,0.08856792413129058,0.07355326021647672,0.026795488704023093,0.035005178387177635,0.014208743470925052,0.423144492950789,inf,green,False,unknown,0,0.36430048953860805,0.02706274899901473,0.10440398900027503,0.033324961999824154,0.0,0.015999999999991132,0.0589999999999975,0.01099999999999568,20.618316999389208,0.4630829954985218
256.1,15965.07490315,FOLLOW,18.632890318841,4.772632464782881,3.3295186692422454,0.0736123507831405,0.023657281978966316,0.030310249662600076,0.0011003873441438605,0.756894771757297,0.38012480327019804,inf,green,False,unknown,0,1.2812228255785645,0.034654221999517176,0.12545134299944039,0.008846136999636656,0.0,0.014000000000010004,0.060000000000002274,-0.024999999999977263,21.013604000472696,0.4630829954985218
256.3,15965.328554437,LANE_GRACE,18.639388131904486,4.771486246583377,3.335914583013625,0.035060745682316236,0.04,0.02261356540848551,0.08157549588086077,-0.9903114769343647,0.274456685629548,0.77,green,False,unknown,0,0.5653391352121377,0.07195109199892613,0.10777934799989453,0.045982568999534124,0.0,0.04400000000003956,0.05400000000003047,0.0049999999999954525,24.282971000502585,0.4630829954985218
256.4,15965.470799603,FOLLOW,18.644505458479454,4.770565005258972,3.3409483020128827,0.04005583098899478,0.06450942108098753,0.013654636032091593,0.033630200309078616,-0.08082285304433366,0.4308000540610932,0.79,green,False,unknown,0,0.21166886639625945,0.028848960999312112,0.004777536998517462,0.015211645999443135,0.0,0.003999999999962256,-0.04099999999999682,-0.03100000000000591,14.350613000715384,0.4630829954985218
256.5,15965.575647422,FOLLOW,18.647855549817535,4.7699543595342435,3.3442422696299463,0.05950087145866499,0.04254096217546459,0.017375823781913328,0.02548607185423408,0.10774592052969026,0.2999999999999999,0.78,green,False,unknown,0,0.40844924264394744,0.02669017299922416,0.10962535599901457,0.03340900299917848,0.0,0.01799999999997226,0.05900000000002592,0.0009999999999763531,20.574963000399293,0.4630829954985218
256.6,15965.671024441,FOLLOW,18.653555584134402,4.768909337459438,3.3498456896622115,0.037097183449359965,0.04254096217546459,0.017375823781913328,0.02548607185423408,0.10774592052969026,0.2999999999999999,0.78,green,False,unknown,0,0.40844924264394744,0.07400723000137077,0.07359323499986203,0.0013988589998916723,0.0,0.08200000000005048,0.05900000000002592,-0.0009999999999763531,0.317240999720525,0.4630829954985218
256.8,15965.929612993,FOLLOW,18.665933978109255,4.766603381947142,3.3620073910495054,0.07142560491692318,0.050559949200100034,0.014591791131464115,0.025262044878146962,0.02721561911611383,0.29999999999999993,0.77,green,False,unknown,0,0.28860375380747505,0.017109079000874772,0.08922098000039114,0.014800685999944108,0.0,0.016999999999995907,0.05900000000002592,-0.0049999999999954525,0.34048799898300786,0.4630829954985218
257.0,15966.174774951,FOLLOW,18.67265046596759,4.765331855713543,3.368602419445416,0.027068860517440542,0.030286826279016844,0.019153506085467276,0.016806784824191637,0.31318136146093317,0.2999999999999999,0.78,green,False,unknown,0,0.6324038679066584,0.06989246499870205,0.08620199199867784,0.045069820998833166,0.0,0.07600000000002183,0.055999999999983174,0.024999999999977263,15.356469000835204,0.4630829954985218
257.1,15966.331645378,FOLLOW,18.67654991086888,4.7645767357922315,3.3724280498583856,0.03033838277133631,0.04150023664320459,0.04811853967557803,-0.08,0.5621867439000301,0.5545969106500798,inf,green,False,unknown,0,1.1594762721300567,0.012265592000403558,0.013187289001507452,0.04384801500054891,0.0,-0.01799999999997226,-0.04099999999999682,-0.010999999999967258,11.520970998390112,0.4630829954985218
257.3,15966.530035333,FOLLOW,18.6825474639042,4.763389012649235,3.378306809712368,0.041586390996166,0.04278625487990053,0.04960964730655351,-0.08,0.5621867439000301,0.571782878702337,inf,green,False,unknown,0,1.1594762721300567,0.033341791000566445,0.08866724700055784,0.03281711800082121,0.0,0.04099999999999682,0.05900000000002592,0.019000000000005457,0.32172200008062646,0.4630829954985218
257.5,15966.77506888,FOLLOW,18.691197963764523,4.76160273287099,3.3867708351097487,0.042119495094888694,0.0425230577250817,0.049304476450648935,-0.08,0.5621867439000301,0.5682655896273525,inf,green,False,unknown,0,1.1594762721300567,0.009343786001409171,0.078782663000311,0.01952002400139463,0.0,0.01799999999997226,0.05700000000001637,0.014999999999986358,0.5564809998759301,0.4630829954985218
257.6,15966.932424621,FOLLOW,18.69554356106398,4.760672929260452,3.3910157903012124,0.04261055765681527,0.04124579185125044,0.04782351697674013,-0.08,0.5621867439000301,0.5511965855685147,inf,green,False,unknown,0,1.1594762721300567,0.02660671299963724,0.107605754999895,0.028827772999648005,0.0,0.016999999999995907,0.05900000000002592,0.013000000000033651,0.31734500043967273,0.4630829954985218
257.8,15967.177219168,FOLLOW,18.705433887245025,4.758475857865258,3.400658940417805,0.04141261794413046,0.039695358928782835,0.04602582679160968,-0.08,0.5621867439000301,0.5304770577170631,inf,green,False,unknown,0,1.1594762721300567,0.07433026999933645,0.10744201499983319,0.011088444000051823,0.0,0.03700000000003456,0.055999999999983174,-0.024999999999977263,0.3388189998076996,0.4630829954985218
258.0,15967.42837124,FOLLOW,18.712187323598254,4.75691104093506,3.4072285688818447,0.039621494149916545,0.037904673281728606,0.043949569273006445,-0.08,0.5621867439000301,0.5065468633825128,inf,green,False,unknown,0,1.1594762721300567,0.02320535699982429,0.0920766579984047,0.029878220999307814,0.0,0.012000000000000455,0.05299999999999727,0.0049999999999954525,0.35921300150221214,0.4630829954985218
258.1,15967.582974853,FOLLOW,18.717357085446878,4.755677777335348,3.4122490689055502,0.03799607907058174,0.0353292956877414,0.04261003304703357,-0.1,0.5937496667107721,0.48761771965026857,inf,green,False,unknown,0,1.206082154131888,0.04087011599949619,0.12592479500017362,0.013908700999309076,0.0,0.015000000000043201,0.05400000000003047,-0.03099999999994907,0.518639000802068,0.4630829954985218
258.1,15967.629359599,LANE_GRACE,18.718564836784246,4.755385212768858,3.4134208492891336,0.03541925264641644,0.04,0.04824328616527552,0.0,0.0,0.0,inf,green,False,unknown,0,1.206082154131888,0.010103302998686559,0.04420328599917411,0.012900897998406435,0.04638474599960318,-0.049999999999954525,-0.04699999999996862,-0.06499999999999773,14.556861000528443,0.4630829954985218
258.2,15967.784695255,FOLLOW,18.722488452386894,4.754422740270625,3.417224581605285,0.04008524635230694,0.035047379817937666,0.04227001934749672,-0.1,0.5937496667107721,0.4837266946272416,inf,green,False,unknown,0,1.206082154131888,0.11475639400123328,0.06084738100071263,0.045489714000723325,0.108385976000136,0.0020000000000095497,-0.04400000000003956,-0.06700000000000728,12.626937999812071,0.4630829954985218
258.3,15967.824005625,FOLLOW,18.72385135066195,4.754084126643762,3.4185447454283953,0.04008522985750033,0.035047379817937666,0.04227001934749672,-0.1,0.5937496667107721,0.4837266946272416,inf,green,False,unknown,0,1.206082154131888,0.011639682999884826,0.1001577509996423,0.011072212999351905,0.0,0.016999999999995907,0.055999999999983174,-0.0009999999999763531,0.3336410009069368,0.4630829954985218
258.5,15968.080480682,FOLLOW,18.731074612753876,4.7522525557412205,3.425531914224418,0.0333544464811459,0.032688354575841155,0.03942484110185746,-0.1,0.5937496667107721,0.45116724257035684,inf,green,False,unknown,0,1.206082154131888,0.010935701999187586,0.10623767899960512,0.029261195999424672,0.0,0.007000000000005002,0.05500000000000682,-0.0049999999999954525,0.6606709994230187,0.4630829954985218
258.6,15968.172772472,FOLLOW,18.734417273273323,4.751383871520441,3.428759723525033,0.03276289082734928,0.03165473276524029,0.03817820828197027,-0.1,0.5937496667107721,0.43690111298994583,inf,green,False,unknown,0,1.206082154131888,0.006402917000741581,0.07597857000109798,0.007049701000141795,0.0,0.016999999999995907,0.05600000000004002,-0.007000000000005002,12.812533999749576,0.4630829954985218
258.6,15968.281161026,LANE_GRACE,18.736612187415563,4.750806198945128,3.4308772551706155,0.0317452478880969,0.04,0.04824328616527552,0.0,0.0,0.0,inf,green,False,unknown,0,1.206082154131888,0.013128536998920026,0.061260716000106186,0.019359779998922022,0.10838855399924796,-0.060000000000002274,-0.04399999999998272,-0.07499999999998863,13.753225999607821,0.4630829954985218
258.8,15968.433501306,FOLLOW,18.740403776612794,4.749794736972906,3.4345314404253746,0.04008404048750193,0.012452721342223496,0.026142337120299775,0.009453732256469616,1.3345606158198358,0.299999999999999,inf,green,False,unknown,0,2.0993272395535616,0.02288838100139401,0.09049000200138835,0.057209032000173465,0.0,0.018000000000029104,0.055999999999983174,0.023000000000024556,15.693642999394797,0.4630829954985218
258.9,15968.585613516,LANE_GRACE,18.743775443044683,4.748880565635239,3.4377768071692265,0.012531350903471829,0.04,0.08397308958214246,0.0,0.0,0.0,inf,green,False,unknown,0,2.0993272395535616,0.0249671239998861,0.11304642100003548,0.026946177998979692,0.0,0.005999999999971806,0.055999999999983174,-0.013000000000033651,13.306837001437088,0.4630829954985218
259.0,15968.671416486,LANE_GRACE,18.745262171312532,4.748470551448608,3.439205879498691,0.03206959079992513,0.04,0.08397308958214246,0.0,0.0,0.0,inf,green,False,unknown,0,2.0993272395535616,0.000600981000388856,0.054889638000531704,0.026394552000056137,0.0,0.016000000000019554,0.055999999999983174,0.019000000000005457,0.4441900000529131,0.4630829954985218
259.1,15968.832315904,FOLLOW,18.75071082475356,4.746928025913794,3.444431598133026,0.040142534500916066,0.0307666246061606,0.016852932429126135,0.009591309191846684,0.3020594646471193,0.29999999999999943,inf,green,False,unknown,0,0.5477666999502949,0.061549345999083016,0.09323499599850038,0.014376190998518723,0.0,0.03900000000004411,0.05500000000000682,-0.016999999999995907,24.13278300082311,0.4630829954985218
259.2,15968.971398564,LANE_GRACE,18.75390401107108,4.745998539629554,3.447486509453739,0.030813827822943844,0.04,0.021910667998011796,-0.03112104871157992,-0.635922836566569,0.19806344939685552,inf,green,False,unknown,0,0.5477666999502949,0.025850364998404984,0.0971271769994928,0.02784108499872673,0.0,0.0049999999999954525,0.05500000000000682,-0.019000000000005457,22.166610000567744,0.4630829954985218
259.3,15969.071908088,FOLLOW,18.757346725715525,4.744988332971747,3.4507776738315052,0.040052187971847474,0.021415320223438106,-0.0274898773547127,-0.03858525010504263,-0.6086237223928956,0.29999999999999954,inf,green,False,unknown,0,-1.2836547419275226,0.019622249999883934,0.059672414001397556,0.005568784999923082,0.0,0.014000000000010004,0.05400000000003047,-0.021000000000015007,29.9523509984283,0.4630829954985218
259.5,15969.323681105,FOLLOW,18.761744445273422,4.74369920885832,3.4549822017758127,0.02117948426158986,0.021380445561538265,-0.026392728166522675,-0.03158584932724129,-0.6102689365303358,0.29999999999999927,inf,green,False,unknown,0,-1.2344330285614398,0.022464801999376505,0.11182535299849405,0.008139141998981358,0.0,0.014000000000010004,0.05500000000000682,-0.024999999999977263,1.7521429999760585,0.4630829954985218
259.6,15969.423084553,FOLLOW,18.76318908235764,4.743280353232793,3.4563647848444776,0.0212463047887231,0.021287806217117088,-0.025542027164214585,-0.026042422759562117,-0.614665380720719,0.2999999999999994,inf,green,False,unknown,0,-1.1998430887479972,0.008609319000242976,0.09044527200057928,0.017523185000754893,0.0,0.013000000000033651,0.05600000000004002,0.007000000000005002,16.871837999133277,0.4630829954985218
259.8,15969.721452748,FOLLOW,18.767532026068842,4.742034172311974,3.4605250925694646,0.021519597038309114,0.0250506653195983,-0.02095636302813593,-0.013197456650554301,-0.46225254796331955,0.29999999999999954,inf,green,False,unknown,0,-0.8365591396784497,0.09091386099862575,0.12523999199947866,0.024368028998651425,0.0,0.045000000000015916,0.055999999999983174,0.002999999999985903,4.332332000558381,0.4630829954985218
259.9,15969.828813539,LANE_GRACE,18.76995335064513,4.741347297670243,3.4628469483567805,0.024921532667041366,0.04,-0.039999999999999966,0.0,0.0,0.0,0.66,green,False,unknown,0,-0.9999999999999991,0.0584015479998925,0.07751602899952559,0.014163054000164266,0.0,0.04399999999998272,0.05499999999994998,0.0009999999999763531,12.96090000141703,0.4630829954985218
260.0,15969.978106051,LANE_GRACE,18.7733700395237,4.740386864097194,3.466125868655194,0.039888387173773805,0.04,-0.039999999999999966,0.0,0.0,0.0,0.66,green,False,unknown,0,-0.9999999999999991,0.035335189999386785,0.10303519300032349,0.03717791899907752,0.0,0.01799999999997226,0.05299999999999727,-0.0009999999999763531,16.179336000277544,0.4630829954985218
260.1,15970.121752023,LANE_GRACE,18.77880671207077,4.73888131803586,3.4713499167042388,0.039985442084758724,0.04,-0.039999999999999966,0.0,0.0,0.0,0.65,green,False,unknown,0,-0.9999999999999991,0.042225294000672875,0.12601434899988817,0.001419875999999931,0.0,0.018000000000029104,0.05000000000001137,-0.03699999999997772,14.344801000333973,0.4630829954985218
260.3,15970.371090169,LANE_GRACE,18.785604209180843,4.737036870242943,3.477892379963418,0.03998511452437656,0.04,-0.039999999999999966,0.0,0.0,0.0,0.66,green,False,unknown,0,-0.9999999999999991,0.02891207999891776,0.12286898599995766,0.030256484998972155,0.0,0.009999999999990905,0.055999999999983174,-0.007000000000005002,16.848459001266747,0.4630829954985218
260.5,15970.630900066,LANE_GRACE,18.793759091445096,4.734879839352991,3.485756793502604,0.039948269224754224,0.04,-0.039999999999999966,0.0,0.0,0.0,inf,green,False,unknown,0,-0.9999999999999991,0.04288401200028602,0.1230230790006317,0.047466891001022304,0.0,0.012000000000000455,0.05099999999998772,-0.011000000000024102,11.600560999795562,0.4630829954985218
260.6,15970.723441777,LANE_GRACE,18.797832607019245,4.733825109340485,3.489691390757015,0.03992625830205291,0.04,-0.039999999999999966,0.0,0.0,0.0,inf,green,False,unknown,0,-0.9999999999999991,0.01043259499965643,0.08012734600015392,0.014759472000150708,0.0,0.009000000000014552,0.05299999999999727,-0.012999999999976808,0.6636600010097027,0.4630829954985218
260.8,15970.972707312,LANE_GRACE,18.80594277174679,4.731769628364187,3.4975367379682907,0.039931118708213593,0.04,-0.04399999999999997,0.0,0.0,0.0,inf,green,False,unknown,0,-1.0999999999999992,0.012081889999535633,0.11056663499948627,0.017550982998727704,0.0,0.006000000000028649,0.05200000000002092,-0.016999999999995907,1.7699910004012054,0.4630829954985218
261.0,15971.229645799,LANE_GRACE,18.814055577839106,4.72977600620398,3.505400753287472,0.03994692609848752,0.04,-0.039999999999999966,0.0,0.0,0.0,inf,green,False,unknown,0,-0.9999999999999991,0.07299269899885985,0.09079581699916162,0.009714559999338235,0.0,0.05099999999998772,0.05200000000002092,-0.021000000000015007,13.58799999979965,0.4630829954985218
261.1,15971.328504742,LANE_GRACE,18.816771660575355,4.729122549212548,3.5080370568248216,0.03993602882828727,0.04,-0.04399999999999997,0.0,0.0,0.0,inf,green,False,unknown,0,-1.0999999999999992,0.010904210999797215,0.07696501499958686,0.013697828999283956,0.0,0.016999999999995907,0.05200000000002092,0.011000000000024102,1.6519750006409595,0.4630829954985218
261.2,15971.529030247,FOLLOW,18.82217915241119,4.7278428931959295,3.513290948642415,0.039698358489541966,0.02791387335856369,-0.030705260694420037,-0.15428465922055465,0.3738087696587382,0.2999999999999995,inf,green,False,unknown,0,-1.0999999999999992,0.05316562900043209,0.013867704999938724,0.05849702700106718,0.058071065999683924,-0.016999999999995907,-0.05299999999999727,-0.025000000000034106,22.185931000421988,0.4630829954985218
261.3,15971.571482769,FOLLOW,18.82352883191923,4.727527991096363,3.5146033782375183,0.03969554020568088,0.02791387335856369,-0.030705260694420037,-0.15428465922055465,0.3738087696587382,0.2999999999999995,inf,green,False,unknown,0,-1.0999999999999992,0.0007770940010232152,0.05632022700046946,0.000221629999941797,0.0,0.043000000000006366,0.047000000000025466,0.04099999999999682,1.2259999984962633,0.4630829954985218
261.3,15971.680912011,LANE_GRACE,18.826689993405417,4.726798084578847,3.517679116706016,0.027906666324302762,0.04,-0.04399999999999997,0.0,0.0,0.0,inf,green,False,unknown,0,-1.0999999999999992,0.1102063359994645,0.026198001998636755,0.026554493999356055,0.10942924199844128,0.043000000000006366,-0.05099999999998772,-0.06099999999997863,14.951068000300438,0.4630829954985218
261.5,15971.872886355,LANE_GRACE,18.832539592597616,4.725477047331368,3.523377585279233,0.0399770586028738,0.04,-0.04399999999999997,0.0,0.0,0.0,inf,green,False,unknown,0,-1.0999999999999992,0.03090157100086799,0.12709562100098992,0.020500044000073103,0.0,0.004000000000019099,0.05099999999998772,-0.03100000000000591,1.2261419997230405,0.4630829954985218
261.6,15971.975777844,LANE_GRACE,18.835258026274843,4.724875624414686,3.5260286545608417,0.03997686727677675,0.04,-0.04399999999999997,0.0,0.0,0.0,inf,green,False,unknown,0,-1.0999999999999992,0.09894211199934944,0.09794080000028771,0.030424176000451553,0.0,0.07500000000004547,0.05000000000001137,0.0010000000000331966,0.46976299927337095,0.4630829954985218
261.8,15972.229069635,LANE_GRACE,18.84341323965661,4.7231170202332695,3.5339919715720907,0.039976210773208606,0.04,-0.04399999999999997,0.0,0.0,0.0,inf,green,False,unknown,0,-1.0999999999999992,0.036969558999771834,0.06986352899912163,0.022002822999638738,0.0,0.040000000000020464,0.04800000000000182,-0.002999999999985903,13.508652000382426,0.4630829954985218
262.0,15972.480600761,LANE_GRACE,18.850209146540383,4.721703923225851,3.5406393257227378,0.03997564141948617,0.04,-0.04399999999999997,0.0,0.0,0.0,inf,green,False,unknown,0,-1.0999999999999992,0.13294007500007865,0.07634805900124775,0.04229291500087129,0.0,0.11000000000001364,0.04899999999997817,0.026999999999986812,0.9603130001778482,0.4630829954985218
262.1,15972.623199506,LANE_GRACE,18.85564580114944,4.720607809712563,3.5459643301789883,0.039975169511780914,0.04,-0.04399999999999997,0.0,0.0,0.0,inf,green,False,unknown,0,-1.0999999999999992,0.07597088300099131,0.10517829800119216,0.013053968999884091,0.0,0.038000000000010914,0.049000000000035016,-0.008999999999957708,0.3981689987995196,0.4630829954985218
262.3,15972.875784273,LANE_GRACE,18.863800412486448,4.719021060885771,3.55396304975297,0.03996212195092243,0.04,-0.04399999999999997,0.0,0.0,0.0,inf,green,False,unknown,0,-1.0999999999999992,0.11237520899885567,0.09780436799883319,0.021589564999885624,0.0,0.07600000000002183,0.047000000000025466,-0.012999999999976808,0.47295600052166265,0.4630829954985218
262.3,15972.925752394,FOLLOW,18.865158839163627,4.718763426382361,3.555296821659979,0.03994601010060029,0.014107442240850233,-0.014107442240850221,-0.41749409638503276,1.131106747150375,0.29999999999999793,inf,green,False,unknown,0,-0.9999999999999991,0.048633395999786444,0.023813723999410286,0.024550578000344103,0.04996812100034731,-0.01799999999997226,-0.05299999999999727,-0.04699999999996862,18.281874001331744,0.4630829954985218
262.4,15973.082505818,LANE_GRACE,18.868777916115068,4.718086700029762,3.5588520630123255,0.014106713246797948,0.04,-0.039999999999999966,0.0,0.0,0.0,inf,green,False,unknown,0,-0.9999999999999991,0.04133693699986907,0.058504528999037575,0.014281992000178434,0.10688544000004185,-0.05200000000002092,-0.05000000000001137,-0.08300000000002683,13.853169000867638,0.4630829954985218
262.5,15973.129336026,LANE_GRACE,18.86925787480285,4.717998130548274,3.559323778804861,0.014118013184813568,0.04,-0.039999999999999966,0.0,0.0,0.0,inf,green,False,unknown,0,-0.9999999999999991,0.017834566000601626,0.10533473699979368,0.015044067000417272,0.0,0.011000000000024102,0.05000000000001137,-0.016999999999995907,1.160327999969013,0.4630829954985218
262.6,15973.221090266,FOLLOW,18.871832098464854,4.717527785530469,3.561854667795035,0.039977717739515,0.04454811027465134,-0.0445481102746513,-0.07649804355280367,0.08486905206146941,0.2999999999999999,inf,green,False,unknown,0,-0.9999999999999991,0.042262228000254254,0.0609048280002753,0.016088968000985915,0.0,0.049000000000035016,0.049000000000035016,0.015000000000043201,15.717470998424687,0.4630829954985218
262.6,15973.328629752,LANE_GRACE,18.874698849914,4.717011778634084,3.5646745963131425,0.04452082672600921,0.04,-0.04399999999999997,0.0,0.0,0.0,inf,green,False,unknown,0,-1.0999999999999992,0.015950516000884818,0.04174590600086958,0.042074393000802957,0.10753948599995056,-0.05699999999995953,-0.05299999999999727,-0.05299999999999727,12.532066999483504,0.4630829954985218
262.8,15973.482287568,LANE_GRACE,18.88045035531871,4.716000372007026,3.5703364674094686,0.03997268370453205,0.04,-0.039999999999999966,0.0,0.0,0.0,inf,green,False,unknown,0,-0.9999999999999991,0.033270535999690765,0.07520309800020186,0.033847590999357635,0.0,0.04099999999999682,0.045000000000015916,0.011000000000024102,0.36511100006464403,0.4630829954985218
263.0,15973.729065713,LANE_GRACE,18.888604872959885,4.714624195907901,3.578373998620967,0.03997193565850312,0.04,-0.039999999999999966,0.0,0.0,0.0,inf,green,False,unknown,0,-0.9999999999999991,0.07293356199988921,0.08974374599893054,0.027074567000454408,0.0,0.05099999999998772,0.04399999999998272,0.007000000000005002,1.1873920011566952,0.4630829954985218
263.1,15973.886047009,LANE_GRACE,18.894041364352287,4.713744484142177,3.583738835870248,0.03997169004514452,0.04,-0.04399999999999997,0.0,0.0,0.0,inf,green,False,unknown,0,-1.0999999999999992,0.026314697999623604,0.12227315100062697,0.029940939000880462,0.0,-0.02199999999999136,0.04800000000000182,-0.028999999999996362,1.0901770001510158,0.4630829954985218
263.2,15974.071307509,FOLLOW,18.899477739968347,4.7128946796291205,3.589108374219795,0.039976101750472615,0.013172136465659725,-0.014489350112225687,-0.49442698979406086,1.2398251002266827,0.29999999999999855,inf,green,False,unknown,0,-1.0999999999999992,0.08994508600153495,0.06018768200010527,0.044083322000005865,0.09630606300015643,-0.016999999999995907,-0.05400000000003047,-0.06499999999999773,20.557543999530026,0.4630829954985218
263.3,15974.121105826,FOLLOW,18.902195995565037,4.712480579404014,3.5917949019058897,0.03997105104244442,0.013172136465659725,-0.014489350112225687,-0.49442698979406086,1.2398251002266827,0.29999999999999855,inf,green,False,unknown,0,-1.0999999999999992,0.012564593000206514,0.10998599899903638,0.005003158999898005,0.0,0.006000000000028649,0.04599999999999227,-0.03300000000001546,1.0906370007432997,0.4630829954985218
263.3,15974.17819961,LANE_GRACE,18.90259758646511,4.71242014964182,3.5921919201609644,0.00942867319320678,0.04,-0.04399999999999997,0.0,0.0,0.0,inf,green,False,unknown,0,-1.0999999999999992,0.027202490000490798,0.045144252999307355,0.028438998000638094,0.05709378400024434,-0.053999999999973625,-0.053999999999973625,-0.06700000000000728,13.438316000247141,0.4630829954985218
263.5,15974.321318302,LANE_GRACE,18.906972081988076,4.711775774564545,3.5965186916575487,0.039970177014438196,0.04,-0.04399999999999997,0.0,0.0,0.0,inf,green,False,unknown,0,-1.0999999999999992,0.07609879099982209,0.07546697699945071,0.0003006980005011428,0.0,0.06999999999999318,0.047000000000025466,-0.002999999999985903,17.57711299978837,0.4630829954985218
263.6,15974.472104874,LANE_GRACE,18.91104902659668,4.711193921856601,3.6005538994023425,0.039969897961346944,0.04,-0.04399999999999997,0.0,0.0,0.0,inf,green,False,unknown,0,-1.0999999999999992,0.011416124998504529,0.09032013199976063,0.01912827599880984,0.0,0.011000000000024102,0.047000000000025466,-0.0049999999999954525,0.5676070013578283,0.4630829954985218
263.8,15974.732599609,FOLLOW,18.919202822411773,4.710082842598733,3.6086316145727237,0.039969289585401566,0.012530098548401454,-0.013600380039224771,-0.7123948866621306,1.3238491713822673,0.2999999999999982,inf,green,False,unknown,0,-1.0854168454213682,0.04168322000077751,0.0876505209998868,0.0189667049999116,0.0,0.04400000000003956,0.047000000000025466,-0.009000000000014552,35.13022699917201,0.4630829954985218
263.9,15974.876942194,LANE_GRACE,18.921362620936666,4.709800676202318,3.610772901258085,0.012537438671728235,0.04,-0.043416673816854726,0.0,0.0,0.0,inf,green,False,unknown,0,-1.0854168454213682,0.009117407000303501,0.08322405199942295,0.027543858999706572,0.0,0.007999999999981355,0.04599999999999227,-0.011000000000024102,42.64689900082885,0.4630829954985218
264.0,15975.079384495,LANE_GRACE,18.92343487584885,4.709535727920244,3.612828148416342,0.037188585797769715,0.04,-0.043416673816854726,0.0,0.0,0.0,inf,green,False,unknown,0,-1.0854168454213682,0.027412311001171474,0.08552909900026862,0.019294896001156303,0.0,0.033999999999991815,0.045000000000015916,-0.012999999999976808,76.22976899983769,0.4630829954985218
264.1,15975.271928546,LANE_GRACE,18.927507819080898,4.709029820915977,3.6168695469415457,0.03996922292430144,0.04,-0.043416673816854726,0.0,0.0,0.0,inf,green,False,unknown,0,-1.0854168454213682,0.0283452550011134,0.10938603600152419,0.002151111000785022,0.0,0.023000000000024556,0.04400000000003956,-0.014999999999986358,1.006650998533587,0.4630829954985218
264.1,15975.322129096,FOLLOW,18.928866770872396,4.708864883033271,3.6182184522260123,0.03996912640980484,0.03773369869451476,-0.04150706856396621,-0.09895274859555062,0.17243261984121178,0.29999999999999993,inf,green,False,unknown,0,-1.0999999999999992,0.07854580499952135,0.0007530349994340213,0.005581765999522759,0.05020054999840795,0.023000000000024556,-0.05499999999994998,-0.04899999999997817,55.956342001081794,0.4630829954985218
264.2,15975.435905095,LANE_GRACE,18.931584664400237,4.708540805203886,3.6209169545885183,0.0399689278709732,0.04,-0.04399999999999997,0.0,0.0,0.0,inf,green,False,unknown,0,-1.0999999999999992,0.02988493800148717,0.11452903400095238,0.024726450001253397,0.0,0.012999999999976808,0.045000000000015916,-0.016999999999995907,41.73102499953529,0.4630829954985218
264.3,15975.577366334,LANE_GRACE,18.935507168403216,4.708086815745039,3.6248130951423385,0.03996799858193629,0.04,-0.04399999999999997,0.0,0.0,0.0,inf,green,False,unknown,0,-1.0999999999999992,0.02865470600045228,0.025452918000155478,0.019746068999666022,0.0,0.06799999999998363,0.03899999999998727,-0.019000000000005457,44.48200899969379,0.4630829954985218
264.4,15975.724313522,FOLLOW,18.938224976882683,4.707781839782442,3.6275137374169972,0.03996765190477802,0.024181251019430382,-0.02418125101943036,-0.04887275024127724,0.49325403316163147,0.2999999999999999,inf,green,False,unknown,0,-0.9999999999999991,0.03756717699980072,0.09357610599909094,0.05936733899943647,0.0,0.04499999999995907,0.03499999999996817,0.012999999999976808,60.44172099973366,0.4630829954985218
264.5,15975.930607804,FOLLOW,18.943056212517362,4.707259313585087,3.632316627257954,0.021429558121342444,0.012389235561727802,0.006958306371060003,-0.04399378762183129,0.5962565552459163,0.2999999999999998,0.5,green,False,unknown,0,0.5616413003361765,0.02304514700153959,0.10133528000005754,0.04411697700015793,0.0,-0.004000000000019099,0.031999999999982265,-0.023000000000024556,3.928363999875728,0.4630829954985218
264.5,15975.977101386,LANE_GRACE,18.943492159349276,4.707213501673282,3.6327501603120473,0.01244442500809127,0.03085714285714286,0.017330645838944878,0.0,0.0,0.0,0.5,green,False,unknown,0,0.5616413003361765,0.027390240000386257,0.027042699000958237,0.03794570600075531,0.04649358200003917,-0.04099999999999682,-0.06799999999998363,-0.05700000000001637,53.64983399886114,0.4630829954985218
264.6,15976.072730183,LANE_GRACE,18.94391452989106,4.7071690153230845,3.63317018154867,0.012422537580070921,0.03085714285714286,0.017330645838944878,0.0,0.0,0.0,0.5,green,False,unknown,0,0.5616413003361765,0.004340628000136348,0.1226714959993842,0.0008341289994859835,0.0,0.03200000000003911,0.03200000000003911,0.009000000000014552,2.209882000897778,0.4630829954985218
264.8,15976.321418722,LANE_GRACE,18.949775511281086,4.706540923882731,3.6389974083350682,0.029360615218623848,0.029314285714285716,0.016464113546997634,0.0,0.0,0.0,0.49,green,False,unknown,0,0.5616413003361765,0.0153355679995002,0.07755365900084144,0.005250375999821699,0.0,-0.0049999999999954525,0.033999999999991815,-0.028999999999996362,1.2740179990942124,0.4630829954985218
264.8,15976.377576474,FOLLOW,18.950773772617364,4.706431972604617,3.6399897063318924,0.029360639763550373,0.021570560186322342,-0.02157056018632232,-0.15618534181884267,0.6013648145167935,0.2999999999999996,inf,green,False,unknown,0,-0.9999999999999991,0.03668525400098588,0.013717170000745682,0.014367186000526999,0.05615775200021744,-0.031999999999982265,-0.06499999999999773,-0.06299999999998818,22.392554999896674,0.4630829954985218
264.9,15976.485297578,LANE_GRACE,18.95277029769583,4.7062123418569675,3.6419741141498077,0.029360685489331077,0.04,-0.039999999999999966,0.0,0.0,0.0,inf,green,False,unknown,0,-0.9999999999999991,0.023961422999491333,0.12143827399995644,0.04408852499909699,0.061181978999229614,-0.03200000000003911,0.03499999999996817,-0.03100000000000591,14.173436000419315,0.4630829954985218
265.0,15976.578382336,LANE_GRACE,18.95567482741886,4.705895066413907,3.6448612623274097,0.04145960356982624,0.04,-0.039999999999999966,0.0,0.0,0.0,inf,green,False,unknown,0,-0.9999999999999991,0.010481593999429606,0.051902258999689366,0.015841160000491072,0.0,-0.007999999999981355,0.03500000000002501,-0.03300000000001546,0.6013389993313467,0.4630829954985218
265.1,15976.67201016,LANE_GRACE,18.95839488830885,4.7056053316198785,3.6475658476496053,0.03997244627318627,0.04,-0.039999999999999966,0.0,0.0,0.0,inf,green,False,unknown,0,-0.9999999999999991,0.10410941800000728,0.05735876400103734,0.013815430000249762,0.0,0.09200000000004138,0.03300000000001546,-0.0009999999999763531,4.000103999715066,0.4630829954985218
265.3,15976.923630898,FOLLOW,18.966548613094737,4.7047803814128475,3.6556777099732405,0.039961253566343044,0.008229657012702637,0.00865437405302506,-0.09646359055595904,0.9498219198473438,0.29999999999999893,0.48,green,False,unknown,0,1.0516081095077066,0.021123557000464643,0.06345259800036729,0.00405937499999709,0.0,0.023000000000024556,0.03300000000001546,-0.0049999999999954525,45.97513699991396,0.4630829954985218
265.5,15977.179314084,FOLLOW,18.970171536064875,4.7044358722981565,3.659284214424735,0.006561921443687016,0.006353376201721427,0.013977427643787163,-0.2074315108883561,1.2513154956235635,0.2999999999999995,0.47,green,False,unknown,0,2.2000000000000037,0.0868602850005118,0.021231617000012193,0.020660506999774952,0.0,0.06700000000000728,0.031999999999982265,0.024999999999977263,3.84979599948565,0.4630829954985218
265.6,15977.321674143,FOLLOW,18.971035081864514,4.704353836632887,3.660143854670914,0.006404599268135644,0.006290939480990265,0.013840066858178606,-0.21323153446557996,1.2677045778506044,0.29999999999999843,0.47,green,False,unknown,0,2.2000000000000037,0.001996580000195536,0.06457170500107168,0.0004472350010473747,0.0,0.02400000000000091,0.03100000000000591,-0.010999999999967258,1.434747999155661,0.4630829954985218
265.8,15977.574460022,FOLLOW,18.973410533969364,4.704122459715599,3.6625080111244106,0.04598012227874901,0.0057766317164289725,0.0075096212313576815,-0.14698361374811464,1.2025156720334407,0.29999999999999805,0.45000000000000007,green,False,unknown,0,1.300000000000003,0.007199609999588574,0.027663306000249577,0.02705444800085388,0.0,0.03200000000003911,0.03500000000002501,0.019000000000005457,1.186792000225978,0.4630829954985218
266.0,15977.883518235,LANE_GRACE,18.978087021875265,4.703678758486604,3.6671633973859845,0.026726778130379963,0.04,-0.04399999999999997,0.0,0.0,0.0,inf,green,False,unknown,0,-1.0999999999999992,0.0264297979992989,0.09036570999887772,0.0293076479993033,0.0,0.0,0.03300000000001546,-0.019000000000005457,13.269865999973263,0.4630829954985218
266.1,15977.976703137,LANE_GRACE,18.98033085492964,4.703474175706874,3.6693978840552464,0.03985720962175596,0.04,-0.04399999999999997,0.0,0.0,0.0,inf,green,False,unknown,0,-1.0999999999999992,0.026984128999174573,0.05908475999967777,0.028336375999060692,0.0,0.028999999999996362,0.03300000000001546,0.013000000000033651,0.3582030003599357,0.4630829954985218
266.3,15978.221706466,LANE_GRACE,18.98848328019468,4.702777579375081,3.6775204673332618,0.039959708366176364,0.04,-0.04799999999999997,0.0,0.0,0.0,inf,green,False,unknown,0,-1.1999999999999993,0.02519423900048423,0.05967058500027633,0.03364173199952347,0.0,0.03100000000000591,0.03100000000000591,0.009000000000014552,2.8881369998998707,0.4630829954985218
266.4,15978.377633609,FOLLOW,18.99391776052687,4.702355403093341,3.6829385158606094,0.039959142926375125,0.005525052206202277,0.0071825678680629765,-0.33317289250909154,1.2754851378148135,0.2999999999999977,0.45000000000000007,green,False,unknown,0,1.300000000000003,0.026978017998771975,0.08428045199980261,0.014109469999311841,0.0,0.0009999999999763531,0.031999999999982265,-0.027000000000043656,17.67530200049805,0.4630829954985218
266.5,15978.472405876,FOLLOW,18.99564050407257,4.702228737347703,3.6846565963069637,0.009386866362658145,0.00478837857870864,0.006714775966314315,-0.33317289250909154,1.2754851378148135,0.2999999999999977,0.43000000000000005,green,False,unknown,0,1.4023068259830862,0.02762191600049846,0.05360821999965992,0.030429078000452137,0.0,0.02600000000001046,0.028999999999996362,0.0049999999999954525,1.3647809992107796,0.4630829954985218
266.5,15978.52176067,LANE_GRACE,18.995807971365895,4.702216646528836,3.6848236265630057,0.004825366329844412,0.020057142857142867,0.028126268338289344,0.0,0.0,0.0,0.43000000000000005,green,False,unknown,0,1.4023068259830862,0.02616441500140354,0.10296301400012453,0.02807554799983336,0.04935479400046461,-0.0049999999999954525,0.028999999999996362,-0.028999999999996362,13.915460000134772,0.4630829954985218
266.6,15978.624716576,LANE_GRACE,18.996938558504084,4.702134451144145,3.685951221871069,0.024520258184772745,0.018514285714285723,0.02596270923534401,0.0,0.0,0.0,0.42000000000000004,green,False,unknown,0,1.4023068259830862,0.006708519000312663,0.07098574399969948,0.014708618999065948,0.0,-0.003999999999962256,0.023000000000024556,-0.03099999999994907,12.718621001113206,0.4630829954985218
266.8,15978.98013947,FOLLOW,19.000891495191944,4.7018363884037315,3.689892900251568,0.02012438198277102,0.007713165854109009,0.011683736840056908,-0.15526314289967358,1.1468912243177503,0.48333333333333234,0.42000000000000004,green,False,unknown,0,1.514778375189828,0.017837289000453893,0.043382772000768455,0.011993775000519236,0.0,0.03000000000002956,0.02400000000000091,-0.03499999999996817,44.407593999494566,0.4630829954985218
267.0,15979.222952983,FOLLOW,19.002678081696352,4.701694483059163,3.6916738417240023,0.009047186126072916,0.006263904314561896,0.008769466040386673,-0.05433590862474591,0.979331414739897,0.29999999999999905,0.44000000000000006,green,False,unknown,0,1.400000000000003,0.05390185299984296,0.06926454399945214,0.024703109000256518,0.0,0.02199999999999136,0.02600000000001046,-0.0049999999999954525,2.6327710002078675,0.4630829954985218
267.1,15979.381355584,FOLLOW,19.00332495951717,4.701641946314171,3.692318582586001,0.006306143618949899,0.008757149790405547,0.013135724685608348,-0.0896873489858675,1.0760184072534482,0.48333333333333234,0.43000000000000005,green,False,unknown,0,1.500000000000003,0.028858682000645786,0.08983143600016774,0.044206970000232104,0.0,-0.003999999999962256,0.022000000000048203,-0.007000000000005002,17.42441799979133,0.4630829954985218
267.3,15979.629540299,FOLLOW,19.00525326245932,4.701481903152966,3.6942402319165417,0.008545667614686475,0.012345018947825378,0.012970052668325457,0.0667151227882179,0.2998774191044862,0.3,0.44000000000000006,green,False,unknown,0,1.0506304383283414,0.027668905999234994,0.07216929999958666,0.045486884999263566,0.0,-0.009000000000014552,0.023000000000024556,-0.010999999999967258,21.507684999960475,0.4630829954985218
267.5,15979.829542492,FOLLOW,19.00693710940992,4.701338233639996,3.695917938337549,0.010627366408818827,0.014003660199072634,-0.025053383623046842,0.10110484819142895,-1.1424538794100716,0.29999999999999943,inf,green,False,unknown,0,-1.789059664894322,0.011877593999088276,0.032844917999682366,0.030346499999723164,0.0,0.021000000000015007,0.024999999999977263,0.019000000000005457,0.4719660009868676,0.4630829954985218
267.5,15979.922523302,LANE_GRACE,19.00788447147667,4.701257296057149,3.696861836554043,0.013993903745372306,0.04,-0.07156238659577288,0.0,0.0,0.0,inf,green,False,unknown,0,-1.789059664894322,0.028120663000663626,0.12582572800056369,0.04522625900062849,0.09298081000088132,-0.03899999999998727,0.024999999999977263,-0.04899999999997817,13.303526999152382,0.4630829954985218
267.6,15979.972611773,LANE_GRACE,19.008836047743166,4.70117755342727,3.6978100656144406,0.01399369632122528,0.04,-0.07156238659577288,0.0,0.0,0.0,inf,green,False,unknown,0,-1.789059664894322,0.019537560001481324,0.019074523999734083,0.00497354599974642,0.0,0.02800000000002001,0.023000000000024556,-0.016999999999995907,0.570193999010371,0.4630829954985218
267.6,15980.02925043,FOLLOW,19.009897607037605,4.701090099132429,3.6988680164081558,0.032066032547666906,0.023052349583843605,0.013831409750306216,0.08769641323737618,-0.20384300304711342,0.48333333333333295,0.44000000000000006,green,False,unknown,0,0.6000000000000023,0.009652556000219192,0.0757131809987186,0.028222056000231532,0.056638656998984516,-0.036000000000001364,0.023000000000024556,-0.05099999999998772,16.523894000783912,0.4630829954985218
267.8,15980.22914834,FOLLOW,19.013517972828883,4.700799883941736,3.702476731029755,0.0214438046946789,0.005079504867761662,0.009651059248747174,0.08869261323189415,0.9364632194088018,0.2999999999999991,0.41000000000000003,green,False,unknown,0,1.900000000000003,0.034959446000357275,0.034327164001297206,0.0337359919994924,0.0,0.03000000000002956,0.02199999999999136,0.013000000000033651,3.64611399891146,0.4630829954985218
267.8,15980.275780487,LANE_GRACE,19.014247062601445,4.700740998334608,3.7032034389365003,0.021443827297950104,0.01697142857142858,0.03224571428571435,0.0,0.0,0.0,0.41000000000000003,green,False,unknown,0,1.900000000000003,0.041988237000623485,0.0809593110006972,0.0410876530004316,0.04663214699939999,-0.005999999999971806,0.02199999999999136,-0.021000000000015007,14.739115000338643,0.4630829954985218
267.9,15980.421484355,FOLLOW,19.015720735831103,4.700619872613885,3.704672125503451,0.012404708554783239,0.0055766194277404955,0.010595576912706958,0.11705373742606456,0.9279934881112907,0.29999999999999893,0.42000000000000004,green,False,unknown,0,1.900000000000003,0.07804455999939819,0.0006387060002452927,0.01758526199955668,0.0954902729990863,-0.0030000000000427463,-0.07800000000003138,-0.05700000000001637,18.334573000174714,0.4630829954985218
268.0,15980.482199904,FOLLOW,19.016142491084867,4.700584476770443,3.7050923928330692,0.01240451480651741,0.0055766194277404955,0.010595576912706958,0.11705373742606456,0.9279934881112907,0.29999999999999893,0.42000000000000004,green,False,unknown,0,1.900000000000003,0.13876010899912217,0.06135425499996927,0.02672780499960936,0.0,0.09699999999997999,0.02199999999999136,0.009000000000014552,1.0971510000672424,0.4630829954985218
268.0,15980.527091075,LANE_GRACE,19.016764176304786,4.700531689604414,3.705711832901946,0.00562230083066267,0.018514285714285723,0.03517714285714293,0.0,0.0,0.0,0.42000000000000004,green,False,unknown,0,1.900000000000003,0.012637653000638238,0.10624542600089626,0.011283892999927048,0.04489117100092699,-0.03500000000002501,0.02199999999999136,-0.05900000000002592,12.97890599926177,0.4630829954985218
268.1,15980.573635717,LANE_GRACE,19.01695531974572,4.7005153127720645,3.7059022734815863,0.00562169090786047,0.01697142857142858,0.03224571428571435,0.0,0.0,0.0,0.41000000000000003,green,False,unknown,0,1.900000000000003,0.011457621001682128,0.01098160400033521,0.010438551000333973,0.0,0.02600000000001046,0.023000000000024556,0.007000000000005002,0.9369769995828392,0.4630829954985218
268.2,15980.821821717,FOLLOW,19.020224680061204,4.700224541200666,3.709158672935405,0.015498681010842518,0.024221775896370118,-0.048101915218915985,-0.03795950433451217,-1.0114821415942319,0.47484172382533396,inf,green,False,unknown,0,-1.9858954778837894,0.012922755999170477,0.043454270000438555,0.04838631399979931,0.09301390499967965,-0.07800000000003138,-0.07600000000002183,-0.06299999999998818,16.276909000225714,0.4630829954985218
268.3,15980.880778835,FOLLOW,19.021278597424168,4.7001265383707285,3.7102080236762527,0.015498893125090153,0.024221775896370118,-0.048101915218915985,-0.03795950433451217,-1.0114821415942319,0.47484172382533396,inf,green,False,unknown,0,-1.9858954778837894,0.0718798739999329,0.10241138800120098,0.022993692000454757,0.0,0.02199999999999136,0.02400000000000091,-0.03100000000000591,0.5409499990491895,0.4630829954985218
268.5,15981.126542139,FOLLOW,19.02640910073565,4.699668496663137,3.7153180197976416,0.0292092975617351,0.018515033944986527,-0.027772550917479783,0.015911728623795918,-0.8671232203332387,0.32584485329097995,inf,green,False,unknown,0,-1.4999999999999996,0.0799533640001755,0.08499647399912647,0.022915449999345583,0.0,0.029999999999972715,0.023000000000024556,-0.03500000000002501,17.689345000690082,0.4630829954985218
268.6,15981.223564047,FOLLOW,19.02792809361604,4.699541773629316,3.716831717205588,0.014889301183358562,0.018515033944986527,-0.027772550917479783,0.015911728623795918,-0.8671232203332387,0.32584485329097995,inf,green,False,unknown,0,-1.4999999999999996,0.17697527200107288,0.07543607200022961,0.030302730001494638,0.0,0.12999999999999545,0.023000000000024556,-0.002999999999985903,1.359060999675421,0.4630829954985218
268.7,15981.330043519,LANE_GRACE,19.029810481464942,4.699389681586016,3.7187079501474254,0.018501036920584052,0.04,-0.06399999999999999,0.0,0.0,0.0,inf,green,False,unknown,0,-1.5999999999999996,0.010686159999750089,0.05668390400023782,0.012235284999405849,0.0,-0.002999999999985903,0.022999999999967713,-0.0049999999999954525,12.612184000317939,0.4630829954985218
268.8,15981.421382473,LANE_GRACE,19.031646617271416,4.699246445084651,3.720538490056359,0.036339920696145035,0.04,-0.059999999999999984,0.0,0.0,0.0,inf,green,False,unknown,0,-1.4999999999999996,0.1020251139998436,0.028862981000202126,0.02933557899996231,0.0,0.09700000000003683,0.021000000000015007,0.026999999999986812,0.47721699957037345,0.4630829954985218
268.8,15981.473577044,FOLLOW,19.03435778161359,4.699044793866682,3.7232421433306695,0.039942498665730256,0.029671108427697223,-0.04450666264154582,0.07450258642953175,-0.6823975421285973,0.4460546504773692,inf,green,False,unknown,0,-1.4999999999999996,0.020261853000192787,0.08105755200085696,0.0034145740009989822,0.05219457100065483,-0.007000000000005002,0.021000000000015007,-0.04099999999999682,18.174187000113307,0.4630829954985218
269.0,15981.729923747,FOLLOW,19.03878254246991,4.698739947080775,3.7276563817229778,0.0031928685934595395,0.00810851074159941,0.004390683351216989,0.14022490334088358,-0.5133260745059464,0.2999999999999999,0.42000000000000004,green,False,unknown,0,0.5414907238996792,0.14954437599953962,0.05709005300013814,0.030659228999866173,0.0,0.08699999999998909,0.009999999999990905,-0.011000000000024102,1.9882100004906533,0.4630829954985218
269.1,15981.822724776,FOLLOW,19.03928384442385,4.6987069926124745,3.728156599326537,0.00814281886175175,0.007563155780398139,0.006340023805639241,0.1696066254541606,-0.4975845038344653,0.2999999999999999,0.41000000000000003,green,False,unknown,0,0.8382775642505,0.02790052599993942,0.03463029900012771,0.04448577699986345,0.0,0.025000000000034106,0.007000000000005002,0.021000000000015007,16.202131999307312,0.4630829954985218
269.2,15981.977057286,LANE_GRACE,19.040355123888737,4.698636080814259,3.729225529240879,0.007601286220179742,0.015428571428571434,0.012933425277007719,0.0,0.0,0.0,0.4,green,False,unknown,0,0.8382775642505,0.02931756799989671,0.05978716599929612,0.028782374000002164,0.05609835199902591,-0.006000000000028649,0.009000000000014552,-0.014999999999986358,11.730448000889737,0.4630829954985218
269.3,15982.070950612,LANE_GRACE,19.041340863174838,4.698570032968366,3.730209053300664,0.015473318005961268,0.015428571428571434,0.012933425277007719,0.0,0.0,0.0,0.4,green,False,unknown,0,0.8382775642505,0.02641136800048116,0.03430072199989809,0.00039481600106228143,0.0,0.02800000000002001,0.009000000000014552,-0.016999999999995907,1.4457269990089117,0.4630829954985218
269.3,15982.131328339,FOLLOW,19.041866974511247,4.698534447660629,3.730733959791547,0.015474118771044047,0.006876412631752801,0.007552190575352417,0.200427979293847,-0.4974779295429619,0.2999999999999997,0.4,green,False,unknown,0,1.0982747807307427,0.013044985000306042,0.09467844900063938,0.028604768000150216,0.06037772700074129,-0.036000000000001364,0.009000000000014552,-0.05099999999998772,18.632568999237265,0.4630829954985218
269.5,15982.321384007,FOLLOW,19.043681468103344,4.698409866893973,3.732544171346925,0.007603732601286127,0.006909723501953776,0.00868931808176604,0.22019280980114717,-0.49315130622572023,0.2999999999999999,0.4,green,False,unknown,0,1.2575493186245543,0.0004789690010511549,0.034287145999769564,0.006818280000516097,0.0,-0.004000000000019099,0.007999999999981355,-0.021000000000015007,1.1269860005995724,0.4630829954985218
269.5,15982.381347083,LANE_GRACE,19.043941229526812,4.698391751596613,3.732803300336279,0.0076419741054248825,0.015428571428571434,0.019402189487350275,0.1594738849740196,1.355882636677362,0.0,0.4,green,False,unknown,0,1.2575493186245543,0.014117386999714654,0.09425022199866362,0.02959501399891451,0.059963075998894055,-0.040000000000020464,0.007999999999981355,-0.05500000000000682,15.096515000550426,0.4630829954985218
269.6,15982.428972436,LANE_GRACE,19.044178443504194,4.698375134322612,3.7330399315625997,0.0069500081065939695,0.01388571428571429,0.017461970538615246,0.1594738849740196,1.355882636677362,0.0,0.39,green,False,unknown,0,1.2575493186245543,0.061742740001136553,0.013131486000929726,0.012386973001412116,0.0,0.060000000000002274,0.0049999999999954525,0.011000000000024102,2.0597650000127032,0.4630829954985218
269.7,15982.629594861,FOLLOW,19.04664368180995,4.6981982485308516,3.735498814776855,0.013937937039912,0.02255687745166627,-0.0496251303936658,-0.048646133210885734,-1.254274980871561,0.5182677502066301,inf,green,False,unknown,0,-2.2,0.026688527999795042,0.0901567970013275,0.027524813000127324,0.056562121000752086,-0.03700000000003456,0.005999999999971806,-0.05900000000002592,16.446153000288177,0.4630829954985218
269.8,15982.678307785,FOLLOW,19.047168069601124,4.698159640047188,3.736021779345942,0.01548332996991275,0.02255687745166627,-0.0496251303936658,-0.048646133210885734,-1.254274980871561,0.5182677502066301,inf,green,False,unknown,0,-2.2,0.015340611998908571,0.014618515999245574,0.013874799999030074,0.0,0.03200000000003911,0.008000000000038199,0.007000000000005002,0.6258230005187215,0.4630829954985218
270.0,15982.983932816,FOLLOW,19.051857591815335,4.697843050489564,3.7407005826178295,0.0200853271925323,0.013604621757531596,-0.02934105306928043,0.020291026541300994,-1.1876957393572605,0.2999999999999978,inf,green,False,unknown,0,-2.1566974512199915,0.07283579599970835,0.0744018759996834,0.032071976998850005,0.0,0.01999999999998181,0.007000000000005002,-0.03100000000000591,1.9481150011415593,0.4630829954985218
270.1,15983.077593507,FOLLOW,19.052789606228146,4.697785617638077,3.741630825664098,0.013586923316887179,0.022682136029362955,-0.048353343879126126,0.019347961525372437,-1.171997962395184,0.49522599473512435,inf,green,False,unknown,0,-2.131780878861265,0.033499428998766234,0.033100820999607095,0.03016803699938464,0.0,0.027000000000043656,0.007000000000005002,0.0010000000000331966,0.5928280006628484,0.4630829954985218
270.3,15983.326321228,FOLLOW,19.057763666804956,4.6975102577876955,3.7465972365778617,0.02328220230279009,0.013185996744340641,-0.028590591074607142,0.07392871869765472,-1.238101420681042,0.29999999999999977,inf,green,False,unknown,0,-2.168254067473365,0.07365204199959408,0.015243779000229551,0.012936383000123897,0.0,0.060000000000002274,0.006000000000028649,-0.002999999999985903,0.37019100091129076,0.4630829954985218
270.5,15983.575372709,FOLLOW,19.060444561283244,4.6973834847783325,3.749275128461664,0.013158555280073111,0.012960059875189415,-0.028150992520937064,0.1147140393019992,-1.2666589667036017,0.2999999999999986,inf,green,False,unknown,0,-2.1721344493808235,0.07463661399924604,0.02866976400036947,0.014344933999382192,0.0,0.06499999999999773,0.007000000000005002,-0.007000000000005002,0.4779210012202384,0.4630829954985218
270.6,15983.729769974,FOLLOW,19.06176498218169,4.697326611413193,3.750594323578675,0.012942424682704358,0.012971206197444969,-0.02778333073308686,0.13301123471087928,-1.2652267854823482,0.2999999999999995,inf,green,False,unknown,0,-2.1419234503079245,0.03210329899957287,0.03137113899902033,0.03046586099844717,0.0,0.023000000000024556,0.004000000000019099,-0.008999999999957708,0.38112600122985896,0.4630829954985218
270.8,15983.974047464,FOLLOW,19.064406974908568,4.69722379091237,3.7532343115340523,0.012945185230545808,0.002283108729234066,0.002059232233299938,0.21850115434974038,1.4921569282638882,0.29999999999999843,0.37,green,False,unknown,0,0.9019422539682402,0.08931481800027541,0.03018576300019049,0.01410341500013601,0.0,0.06200000000001182,0.0049999999999954525,-0.012999999999976808,1.1508859988680342,0.4630829954985218
271.0,15984.23447298,FOLLOW,19.06489361682404,4.697206148554116,3.7537206335457833,0.002311397795163592,0.0032615727420654077,0.0029118870472359644,0.24214344353135697,1.4921634007526334,0.29999999999999793,0.4,green,False,unknown,0,0.8927861732717317,0.041454219001025194,0.043599164000625024,0.019149339001160115,0.0,0.02600000000001046,0.0009999999999763531,-0.016999999999995907,1.9517639993864577,0.4630829954985218
271.1,15984.327138281,FOLLOW,19.065082811302005,4.697199242834997,3.753909701950035,0.003290734273563122,0.0029354223709692853,0.002614483109741762,0.2478268697189958,1.492158951030844,0.2999999999999987,0.39,green,False,unknown,0,0.8906667522869807,0.015828571999009,0.013220790999184828,0.03063665499939816,0.0,0.020000000000038654,0.0,0.015000000000043201,1.2840920007874956,0.4630829954985218
271.3,15984.574359234,FOLLOW,19.06566706720868,4.697177735291645,3.754493561851093,0.001984717185132628,0.0022822659750014545,0.0020081196677148015,0.2595129605351967,1.4928556300267535,0.29999999999999855,0.37,green,False,unknown,0,0.8798797728706979,0.025187962000927655,0.024781674999758252,0.02958984200085979,0.0,0.02400000000000091,-0.0009999999999763531,0.011000000000024102,1.4792319998377934,0.4630829954985218
271.5,15984.821140346,FOLLOW,19.066194475635236,4.697158099483759,3.755020604619812,0.0023117040222439727,0.0026091798823890387,0.0023001357722995316,0.27059604540742965,1.4922201916650804,0.29999999999999805,0.38,green,False,unknown,0,0.8815550770663855,0.025606585000787163,0.0284446020014002,0.0009207370003423421,0.0,0.026999999999986812,-0.0009999999999763531,-0.026999999999986812,15.414681998663582,0.4630829954985218
271.6,15984.929835082,FOLLOW,19.066362340234107,4.697151806589844,3.7551883512233943,0.002638088634569545,0.0022830475070545818,0.002008330716518023,0.2759766101180481,1.4922076683254584,0.29999999999999644,0.37,green,False,unknown,0,0.8796710144280011,0.02476050400036911,0.013268941000205814,0.02666427900112467,0.0,0.02400000000000091,-0.0019999999999527063,0.0049999999999954525,17.45579299858946,0.4630829954985218
271.8,15985.177944172,FOLLOW,19.0668783295623,4.697132329564438,3.7557039728182073,0.002638186758734417,0.012656166621044938,-0.02610272589361417,-0.11072536671622968,-1.306677910204111,0.29999999999999893,inf,green,False,unknown,0,-2.0624511888307486,0.025329049998617847,0.01441101099953812,0.01482163299988315,0.0,0.03000000000002956,-0.0049999999999954525,0.0010000000000331966,2.521441001590574,0.4630829954985218
271.9,15985.375740427,LANE_GRACE,19.06857912263766,4.697070900988056,3.757403655379895,0.012857002775381486,0.04,-0.08574678034508251,0.0,0.0,0.0,inf,green,False,unknown,0,-2.1436695086270627,0.01341354299984232,0.08890921300007903,0.043243358999461634,0.04493536200061499,-0.04099999999999682,-0.004000000000019099,-0.03500000000002501,11.496791999888956,0.4630829954985218
272.0,15985.483689127,LANE_GRACE,19.07072458837417,4.6970019955767555,3.75954801292827,0.03860230302391023,0.04,-0.08574678034508251,0.0,0.0,0.0,inf,green,False,unknown,0,-2.1436695086270627,0.02831483800036949,0.059643747001246084,0.013546545000281185,0.0,-0.007999999999981355,-0.004000000000019099,-0.03699999999997772,12.647335999645293,0.4630829954985218
272.1,15985.572319077,LANE_GRACE,19.07343637646996,4.696928790440803,3.7622588099565726,0.039903039126376286,0.04,-0.08574678034508251,0.0,0.0,0.0,inf,green,False,unknown,0,-2.1436695086270627,0.1169447880001826,0.024197740000090562,0.01049871100076416,0.0,0.09200000000004138,-0.002999999999985903,-0.0049999999999954525,0.321224999424885,0.4630829954985218
272.3,15985.821908398,LANE_GRACE,19.081576426472076,4.696802576239781,3.77039778333623,0.03990144295400923,0.04,-0.08574678034508251,0.0,0.0,0.0,inf,green,False,unknown,0,-2.1436695086270627,0.03700168100112933,0.013696592000997043,0.010881665999477264,0.0,0.03200000000003911,-0.007999999999981355,-0.009000000000014552,0.3688969991344493,0.4630829954985218
272.5,15986.022422612,LANE_GRACE,19.088308835892803,4.696803580486542,3.7771301398478734,0.03953934242016253,0.04,-0.08574678034508251,0.0,0.0,0.0,inf,green,False,unknown,0,-2.1436695086270627,0.005514117001439445,0.10570410100081062,0.014583381000193185,0.0,0.03100000000000591,0.09399999999999409,0.021000000000015007,16.18200999837427,0.4630829954985218
272.6,15986.177854422,LANE_GRACE,19.093684258192795,4.696872009522861,3.782505100402906,0.03951139641686398,0.04,-0.08574678034508251,0.0,0.0,0.0,inf,green,False,unknown,0,-2.1436695086270627,0.02270150399999693,0.014566881000064313,0.01364294700033497,0.0,-0.002999999999985903,-0.007000000000005002,-0.014999999999986358,12.591373000759631,0.4630829954985218
272.8,15986.423679978,LANE_GRACE,19.10039986338761,4.697041801191202,3.789218506527973,0.03950193703181328,0.04,-0.08574678034508251,0.0,0.0,0.0,inf,green,False,unknown,0,-2.1436695086270627,0.06797239699881175,0.0379851219986449,0.045593179998832056,0.0,0.04599999999999227,-0.0049999999999954525,0.014999999999986358,17.4394570003642,0.4630829954985218
273.0,15986.671350648,LANE_GRACE,19.10845802650842,4.697369181688245,3.7972699249004793,0.03949962123744754,0.04,-0.08574678034508251,0.0,0.0,0.0,inf,green,False,unknown,0,-2.1436695086270627,0.033916015998329385,0.03544856799999252,0.04179739299979701,0.0,0.014999999999986358,-0.005999999999971806,0.011000000000024102,16.689926000253763,0.4630829954985218
273.1,15986.779447911,LANE_GRACE,19.11248693278464,4.697583459855075,3.8012931184230174,0.03949886259386788,0.04,-0.08574678034508251,0.0,0.0,0.0,inf,green,False,unknown,0,-2.1436695086270627,0.01011284599917417,0.009773964000487467,0.0285022249991016,0.0,0.010000000000047748,-0.005999999999971806,0.009000000000014552,11.30317500064848,0.4630829954985218
273.3,15987.021524784,LANE_GRACE,19.120544886302127,4.698113236845482,3.809333545592016,0.03950235771630637,0.04,-0.08574678034508251,0.0,0.0,0.0,inf,green,False,unknown,0,-2.1436695086270627,0.041367363000972546,0.11929482000050484,0.01124114800040843,0.0,0.047000000000025466,0.09199999999998454,0.0049999999999954525,0.4072209994774312,0.4630829954985218
273.5,15987.271362201,LANE_GRACE,19.128603764971828,4.698778074443594,3.8173648611297115,0.03952662696167602,0.04,-0.08574678034508251,0.0,0.0,0.0,inf,green,False,unknown,0,-2.1436695086270627,0.029300705000423477,0.0016181060000235448,0.007489108998925076,0.0,0.038000000000010914,-0.009999999999990905,0.0009999999999763531,0.23989799956325442,0.4630829954985218
273.6,15987.425175002,LANE_GRACE,19.132633760902127,4.69916118317946,3.8213765951272207,0.03953071629402486,0.04,-0.08574678034508251,0.0,0.0,0.0,inf,green,False,unknown,0,-2.1436695086270627,0.01009920999968017,0.028244959999938146,0.0291064719986025,0.0,0.007000000000005002,-0.008999999999957708,-0.0009999999999763531,0.42113600102311466,0.4630829954985218
273.8,15987.673793363,LANE_GRACE,19.14069515122863,4.700028858761858,3.8293910606051784,0.039543829040426796,0.04,-0.08574678034508251,0.0,0.0,0.0,inf,green,False,unknown,0,-2.1436695086270627,0.025245294998967438,0.02752939199854154,0.026570373000140535,0.0,0.007000000000005002,-0.009000000000014552,-0.0049999999999954525,0.5254510015220148,0.4630829954985218
274.0,15987.921474526,LANE_GRACE,19.1487588329071,4.7010319254386195,3.8373920178270673,0.039534420874955824,0.04,-0.08574678034508251,0.0,0.0,0.0,inf,green,False,unknown,0,-2.1436695086270627,0.023894920999737224,0.02582462600003055,0.02445228299984592,0.0,0.011000000000024102,-0.007999999999981355,-0.009000000000014552,0.3570219996618107,0.4630829954985218
274.1,15988.02321352,LANE_GRACE,19.15144750360477,4.7013964183912105,3.840055864789442,0.039551637602039884,0.04,-0.08574678034508251,0.0,0.0,0.0,inf,green,False,unknown,0,-2.1436695086270627,0.021260833000269486,0.1275636200007284,0.021969522000290453,0.0,0.036000000000001364,0.09200000000004138,0.023000000000024556,0.33276999965892173,0.4630829954985218
274.3,15988.277148301,LANE_GRACE,19.160873955989214,4.702793103516695,3.849378118576262,0.03968553109158766,0.04,-0.08574678034508251,0.0,0.0,0.0,inf,green,False,unknown,0,-2.1436695086270627,0.03733362899947679,0.014707059001011658,0.013265421999676619,0.0,0.03500000000002501,-0.014000000000010004,-0.014999999999986358,0.3280040000390727,0.4630829954985218
274.5,15988.524619205,LANE_GRACE,19.167649099120606,4.7039119987513685,3.85606017405882,0.03988763808576197,0.04,-0.08574678034508251,0.0,0.0,0.0,inf,green,False,unknown,0,-2.1436695086270627,0.014539417999912985,0.01780349199907505,0.04652193500078283,0.0,0.014999999999986358,-0.012999999999976808,0.014999999999986358,12.506069999290048,0.4630829954985218
274.6,15988.675429137,LANE_GRACE,19.173073907973734,4.7048777829709,3.8613982917510965,0.03988809744919015,0.04,-0.08574678034508251,0.0,0.0,0.0,inf,green,False,unknown,0,-2.1436695086270627,0.02424576699922909,0.0269382129990845,0.02539811099995859,0.0,0.0010000000000331966,-0.012999999999976808,-0.020999999999958163,1.43791099981172,0.4630829954985218
274.8,15988.921284054,LANE_GRACE,19.181210718957306,4.706442744484478,3.8693830867710735,0.039884313309186674,0.04,-0.08574678034508251,0.0,0.0,0.0,inf,green,False,unknown,0,-2.1436695086270627,0.07045480700071494,0.025403708999874652,0.010340258000724134,0.0,0.047000000000025466,-0.012000000000000455,-0.024999999999977263,0.3625329991336912,0.4630829954985218
275.0,15989.17254305,LANE_GRACE,19.189347114928893,4.708146911237735,3.8773389095415647,0.03988465509530692,0.04,-0.08574678034508251,0.0,0.0,0.0,inf,green,False,unknown,0,-2.1436695086270627,0.0449799689995416,0.030580746999476105,0.013690203999431105,0.0,0.012999999999976808,-0.016999999999995907,-0.028999999999996362,15.164087000812287,0.4630829954985218
275.1,15989.279386494,LANE_GRACE,19.192059142340042,4.708745824025944,3.87998397674825,0.039881927374626265,0.04,-0.08574678034508251,0.0,0.0,0.0,inf,green,False,unknown,0,-2.1436695086270627,0.0241778620002151,0.025434084998778417,0.04289281999990635,0.0,0.013000000000033651,-0.012999999999976808,0.0030000000000427463,10.69703900066088,0.4630829954985218
275.3,15989.526339475,LANE_GRACE,19.200194847563342,4.710634869412741,3.8878972292722986,0.0398790114876469,0.04,-0.08574678034508251,0.0,0.0,0.0,inf,green,False,unknown,0,-2.1436695086270627,0.015500913999858312,0.012345502000243869,0.014544302999638603,0.0,0.006000000000028649,-0.012999999999976808,-0.0009999999999763531,10.908050999205443,0.4630829954985218
275.5,15989.775862782,LANE_GRACE,19.208330039730022,4.712661977212371,3.895775715327192,0.039877754791414255,0.04,-0.08574678034508251,0.0,0.0,0.0,inf,green,False,unknown,0,-2.1436695086270627,0.04566631800116738,0.1325675139996747,0.02783143300075608,0.0,0.03899999999998727,0.08699999999998909,-0.0049999999999954525,11.639567999736755,0.4630829954985218
275.6,15989.871345678,LANE_GRACE,19.211041652973535,4.7133682623302695,3.89839372832527,0.039876598385565745,0.04,-0.08574678034508251,0.0,0.0,0.0,inf,green,False,unknown,0,-2.1436695086270627,0.028603141001440235,0.08330746000137879,0.03118251500018232,0.0,0.043000000000006366,0.08700000000004593,0.027000000000043656,0.4246869993949076,0.4630829954985218
275.8,15990.174989557,LANE_GRACE,19.22053188348455,4.715960247974253,3.9075229679087142,0.03987259878183146,0.04,-0.08574678034508251,0.0,0.0,0.0,inf,green,False,unknown,0,-2.1436695086270627,0.08466310399853683,0.02119065399892861,0.020558431999234017,0.0,0.04599999999999227,-0.014000000000010004,-0.010999999999967258,2.289928001118824,0.4630829954985218
276.0,15990.425277489,LANE_LOST,19.228665838552736,4.7183299016231155,3.915303991059629,0.0398727280003964,0.0,0.0,0.0,0.0,0.0,inf,green,False,unknown,0,-2.1436695086270627,0.027870154999618535,0.029285454998898786,0.029634092999913264,0.0,0.009999999999990905,-0.014999999999986358,-0.014999999999986358,10.185207000176888,0.4630829954985218
276.1,15990.524065464,LANE_LOST,19.23035191760754,4.718838349096015,3.9169115796214173,3.089052532642513e-05,0.0,0.0,0.0,0.0,0.0,inf,green,False,unknown,0,-2.1436695086270627,0.03502055600074527,0.00747570400017139,0.005302907000441337,0.0,0.03400000000004866,-0.013999999999953161,-0.016999999999995907,0.9078290004254086,0.4630829954985218
276.3,15990.771458037,LANE_LOST,19.230353470578894,4.718838822302744,3.916913058741227,9.354111866594588e-06,0.0,0.0,0.0,0.0,0.0,inf,green,False,unknown,0,-2.1436695086270627,0.02960371599874634,0.11271087400018587,0.020232213999406667,0.0,0.045000000000015916,0.08500000000003638,0.013000000000033651,0.3561350004019914,0.4630829954985218
276.5,15991.027418462,LANE_LOST,19.230355359477038,4.718839398218238,3.916914857701355,9.166898031635825e-06,0.0,0.0,0.0,0.0,0.0,inf,green,False,unknown,0,-2.1436695086270627,0.013545911999244709,0.014488020999124274,0.03586986899972544,0.0,0.0049999999999954525,-0.012999999999976808,0.009000000000014552,0.7625329999427777,0.4630829954985218
276.6,15991.181991418,LANE_LOST,19.23035628979059,4.718839682007768,3.9169157436735924,9.075524301124635e-06,0.0,0.0,0.0,0.0,0.0,inf,green,False,unknown,0,-2.1436695086270627,0.16811886799951026,0.16906097699938982,0.04630057000031229,0.0,0.10500000000001819,0.08700000000004593,0.007000000000005002,1.7405020007572602,0.4630829954985218
276.8,15991.428831183,LANE_LOST,19.230358123242784,4.718840241573029,3.9169174896500123,8.907092141532143e-06,0.0,0.0,0.0,0.0,0.0,inf,green,False,unknown,0,-2.1436695086270627,0.012260096000318299,0.023982762000741786,0.029309102001207066,0.0,0.008000000000038199,-0.014999999999986358,0.002999999999985903,0.7144499995774822,0.4630829954985218
277.0,15991.675260747,LANE_LOST,19.230359924507383,4.7188407916735216,3.9169192048594996,8.753402502726694e-06,0.0,0.0,0.0,0.0,0.0,inf,green,False,unknown,0,-2.1436695086270627,0.02606017200014321,0.012901300000521587,0.03448606100027973,0.0,0.007000000000005002,-0.016000000000019554,-0.0009999999999763531,0.4060889987158589,0.4630829954985218
277.1,15991.831398356,LANE_LOST,19.230360814341953,4.718841063558158,3.916920052140037,8.704289338613397e-06,0.0,0.0,0.0,0.0,0.0,inf,green,False,unknown,0,-2.1436695086270627,0.058476211999732186,0.045424985999488854,0.05799004199980118,0.0,0.015000000000043201,-0.014999999999986358,-0.002999999999985903,10.894241000642069,0.4630829954985218
277.3,15992.075394827,LANE_LOST,19.230362582923927,4.718841604199249,3.9169217360608775,8.635216959156234e-06,0.0,0.0,0.0,0.0,0.0,inf,green,False,unknown,0,-2.1436695086270627,0.07844118799948774,0.026988087000063388,0.04027116399993247,0.0,0.038000000000010914,-0.01599999999996271,-0.007000000000005002,11.768893000407843,0.4630829954985218
277.5,15992.274365007,LANE_LOST,19.230364046032083,4.718842051719866,3.916923129047156,8.578243828539048e-06,0.0,0.0,0.0,0.0,0.0,inf,green,False,unknown,0,-2.1436695086270627,0.02227035000032629,0.11236460500003886,0.025218417000360205,0.0,0.04099999999999682,0.08499999999997954,0.023000000000024556,1.1463039991213009,0.4630829954985218
277.6,15992.42117192,LANE_LOST,19.23036491926395,4.71884231892724,3.9169239603919124,8.544313812782834e-06,0.0,0.0,0.0,0.0,0.0,inf,green,False,unknown,0,-2.1436695086270627,0.16907726299905335,0.12526461800007382,0.030039797999052098,0.0,0.14100000000001955,0.08500000000003638,0.021000000000015007,0.3351140003360342,0.4630829954985218
277.8,15992.726997507,LANE_LOST,19.230366655393556,4.718842850428157,3.9169256131631576,8.477019834600112e-06,0.0,0.0,0.0,0.0,0.0,inf,green,False,unknown,0,-2.1436695086270627,0.09053651099929994,0.00976078199892072,0.04427220099933038,0.0,0.07999999999998408,-0.014000000000010004,0.016999999999995907,10.24107000012009,0.4630829954985218
278.0,15992.971400759,LANE_LOST,19.230368377871933,4.718843378075746,3.9169272528337866,8.410473111271108e-06,0.0,0.0,0.0,0.0,0.0,inf,green,False,unknown,0,-2.1436695086270627,0.056654558999071014,0.013889352998376125,0.05790078999962134,0.0,0.04399999999998272,-0.016000000000019554,0.012999999999976808,9.540150000248104,0.4630829954985218
278.1,15993.080038894,LANE_LOST,19.230369234039333,4.7188436404663845,3.9169280678023566,8.377477153707118e-06,0.0,0.0,0.0,0.0,0.0,inf,green,False,unknown,0,-2.1436695086270627,0.012245747000633855,0.01342151100107003,0.03029255799992825,0.0,0.014000000000010004,-0.013999999999953161,0.011000000000024102,10.267374000250129,0.4630829954985218
278.3,15993.371844682,LANE_LOST,19.230371218743905,4.718844249028021,3.916929956903986,8.30119839810172e-06,0.0,0.0,0.0,0.0,0.0,inf,green,False,unknown,0,-2.1436695086270627,0.17963745199995174,0.029887578999478137,0.016267891000097734,0.0,0.11000000000001364,-0.014999999999986358,-0.026999999999986812,0.33368199910910334,0.4630829954985218
278.5,15993.622481486,LANE_LOST,19.230372905554958,4.718844766584018,3.916931562353237,8.23660139297304e-06,0.0,0.0,0.0,0.0,0.0,inf,green,False,unknown,0,-2.1436695086270627,0.08882928599996376,0.03968035499929101,0.0020854979993600864,0.0,0.045000000000015916,-0.014999999999986358,-0.03100000000000591,11.798368999734521,0.4630829954985218
278.6,15993.727578834,LANE_LOST,19.230373464906037,4.718844938275011,3.9169320947025867,8.215228425179535e-06,0.0,0.0,0.0,0.0,0.0,inf,green,False,unknown,0,-2.1436695086270627,0.012182061000203248,0.016576945999986492,0.029527228998631472,0.0,0.008000000000038199,-0.013999999999953161,0.0010000000000331966,11.229858000660897,0.4630829954985218
278.8,15993.972528818,LANE_LOST,19.230375134276965,4.718845450883974,3.916933683422622,8.151583309697709e-06,0.0,0.0,0.0,0.0,0.0,inf,green,False,unknown,0,-2.1436695086270627,0.027326071000061347,0.14938565599914,0.04103195199968468,0.0,0.009999999999990905,0.08600000000001273,-0.002999999999985903,0.5074769997008843,0.4630829954985218
279.0,15994.28116526,LANE_LOST,19.230376790736603,4.718845959825194,3.916935259759312,8.08864226878899e-06,0.0,0.0,0.0,0.0,0.0,inf,green,False,unknown,0,-2.1436695086270627,0.023767657999997027,0.02517698100018606,0.04338852899854828,0.0,0.007999999999981355,-0.014000000000010004,-0.007000000000005002,14.023408000866766,0.4630829954985218
279.1,15994.42143572,LANE_LOST,19.23037788794067,4.718846297099538,3.9169363038391807,8.047068637105759e-06,0.0,0.0,0.0,0.0,0.0,inf,green,False,unknown,0,-2.1436695086270627,0.0625476669993077,0.04608496900073078,0.006167703999381047,0.0,0.015000000000043201,-0.014999999999986358,-0.04299999999994952,11.392033000447555,0.4630829954985218
279.3,15994.62143418,LANE_LOST,19.23037897951176,4.7188466327704175,3.916937342517425,8.005801730769091e-06,0.0,0.0,0.0,0.0,0.0,inf,green,False,unknown,0,-2.1436695086270627,0.03693433999978879,0.10743151800124906,0.037600964000375825,0.0,0.04200000000003001,0.08600000000001273,0.021000000000015007,5.509982998773921,0.4630829954985218
279.5,15994.881336199,LANE_LOST,19.230380876331605,4.718847216367756,3.9169391473275748,7.934315532048646e-06,0.0,0.0,0.0,0.0,0.0,inf,green,False,unknown,0,-2.1436695086270627,0.02186069699928339,0.014300187000117148,0.013493169999492238,0.0,0.012000000000000455,-0.016000000000019554,-0.016999999999995907,0.27894400045624934,0.4630829954985218
279.6,15994.971213516,LANE_LOST,19.230381415165834,4.718847382221669,3.9169396600017428,7.914060294205578e-06,0.0,0.0,0.0,0.0,0.0,inf,green,False,unknown,0,-2.1436695086270627,0.024739013000726118,0.10417750400119985,0.012164578000010806,0.0,0.04099999999999682,0.08400000000000318,0.015000000000043201,0.5216699992161011,0.4630829954985218
279.8,15995.283547767,LANE_LOST,19.23038329029249,4.718847959628936,3.916941444014301,7.843753519712404e-06,0.0,0.0,0.0,0.0,0.0,inf,green,False,unknown,0,-2.1436695086270627,0.043215194998992956,0.04549944599966693,0.030502005000016652,0.0,0.009999999999990905,-0.016999999999995907,-0.022999999999967713,11.750499001209391,0.4630829954985218
280.0,15995.529754569,LANE_LOST,19.23038488430376,4.718848450765662,3.9169429604761827,7.784209695574571e-06,0.0,0.0,0.0,0.0,0.0,inf,green,False,unknown,0,-2.1436695086270627,0.0134828739992372,0.042633200999262044,0.019164667999575613,0.0,-0.021000000000015007,-0.01799999999997226,-0.026999999999986812,10.828111000591889,0.4630829954985218
280.1,15995.621941704,LANE_LOST,19.230385412949893,4.718848613708122,3.9169434633842153,7.764507825968126e-06,0.0,0.0,0.0,0.0,0.0,inf,green,False,unknown,0,-2.1436695086270627,0.10567000899936829,0.13482033599939314,0.029584973999590147,0.0,0.07900000000000773,0.08200000000005048,0.0049999999999954525,0.4986910007573897,0.4630829954985218
280.3,15995.882564404,LANE_LOST,19.23038699088461,4.71884910024386,3.916944964437497,7.705836206762923e-06,0.0,0.0,0.0,0.0,0.0,inf,green,False,unknown,0,-2.1436695086270627,0.08740165200106276,0.03561633100071049,0.049566690000574454,0.0,0.04200000000003001,-0.01599999999996271,0.0010000000000331966,0.3584569985832786,0.4630829954985218
280.5,15996.122028787,LANE_LOST,19.23038855691658,4.718849583368492,3.9169464540840027,7.647809734148017e-06,0.0,0.0,0.0,0.0,0.0,inf,green,False,unknown,0,-2.1436695086270627,0.03290071000083117,0.02620726100030879,0.03244038699995144,0.0,0.011000000000024102,-0.019000000000005457,-0.002999999999985903,0.42066400055773556,0.4630829954985218
280.6,15996.228261203,LANE_LOST,19.230389335509972,4.718849823662153,3.9169471946693304,7.619036003173993e-06,0.0,0.0,0.0,0.0,0.0,inf,green,False,unknown,0,-2.1436695086270627,0.02217873699919437,0.02330649499890569,0.029049386999759008,0.0,0.014000000000010004,-0.01799999999997226,-0.0049999999999954525,12.021640000966727,0.4630829954985218
280.8,15996.482322225,LANE_LOST,19.230390883932618,4.718850301733017,3.9169486674425387,7.561962870978654e-06,0.0,0.0,0.0,0.0,0.0,inf,green,False,unknown,0,-2.1436695086270627,0.040494926999599556,0.02879892300006759,0.0419648019997112,0.0,0.012000000000000455,-0.019000000000005457,-0.009000000000014552,9.882984999421751,0.4630829954985218
281.0,15996.728487126,LANE_LOST,19.23039242077665,4.71885077647617,3.916950129122571,7.505515907763808e-06,0.0,0.0,0.0,0.0,0.0,inf,green,False,unknown,0,-2.1436695086270627,0.02651954199973261,0.12230015999921307,0.015153747999647749,0.0,0.012999999999976808,0.07299999999997908,-0.012999999999976808,0.34870399940700736,0.4630829954985218
281.1,15996.882069066,LANE_LOST,19.23039318489643,4.718851012610113,3.916950855841083,7.477524911230305e-06,0.0,0.0,0.0,0.0,0.0,inf,green,False,unknown,0,-2.1436695086270627,0.01219055500041577,0.028617649999432615,0.044807079999372945,0.0,-0.01799999999997226,-0.025999999999953616,-0.014999999999986358,12.806450000425684,0.4630829954985218
281.3,15997.124223812,LANE_LOST,19.23039470461014,4.718851482423064,3.916952301111153,7.422003259321462e-06,0.0,0.0,0.0,0.0,0.0,inf,green,False,unknown,0,-2.1436695086270627,0.055183258999022655,0.1314102099986485,0.011472328000309062,0.0,0.03700000000003456,0.07499999999998863,-0.019000000000005457,0.9060650008905213,0.4630829954985218
281.5,15997.373961254,LANE_LOST,19.23039596242855,4.718851871452647,3.9169534972562663,7.376199770182151e-06,0.0,0.0,0.0,0.0,0.0,inf,green,False,unknown,0,-2.1436695086270627,0.10814497100000153,0.12317197199990915,0.04540882399851398,0.0,0.07799999999997453,0.07299999999997908,0.011000000000024102,0.7370330004050629,0.4630829954985218
281.6,15997.528626547,LANE_LOST,19.23039671339467,4.718852103796005,3.916954211375777,7.348918509034219e-06,0.0,0.0,0.0,0.0,0.0,inf,green,False,unknown,0,-2.1436695086270627,0.04075176300102612,0.14162212900009763,0.0593368570007442,0.0,0.015000000000043201,0.07100000000002638,0.009000000000014552,12.015041000267956,0.4630829954985218
281.8,15997.774672643,LANE_LOST,19.230398207017174,4.718852566083858,3.9169556316567804,7.294803743055822e-06,0.0,0.0,0.0,0.0,0.0,inf,green,False,unknown,0,-2.1436695086270627,0.027533512000445626,0.12215737699989404,0.046136152999679325,0.0,0.013000000000033651,0.07100000000002638,0.0049999999999954525,0.49202199988940265,0.4630829954985218
282.0,15998.022569833,LANE_LOST,19.23039968966096,4.718853025199517,3.916957041424636,7.241280028652486e-06,0.0,0.0,0.0,0.0,0.0,inf,green,False,unknown,0,-2.1436695086270627,0.06592794199968921,0.12379696999960288,0.030441905999396113,0.0,0.04599999999999227,0.06999999999999318,0.0009999999999763531,0.3218239999114303,0.4630829954985218
282.1,15998.128971661,LANE_LOST,19.23040042690335,4.71885325357756,3.916957742402388,7.214737593990418e-06,0.0,0.0,0.0,0.0,0.0,inf,green,False,unknown,0,-2.1436695086270627,0.017027428000801592,0.10584726600063732,0.014667929001006996,0.0,0.009000000000014552,0.06900000000001683,-0.0009999999999763531,0.5125009993207641,0.4630829954985218
282.3,15998.377036692,LANE_LOST,19.230401893303352,4.71885370799345,3.9169591366172756,7.162087285360641e-06,0.0,0.0,0.0,0.0,0.0,inf,green,False,unknown,0,-2.1436695086270627,0.09209627199925308,0.10718374299904099,0.018154530000174418,0.0,0.07499999999998863,0.06900000000001683,-0.0049999999999954525,0.566705000892398,0.4630829954985218
282.5,15998.622873677,LANE_LOST,19.23040334886987,4.718854159267673,3.9169605204617275,7.107494857098031e-06,0.0,0.0,0.0,0.0,0.0,inf,green,False,unknown,0,-2.1436695086270627,0.030032713000764488,0.12143722200016782,0.02841181900112133,0.0,0.009000000000014552,0.06900000000001683,-0.009000000000014552,0.5490669991559116,0.4630829954985218
282.6,15998.72606664,LANE_LOST,19.23040383153547,4.718854308957385,3.916960979328889,7.088837843794888e-06,0.0,0.0,0.0,0.0,0.0,inf,green,False,unknown,0,-2.1436695086270627,0.05324879299951135,0.10202197899889143,0.04064514799938479,0.0,0.04600000000004911,0.06600000000003092,0.023000000000024556,13.351775000046473,0.4630829954985218
282.8,15998.97890304,LANE_LOST,19.23040551092276,4.71885482997078,3.9169625758522106,7.024069902519749e-06,0.0,0.0,0.0,0.0,0.0,inf,green,False,unknown,0,-2.1436695086270627,0.06030138700043608,0.10883760100114159,0.012693892000243068,0.0,0.04400000000003956,0.06799999999998363,-0.014999999999986358,9.587247999661486,0.4630829954985218
283.0,15999.222509094,LANE_LOST,19.23040670109619,4.718855199381894,3.9169637072443697,6.978308852298551e-06,0.0,0.0,0.0,0.0,0.0,inf,green,False,unknown,0,-2.1436695086270627,0.04229941899939149,0.09038950099966314,0.02710220699918864,0.0,0.047000000000025466,0.06700000000000728,0.014999999999986358,12.319941000896506,0.4630829954985218
283.1,15999.381966537,LANE_LOST,19.23040764765591,4.7188554932803815,3.9169646070215536,6.941997930410131e-06,0.0,0.0,0.0,0.0,0.0,inf,green,False,unknown,0,-2.1436695086270627,0.040655393999259104,0.1390592719999404,0.014188432998707867,0.0,0.009000000000014552,0.06800000000004047,-0.020999999999958163,11.096981001173845,0.4630829954985218
283.3,15999.622575937,LANE_LOST,19.2304090585035,4.718855931502143,3.9169659480855366,6.8936092009723175e-06,0.0,0.0,0.0,0.0,0.0,inf,green,False,unknown,0,-2.1436695086270627,0.06899042100121733,0.010054620001028525,0.01046342700101377,0.0,0.045000000000015916,-0.033999999999991815,-0.024999999999977263,0.31612199927621987,0.4630829954985218
283.5,15999.825911859,LANE_LOST,19.23041022763182,4.71885629479369,3.9169670593372015,6.861082538172538e-06,0.0,0.0,0.0,0.0,0.0,inf,green,False,unknown,0,-2.1436695086270627,0.08513361400036956,0.09169718999874021,0.009229981000316911,0.0,0.07400000000001228,0.06799999999998363,0.0049999999999954525,0.2954030005639652,0.4630829954985218
283.6,15999.978176497,LANE_LOST,19.2304109264636,4.718856512011246,3.916967723552822,6.841709015827166e-06,0.0,0.0,0.0,0.0,0.0,inf,green,False,unknown,0,-2.1436695086270627,0.0680828519998613,0.11401986799864972,0.04275711799891724,0.0,0.04099999999999682,0.06800000000004047,0.0030000000000427463,0.3486260011413833,0.4630829954985218
283.9,16000.321439086,LANE_LOST,19.23041301117823,4.718857160287624,3.9169697049091243,6.784222331134284e-06,0.0,0.0,0.0,0.0,0.0,inf,green,False,unknown,0,-2.1436695086270627,0.08598917000017536,0.10277141299957293,0.00965459199869656,0.0,0.07999999999998408,0.06699999999995043,-0.0030000000000427463,12.636112000109279,0.4630829954985218
284.0,16000.479165708,LANE_LOST,19.23041370219194,4.718857375263624,3.9169703616322513,6.765269204548257e-06,0.0,0.0,0.0,0.0,0.0,inf,green,False,unknown,0,-2.1436695086270627,0.12736931600011303,0.13789308900049946,0.03657327700057067,0.0,0.07200000000000273,0.06599999999997408,-0.0049999999999954525,0.36485199962044135,0.4630829954985218
284.1,16000.622036682,LANE_LOST,19.23041462054645,4.718857661037847,3.916971234391153,6.74015935846476e-06,0.0,0.0,0.0,0.0,0.0,inf,green,False,unknown,0,-2.1436695086270627,0.08007156799976656,0.005253571000139345,0.005702577000192832,0.0,0.04200000000003001,-0.04499999999995907,-0.04099999999999682,0.4428369993547676,0.4630829954985218
284.3,16000.821287628,LANE_LOST,19.230415763707835,4.718858016881903,3.9169723207580125,6.709028549095441e-06,0.0,0.0,0.0,0.0,0.0,inf,green,False,unknown,0,-2.1436695086270627,0.04533881799943629,0.08034475000022212,0.0032330279991583666,0.0,0.040000000000020464,0.055999999999983174,-0.010999999999967258,10.555443999692216,0.4630829954985218
284.5,16001.081761006,LANE_LOST,19.23041690160117,4.718858371211362,3.9169734020775198,6.678180149124947e-06,0.0,0.0,0.0,0.0,0.0,inf,green,False,unknown,0,-2.1436695086270627,0.057395002000703244,0.10682016000100703,0.04642342099941743,0.0,0.04399999999998272,0.05500000000000682,0.019000000000005457,13.65656400048465,0.4630829954985218
284.6,16001.234923799,LANE_LOST,19.230417808154954,4.718858653592827,3.9169742635300535,6.653702819454063e-06,0.0,0.0,0.0,0.0,0.0,inf,green,False,unknown,0,-2.1436695086270627,0.02391915299995162,0.1060266029999184,0.014369087999511976,0.0,0.011000000000024102,0.05400000000003047,-0.016999999999995907,12.454874000468408,0.4630829954985218
284.8,16001.482759891,LANE_LOST,19.230418936685833,4.7188590052274435,3.9169753358802946,6.623355554057668e-06,0.0,0.0,0.0,0.0,0.0,inf,green,False,unknown,0,-2.1436695086270627,0.027827844000057667,0.08831617800024105,0.045580111000163015,0.0,0.012000000000000455,0.05299999999999727,0.013000000000033651,11.234925001190277,0.4630829954985218
285.0,16001.775334337,LANE_LOST,19.23042050801179,4.718859495032444,3.916976828916234,6.581329891186425e-06,0.0,0.0,0.0,0.0,0.0,inf,green,False,unknown,0,-2.1436695086270627,0.012018679000902921,0.1350343169997359,0.01360902300075395,0.0,-0.021000000000015007,0.053999999999973625,-0.024999999999977263,0.338517998898169,0.4630829954985218
285.1,16001.885043054,LANE_LOST,19.2304209551311,4.7188596344486555,3.916977253744194,6.569420333084449e-06,0.0,0.0,0.0,0.0,0.0,inf,green,False,unknown,0,-2.1436695086270627,0.029435565000312636,0.10820245000104478,0.02891062399976363,0.0,0.011000000000024102,0.05400000000003047,0.007000000000005002,11.123233000034816,0.4630829954985218
285.3,16002.132261812,LANE_LOST,19.230422291650548,4.718860051300702,3.9169785235940324,6.533949741989332e-06,0.0,0.0,0.0,0.0,0.0,inf,green,False,unknown,0,-2.1436695086270627,0.058742673998494865,0.09046848499929183,0.02915114099960192,0.0,0.04800000000000182,0.05400000000003047,0.002999999999985903,10.353400000894908,0.4630829954985218
285.5,16002.372845864,LANE_LOST,19.230423620973383,4.7188604660739495,3.9169797865518086,6.498862612710388e-06,0.0,0.0,0.0,0.0,0.0,inf,green,False,unknown,0,-2.1436695086270627,0.006567656999322935,0.08540771499974653,0.02313213200068276,0.0,0.0049999999999954525,0.05299999999999727,-0.0009999999999763531,16.046933000325225,0.4630829954985218
285.6,16002.471350414,LANE_LOST,19.230424282960403,4.718860672687445,3.916980415469672,6.481461398215396e-06,0.0,0.0,0.0,0.0,0.0,inf,green,False,unknown,0,-2.1436695086270627,0.10507220699946629,0.05998316200020781,0.01014158399993903,0.0,0.10500000000001819,0.051000000000044565,-0.002999999999985903,0.36766199991689064,0.4630829954985218
285.8,16002.773111006,LANE_LOST,19.23042560163382,4.718861084380896,3.9169816682298557,6.44694090814071e-06,0.0,0.0,0.0,0.0,0.0,inf,green,False,unknown,0,-2.1436695086270627,0.04844357899855822,0.11589889899914851,0.03573667299860972,0.0,0.011000000000024102,0.05299999999999727,-0.007000000000005002,0.29507799990824424,0.4630829954985218
286.0,16003.022128244,LANE_LOST,19.230426913303265,4.718861494046423,3.916982914283983,6.41279248032107e-06,0.0,0.0,0.0,0.0,0.0,inf,green,False,unknown,0,-2.1436695086270627,0.01993085100002645,0.12009464699985983,0.02438871000049403,0.0,0.002999999999985903,0.05299999999999727,-0.011000000000024102,0.3547119995346293,0.4630829954985218
286.1,16003.134392115,LANE_LOST,19.230427566535113,4.718861698124966,3.91698353481907,6.395856394787922e-06,0.0,0.0,0.0,0.0,0.0,inf,green,False,unknown,0,-2.1436695086270627,0.02828286499971,0.08930122499987192,0.013725705999604543,0.0,0.014000000000010004,0.05500000000000682,-0.012999999999976808,0.5105279997223988,0.4630829954985218
286.3,16003.379706437,LANE_LOST,19.230428651431065,4.718862037147075,3.9169845653835957,6.367832339561963e-06,0.0,0.0,0.0,0.0,0.0,inf,green,False,unknown,0,-2.1436695086270627,0.17590467799891485,0.08926021399929596,0.03551309499925992,0.0,0.14800000000002456,0.05200000000002092,0.016999999999995907,0.3080710012000054,0.4630829954985218
286.5,16003.625101717,LANE_LOST,19.230429947049753,4.718862442158118,3.916985796071955,6.334534831499217e-06,0.0,0.0,0.0,0.0,0.0,inf,green,False,unknown,0,-2.1436695086270627,0.1404348399992159,0.09248354699957417,0.029790590999255073,0.0,0.11299999999999955,0.05500000000000682,0.012999999999976808,0.3927270008716732,0.4630829954985218
286.6,16003.721324052,LANE_LOST,19.230430592321053,4.71886264392662,3.9169864089867272,6.318020339350387e-06,0.0,0.0,0.0,0.0,0.0,inf,green,False,unknown,0,-2.1436695086270627,0.01999225299914542,0.06834691999938514,0.02063097099926381,0.0,0.04200000000003001,0.05500000000000682,0.011000000000024102,9.820158000366064,0.4630829954985218
286.8,16004.024738445,LANE_LOST,19.230431877832988,4.718863046001698,3.9169876300012945,6.2852572937750595e-06,0.0,0.0,0.0,0.0,0.0,inf,green,False,unknown,0,-2.1436695086270627,0.1227684829991631,0.07648998999866308,0.014112392000242835,0.0,0.08100000000001728,0.05099999999998772,0.007000000000005002,0.6582380010513589,0.4630829954985218
287.0,16004.286066129,LANE_LOST,19.23043315669732,4.7188634461434935,3.9169888446537238,6.25284527190194e-06,0.0,0.0,0.0,0.0,0.0,inf,green,False,unknown,0,-2.1436695086270627,0.0769448930004728,0.09689600099954987,0.044480647000455065,0.0,0.047000000000025466,0.05299999999999727,0.002999999999985903,12.692291000348632,0.4630829954985218
287.1,16004.371286907,LANE_LOST,19.230433793658904,4.7188636454953485,3.9169894496156217,6.2367695631163645e-06,0.0,0.0,0.0,0.0,0.0,inf,green,False,unknown,0,-2.1436695086270627,0.02212727400001313,0.06735240600028192,0.006522634001157712,0.0,0.038000000000010914,0.05299999999999727,0.0010000000000331966,0.2812149996316293,0.4630829954985218
287.3,16004.621706873,LANE_LOST,19.230435062684997,4.718864042772741,3.9169906548533127,6.2048761600500465e-06,0.0,0.0,0.0,0.0,0.0,inf,green,False,unknown,0,-2.1436695086270627,0.07293461399967782,0.07246050499998091,0.010114441000041552,0.0,0.07800000000003138,0.05299999999999727,-0.002999999999985903,0.8173850001185201,0.4630829954985218
287.5,16004.872586875,LANE_LOST,19.23043632523982,4.718864438163947,3.9169918538989617,6.173323320553225e-06,0.0,0.0,0.0,0.0,0.0,inf,green,False,unknown,0,-2.2,0.32381461600016337,0.09348752799996873,0.01619844300148543,0.0,0.27800000000002,0.05299999999999727,-0.007000000000005002,1.5710269999544835,0.4630829954985218
287.6,16005.024565996,LANE_LOST,19.230436954110864,4.718864635157617,3.9169924511194267,6.1576214679808084e-06,0.0,0.0,0.0,0.0,0.0,inf,green,False,unknown,0,-2.1436695086270627,0.07172201100001985,0.10757749600088573,0.043584731000009924,0.0,0.045000000000015916,0.049000000000035016,-0.008999999999957708,0.3927060006390093,0.4630829954985218
287.8,16005.221445206,LANE_LOST,19.230437998673192,4.718864962441947,3.91699344308486,6.131539222985017e-06,0.0,0.0,0.0,0.0,0.0,inf,green,False,unknown,0,-2.1436695086270627,0.12242191299992555,0.0752871309996408,0.025248055999327335,0.0,0.11000000000001364,0.05200000000002092,0.021000000000015007,13.22318700113101,0.4630829954985218
288.0,16005.474125551,LANE_LOST,19.23043924632472,4.718865353481383,3.9169946278728154,6.100545625210258e-06,0.0,0.0,0.0,0.0,0.0,inf,green,False,unknown,0,-2.1436695086270627,0.043789385999843944,0.075595312000587,0.04762041799949657,0.0,0.043000000000006366,0.05200000000002092,0.016999999999995907,10.868160999962129,0.4630829954985218
288.1,16005.628703157,LANE_LOST,19.230440074594448,4.718865613151386,3.916995414385514,6.080066345707749e-06,0.0,0.0,0.0,0.0,0.0,inf,green,False,unknown,0,-2.1436695086270627,0.03423951199874864,0.1214802159993269,0.03308039299918164,0.0,0.011000000000024102,0.051000000000044565,-0.019000000000005457,0.8911950008041458,0.4630829954985218
288.3,16005.829759793,LANE_LOST,19.23044110602291,4.718865936594816,3.91699639378789,6.0542292422894205e-06,0.0,0.0,0.0,0.0,0.0,inf,green,False,unknown,0,-2.1436695086270627,0.02464166499885323,0.07547725299991725,0.04306766399895423,0.0,0.011000000000024102,0.047000000000025466,0.011000000000024102,9.942104001311236,0.4630829954985218
288.5,16006.077937695,LANE_LOST,19.230442337735496,4.718866322962391,3.916997563333097,6.021601483093609e-06,0.0,0.0,0.0,0.0,0.0,inf,green,False,unknown,0,-2.1436695086270627,0.014575814999261638,0.08110724699872662,0.02918111399958434,0.0,0.014000000000010004,0.04899999999997817,0.007000000000005002,0.32769300014479086,0.4630829954985218
288.6,16006.229132655,LANE_LOST,19.230443155194592,4.718866579455759,3.916998339509957,6.000039419515173e-06,0.0,0.0,0.0,0.0,0.0,inf,green,False,unknown,0,-2.1436695086270627,0.03901959500035446,0.1182062660009251,0.009528378001050442,0.0,0.014000000000010004,0.049000000000035016,-0.028999999999996362,14.194346998920082,0.4630829954985218
288.8,16006.429303006,LANE_LOST,19.230444172911607,4.718866898861623,3.916999305805885,5.973298219061513e-06,0.0,0.0,0.0,0.0,0.0,inf,green,False,unknown,0,-2.1436695086270627,0.162939419000395,0.07334131300012814,0.009194625999953132,0.0,0.14100000000001955,0.049000000000035016,0.0010000000000331966,1.682613999946625,0.4630829954985218
289.0,16006.682174124,LANE_LOST,19.230445388201087,4.718867280386983,3.9170004596546253,5.941515838305267e-06,0.0,0.0,0.0,0.0,0.0,inf,green,False,unknown,0,-2.1436695086270627,0.018361338999966392,0.07573391699952481,0.020642638999561314,0.0,0.014999999999986358,0.04599999999999227,-0.002999999999985903,0.29406899921013974,0.4630829954985218
289.1,16006.833031292,LANE_LOST,19.230445993423015,4.7188674704343745,3.9170010342636847,5.925749079392881e-06,0.0,0.0,0.0,0.0,0.0,inf,green,False,unknown,0,-2.1436695086270627,0.0324696240004414,0.10361148400079401,0.044678121001197724,0.0,0.007000000000005002,0.04600000000004911,-0.0049999999999954525,0.4262490001565311,0.4630829954985218
289.3,16007.079243702,LANE_LOST,19.23044719906335,4.718867849110042,3.9170021788917273,5.8944620815315285e-06,0.0,0.0,0.0,0.0,0.0,inf,green,False,unknown,0,-2.1436695086270627,0.025979920001191203,0.10657209500095632,0.034037517001706874,0.0,0.014000000000010004,0.047000000000025466,-0.009000000000014552,0.44478499876277056,0.4630829954985218
289.5,16007.321749795,LANE_LOST,19.230448398354557,4.718868225908678,3.9170033174531858,5.863500562569271e-06,0.0,0.0,0.0,0.0,0.0,inf,green,False,unknown,0,-2.1436695086270627,0.04288576300132263,0.10796487200059346,0.04705166700114205,0.0,0.007000000000005002,0.04599999999999227,-0.012999999999976808,10.375889998613275,0.4630829954985218
289.6,16007.424527513,LANE_LOST,19.230448995639897,4.718868413609745,3.9170038844788375,5.8481406948983974e-06,0.0,0.0,0.0,0.0,0.0,inf,green,False,unknown,0,-2.2,0.07567164799911552,0.09186623499954294,0.02439189299911959,0.0,0.047000000000025466,0.047000000000025466,-0.014999999999986358,12.959865000084392,0.4630829954985218
289.8,16007.676917848,LANE_LOST,19.230449987647194,4.718868725418169,3.917004826208088,5.822757658975107e-06,0.0,0.0,0.0,0.0,0.0,inf,green,False,unknown,0,-2.1436695086270627,0.0751852030007285,0.07478383900161134,0.04552916700049536,0.0,0.047000000000025466,0.04599999999999227,0.014999999999986358,1.1756539988709847,0.4630829954985218
290.0,16007.925997981,LANE_LOST,19.23045117257198,4.718869097967397,3.917005951043104,5.7943410119586875e-06,0.0,0.0,0.0,0.0,0.0,inf,green,False,unknown,0,-2.1436695086270627,0.022382692999599385,0.07562050399974396,0.0358073979987239,0.0,0.007000000000005002,0.04599999999999227,0.011000000000024102,0.42934600060107186,0.4630829954985218
290.1,16008.021839535,LANE_LOST,19.230451762871994,4.718869283603661,3.9170065113941424,5.780318944971845e-06,0.0,0.0,0.0,0.0,0.0,inf,green,False,unknown,0,-1.7999999999999998,0.04468842099959147,0.06246537500010163,0.017854003001048113,0.0,0.047000000000025466,0.04600000000004911,0.009000000000014552,14.10196399956476,0.4630829954985218
290.3,16008.282173543,LANE_LOST,19.23045293920011,4.71886965361454,3.917007628013943,5.752494758164833e-06,0.0,0.0,0.0,0.0,0.0,inf,green,False,unknown,0,-2.1436695086270627,0.01344723800139036,0.07755961100156128,0.03010051800083602,0.0,0.014999999999986358,0.04200000000003001,0.0049999999999954525,14.789847999054473,0.4630829954985218
290.5,16008.52857861,LANE_LOST,19.23045410988194,4.718870021956763,3.9170087392384723,5.724961164980767e-06,0.0,0.0,0.0,0.0,0.0,inf,green,False,unknown,0,-2.1436695086270627,0.011849815999084967,0.08619472299869813,0.029846253999494365,0.0,0.005999999999971806,0.040000000000020464,0.0009999999999763531,10.861791000934318,0.4630829954985218
290.6,16008.68129967,LANE_LOST,19.230454887228806,4.718870266599177,3.9170094770854984,5.706765291344057e-06,0.0,0.0,0.0,0.0,0.0,inf,green,False,unknown,0,-2.1436695086270627,0.010987216999637894,0.11990958299975318,0.029216261998953996,0.0,-0.027999999999963165,0.043000000000006366,-0.03499999999996817,10.47843300148088,0.4630829954985218
290.8,16008.871471394,LANE_LOST,19.23045585544665,4.718870571376572,3.9170103960830653,5.684198376039843e-06,0.0,0.0,0.0,0.0,0.0,inf,green,False,unknown,0,-2.1436695086270627,0.20115894100126752,0.06491536200155679,0.016574967001361074,0.0,0.17200000000002547,0.04200000000003001,-0.0049999999999954525,0.3166639999108156,0.4630829954985218
291.0,16009.128648588,LANE_LOST,19.230457012269113,4.718870935617283,3.9170114940661813,5.6573766105468215e-06,0.0,0.0,0.0,0.0,0.0,inf,green,False,unknown,0,-2.1436695086270627,0.012265796998690348,0.08991639599844348,0.02812140899914084,0.0,0.0020000000000095497,0.04199999999997317,-0.009000000000014552,0.3512450002745027,0.4630829954985218
291.1,16009.221495412,LANE_LOST,19.230457396664242,4.718871056671642,3.917011858902386,5.648498123799155e-06,0.0,0.0,0.0,0.0,0.0,inf,green,False,unknown,0,-2.1436695086270627,0.030208411000785418,0.04554624299998977,0.035271313001430826,0.0,0.04400000000003956,0.038000000000010914,0.023000000000024556,10.268918998917798,0.4630829954985218
291.3,16009.471307276,LANE_LOST,19.230458546241973,4.718871418765157,3.9170129499648243,5.622047469164542e-06,0.0,0.0,0.0,0.0,0.0,inf,green,False,unknown,0,-2.1436695086270627,0.00041448400043009315,0.06338433200107829,0.03239012100129912,0.0,0.014999999999986358,0.04099999999999682,0.019000000000005457,11.049344999264576,0.4630829954985218
291.5,16009.778262675,LANE_LOST,19.23045988063567,4.718871839196139,3.9170142163945827,5.591535047300459e-06,0.0,0.0,0.0,0.0,0.0,inf,green,False,unknown,0,-2.1436695086270627,0.026159691999055212,0.10698111899910145,0.028017433998684282,0.0,0.0009999999999763531,0.040000000000020464,-0.019000000000005457,0.3381320002517896,0.4630829954985218
291.6,16009.873711452,LANE_LOST,19.23046026056146,4.718871958924602,3.9170145769617757,5.582885099523815e-06,0.0,0.0,0.0,0.0,0.0,inf,green,False,unknown,0,-2.1436695086270627,0.015852311000344343,0.0647835430008854,0.03399840900056006,0.0,0.014000000000010004,0.04099999999999682,0.013000000000033651,15.732117999505135,0.4630829954985218
291.8,16010.131518932,LANE_LOST,19.230461396823998,4.718872317065954,3.917015655306491,5.557114700594614e-06,0.0,0.0,0.0,0.0,0.0,inf,green,False,unknown,0,-2.1436695086270627,0.028485853999882238,0.0895034819986904,0.04380307899918989,0.0,0.014000000000010004,0.03899999999998727,0.009000000000014552,13.357723000808619,0.4630829954985218
292.0,16010.327967032,LANE_LOST,19.230462527856748,4.718872673652951,3.917016728656757,5.531610875414325e-06,0.0,0.0,0.0,0.0,0.0,inf,green,False,unknown,0,-1.9,0.03784113900110242,0.03745607100063353,0.00899746600043727,0.0,0.040000000000020464,0.03899999999998727,0.0049999999999954525,4.209218999676523,0.4630829954985218
292.1,16010.486232022,LANE_LOST,19.23046309142887,4.718872851368234,3.9170172634752483,5.518957943844635e-06,0.0,0.0,0.0,0.0,0.0,inf,green,False,unknown,0,-2.1,0.042542569999568514,0.09149188999981561,0.04870713899981638,0.0,0.010000000000047748,0.03700000000003456,0.0030000000000427463,12.66738400045142,0.4630829954985218
292.3,16010.729013307,LANE_LOST,19.230464214718104,4.7188732056516125,3.917018329431156,5.493848109191759e-06,0.0,0.0,0.0,0.0,0.0,inf,green,False,unknown,0,-2.1436695086270627,0.023310004000450135,0.08578230999955849,0.03850970799976494,0.0,0.0010000000000331966,0.038000000000010914,-0.0009999999999763531,12.453721999918343,0.4630829954985218
292.5,16010.981092264,LANE_LOST,19.230465332572955,4.718873558310802,3.9170193902001977,5.4656006609804644e-06,0.0,0.0,0.0,0.0,0.0,inf,green,False,unknown,0,-2.1436695086270627,0.038857475001350394,0.08978328500052157,0.03132198000093922,0.0,0.014000000000010004,0.03500000000002501,-0.0049999999999954525,0.6486979982582852,0.4630829954985218
292.6,16011.073080592,LANE_LOST,19.23046570390983,4.718873675479298,3.917019742567361,5.45621556661491e-06,0.0,0.0,0.0,0.0,0.0,inf,green,False,unknown,0,-2.1436695086270627,0.0733191879990045,0.058595731999957934,0.04667178099953162,0.0,0.07300000000003593,0.03700000000003456,0.027000000000043656,10.246028999972623,0.4630829954985218
292.8,16011.321583688,LANE_LOST,19.23046699858629,4.7188740840668,3.917020971080041,5.423621020183442e-06,0.0,0.0,0.0,0.0,0.0,inf,green,False,unknown,0,-2.1436695086270627,0.0431043780008622,0.06205623300047591,0.001044850001562736,0.0,0.03899999999998727,0.038000000000010914,-0.010999999999967258,10.881290998440818,0.4630829954985218
293.0,16011.58040427,LANE_LOST,19.230468102168313,4.71887443243959,3.917022018233172,5.395993504269159e-06,0.0,0.0,0.0,0.0,0.0,inf,green,False,unknown,0,-2.1436695086270627,0.07622576500034484,0.07591216199944029,0.014169104999382398,0.0,0.04399999999998272,0.038000000000010914,-0.014999999999986358,12.894183999378583,0.4630829954985218
293.1,16011.729765257,LANE_LOST,19.230468651853126,4.718874605992752,3.9170225398007052,5.382286205707103e-06,0.0,0.0,0.0,0.0,0.0,inf,green,False,unknown,0,-2.1436695086270627,0.036779833999389666,0.11538234299951,0.023592002999066608,0.0,0.007000000000005002,0.03700000000003456,-0.016999999999995907,12.609187000634847,0.4630829954985218
293.3,16011.971504791,LANE_LOST,19.23046974704636,4.718874951842706,3.917023578952296,5.355082385704076e-06,0.0,0.0,0.0,0.0,0.0,inf,green,False,unknown,0,-2.1436695086270627,0.04493913700025587,0.0837179379996087,0.019685909999680007,0.0,0.012000000000000455,0.03700000000003456,-0.021000000000015007,0.36183500014885794,0.4630829954985218
293.5,16012.171443613,LANE_LOST,19.230470655487565,4.718875238780888,3.9170244408872703,5.3326253322288424e-06,0.0,0.0,0.0,0.0,0.0,inf,green,False,unknown,0,-2.1436695086270627,0.12458580100064864,0.04862940500061086,0.018285564001416788,0.0,0.1150000000000091,0.031999999999982265,0.009000000000014552,11.94931299869495,0.4630829954985218
293.6,16012.322246701,LANE_LOST,19.230471198725585,4.718875410393687,3.9170249563061206,5.319243128178291e-06,0.0,0.0,0.0,0.0,0.0,inf,green,False,unknown,0,-2.1436695086270627,0.020055196999237523,0.07597002399961639,0.030636388999482733,0.0,0.008000000000038199,0.028999999999996362,0.007000000000005002,0.6025160000717733,0.4630829954985218
293.8,16012.582665443,LANE_LOST,19.230472281127938,4.718875752391912,3.9170259832589287,5.293275565481377e-06,0.0,0.0,0.0,0.0,0.0,inf,green,False,unknown,0,-2.1436695086270627,0.03383437299999059,0.08574037000107637,0.030387838000024203,0.0,0.012000000000000455,0.03200000000003911,0.002999999999985903,0.43111699960718397,0.4630829954985218
294.0,16012.829647982,LANE_LOST,19.2304733593166,4.718876093136938,3.917027006187872,5.277241632010499e-06,0.0,0.0,0.0,0.0,0.0,inf,green,False,unknown,0,-2.1436695086270627,0.029656758000783157,0.06393448900053045,0.03013929500048107,0.0,0.014999999999986358,0.029999999999972715,-0.0009999999999763531,0.31387700073537417,0.4630829954985218
294.1,16012.97187286,LANE_LOST,19.23047407625154,4.718876319756018,3.9170276863639444,5.26476916974275e-06,0.0,0.0,0.0,0.0,0.0,inf,green,False,unknown,0,-2.1436695086270627,0.0005838859997311374,0.08228803500060167,0.0012405289999151137,0.0,-0.02199999999999136,0.028999999999996362,-0.03699999999997772,0.2994719998241635,0.4630829954985218
294.3,16013.181636009,LANE_LOST,19.230474966377095,4.71887660116684,3.9170285308350534,5.207615674950135e-06,0.0,0.0,0.0,0.0,0.0,inf,green,False,unknown,0,-2.1436695086270627,0.02120518199990329,0.06948897099937312,0.030414902999837068,0.0,0.014000000000010004,0.03100000000000591,-0.007000000000005002,16.41915800064453,0.4630829954985218
294.5,16013.429734373,LANE_LOST,19.23047584681067,4.7188768795648715,3.9170293660941846,5.150839714709185e-06,0.0,0.0,0.0,0.0,0.0,inf,green,False,unknown,0,-2.1436695086270627,0.06114954199983913,0.04495516099996166,0.043547056999159395,0.0,0.040000000000020464,0.02800000000002001,0.023000000000024556,12.605646001247806,0.4630829954985218
294.6,16013.57166433,LANE_LOST,19.230476544233507,4.718877100130057,3.917030027720676,5.105760299196193e-06,0.0,0.0,0.0,0.0,0.0,inf,green,False,unknown,0,-2.1436695086270627,0.013100490999931935,0.07825285699982487,0.01492705000055139,0.0,0.004000000000019099,0.03000000000002956,-0.012999999999976808,11.209693999262527,0.4630829954985218
294.8,16013.832742501,LANE_LOST,19.230477578923985,4.718877427417513,3.917031009284378,5.038704965176009e-06,0.0,0.0,0.0,0.0,0.0,inf,green,False,unknown,0,-2.1436695086270627,0.06913671299844282,0.0724749309993058,0.014426079998884234,0.0,0.045000000000015916,0.025000000000034106,-0.016999999999995907,0.43991200072923675,0.4630829954985218
295.0,16014.022242596,LANE_LOST,19.230478430763345,4.718877696919234,3.917031817367986,4.983337476973349e-06,0.0,0.0,0.0,0.0,0.0,inf,green,False,unknown,0,-2.1436695086270627,0.04661776099965209,0.03267478599991591,0.015882633999353857,0.0,0.04599999999999227,0.02600000000001046,0.012999999999976808,0.7903330006229226,0.4630829954985218
295.1,16014.173520005,LANE_LOST,19.23047893736291,4.7188778572178425,3.917032297937939,4.950338517165127e-06,0.0,0.0,0.0,0.0,0.0,inf,green,False,unknown,0,-2.1436695086270627,0.024364660001083394,0.05999140499989153,0.0449890800009598,0.0,0.009000000000014552,0.02600000000001046,0.011000000000024102,11.854104999656556,0.4630829954985218
295.3,16014.421691805,LANE_LOST,19.230480106401064,4.718878227189847,3.917033406888306,4.873981142260453e-06,0.0,0.0,0.0,0.0,0.0,inf,green,False,unknown,0,-2.1436695086270627,0.03004194100140012,0.07745280500057561,0.006049512001482071,0.0,0.014999999999986358,0.026999999999986812,-0.026999999999986812,11.088800998550141,0.4630829954985218
295.5,16014.671391266,LANE_LOST,19.23048109404607,4.718878539824956,3.917034343745792,4.809238408624931e-06,0.0,0.0,0.0,0.0,0.0,inf,green,False,unknown,0,-2.1436695086270627,0.028417957999408827,0.09500274600031844,0.005896239999856334,0.0,0.007000000000005002,0.029999999999972715,-0.03100000000000591,11.536707999766804,0.4630829954985218
295.6,16014.773623145,LANE_LOST,19.23048142033429,4.718878643124189,3.9170346532506692,4.787801060032066e-06,0.0,0.0,0.0,0.0,0.0,inf,green,False,unknown,0,-2.1436695086270627,0.13064983699950972,0.05889991399999417,0.028207126999404863,0.0,0.10700000000002774,0.025000000000034106,0.0010000000000331966,0.6441500008804724,0.4630829954985218
295.8,16015.03488564,LANE_LOST,19.23048239048665,4.7188789503046635,3.917035573487463,4.723916151544759e-06,0.0,0.0,0.0,0.0,0.0,inf,green,False,unknown,0,-2.1436695086270627,0.11886442600007285,0.07245040999987395,0.029829068998878938,0.0,0.07999999999998408,0.028999999999996362,-0.002999999999985903,0.3568659994925838,0.4630829954985218
296.0,16015.281464111,LANE_LOST,19.23048334767171,4.718879253439337,3.9170364814040943,4.660666444677501e-06,0.0,0.0,0.0,0.0,0.0,inf,green,False,unknown,0,-2.1436695086270627,0.07255131999954756,0.07508993199917313,0.01468703499995172,0.0,0.045000000000015916,0.02800000000002001,-0.007000000000005002,0.3710140008479357,0.4630829954985218
296.1,16015.436558832,LANE_LOST,19.23048382144183,4.718879403501484,3.9170369307808612,4.629277588165743e-06,0.0,0.0,0.0,0.0,0.0,inf,green,False,unknown,0,-2.1436695086270627,0.020679781000580988,0.09267931300018972,0.04089264899994305,0.0,-0.01799999999997226,0.027000000000043656,-0.008999999999957708,0.7833790004951879,0.4630829954985218
296.3,16015.671750523,LANE_LOST,19.23048475941712,4.718879700639158,3.9170378204475704,4.566967668800258e-06,0.0,0.0,0.0,0.0,0.0,inf,green,False,unknown,0,-2.1436695086270627,0.06194753300042066,0.0782810070013511,0.01640057400072692,0.0,0.04200000000003001,0.026999999999986812,-0.012999999999976808,0.3705829985847231,0.4630829954985218
296.5,16015.929664234,LANE_LOST,19.23048568474465,4.718879993826076,3.91703869809925,4.5052757555685346e-06,0.0,0.0,0.0,0.0,0.0,inf,green,False,unknown,0,-2.1436695086270627,0.03418720499939809,0.07396449899897561,0.03185381699950085,0.0,0.014000000000010004,0.02800000000002001,-0.016999999999995907,0.3418400010559708,0.4630829954985218
296.6,16016.021771686,LANE_LOST,19.230485990398257,4.718880090683573,3.91703898800053,4.484847955434729e-06,0.0,0.0,0.0,0.0,0.0,inf,green,False,unknown,0,-2.1436695086270627,0.043074914001408615,0.045645650001461036,0.029412390000288724,0.0,0.045000000000015916,0.028999999999996362,0.015000000000043201,11.822261998531758,0.4630829954985218
296.8,16016.283965548,LANE_LOST,19.230486899056906,4.718880378660883,3.917039849818147,4.423969555153318e-06,0.0,0.0,0.0,0.0,0.0,inf,green,False,unknown,0,-2.1436695086270627,0.02792187799968815,0.07542397299948789,0.04497213000104239,0.0,0.013000000000033651,0.02800000000002001,0.011000000000024102,10.656380000000354,0.4630829954985218
297.0,16016.53007536,LANE_LOST,19.230487795358233,4.718880662774047,3.917040699898005,4.363693605916177e-06,0.0,0.0,0.0,0.0,0.0,inf,green,False,unknown,0,-2.1436695086270627,0.013489281000147457,0.06010497100032808,0.029886386000725906,0.0,0.009999999999990905,0.028999999999996362,0.007000000000005002,9.995235999667784,0.4630829954985218
297.1,16016.671722356,LANE_LOST,19.23048838608768,4.718880850054123,3.917041260154598,4.323841089170317e-06,0.0,0.0,0.0,0.0,0.0,inf,green,False,unknown,0,-2.1436695086270627,0.04523131200039643,0.08218174100147735,0.0002550920016801683,0.0,0.013000000000033651,0.02600000000001046,-0.028999999999996362,12.568260999614722,0.4630829954985218
297.3,16016.929891002,LANE_LOST,19.230489116907233,4.718881081778298,3.917041953264346,4.274394982925621e-06,0.0,0.0,0.0,0.0,0.0,inf,green,False,unknown,0,-2.1436695086270627,0.05921708999994735,0.07468096500087995,0.034961446001034346,0.0,0.04400000000003956,0.028999999999996362,0.0010000000000331966,0.6470649987022625,0.4630829954985218
297.5,16017.174190537,LANE_LOST,19.23048998284706,4.71888135639005,3.917042774507411,4.215596605247686e-06,0.0,0.0,0.0,0.0,0.0,inf,green,False,unknown,0,-2.1436695086270627,0.024370368000745657,0.063814604000072,0.02489984500061837,0.0,0.014000000000010004,0.028999999999996362,-0.002999999999985903,0.3961889997299295,0.4630829954985218
297.6,16017.282207866,LANE_LOST,19.23049041133385,4.718881492292,3.9170431808712727,4.186415283252998e-06,0.0,0.0,0.0,0.0,0.0,inf,green,False,unknown,0,-2.1436695086270627,0.04096710499834444,0.04056523299914261,0.012562679999973625,0.0,0.04800000000000182,0.025000000000034106,-0.0049999999999954525,0.3081520007981453,0.4630829954985218
297.8,16017.572484271,LANE_LOST,19.23049139961533,4.718881805787252,3.917044118112444,4.118884833390474e-06,0.0,0.0,0.0,0.0,0.0,inf,green,False,unknown,0,-2.1436695086270627,0.04208131800078263,0.07505699300054403,0.002079906000290066,0.0,0.014999999999986358,0.025000000000034106,-0.043000000000006366,0.386523999623023,0.4630829954985218
298.0,16017.834122029,LANE_LOST,19.230492095736622,4.7188820266431,3.9170447782696556,4.0711238919757746e-06,0.0,0.0,0.0,0.0,0.0,inf,green,False,unknown,0,-2.1436695086270627,0.04208742999981041,0.09577638100017793,0.047491569001067546,0.0,0.007999999999981355,0.02400000000000091,-0.012999999999976808,0.425109999923734,0.4630829954985218
298.1,16017.925357461,LANE_LOST,19.230492371917386,4.718882114274518,3.9170450401790835,4.052129442318187e-06,0.0,0.0,0.0,0.0,0.0,inf,green,False,unknown,0,-2.1436695086270627,0.037319824999940465,0.059386487999290694,0.03684155299924896,0.0,0.03700000000003456,0.025000000000034106,0.019000000000005457,0.3154200003336882,0.4630829954985218
298.3,16018.173589182,LANE_LOST,19.230493328423297,4.718882417808826,3.9170459472460535,3.986139391987943e-06,0.0,0.0,0.0,0.0,0.0,inf,green,False,unknown,0,-2.1436695086270627,0.012784694001311436,0.06168500400053745,0.01337754800078983,0.0,0.0049999999999954525,0.02400000000000091,-0.019000000000005457,13.8523539990274,0.4630829954985218
298.5,16018.4229498,LANE_LOST,19.230494002071048,4.718882631616789,3.917046586063281,3.939466808815657e-06,0.0,0.0,0.0,0.0,0.0,inf,green,False,unknown,0,-2.1436695086270627,0.012288228999750572,0.0505887140006962,0.045345349000854185,0.0,0.009999999999990905,0.023000000000024556,0.011000000000024102,10.311338999599684,0.4630829954985218
298.6,16018.527393486,LANE_LOST,19.23049440246277,4.7188827587101025,3.9170469657484426,3.911646898220712e-06,0.0,0.0,0.0,0.0,0.0,inf,green,False,unknown,0,-2.1436695086270627,0.07123946200044884,0.026668517999496544,0.010894439999901806,0.0,0.08000000000004093,0.023000000000024556,0.009000000000014552,12.227217999679851,0.4630829954985218
298.8,16018.777299042,LANE_LOST,19.230495194768384,4.7188830102355865,3.917047717069359,3.856416693444078e-06,0.0,0.0,0.0,0.0,0.0,inf,green,False,unknown,0,-2.1436695086270627,0.011441267999543925,0.0598561000006157,0.029488165000657318,0.0,0.014999999999986358,0.025000000000034106,0.0049999999999954525,0.35952700091002043,0.4630829954985218
299.0,16019.023997482,LANE_LOST,19.230495975862627,4.7188832582407265,3.9170484577458495,3.801727821083027e-06,0.0,0.0,0.0,0.0,0.0,inf,green,False,unknown,0,-2.1436695086270627,0.011831596999400062,0.0583272499989107,0.026937623999401694,0.0,0.009999999999990905,0.023000000000024556,0.0009999999999763531,0.5078680005681235,0.4630829954985218
299.1,16019.127336053,LANE_LOST,19.23049636223985,4.718883380933534,3.917048824125206,3.774584543062656e-06,0.0,0.0,0.0,0.0,0.0,inf,green,False,unknown,0,-2.1436695086270627,0.08560860299985507,0.03366266199918755,0.00713380699926347,0.0,0.08000000000004093,0.023000000000024556,-0.0009999999999763531,0.31692199991084635,0.4630829954985218
299.3,16019.373746857,LANE_LOST,19.23049700007136,4.718883583495371,3.9170494289373536,3.729641277965705e-06,0.0,0.0,0.0,0.0,0.0,inf,green,False,unknown,0,-2.1436695086270627,0.08673558100053924,0.03545946200028993,0.03590874700057611,0.0,0.08199999999999363,0.023000000000024556,0.028999999999996362,0.3383229995961301,0.4630829954985218
299.5,16019.622615644,LANE_LOST,19.230497755430804,4.718883823414648,3.9170501451821664,3.6761929548997884e-06,0.0,0.0,0.0,0.0,0.0,inf,green,False,unknown,0,-2.1436695086270627,0.043316489000062575,0.042597512001520954,0.04286256900013541,0.0,0.047000000000025466,0.02199999999999136,0.024999999999977263,15.350384999692324,0.4630829954985218
299.6,16019.775068881,LANE_LOST,19.230498252969507,4.71888398146374,3.917050616950379,3.6408511341749535e-06,0.0,0.0,0.0,0.0,0.0,inf,green,False,unknown,0,-2.1436695086270627,0.0684561379985098,0.07016460199884023,0.02652434699848527,0.0,0.036000000000001364,0.021000000000015007,-0.010999999999967258,0.484381000205758,0.4630829954985218
299.8,16020.021992884,LANE_LOST,19.230498990304795,4.718884215715528,3.9170513160851566,3.58826995588559e-06,0.0,0.0,0.0,0.0,0.0,inf,green,False,unknown,0,-2.1436695086270627,0.021390706999227405,0.06311973999982001,0.023198822000267683,0.0,0.004000000000019099,0.019000000000005457,-0.014999999999986358,0.8362030002899701,0.4630829954985218
300.0,16020.283670825,LANE_LOST,19.230499716966182,4.718884446609375,3.917052005087919,3.5362016014465578e-06,0.0,0.0,0.0,0.0,0.0,inf,green,False,unknown,0,-2.1436695086270627,0.03753067999969062,0.08633293899947603,0.014489555000182008,0.0,0.012000000000000455,0.02199999999999136,-0.019000000000005457,0.43487100083439145,0.4630829954985218
300.1,16020.377317752,LANE_LOST,19.230500076326724,4.718884560806937,3.9170523458208306,3.5103580377355893e-06,0.0,0.0,0.0,0.0,0.0,inf,green,False,unknown,0,-2.1436695086270627,0.03582317200016405,0.03534155399938754,0.011588993998884689,0.0,0.043000000000006366,0.018000000000029104,-0.020999999999958163,0.3455679998296546,0.4630829954985218
300.3,16020.622708907,LANE_LOST,19.23050066942388,4.718884749298818,3.9170529081686274,3.4675654394956313e-06,0.0,0.0,0.0,0.0,0.0,inf,green,False,unknown,0,-2.1436695086270627,0.05745112600016,0.059199457999056904,0.029766662999463733,0.0,0.047000000000025466,0.02199999999999136,0.009000000000014552,0.466823999886401,0.4630829954985218
300.5,16020.884714281,LANE_LOST,19.230501371582253,4.718884972479542,3.9170535739138783,3.416672488389848e-06,0.0,0.0,0.0,0.0,0.0,inf,green,False,unknown,0,-2.1436695086270627,0.050843746999817085,0.05030952599918237,0.03630528399844479,0.0,0.04099999999999682,0.016000000000019554,0.0049999999999954525,0.6440840006689541,0.4630829954985218
300.6,16020.977250296,LANE_LOST,19.230501718780882,4.718885082847724,3.9170539031034166,3.391411920882786e-06,0.0,0.0,0.0,0.0,0.0,inf,green,False,unknown,0,-2.1436695086270627,0.07359887500024342,0.020372966000650194,0.013616317000924028,0.0,0.07100000000002638,0.014000000000010004,0.0030000000000427463,0.33878599970194045,0.4630829954985218
300.8,16021.22562371,LANE_LOST,19.23050229173981,4.718885264997276,3.917054446337688,3.3495840465239547e-06,0.0,0.0,0.0,0.0,0.0,inf,green,False,unknown,0,-2.1436695086270627,0.07482147599876043,0.029659352998351096,0.02877205599907029,0.0,0.07699999999999818,0.014999999999986358,0.03300000000001546,0.4407620017445879,0.4630829954985218
301.0,16021.471481166,LANE_LOST,19.23050308199785,4.718885516261551,3.9170551955866664,3.291593399503637e-06,0.0,0.0,0.0,0.0,0.0,inf,green,False,unknown,0,-2.1436695086270627,0.02586135199999262,0.027406446999520995,0.0007560739995824406,0.0,0.04099999999999682,0.012999999999976808,-0.0049999999999954525,10.628478999933577,0.4630829954985218
301.1,16021.628156564,LANE_LOST,19.230503416469784,4.718885622619162,3.917055512697896,3.2669414648012077e-06,0.0,0.0,0.0,0.0,0.0,inf,green,False,unknown,0,-2.1436695086270627,0.0736800510003377,0.0613738040010503,0.03503590900072595,0.0,0.04800000000000182,0.014000000000010004,-0.007000000000005002,0.4878109994024271,0.4630829954985218
301.3,16021.876414238,LANE_LOST,19.230504077900864,4.718885832965542,3.9170561397907693,3.2179962989398058e-06,0.0,0.0,0.0,0.0,0.0,inf,green,False,unknown,0,-2.1436695086270627,0.028889962000903324,0.06093816900101956,0.030469901001197286,0.0,0.008000000000038199,0.014999999999986358,-0.010999999999967258,0.4016109996882733,0.4630829954985218
301.5,16022.124060459,LANE_LOST,19.230504729395804,4.718886040178121,3.9170567574545943,3.1695251939291864e-06,0.0,0.0,0.0,0.0,0.0,inf,green,False,unknown,0,-2.1436695086270627,0.04196808999950008,0.07884507000017038,0.030333942000652314,0.0,0.012000000000000455,0.014000000000010004,-0.014999999999986358,14.113541999904555,0.4630829954985218
301.6,16022.222031021,LANE_LOST,19.230505051447324,4.718886142618405,3.917057062779285,3.14546574046134e-06,0.0,0.0,0.0,0.0,0.0,inf,green,False,unknown,0,-2.1436695086270627,0.06309166899882257,0.03442200099925685,0.006520769999042386,0.0,0.04600000000004911,0.008000000000038199,-0.016999999999995907,0.40413100032310467,0.4630829954985218
301.8,16022.476208574,LANE_LOST,19.230505688218077,4.71888634518516,3.9170576664710155,3.097696277276384e-06,0.0,0.0,0.0,0.0,0.0,inf,green,False,unknown,0,-2.1436695086270627,0.13121012699957646,0.05673131699950318,0.011201167000763235,0.0,0.08199999999999363,0.011000000000024102,-0.021000000000015007,0.38909499926376157,0.4630829954985218
