sim_time,wall_time,state,distance_odom_m,x_odom,y_odom,speed_measured,command_v,command_w,lane_lateral_est_m,lane_heading_est_rad,lane_confidence,front_m,light,stop,sign_label,people_count,path_curvature,image_wall_age,scan_wall_age,odom_wall_age,clock_wall_age,image_stamp_age,scan_stamp_age,odom_stamp_age,processing_ms,light_distance_m
2.9,670.133407225,FOLLOW,3.646302236652442e-07,2.8663479752907336e-05,-1.966056701967864e-10,1.3405528458206143e-06,0.07987163914090559,0.04747496338459141,0.041729318699239265,0.1297304036643734,0.8814674092384809,inf,unknown,True,unknown,0,0.5943907486465682,0.004660126000089804,0.015593212999988282,0.009574014999998326,0.0,-0.04200000000000026,-0.0009999999999998899,-0.050000000000000266,21.149626999999782,inf
3.0,670.18338084,FOLLOW,4.55787832737001e-07,2.875463736194533e-05,-1.9412487101274313e-10,1.340553179735355e-06,0.07987163914090559,0.04747496338459141,0.041729318699239265,0.1297304036643734,0.8814674092384809,inf,unknown,True,unknown,0,0.5943907486465682,0.00540921700007857,0.004386732000057236,0.002012226000033479,0.0,0.027000000000000135,-0.0009999999999998899,-0.017999999999999794,0.37307399998098845,inf
3.1,670.283302124,FOLLOW,0.006086640798680935,0.006114938790240083,2.2574896210132496e-06,0.07993539276054641,0.07984537793422904,0.04744648219737294,0.04165411729645392,0.1301102379100955,0.8818094227653259,inf,unknown,True,unknown,0,0.594229539954786,0.011089335999940886,0.023101005999933477,0.0038955329999907917,0.0,0.007000000000000117,-0.0009999999999998899,-0.020000000000000018,0.28072800000700227,inf
3.2,670.383078107,FOLLOW,0.01423900452268508,0.01426723118871191,3.467104880824539e-05,0.07992574022244568,0.08027373321636842,0.046957076572360944,0.04103692701905195,0.12765943292636428,0.8824415114131504,inf,unknown,True,unknown,0,0.5849619133296524,0.006279347999907259,0.023559419999969577,0.0028352680000125474,0.0,0.007000000000000117,-0.0009999999999998899,-0.021999999999999797,0.3603669999847625,inf
3.4,670.583603728,FOLLOW,0.027916575560305967,0.027944042961857773,0.00017555213604596276,0.0809024412392701,0.08082444029101925,0.04481626397767464,0.038559449285274564,0.12261333985965853,0.8799985558911899,inf,unknown,True,unknown,0,0.5544890111989351,0.0006471019999025884,0.017047892999926262,0.026197229999979754,0.0,0.005999999999999783,-0.0009999999999998899,0.008000000000000007,0.3420710000909821,inf
3.5,670.683434388,FOLLOW,0.03616864524107121,0.03619499314665633,0.0003110971042781839,0.08090296071310235,0.08204202664317285,0.0431711066663027,0.03674228042314845,0.11485723123944944,0.8799985558911899,inf,unknown,True,unknown,0,0.5262072188205165,0.003897550000033334,0.016656514000032985,0.026997557000072447,0.0,0.007000000000000117,-0.0009999999999998899,0.006000000000000227,0.2511079999294452,inf
3.6,670.783688872,FOLLOW,0.04454318956984631,0.044567710488829855,0.00048573671826579635,0.0821189286053277,0.08350536911411095,0.0415939966859205,0.03479047734491483,0.10818916218987157,0.8840942410095005,inf,unknown,True,unknown,0,0.4980996686462385,0.03276935499991396,0.007160024999961934,0.013961042999994788,0.0,0.040000000000000036,-0.0009999999999998899,0.0040000000000000036,13.114917000052628,inf
3.7,670.933283625,FOLLOW,0.055858584454925655,0.05587930407977085,0.0007784784511851503,0.08358090989690412,0.08350536911411095,0.0415939966859205,0.03479047734491483,0.10818916218987157,0.8840942410095005,inf,unknown,True,unknown,0,0.4980996686462385,0.1823641079998879,0.03727476199992452,0.005857149999997091,0.0,0.14000000000000012,-0.0009999999999998899,-0.03200000000000003,0.2902870000980329,inf
3.9,671.133567686,FOLLOW,0.07007360480873356,0.07008694388373467,0.0012356159423021857,0.08367481414530356,0.0842661585280569,0.04165389967087202,0.034324075084004,0.10863780989907422,0.892936548381647,inf,unknown,True,unknown,0,0.49431349901874444,0.036425815000029615,0.02941395499999544,0.02985138500002904,0.0,0.040000000000000036,-0.0009999999999998899,-0.002000000000000224,0.28940000004240574,inf
4.0,671.233929502,FOLLOW,0.07867572992386797,0.07868291776925732,0.0015607207403227463,0.08434317443908239,0.08474490821445174,0.040135150435077746,0.032743303137196665,0.10472133206286731,0.8910950616571565,inf,unknown,True,unknown,0,0.47359955047108554,0.05952088399999411,0.0012468449999687437,0.0004974690000381088,0.0,0.07200000000000006,-0.0019999999999997797,-0.0039999999999995595,0.5558709999604616,inf
4.2,671.433939913,FOLLOW,0.0959832913706993,0.09597369918347086,0.002321637063095894,0.08513565859899984,0.08630996685008989,0.03698799569170573,0.02918181079328343,0.09715855222967631,0.8939528783787927,inf,unknown,True,unknown,0,0.42854837096565523,0.05594748500004698,0.01670180899998286,0.010770245999992767,0.0,0.0680000000000005,-0.0009999999999994458,-0.008000000000000007,24.04462999993484,inf
4.4,671.633576923,FOLLOW,0.11351888074798312,0.1134857360627532,0.0032294060393678304,0.08638217016291082,0.08956915900056549,0.038138646563967475,0.03338985698524518,0.06740209691725389,0.8721835986662341,inf,unknown,True,unknown,0,0.42580110151225925,0.02497981199996957,0.018712597999979153,0.007498230999999578,0.0,0.04300000000000015,-0.0009999999999994458,-0.011999999999999567,0.2685000000610671,inf
4.6,671.833373572,FOLLOW,0.12877807278436962,0.12871862494923045,0.004124560243591246,0.09000530858833528,0.09089715145521528,0.03451337388293216,0.02981806670548018,0.05933702335917617,0.8698422287763915,inf,unknown,True,unknown,0,0.3796969798326054,0.039704139000036776,0.004570827000065947,0.029252960999997413,0.0,0.058999999999999275,-0.002000000000000668,0.017999999999999794,15.125302000001284,inf
4.7,671.933511272,FOLLOW,0.13798989901079192,0.1379118168355415,0.004710122569784901,0.09096273449493983,0.09777480421944017,0.036051826576932594,0.033262288689347164,0.028868506684868955,0.8735944641040985,inf,unknown,True,unknown,0,0.36872307610066846,0.02420304700001452,0.0040693880000617355,0.023630825000054756,0.0,0.055000000000000604,-0.0019999999999997797,0.016000000000000014,18.375008000020898,inf
4.9,672.18393962,FOLLOW,0.1608479754479725,0.1607144345591872,0.006300495469871849,0.09932259078338417,0.09951373011549833,0.031452981931102,0.0291070461274152,0.020385275523753243,0.8715438927708372,inf,unknown,True,unknown,0,0.3160667567640849,0.03235942100002376,0.045705490000045756,0.02596147799999926,0.0,0.016000000000000014,-0.0019999999999997797,-0.021999999999999353,13.112995999904342,inf
5.1,672.38354829,FOLLOW,0.1811437821586689,0.18095008408146898,0.007861541951250614,0.09957492716812207,0.10058824521450037,0.028840435462871485,0.027119683919868208,0.013547973716045209,0.8666263539189439,inf,unknown,True,unknown,0,0.2867177511782855,0.0022138580000046204,0.026511379999988094,0.008159311999975216,0.0,0.004999999999999893,-0.002000000000000668,-0.02600000000000069,0.2697950000083438,inf
5.2,672.483768984,FOLLOW,0.18798634206311088,0.18777011015754388,0.008416392564026697,0.10064594205069873,0.1028594012256409,0.0256565038389022,0.024838843620271646,0.0033084833528329144,0.8642514397269533,inf,unknown,True,unknown,0,0.24943275513163807,0.00583741299999474,0.0185498189999862,0.03463510699998551,0.0,0.025000000000000355,-0.0019999999999997797,0.006000000000000227,15.511045000039303,inf
5.4,672.683857286,FOLLOW,0.20882349421737362,0.20853208494691455,0.010184525688058282,0.10291294245951281,0.10277787162156667,0.022366726127711463,0.022608437904909826,-0.0034741652626726627,0.8639211658330364,inf,unknown,True,unknown,0,0.21762200145637267,0.02661027900001045,0.02366824400007772,0.02594774400006372,0.0,0.03500000000000014,-0.0019999999999997797,0.002000000000000668,0.40536199992402544,inf
5.6,672.884144654,FOLLOW,0.22977698314650696,0.22940100875224978,0.0120649477521603,0.10211043761397355,0.10206303983352358,0.020740811999853753,0.021437848594741286,-0.0054603594996429,0.862135767135976,inf,unknown,True,unknown,0,0.20321569917655183,0.07762926300006256,0.02413074100002177,0.024738882000065132,0.0,0.08699999999999974,-0.002000000000000668,-0.002000000000000668,1.2144180000177585,inf
5.7,672.983897664,FOLLOW,0.240192250559409,0.23977111872752055,0.013033750336355794,0.10211057024592782,0.09880118784088476,0.015391301950729406,0.018294351594624052,-0.016679433271459133,0.8576754782518092,inf,unknown,True,unknown,0,0.15578053550850485,0.011791007999931935,0.02735992800000986,0.02412061300003643,0.0,0.03000000000000025,-0.0019999999999997797,-0.0039999999999995595,0.37497200003144826,inf
5.9,673.183812654,FOLLOW,0.26034116491048137,0.2598276746561489,0.014960663341043914,0.09825538499176528,0.09756504287341256,0.011342050249793314,0.015078347909980142,-0.02199547320266429,0.8577501340709159,inf,unknown,True,unknown,0,0.116251168612812,0.032878768000045966,0.021854600999972718,0.015745528000024933,0.0,0.04100000000000037,-0.0019999999999997797,-0.008000000000000007,20.931600000039907,inf
6.1,673.383804643,FOLLOW,0.2802651452094677,0.27965495875719454,0.016921175524056767,0.09662207568168134,0.0965876743019616,0.010188875526010817,0.016890348435195192,-0.041333964974557366,0.8880712764032475,inf,unknown,True,unknown,0,0.10548836173606771,0.04619425800001409,0.011434162999989894,0.003107784000007996,0.0,0.058999999999999275,-0.002000000000000668,-0.012000000000000455,0.35653899999488203,inf
6.2,673.483441977,FOLLOW,0.28683544648052994,0.2861923924398027,0.01757754303911527,0.09662211562676283,0.09567218763315288,0.008317010468054411,0.015697229181702486,-0.04591408344451482,0.8887828304076878,inf,unknown,True,unknown,0,0.08693237474557707,0.14583159200003593,0.007334933000038291,0.015930015999970237,0.0,0.1589999999999998,-0.0019999999999997797,0.020000000000000462,0.25975100004416163,inf
6.4,673.684076493,FOLLOW,0.3063915569378501,0.3056481773861455,0.019555873932264822,0.09570429966706354,0.09509736995612753,0.00451115408110838,0.012686093753178532,-0.052501898935256745,0.8964945935186737,inf,unknown,True,unknown,0,0.04743721180921794,0.036123297000017374,0.0031593319999956293,0.0301486760000671,0.0,0.09800000000000075,-0.0019999999999997797,0.016000000000000014,16.382811999960722,inf
6.6,673.933645424,FOLLOW,0.3290243151484897,0.3281612610612211,0.021880255221241682,0.09435959674368868,0.094335872214724,0.0019607576566723693,0.010832213618081794,-0.05811914432462449,0.900355605377635,inf,unknown,True,unknown,0,0.020784857452840012,0.012310671000022921,0.037975992000042424,0.01351967000005061,0.0,0.006999999999999673,-0.002000000000000668,-0.02200000000000024,0.28881899993393745,inf
6.7,674.034065047,FOLLOW,0.33864897459448606,0.3377344237099765,0.022874551967876862,0.0943593224977876,0.09518839390107714,0.0005774668446504841,0.009156699860380632,-0.056888276578172345,0.9060512758272365,inf,unknown,True,stop,0,0.0060665677923992115,0.02986257600002773,0.029245871000057377,0.01854983999999149,0.0,0.028999999999999915,-0.0019999999999997797,-0.02400000000000002,0.861547999988943,inf
6.9,674.233201181,FOLLOW,0.3580717853376302,0.35705293155255863,0.02488473384423833,0.09524316329841372,0.09522245946202085,0.0001171217410603292,0.008789134656897277,-0.05769987601804889,0.9079855810395965,inf,unknown,True,stop,0,0.0012299802139330669,0.0007212570000092455,0.04062983500000428,0.013721375000045555,0.0,-0.008000000000000007,-0.0019999999999997797,-0.02799999999999958,0.24805199996080773,inf
7.1,674.433688726,FOLLOW,0.3751704566922928,0.3740587836748714,0.0266639074995662,0.07740466528724955,0.07672661979214807,-0.007560459488896015,0.00900867054429215,-0.1259334460457139,0.8406894906400774,inf,unknown,True,stop,0,-0.09853763282387851,0.03741334899996218,0.039437464000002365,0.009826787000065451,0.0,0.030999999999999694,-0.002000000000000668,-0.03200000000000003,14.607227999931638,inf
7.2,674.533683833,FOLLOW,0.38302121290253416,0.38186669861417416,0.027482952737710217,0.07673669091289174,0.07672661979214807,-0.007560459488896015,0.00900867054429215,-0.1259334460457139,0.8406894906400774,inf,unknown,True,stop,0,-0.09853763282387851,0.01663778700003604,0.03917563700008486,0.010184268000102747,0.0,0.009000000000000341,-0.0019999999999997797,-0.03399999999999981,0.4797499999540378,inf
7.4,674.734069026,FOLLOW,0.3960648183572486,0.39484047225584945,0.028830846754548247,0.07671213505011815,0.07684912299271178,-0.00915229431366198,0.007253960738500445,-0.1281008768684391,0.8455018591462836,inf,unknown,True,unknown,0,-0.11909432349058773,0.020138472000098773,0.03312045300003774,0.031142524000074445,0.0,0.025000000000000355,-0.0019999999999997797,-0.0039999999999995595,23.31664299993008,inf
7.6,674.933779765,FOLLOW,0.411733581842779,0.41042778952591474,0.030426348998711022,0.07685670989738615,0.06670283305977023,-0.01426717771665757,0.008830469172313733,-0.20083797320144234,0.8349498963005524,inf,unknown,True,stop,0,-0.21389163041805462,0.022585759000094185,0.02221704500004762,0.016939321000108976,0.0,0.03699999999999992,-0.002000000000000668,-0.008000000000000007,0.3407759999163318,inf
7.7,675.033598681,FOLLOW,0.4185619696282086,0.4172217268340056,0.031111396008774807,0.06670357634031322,0.06879686510487064,-0.014110144375346556,0.00757869948380277,-0.18704988883722026,0.8413998335867406,inf,unknown,True,stop,0,-0.20509865317028222,0.018128084999943894,0.020404534999897805,0.014734361999899193,0.0,0.030999999999999694,-0.0019999999999997797,-0.009999999999999787,0.3526480001028176,inf
7.9,675.233731417,FOLLOW,0.43270445663090434,0.4312958154933681,0.03250058256037833,0.07217876009050049,0.07217643330907483,-0.012980296660277989,0.006045296918054395,-0.16050164217865207,0.8428126957569667,inf,unknown,True,stop,0,-0.17984120391061165,0.006563302999893494,0.02553562199989301,0.013858595999977297,0.0,0.019000000000000128,-0.0019999999999997797,-0.013999999999999346,0.25206800000887597,inf
8.1,675.433876825,FOLLOW,0.44775715419105,0.44627957096384036,0.03393956208066457,0.07543879671105774,0.07774493786218341,-0.010951759714953399,0.0033452921235679473,-0.11694735524566349,0.8372925002415451,inf,unknown,True,unknown,0,-0.1408678174567111,0.030775547999951414,0.023530334999918523,0.008837034999942261,0.0,0.04400000000000048,-0.002000000000000668,-0.018000000000000682,0.2740200000062032,inf
8.3,675.633784039,FOLLOW,0.46208764274650166,0.4605475559349219,0.035276495828174284,0.0606209501413219,0.05972328630537998,-0.020543342244876917,0.006354667326568725,-0.26925433822328676,0.8327097594338952,inf,unknown,True,unknown,0,-0.3439754158844125,0.031512781000060386,0.02486626100005651,0.0040081079999936264,0.0,0.030000000000001137,-0.0019999999999988916,-0.021999999999998465,12.909089000004315,inf
8.5,675.834275674,FOLLOW,0.47224766668936846,0.4706664799997057,0.03618938434748037,0.059715761629188575,0.06022815522157784,-0.0205210191690993,0.006067433078665113,-0.2653927338729081,0.8349036845626572,inf,unknown,True,unknown,0,-0.34072136351516985,0.025600402000009126,0.013085146999969766,0.02281468799992581,0.0,0.03599999999999959,-0.002000000000000668,0.007999999999999119,0.3420630000618985,inf
8.7,676.033543698,FOLLOW,0.48419410747573116,0.4825685328781167,0.03721816156517463,0.055154013857114395,0.05516422572751956,-0.02259553975087847,0.0010693084934583486,-0.27856488174233457,0.7798438814000367,inf,unknown,True,unknown,0,-0.4096049469177326,0.03248301100006756,0.0007929680000415829,0.006064754000021821,0.0,0.05999999999999872,-0.002000000000000668,0.0039999999999995595,0.22299299996575428,inf
8.8,676.183947372,FOLLOW,0.49183647707791606,0.4901849003146995,0.03784801934982533,0.0572748958628936,0.059952230293499324,-0.019359733408289868,-0.0004007409779356458,-0.21317306408734257,0.7658560989153121,inf,unknown,True,stop,0,-0.32291931949008845,0.0006419110000024375,0.04471001900003557,0.017859961999988627,0.0,-0.01699999999999946,-0.0019999999999988916,-0.03200000000000003,20.82991099996434,inf
9.0,676.383848588,FOLLOW,0.5038803524416035,0.5021912012736252,0.038798538280264375,0.05994639866874286,0.06339502273150838,-0.016835524963658484,-0.0012585225590127438,-0.16985845989939613,0.752628958730512,inf,unknown,True,unknown,0,-0.26556540621431074,0.005020304000026954,0.03135265799994613,0.008876936999968166,0.0,-0.009000000000000341,-0.002000000000000668,-0.03599999999999959,0.5193619999772636,inf
9.2,676.534131657,FOLLOW,0.5154570620373052,0.5137348717259222,0.03967248514153587,0.07686955533178762,0.0682781285284991,-0.010678190090166118,-0.023113530865449997,0.048356475983627974,0.6377696061207306,inf,unknown,True,unknown,0,-0.15639254209653786,0.018095313999992868,0.002729101999989325,0.0003561089999948308,0.0,0.04800000000000004,-0.002000000000000668,-0.006000000000000227,22.522645999970337,inf
9.3,676.634111498,FOLLOW,0.5204029795548415,0.5186673602352699,0.04003670487189013,0.06828361078100542,0.0682781285284991,-0.010678190090166118,-0.023113530865449997,0.048356475983627974,0.6377696061207306,inf,unknown,True,unknown,0,-0.15639254209653786,0.021589683999991394,0.006507123999995201,0.03603455200004646,0.0,0.03900000000000148,-0.0019999999999988916,0.0259999999999998,0.3079279999838036,inf
9.5,676.883686862,FOLLOW,0.535421314328475,0.5336465907279531,0.041119733279925644,0.05766301294580756,0.05244638742305085,-0.0005302618532236655,-0.02576815937606431,0.1634906695298266,0.6156885409049084,inf,unknown,True,unknown,0,-0.010110550588477877,0.03532012699997722,0.034524207000004026,0.02121191200001249,0.0,0.03500000000000014,-0.002000000000000668,-0.012000000000000455,0.46138599998357677,inf
9.7,677.083986428,FOLLOW,0.5457242718740699,0.5439233240956821,0.04185436584589893,0.04842724267815383,0.041225149633053994,0.011078931320844688,-0.03492286957814275,0.39327474794816897,0.6813097955059679,inf,unknown,True,stop,0,0.26874205235053145,0.023980233999964184,0.02851846700002625,0.014004164999960267,0.0,0.028999999999999915,-0.002000000000000668,-0.016000000000000014,0.4211589999840726,inf
9.8,677.183896464,FOLLOW,0.5499416633908764,0.5481297602635455,0.04215814909282158,0.041259644073368094,0.0402759359778792,0.01248008576132358,-0.03514201819011098,0.418241824480767,0.6865719861918844,inf,unknown,True,stop,0,0.30986457442424264,0.0016497240000035163,0.02667640399999982,0.009066209000025083,0.0,0.011000000000001009,-0.0019999999999988916,-0.017999999999998906,11.607401999981448,inf
10.0,677.384398091,FOLLOW,0.5581592217247459,0.556324887947211,0.04276487034265361,0.03971911750985032,0.03964461613941438,0.013480640880483537,-0.035737006076310085,0.43864908704915817,0.6926650235777957,inf,unknown,True,stop,0,0.34003711457509067,0.07166054499998609,0.03480782799999815,0.01464364100002058,0.0,0.07000000000000028,-0.002000000000000668,-0.02200000000000024,13.110043999972731,inf
10.2,677.584049023,FOLLOW,0.5649064897158952,0.56305248358346,0.04327971308314473,0.03968212067505047,0.039405782028572506,0.014804962521668989,-0.03546031358136606,0.4570997615704449,0.7036392996080504,inf,unknown,True,unknown,0,0.37570533458602967,0.12525191400004587,0.02130387800002609,0.020057593000046836,0.0,0.1269999999999989,-0.002000000000000668,0.007999999999999119,0.5400149999559289,inf
10.3,677.683690608,FOLLOW,0.5689382309386581,0.5670718883814164,0.04359486339103492,0.03944496635357264,0.039857353178529675,0.017157162335808173,-0.03414223599870492,0.4802717530079514,0.7309437948483617,inf,unknown,True,unknown,0,0.43046416702477824,0.002305058000047211,0.02422377100003814,0.031617557000004126,0.0,0.016000000000000014,-0.0019999999999988916,0.006000000000000227,14.630412999963482,inf
10.5,677.883756696,FOLLOW,0.5769029527277264,0.5750107541494763,0.044236070603604724,0.03551843872284243,0.0354780171411735,0.015837956147375487,-0.04680165669188105,0.5524236758196601,0.703960489508112,inf,unknown,True,stop,0,0.4464160464310441,0.003966403999925205,0.02502752899999905,0.028950174999977207,0.0,0.009000000000000341,-0.002000000000000668,0.002000000000000668,0.44203000004472415,inf
10.7,678.083854025,FOLLOW,0.5842144679890037,0.5822965089263086,0.044849245411322375,0.036171723921821934,0.03654104344528955,0.01788893660180654,-0.04288237883889945,0.5553160121855895,0.7272550813594665,inf,unknown,True,stop,0,0.4895573556510624,0.10657997300006627,0.015723179000019627,0.016173490000028323,0.0,0.11499999999999844,-0.002000000000000668,-0.002000000000000668,15.490662999923188,inf
10.8,678.184048162,FOLLOW,0.5879174515246515,0.5859856276397437,0.045169381290206805,0.036583982582141884,0.03675171175371571,0.018788135483745208,-0.04076224507687615,0.5560863465135583,0.7320377045568636,inf,unknown,True,unknown,0,0.5112179701900734,0.07540043099993454,0.017196948999981032,0.015039803999911783,0.0,0.08999999999999986,-0.0019999999999988916,-0.0039999999999995595,18.601965000016207,inf
11.0,678.385158765,FOLLOW,0.5941652504998823,0.5922086783684826,0.04572489907586287,0.036795856275963615,0.03700561856509922,0.020053222712026215,-0.037970973143033576,0.5582582315554061,0.738769554245956,inf,unknown,True,unknown,0,0.541896703516769,0.032139813000071626,0.001314368000066679,0.031456865999984984,0.0,0.06400000000000006,-0.002000000000000668,0.0259999999999998,0.24956799995834444,inf
11.2,678.634130275,FOLLOW,0.6019916880029594,0.6000014814022616,0.046449641786005295,0.029755762329331907,0.029732613426394612,0.01801089277378293,-0.03230188272357637,0.5637081037541338,0.596949177183447,inf,unknown,True,stop,0,0.6057621815980049,0.02407468899991727,0.023115716000006614,0.022203032999982497,0.0,0.01699999999999946,-0.002000000000000668,-0.012000000000000455,0.3089280000949657,inf
11.3,678.733770109,FOLLOW,0.6050285988621764,0.6030244685644597,0.046740113904873565,0.029783357973131017,0.036376726775797556,0.021686276817953917,-0.02169543251773165,0.5063343615022038,0.6868641132475541,inf,unknown,True,stop,0,0.5961580037592167,0.012040896000030443,0.02779487700001937,0.020538154000064424,0.0,0.0129999999999999,-0.0019999999999988916,-0.013999999999999346,20.074165999972138,inf
11.5,678.935933996,FOLLOW,0.6107606725957427,0.6087288296282184,0.047303056298556447,0.03642468278054481,0.04323483550868728,0.027736495447949015,-0.020711481977064655,0.5259797462132586,0.834053791914713,inf,unknown,True,unknown,0,0.6415311894126636,0.06060718200001247,0.12952379000000747,0.023835458000007748,0.0,0.06400000000000006,0.09800000000000075,0.016000000000000014,1.3268229999994219,inf
11.7,679.184074289,FOLLOW,0.6208414327617983,0.6187559266398717,0.04834166599508833,0.04348236328940377,0.04401535386418225,0.030633508145487785,-0.01541596780196508,0.5290764388995721,0.8519505880216452,inf,unknown,True,stop,0,0.6959732333406499,0.009220325999990564,0.04400544300006004,0.026263251000045784,0.0,-0.0010000000000012221,-0.002000000000000668,-0.02200000000000024,16.589184999929785,inf
11.8,679.284286822,FOLLOW,0.6252962816075408,0.6231848577583292,0.048821493785819806,0.04408372003496407,0.04446995371017296,0.031926216412775064,-0.012920279531565021,0.5286370229760758,0.8603426130270609,inf,unknown,True,stop,0,0.7179278085344984,0.003919764999977815,0.046196516999998494,0.02386497200006943,0.0,-0.009999999999999787,-0.0019999999999988916,-0.023999999999999133,19.002182999997785,inf
12.0,679.484097066,FOLLOW,0.6343608935658556,0.6321921125550823,0.04983947418341428,0.04484693326191184,0.04477502277450687,0.0327552733764332,-0.011128621378256626,0.5271874725530079,0.8648925041624667,inf,unknown,True,stop,0,0.7315523554592752,0.024236889999997402,0.04452293999997892,0.01639938899995741,0.0,0.007999999999999119,-0.002000000000000668,-0.02800000000000047,0.42202700001325866,inf
12.2,679.683835407,FOLLOW,0.6435273768586757,0.6412937016446372,0.05092813752430772,0.0450229931913478,0.04592256868734222,0.03619630087379676,-0.0040580743097807515,0.5233116607489146,0.8833508991784593,inf,unknown,True,stop,0,0.7882028795086469,0.0011541869999973642,0.03878343999997469,0.009576838999919346,0.0,-0.0030000000000001137,-0.002000000000000668,-0.03200000000000003,14.076597000098445,inf
12.3,679.784126174,FOLLOW,0.6481848306515807,0.6459152891727179,0.051505011963555815,0.046000238906941736,0.045064981988894415,0.03632987521560554,-0.003921182066103424,0.5326573344073914,0.8756288745183203,inf,unknown,True,stop,0,0.8061664204050606,0.0649554489999673,0.03590379800004939,0.005028205000030539,0.0,0.05799999999999983,-0.0019999999999988916,-0.03399999999999892,13.342290999958095,inf
12.5,679.98383498,FOLLOW,0.6574243625814667,0.6550773176356928,0.05269908787973032,0.045142966328452015,0.048983931823708866,0.04096683967970141,0.005364879017285412,0.5030757488309008,0.9215875190078682,inf,unknown,True,stop,0,0.8363322043469145,0.024046070999929725,0.032402133999994476,0.0030554549999806113,0.0,0.019999999999999574,-0.002000000000000668,-0.038000000000000256,0.5130430000690467,inf
12.7,680.184230711,FOLLOW,0.6657840747466721,0.6633590365222444,0.05383823329688837,0.04941837387248993,0.04970140635840612,0.043429400763601134,0.009792606247046809,0.5022962905263291,0.9342790539819075,inf,red,True,stop,0,0.8738062752273772,0.020738423000011608,0.03363035800009584,0.03238739400001123,0.0,0.014999999999998792,-0.002000000000000668,-0.008000000000000895,0.4969199999322882,3.2415809684896524
12.8,680.284203318,FOLLOW,0.6708622002414092,0.6683857935885344,0.054558674609179715,0.049790368135063066,0.050008378160413286,0.0440311743037243,0.010540298778320745,0.5023904776401765,0.9401475886288732,inf,red,True,stop,0,0.880475950699386,0.012476401999947484,0.03535757700001341,0.030182905999936338,0.0,0.006000000000000227,-0.0019999999999988916,-0.009999999999999787,0.3654180000012275,3.2415809684896524
13.0,680.484205815,FOLLOW,0.6811104098182337,0.6785204322939284,0.05607992823024751,0.05100769643727782,0.050920790587577675,0.04649273471056416,0.015247378283819418,0.4975467443428166,0.9521622877342225,inf,red,True,stop,0,0.9130403156369343,0.037175153000021055,0.03135485699999663,0.017486469000004945,0.0,0.0389999999999997,-0.002000000000000668,-0.013999999999999346,0.4039039999952365,3.2415809684896524
13.2,680.684856108,FOLLOW,0.6915414611365472,0.6888210647705658,0.05772400845228165,0.051266103270398836,0.05213032842014003,0.04963023059397084,0.020853207322459988,0.4921529295971534,0.9689213587685349,inf,red,True,stop,0,0.9520413950585567,0.02288675299996612,0.02793221399997492,0.01308900599997287,0.0,0.0259999999999998,-0.002000000000000668,-0.018000000000000682,19.92154800007029,3.2415809684896524
13.3,680.784640462,FOLLOW,0.6968015924416364,0.694009329804333,0.05859051785907567,0.052215721788002274,0.05213032842014003,0.04963023059397084,0.020853207322459988,0.4921529295971534,0.9689213587685349,inf,red,True,stop,0,0.9520413950585567,0.004645020999987537,0.03040967799995542,0.01208534799991412,0.0,0.010000000000001563,-0.0019999999999988916,-0.019999999999999574,0.35537799999474373,3.2415809684896524
13.5,680.985250218,FOLLOW,0.7057454856071971,0.7028208935594555,0.060123194523334623,0.05288366005716471,0.053401326548576454,0.052851399377209195,0.02691929307120508,0.48381780004510083,0.9832717281177684,inf,red,True,stop,0,0.9897019941842266,0.02620086900003571,0.010520838000047661,0.02224265799998193,0.0,0.04299999999999926,-0.002000000000000668,0.009999999999999787,20.63136399999621,3.2415809684896524
13.7,681.184339562,FOLLOW,0.7166154654710645,0.7135116459767586,0.06208869361292316,0.05349057153375673,0.05318702997586446,0.05340391609500632,0.028357304631796337,0.48528992072803473,0.9809571156477639,inf,red,True,stop,0,1.004077800908234,0.016552012000033756,0.01449622300003739,0.022244158000034986,0.0,0.03599999999999959,-0.002000000000000668,0.006000000000000227,0.41021000004093366,2.593264774791722
13.8,681.283992633,FOLLOW,0.7220499818478266,0.7188484750882402,0.06311444142596098,0.05327671728934763,0.053788790668583816,0.05504109884549611,0.03258853281467983,0.47522790414642857,0.9807802192382414,inf,red,True,stop,0,1.0232819544991876,0.017259129000080975,0.007977977999985342,0.012973327000054269,0.0,0.04200000000000159,-0.0019999999999988916,0.004000000000001336,18.615210999996634,3.2415809684896524
14.0,681.484814138,FOLLOW,0.733047115637274,0.7296302878931035,0.06527967363997199,0.05428427405650974,0.05439846293710746,0.056407138584451316,0.03625035242198099,0.46458265197176873,0.9798326531115071,inf,red,True,stop,0,1.0369252280099563,0.0380324190000465,0.007326783000053183,0.010362316000055216,0.0,0.06199999999999939,-0.002000000000000668,0.0,14.60781200000838,3.2415809684896524
14.2,681.688449503,FOLLOW,0.7441559325097811,0.740496053879999,0.06759043614228968,0.05449056252919768,0.05498844524378117,0.05814187450923877,0.04040363724185461,0.45568771437028555,0.9802695214047232,inf,red,True,stop,0,1.057347125409301,0.02449093500001709,0.016507710000041698,0.014030486000024212,0.0,0.049999999999998934,-0.002000000000000668,-0.004000000000001336,0.47619099996154546,3.2415809684896524
14.3,681.784495072,FOLLOW,0.7497735099494591,0.7459803632755865,0.06880676037609258,0.05508224628750745,0.055431850326599905,0.059264968714499405,0.04257358214583089,0.4518063661231042,0.983691729045435,inf,red,True,stop,0,1.0691501071191938,0.014408708000019033,0.011514546000057635,0.007610136000039347,0.0,0.03500000000000014,-0.0019999999999988916,-0.005999999999998451,15.71821999993972,3.2415809684896524
14.5,681.98397199,FOLLOW,0.7591972987516983,0.7551640049536725,0.07092047841260068,0.05552636078246482,0.055719448059432845,0.06002644436889644,0.04480537145706234,0.4451632033983906,0.9810839002812604,inf,red,True,stop,0,1.0772978997363643,0.03257529699999395,0.09700724699996499,0.02330738399996335,0.0,0.06799999999999962,0.09800000000000075,0.02400000000000091,0.5247660000122778,3.2415809684896524
14.7,682.234657841,FOLLOW,0.7724605167685412,0.7680520247164602,0.07405240488604244,0.055663857608111864,0.056557742596396066,0.06199461996117864,0.04851349052863174,0.4376803608744191,0.9870272964248241,inf,red,True,stop,0,1.0961296741204982,0.01405174999990777,0.035561876999963715,0.031029432999957862,0.0,0.0030000000000001137,-0.002000000000000668,-0.014000000000001123,0.49024600002667285,3.2415809684896524
14.8,682.334340246,FOLLOW,0.7782378625021681,0.7736515996731627,0.07547451071589485,0.05665407346566214,0.05674206179298761,0.06243601886407889,0.050523832571769595,0.4295296665615696,0.980608824982354,inf,red,True,stop,0,1.100348082025369,0.015938371000061125,0.03417953400003171,0.029425550000041767,0.0,0.006000000000000227,-0.0019999999999988916,-0.016000000000000014,0.4438820000132182,3.2415809684896524
15.0,682.533948289,FOLLOW,0.789862238407837,0.7848903589260684,0.07844345196568521,0.05774595086743805,0.0576484047323325,0.06387426137618234,0.05286711419584446,0.4218559541542464,0.9870559307658606,inf,red,True,stop,0,1.1079970325763069,0.07160318900002949,0.039728231000026426,0.02107402399997227,0.0,0.07199999999999918,-0.002000000000000668,-0.019999999999999574,0.28901400003178424,2.593264774791722
15.2,682.738537239,FOLLOW,0.8016491667976577,0.7962463469325959,0.08160118752608514,0.05781306686640503,0.05868813546215205,0.06523884147519673,0.056314375929798904,0.40512090974795056,0.9843967711395587,inf,red,True,stop,0,1.1116189151599345,0.13109418300007292,0.03714943700003914,0.020752543000071455,0.0,0.125,-0.002000000000000668,-0.02400000000000091,0.4604169999993246,2.593264774791722
15.3,682.834058819,FOLLOW,0.8076439692435289,0.8020058644433034,0.08326416552258273,0.05878582618636447,0.05993787988060447,0.06699271819505033,0.05995745704505609,0.3887937387262929,0.9849713408822803,inf,red,True,stop,0,1.1177025001301182,0.01246628600006261,0.039166094000052,0.011579506999964906,0.0,0.0030000000000001137,-0.0019999999999988916,-0.0259999999999998,15.073867999944923,3.2415809684896524
15.5,683.033891559,FOLLOW,0.8198754664083163,0.8137220868579537,0.08677662615282984,0.06046136930599792,0.06036219127315163,0.06758311434909797,0.060796956820571915,0.3853775115331149,0.9876480744332027,inf,red,True,stop,0,1.1196265894866233,0.02583314200001041,0.03020791000005829,0.004313604999993004,0.0,0.026999999999999247,-0.002000000000000668,-0.02999999999999936,0.2978979999852527,3.2415809684896524
15.7,683.235863794,FOLLOW,0.8323904726716016,0.8256588236339255,0.09053657170373353,0.06225919149423839,0.06311445466101732,0.07057941699938372,0.06515815635954178,0.3591697314954736,0.9982204916351618,inf,red,True,stop,0,1.1182765878032237,0.015922699000043394,0.030659985000056622,0.014930659000015112,0.0,0.009999999999999787,-0.002000000000000668,-0.034000000000000696,0.6154559999913545,2.593264774791722
15.8,683.334214712,FOLLOW,0.8388383489676005,0.8317878417766202,0.09253909126289625,0.06324531051718295,0.06384141281216239,0.0712537374144736,0.06685851756414526,0.3475908717328066,0.9943178636853844,inf,red,True,stop,0,1.116105272045281,0.013506474999985585,0.04602328999999372,0.009070207999911872,0.0,-0.0009999999999994458,-0.0019999999999988916,-0.03599999999999959,18.642483000007815,3.2415809684896524
15.9,683.484497996,STOP_HOLD,0.8475118046108574,0.8400092856115863,0.09530244822518366,0.06397322923703733,0.0,0.0,0.06756191854579642,0.3446933223289596,0.996059423908817,inf,red,True,stop,0,1.117794607174956,0.05175617899999452,0.09153696199996375,0.008887035999919135,0.05059382199999618,-0.009000000000000341,-0.0019999999999988916,-0.07199999999999918,16.14015500001642,2.593264774791722
16.1,683.634227078,STOP_HOLD,0.850784661333299,0.8430981188443305,0.09636257511306404,0.00010477711805342983,0.0,0.0,0.06915500273064037,0.3356238827706697,0.998467710445286,inf,red,True,stop,0,1.1182898952663145,0.01930326599995169,0.02618898299999728,0.018739309000011417,0.0,0.030000000000001137,-0.0019999999999988916,-0.007999999999999119,16.604044000018803,2.593264774791722
16.3,683.834180998,STOP_HOLD,0.8508014102158736,0.8430822796431517,0.09635713041183429,2.013084207504371e-05,0.0,0.0,0.0690812673433652,0.3359542596047955,0.9984655582065355,inf,red,True,stop,0,1.118145563982477,0.011384216000010383,0.010293874000012693,0.0015997949999473349,0.0,0.028999999999999915,-0.0019999999999988916,-0.012000000000000455,0.35032100004173117,2.593264774791722
16.5,684.035760814,STOP_HOLD,0.8508025654276947,0.8430811872637468,0.09635675461723024,4.373762848281613e-06,0.0,0.0,0.0690812673433652,0.3359542596047955,0.9984655582065355,inf,red,True,stop,0,1.118145563982477,0.016780812999968475,0.012712942000007388,0.032219255999962115,0.0,0.03999999999999915,-0.0019999999999988916,0.018000000000000682,15.853267000011328,2.593264774791722
16.6,684.134184628,STOP_HOLD,0.8508029683739715,0.8430808062517365,0.09635662348542692,3.535888012097262e-06,0.0,0.0,0.0690812673433652,0.3359542596047955,0.9984655582065355,inf,red,True,stop,0,1.118145563982477,0.07814801699998952,0.0025516260000131297,0.017633579999937865,0.0,0.10200000000000031,-0.0019999999999988916,0.01600000000000179,0.3146260000903567,2.593264774791722
16.8,684.334186324,STOP_HOLD,0.8508035179060277,0.843080286654974,0.09635644458689568,1.862923123700281e-06,0.0,0.0,0.06901689352185204,0.3360958795898829,0.9973517131542545,inf,red,True,stop,0,1.1178230246398666,0.02838769200002389,0.005001847000016824,0.01855459500006873,0.0,0.05799999999999983,-0.0019999999999988916,0.012000000000000455,16.94033599994782,2.593264774791722
17.0,684.534420973,STOP_HOLD,0.8508037471668602,0.8430800698945516,0.09635636991796906,4.399805979025013e-07,0.0,0.0,0.06897014598172631,0.33592571201471655,0.9976156630611102,inf,red,True,stop,0,1.1172231144806788,0.04027786799997557,0.004488856999955715,0.01248868200002562,0.0,0.07900000000000063,-0.0019999999999988916,0.007999999999999119,16.83452899999338,2.593264774791722
17.1,684.634149167,STOP_HOLD,0.8508037658448023,0.8430800605126471,0.09635636668518567,2.3773733644269508e-07,0.0,0.0,0.06897014598172631,0.33592571201471655,0.9976156630611102,inf,red,True,stop,0,1.1172231144806788,0.0015213560000120196,0.00613689500005421,0.013232775999995283,0.0,0.028000000000002245,-0.0019999999999988916,0.006000000000000227,0.2856969999811554,2.593264774791722
17.3,684.834086247,STOP_HOLD,0.8508039515748547,0.8430802360999142,0.09635642722247935,1.5667369628317135e-06,0.0,0.0,0.06897014598172631,0.33592571201471655,0.9976156630611102,inf,red,True,stop,0,1.1172231144806788,0.0667518980000068,0.0016908939999211725,0.005765689999975621,0.0,0.09299999999999997,-0.0019999999999988916,0.0020000000000024443,16.5845530000297,2.593264774791722
17.5,685.034344243,STOP_HOLD,0.8508043792299083,0.8430806403825926,0.09635656666551587,2.4999522099700716e-06,0.0,0.0,0.06897014598172631,0.33592571201471655,0.9976156630611102,inf,red,True,stop,0,1.1172231144806788,0.017975484999965374,0.004956977000006191,0.005623349999950733,0.0,0.04100000000000037,-0.0019999999999988916,-0.0019999999999988916,0.39778000007117953,2.593264774791722
17.6,685.134032021,STOP_HOLD,0.8508049625769417,0.8430804937972848,0.09635651609904658,1.3893370071220696e-05,0.0,0.0,0.06897014598172631,0.33592571201471655,0.9976156630611102,inf,red,True,stop,0,1.1172231144806788,0.11766326300005403,0.10464475500009485,0.03188311100007013,0.0,0.1410000000000018,0.09800000000000253,0.030000000000001137,0.3478079999013062,2.593264774791722
17.8,685.384293539,STOP_HOLD,0.850808830287841,0.8430841499224055,0.09635777781878357,1.4229314880501555e-05,0.0,0.0,0.06889172751699685,0.3363722301128526,0.9979384771200507,inf,red,True,stop,0,1.1171971395316922,0.02657441500002733,0.046744888000034734,0.0023362379999980476,0.0,0.013000000000001677,-0.0019999999999988916,-0.04199999999999804,15.25987599995915,2.593264774791722
18.0,685.534305479,STOP_HOLD,0.8508107633433417,0.8430859771903195,0.09635840852912803,1.4198227996855933e-05,0.0,0.0,0.06894631474669202,0.3346367641828611,0.9977736435477578,inf,red,True,stop,0,1.1153070229860351,0.03079952299992783,0.0014479459999847677,0.0257375520000096,0.0,0.06700000000000017,-0.0019999999999988916,0.021999999999998465,0.44438600002649764,2.593264774791722
18.1,685.68425392,STOP_HOLD,0.8508126921821036,0.843087800447137,0.09635903793642561,1.416727079911822e-05,0.0,0.0,0.06889172751699685,0.3363722301128526,0.9979384771200507,inf,red,True,stop,0,1.1171971395316922,0.0293105559999276,0.028754211999967083,0.024425792999977602,0.0,0.022999999999999687,-0.0019999999999988916,-0.013999999999999346,0.41228400004911236,2.593264774791722
18.3,685.885309702,STOP_HOLD,0.8508155775143287,0.8430905277941436,0.09635997959472474,1.4120621827157311e-05,0.0,0.0,0.06886590662139963,0.3351583045797883,0.9978092978146433,inf,red,True,stop,0,1.1153651504207283,0.018755416999965746,0.04287230099998851,0.02615068499994777,0.0,0.013999999999999346,-0.0019999999999988916,-0.018000000000000682,17.412214000046333,2.593264774791722
18.3,685.934102534,FOLLOW,0.8508165372049045,0.8430914349251392,0.0963602928348216,1.4105795858817421e-05,0.06514902436214641,0.07266495135744912,0.06886590662139963,0.3351583045797883,0.9978092978146433,inf,red,True,stop,0,1.1153651504207283,0.0306138490000194,0.09166513299999224,0.008555036999950971,0.04879283200000373,-0.0259999999999998,-0.0019999999999988916,-0.08599999999999852,1.365428999974938,2.593264774791722
18.6,686.184259429,FOLLOW,0.8628469686187061,0.8544430303246208,0.10034410519481927,0.06549067132234555,0.06554186046083092,0.07328893777244956,0.07069506432029618,0.32637423383215725,0.9918316390868798,inf,red,True,stop,0,1.1182004486468375,0.027226178999967487,0.03301603099998829,0.009533200999953806,0.0,0.028999999999999915,-0.0019999999999988916,-0.023999999999997357,14.941243999942344,2.593264774791722
18.8,686.384500878,FOLLOW,0.8762877006656125,0.8670620073444372,0.10497135331339945,0.0664721321591957,0.06637316588324349,0.07416040545816532,0.07133685499874105,0.3218706082360431,0.9981841172226826,inf,red,True,stop,0,1.1173251188382411,0.015574582999988706,0.033112282000047344,0.006693141000027936,0.0,0.015000000000000568,-0.0019999999999988916,-0.027999999999998693,0.4103989999748592,2.593264774791722
19.0,686.584438243,FOLLOW,0.8900578602051715,0.8799171776375533,0.1099067702539946,0.06855939765301605,0.06814953739832746,0.07453629967364603,0.07305213481615494,0.2936181515485761,0.9847865866483011,inf,red,True,stop,0,1.09371688376971,0.006025635000014518,0.03262764400005835,0.004057779000049777,0.0,0.007999999999999119,-0.0019999999999988916,-0.03200000000000003,0.35763899995799875,2.593264774791722
19.1,686.684427382,FOLLOW,0.8970194795208429,0.8863874864581516,0.1124756300066658,0.0682461674719498,0.06944966313124719,0.07342307370304527,0.07497838919166772,0.25388217916208244,0.9460811889652594,inf,red,True,stop,0,1.0572128127430807,0.03285956199999873,0.032391469999993205,0.005107666999947469,0.0,0.03400000000000247,-0.0019999999999988916,-0.03399999999999892,0.49330900003496936,2.593264774791722
19.3,686.884285714,FOLLOW,0.9113345548223561,0.8996315815003654,0.11790808973499081,0.07149652021053458,0.07140392776117695,0.07246172667173276,0.07657207861732777,0.2113227661100483,0.9093926381267657,inf,red,True,stop,0,1.0148142958478952,0.12460690500006422,0.033678129000008994,0.005186954000009791,0.0,0.11700000000000088,-0.0019999999999988916,-0.038000000000000256,0.3601239999397876,2.593264774791722
19.5,687.084596242,FOLLOW,0.9234888138802518,0.9108130657149022,0.12267240714308283,0.07149484246991339,0.0756246449368593,0.07130191251113757,0.07960323700932784,0.13642651374442638,0.8451471799299901,inf,red,True,stop,0,0.942839633437871,0.016388646999985212,0.02654178599993884,0.025431239999988975,0.0,0.01899999999999835,-0.0019999999999988916,-0.007999999999999119,0.6439380000529127,2.593264774791722
19.6,687.185245913,FOLLOW,0.9310622115789744,0.9177506840860188,0.12570977102124717,0.07571339885307522,0.06521088370202956,0.06996828851624037,0.07628534504183718,0.257796768647621,0.893656428746893,inf,red,True,stop,0,1.072954153419374,0.06539664700005687,0.022166165000044202,0.014181151000002501,0.0,0.07700000000000173,-0.0019999999999988916,-0.00999999999999801,0.35166199995728675,2.593264774791722
19.8,687.386708297,FOLLOW,0.9440080695603524,0.929556429371242,0.13102174601357072,0.06681989074880895,0.0686435299425375,0.07026835868045732,0.07732185831631265,0.21335390886133282,0.8771411960061525,inf,red,True,stop,0,1.0236705300452933,0.03317314900004931,0.019005958000093415,0.004883145000007971,0.0,0.062000000000001165,-0.0019999999999988916,-0.013999999999999346,18.624505999923713,2.1610539789931016
20.0,687.584690248,FOLLOW,0.9556241450361271,0.9400873600962856,0.13592390580911928,0.06872783688397194,0.07230008082900075,0.06932005800487367,0.07801187887655892,0.15904147985699066,0.8420571704255129,inf,red,True,stop,0,0.9587825796325842,0.0322382159999961,0.0038636740000583814,0.03108698000005461,0.0,0.07199999999999918,-0.0019999999999988916,0.015999999999998238,0.32455199993819406,2.1610539789931016
20.1,687.734398915,FOLLOW,0.965462774582801,0.9489620476902692,0.14017100800611396,0.07238220743833332,0.07788711346402873,0.0692207617345849,0.07889320849205263,0.09972912227330596,0.8108845593287596,inf,green,True,stop,0,0.8887318922988938,0.026449571000057404,0.02560354400009146,0.02362462600001436,0.0,0.036000000000001364,-0.0019999999999988916,-0.019999999999999574,0.5229409999856216,2.593264774791722
20.3,687.934252598,FOLLOW,0.9816916623181303,0.9635165620556345,0.14735004930138385,0.08293423858317728,0.08285519885615106,0.0680686560931646,0.07932976416352441,0.0460049157511034,0.769871374695387,inf,green,True,stop,0,0.8215375381735781,0.06699070999991363,0.03919965799991587,0.015456712999935007,0.0,0.08600000000000207,-0.0019999999999988916,-0.02400000000000091,0.3354500000796179,2.593264774791722
20.5,688.134312594,FOLLOW,0.9961360848614761,0.9763877633362953,0.153905293450815,0.08812300011697098,0.05945401920081149,0.02823623180767602,0.08410361786621613,-0.23210934038247147,0.7829466845856614,inf,green,True,stop,0,0.4749255338365858,0.002865604000021449,0.01975020999998378,0.024481322000042383,0.0,0.038000000000000256,-0.0019999999999988916,0.006000000000000227,0.35640099997635843,2.593264774791722
20.6,688.23443042,FOLLOW,1.001438271327557,0.9810943137828809,0.1563469210452104,0.05949598796085496,0.05660528759957473,0.02411024883310941,0.08430652922140475,-0.2654318380276236,0.7847283451972347,inf,green,True,stop,0,0.4259363366133758,0.10298342999999477,0.02380771100001766,0.029556921999983388,0.0,0.13800000000000168,-0.0019999999999988916,0.004000000000001336,14.513027000020884,2.1610539789931016
20.8,688.434338299,FOLLOW,1.0130136761826678,0.9913479326165147,0.16171842169452427,0.05414025889046463,0.05410636102095585,0.019534398892183433,0.08393620102995596,-0.30447380096670557,0.7940940376022826,inf,green,True,stop,0,0.36103701161158475,0.08106226500001412,0.01458909800010133,0.0166341960000409,0.0,0.13200000000000145,-0.0019999999999988916,0.0,0.38035199997921154,2.593264774791722
21.0,688.634639919,FOLLOW,1.0239737765775239,1.0010338150275644,0.16684748920773157,0.05329890968763215,0.06779730084057255,0.03150360051927728,0.07698974074908055,-0.19364736501000215,0.8384935208082561,inf,green,True,stop,0,0.46467337384653373,0.05480625800009875,0.008091514000057032,0.006977031000019451,0.0,0.11299999999999955,-0.0019999999999988916,-0.004000000000001336,13.365153999984614,2.593264774791722
21.1,688.734443476,FOLLOW,1.0305741615942465,1.006856271609399,0.16995619405230875,0.06784151224775833,0.06779730084057255,0.03150360051927728,0.07698974074908055,-0.19364736501000215,0.8384935208082561,inf,green,True,stop,0,0.46467337384653373,0.07953508000002785,0.012554636999993818,0.00918543700004193,0.0,0.14000000000000057,-0.0019999999999988916,-0.006000000000000227,0.33294899992597493,2.593264774791722
21.3,688.93425149,FOLLOW,1.0420290473173695,1.0169375322537886,0.17539515408570064,0.06666526161390121,0.0690855191150872,0.027717798325412327,0.07355660843372604,-0.21398977134145594,0.8837042100932953,inf,green,True,stop,0,0.40120995948858973,0.04846124399989549,0.0034057329999086505,0.03862849899996945,0.0,0.11400000000000077,-0.0019999999999988916,0.02400000000000091,12.848418000089623,2.593264774791722
21.5,689.134548069,FOLLOW,1.0578589889702128,1.030822546713419,0.18299729061863027,0.059909155980299125,0.0634130003421005,0.01738777027022828,0.06632928957666721,-0.25099415763009686,0.8600310987604742,inf,green,True,unknown,0,0.2741988263672232,0.004395473999920796,0.015679750999993303,0.0038829209998993974,0.0,0.06700000000000017,-0.0019999999999988916,-0.013999999999999346,12.979584000049726,2.1610539789931016
21.6,689.234461649,FOLLOW,1.0620474918835643,1.0344883678436845,0.18502344712697233,0.06344421442696482,0.0634130003421005,0.01738777027022828,0.06632928957666721,-0.25099415763009686,0.8600310987604742,inf,green,True,unknown,0,0.2741988263672232,0.025453007000010075,0.009072750999962409,0.02766461999999592,0.0,0.08500000000000085,-0.0019999999999988916,0.018000000000000682,0.4261190000534043,2.1610539789931016
21.8,689.486121253,FOLLOW,1.0768847964812507,1.047455143323759,0.19223510957976367,0.06070414554750814,0.060444215840688924,0.007299011108411062,0.05332830938816771,-0.2673910714858174,0.8404152078132792,inf,green,True,unknown,0,0.12075615519024772,0.020185992999927294,0.05071024699998361,0.031729938000012226,0.0,0.05000000000000071,-0.0019999999999988916,-0.019999999999999574,34.65805200005434,2.593264774791722
22.0,689.68469405,FOLLOW,1.0892364617270538,1.0582321492251365,0.19826998597109258,0.060465827060399976,0.060260962704553396,0.004990132331902562,0.04950095562757183,-0.26752099594244366,0.8380303716873736,inf,green,True,unknown,0,0.08280870580126828,0.03495614399992064,0.03449525099995299,0.02167006299998775,0.0,0.0799999999999983,-0.0019999999999988916,-0.02400000000000091,0.37682600009247835,2.1610539789931016
22.1,689.784333215,FOLLOW,1.0953853824678206,1.0635936519780032,0.20128055295240865,0.06028038303999096,0.05837882534046279,0.004392540502930751,0.04698095858742178,-0.2566180165831879,0.7985955938648132,inf,green,False,unknown,0,0.07524201587328358,0.06960631099991588,0.029144891999976608,0.014063220999901205,0.0,0.10100000000000264,-0.0019999999999988916,-0.0259999999999998,0.41616700002578,2.593264774791722
22.3,689.984407791,FOLLOW,1.107199398039266,1.0738902654900566,0.2070728499564902,0.05738163059073564,0.056789203493259326,0.0011421657382226075,0.041429005587706624,-0.2568180091652378,0.777086907927545,inf,green,False,unknown,0,0.020112374676256525,0.10432184000001143,0.03241502999992463,0.004498616999967453,0.0,0.13899999999999935,-0.0019999999999988916,-0.029999999999997584,16.09199200004241,2.1610539789931016
22.5,690.184357277,FOLLOW,1.1168767396446957,1.0823215698331274,0.21182301275909962,0.05680470536151987,0.056789203493259326,0.0011421657382226075,0.041429005587706624,-0.2568180091652378,0.777086907927545,inf,green,False,unknown,0,0.020112374676256525,0.30427132600004825,0.012256941000032384,0.02333916700001737,0.0,0.33899999999999864,-0.0019999999999988916,0.0,0.38125900005070434,2.1610539789931016
22.6,690.28432314,FOLLOW,1.1226708138595787,1.0873688524996832,0.21466840088691547,0.05680459848794896,0.07762804900811902,0.008114332037607589,0.023928485343400203,-0.08869421715306987,0.7903412216488097,inf,green,False,unknown,0,0.1045283520748914,0.07228451599996788,0.0022313609999855544,0.00260762599998543,0.0,0.13400000000000034,-0.0030000000000001137,-0.0019999999999988916,0.3025050000360352,2.1610539789931016
22.8,690.484209262,FOLLOW,1.1361379519332384,1.0990887608928155,0.22130221617528334,0.07803750349001842,0.07736071995566245,0.0025225524820459114,0.01668365382239396,-0.08897744267325017,0.7880759793183604,inf,green,False,unknown,0,0.03260766553738972,0.09474375100000998,0.10111466800003654,0.027408436000087022,0.0,0.17300000000000182,0.09800000000000253,0.028000000000002245,13.25333900001624,2.1610539789931016
23.0,690.734738888,FOLLOW,1.1553880093367659,1.1158314124299928,0.23080212677998507,0.05896772962021938,0.05881288302722161,-0.018894518634804756,0.008716659932394025,-0.26939786570735746,0.8201920494691379,inf,green,False,unknown,0,-0.3212649620672295,0.013346425000008821,0.040319875000022876,0.004998355999987325,0.0,0.045000000000001705,-0.0019999999999988916,-0.04400000000000048,12.164084999994884,2.1610539789931016
23.1,690.834969334,FOLLOW,1.161392322711081,1.121058405086374,0.23375683806421924,0.05881056085089622,0.058597065990942464,-0.02040009788051986,0.006248897208145934,-0.2712599108357428,0.8194554435899203,inf,green,False,unknown,0,-0.34814196812641046,0.033078768999985186,0.047255144000018845,0.003914867000048616,0.0,0.06400000000000006,-0.0019999999999988916,-0.045999999999999375,15.597920000004706,2.1610539789931016
23.3,691.034602977,FOLLOW,1.17136096057324,1.1297489527894158,0.23864028279315846,0.05859365574061718,0.04969482433970616,-0.015909103725268093,0.01822536067424821,-0.326597139444333,0.7522524418837315,inf,green,False,unknown,0,-0.3201360289859546,0.07335593499999504,0.02022570999997697,0.009087570000019696,0.0,0.11400000000000077,-0.0019999999999988916,-0.015999999999998238,0.39708500003143854,2.1610539789931016
23.5,691.234372378,FOLLOW,1.182639953800934,1.1395996564174324,0.24413384730502322,0.061864703345412636,0.061869614956235684,-0.011698128686958997,0.013099397574713012,-0.2119560378303521,0.7887809256397392,inf,green,False,unknown,0,-0.18907712122071274,0.05013295899993864,0.026485781000019415,0.009609089000036874,0.0,0.10200000000000031,-0.0019999999999988916,-0.019999999999999574,0.3679149999697984,2.1610539789931016
23.6,691.334437359,FOLLOW,1.1889510778239885,1.145116711500084,0.24719854725164797,0.0618739916344808,0.08302803359604034,0.00813948703784526,0.0009816352129021627,0.059589631864303015,0.7949754873921075,inf,green,False,unknown,0,0.09803299783596751,0.0015060850000736536,0.023404618000085975,0.004304475000026287,0.0,0.04100000000000037,-0.0019999999999988916,-0.021999999999998465,0.30245499999637104,2.1610539789931016
23.8,691.534605411,FOLLOW,1.2032253810919835,1.1575944060721959,0.2541312843986551,0.08895650199484498,0.08894096078352345,0.0008443067094572834,-0.0031966407536970273,0.02771157227124781,0.7925224620007545,inf,green,False,unknown,0,0.00949288946307058,0.04547920400000294,0.015050760000008268,0.02395688000001428,0.0,0.09800000000000253,-0.0019999999999988916,0.007999999999999119,0.4632269999547134,2.1610539789931016
24.0,691.734902653,FOLLOW,1.2217125767284154,1.173750350122135,0.263118045310826,0.0923417922288317,0.04993400277965078,-0.02258226970422802,0.005865184675036342,-0.3345286179119003,0.7641240426780391,inf,green,False,unknown,0,-0.45224232881708415,0.10603512899990619,0.017546860999914315,0.022979370999905768,0.0,0.16400000000000148,-0.0019999999999988916,0.004000000000001336,17.886502000010296,2.1610539789931016
24.1,691.834490568,FOLLOW,1.2297132164563602,1.1807434223285909,0.26700484052126966,0.049191450820352006,0.04993400277965078,-0.02258226970422802,0.005865184675036342,-0.3345286179119003,0.7641240426780391,inf,green,False,unknown,0,-0.45224232881708415,0.06877319800003079,0.009720248999997239,0.013674846999947476,0.0,0.11700000000000088,-0.0019999999999988916,0.0020000000000024443,0.37430999998377956,2.1610539789931016
24.3,692.034707445,FOLLOW,1.2369142564025466,1.1870420319018036,0.2704951800519566,0.031092122940994657,0.036966572689290926,-0.021813020258564936,0.03573329262309413,-0.5720056476054017,0.7485774463876329,inf,green,False,unknown,0,-0.5900741851809292,0.08734686699995109,0.09695200199996634,0.026518980999981068,0.0,0.14000000000000057,0.09799999999999898,0.03200000000000003,0.44037800000751304,2.1610539789931016
24.5,692.284707241,FOLLOW,1.2452220417279902,1.1943220106569423,0.2744978131442454,0.03273932582171525,0.030113428974268913,-0.02590053920792682,0.037201686956344016,-0.7057236087339338,0.6936901949329505,inf,green,False,unknown,0,-0.8600993008819456,0.0534084039999243,0.04097878499999297,0.03650657599996521,0.0,0.05799999999999983,-0.0019999999999988916,-0.006000000000000227,17.96663000004628,2.1610539789931016
24.6,692.384940477,FOLLOW,1.248476040255487,1.1971791366271396,0.2760551613899501,0.030106428661802045,0.030205416451826464,-0.026079923803774045,0.03621236185689425,-0.7033634943385328,0.694324038421622,inf,green,False,unknown,0,-0.8634187793890536,0.03715822100002697,0.028290470000001733,0.021856344999946486,0.0,0.054000000000002046,-0.0019999999999988916,-0.007999999999999119,21.052964999967116,2.1610539789931016
24.8,692.584430518,FOLLOW,1.2546301095266112,1.2025938486733907,0.2789797774316284,0.030198403925572923,0.030299523606850575,-0.02694733656105026,0.03785660175248029,-0.7210231725603484,0.7076347516837251,inf,green,False,unknown,0,-0.8893650247014973,0.005160326000009263,0.021917549000022518,0.011479940999947758,0.0,0.028999999999999915,-0.0019999999999988916,-0.012000000000000455,0.40103000003455236,2.1610539789931016
25.0,692.784566944,FOLLOW,1.2608300702038457,1.208064509873386,0.28189718834861544,0.03060115086217853,0.03060948235860963,-0.027797894279215682,0.040130513383888566,-0.7375022067238574,0.7253823693665299,inf,green,False,unknown,0,-0.9081465002754899,0.02543680599990239,0.02198412199993527,0.0074468679999881715,0.0,0.045999999999999375,-0.0019999999999988916,-0.015999999999998238,0.5933580000601069,2.1610539789931016
25.1,692.884523467,FOLLOW,1.2629109504266598,1.2099041908121142,0.2828696263243932,0.03060120996243772,0.030761148149689905,-0.028618324569224567,0.042314418891232,-0.754642107903404,0.739960769605976,inf,green,False,unknown,0,-0.9303399349712849,0.032612511000024824,0.016794862999972793,0.03327230499996858,0.0,0.05900000000000105,-0.0019999999999988916,0.01600000000000179,0.45816900001227623,2.1610539789931016
25.3,693.084855763,FOLLOW,1.2691955930462984,1.2154714603340198,0.2857854688368197,0.03110356287802158,0.0312626783836242,-0.029899987816501498,0.045995119144222885,-0.7779659263294322,0.767216039618854,inf,green,False,unknown,0,-0.9564115860323569,0.015403622999997424,0.010496839999973417,0.02348284499998954,0.0,0.04100000000000037,-0.0019999999999988916,0.012000000000000455,19.04909100005625,2.1610539789931016
25.5,693.284454892,FOLLOW,1.2755607914116989,1.221127252832019,0.2887056820564275,0.03125283203505531,0.019755292178064054,-0.020620717672151245,0.06718991163878774,-0.8745606762657266,0.5245691366312571,inf,green,False,unknown,0,-1.0438072738325856,0.02694781899992904,0.0020881430000372347,0.014763832999960869,0.0,0.05600000000000094,-0.0019999999999988916,0.007999999999999119,0.2692680000109249,2.1610539789931016
25.6,693.384987046,FOLLOW,1.2775577572711188,1.2229042607364675,0.2896167886209163,0.019753751470276117,0.01993424709209882,-0.020673029767039677,0.06634758458414575,-0.8699753392489973,0.5274167127804487,inf,green,False,unknown,0,-1.0370609770977346,0.028298510000013266,0.005453379999948993,0.012179110000033688,0.0,0.060000000000002274,-0.0019999999999988916,0.006000000000000227,0.4203830000051312,2.1610539789931016
25.8,693.584362455,FOLLOW,1.2816357830590468,1.2265383700018975,0.29146706462112826,0.020113735360269835,0.0201152999500614,-0.02072472672817651,0.06550525752950354,-0.8653396137175174,0.5302642889296395,inf,green,False,unknown,0,-1.0302966786291075,0.003590962999965086,0.0014065000000300643,0.005291258000056587,0.0,0.03400000000000247,-0.0019999999999988916,0.0019999999999988916,0.2779540000119596,2.1610539789931016
26.0,693.8345604,FOLLOW,1.2865900953961347,1.2309633717059887,0.29369518622914287,0.021106479211792564,0.028920645179812354,-0.014339661263833898,0.04847149186592989,-0.5848340862700672,0.5933757743750275,inf,green,False,unknown,0,-0.4958278480538012,0.034205186000008325,0.03359397400004127,0.01124453900001754,0.0,0.028999999999999915,-0.0019999999999988916,-0.036000000000001364,0.31727199996112176,2.1610539789931016
26.1,693.884641054,FOLLOW,1.2875615760156596,1.2318321893691073,0.29412984754829313,0.028924914662379744,0.029034788692309174,-0.014386309337009006,0.0482281868817899,-0.583538255969756,0.5949338631850867,inf,green,False,unknown,0,-0.49548524321858406,0.08428584000000683,0.08367462800003977,0.027019551999956093,0.0,0.12900000000000134,0.09800000000000253,0.030000000000001137,14.37365399999635,2.1610539789931016
26.3,694.13493871,FOLLOW,1.29476445801363,1.238280464314544,0.2973393952663202,0.033542797357970715,0.029877386624394407,-0.02239401722291694,0.010155053055432434,-0.5322211023340666,0.5802568811219594,inf,green,False,unknown,0,-0.7495306568959611,0.024125324999999975,0.03525962300000174,0.03151134100005493,0.0,0.019999999999999574,-0.0019999999999988916,-0.007999999999999119,15.446385000018381,2.1610539789931016
26.5,694.334606055,FOLLOW,1.3011138148458667,1.243977143135637,0.3001433413201482,0.029874525856777488,0.048874976606895285,-0.03493776544382104,0.016144188917351227,-0.5428554648873186,0.9600424747927309,inf,green,False,unknown,0,-0.714839532810989,0.015203681999992114,0.03266079799993804,0.03183289699995839,0.0,0.007999999999999119,-0.0019999999999988916,-0.012000000000000455,0.4850259999784612,2.1610539789931016
26.6,694.434782107,FOLLOW,1.3050426561488495,1.2475073712436977,0.3018676621651513,0.048836542752735974,0.02973768727567513,-0.022232805900845937,0.014351343688783436,-0.5517217334725042,0.5896250684055994,inf,green,False,unknown,0,-0.7476306309479539,0.0019105320000107895,0.03975175800007946,0.02965973400000621,0.0,-0.006000000000000227,-0.0019999999999988916,-0.013999999999999346,16.60615899993445,2.1610539789931016
26.8,694.634704772,FOLLOW,1.3124251681643042,1.2541522031039845,0.30508442568395117,0.029363149208965437,0.02936555612375221,-0.021945737956109015,0.01522711392734949,-0.5557845552957617,0.5847321875156924,inf,green,False,unknown,0,-0.7473292133009629,0.010919780999984141,0.03266633999999158,0.01623531500001718,0.0,0.013000000000001677,-0.0019999999999988916,-0.018000000000000682,0.4623510000101305,1.852331981994087
27.0,694.834664884,FOLLOW,1.3171678286757216,1.2584299832786854,0.30713220641072264,0.025618499119351677,0.018210240792354466,-0.01429591471660958,0.0053513121512438755,-0.528001831868673,0.35206535029322045,inf,green,False,unknown,0,-0.7850480880303182,0.024603306999892993,0.027183327999978246,0.0301563029998988,0.0,0.0259999999999998,-0.0019999999999988916,0.012000000000000455,0.438254000073357,2.1610539789931016
27.1,694.935675121,FOLLOW,1.3192883268672013,1.260344709207122,0.3080434344048916,0.018215026666932633,0.027403899485252556,-0.019604460686567796,0.02435834973820733,-0.582314594295246,0.5608177167700743,inf,green,False,unknown,0,-0.7153894538665186,0.015040114000044014,0.01465201700000307,0.026357382000014695,0.0,0.03100000000000236,-0.0019999999999988916,0.010000000000001563,16.70278199992481,2.1610539789931016
27.3,695.134565419,FOLLOW,1.3246280854576875,1.2651725609158753,0.31032484530835075,0.0274037283804925,0.03303426555682686,-0.026521383214386726,0.00026149194473948367,-0.5124687953542046,0.6279736770426814,inf,green,False,unknown,0,-0.8028446453202837,0.0012788759999011745,0.020699327999977868,0.028043446999959087,0.0,0.013000000000001677,-0.0019999999999988916,0.006000000000000227,0.3283309999915218,2.1610539789931016
27.5,695.334620377,FOLLOW,1.3312049345176358,1.2711314647978844,0.3131080651852709,0.03151137474662486,0.027010511733900445,-0.020440518455440235,0.021129262644879576,-0.5885184594518393,0.5562581135041895,inf,green,False,unknown,0,-0.756761614026945,0.13170758299997942,0.02091481999991629,0.024090704999935042,0.0,0.13800000000000168,-0.0019999999999988916,0.0019999999999988916,12.386871999979121,2.1610539789931016
27.6,695.434571362,FOLLOW,1.3341196431382012,1.2737769194843283,0.3143316226205988,0.02700967698524558,0.027010511733900445,-0.020440518455440235,0.021129262644879576,-0.5885184594518393,0.5562581135041895,inf,green,False,unknown,0,-0.756761614026945,0.02761797400000887,0.004013933999999608,0.014811368000096081,0.0,0.043000000000002814,-0.0019999999999988916,0.0,0.3493199999411445,2.1610539789931016
27.7,695.584664882,LANE_GRACE,1.3381586959786511,1.2774472198436806,0.3160176925209226,0.038263744063836674,0.036,-0.027736886039408097,0.027419933052781037,-0.5969936405337544,0.0007323332930793125,inf,green,False,unknown,0,-0.770469056650225,0.01822212000001855,0.06100397799991697,0.020961708999948314,0.05005225200000041,-0.013999999999999346,-0.0019999999999988916,-0.036000000000001364,13.237339000056636,2.1610539789931016
27.8,695.634484419,LANE_GRACE,1.3394465482450806,1.2786185665942624,0.3165529590433661,0.03786025502502043,0.036,-0.027736886039408097,0.027419933052781037,-0.5969936405337544,0.0007323332930793125,inf,green,False,unknown,0,-0.770469056650225,0.0005501030000232277,0.11082351499999277,0.014443054000025768,0.0,0.028000000000002245,0.09800000000000253,0.030000000000001137,0.35915999990265846,2.1610539789931016
27.8,695.68487323,FOLLOW,1.3418968101523823,1.2808485984199431,0.31756821279949143,0.0359923301565691,0.0198970726262899,-0.014372340680212157,0.018470454170730843,-0.5581102333453527,0.397158102018001,inf,green,False,unknown,0,-0.7223344333187012,0.05093891399997119,0.04788651399996979,0.016824856999960502,0.050388810999947964,0.028000000000002245,-0.003999999999997783,-0.038000000000000256,16.80488800002422,2.1610539789931016
28.0,695.892314813,FOLLOW,1.3469092617689922,1.2854162532209739,0.3196324739311185,0.02447952441467339,0.024555219025344528,-0.01879758063228539,0.010941719783036513,-0.544809328560834,0.48333333333333295,inf,yellow,False,unknown,0,-0.7655228248171426,0.05383710900002825,0.05518559899996944,0.015390762000038194,0.0,0.03200000000000003,-0.0019999999999988916,-0.04200000000000159,15.239906000033443,2.1610539789931016
28.1,695.935022507,FOLLOW,1.3477415657458809,1.286175433679093,0.3199736116481109,0.024479535330487693,0.024555219025344528,-0.01879758063228539,0.010941719783036513,-0.544809328560834,0.48333333333333295,inf,yellow,False,unknown,0,-0.7655228248171426,0.026573770000027253,0.09789329299997007,0.024834425999983978,0.0,0.06300000000000239,0.09800000000000253,0.02400000000000091,0.3893780000225888,2.1610539789931016
28.3,696.134614546,FOLLOW,1.3533327314707417,1.291280879147977,0.32225297901541106,0.042504907766510364,0.04489887603496888,-0.037388679722438485,-0.004536548343422903,-0.5052221268177651,0.8467386678354524,inf,yellow,False,unknown,0,-0.8327308615324539,0.029972607999980028,0.08588572799999383,0.023659178999992037,0.0,0.062000000000001165,0.09799999999999898,0.019999999999999574,0.3840660000378193,2.1610539789931016
28.5,696.385785912,FOLLOW,1.3638580173934498,1.300919318897846,0.3264816272289175,0.0415466441509845,0.039955454660923054,-0.03290974473894661,-0.0023319813646548726,-0.5112155055931777,0.7585006212512144,inf,yellow,False,unknown,0,-0.8236608747974719,0.02777532400000382,0.034772492000001876,0.021432194999988496,0.0,0.027000000000001023,-0.0019999999999988916,-0.018000000000000682,14.33536800004731,2.1610539789931016
28.6,696.485174052,FOLLOW,1.3679890941868216,1.3047120951795907,0.32811889002435096,0.03994299992107289,0.039955454660923054,-0.03290974473894661,-0.0023319813646548726,-0.5112155055931777,0.7585006212512144,inf,yellow,False,unknown,0,-0.8236608747974719,0.019062910000002375,0.035841711000102805,0.016325671999993574,0.0,0.01600000000000179,-0.0019999999999988916,-0.019999999999999574,0.332616999912716,2.1610539789931016
28.8,696.685032959,FOLLOW,1.3761824748959728,1.312250576273184,0.33132864871168605,0.04039070092005656,0.03850532788351179,-0.03304406765347977,-0.021411234602048024,-0.4310538244683416,0.6666666666666655,inf,yellow,False,unknown,0,-0.8581687124817196,0.03184351599998081,0.03125427399993441,0.007266707999974642,0.0,0.045000000000001705,-0.0019999999999988916,-0.02400000000000091,0.3778450000027078,2.1610539789931016
29.0,696.884959428,FOLLOW,1.383549291125201,1.3190471268638253,0.3341706023753141,0.04877797251425818,0.0391694564900864,-0.03390519453047883,-0.02480546424308852,-0.4169630846958261,0.6666666666666653,inf,yellow,False,unknown,0,-0.8656028847135029,0.01985088399999313,0.024796372999958294,0.03292017399996894,0.0,0.0259999999999998,-0.0019999999999988916,0.006000000000000227,17.70935299998655,2.1610539789931016
29.1,696.98577179,FOLLOW,1.3883432274705305,1.323480124675795,0.33599551974735714,0.04320458927331536,0.024425893697778728,-0.017829044107701718,0.05177484559169271,-0.7056092737123127,0.5626144706453187,inf,yellow,False,unknown,0,-0.7299239212411326,0.0173833009999953,0.023662213999955384,0.033766707999916434,0.0,0.022000000000002018,-0.0019999999999988916,0.004000000000001336,15.912105000097654,2.1610539789931016
29.3,697.184745819,FOLLOW,1.3951067618833635,1.3297469666926418,0.33853952909512747,0.043371838314245494,0.03932731207013342,-0.03403158432964336,-0.02536316558048826,-0.4136838831734418,0.6666666666666653,inf,yellow,False,unknown,0,-0.8653422402465225,0.009457270999973844,0.0247741829999768,0.025916049999977986,0.0,0.015000000000000568,-0.0019999999999988916,0.0,0.36688499994852464,2.593264774791722
29.5,697.43496195,FOLLOW,1.403900865113813,1.3379161966143385,0.3417952332307172,0.034865435481766814,0.03487310149118477,-0.028204605340930517,-0.0013268190525523582,-0.5077930241757913,0.6595324638556651,inf,yellow,False,unknown,0,-0.8087782312123882,0.03774724000004426,0.04849551200004498,0.013902560000019548,0.0,0.0259999999999998,-0.0019999999999988916,-0.038000000000000256,0.3695499999594176,2.1610539789931016
29.6,697.535046239,FOLLOW,1.4074571399611637,1.3412262361481406,0.34309551077687234,0.03486543734230562,0.03490962463499571,-0.028297375860833255,-0.0008284565742900651,-0.511360914471786,0.6628180714836767,inf,yellow,False,unknown,0,-0.8105895195580562,0.031446553000023414,0.030737756999997146,0.012394559000085792,0.0,0.021000000000000796,-0.0019999999999988916,-0.03999999999999915,0.3647599999112572,2.1610539789931016
29.8,697.684582492,FOLLOW,1.4125836328360455,1.346004270556197,0.34495327218984073,0.018466372476720942,0.018455021853129576,-0.016997795136437756,0.07557239356376333,-0.8571104052128633,0.4833333333333326,inf,yellow,False,unknown,0,-0.9210390142970919,0.012055338999971354,0.008096711999996842,0.0003071889999546329,0.0,0.036999999999999034,-0.0019999999999988916,-0.00999999999999801,0.41575099999136,2.1610539789931016
30.0,697.884623704,FOLLOW,1.4158489180801774,1.349052040799182,0.3461250983907753,0.0197245881297037,0.018560223470661726,-0.01707467521821824,0.07322417740629106,-0.8499849496247904,0.48333333333333234,inf,yellow,False,unknown,0,-0.9199606483838031,0.028412581999987196,0.0021067740000262347,0.02369325199993,0.0,0.05900000000000105,-0.0019999999999988916,0.019999999999999574,14.724867000040831,2.1610539789931016
30.1,697.984885993,FOLLOW,1.4178230341378224,1.3508963609689184,0.346829098654034,0.018563911771796653,0.026547293813150713,-0.022435064109445218,-0.02091476768152503,-0.4255746599782521,0.45659943881530535,inf,red,False,unknown,0,-0.8450979699607489,0.026879329000053076,0.10236906300008286,0.022825229000090985,0.0,0.052000000000003155,0.09800000000000253,0.018000000000000682,14.293415999986792,2.1610539789931016
30.3,698.184855463,FOLLOW,1.422684026723476,1.355442872980526,0.34854911203994104,0.02654550191785395,0.018582716424940093,-0.017130201719473975,0.07248569262841237,-0.8484719386269581,0.48333333333333284,inf,red,False,unknown,0,-0.9218351788699374,0.02007727899990641,0.09953675599990675,0.01592691499990906,0.0,0.05799999999999983,0.09799999999999898,0.013999999999999346,0.4808660000890086,2.1610539789931016
30.5,698.43547003,FOLLOW,1.4276767440270428,1.3601199859931703,0.35029605245319323,0.024136831615722425,0.024423996514662375,-0.021756376064721916,0.03162484094194745,-0.6977336940521304,0.5585634149490977,inf,red,False,unknown,0,-0.8907787082126787,0.0006801150000228517,0.03858364600000641,0.0166292760000033,0.0,-0.010000000000001563,-0.0019999999999988916,-0.02400000000000091,14.626270000007935,1.852331981994087
30.6,698.535184996,FOLLOW,1.4301577417792346,1.3624469624879088,0.3511565918998649,0.02442289430832261,0.024423996514662375,-0.021756376064721916,0.03162484094194745,-0.6977336940521304,0.5585634149490977,inf,red,False,unknown,0,-0.8907787082126787,0.02870703600001434,0.03928497799995512,0.011763238999947134,0.0,0.02500000000000213,-0.0019999999999988916,-0.0259999999999998,0.3844139999955587,1.852331981994087
30.8,698.73474238,FOLLOW,1.4351273762816823,1.3671136132960864,0.35286527564322007,0.024297230010287864,0.024401988812443334,-0.02185869353453465,0.032232921979928275,-0.702354277489164,0.5604090988883257,inf,red,False,unknown,0,-0.89577508220921,0.017475717999900553,0.040436289999888686,0.01042358699999113,0.0,0.012000000000000455,-0.0019999999999988916,-0.029999999999997584,16.647925000029318,1.852331981994087
31.0,698.934854467,FOLLOW,1.4392753265144143,1.371014297390826,0.35427599773090923,0.02450792586893543,0.024509248993643495,-0.02194145141584632,0.03105881390119203,-0.6975300285054057,0.5604090988883257,inf,red,False,unknown,0,-0.8952314867557494,0.01721201700001984,0.03659079500005191,0.03738488099997994,0.0,0.007999999999999119,-0.0019999999999988916,0.0,0.41724300001533265,1.852331981994087
31.1,699.036522446,FOLLOW,1.4417751341475245,1.3733675355893376,0.3551193873193111,0.02450791329896346,0.05811431408067614,-0.049112981005531,-0.07970733783735522,-0.06125752730527798,0.5584513502894787,inf,red,False,unknown,0,-0.8451098801123386,0.015008388000069317,0.027870172000007187,0.028233825000029356,0.0,0.021000000000000796,-0.0019999999999988916,-0.0019999999999988916,0.46018999989883014,1.852331981994087
31.3,699.234878747,FOLLOW,1.450471605016915,1.3815671277730064,0.3580167942573198,0.02988313487157027,0.03133179613740314,-0.027274915938278032,0.007652631739802657,-0.5855125902416155,0.6432891576728003,inf,red,False,unknown,0,-0.8705187477496031,0.0812489770000866,0.03091127499999402,0.019147518000067976,0.0,0.08500000000000085,-0.0019999999999988916,-0.006000000000000227,0.34772699996210577,2.1610539789931016
31.5,699.434721261,FOLLOW,1.4568776580578577,1.387620927623852,0.36011177019829965,0.03187404864155961,0.03188198014396719,-0.027961505226067385,0.012282947938603545,-0.6100052467921805,0.6708534838235621,inf,red,False,unknown,0,-0.8770316366738705,0.04193628000007266,0.02698946700002125,0.018208162000064476,0.0,0.04400000000000048,-0.0019999999999988916,-0.010000000000001563,0.32862399996247404,1.852331981994087
31.6,699.534879768,FOLLOW,1.4601288069259866,1.3906976634169297,0.3611623223145376,0.031873990304246584,0.03194166089261275,-0.028091417926492248,0.012102803699152398,-0.6104480286422668,0.6724039225104239,inf,red,False,unknown,0,-0.8794601514597207,0.007598829000016849,0.021566627999959564,0.017785020000019358,0.0,0.012000000000000455,-0.0019999999999988916,-0.011999999999996902,0.4146190000255956,2.1610539789931016
31.8,699.734910858,FOLLOW,1.466659853165391,1.396887130998564,0.3632467761718794,0.032099484212588944,0.03233654949599022,-0.028203340783132552,0.010552586448307727,-0.5996887168195155,0.6734684098336919,inf,red,False,unknown,0,-0.8721815166652153,0.004210314000033577,0.031945136999979695,0.014397486999996545,0.0,0.0030000000000001137,-0.0019999999999988916,-0.015999999999998238,0.34575899996980297,2.1610539789931016
32.0,699.935068924,FOLLOW,1.4731663852250705,1.4030648655801399,0.36528894327970496,0.0314522417410407,0.042021677789530795,-0.03416893729158655,-0.002291968580418885,-0.5053698158245947,0.7926074725197491,inf,red,False,unknown,0,-0.8131264406605712,0.0027429579999989073,0.029214035999984844,0.009266737999951147,0.0,0.006000000000000227,-0.0020000000000024443,-0.020000000000003126,0.32700400004159746,1.852331981994087
32.1,700.035044354,FOLLOW,1.4773844787720327,1.4070758352564714,0.36659447765489667,0.04200672066778677,0.04079337391803408,-0.02181843075819799,-0.007838493182970238,-0.3043912496244762,0.5986353256358864,inf,red,False,unknown,0,-0.5348523219000628,0.004992630999936409,0.03278603599994767,0.011968583999987459,0.0,0.0020000000000024443,-0.001999999999995339,-0.021999999999998465,15.346760000056747,2.1610539789931016
32.2,700.134932898,FOLLOW,1.4815881397208677,1.4110771178000308,0.36788307968606704,0.04079199089249416,0.04079337391803408,-0.02181843075819799,-0.007838493182970238,-0.3043912496244762,0.5986353256358864,inf,red,False,unknown,0,-0.5348523219000628,0.04094069899997521,0.03047950600000604,0.007125429999973676,0.0,0.03800000000000381,-0.001999999999995339,-0.023999999999993804,0.3235389999645122,2.1610539789931016
32.4,700.33483434,FOLLOW,1.4899432360062086,1.4190384454806615,0.37041779660214574,0.04112533597078523,0.05323762139600621,-0.026516853611968226,-0.013574421401146189,-0.2450193700954803,0.7154020212132,inf,red,False,unknown,0,-0.49808486774274763,0.01126976500006549,0.026451926000049752,0.0002653610000606932,0.0,0.013999999999995794,-0.0020000000000024443,-0.027999999999998693,13.844105999964995,2.1610539789931016
32.5,700.43525877,FOLLOW,1.4931131433853684,1.42206191631881,0.37137012757360083,0.05259488501492061,0.05301760636700961,-0.02751712518094642,-0.013150602546733656,-0.261454432657153,0.730598557090221,inf,red,False,unknown,0,-0.5190186254441892,0.010928551000006337,0.026487997000003816,0.03259086000002753,0.0,0.014000000000002899,-0.0020000000000024443,0.003999999999997783,15.371881999953985,2.1610539789931016
32.6,700.535110323,FOLLOW,1.4985344526963287,1.427236766662088,0.3729861421754788,0.05301000370886137,0.05301760636700961,-0.02751712518094642,-0.013150602546733656,-0.261454432657153,0.730598557090221,inf,red,False,unknown,0,-0.5190186254441892,0.04230977600002461,0.011104688000045826,0.014678560999982437,0.0,0.05100000000000193,-0.001999999999995339,0.0020000000000024443,0.38939499995649385,2.1610539789931016
32.7,700.685361941,FOLLOW,1.5057452212773945,1.434126505146486,0.37511373069325393,0.053053241356542935,0.05298335789781759,-0.02873272815302352,-0.014907729481212897,-0.26583955714879554,0.7349669908112293,inf,red,False,unknown,0,-0.5422972286587943,0.034978463000015836,0.04387833800001317,0.01585045399997398,0.0,0.02400000000000091,-0.0030000000000001137,-0.03399999999999892,14.51845899998716,1.852331981994087
32.9,700.834823621,FOLLOW,1.5147536566190383,1.4427449296834862,0.37773566116924123,0.0529742686803183,0.034709470633998374,-0.03672297276605427,-0.01440772540194335,-0.5861104311319939,0.7130702302344878,inf,red,False,unknown,0,-1.0580101653893748,0.031489276000002064,0.0036524300001019583,0.0016336210001099971,0.0,0.06799999999999784,-0.0020000000000024443,-0.0040000000000048885,0.3857999998899686,1.852331981994087
33.0,700.984963663,FOLLOW,1.5183052919783089,1.4461474740107885,0.3787538903240665,0.0346911355897319,0.034995435352254474,-0.03694193793056537,-0.015442307749871376,-0.5799448563548357,0.7144499347779156,inf,red,False,unknown,0,-1.0556216134680976,0.028259087000037653,0.03179166200004602,0.03113939100001062,0.0,0.01899999999999835,-0.0020000000000024443,-0.006000000000000227,0.40582399992672435,1.852331981994087
33.1,701.085441403,FOLLOW,1.521862813484962,1.4495594669524101,0.37976099049289314,0.034976755296446,0.034995435352254474,-0.03694193793056537,-0.015442307749871376,-0.5799448563548357,0.7144499347779156,inf,red,False,unknown,0,-1.0556216134680976,0.02330442100003438,0.031235955000056492,0.027386288000002423,0.0,0.015999999999998238,-0.001999999999995339,-0.007999999999995566,0.3633730000274227,1.852331981994087
33.2,701.18619423,FOLLOW,1.5254304360178046,1.4529848429866232,0.3807583453695357,0.034976632683938066,0.03532325852445236,-0.036909738383625046,-0.01587490991003354,-0.571782231850242,0.7151357292732377,inf,red,False,unknown,0,-1.0449131797417401,0.017615395000007084,0.03203100399991854,0.023832285999901615,0.0,0.017000000000003013,-0.001999999999995339,-0.00999999999999801,19.446172000016304,1.852331981994087
33.4,701.385066563,FOLLOW,1.531409427663823,1.4587335921287705,0.3824015485585369,0.03530427888812157,0.03557018432981064,-0.03692567982008005,-0.015986070816266768,-0.5673402858831038,0.716843172469036,inf,red,False,unknown,0,-1.0381076318778981,0.06608952600004159,0.0053473030000077415,0.029515090000018063,0.0,0.07600000000000051,-0.0020000000000024443,0.01999999999999602,0.435723999999027,1.852331981994087
33.5,701.48534652,FOLLOW,1.535026902120652,1.4622166018219172,0.3833786625698964,0.03555105075815797,0.035812287633867304,-0.03691476523406413,-0.016147672667107094,-0.5623440291650351,0.7179946078165212,inf,red,False,unknown,0,-1.030784897392431,0.025037447000045177,0.006715330000020003,0.02574358599997595,0.0,0.04399999999999693,-0.0020000000000024443,0.018000000000000682,15.968845999964287,1.852331981994087
33.6,701.586252127,FOLLOW,1.5386609963150377,1.4657192045046203,0.38434737397180313,0.03579302400734234,0.035556965500171664,-0.03643698903839913,-0.015941246353306543,-0.5598388523856734,0.7110199366667032,inf,red,False,unknown,0,-1.0247496805716791,0.017050005999976747,0.0048786080000127185,0.020096408999961568,0.0,0.045000000000001705,-0.001999999999995339,0.015999999999998238,17.926270000089062,2.1610539789931016
33.7,701.685163697,FOLLOW,1.542303563578863,1.469233516718186,0.38530544115108284,0.035538091866855206,0.035556965500171664,-0.03643698903839913,-0.015941246353306543,-0.5598388523856734,0.7110199366667032,inf,red,False,unknown,0,-1.0247496805716791,0.009488223000062135,0.003915548999998464,0.021352236999973684,0.0,0.04700000000000415,-0.001999999999995339,0.014000000000002899,0.3621839999823351,2.1610539789931016
33.9,701.9351018,FOLLOW,1.5502163211870745,1.476879625003347,0.38734221138517355,0.03164070217726863,0.03184602290819775,-0.032756314844909824,-0.020555946092903038,-0.5397234545373225,0.6234678054284646,inf,red,False,unknown,0,-1.0285841638479054,0.01845591799997237,0.04862486100000751,0.020862310999973488,0.0,0.0,-0.0020000000000024443,-0.02400000000000091,21.222107999960826,1.852331981994087
34.0,702.036411936,FOLLOW,1.5534498761859032,1.480008877135689,0.3881568590045276,0.03183100441471581,0.03216560666960113,-0.03301415135774983,-0.020663285820621713,-0.5378861466439772,0.6284932686212087,inf,red,False,unknown,0,-1.026380496934654,0.05258611200008545,0.04205094200005988,0.014761255000053097,0.0,0.03399999999999892,-0.0020000000000024443,-0.026000000000003354,14.056526999979724,2.1610539789931016
34.1,702.135025374,FOLLOW,1.5567179047354667,1.4831741655921176,0.3889698479938354,0.03215015179799802,0.03216560666960113,-0.03301415135774983,-0.020663285820621713,-0.5378861466439772,0.6284932686212087,inf,red,False,unknown,0,-1.026380496934654,0.011379051999938383,0.036512213999913,0.008571015999905285,0.0,0.0020000000000024443,-0.001999999999995339,-0.027999999999998693,0.34714600008101115,2.1610539789931016
34.2,702.235236326,FOLLOW,1.5599972126556634,1.4863530377302785,0.3897752198128424,0.032150007770314556,0.03726071995443049,-0.03897244113801813,-0.023361553987769762,-0.5362980531890633,0.7268154073699199,inf,red,False,unknown,0,-1.0459390260220698,0.0350228289998995,0.03454500399993776,0.011300435999942238,0.0,0.03900000000000148,-0.001999999999995339,-0.02999999999999403,0.38197000003492576,2.1610539789931016
34.4,702.434891702,FOLLOW,1.5663309720451501,1.4925003287239254,0.39130073181964586,0.03739171412714789,0.03576463020372148,-0.036687026580978624,-0.021162453502952427,-0.5350763103148996,0.6967220510556812,inf,red,False,unknown,0,-1.0257907427534694,0.006944116999989092,0.0305204279999316,0.03276116099993942,0.0,0.00999999999999801,-0.0020000000000024443,0.0,13.437702000032914,2.1610539789931016
34.5,702.535175834,FOLLOW,1.5700911416353307,1.496154416845675,0.3921875802086335,0.03574407486487487,0.032694279930673524,-0.033847583554906,-0.027793095002125512,-0.507602420534119,0.6181959917229033,inf,red,False,unknown,0,-1.0352753945545823,0.000871313000061491,0.017390587000022606,0.018311052000058226,0.0,0.014000000000002899,-0.0020000000000024443,-0.0020000000000024443,13.00019699999666,2.1610539789931016
34.6,702.635347946,FOLLOW,1.5735326330663242,1.4995017415466738,0.3929871238755511,0.0326770446152399,0.032715978057276635,-0.0336715041195774,-0.02765245276690212,-0.504566247511752,0.6165368646864072,inf,red,False,unknown,0,-1.029206709352473,0.030658259999995607,0.00948667000000114,0.0045929679999971995,0.0,0.04200000000000159,-0.001999999999995339,-0.003999999999997783,11.820393999983025,2.1610539789931016
34.7,702.734972654,FOLLOW,1.5768671408662196,1.5027476380068172,0.39375072663154526,0.03269879311685986,0.032715978057276635,-0.0336715041195774,-0.02765245276690212,-0.504566247511752,0.6165368646864072,inf,red,False,unknown,0,-1.029206709352473,0.027767696999944746,0.0034470399999690926,0.0016635670000368918,0.0,0.05300000000000438,-0.001999999999995339,-0.006000000000000227,0.3996440000264556,2.1610539789931016
34.9,702.985008421,FOLLOW,1.5835686516266254,1.5092786871206063,0.39525255263434833,0.03303023266496162,0.03304756170278864,-0.03351046293922877,-0.02799406046734207,-0.4933748991445916,0.6150804604834057,inf,red,False,unknown,0,-1.0140071222380398,0.10515523799995208,0.03827533799994853,0.03395194500001253,0.0,0.08399999999999608,-0.0020000000000024443,-0.00999999999999801,0.4342340000675904,1.852331981994087
35.0,703.084943119,FOLLOW,1.5869377267612468,1.5125658041742556,0.39599114548210995,0.033030065849851596,0.03469111545273152,-0.035003873394853294,-0.031027717768165763,-0.47439171648954404,0.6319504997427261,inf,red,False,unknown,0,-1.009015505498747,0.009042604999990544,0.031611268999995445,0.02612045599994417,0.0,0.006000000000000227,-0.0020000000000024443,-0.012000000000000455,0.4507040000589768,1.852331981994087
35.1,703.185209891,FOLLOW,1.590472021031324,1.5160167421767048,0.39675419965499414,0.03467162401418154,0.02760920457472299,-0.027749560015734785,-0.03366614030961389,-0.45784330252664235,0.49342440067737614,inf,red,False,unknown,0,-1.0050836466741346,0.00889866800002892,0.035744821999969645,0.021736673999953382,0.0,0.005000000000002558,-0.001999999999995339,-0.013999999999995794,0.38598699995873176,2.1610539789931016
35.2,703.285343153,FOLLOW,1.5932961744566485,1.518776176492343,0.3973553321872646,0.027598399781307337,0.02787272946575557,-0.027756269023535517,-0.03337972638739875,-0.45341783190433116,0.4955642572900226,inf,red,False,unknown,0,-0.9958217065765613,0.009548172999984672,0.018151036999938697,0.006497979999949166,0.0,0.014000000000002899,-0.001999999999995339,-0.015999999999998238,12.436018000016702,1.852331981994087
35.4,703.485143732,FOLLOW,1.59897066046314,1.524325569794864,0.3985402146406387,0.02786165469680533,0.02796916451971782,-0.027766446557150676,-0.033586594084115184,-0.45032195148760734,0.4954748865809251,inf,red,False,unknown,0,-0.9927520908812192,0.028659762999950544,0.023226248000014493,0.002872982999974738,0.0,0.04099999999999682,-0.0020000000000024443,-0.020000000000003126,0.37904400005572825,1.852331981994087
35.5,703.584965526,FOLLOW,1.6008716757400738,1.52618612338251,0.3989303411186161,0.027957988260967598,0.02800226162339774,-0.027535668742025354,-0.03337815896870007,-0.4453693928495368,0.4931719772288674,inf,red,False,unknown,0,-0.983337314405258,0.05425627900001473,0.020498524999993606,0.03629409799998484,0.0,0.06700000000000017,-0.0020000000000024443,0.012000000000000455,19.75417500000276,2.1610539789931016
35.6,703.685338508,FOLLOW,1.6037244701947162,1.528979533957416,0.3995093825697547,0.02799122346642461,0.019851106112910327,-0.02186054731073281,-0.022150269574917447,-0.57492484957628,0.40319451335524736,inf,red,False,unknown,0,-1.1012256539455816,0.04152451499999188,0.01723889999993844,0.03159162800000104,0.0,0.05700000000000216,-0.001999999999995339,0.00999999999999801,15.925313000025199,2.1610539789931016
35.7,703.785493323,FOLLOW,1.6063132026665334,1.5315157462502362,0.4000281887845709,0.019846975763911902,0.031409557546218665,-0.031317478452920475,-0.06607023747216884,-0.2640239977549657,0.4345145826990577,inf,red,False,unknown,0,-0.9970684371098606,0.06689262399993368,0.015505716000006942,0.025174079999942478,0.0,0.08200000000000074,-0.001999999999995339,0.008000000000002672,14.519895000034921,2.1610539789931016
35.9,703.98496436,FOLLOW,1.6124110030134355,1.5374954815657182,0.40122225830024666,0.03165306884452563,0.03166950979333777,-0.031481937301788165,-0.06637385003105198,-0.25991085381559315,0.43539694265922535,inf,red,False,unknown,0,-0.9940771899289372,0.017330280000010134,0.008649648000073284,0.012404540000034103,0.0,0.036999999999999034,-0.0020000000000024443,0.003999999999997783,0.5066659999783951,2.1610539789931016
36.0,704.091759469,FOLLOW,1.6156396062561047,1.5406645304093185,0.4018395108692305,0.031652884997013714,0.03249084271366623,-0.03177796913873705,-0.06691460453546673,-0.2445977524869198,0.43632342061740137,inf,red,False,unknown,0,-0.9780592463786935,0.021193000999915057,0.017926455999941027,0.019143318999908843,0.0,0.03999999999999915,-0.0020000000000024443,0.0020000000000024443,0.4186600000366525,1.852331981994087
36.1,704.185362543,FOLLOW,1.6189508250124232,1.5439166492615215,0.4024623146025642,0.03247366564504464,0.03289486487039021,-0.031796745092508946,-0.0666124941403079,-0.23796819200839517,0.43720578057756904,inf,red,False,unknown,0,-0.9666172886799206,0.0027959399999417656,0.01016252700003406,0.01250632599999335,0.0,0.02499999999999858,-0.001999999999995339,0.0,16.39567100005479,2.1610539789931016
36.2,704.28518912,FOLLOW,1.6211722214652706,1.5460994936506556,0.4028743718786808,0.03287754008462126,0.03289486487039021,-0.031796745092508946,-0.0666124941403079,-0.23796819200839517,0.43720578057756904,inf,red,False,unknown,0,-0.9666172886799206,0.03152435200001946,0.10998910400007844,0.037075722000054157,0.0,0.054999999999999716,0.09800000000000608,0.03200000000000358,0.5683729999645948,2.1610539789931016
36.4,704.485023561,FOLLOW,1.627936582723134,1.5527517132988629,0.4041009143986974,0.03344720523385307,0.03389204413595608,-0.03216530460566761,-0.06691760886291535,-0.22294670741292733,0.4398528604580719,inf,red,False,unknown,0,-0.9490517738215568,0.028519303000052787,0.09890873300003022,0.025827525000067908,0.0,0.05799999999999983,0.09799999999999898,0.027999999999998693,12.672006000002511,2.1610539789931016
36.5,704.585597243,FOLLOW,1.6313621208037465,1.5561234001883442,0.40470591830175684,0.03387367074014684,0.03419040071185381,-0.03234441196497447,-0.06722122142179851,-0.21874941912397558,0.44073522041823965,inf,red,False,unknown,0,-0.9460085664851733,0.027704210000024432,0.004963128000099459,0.032921593000082794,0.0,0.054999999999999716,-0.0020000000000024443,0.026000000000003354,13.270189999957438,1.852331981994087
36.6,704.685152747,FOLLOW,1.6348269632479917,1.559535716659451,0.4053069343515972,0.034171607022826386,0.03419040071185381,-0.03234441196497447,-0.06722122142179851,-0.21874941912397558,0.44073522041823965,inf,red,False,unknown,0,-0.9460085664851733,0.02549832499994409,0.10451863200000844,0.031009004999987155,0.0,0.04899999999999949,0.09799999999999898,0.02400000000000091,0.7268770000337099,1.852331981994087
36.7,704.785043482,FOLLOW,1.6383124555773048,1.5629702964425778,0.4059004907038811,0.034171392306291994,0.03483499849755817,-0.03249323547960141,-0.06745836336733006,-0.2073606762309168,0.440779338416248,inf,red,False,unknown,0,-0.9327755671319776,0.02501925800004301,0.005847019000043474,0.03157252999994853,0.0,0.04700000000000415,-0.001999999999995339,0.02200000000000557,0.4619899999624977,2.1610539789931016
36.9,704.985036809,FOLLOW,1.6454611658504161,1.5700204181366566,0.4070835662399802,0.03552324721642577,0.03554322979862643,-0.03278397399832553,-0.06776272700807533,-0.19764165835533884,0.4425440583365833,inf,red,False,unknown,0,-0.922369018912076,0.04039134100003139,0.0857396469999685,0.020787112999983037,0.0,0.07799999999999585,0.09799999999999898,0.018000000000000682,0.8455769999500262,2.1610539789931016
37.0,705.135317656,FOLLOW,1.6502902876358203,1.5747872040877384,0.40785695775705383,0.03546122338811686,0.03658165771468569,-0.033141004022816646,-0.06830348151249016,-0.18189232177969228,0.4434705362947593,inf,red,False,unknown,0,-0.9059459328304907,0.02254348199994638,0.03504780399998708,0.018874328000038076,0.0,0.017000000000003013,-0.0020000000000024443,-0.018000000000000682,19.260197999983575,2.1610539789931016
37.1,705.234960539,FOLLOW,1.6539432540104715,1.5783952169663984,0.4084282684313612,0.036560767591994676,0.03658165771468569,-0.033141004022816646,-0.06830348151249016,-0.18189232177969228,0.4434705362947593,inf,red,False,unknown,0,-0.9059459328304907,0.03224359499995444,0.030618638999953873,0.0018613690000393035,0.0,0.03900000000000148,-0.001999999999995339,-0.01999999999999602,0.4061189999902126,2.1610539789931016
37.2,705.33503843,FOLLOW,1.6576850426800198,1.582092859200036,0.40900134175279207,0.03694640542783038,0.03696744566670112,-0.03306693573913177,-0.06722647899483357,-0.18028795714210705,0.44691174013941315,inf,red,False,unknown,0,-0.89448797834894,0.010123115000055805,0.018031808000046112,0.0011274610000100438,0.0,0.026000000000003354,-0.001999999999995339,-0.021999999999998465,0.5557719999842448,1.852331981994087
37.4,705.53550705,FOLLOW,1.6639815190839509,1.5883192253562441,0.4099382961271903,0.03718027757091193,0.037969556989015406,-0.03338806177330245,-0.06800287328105553,-0.16396880223299826,0.44611761617526224,inf,red,False,unknown,0,-0.879337669990767,0.031081803999995827,0.024172022000016113,0.033668586999965555,0.0,0.04399999999999693,-0.0020000000000024443,0.007999999999995566,12.608028000045124,2.1610539789931016
37.5,705.635138248,FOLLOW,1.667798973815656,1.5920966474286125,0.4104896863764816,0.03794759083483467,0.037969556989015406,-0.03338806177330245,-0.06800287328105553,-0.16396880223299826,0.44611761617526224,inf,red,False,unknown,0,-0.879337669990767,0.02800097800002277,0.018605315999934646,0.025839489999953003,0.0,0.045999999999999375,-0.0020000000000024443,0.006000000000000227,0.39367800002310105,2.1610539789931016
37.6,705.735371352,FOLLOW,1.6716696173016163,1.5959285341889995,0.4110360493977221,0.03794739539074884,0.03906341375802957,-0.03387003932956171,-0.06884648926249132,-0.14931493318333644,0.4470440941334383,inf,red,False,unknown,0,-0.8670527245612181,0.05660545299997466,0.01611456399996314,0.02118999900005747,0.0,0.0730000000000004,-0.001999999999995339,0.0040000000000048885,0.48863699998946686,2.1610539789931016
37.7,705.835226549,FOLLOW,1.6756503066184743,1.5998712271204758,0.411584726443685,0.039040447465435196,0.03939561471234128,-0.03370114509247172,-0.06776948674483474,-0.14769308347135263,0.4495147020219079,inf,red,False,unknown,0,-0.8554542260236472,0.045276185000034275,0.0071048370000426075,0.010659192000048279,0.0,0.06700000000000017,-0.001999999999995339,0.0020000000000024443,14.994143999956577,1.852331981994087
37.9,706.035412139,FOLLOW,1.6839832576703258,1.6081304638194742,0.41269053480663287,0.044061320492603986,0.04475779386577972,-0.036876937371961765,-0.056119421858940505,-0.1998650844393742,0.5593466207628346,inf,red,False,unknown,0,-0.8239221415279945,0.03436724799996682,0.002362497999911284,0.004769387000010283,0.0,0.06400000000000006,-0.0030000000000001137,-0.0020000000000024443,17.719029000090813,2.1610539789931016
38.0,706.13535035,FOLLOW,1.688522128242326,1.6126323063327528,0.41326910154196295,0.04473039530551426,0.04475779386577972,-0.036876937371961765,-0.056119421858940505,-0.1998650844393742,0.5593466207628346,inf,red,False,unknown,0,-0.8239221415279945,0.016444844999909947,0.005048821999935171,0.004132256999923811,0.0,0.045999999999999375,-0.0030000000000001137,-0.003999999999997783,0.338175000024421,2.1610539789931016
38.1,706.235293185,FOLLOW,1.693084620207035,1.6171596842687312,0.4138340449398738,0.04473024091216389,0.04544262034215342,-0.03689899638618822,-0.05567584925734625,-0.19407599913632934,0.5624243767320349,inf,red,False,unknown,0,-0.8119909483291838,0.03241292500001691,0.00402762300006998,0.0022564230000625685,0.0,0.06400000000000006,-0.0030000000000001137,-0.006000000000000227,0.7118899999341011,2.1610539789931016
38.2,706.335972191,FOLLOW,1.6961719345589374,1.6202243979675497,0.4142069206006985,0.04541494441564302,0.046411136823584026,-0.03687348147548009,-0.055849075376198376,-0.1803070212186604,0.5610980950305361,inf,red,False,unknown,0,-0.7944964075248134,0.025315153999940776,0.004648855000027652,0.0331743250000045,0.0,0.045999999999999375,-0.0030000000000001137,0.026000000000003354,24.42386699999588,2.1610539789931016
38.4,706.536231194,FOLLOW,1.7055670002355865,1.6295561485970393,0.4152956365350229,0.04638324608946919,0.0472307214280142,-0.03674525687418603,-0.05510264129758314,-0.17320297408928317,0.5640164581441703,inf,red,False,unknown,0,-0.7779948254694906,0.0016971270000567529,0.0009954700000207595,0.03028470300000663,0.0,0.028999999999996362,-0.0030000000000001137,0.021999999999998465,0.3568899999208952,2.1610539789931016
38.5,706.685259349,FOLLOW,1.7120067332844784,1.6359569382431296,0.41600272618652967,0.047852016773724824,0.04788005009289903,-0.036883069024924144,-0.054950807245382406,-0.16864720408977044,0.5672261795209413,inf,green,False,unknown,0,-0.7703222731254865,0.010220017000051485,0.03810000300006777,0.022589896999988923,0.0,0.0009999999999976694,-0.0030000000000001137,-0.014000000000002899,0.3917099999171114,2.1610539789931016
38.6,706.785128496,FOLLOW,1.716887632631294,1.6408105760434257,0.41651785197170527,0.047851908254768094,0.048290520213382794,-0.036810165485090585,-0.054492295582861706,-0.1658073882284463,0.5692319399609815,inf,green,False,unknown,0,-0.7622648362957447,0.005848703999959071,0.033423577000007754,0.01856984400001238,0.0,0.0030000000000001137,-0.0030000000000001137,-0.015999999999998238,0.3603910000720134,2.1610539789931016
38.7,706.88502781,FOLLOW,1.7218098586635902,1.6457071891360862,0.4170193148913015,0.04826238126261595,0.049542353492267044,-0.03662536785278671,-0.05413647994055752,-0.15155669826264836,0.5692795190907458,inf,green,False,unknown,0,-0.7392738792375594,0.01029138800004148,0.032382469000026504,0.018012572999964505,0.0,0.007000000000005002,-0.0030000000000001137,-0.018000000000000682,15.846025999962876,2.1610539789931016
38.9,707.085511674,FOLLOW,1.7319264745489789,1.655776695606708,0.41799425683631863,0.050412539316252974,0.050698466264580154,-0.03663667758639297,-0.053299953941700916,-0.14504813414699635,0.5756896758671636,inf,green,False,unknown,0,-0.7226387756031334,0.03335973700006889,0.03676605300006486,0.016959306999979162,0.0,0.031999999999996476,-0.0030000000000001137,-0.021999999999998465,21.138761999964117,2.1610539789931016
39.0,707.185482217,FOLLOW,1.7370769742917733,1.6609058633744347,0.4184625079206299,0.05067026813689768,0.050698466264580154,-0.03663667758639297,-0.053299953941700916,-0.14504813414699635,0.5756896758671636,inf,green,False,unknown,0,-0.7226387756031334,0.013916494999989482,0.03460036299998137,0.013210136999987299,0.0,0.011000000000002785,-0.0030000000000001137,-0.02400000000000091,0.4942670000218641,2.1610539789931016
39.1,707.285580501,FOLLOW,1.7422453364017716,1.6660545064258436,0.41891352353556643,0.050670165563683325,0.051564858484306766,-0.03634105209319243,-0.052984790276179354,-0.13427501997291716,0.573954495762576,inf,green,False,unknown,0,-0.704763925692775,0.009421874000054231,0.03139926300002571,0.005024382999977206,0.0,0.011000000000002785,-0.0030000000000001137,-0.02599999999999625,0.38102099995285243,2.1610539789931016
39.2,707.385241904,FOLLOW,1.7475009589635069,1.6712917154998188,0.4193530489912846,0.0515368354518386,0.05251692521915123,-0.036475902580153235,-0.052732897076188015,-0.12860385887312228,0.5783468609790529,inf,green,False,unknown,0,-0.6945551825043186,0.0028173540000580033,0.03093068900000162,0.005336510000006456,0.0,0.009000000000000341,-0.0030000000000001137,-0.027999999999998693,0.3443339999193995,2.1610539789931016
39.4,707.585128203,FOLLOW,1.758268348898738,1.682026133691908,0.4201947448575726,0.05340259250967271,0.05343088308318536,-0.03632802838748805,-0.0526650038499784,-0.11855311336234926,0.5772239744267802,inf,green,False,unknown,0,-0.6799069431611254,0.05925800399995751,0.031429064999997536,0.005410796999967715,0.0,0.05799999999999983,-0.0030000000000001137,-0.03200000000000358,0.4231679999975313,2.1610539789931016
39.5,707.685350937,FOLLOW,1.7637428794835315,1.6874861595537285,0.4205929576370968,0.05424293072109962,0.054271051184114044,-0.03606776090573178,-0.05179244863501854,-0.113330402495808,0.5803954280877471,inf,green,False,unknown,0,-0.6645856330177249,0.01044821999994383,0.03264741199996024,0.0003009729999803312,0.0,0.008000000000002672,-0.0030000000000001137,-0.03399999999999892,0.33335500006614893,2.1610539789931016
39.6,707.785164062,FOLLOW,1.7674313948968399,1.6911656934121355,0.4208501960831937,0.054242818551955924,0.055340313840650183,-0.035835848608204324,-0.05104601455640333,-0.10608758121419352,0.583480116151021,inf,green,False,unknown,0,-0.6475541268412744,0.006269140000085827,0.02710400400007984,0.029999498000051972,0.0,0.00999999999999801,-0.0030000000000001137,-0.001999999999995339,12.564899999915724,2.1610539789931016
39.7,707.885316072,FOLLOW,1.7729991170072041,1.6967210013912923,0.4212217507103268,0.05531218357695049,0.05570870450305107,-0.03567763743142709,-0.05063197100396417,-0.10374077840428866,0.5846405452137802,inf,green,False,unknown,0,-0.6404320069850679,0.07286260400007905,0.0294269120000763,0.026959193000038795,0.0,0.0730000000000004,-0.0030000000000001137,-0.003999999999997783,12.563196999963111,2.593264774791722
39.9,708.086628552,FOLLOW,1.7844010700840172,1.708101445801676,0.4219213783545615,0.05739718509885906,0.05742568213269126,-0.035784682500052366,-0.050952408414337576,-0.0893145344482824,0.5854004357944349,inf,green,False,unknown,0,-0.6231477132020149,0.024601474999940365,0.012042331999964517,0.007445080000024973,0.0,0.04299999999999926,-0.0030000000000001137,-0.008000000000002672,0.5008370000041396,2.593264774791722
40.0,708.18551319,FOLLOW,1.790255567840466,1.7139467465603104,0.4222493576650916,0.057396911094425386,0.058215794765780725,-0.03549233576788492,-0.05036162452122203,-0.08363614093357326,0.5865679650396479,inf,green,False,unknown,0,-0.6096684913549842,0.058630730000004405,0.012117138999997223,0.005493909000051644,0.0,0.07600000000000051,-0.0030000000000001137,-0.00999999999999801,0.35821199992369657,2.1610539789931016
40.1,708.285387857,FOLLOW,1.7961896349470472,1.7198726404404245,0.42256064725044684,0.05818714514844209,0.0588817963158387,-0.03548673282259697,-0.049868611976169,-0.08193485790335522,0.591191461261834,inf,green,False,unknown,0,-0.6026774834152154,0.02616123100006007,0.016466257000047335,0.004871943000011925,0.0,0.03900000000000148,-0.0030000000000001137,-0.012000000000000455,0.8604859999650216,2.1610539789931016
40.2,708.385078012,FOLLOW,1.8021917735134954,1.7258675932697232,0.42285420173637467,0.058852869288392444,0.06005622610027229,-0.0352512558823717,-0.0495745384658242,-0.07274261220120536,0.591482025116436,inf,green,False,unknown,0,-0.5869708799802835,0.02712591700003486,0.002134970000042813,0.0011068050000631047,0.0,0.043000000000006366,-0.0030000000000001137,-0.013999999999995794,0.34744899994620937,2.1610539789931016
40.4,708.584931305,FOLLOW,1.8123996054566833,1.7360654385359275,0.4233053072868793,0.06017134127109395,0.060200245979439654,-0.035100762102528764,-0.04949785727293837,-0.07048475394793242,0.5900687066092015,inf,green,False,unknown,0,-0.5830667554833051,0.0031021160000364034,0.0007822520000217992,0.02023936200009757,0.0,0.03499999999999659,-0.0030000000000001137,0.015999999999998238,0.3274469999041685,2.1610539789931016
40.5,708.735698657,FOLLOW,1.8206694690259702,1.7443290365586914,0.4236269794933983,0.06281919642475554,0.06360316454575399,-0.03449647321306587,-0.048134926385351454,-0.05077752340033325,0.5973099373824764,inf,green,False,unknown,0,-0.5423703908356676,0.011037103999910869,0.04660129699993831,0.029753421999998864,0.0,-0.006999999999997897,-0.0030000000000001137,-0.020000000000003126,21.597574000111308,2.1610539789931016
40.6,708.835229446,FOLLOW,1.827101712598317,1.750757371811294,0.4238510915119353,0.06357439105744199,0.06360316454575399,-0.03449647321306587,-0.048134926385351454,-0.05077752340033325,0.5973099373824764,inf,green,False,unknown,0,-0.5423703908356676,0.024525401999994756,0.04265924300000279,0.018142569000019648,0.0,0.006999999999997897,-0.0030000000000001137,-0.021999999999998465,0.5648080000355549,2.1610539789931016
40.7,708.935408792,FOLLOW,1.8335862859746563,1.7572387478119937,0.4240546099032468,0.06357411424357994,0.06921648136042997,-0.03582604512714336,-0.040217087528634635,-0.08592158052359475,0.7007037921029599,inf,green,False,unknown,0,-0.5175941397625649,0.01545777299998008,0.026720332999957463,0.009755201999951169,0.0,0.008000000000002672,-0.0030000000000001137,-0.023999999999993804,0.35309200006850006,2.593264774791722
40.9,709.136823642,FOLLOW,1.845390662674498,1.7690389140037215,0.4243692312009398,0.07071941602353113,0.07174419445792092,-0.035057406126096646,-0.03933931924574661,-0.07153704771428823,0.7047926176109965,inf,green,False,unknown,0,-0.48864450135625065,0.01743611899996722,0.020259943999917596,0.03305606200001421,0.0,0.009000000000000341,-0.0030000000000001137,0.006000000000000227,17.50743299999158,2.1610539789931016
41.0,709.235617142,FOLLOW,1.8526365446558326,1.7762830548145445,0.4245279148978931,0.07171364357021912,0.07174419445792092,-0.035057406126096646,-0.03933931924574661,-0.07153704771428823,0.7047926176109965,inf,green,False,unknown,0,-0.48864450135625065,0.00875303200007238,0.016820184000039262,0.02265614700002061,0.0,0.00999999999999801,-0.0030000000000001137,0.003999999999997783,0.6441880000238598,2.1610539789931016
41.1,709.335268125,FOLLOW,1.8599513249869428,1.7835965964003826,0.4246623457870756,0.07171342533604505,0.07286203091420371,-0.03443036854294552,-0.038490272641809015,-0.06595780865057492,0.7073048387211002,inf,green,False,unknown,0,-0.4725419825792101,0.004169819000026109,0.013252087999944706,0.016895877000024484,0.0,0.009000000000000341,-0.0030000000000001137,0.0020000000000024443,0.38421800002197415,2.1610539789931016
41.2,709.435673403,FOLLOW,1.8673787261911863,1.7910231709723972,0.4247729348625804,0.07283190552045936,0.07539045249824282,-0.03358677982773003,-0.0376927781777605,-0.05246590635612533,0.7106585295878304,inf,green,False,unknown,0,-0.4455044201852066,0.005863580999971418,0.015031171000032373,0.01793490299996847,0.0,0.010000000000005116,-0.0030000000000001137,0.0,16.159150000021327,2.1610539789931016
41.4,709.635136097,FOLLOW,1.8825771209653555,1.806220820347363,0.4249205778933499,0.07536114560454388,0.07568965323410128,-0.03301083000786631,-0.03683431437233911,-0.05167309070206436,0.7122287418836255,inf,green,False,unknown,0,-0.43613398393789427,0.008696453999959886,0.01940304400000059,0.018493616000000657,0.0,0.009000000000000341,-0.0030000000000001137,-0.0040000000000048885,0.35940199995820876,2.1610539789931016
41.5,709.735408117,FOLLOW,1.8902941515398293,1.8139377626257638,0.4249568300298515,0.07566101764273782,0.07727435321633619,-0.0319509363194163,-0.03550456020960882,-0.04482611221180763,0.7161177107271838,inf,green,False,unknown,0,-0.4134740051458846,0.04297882900004879,0.018614917000036257,0.016170602999977746,0.0,0.04099999999999682,-0.0030000000000001137,-0.006000000000000227,13.101769999934731,2.1610539789931016
41.6,709.836698252,FOLLOW,1.8981173528274593,1.8217609532631647,0.4249677497465837,0.0772470862964557,0.079341386662557,-0.03105958170323996,-0.03473007580708183,-0.0347752125086016,0.7186597551445906,inf,green,False,unknown,0,-0.3914675935188524,0.010539566000034029,0.024056174000065766,0.018611428999975033,0.0,0.008000000000002672,-0.0030000000000001137,-0.007999999999995566,20.756402999950296,2.1610539789931016
41.7,709.935188831,FOLLOW,1.9060641753400442,1.8297077596212934,0.42495329550784944,0.0793152673701691,0.079341386662557,-0.03105958170323996,-0.03473007580708183,-0.0347752125086016,0.7186597551445906,inf,green,False,unknown,0,-0.3914675935188524,0.014864159000012478,0.0206455840000217,0.012499760999958198,0.0,0.010000000000005116,-0.0030000000000001137,-0.00999999999999801,0.3304059999891251,2.1610539789931016
41.9,710.13551177,FOLLOW,1.9223499505627157,1.8459931647940495,0.4248473123541609,0.08036262653737415,0.08210224778437215,-0.029148335019329816,-0.03278921964107766,-0.02259206878091929,0.7228283071408642,inf,green,False,unknown,0,-0.3550248112071554,0.016769749999980377,0.019595662000028824,0.008698630000026242,0.0,0.00999999999999801,-0.0030000000000001137,-0.014000000000002899,13.691544000039357,2.1610539789931016
42.0,710.235481614,FOLLOW,1.9306613955883316,1.8543040971077824,0.42475523803997506,0.08207888458015963,0.08210224778437215,-0.029148335019329816,-0.03278921964107766,-0.02259206878091929,0.7228283071408642,inf,green,False,unknown,0,-0.3550248112071554,0.05068661500001781,0.01979642000003423,0.007625799000038569,0.0,0.04299999999999926,-0.0030000000000001137,-0.015999999999998238,0.6528530000196042,2.1610539789931016
42.1,710.34082834,FOLLOW,1.9390334456914973,1.8626753227679484,0.4246379384518245,0.08207896232454824,0.08475451277706766,-0.027920461478980144,-0.031706557062644455,-0.012221125211440486,0.72786667966063,inf,green,False,unknown,0,-0.32942743181616974,0.055564370000070085,0.027734161000012136,0.01339372799998273,0.0,0.04200000000000159,-0.0030000000000001137,-0.018000000000000682,0.49876499997481005,2.1610539789931016
42.2,710.435556665,FOLLOW,1.9447918201401113,1.8684329207198154,0.42454341412740765,0.08473295129262655,0.08617586006710175,-0.026941543328251716,-0.03069729538922485,-0.007434139135875731,0.7314789033486103,inf,green,False,unknown,0,-0.3126344582725765,0.011262200000032863,0.013626046000013048,0.03440817400007745,0.0,0.010000000000005116,-0.0030000000000001137,0.014000000000002899,12.797230999922249,2.1610539789931016
42.4,710.635402475,FOLLOW,1.9622689759439547,1.8859065143674043,0.42419161950335244,0.08615571974379362,0.08692352221725055,-0.026454168293080473,-0.03029652908107463,-0.004423941967260708,0.7323740313495674,inf,green,False,unknown,0,-0.3043384301312915,0.14099282300003324,0.0041065130000106365,0.018460457999935898,0.0,0.1419999999999959,-0.0030000000000001137,0.00999999999999801,0.348847000054775,2.1610539789931016
42.5,710.735391687,FOLLOW,1.9711322086724214,1.8947671544688796,0.42397735313891344,0.08690402412779238,0.08795957346917824,-0.024860241584315466,-0.02898440593063402,0.001674573840151568,0.7360650872582014,inf,green,False,unknown,0,-0.2826325845364257,0.07127113599995027,0.10409572499997921,0.009836356999926466,0.0,0.07699999999999818,0.09700000000000131,0.008000000000002672,0.8667290001085348,2.1610539789931016
42.6,710.835113049,FOLLOW,1.9801009420616666,1.9037326741148304,0.4237373557874979,0.08794217247487474,0.08685478815002262,-0.0232590111174072,-0.02831320540846809,0.0073339738973908445,0.7370605418575985,inf,green,False,unknown,0,-0.26779192734006046,0.025401654999996026,0.09803015199997844,0.002500250000025517,0.0,0.04299999999999926,0.09700000000000131,0.006000000000000227,0.49447300000338146,2.1610539789931016
42.7,710.985412338,FOLLOW,1.9919125190753277,1.9155390804475234,0.4233880498282434,0.08683938169306747,0.09659775295414677,-0.024337609060637436,-0.022798870865139362,-0.018620319307357875,0.8424537955424624,inf,green,False,unknown,0,-0.25194798342969804,0.011185010999952283,0.03334214799997426,0.016028462999997828,0.0,-0.022999999999996135,-0.0030000000000001137,-0.02999999999999403,0.38624200010417553,2.1610539789931016
42.9,711.185501751,FOLLOW,2.008385925478987,1.9320034166476476,0.4228417927142066,0.0976131619457435,0.09998024766080729,-0.022007324210662458,-0.02129464301606209,-0.006980626495805556,0.8477088297958573,inf,green,False,unknown,0,-0.22011672030783966,0.02791018499999609,0.027354486999911387,0.02875084299989794,0.0,0.00999999999999801,-0.0030000000000001137,0.0,13.421225000001868,1.852331981994087
43.0,711.285483756,FOLLOW,2.0184192573634796,1.9420301159780984,0.4224770904755273,0.09996106321379229,0.09998024766080729,-0.022007324210662458,-0.02129464301606209,-0.006980626495805556,0.8477088297958573,inf,green,False,unknown,0,-0.22011672030783966,0.009238487999937206,0.017374143999973057,0.02367606399991473,0.0,0.009000000000000341,-0.0030000000000001137,-0.0020000000000024443,0.34983199998350756,1.852331981994087
43.1,711.386692237,FOLLOW,2.025216601933306,1.9488224816987911,0.42221698585778933,0.09996093927060667,0.10145741591400512,-0.0208196165246544,-0.02064623065227728,-0.0011686995158199315,0.8479487416345227,inf,green,False,unknown,0,-0.20520546809807397,0.033763883999995414,0.0010974540000461275,0.034300332000043454,0.0,0.04299999999999926,-0.0030000000000001137,0.030000000000001137,0.31381700000565615,2.1610539789931016
43.2,711.485134118,FOLLOW,2.0389602181690525,1.962554821585471,0.421660472427436,0.10143992714982702,0.10118601534326369,-0.019076531484662013,-0.01966718441608208,0.0036274383913617466,0.8508635869589697,inf,green,False,unknown,0,-0.18852932808893344,0.05790752600000815,0.00583256100003382,0.00219555700005003,0.0,0.07600000000000051,-0.0030000000000001137,-0.006000000000000227,13.723051999932068,2.1610539789931016
43.4,711.735083186,FOLLOW,2.0595336502518777,1.9831084149726892,0.4207574742000625,0.10004882591729963,0.0993302338311669,-0.015417059806447182,-0.01779361516610781,0.013728309348348707,0.8561610356280173,inf,green,False,unknown,0,-0.15521014309350958,0.06460901299999477,0.03704378700001598,0.03060937999998714,0.0,0.04299999999999926,-0.0030000000000001137,-0.00999999999999801,0.4913980000083029,2.1610539789931016
43.5,711.835206637,FOLLOW,2.0696651433575317,1.9932289366955211,0.4202861213680924,0.09931913963453627,0.09899959231429574,-0.014140357872826461,-0.016903963429205724,0.016179968379512223,0.8583676499780876,inf,green,False,unknown,0,-0.14283248589483905,0.024088030000029903,0.034458159000109845,0.026554971000109617,0.0,0.009000000000000341,-0.0030000000000001137,-0.012000000000000455,0.688253999896915,1.852331981994087
43.6,711.935867988,FOLLOW,2.079762546927703,2.003314679356075,0.4198010050753382,0.09899005436842949,0.07178992376469052,0.002727137270248791,-0.022748609536108105,0.1754774145551245,0.8606974941502832,inf,green,False,unknown,0,0.03798774434122074,0.02819566800008033,0.03438814500009357,0.024602534999985437,0.0,0.00999999999999801,-0.0030000000000001137,-0.013999999999995794,14.432894999913515,1.852331981994087
43.7,712.037987484,FOLLOW,2.086691817010068,2.010235530720389,0.4194595424550389,0.004374332937037232,0.0708947770217541,0.003204778336285058,-0.022868955356106453,0.18097408121691996,0.85808391548525,inf,green,False,unknown,0,0.045204717059786646,0.025102390000029118,0.036590133000004244,0.024091754000096444,0.0,0.010000000000005116,-0.0030000000000001137,-0.015999999999998238,20.785167999974874,2.1610539789931016
43.9,712.235466928,FOLLOW,2.0999474218385648,2.023474121029907,0.41878813810336046,0.07090876132176323,0.07150433152916237,0.004001905084234102,-0.021612797447856893,0.17990292661971607,0.8638660649947438,inf,green,False,unknown,0,0.05596730993285299,0.017411046000006536,0.02763704599999528,0.015643847000092137,0.0,0.00999999999999801,-0.0030000000000001137,-0.020000000000003126,0.4994839999881151,1.852331981994087
44.0,712.335338631,FOLLOW,2.107241600189895,2.0307590802484543,0.4184215232415097,0.07151955837127034,0.07150745894561038,0.004192536754027431,-0.0214146033701913,0.18036503449895228,0.8645922682896163,inf,green,False,unknown,0,0.05863076126388907,0.01797947700003988,0.024892784000030588,0.007308964000003471,0.0,0.00999999999999801,-0.003999999999997783,-0.021999999999998465,0.30768700003136473,1.852331981994087
44.1,712.435332209,FOLLOW,2.1145307336214785,2.0380391408288197,0.41805795273719837,0.07133329094304201,0.07131741662172962,0.004350430624376518,-0.021152347263050236,0.1802221590146592,0.8620821968251647,inf,green,False,unknown,0,0.06100095643468654,0.005010917999925368,0.021501253999986147,0.0008360739999488942,0.0,0.009000000000000341,-0.0030000000000001137,-0.02400000000000091,0.32129700002769823,1.852331981994087
44.2,712.535422247,FOLLOW,2.119381402500065,2.042883853303879,0.4178176414920368,0.0713334321126239,0.07150550397187629,0.0046017572623285406,-0.02078491168202245,0.18004402161005537,0.8640904185646023,inf,green,False,unknown,0,0.06435528744945913,0.040140765000046486,0.02264476300001661,0.03384607300006337,0.0,0.043000000000006366,-0.0030000000000001137,0.008000000000002672,18.12822799990954,1.852331981994087
44.4,712.735210275,FOLLOW,2.1339631554401124,2.057448100410455,0.41710335001000864,0.071654302568063,0.07163723441863072,0.004831108862024469,-0.020523439958992126,0.18037252712190652,0.8661725578242736,inf,green,False,unknown,0,0.0674385171514667,0.0010372639999332023,0.009269873999983247,0.022564980999959516,0.0,0.00999999999999801,-0.011000000000002785,0.003999999999997783,0.4132249999884152,1.852331981994087
44.5,712.835600373,FOLLOW,2.1412719059167444,2.064748313876178,0.41675019840675986,0.07165451619445856,0.07294239748300194,0.008975671343246167,-0.01473609575807601,0.17941397851102284,0.8804967651616369,inf,green,False,unknown,0,0.12305149889455996,0.02582137500007775,0.007043307000003551,0.021454122000022835,0.0,0.04099999999999682,-0.00999999999999801,0.0020000000000024443,0.7116389999737294,1.852331981994087
44.6,712.937205619,FOLLOW,2.148712608910348,2.0721805628730285,0.41639561028171596,0.0729655532562942,0.07280565507663417,0.009236601360367996,-0.014587907308003085,0.1809561563338226,0.8811852819309886,inf,green,False,unknown,0,0.12686653736781414,0.02974257200003194,0.10864855299996634,0.010744293000016114,0.0,0.04299999999999926,0.09000000000000341,0.0,0.5238459999645784,1.852331981994087
44.7,713.085353929,FOLLOW,2.158617568292768,2.082074753782669,0.4159338793085015,0.07282943482218678,0.0729545206242491,0.009169084814161904,-0.014479752963209837,0.17948267320888744,0.8807475132085998,inf,green,False,unknown,0,0.12568220222276702,0.024768676999997297,0.024227414000051795,0.013214133000019501,0.0,0.009000000000000341,-0.00999999999999801,-0.03599999999999426,0.39604699998108117,1.852331981994087
44.9,713.285272869,FOLLOW,2.1710328983016325,2.094477355664558,0.41537186661824665,0.07325992803939295,0.07332072367647786,0.009196473947823396,-0.014292010548915775,0.17810410470241364,0.8830627357734021,inf,green,False,unknown,0,0.12542803025788643,0.05418636299998525,0.017028976999995393,0.02063502900000458,0.0,0.04299999999999926,-0.00999999999999801,-0.006000000000000227,14.486000000033528,1.852331981994087
45.0,713.385452468,FOLLOW,2.1785110688517406,2.1019482578504505,0.41504224263068945,0.07334481084485471,0.07760923199644588,0.012041646219315038,-0.0063162607039103785,0.1459229619527999,0.8826804542996198,inf,green,False,unknown,0,0.15515739441754153,0.009664390000011736,0.013841898999999103,0.01585102400008509,0.0,0.009000000000000341,-0.00999999999999801,-0.008000000000002672,12.375318999943374,1.852331981994087
45.1,713.485611048,FOLLOW,2.186278563780093,2.1097085311090877,0.4147073830791488,0.07763724946744903,0.07663564052142013,0.012773960396599237,-0.00491510670692491,0.14442537665968141,0.8692164053422938,inf,green,False,unknown,0,0.16668433002825672,0.000790507000033358,0.008790595000050416,0.009240571999953318,0.0,0.00999999999999801,-0.00999999999999801,-0.00999999999999801,13.943746999984796,1.852331981994087
45.2,713.585634595,FOLLOW,2.191526087460341,2.1149513933582837,0.41448625175018255,0.07666467139577586,0.07651438880886968,0.012687279121051278,-0.00501900444585434,0.1445270096659384,0.8680031528023072,inf,yellow,False,unknown,0,0.16581559780531824,0.06782883100004256,0.10881414200002837,0.03145744400001149,0.0,0.07700000000000529,0.09000000000000341,0.02200000000000557,14.308590000041477,1.852331981994087
45.4,713.835459779,FOLLOW,2.2094806802575757,2.1328914137049515,0.4137631701444642,0.0682509034506948,0.06821855002838373,0.015124565385421122,-0.01150406097139045,0.22295151006714978,0.8853510157244385,inf,yellow,False,unknown,0,0.22170751766386468,0.029541573999949833,0.03560304500001621,0.030242442999906416,0.0,0.00999999999999801,-0.00999999999999801,-0.015999999999998238,0.49018499998965126,1.6207904842448262
45.5,713.93550888,FOLLOW,2.2164422751396535,2.1398479882972135,0.41349884996691794,0.06825093956865422,0.07699512818487739,0.01661113630351944,0.00035539854798506687,0.14262670849271603,0.8704086036861408,inf,yellow,False,unknown,0,0.21574269301342672,0.016695201000061388,0.0211986420000585,0.015571054000020013,0.0,0.008000000000002672,-0.00999999999999801,-0.018000000000000682,0.37806199998158263,1.852331981994087
45.6,714.035681861,FOLLOW,2.2242869121141453,2.147687429975853,0.4132134187049606,0.0770295602498362,0.0777202203596965,0.016190947962112547,0.00018368116798830186,0.13880574725285091,0.8724187793242189,inf,yellow,False,unknown,0,0.20832349531665395,0.021574046999944585,0.02784671399990657,0.016882654999903934,0.0,0.00999999999999801,-0.00999999999999801,-0.01999999999999602,0.4910550001113734,1.852331981994087
45.7,714.135251145,FOLLOW,2.232216892708172,2.1556126185853834,0.41293780002298336,0.07775410204932111,0.08593143683091005,0.014018953114573686,0.0034949741049727437,0.08675094376091273,0.8714001661703485,inf,yellow,False,unknown,0,0.16314114637881844,0.022139542999980222,0.021560678000014377,0.010627900000031332,0.0,0.010000000000005116,-0.00999999999999801,-0.021999999999998465,13.763825000069119,1.852331981994087
45.9,714.335523298,FOLLOW,2.2468502684234073,2.1702381770520907,0.4124596515516054,0.09548931713638105,0.09565590253002326,0.015135771887831927,0.00685837834758257,0.06114311828424267,0.918980441145594,inf,yellow,False,unknown,0,0.1582314471716087,0.014170950999982779,0.013511397000002034,0.030512387000044328,0.0,0.00999999999999801,-0.00999999999999801,0.007999999999995566,13.71212000003652,1.852331981994087
46.0,714.435606874,FOLLOW,2.2565967399436664,2.179980047119377,0.4121602219933763,0.09568839750168948,0.09061404030193544,0.01217761515621538,0.0066371491627195064,0.0465150627687827,0.8429277894406606,inf,yellow,False,unknown,0,0.13438993687554704,0.01575474599997051,0.014642042999980731,0.0295120069999939,0.0,0.00999999999999801,-0.00999999999999801,0.006000000000000227,19.14736800006267,1.852331981994087
46.1,714.535445677,FOLLOW,2.2661919492390385,2.1895711550454147,0.4118797290839314,0.09064270347111592,0.09061404030193544,0.01217761515621538,0.0066371491627195064,0.0465150627687827,0.8429277894406606,inf,yellow,False,unknown,0,0.13438993687554704,0.046092425999972875,0.014077426999961062,0.027214928000034888,0.0,0.04299999999999926,-0.00999999999999801,0.0040000000000048885,0.3844550000167146,1.852331981994087
46.2,714.635672666,FOLLOW,2.2754374955865275,2.198813088717866,0.4116213107471537,0.09064263638819571,0.09044187262324684,0.012124424021229988,0.006633126670387203,0.04631739003736272,0.8409537612353988,inf,yellow,False,unknown,0,0.13405764022309255,0.14631941499999357,0.012659372000030089,0.02110789300002125,0.0,0.14300000000000068,-0.00999999999999801,0.0020000000000024443,0.3877530000409024,1.6207904842448262
46.4,714.886034308,FOLLOW,2.2969917687304395,2.220360098299087,0.41106205016418434,0.09080135099861654,0.09702702809290954,0.0141776352523354,0.006594936724150029,0.054717243777452164,0.9191638080484426,inf,yellow,False,unknown,0,0.14612047314032348,0.0006560340000305587,0.03199527800006763,0.0015337980000822427,0.0,-0.02300000000000324,-0.00999999999999801,-0.036000000000001364,13.494498999989446,1.6207904842448262
46.5,714.98649496,FOLLOW,2.303370714490586,2.226737185243247,0.4109080721655688,0.09705845580673687,0.09033992157428558,0.011518850423515381,0.004887673463604272,0.053501670596968066,0.8535271949070331,inf,yellow,False,unknown,0,0.12750565002476286,0.031810723999910806,0.02472839600000043,0.030325193999942712,0.0,0.00999999999999801,-0.00999999999999801,-0.003999999999997783,14.494038000066212,1.6207904842448262
46.6,715.085481797,FOLLOW,2.313051840624498,2.2364157464882983,0.41068526498931357,0.09036876495199209,0.09033992157428558,0.011518850423515381,0.004887673463604272,0.053501670596968066,0.8535271949070331,inf,yellow,False,unknown,0,0.12750565002476286,0.011173472000109541,0.01058078700009446,0.015614819000006719,0.0,0.009000000000000341,-0.01099999999999568,-0.006000000000000227,0.37857599988910806,1.6207904842448262
46.7,715.18547017,FOLLOW,2.3222694496775933,2.245631164033044,0.41048429753803983,0.09036883641263119,0.09035872362117309,0.011116125842167866,0.004527454652896612,0.052871331739641876,0.8525182395961437,inf,yellow,False,unknown,0,0.1230221653945885,0.011573113000054036,0.007109786000000895,0.009690039000020079,0.0,0.010000000000005116,-0.00999999999999801,-0.007999999999995566,0.3558490000159509,1.6207904842448262
46.9,715.386317419,FOLLOW,2.3376300194248687,2.2609885623266415,0.4101722767885238,0.09022666564960848,0.0989756935324225,0.013161905297115575,0.00673435085978127,0.0449169021013799,0.9174158114537709,inf,yellow,False,unknown,0,0.13298118787926444,0.07296942999994371,0.10318705299994235,0.028481235999947785,0.0,0.07699999999999818,0.0899999999999963,0.021999999999998465,16.264492000004793,1.4407026526620677
47.0,715.535680648,FOLLOW,2.3538519828430853,2.2772077795041907,0.40987394493810464,0.09900791378279733,0.09912699226867884,0.013003586058350608,0.007131366955019132,0.04105897037981601,0.9108510238931556,inf,yellow,False,unknown,0,0.13118108156762215,0.011718247000089832,0.04112636600007136,0.0025073360000078537,0.0,-0.02300000000000324,-0.00999999999999801,-0.04800000000000182,30.94078999993144,1.4407026526620677
47.1,715.635500058,FOLLOW,2.360589470601604,2.2839443034836013,0.4097599983196511,0.09915920326109522,0.09912699226867884,0.013003586058350608,0.007131366955019132,0.04105897037981601,0.9108510238931556,inf,yellow,False,unknown,0,0.13118108156762215,0.03334513400000105,0.02745265200007907,0.021265877000018918,0.0,0.00999999999999801,-0.00999999999999801,-0.015999999999998238,0.9390359999770226,1.4407026526620677
47.2,715.735742774,FOLLOW,2.370703721539756,2.29405728604593,0.40959986389815295,0.0991594408289586,0.0999546835066217,0.012562946418011997,0.007140866729298066,0.03728322746848031,0.9105938875909587,inf,yellow,False,unknown,0,0.12568642085870582,0.02250989499998468,0.018672662999961176,0.009146527999973841,0.0,0.010000000000005116,-0.00999999999999801,-0.018000000000000682,0.5677390000755622,1.4407026526620677
47.4,715.935528765,FOLLOW,2.391111758045447,2.314463331374393,0.40931513847977075,0.10010407447882107,0.1010388210574175,0.011251109027100824,0.005648199358302126,0.03753910207253288,0.9210090633318704,inf,red,False,unknown,0,0.11135431816556071,0.05170289599993794,0.014287235999972836,0.002998071999968488,0.0,0.04200000000000159,-0.00999999999999801,-0.021999999999998465,15.796486999988701,1.4407026526620677
47.5,716.035479883,FOLLOW,2.3979504045733044,2.321301454984366,0.4092305801688062,0.1010692518590605,0.1010388210574175,0.011251109027100824,0.005648199358302126,0.03753910207253288,0.9210090633318704,inf,red,False,unknown,0,0.11135431816556071,0.01097135400004845,0.008321176999970703,0.032478403000027356,0.0,0.008000000000002672,-0.00999999999999801,0.00999999999999801,1.29803900006209,1.4407026526620677
47.6,716.135315706,FOLLOW,2.4082594645004516,2.3316098412337145,0.4091127682144648,0.1010692046475928,0.09926903773753291,0.006430250198593561,0.007979180697624667,-0.009461170695460503,0.8468086751212932,inf,red,False,unknown,0,0.06477599002818106,0.030488086999980624,0.003442291000055775,0.02840010500005974,0.0,0.04100000000000392,-0.00999999999999801,0.008000000000002672,0.3172460000087085,1.4407026526620677
47.7,716.235522077,FOLLOW,2.418389713658864,2.3417395265206777,0.4090058993062224,0.09929276332736173,0.0993060650996573,0.006281213759390761,0.007826506450766438,-0.009473310966288142,0.8471496515706338,inf,red,False,unknown,0,0.06325105876551781,0.13069445799999357,0.10364866200006873,0.018043286000079206,0.0,0.14100000000000534,0.09000000000000341,0.006000000000000227,22.195957000008093,1.4407026526620677
47.9,716.48562987,FOLLOW,2.4420002382394412,2.365348981149925,0.40878133402742883,0.09845505330335502,0.09843259130160523,0.005733601588990542,0.00790168386124589,-0.013352257126827562,0.8476527872783552,inf,red,False,unknown,0,0.05824901603395093,0.029873748999989402,0.026380341000049157,0.0063511949999792705,0.0,0.009000000000000341,-0.00999999999999801,-0.03200000000000358,0.7332110000106695,1.4407026526620677
48.0,716.586193807,FOLLOW,2.452042643732982,2.375391021471589,0.40869570740196226,0.09845488473957978,0.09784761141539038,0.00526608179512728,0.007843139442004852,-0.015952943056280755,0.8479167070678951,inf,red,False,unknown,0,0.0538192166262628,0.022304379999923185,0.028814375000024484,0.006139044999940779,0.0,0.006999999999997897,-0.011000000000002785,-0.03399999999999892,19.104089000052227,1.4407026526620677
48.1,716.690239994,FOLLOW,2.458718430019857,2.3820665907492407,0.4086418835449005,0.09786921973525001,0.09799338697373373,0.0052983807330558115,0.007704838443564194,-0.014862680422625346,0.8469541496586408,inf,red,False,unknown,0,0.05406875807319524,0.03039266099995075,0.02197943299995586,0.029528701999993245,0.0,0.00999999999999801,-0.00999999999999801,-0.001999999999995339,15.788541999995687,1.4407026526620677
48.2,716.785824256,FOLLOW,2.468705851782673,2.392053721746822,0.4085656867987162,0.0980149369718292,0.09799338697373373,0.0052983807330558115,0.007704838443564194,-0.014862680422625346,0.8469541496586408,inf,red,False,unknown,0,0.05406875807319524,0.07867988499992862,0.011503762999950595,0.016955822999989323,0.0,0.07600000000000051,-0.00999999999999801,-0.003999999999997783,0.3988200001003861,1.4407026526620677
48.4,717.035565272,FOLLOW,2.4890739211289303,2.4124212555388844,0.4084180371955114,0.08309506886042113,0.08236678202867019,-0.002635926119749858,0.009947612755347765,-0.08769459396823143,0.8368715482904612,inf,red,False,unknown,0,-0.03200229576569285,0.004770151000002443,0.03244755899993379,0.003942399000038677,0.0,-0.02300000000000324,-0.00999999999999801,-0.04200000000000159,0.3442949999907796,1.4407026526620677
48.5,717.135664929,FOLLOW,2.494676523690527,2.4180236917685147,0.40837486702808634,0.08237749014394012,0.08279971170887973,-0.0024878395433558013,0.010012294877132795,-0.08681218882036942,0.8397481018894857,inf,red,False,unknown,0,-0.030046475911690847,0.00163270299992746,0.030736306999983753,0.03126710200001526,0.0,-0.02300000000000324,-0.00999999999999801,-0.00999999999999801,14.213226000038048,1.296632387395861
48.6,717.235474725,FOLLOW,2.5030931861450703,2.426440086505931,0.408307740575497,0.08281057116982761,0.08279971170887973,-0.0024878395433558013,0.010012294877132795,-0.08681218882036942,0.8397481018894857,inf,red,False,unknown,0,-0.030046475911690847,0.06502198900000167,0.026781564999964758,0.025748304999979155,0.0,0.04299999999999926,-0.00999999999999801,-0.012000000000000455,0.4396319999386833,1.296632387395861
48.7,717.335528843,FOLLOW,2.5115398663498443,2.43488647684751,0.408237767773876,0.08281060973460601,0.0826747548420872,-0.002348107403842122,0.01015993542305478,-0.08668706884256717,0.8382652937786095,inf,red,False,unknown,0,-0.028401746196007736,0.015792653000062273,0.013575172000059865,0.010859793999998146,0.0,0.010000000000005116,-0.00999999999999801,-0.013999999999995794,0.49531000001934444,1.296632387395861
48.9,717.53777544,FOLLOW,2.5280280022403,2.451373978521489,0.40809320523560666,0.07699014380464715,0.07694244762369092,-0.007457520656752917,0.008919371743346963,-0.12427316304893629,0.840392924758324,inf,red,False,unknown,0,-0.09692336138338176,0.01606998600004772,0.0119136040000285,0.002179030999968745,0.0,0.00999999999999801,-0.00999999999999801,-0.018000000000000682,29.399851999983184,1.296632387395861
49.0,717.635201746,FOLLOW,2.535878214889193,2.4592238204634183,0.4080169323906462,0.07694856859725509,0.07694244762369092,-0.007457520656752917,0.008919371743346963,-0.12427316304893629,0.840392924758324,inf,red,False,unknown,0,-0.09692336138338176,0.010404591999986224,0.009460676999992756,0.00029110100001616956,0.0,0.00999999999999801,-0.00999999999999801,-0.020000000000003126,0.35277599999972153,1.296632387395861
49.1,717.735478341,FOLLOW,2.541110720621425,2.464456046715875,0.4079628559154177,0.07694865780471502,0.07684881096075266,-0.007352655903528031,0.009046445109578437,-0.12427769886265017,0.8393774535590461,inf,red,False,unknown,0,-0.09567689872629381,0.011489955000001828,0.006436681999957727,0.03282957599992642,0.0,0.009000000000000341,-0.00999999999999801,0.012000000000000455,0.33389700001862366,1.178756715814419
49.2,717.835724976,FOLLOW,2.5489500743337294,2.4722949306645368,0.4078770500339188,0.07685530316060327,0.0802193537484644,-0.010818079451936972,0.0028278264727076285,-0.1095240482202966,0.8515352055736167,inf,red,False,unknown,0,-0.1348562279105129,0.034600350000005164,0.10668331700003364,0.022190367000007427,0.0,0.043000000000006366,0.09000000000000341,0.010000000000005116,0.547773999983292,1.296632387395861
49.4,718.085760209,FOLLOW,2.5684002536088233,2.4917436516614146,0.40763900289356614,0.08381705123481416,0.07643359248662406,0.0012868265271021855,-0.020068601266893422,0.14414828032295468,0.8664834981354581,inf,red,False,unknown,0,0.016835876546393933,0.03437811100002364,0.024842061999947873,0.0025046450000445475,0.0,0.00999999999999801,-0.00999999999999801,-0.027999999999998693,12.465183000017532,1.296632387395861
49.5,718.185965774,FOLLOW,2.5738587072872825,2.4972017039714736,0.40757281028795067,0.07645070628698396,0.07675139212832008,0.0011503218239877495,-0.020109991020884115,0.14319652033405808,0.8685643569770475,inf,red,False,unknown,0,0.014987634648561619,0.01663024000004043,0.011983305000057953,0.027720276999957605,0.0,0.00999999999999801,-0.00999999999999801,0.003999999999997783,16.80792799993469,1.296632387395861
49.6,718.285752701,FOLLOW,2.5816670401464368,2.5050094746640044,0.40747911503917716,0.07676805385958789,0.07675139212832008,0.0011503218239877495,-0.020109991020884115,0.14319652033405808,0.8685643569770475,inf,red,False,unknown,0,0.014987634648561619,0.01201826900000924,0.011512746999983392,0.02454908200002137,0.0,0.009000000000000341,-0.00999999999999801,0.0020000000000024443,0.4039240000111022,1.296632387395861
49.7,718.385531777,FOLLOW,2.589497383628531,2.5128392637995263,0.4073859426308695,0.07676809418407707,0.07652022503150112,0.0013128328804569878,-0.01997107955568652,0.14372360738464385,0.866788599833594,inf,red,False,unknown,0,0.017156678249659267,0.03311463800002912,0.008864676000030158,0.018059837000009793,0.0,0.043000000000006366,-0.00999999999999801,0.0,0.34617799997249676,1.178756715814419
49.9,718.585924136,FOLLOW,2.6025089976308213,2.5258499787427975,0.4072329879947982,0.07653714176346092,0.07689926085395676,0.0012160196432327312,-0.019797064062835434,0.14169839949017504,0.867837635970122,inf,red,False,unknown,0,0.015813151254368166,0.0006492139999636493,0.09958477400004995,0.023125419000052716,0.0,0.009000000000000341,0.0899999999999963,0.030000000000001137,0.3187639999850944,1.178756715814419
50.0,718.68553846,FOLLOW,2.610341057883596,2.533681511547496,0.40714209420883024,0.07691598601963912,0.07766650859400459,0.005693889517094789,-0.014472219916803461,0.14495665524690032,0.8817683489186121,inf,red,False,unknown,0,0.07331203140415564,0.030447388999959912,0.09260723199997756,0.029607689999920694,0.0,0.04200000000000159,0.09000000000000341,0.027999999999998693,16.272358000037457,1.178756715814419
50.1,718.835587742,FOLLOW,2.6234945709927424,2.546834179991311,0.4069930522434531,0.07768918847150592,0.07718669757394465,0.0057978476131232025,-0.014582935307012053,0.14687116004893125,0.8793995592210238,inf,red,False,unknown,0,0.07511459610730048,0.0025758040000027904,0.02269249200003287,0.001593185000047015,0.0,-0.022999999999996135,-0.00999999999999801,-0.04200000000000159,0.318206999963877,1.178756715814419
50.2,718.935520005,FOLLOW,2.6287454381056454,2.552084744249137,0.40693665929290457,0.07720945969987356,0.0777498412269859,0.005509321792218573,-0.014630906619104697,0.14437030438654774,0.8817646819737516,inf,red,False,unknown,0,0.07085958897503655,0.0313587829999733,0.02536051699996733,0.025708407999900373,0.0,0.010000000000005116,-0.00999999999999801,-0.00999999999999801,13.432651000016449,1.178756715814419
50.4,719.137399743,FOLLOW,2.644570602014959,2.567909116902181,0.4067784860356389,0.07773061919329638,0.07804593949564914,0.0053702828322681195,-0.014603873673203406,0.14283713938898082,0.8826298861821595,inf,red,False,unknown,0,0.06880925345984847,0.025122605999968073,0.021250481999913973,0.017451477999998133,0.0,0.00999999999999801,-0.00999999999999801,-0.014000000000002899,13.905717000056939,1.178756715814419
50.5,719.236488202,FOLLOW,2.6525216162483187,2.575859794940129,0.40670537799212386,0.07806778994566907,0.07804593949564914,0.0053702828322681195,-0.014603873673203406,0.14283713938898082,0.8826298861821595,inf,red,False,unknown,0,0.06880925345984847,0.02355536300001404,0.01544804100001329,0.010326970000051006,0.0,0.00999999999999801,-0.00999999999999801,-0.015999999999998238,0.4089909999720476,1.178756715814419
50.6,719.335505615,FOLLOW,2.660484525662049,2.58382240496983,0.4066363377691551,0.07806769302506374,0.08257442171576641,0.008555811963799898,-0.005046321473330388,0.10325072319453725,0.8657424467881281,inf,red,False,unknown,0,0.10361334401166368,0.018877216999953816,0.014731170000004568,0.005963059000009707,0.0,0.00999999999999801,-0.00999999999999801,-0.018000000000000682,0.3165499999795429,1.0805269894965508
50.7,719.435326502,FOLLOW,2.6660954200188933,2.5894331139369444,0.40659073356126324,0.08260045728433718,0.08241338299998678,0.00838007227251158,-0.005463020712236852,0.1047080409467112,0.8665561892023818,inf,red,False,unknown,0,0.10168339130688185,0.01583225699994273,0.010253492999936498,0.03444402899992838,0.0,0.010000000000005116,-0.00999999999999801,0.014000000000002899,0.434449000067616,1.0805269894965508
50.9,719.685619169,FOLLOW,2.6857519063903204,2.609089132982077,0.4064556251860053,0.08289291381047971,0.09160878082173987,0.010137034931645188,0.00292577563779765,0.05517772766429377,0.8687140976778309,inf,red,False,unknown,0,0.11065571270259222,0.012120903999971233,0.0400815179999654,0.025992700999950102,0.0,-0.02300000000000324,-0.00999999999999801,-0.02400000000000091,14.852645000019038,1.178756715814419
51.0,719.785508972,FOLLOW,2.6944924629051568,2.6178295574620303,0.4064076270937371,0.0916365310177889,0.09160878082173987,0.010137034931645188,0.00292577563779765,0.05517772766429377,0.8687140976778309,inf,red,False,unknown,0,0.11065571270259222,0.0776896749999878,0.03229444400005832,0.0119191479999472,0.0,0.04299999999999926,-0.00999999999999801,-0.026000000000003354,0.4740130000300269,1.178756715814419
51.1,719.885853163,FOLLOW,2.700723780306459,2.6240608058357298,0.4063783155650838,0.09163717662147716,0.09177528295522619,0.009669285764342181,0.0023753705341608266,0.055264711760952455,0.8704593279456437,inf,red,False,unknown,0,0.1053582778825043,0.02449480899997525,0.019825414000024466,0.029167052999923726,0.0,0.00999999999999801,-0.00999999999999801,0.006000000000000227,0.4348410000147851,1.0805269894965508
51.2,719.985978773,FOLLOW,2.7100818520138343,2.6334188069830553,0.4063420599349288,0.09180322941282373,0.09229138632535512,0.009071588803810383,0.0020846572592809077,0.05243437496668345,0.8699124101441825,inf,red,False,unknown,0,0.09829290863429316,0.014004881000005298,0.010934800000086398,0.02395328500006144,0.0,0.010000000000005116,-0.00999999999999801,0.0040000000000048885,18.798036999896794,0.9974095287660469
51.4,720.18604145,FOLLOW,2.728879176792765,2.652216072501652,0.4062958880475907,0.09231900124115347,0.09714686573709416,0.005432227203940338,0.008253738965258509,-0.017272798882728223,0.8445155118500396,inf,red,False,unknown,0,0.05591767848322994,0.016882206999980554,0.10648377399991205,0.009130119999895214,0.0,0.04200000000000159,0.0899999999999963,0.0,0.7626360001040666,0.9974095287660469
51.5,720.285879172,FOLLOW,2.7354805562510998,2.6588174457254827,0.40628683435184876,0.09716966634310903,0.09628424045665036,0.004842698345817694,0.008303480646080556,-0.02139921857622189,0.8452938268674483,inf,red,False,unknown,0,0.05029585654775977,0.036394434000044384,0.09744716900002004,0.03521736499999406,0.0,0.04299999999999926,0.09000000000000341,0.031999999999996476,15.149300999951265,0.9974095287660469
51.6,720.435766198,FOLLOW,2.7519124971528983,2.675249381325638,0.40627420319726426,0.0963066647045285,0.09650761976066492,0.004545546863304951,0.007955417569685007,-0.02123658703791751,0.8469279243986578,inf,red,False,unknown,0,0.04710039346714516,0.01406649099999413,0.040441965000013624,0.012790384000027188,0.0,-0.022999999999996135,-0.00999999999999801,-0.0379999999999967,15.80759199998738,1.0805269894965508
51.7,720.485769978,FOLLOW,2.7551869252396495,2.6785238092778987,0.40627326470905645,0.09630674975646042,0.09650761976066492,0.004545546863304951,0.007955417569685007,-0.02123658703791751,0.8469279243986578,inf,red,False,unknown,0,0.04710039346714516,0.02752800100006425,0.0904457450000109,0.02701754300005632,0.0,0.04200000000000159,0.09000000000000341,0.028000000000005798,0.5984030000263374,1.0805269894965508
51.9,720.735520461,FOLLOW,2.7781900053955746,2.7015268874052993,0.4062802602069082,0.09674719480683418,0.0964805723976034,0.004298975599037283,0.007611343216263369,-0.02065971480350701,0.8455310431011449,inf,red,False,unknown,0,0.04455794044547015,0.005539118000001508,0.031205635999981496,0.03061557899991385,0.0,-0.02400000000000091,-0.00999999999999801,-0.00999999999999801,0.31972300007510057,0.9974095287660469
52.0,720.835567606,FOLLOW,2.7913230346359237,2.714659908697781,0.40629456199899944,0.09650304968628069,0.09264950663339529,0.001396987668010038,0.008302082929621533,-0.04513863666958223,0.8592057306437291,inf,red,False,unknown,0,0.015078198673391503,0.005661300000042502,0.02696366999998645,0.0010383470000761008,0.0,-0.02300000000000324,-0.00999999999999801,-0.045999999999999375,0.27995799996460846,0.9261659909970436
52.1,720.935483603,FOLLOW,2.7976294658133334,2.720966333670376,0.40630340795838443,0.0926682291726224,0.08126236560074435,-0.0037961074935179357,0.009688339000253485,-0.09583007469448439,0.8394234334514078,inf,red,False,unknown,0,-0.04671421346713987,0.010971890999940115,0.03862040599994998,0.03494250699998247,0.0,-0.022999999999996135,-0.00999999999999801,-0.013999999999995794,17.001080999989426,0.9974095287660469
52.2,720.985580675,FOLLOW,2.8039309056978605,2.7272677668065084,0.40631262966645093,0.09266824330092395,0.08126236560074435,-0.0037961074935179357,0.009688339000253485,-0.09583007469448439,0.8394234334514078,inf,red,False,unknown,0,-0.04671421346713987,0.021871265000072526,0.08871747800003504,0.0168219140000474,0.0,0.043000000000006366,0.09000000000000341,0.018000000000000682,0.3412689999322538,0.9974095287660469
52.4,721.235658127,FOLLOW,2.8229153836004963,2.746252235923863,0.40633022937242746,0.08094245499423278,0.08138093807805111,-0.0036227135277293516,0.009716609864185377,-0.0945456580144324,0.8384706160758659,inf,red,False,unknown,0,-0.04451550465361885,0.012100576999955592,0.03228598099997271,0.029883365999921807,0.0,-0.02300000000000324,-0.00999999999999801,-0.020000000000003126,0.3540150000844733,0.9261659909970436
52.5,721.335523644,FOLLOW,2.831216913654814,2.754553765520062,0.40633287161318393,0.08139324201188795,0.0809450490446274,-0.005466810991857187,0.009449424028696043,-0.10817049737423151,0.8569559548539558,inf,red,True,stop,0,-0.0675373115018211,0.008618914999942717,0.03325040100003207,0.025571021000018845,0.0,-0.02300000000000324,-0.00999999999999801,-0.021999999999998465,0.3486790000124529,0.9261659909970436
52.6,721.43554234,FOLLOW,2.839474896487343,2.7628117482010515,0.40633184825582397,0.0809546682097016,0.0754510905555425,-0.008716584000926914,0.008555509095698223,-0.1342572065210375,0.8397976847743744,inf,red,True,unknown,0,-0.11552628247977803,0.004942637999988619,0.03661747499995727,0.022601412999961212,0.0,-0.02400000000000091,-0.00999999999999801,-0.02400000000000091,15.646842000023753,0.9261659909970436
52.7,721.535474924,FOLLOW,2.8475524462971706,2.7708892960642957,0.4063264055434657,0.07545626067119318,0.0754510905555425,-0.008716584000926914,0.008555509095698223,-0.1342572065210375,0.8397976847743744,inf,red,True,unknown,0,-0.11552628247977803,0.003123910999988766,0.030329361999974935,0.009824385999991136,0.0,-0.022999999999996135,-0.00999999999999801,-0.02599999999999625,0.3427529999271428,0.9261659909970436
52.9,721.735620885,FOLLOW,2.8629537524836106,2.7862905726056204,0.4062971388091205,0.07553815260437326,0.07744540702671834,-0.009220738914436309,0.007614359290118784,-0.130441534831247,0.8558387618517317,inf,red,True,unknown,0,-0.11906114601806136,0.02919952700005979,0.02853722600002584,0.014447065000013026,0.0,0.009000000000000341,-0.00999999999999801,-0.030000000000001137,0.30702699996254523,0.9261659909970436
53.0,721.835685922,FOLLOW,2.8708511038789934,2.79418788301141,0.40627177087792316,0.07744915806037952,0.08630389156128863,0.0030599931413942375,-0.0025083514707459863,0.040634305762628775,0.7922594863067003,inf,red,True,unknown,0,0.03545602737069146,0.005327166000029138,0.032217085000070256,0.014674159000037434,0.0,-0.02400000000000091,-0.00999999999999801,-0.031999999999996476,0.4316119999430157,0.9261659909970436
53.1,721.935721791,FOLLOW,2.87977328940606,2.8031100173682426,0.40624157162880675,0.08632290954728067,0.08600808524102199,0.0031746411418054317,-0.0027840612776721327,0.04344966320805581,0.7945886756937699,inf,red,True,unknown,0,0.03691096171841378,0.0049792620000062016,0.03606927999999243,0.008572653999976865,0.0,-0.022999999999996135,-0.00999999999999801,-0.03399999999999892,18.151475999957256,0.8644215915972406
53.2,722.036009245,FOLLOW,2.888558499878566,2.8118951867100863,0.4062146985221534,0.08602719019608901,0.07808613696854555,-0.0007887858799857945,-0.020990192969556065,0.1323380703904926,0.8660046557934009,inf,red,False,unknown,0,-0.010101484214842528,0.0050443839999161355,0.03638736199991399,0.008369204999894464,0.0,-0.022999999999996135,-0.00999999999999801,-0.03599999999999426,16.61600400007046,0.8644215915972406
53.4,722.235769336,FOLLOW,2.9047703804943157,2.828106999172465,0.40616770018988696,0.07809980661621446,0.07805193985873365,-0.000787463682687193,-0.02101251735776081,0.13249260526707934,0.865876683365135,inf,red,False,unknown,0,-0.01008897003857207,0.0031147219999638764,0.03166654500000732,0.0013232539999989967,0.0,-0.02300000000000324,-0.00999999999999801,-0.03999999999999915,0.3411610000512155,0.8644215915972406
53.5,722.335876001,FOLLOW,2.910078886712073,2.8334154804576137,0.40615143074529525,0.07806562238559354,0.07810165185223734,-0.0005784036991890655,-0.02080886217378662,0.13293813770599777,0.8671531018727826,inf,red,False,unknown,0,-0.007405780613748904,0.004910302999974192,0.032450304000008146,0.03288047900002766,0.0,-0.02300000000000324,-0.00999999999999801,-0.008000000000002672,0.43092900000374357,0.8644215915972406
53.6,722.435912974,FOLLOW,2.9180449188091915,2.8413814724050073,0.40612614056491747,0.07811572641998034,0.07808903879292968,-0.0005734484332814031,-0.02083962870878195,0.13318092432091364,0.8674080392280401,inf,red,False,unknown,0,-0.00734352019368593,0.0028383059999441684,0.03260602199998175,0.032910066999988885,0.0,-0.02400000000000091,-0.00999999999999801,-0.00999999999999801,13.805359000002682,0.8103952421224131
53.7,722.535563053,FOLLOW,2.92601231485195,2.8493488251476933,0.4060998744982957,0.07810322704010848,0.07808903879292968,-0.0005734484332814031,-0.02083962870878195,0.13318092432091364,0.8674080392280401,inf,red,False,unknown,0,-0.00734352019368593,0.03324637100001837,0.030931828000007044,0.029103279000082694,0.0,0.009000000000000341,-0.00999999999999801,-0.012000000000000455,0.34161700000368,0.8103952421224131
53.9,722.735573947,FOLLOW,2.9417875309733597,2.8651239535945803,0.4060473193180125,0.07653658087883054,0.07871614512249918,0.0038708587191825113,-0.015699308729134616,0.13699566212549955,0.8806297597921532,inf,red,False,unknown,0,0.04917490196145437,0.024115906000020004,0.02333183400003236,0.022665511000013794,0.0,0.00999999999999801,-0.00999999999999801,-0.015999999999998238,0.3509439999334063,0.8103952421224131
54.0,722.835482107,FOLLOW,2.949741029021048,2.8730774206974368,0.40602514975554,0.07873677701105944,0.07902086070715837,0.0036288162944174427,-0.01595309047858544,0.1365006247009309,0.883223773620744,inf,red,False,unknown,0,0.0459222572614767,0.03272168499995587,0.029292545999965114,0.020341109000014512,0.0,0.00999999999999801,-0.00999999999999801,-0.018000000000000682,13.542096000037418,0.8103952421224131
54.1,722.935911545,FOLLOW,2.957782147957574,2.881118516247894,0.40600577324518694,0.0790413835217511,0.07883249698105037,0.0035661635369908856,-0.01580449967578699,0.1350741071796106,0.8787755820598933,inf,red,False,unknown,0,0.04523722669660095,0.02894148099994709,0.02589200299996719,0.015393578999919555,0.0,0.00999999999999801,-0.00999999999999801,-0.01999999999999602,13.550683000062236,0.8103952421224131
54.2,723.035612402,FOLLOW,2.965831809364903,2.8891681606076376,0.4059892238601522,0.07885312197348486,0.07883249698105037,0.0035661635369908856,-0.01580449967578699,0.1350741071796106,0.8787755820598933,inf,red,False,unknown,0,0.04523722669660095,0.02361306099999183,0.019397747999960302,0.009021623999956319,0.0,0.010000000000005116,-0.00999999999999801,-0.021999999999998465,0.3346190000002025,0.8103952421224131
54.4,723.237436196,FOLLOW,2.9819170385781546,2.905253370369327,0.4059644000235823,0.07884506239885901,0.08380778575408876,0.006627178410980941,-0.006599175113063332,0.09708151324494167,0.8679021034239647,inf,red,False,unknown,0,0.07907592774765104,0.025168508999968253,0.021526145999928303,0.005070448999958899,0.0,0.009000000000000341,-0.00999999999999801,-0.026000000000003354,16.471282999987125,0.7203513263310338
54.5,723.341218476,FOLLOW,2.987441568594293,2.9107778972008704,0.40595848499105985,0.08383289145608813,0.08372725497577087,0.006402255259740956,-0.006860812513139688,0.09706235648278763,0.8670347220852475,inf,red,False,unknown,0,0.0764656056333586,0.023847836999948413,0.020011308999983157,0.03514416400003029,0.0,0.00999999999999801,-0.00999999999999801,0.006000000000000227,17.378258000007918,0.7203513263310338
54.6,723.435913432,FOLLOW,2.9959899061402235,2.9193262332827463,0.40595371460116725,0.08375238733551114,0.08372725497577087,0.006402255259740956,-0.006860812513139688,0.09706235648278763,0.8670347220852475,inf,red,False,unknown,0,0.0764656056333586,0.04700508600001285,0.008060589000024265,0.022080338000023403,0.0,0.04299999999999926,-0.00999999999999801,0.0040000000000048885,0.3431200000250101,0.7203513263310338
54.7,723.535625152,FOLLOW,3.0045326541631137,2.9278689811535985,0.4059543819297895,0.08375247723893206,0.08405933620554162,0.006192615206567517,-0.007023218235669912,0.0962636305748239,0.8690748201889964,inf,red,False,unknown,0,0.07366957064026004,0.010610017999965748,0.004059605999941596,0.015013729999964198,0.0,0.010000000000005116,-0.00999999999999801,0.0020000000000024443,0.32890099998894584,0.7203513263310338
54.9,723.735914129,FOLLOW,3.0222947568344383,2.945631072919105,0.4059728718456134,0.09322394055233521,0.09324269586266479,0.007606990278287256,0.0009556432413354941,0.04867744732743706,0.8715811408664378,inf,red,False,unknown,0,0.08158269350653946,0.008940499999994245,0.0029254669999545513,0.009971874000029857,0.0,0.009000000000000341,-0.00999999999999801,-0.0020000000000024443,13.739540000074157,0.7203513263310338
55.0,723.836261195,FOLLOW,3.0318066522074507,2.9551429464053993,0.4059931802435207,0.09326957412053329,0.09425307295291617,0.007105767288352929,0.0009474383026605963,0.044557336121657624,0.8729353131922639,inf,red,False,unknown,0,0.0753902983290804,0.0061195160000124815,0.005539823000049182,0.010656959000016286,0.0,0.009000000000000341,-0.00999999999999801,-0.003999999999997783,21.256494999988718,0.6824380986294005
55.1,723.936531618,FOLLOW,3.0413874994779126,2.9647237537391353,0.40602078060718355,0.09427917657780009,0.10907308535306973,0.006559288297903498,0.005724036005684712,0.002439417986203166,0.9144856039051843,inf,red,False,unknown,0,0.06013663477723283,0.004939273999980287,0.10581024600003275,0.003809531000001698,0.0,0.009000000000000341,0.09000000000000341,-0.006000000000000227,13.689687999999478,0.6824380986294005
55.2,724.036330564,FOLLOW,3.048146246831243,2.9714824600662784,0.40604431489280357,0.10493484834595537,0.10907308535306973,0.006559288297903498,0.005724036005684712,0.002439417986203166,0.9144856039051843,inf,red,False,unknown,0,0.06013663477723283,0.03876202099991133,0.0856044639999709,0.033603592999952525,0.0,0.043000000000006366,0.09000000000000341,0.026000000000003354,0.3436430000647306,0.6824380986294005
55.4,724.285822976,FOLLOW,3.07537313327994,2.9987090820846434,0.4061639856895601,0.09533025884940464,0.09531010421273306,0.002615686500599014,0.006886851828761762,-0.027380123381460345,0.8486175853737022,inf,red,False,unknown,0,0.027443958037867387,0.014072886000008111,0.0415569519999508,0.006019873000013831,0.0,-0.02400000000000091,-0.00999999999999801,-0.045999999999999375,0.3552540000555382,0.6824380986294005
55.4,724.335561789,LIGHT_WAIT,3.078614361196032,3.0019502708159127,0.40617992345439524,0.09533020870609715,0.0,0.0,0.006686484697626413,-0.028634407391935523,0.8487806731949494,inf,red,False,unknown,0,0.023605746830829093,0.027437686000098438,0.09129576500004077,0.021644877000085216,0.049738813000089976,-0.05799999999999983,-0.00999999999999801,-0.0799999999999983,15.993811999919672,0.6483161936979305
55.5,724.385799123,LIGHT_WAIT,3.0850968122435103,3.008432638886263,0.4062127211524323,0.09533012086006273,0.0,0.0,0.006686484697626413,-0.028634407391935523,0.8487806731949494,inf,red,False,unknown,0,0.023605746830829093,0.014499336999961088,0.013590192999913597,0.000989027999935388,0.0,0.00999999999999801,-0.00999999999999801,-0.04800000000000182,0.2874430000474604,0.6483161936979305
55.6,724.435702392,LIGHT_WAIT,3.087089864321082,3.0104256641077347,0.4062230676731722,0.05747552527093531,0.0,0.0,0.006857692774879383,-0.03215605652020827,0.8472560086460659,inf,red,False,unknown,0,0.020074860755030576,0.025829312000041682,0.06349346199999673,0.018117127000095934,0.0,0.04299999999999926,0.09000000000000341,0.018000000000000682,16.28081100000145,0.6483161936979305
55.7,724.536342006,LIGHT_WAIT,3.087960037880143,3.0112958257201474,0.4062276273971429,1.3284825430010615e-06,0.0,0.0,0.006700419725893468,-0.031613327366935264,0.8488171972179666,inf,red,False,unknown,0,0.019326451995682004,0.026704679000090437,0.08289230500008671,0.01883240500001193,0.0,0.04200000000000159,0.09000000000000341,0.016000000000005343,14.855663999924218,0.6483161936979305
55.8,724.68576655,FOLLOW,3.0879602711874474,3.0112960590241915,0.4062276286305247,1.3756745520818772e-06,0.09413562779051189,0.0018217608548654035,0.006867678167445188,-0.03270965733048301,0.8486124009129645,inf,green,False,unknown,0,0.019352511877007126,0.07686821100003272,0.04357275000006666,0.00043995100008942245,0.050202312999999776,0.041999999999994486,-0.010000000000005116,-0.054000000000002046,17.22878199996103,0.6483161936979305
55.9,724.735841235,FOLLOW,3.0879603179590664,3.0112961057951564,0.40622762887789726,1.3755992937737577e-06,0.09413562779051189,0.0018217608548654035,0.006867678167445188,-0.03270965733048301,0.8486124009129645,inf,green,False,unknown,0,0.019352511877007126,0.013805012999910105,0.09364743499997985,0.013195730999996158,0.0,0.04200000000000159,0.0899999999999963,0.012000000000000455,0.3614000000879969,0.6483161936979305
56.0,724.885695548,FOLLOW,3.0977140436056807,3.021049685425468,0.40628099473903967,0.09466925998335166,0.09465068129464692,0.0017930845717037869,0.006644366591555024,-0.031497767038552234,0.8508657839024543,inf,green,False,unknown,0,0.018944233123076283,0.009023506999938036,0.0382071909999695,0.024568160999933752,0.0,-0.02300000000000324,-0.00999999999999801,-0.02400000000000091,0.3666940000357499,0.6174439939980291
56.1,724.985616749,FOLLOW,3.107370326834944,3.030705812676687,0.4063358767616711,0.09466945994585332,0.09450545446814983,0.0016403175882176311,0.0065354313250655036,-0.0318427187413696,0.8502394248628028,inf,green,False,unknown,0,0.017356856251830945,0.004171941999970841,0.032967835000022205,0.016737898999963363,0.0,-0.022999999999996135,-0.00999999999999801,-0.02599999999999625,0.3390140000192332,0.6174439939980291
56.2,725.08551829,FOLLOW,3.117011969673509,3.0403472890761294,0.40639252684526095,0.09452405341346745,0.08021507318986565,-0.005457722292316673,0.00869310560823982,-0.10351949552583523,0.8414552747110229,inf,green,False,unknown,0,-0.06803861263578827,0.0360391440000285,0.027590669999995043,0.002799260999950093,0.0,0.010000000000005116,-0.00999999999999801,-0.027999999999998693,14.1813950000369,0.6174439939980291
56.4,725.286100686,FOLLOW,3.1338743243782505,3.0572093740900432,0.40648777344880277,0.0803100932951751,0.07989520597601271,-0.005487181573252716,0.00878672589249703,-0.10456529285188618,0.8398405833489296,inf,green,False,unknown,0,-0.06867973498810626,0.03178906499999812,0.027189114000066184,0.00474156400002812,0.0,0.00999999999999801,-0.00999999999999801,-0.03200000000000358,12.363913999934084,0.5893783579072095
56.5,725.385911848,FOLLOW,3.1420388842486053,3.06537383818548,0.4065273014851168,0.07990430169678397,0.07989520597601271,-0.005487181573252716,0.00878672589249703,-0.10456529285188618,0.8398405833489296,inf,green,False,unknown,0,-0.06867973498810626,0.029810315999952763,0.024920688999941376,0.001557666999929097,0.0,0.00999999999999801,-0.00999999999999801,-0.03399999999999892,0.5773579999868161,0.5893783579072095
56.6,725.485639905,FOLLOW,3.147472379213842,3.0708072807276845,0.40655116442618233,0.07990437466336071,0.08047294014211208,-0.005337692225733989,0.008816554386442438,-0.10319126022365523,0.8436100034169198,inf,green,False,unknown,0,-0.06632903204863438,0.025411661000021013,0.02205352999999377,0.030121998000026906,0.0,0.008000000000002672,-0.00999999999999801,-0.001999999999995339,0.31820000003790483,0.563753211911244
56.7,725.586546901,FOLLOW,3.155680828704082,3.079015666080358,0.4065835923215348,0.08048244197498004,0.07449609635467738,-0.010301355205443624,0.007355111055383869,-0.14151167601512213,0.8404272082001121,inf,green,False,unknown,0,-0.1382804698436636,0.09530343599999469,0.017924800000059804,0.02329621399996995,0.0,0.07700000000000529,-0.00999999999999801,-0.003999999999997783,18.65672500002802,0.563753211911244
56.9,725.785952421,FOLLOW,3.1712932270240257,3.0946279940097337,0.40662978181286036,0.07449905319839618,0.07446096992739477,-0.010058394681272413,0.007708648166747989,-0.14170017346870883,0.8403233401316264,inf,green,False,unknown,0,-0.13508277814645886,0.0843062030000965,0.006054692000020623,0.007593853000003037,0.0,0.07699999999999818,-0.00999999999999801,-0.008000000000002672,0.3469799999038514,0.563753211911244
57.0,725.886005733,FOLLOW,3.178888628965379,3.1022233874232983,0.4066409737993629,0.07446437580435357,0.07530940018883255,-0.00991605269947909,0.0076288238778042874,-0.1389142913723665,0.8455273340925553,inf,green,False,unknown,0,-0.1316708495169972,0.011691508000012618,0.010886626999990767,0.010051053000097454,0.0,0.009000000000000341,-0.00999999999999801,-0.00999999999999801,16.430004999961056,0.5402634947482754
57.1,725.98572628,FOLLOW,3.1865406031754167,3.109875360495285,0.4066446028276806,0.07531310767124241,0.07530940018883255,-0.00991605269947909,0.0076288238778042874,-0.1389142913723665,0.8455273340925553,inf,green,False,unknown,0,-0.1316708495169972,0.015720263000048362,0.014293047000023762,0.013325965000035467,0.0,0.009000000000000341,-0.00999999999999801,-0.012000000000000455,0.7508200000074794,0.5402634947482754
57.2,726.09173409,FOLLOW,3.194222545002744,3.1175573010376874,0.4066406680174592,0.07531319755411106,0.08680360124439392,0.0017053649448940922,-0.003594648750134863,0.03720861944355966,0.7906517221414735,inf,green,False,unknown,0,0.01964624647418336,0.021345813000039016,0.02072429400004694,0.016693625000016254,0.0,0.010000000000005116,-0.00999999999999801,-0.013999999999995794,0.38851799990879954,0.5186529549583444
57.4,726.285709981,FOLLOW,3.209083550841709,3.1324183024948824,0.4066293303205579,0.08576674737921636,0.08574740878118287,0.0020830576134695587,-0.003947907704458598,0.042691661443958535,0.7908263095386693,inf,green,False,unknown,0,0.02429295115827083,0.10976302599999599,0.0031692389999307125,0.028642422999951123,0.0,0.10999999999999943,-0.00999999999999801,0.015999999999998238,0.28864400007933,0.5186529549583444
57.5,726.38578196,FOLLOW,3.21783176460926,3.141166514976525,0.406624604575444,0.0857668195720513,0.08574740878118287,0.0020830576134695587,-0.003947907704458598,0.042691661443958535,0.7908263095386693,inf,green,False,unknown,0,0.02429295115827083,0.20983500500005903,0.10324121799999375,0.02386422400002175,0.0,0.21000000000000085,0.09000000000000341,0.014000000000002899,0.2899709999155675,0.5186529549583444
57.6,726.535661494,FOLLOW,3.2292544101824237,3.1525891598095925,0.4066205272714477,0.07838644535709434,0.07826294535964902,-0.002015684124664644,-0.022052104193447164,0.12890978823256538,0.8623757886797667,inf,green,False,unknown,0,-0.025755280681065383,0.08058971599996312,0.03992686300000514,0.02967351699999199,0.0,0.04200000000000159,-0.00999999999999801,-0.021999999999998465,14.977280000039173,0.48023421755402257
57.7,726.635872496,FOLLOW,3.237246255280702,3.160581004127595,0.4066170189498774,0.07827752652987764,0.07869993718835201,-0.015923853120394592,-0.014542022950147565,-0.039893245025828375,0.7212410573565216,inf,green,False,unknown,0,-0.20233628754091817,0.009912131000078261,0.03870394800003396,0.02237489000003734,0.0,-0.022999999999996135,-0.00999999999999801,-0.023999999999993804,12.826680999978635,0.48023421755402257
57.9,726.835969732,FOLLOW,3.2532713680678547,3.176606098422046,0.40659554795093045,0.07869526622890158,0.06572409162351096,0.005334440566445379,-0.020648117489499226,0.19013343023374454,0.808041325807905,inf,green,False,unknown,0,0.0811641581446693,0.006286050999960935,0.03218585699994492,0.01373353299993596,0.0,-0.02300000000000324,-0.00999999999999801,-0.027999999999998693,0.36076499998216605,0.48023421755402257
58.0,726.936475481,FOLLOW,3.260421577971971,3.183756294354737,0.4065815971981658,0.06574710505850812,0.07910516787565101,0.0026702185686150706,-0.01648340682190802,0.1319051534146948,0.8765926344748614,inf,green,False,unknown,0,0.033755298677989126,0.0009414150000566224,0.030456958000058876,0.010488077999980305,0.0,-0.02300000000000324,-0.00999999999999801,-0.030000000000001137,13.317645000029188,0.48023421755402257
58.1,727.035606927,FOLLOW,3.2680162368590446,3.191350946718111,0.4065716712082828,0.07912435807248089,0.07910516787565101,0.0026702185686150706,-0.01648340682190802,0.1319051534146948,0.8765926344748614,inf,green,False,unknown,0,0.033755298677989126,0.06581055499998456,0.03199656200001755,0.010343517000023894,0.0,0.04200000000000159,-0.00999999999999801,-0.031999999999996476,0.2894890000106898,0.48023421755402257
58.2,727.135781527,FOLLOW,3.276086915420532,3.199421620936174,0.4065633158511498,0.07912423861646666,0.07922742859730872,0.0026058535080209916,-0.016564528220799964,0.13186306827082522,0.8778779846869238,inf,green,False,unknown,0,0.03289079999384847,0.023764397999912035,0.023230502999922464,0.0023608889999877647,0.0,0.010000000000005116,-0.00999999999999801,-0.03399999999999892,0.30167100010203285,0.48023421755402257
58.4,727.335943186,FOLLOW,3.289559075585472,3.212893777583894,0.4065536958395506,0.07925967202131912,0.07924102796571753,0.0024373997196106977,-0.016912490666786406,0.13272851810655809,0.879457404196188,inf,green,False,unknown,0,0.03075931474116165,0.010832885000013448,0.008494262999988678,0.013795305000030567,0.0,0.00999999999999801,-0.00999999999999801,-0.0040000000000048885,0.3345589999526055,0.48023421755402257
58.5,727.435991366,FOLLOW,3.2976435574055425,3.220978258685956,0.40655032064174357,0.07925959569166958,0.08202151124454068,0.005548468910314089,-0.005733640021645017,0.08370023373767081,0.8265380033437775,inf,green,False,unknown,0,0.0676465091428487,0.014398273000097106,0.00664067300010629,0.010501511000029495,0.0,0.00999999999999801,-0.00999999999999801,-0.006000000000000227,0.5738549999705356,0.48023421755402257
58.6,727.535821927,FOLLOW,3.3060083950026233,3.229343096183949,0.40654996997375803,0.08204416345416318,0.08341591423441629,0.004599650881332874,-0.008129986053410816,0.0911724619506345,0.8535749991746089,inf,green,False,unknown,0,0.05514116728861697,0.004424863000053847,0.0006405049999784751,0.002067123000074389,0.0,0.00999999999999801,-0.00999999999999801,-0.007999999999995566,21.60841199997776,0.48023421755402257
58.7,727.636470311,FOLLOW,3.3116329687428427,3.234967669444669,0.40655224514441346,0.08343735862264504,0.08390575161568994,0.0043885553283928205,-0.008312133603815306,0.09047621484705633,0.8573703220075185,inf,green,False,unknown,0,0.0523033909343133,0.06902414800003953,0.10128888899998856,0.030352253000046403,0.0,0.07700000000000529,0.09000000000000341,0.02400000000000091,15.1695889999246,0.48023421755402257
58.9,727.885463697,FOLLOW,3.3316019968606567,3.254936685204665,0.4065736951442155,0.08479401202717526,0.08477188119848302,0.005037266221123365,-0.007731256599782226,0.09140295118618041,0.8678573458028924,inf,green,False,unknown,0,0.05942142783559587,0.00047952800002803997,0.03077422299998034,0.027391775999944912,0.0,-0.02300000000000324,-0.00999999999999801,-0.014000000000002899,0.33310800006347563,0.48023421755402257
59.0,727.988841518,FOLLOW,3.340250996909343,3.263585670553374,0.4065895991167824,0.08479420383230765,0.09191572611913146,0.005998619016768619,-0.001324952383210936,0.0528452306578942,0.8671582957397065,inf,green,False,unknown,0,0.06526216209176047,0.019715287999929387,0.02243378599996504,0.015978196999981265,0.0,0.00999999999999801,-0.00999999999999801,-0.015999999999998238,0.3799209999897357,0.48023421755402257
59.1,728.08578834,FOLLOW,3.346493630290996,3.269828287674219,0.40660383441844405,0.0919394787008129,0.09244240274412206,0.005697792984820036,-0.0013244479687819152,0.05039933665192378,0.8674166015513033,inf,green,False,unknown,0,0.06163614116123058,0.004684190000034505,0.0023685910000494914,0.0356257270000242,0.0,0.00999999999999801,-0.01099999999999568,0.015999999999998238,18.818914999997105,0.48023421755402257
59.2,728.235952643,FOLLOW,3.3590325300355173,3.282367135648352,0.4066397658818674,0.0924660813224185,0.10443744874682881,0.007289492398571165,0.0038025110083799506,0.02177155038779689,0.9176821807603346,inf,green,False,unknown,0,0.0697976873816779,0.010007061999999678,0.03381261800006996,0.0323818570000185,0.0,-0.022999999999996135,-0.00999999999999801,-0.01999999999999602,0.4771499999378648,0.48023421755402257
59.4,728.436554542,FOLLOW,3.379877163538583,3.3032116077700655,0.4067213798962142,0.10454482938572754,0.1038378733605737,0.00658695153477704,0.0023521130795712995,0.027139906231702305,0.9240270727194756,inf,green,False,unknown,0,0.06343496184580034,0.03020477999996274,0.027411696999934065,0.014095186999952602,0.0,0.009000000000000341,-0.00999999999999801,-0.02400000000000091,13.387049000016304,0.48023421755402257
59.5,728.535925874,FOLLOW,3.390495303114541,3.313829618015746,0.40677375213724487,0.10386367581722075,0.1038378733605737,0.00658695153477704,0.0023521130795712995,0.027139906231702305,0.9240270727194756,inf,green,False,unknown,0,0.06343496184580034,0.024932369999987714,0.024238947999947413,0.005749876999971093,0.0,0.00999999999999801,-0.00999999999999801,-0.026000000000003354,0.6682430000637396,0.48023421755402257
59.6,728.636312278,FOLLOW,3.401089415838495,3.3244235656430168,0.40683286779384104,0.10386402763377055,0.1000582069635095,0.006236893652948588,0.00872003501720443,-0.016049367618979384,0.8672740360886895,inf,green,False,unknown,0,0.06233265458397767,0.09372330199994394,0.020951295000031678,0.0005103360000475732,0.0,0.07600000000000051,-0.00999999999999801,-0.027999999999998693,0.3627370000458541,0.48023421755402257
59.7,728.740474272,FOLLOW,3.407900007485064,3.3312340306008217,0.40687440308545103,0.10008412637730213,0.09082257864849254,0.0007626510926658112,0.006852858735606895,-0.03999628532046181,0.832533275595046,inf,green,False,unknown,0,0.00839715304293961,0.02015524400007962,0.019526394000081382,0.03062517000000753,0.0,0.009000000000000341,-0.00999999999999801,0.0040000000000048885,0.38959699998031283,0.48023421755402257
59.9,728.935974408,FOLLOW,3.426262845475253,3.3495964939949894,0.4069916906515731,0.0853272516985829,0.09258207539707491,-0.0002831793846175775,0.00848791801563472,-0.05858362071638658,0.8845129864380856,inf,green,False,unknown,0,-0.0030586847767567374,0.015216946999998981,0.01023494200001096,0.020687734000034652,0.0,0.00999999999999801,-0.00999999999999801,0.0,29.122015999973883,0.48023421755402257
60.0,729.03559455,FOLLOW,3.435203996884781,3.358537461774029,0.40704899414252155,0.09259920433117308,0.09258207539707491,-0.0002831793846175775,0.00848791801563472,-0.05858362071638658,0.8845129864380856,inf,green,False,unknown,0,-0.0030586847767567374,0.005914034000056745,0.0007092140000395375,0.006649641000080919,0.0,0.00999999999999801,-0.00999999999999801,-0.0020000000000024443,0.241812000012942,0.48023421755402257
60.1,729.135632081,FOLLOW,3.441500749584765,3.364834085896697,0.40708923370568717,0.09259931125347654,0.09247291716663587,-5.189838384296722e-05,0.008710657745893607,-0.05838345410729506,0.8830844829629235,inf,green,False,unknown,0,-0.0005612279295725744,0.07552112600001237,0.10074674500003766,0.03394881500003066,0.0,0.07699999999999818,0.09000000000000341,0.030000000000001137,0.386505999927067,0.48023421755402257
60.2,729.235649939,FOLLOW,3.4509386086425904,3.3742717525140686,0.40714950322064336,0.0924903203254194,0.08024554047123632,-0.00747744627580212,0.010805272547773123,-0.13415015669788527,0.8929826670211953,inf,green,False,unknown,0,-0.09318207880327481,0.09854671800007964,0.09242156400000567,0.02820398500000465,0.0,0.10999999999999943,0.09000000000000341,0.028000000000005798,15.606397999931687,0.48023421755402257
60.4,729.485741841,FOLLOW,3.4712719076286853,3.394604667083284,0.4072743821111027,0.07995581979145205,0.08004378444885749,-0.0063429586554016116,0.007946051082102279,-0.10608041881772459,0.8439289991173639,inf,green,False,unknown,0,-0.0792436127186656,0.004460579000010512,0.031649451000021145,0.03199025100002473,0.0,-0.02300000000000324,-0.00999999999999801,-0.00999999999999801,11.680166999894936,0.48023421755402257
60.5,729.586294725,FOLLOW,3.4794305413462583,3.4027631921250077,0.407316468844906,0.08005200506617287,0.07992449468020627,-0.006347966762954503,0.00804229068352938,-0.10683563921545071,0.8439287989627966,inf,green,False,unknown,0,-0.0794245467344395,0.0369130110000242,0.03411290799999733,0.032356165999999575,0.0,0.00999999999999801,-0.00999999999999801,-0.012000000000000455,13.767843999971774,0.48023421755402257
60.6,729.685925272,FOLLOW,3.4875919355974796,3.4109245024951154,0.4073534450188147,0.07993252761741897,0.07992449468020627,-0.006347966762954503,0.00804229068352938,-0.10683563921545071,0.8439287989627966,inf,green,False,unknown,0,-0.0794245467344395,0.0068500249999488005,0.03614944599996761,0.032279926999990494,0.0,-0.022999999999996135,-0.00999999999999801,-0.013999999999995794,0.4981320000752021,0.48023421755402257
60.7,729.785851246,FOLLOW,3.495745044693007,3.419077549314061,0.4073852815238236,0.07993236198216397,0.07440564366623452,-0.01101427634665516,0.006681435776982103,-0.1435794904082576,0.8426121222414615,inf,green,False,unknown,0,-0.14803011981271882,0.031337648999965495,0.027810208999994757,0.021941581999953996,0.0,0.010000000000005116,-0.00999999999999801,-0.015999999999998238,0.3424880000011399,0.48023421755402257
60.9,729.985690434,FOLLOW,3.5109552850026007,3.4342877393016953,0.40742323221780524,0.0746454166511971,0.07506269910516823,-0.010564468933160613,0.00685239704011513,-0.13985979220110112,0.8442361071035396,inf,green,False,unknown,0,-0.14074192720353731,0.025409950000039316,0.02365930100006608,0.013057760000037888,0.0,0.00999999999999801,-0.00999999999999801,-0.020000000000003126,0.3397149999955218,0.48023421755402257
61.0,730.086188836,FOLLOW,3.518611314251225,3.4419437653385496,0.4074298931862344,0.07506447111306985,0.07508724676904617,-0.01033793561081142,0.007103226030302882,-0.13946617014746496,0.8438964466961449,inf,green,False,unknown,0,-0.13767898086087652,0.027732109999988097,0.027149857000040356,0.016570419000004222,0.0,0.009000000000000341,-0.00999999999999801,-0.021999999999998465,1.1965859999918393,0.48023421755402257
61.1,730.185795535,FOLLOW,3.5262703863749376,3.4496028370489853,0.40742858096902174,0.0750892646092911,0.0773890781163502,-0.011513291135214473,0.005527241936047346,-0.13652718444385364,0.8650280039264755,inf,green,False,unknown,1,-0.14877152455421264,0.09707079800000429,0.0223775189999742,0.0075334970000540125,0.0,0.07600000000000051,-0.00999999999999801,-0.02400000000000091,14.990101999956096,0.48023421755402257
61.2,730.285982142,FOLLOW,3.531451693689441,3.4547841414674423,0.40742318373120906,0.07738955501203426,0.07752348751593495,-0.013360208102997909,0.0014477676825104535,-0.12549213015192737,0.848707970657396,inf,green,False,unknown,1,-0.17233755254175992,0.0554422179999392,0.012407004000010602,0.03449976999991122,0.0,0.043000000000006366,-0.00999999999999801,0.008000000000002672,19.358505000013793,0.48023421755402257
61.4,730.486334808,FOLLOW,3.5472569365418924,3.4705893248680604,0.4073814089697275,0.07752134449658,0.08118899828212305,-0.013297049749291114,0.00027899943596373933,-0.11208952088444567,0.8661674006537599,inf,green,False,unknown,1,-0.16377896058139915,0.051432259000080194,0.005020337000019026,0.02223310900001252,0.0,0.04299999999999926,-0.00999999999999801,0.003999999999997783,0.6401639999467079,0.48023421755402257
61.5,730.58585521,FOLLOW,3.5555332456388915,3.4788655450267063,0.4073431572260241,0.08118698225134995,0.09808381695047953,-0.017807410631433047,-0.014845590905936758,-0.023778361005960594,0.8659541497600598,inf,green,False,unknown,1,-0.1815529940114753,0.00749832899998637,0.006358879999993405,0.016454812000006314,0.0,0.00999999999999801,-0.00999999999999801,0.0020000000000024443,0.5146649999687725,0.48023421755402257
61.6,730.686887705,FOLLOW,3.565480248043154,3.4888123669778133,0.40728340605312763,0.09807572188151743,0.09856685196006378,-0.01734015307593904,-0.014625278457194309,-0.021429366297156693,0.8653951241549028,inf,green,False,unknown,1,-0.17592276440932425,0.10853082400001313,0.10739137500002016,0.0004032250000136628,0.0,0.10999999999999943,0.09000000000000341,0.0,0.27087299997674563,0.48023421755402257
61.7,730.835917179,FOLLOW,3.57888369963149,3.5022153843095936,0.40717586319376364,0.09855954760783989,0.09976426459537377,-0.016353771010722797,-0.013950446560009069,-0.017794869176520227,0.8683541223982486,inf,green,False,unknown,1,-0.16392413733565625,0.026435642000024018,0.025702042000034453,0.0008178780000207553,0.0,0.010000000000005116,-0.00999999999999801,-0.03599999999999426,0.3366979999555042,0.48023421755402257
61.9,731.035895633,FOLLOW,3.595852543893527,3.519183281259287,0.40699702950919925,0.09987263386760156,0.10147884984793977,-0.014718304771759028,-0.012782809265850282,-0.012785809013584845,0.8726881069218734,inf,green,False,unknown,1,-0.1450381512385444,0.02440342700003839,0.01964675800002169,0.022660139999970852,0.0,0.00999999999999801,-0.00999999999999801,-0.006000000000000227,16.379815000050257,0.48023421755402257
62.0,731.135843433,FOLLOW,3.606091954040481,3.529421867533614,0.40686721426564665,0.1014754721980288,0.10147884984793977,-0.014718304771759028,-0.012782809265850282,-0.012785809013584845,0.8726881069218734,inf,green,False,unknown,1,-0.1450381512385444,0.0180900789999896,0.012174634999951195,0.014010611000003337,0.0,0.00999999999999801,-0.00999999999999801,-0.008000000000002672,0.4346309999618825,0.48023421755402257
62.1,731.23603056,FOLLOW,3.6164424637986654,3.5397713360521394,0.40672046140443857,0.10147564284176268,0.10234089829227086,-0.013703157995910596,-0.012165650477179308,-0.009358170093583038,0.8727933927220313,inf,green,False,unknown,1,-0.13389718308682763,0.010052082000015616,0.009470353999972758,0.008750210000016523,0.0,0.009000000000000341,-0.00999999999999801,-0.00999999999999801,0.37065200001507037,0.48023421755402257
62.2,731.335756964,FOLLOW,3.6268799161323892,3.55020751738742,0.4065576265348653,0.10233912258419188,0.10393659330102309,-0.012441372419874593,-0.011441564612499358,-0.004580118664269562,0.8760558177351635,inf,green,False,unknown,1,-0.11970156058359215,0.013481534999982614,0.004834535999975742,0.0031116379999502897,0.0,0.010000000000005116,-0.00999999999999801,-0.012000000000000455,12.749402000054033,0.48023421755402257
62.4,731.586197695,FOLLOW,3.6480643135297357,3.571388640793319,0.40618549511425733,0.10450160081531021,0.10526734288207654,-0.011029843758456198,-0.01054120857080868,-0.0004906904844737706,0.878303975756431,inf,green,False,unknown,1,-0.10477934995293024,0.01454280200005087,0.016868987000066227,0.011486389999959101,0.0,0.009000000000000341,-0.00999999999999801,-0.015999999999998238,24.029019999943557,0.48023421755402257
62.5,731.686020463,FOLLOW,3.6551703717955606,3.5784933895702737,0.4060490886323289,0.10450027654985543,0.10526734288207654,-0.011029843758456198,-0.01054120857080868,-0.0004906904844737706,0.878303975756431,inf,green,False,unknown,1,-0.10477934995293024,0.04631238399997528,0.007956988999922032,0.04185594599994147,0.0,0.04200000000000159,-0.00999999999999801,0.015999999999998238,0.6801030000360697,0.48023421755402257
62.6,731.786071222,FOLLOW,3.6659064893306126,3.5892273173557157,0.405832287961201,0.10526582536497402,0.10534208734917615,-0.010632265235968653,-0.010126361838499293,-0.0006544084927560629,0.8792869103390919,inf,green,False,unknown,1,-0.10093083878930566,0.031863175000012234,0.10800774799997725,0.020165556000051765,0.0,0.04299999999999926,0.09000000000000341,0.014000000000002899,0.39603300001544994,0.48023421755402257
62.7,731.936071676,FOLLOW,3.6803017982606594,3.603619296833079,0.40552275228614565,0.1074523800214122,0.10745191878810309,-0.009373330519183489,-0.00604219510632244,-0.018621379848412813,0.9371181356340689,inf,green,False,unknown,1,-0.08723278862677034,0.009421366999958991,0.037817278000034094,0.026840266000021984,0.0,-0.022999999999996135,-0.00999999999999801,-0.021999999999998465,0.44020999996519095,0.48023421755402257
62.9,732.135922126,FOLLOW,3.7022626280709914,3.6255742376689666,0.40501434439937056,0.1078550373400995,0.1,-0.007502569391844479,-0.0051331221365283316,-0.01643448869298961,0.9422223913726169,inf,green,False,crosswalk,1,-0.07502569391844478,0.025797242999942682,0.02468499899998733,0.0051498819999551415,0.0,0.00999999999999801,-0.00999999999999801,-0.026000000000003354,0.5014770000570934,0.48023421755402257
63.0,732.236038742,FOLLOW,3.71247252759646,3.6357810783144457,0.40476444906174763,0.10000219395923571,0.1,-0.006289898316393727,-0.004551977477326924,-0.012118210841211808,0.9445568093324528,inf,green,False,crosswalk,1,-0.06289898316393727,0.02946212300003026,0.02484081500006141,0.0024956549999615163,0.0,0.00999999999999801,-0.00999999999999801,-0.027999999999998693,14.06707900002857,0.48023421755402257
63.1,732.336117884,FOLLOW,3.719272708668832,3.6425791145349398,0.40459366996649937,0.10000365004657535,0.1,-0.006123464557312608,-0.004315011698011628,-0.01257382762047311,0.9441868508926456,inf,green,False,crosswalk,1,-0.06123464557312608,0.027902988000050755,0.022776876000079938,0.03470164300006218,0.0,0.00999999999999801,-0.00999999999999801,0.0040000000000048885,22.415787999989334,0.48023421755402257
63.2,732.435787864,FOLLOW,3.729473085473895,3.6527761301359574,0.4043318369369347,0.1000038116000903,0.1,-0.006123464557312608,-0.004315011698011628,-0.01257382762047311,0.9441868508926456,inf,green,False,crosswalk,1,-0.06123464557312608,0.016541878999987603,0.009774508999953468,0.027598425999940446,0.0,0.010000000000005116,-0.00999999999999801,0.0020000000000024443,0.38529900007233664,0.48023421755402257
63.4,732.63586082,FOLLOW,3.749873958711831,3.673169779279782,0.40378901496989683,0.10000492886516772,0.1,-0.004814914739122354,-0.003534965646679822,-0.00893781420849827,0.947818374016522,inf,green,False,crosswalk,1,-0.04814914739122353,0.00375348899990513,0.0026898209999899336,0.010802248999993935,0.0,0.009000000000000341,-0.00999999999999801,-0.0020000000000024443,0.31275600008484616,0.48023421755402257
63.5,732.735671716,FOLLOW,3.760074519143567,3.683366500437564,0.4035091779069256,0.10000560373814509,0.1,-0.0037516425483035995,-0.0028789135143409647,-0.0061325582179523495,0.9489203554975523,inf,green,False,crosswalk,1,-0.03751642548303599,0.0034786399999120476,0.0029169499999852633,0.007441657999947893,0.0,0.008000000000002672,-0.00999999999999801,-0.003999999999997783,12.093668000034086,0.48023421755402257
63.6,732.836025722,FOLLOW,3.770275177191518,3.6935631831017193,0.4032244221210299,0.10000717378457738,0.1,-0.0033625384985781523,-0.0027833360074309707,-0.004142837113636111,0.9472706234719781,inf,green,False,crosswalk,1,-0.03362538498578152,0.07391253100001904,0.10327095600007397,0.002046642000095744,0.0,0.07699999999999818,0.09000000000000341,-0.006000000000000227,13.215355999932399,0.48023421755402257
63.7,732.935774911,FOLLOW,3.7770756803417904,3.700360972077821,0.40303230770549725,0.10000778828169461,0.1,-0.0033625384985781523,-0.0027833360074309707,-0.004142837113636111,0.9472706234719781,inf,green,False,crosswalk,1,-0.03362538498578152,0.035527292999972815,0.08592428399992968,0.03175563999991482,0.0,0.04200000000000159,0.09000000000000341,0.026000000000003354,0.42589200006659667,0.48023421755402257
63.9,733.185846137,FOLLOW,3.800877775628574,3.724153228587115,0.40234802069798814,0.10000974456907136,0.1,-0.001716511611491506,-0.0016881849874904361,-0.00033205961323642437,0.9512322433789311,inf,green,False,crosswalk,1,-0.01716511611491506,0.005911085999969146,0.03426021899997522,0.03334571899995353,0.0,-0.02300000000000324,-0.00999999999999801,-0.012000000000000455,0.3595900000163965,0.48023421755402257
64.0,733.285911742,FOLLOW,3.8110788447047805,3.734349960457656,0.402050583018271,0.10001064920295777,0.1,-0.001245685726553735,-0.001626268065747088,0.00243333759372688,0.9512038389035264,inf,green,False,crosswalk,1,-0.012456857265537349,0.03076311400002396,0.024895139000022937,0.022152564000066377,0.0,0.009000000000000341,-0.010000000000005116,-0.013999999999995794,0.4396679998990294,0.48023421755402257
64.2,733.485983216,FOLLOW,3.8314811899455927,3.7547434896010556,0.4014508681573871,0.10001195052912504,0.1,-0.0009016195866343924,-0.001067928306337501,0.0010335644181989115,0.9517608522052634,inf,green,False,crosswalk,1,-0.009016195866343925,0.026856704000010723,0.020854957999972612,0.014050203000010697,0.0,0.010000000000005116,-0.009999999999990905,-0.018000000000000682,0.5143590000216136,0.48023421755402257
64.4,733.687290699,FOLLOW,3.851883707114102,3.7751370593757136,0.40084670109137827,0.10001279477440526,0.1,-0.0001453761840197114,-0.0005664447126221098,0.0027950014587867318,0.9532870608407958,inf,green,False,crosswalk,1,-0.001453761840197114,0.12033227500000976,0.016943762999972023,0.006849593999959325,0.0,0.10900000000000887,-0.009999999999990905,-0.02199999999999136,17.331678000005013,0.48023421755402257
64.6,733.886292909,FOLLOW,3.868885877409032,3.792131728605366,0.4003417135286332,0.10001266254092922,0.1,0.0009920407066239408,-5.110298503090442e-05,0.007036878547097288,0.954347103898953,inf,green,False,crosswalk,1,0.009920407066239407,0.08586875399998917,0.014701188999993064,0.03388409999990927,0.0,0.07699999999999818,-0.010000000000005116,0.007999999999995566,0.47801000005165406,0.48023421755402257
64.7,733.986065516,FOLLOW,3.879087297903716,3.802328652193637,0.4000388449227128,0.10001401778895677,0.1,0.0011941610248404036,0.0005765729487821253,0.0042168004574637775,0.9555115867964158,inf,green,False,crosswalk,1,0.011941610248404035,0.009045245000038449,0.0052808320000394815,0.022317088000022522,0.0,0.009000000000000341,-0.009999999999990905,0.006000000000000227,13.748015999908603,0.48023421755402257
64.9,734.185794209,FOLLOW,3.8994901889880587,3.822722634972293,0.399435993911454,0.10001443315291696,0.1,0.001597945146170105,0.0007869707726938431,0.00553974068181875,0.9592034269055804,inf,green,False,crosswalk,1,0.015979451461701048,0.0024384870000631054,0.0006794020000597811,0.011801836000017829,0.0,0.009000000000000341,-0.009999999999990905,0.0020000000000095497,0.23869899996498134,0.48023421755402257
65.1,734.436123538,FOLLOW,3.923293601085923,3.84651586128985,0.3987397158280149,0.10001427554360479,0.1,0.002372474758543604,0.0014125889441222337,0.006597305626663245,0.9574610537553188,inf,green,False,crosswalk,1,0.02372474758543604,0.01592706199994609,0.03592873699994925,0.014582573999973647,0.0,-0.023000000000010346,-0.010000000000005116,-0.036000000000001364,0.37893800003985234,0.48023421755402257
65.2,734.536205737,FOLLOW,3.9334951334293877,3.856713114242956,0.39844426026965346,0.10001511452171621,0.1,0.002598527259413719,0.0016252557040329228,0.0067055200958452766,0.9591890010569224,inf,green,False,crosswalk,1,0.025985272594137188,0.013086924000049294,0.031478464000088024,0.011167428000021573,0.0,-0.02400000000000091,-0.009999999999990905,-0.0379999999999967,0.43401899995387794,0.48023421755402257
65.4,734.736194767,FOLLOW,3.953898293911053,3.8771079251810048,0.39786061986210636,0.10001573690840708,0.1,0.0032814049711665633,0.0024883281935076653,0.005561779106737437,0.961885453078802,inf,green,False,crosswalk,1,0.032814049711665634,0.0058606820000477455,0.04099093399997855,0.00668310499997915,0.0,-0.02400000000000091,-0.009999999999990905,-0.04199999999998738,20.034774000009747,0.48023421755402257
65.6,734.935907544,FOLLOW,3.9709010798797855,3.8941039931079264,0.3973827081227739,0.10001673395383147,0.1,0.0034551135108004867,0.002644885847530554,0.005690792088087207,0.962985265869006,inf,green,False,crosswalk,1,0.034551135108004866,0.0258714599999621,0.020087355999976353,0.01914449200000945,0.0,0.009999999999990905,-0.010000000000005116,-0.012000000000000455,0.3954040000735404,0.48023421755402257
65.7,735.035925893,FOLLOW,3.9811028191567783,3.904301822484243,0.39710029098052896,0.10001719312295554,0.1,0.0037002296395529303,0.0027444421304029217,0.0066819012221103835,0.9614790906828578,inf,green,False,crosswalk,1,0.03700229639552931,0.023416959999963183,0.021231103999980405,0.01784280399999716,0.0,0.009000000000000341,-0.009999999999990905,-0.013999999999995794,0.3872199999932491,0.48023421755402257
65.9,735.236174146,FOLLOW,4.001506429404227,3.9246979032974663,0.39654605107321506,0.10001780901525575,0.1,0.003543487270011517,0.002924195364953362,0.00442539502269192,0.9633745464601575,inf,green,False,crosswalk,1,0.035434872700115166,0.021265223000000333,0.015466186000026028,0.008045238000022437,0.0,0.010000000000005116,-0.009999999999990905,-0.018000000000000682,0.4163129999597004,0.48023421755402257
66.1,735.43591,FOLLOW,4.0185095303688145,3.9416950210017414,0.39609502571940236,0.10001891062019862,0.1,0.004019781326213938,0.0034859282535996666,0.003896202516121933,0.9655550326402443,inf,green,False,crosswalk,1,0.04019781326213938,0.08737704800000756,0.011673378000068624,0.03319070500003818,0.0,0.07699999999999818,-0.010000000000005116,0.012000000000000455,0.35078399992016784,0.48023421755402257
66.2,735.53588209,FOLLOW,4.028711461181906,3.9518934977204827,0.39582957559543813,0.10001899849758697,0.1,0.004341829132581236,0.0037299866626780273,0.004443537146336051,0.9675297845598773,inf,green,False,crosswalk,1,0.043418291325812354,0.011407232999999906,0.0059005729999626055,0.02904158000001189,0.0,0.009000000000000341,-0.009999999999990905,0.010000000000005116,16.11603800006378,0.48023421755402257
66.4,735.735748709,FOLLOW,4.049115413323035,3.972290854775543,0.3953108607445843,0.1000196859918496,0.1,0.004416262958378233,0.00377673420280379,0.00463445764508586,0.9677594396022003,inf,green,False,crosswalk,1,0.04416262958378233,0.07522655200000372,0.0030953429999271975,0.019297728999958963,0.0,0.07700000000001239,-0.009999999999990905,0.006000000000000227,0.3457160000834847,0.48023421755402257
66.6,735.986101324,FOLLOW,4.0729201384816305,3.996088438488221,0.39472785212333933,0.10002006623622939,0.1,0.004807647946347792,0.004293709211887281,0.003830674939134326,0.9674579051690645,inf,green,False,crosswalk,1,0.048076479463477914,0.009220344999903318,0.03941891099998429,0.015501589999985299,0.0,-0.02400000000000091,-0.010000000000005116,-0.03200000000001069,0.40632400009599223,0.48023421755402257
66.7,736.085933341,FOLLOW,4.083122178655289,4.006287606606983,0.3944857949047067,0.10001992782500646,0.07677727058282542,0.016570257926841744,0.0002692378062833928,0.1432425711343637,0.8689308724186007,inf,green,False,crosswalk,1,0.21582244069182113,0.00277186999994683,0.029119884000010643,0.003407389000017247,0.0,-0.022999999999996135,-0.009999999999990905,-0.033999999999991815,0.32090600006995373,0.48023421755402257
66.9,736.286278883,FOLLOW,4.0961069214219314,4.019269014694984,0.3941916755975259,0.07659131542346094,0.0770439294477991,0.01629013221310789,0.0001900744310852423,0.14084032399475233,0.8680929950911771,inf,green,False,crosswalk,1,0.21143952975743824,0.02289643000005981,0.019696178000003783,0.02397768299999825,0.0,0.010000000000005116,-0.009999999999990905,-0.003999999999990678,23.574921999966136,0.48023421755402257
67.1,736.485762456,FOLLOW,4.109176602807466,4.032336090599015,0.39393091423123544,0.07707942130068708,0.07727853697517777,0.015784388962337637,-9.707907399093135e-05,0.13792915083109464,0.8660495369276402,inf,green,False,crosswalk,1,0.20425320639038053,0.026640477999990253,0.0015348160000030475,0.025959702000022844,0.0,0.042999999999992156,-0.010000000000005116,0.02599999999999625,0.353364000034162,0.48023421755402257
67.2,736.587581865,FOLLOW,4.117054315485738,4.040212556295101,0.393790783900784,0.07731338198584066,0.07785167144229957,0.015619292847775206,-0.00017006427223154735,0.13599077830586315,0.8693287076827183,inf,green,False,crosswalk,1,0.20062886972634336,0.024073788999999124,0.10335422499997549,0.02325161599992498,0.0,0.04200000000000159,0.09000000000000341,0.02400000000000091,0.796621000063169,0.48023421755402257
67.4,736.836179463,FOLLOW,4.135579925335469,4.058736023346398,0.3935096751468127,0.07801940129258383,0.078255696776155,0.014536147105204587,-0.0009760475411556141,0.13134870752400435,0.8662721528833408,inf,green,False,crosswalk,1,0.18575193505444376,0.034415859999967324,0.0332212130000471,0.030978540999967663,0.0,0.010000000000005116,-0.009999999999990905,-0.013999999999995794,0.42128600000523875,0.48023421755402257
67.6,737.035787143,FOLLOW,4.1515372268616275,4.074692198525621,0.39332066533005183,0.07815735302595168,0.07841159369237068,0.01799257903165443,0.0023156414270631004,0.13896369540488696,0.8804375478963881,inf,green,False,crosswalk,1,0.22946324879257085,0.02925390099994729,0.027477967999971042,0.019966656999940824,0.0,0.009000000000000341,-0.010000000000005116,-0.018000000000000682,0.2850329999546375,0.48023421755402257
67.7,737.136012044,FOLLOW,4.159538764424731,4.082693395242327,0.39324691519834964,0.0784502867860928,0.07838860134595868,0.01773855741054963,0.0021196163122217046,0.13812780393669996,0.8788142894993789,inf,green,False,crosswalk,1,0.22629001035829988,0.12947880199999418,0.0272141200000533,0.01673728100001881,0.0,0.10900000000000887,-0.009999999999990905,-0.01999999999999602,14.374384000007012,0.48023421755402257
67.9,737.335836589,FOLLOW,4.1728722164480745,4.096026531734901,0.393155870805653,0.07842746794948716,0.07926245924124567,0.01629336196605638,0.0011379070587126672,0.13071686876034613,0.8763734203908013,inf,green,False,crosswalk,1,0.20556215542676262,0.01650745300003109,0.013854311000045527,0.033476711000048454,0.0,0.009000000000000341,-0.009999999999990905,0.010000000000005116,0.5121220000319227,0.48023421755402257
68.1,737.536096093,FOLLOW,4.189001265627635,4.112155465066056,0.3930965957216569,0.07912787620051513,0.08229177357784412,0.01867236057381526,0.006896549675562854,0.10717251256995679,0.8695026160273581,inf,green,False,crosswalk,1,0.2269043400328721,0.0157785059999469,0.0089381919999596,0.024873190999983308,0.0,0.009999999999990905,-0.010000000000005116,0.006000000000000227,18.840427999975873,0.48023421755402257
68.2,737.636251606,FOLLOW,4.19717708557866,4.120331277938487,0.39308650502478243,0.08233280739978396,0.07869208139223435,0.015548650355412391,0.00820492843193982,0.07877402168296295,0.7849109225575646,inf,green,False,crosswalk,1,0.19758850039702716,0.008893145999991248,0.005964372999983425,0.018424288000005618,0.0,0.010000000000005116,-0.009999999999990905,0.0040000000000048885,14.16234999999233,0.48023421755402257
68.4,737.836219078,FOLLOW,4.213365094253476,4.13651926679092,0.39310719124376264,0.07872965681876742,0.07904911034873821,0.01478953557156504,0.0074620233618597695,0.07661528194917941,0.7849169586811595,inf,green,False,crosswalk,1,0.18709300466910456,0.07741710899995269,0.1043700909999643,0.0050077979999514355,0.0,0.07600000000000762,0.09000000000000341,0.0,0.6694740000057209,0.48023421755402257
68.6,738.08585198,FOLLOW,4.2323708606452985,4.155524794240746,0.3931993965962219,0.08078918719049404,0.08074317391239064,0.021196770250638736,0.008764308266444053,0.11883294387542645,0.872754554558566,inf,green,False,crosswalk,1,0.26252089462866574,0.008690715000057025,0.037001448000069104,0.009210718000076668,0.0,-0.023000000000010346,-0.010000000000005116,-0.038000000000010914,0.35711299995000445,0.48023421755402257
68.7,738.186102123,FOLLOW,4.240611372032505,4.16376502260523,0.3932675262860888,0.08078946232609885,0.09072922801463262,0.018104360704491874,0.011629245663582161,0.057372631404325136,0.8645222033819904,inf,green,False,crosswalk,1,0.1995427614745277,0.03373057599992535,0.033210804999953325,0.004501029999914863,0.0,0.010000000000005116,-0.009999999999990905,-0.03999999999999204,0.3996600000846229,0.48023421755402257
68.9,738.385944365,FOLLOW,4.255212045561141,4.178364930458598,0.39341662345638867,0.0820587323701526,0.09753165225305312,0.01541004490804202,0.015050440919643901,0.006449068741346129,0.8258676923137136,inf,green,False,crosswalk,1,0.15800044961875057,0.1031297329999461,0.029750988000046164,0.03005650099999002,0.0,0.07700000000001239,-0.009999999999990905,-0.009999999999990905,13.05961799994293,0.48023421755402257
69.1,738.586093554,FOLLOW,4.274097404446024,4.19724865123897,0.3936650620097529,0.09757041986856178,0.08432254830197497,0.005191217243201594,0.01571268943006047,-0.06310382004315922,0.8135436298837171,inf,green,False,crosswalk,1,0.061563808823837544,0.030392055999982404,0.02396791099999973,0.020425534999958472,0.0,0.009999999999990905,-0.010000000000005116,-0.014000000000010004,0.4859970000552494,0.48023421755402257
69.2,738.686265047,FOLLOW,4.282774927282469,4.205925316382801,0.39378706166753735,0.08434720320090004,0.08422492260838582,0.004857144890713661,0.01543067433727276,-0.06385129358251981,0.8139133188289038,inf,green,False,crosswalk,1,0.057668736762128664,0.02350221300002886,0.019262396000044646,0.014474758999995174,0.0,0.009000000000000341,-0.009999999999990905,-0.015999999999991132,15.785103999974126,0.48023421755402257
69.4,738.886476217,FOLLOW,4.297093442318463,4.220242297682626,0.3939966026390933,0.08402585018734186,0.09843975723976822,0.012361168864420194,0.013415744603299569,-0.004610138689428274,0.8297859131111723,inf,green,False,crosswalk,1,0.12557089951280845,0.011334028999954171,0.006995705999997881,0.034059812000009515,0.0,0.009000000000000341,-0.009999999999990905,0.014000000000010004,15.188521000027322,0.48023421755402257
69.6,739.136478639,FOLLOW,4.3189796669835525,4.242125880043062,0.3943365937171694,0.07967145797936684,0.07769793142860128,-0.002600188512911515,0.013262636326452873,-0.11055533475648686,0.8264394456336686,inf,green,False,crosswalk,1,-0.03346535055828222,0.039812748999906944,0.03814124099994842,0.025179368999943108,0.0,0.007999999999995566,-0.010000000000005116,-0.02400000000000091,0.45180000006439514,0.48023421755402257
69.7,739.236359389,FOLLOW,4.326908500552738,4.250053774151319,0.3944586449107757,0.07771130012128714,0.07748609733972084,-0.002706292554142601,0.013104268843515066,-0.11048662552493148,0.8240753407510513,inf,green,False,crosswalk,1,-0.03492616930076441,0.026471104999927775,0.020987804000014876,0.0003378879999900164,0.0,0.010000000000005116,-0.009999999999990905,-0.02599999999999625,0.3440410000621341,0.48023421755402257
69.9,739.486111337,FOLLOW,4.342717513990914,4.265861006238846,0.39469595061833146,0.0774825209517361,0.07738115389047419,-0.0028119970617995027,0.012976953333720953,-0.11059079475425004,0.823127184665378,inf,green,False,crosswalk,1,-0.03633955970441617,0.00975873100003355,0.03348500200002036,0.012871368999981314,0.0,-0.022999999999996135,-0.009999999999990905,-0.030000000000001137,0.41791299997839815,0.48023421755402257
70.1,739.686043087,FOLLOW,4.356247535960746,4.279389585236422,0.3948935459292036,0.08298651799476998,0.07642211691257557,-0.002588153798081696,0.013456860308052536,-0.11210169522715789,0.8153311588287084,inf,green,False,crosswalk,1,-0.03386655463944371,0.01390023999999812,0.012824220000084097,0.020160741000040616,0.0,0.009999999999990905,-0.010000000000005116,0.0,0.5494439999438328,0.48023421755402257
70.2,739.786442072,FOLLOW,4.364052274667285,4.287193490284618,0.39500761610380125,0.07643529832252499,0.0765539959588389,-0.0027335518606140113,0.01339935364509759,-0.11295034737592854,0.8180916420854552,inf,green,False,crosswalk,1,-0.035707500652007396,0.11429922499996792,0.0035794919999716512,0.010293985999965116,0.0,0.10999999999999943,-0.009999999999990905,-0.001999999999995339,1.1840270000220698,0.48023421755402257
70.4,739.986118243,FOLLOW,4.379639165480325,4.302778802244725,0.3952294513738791,0.076243215846732,0.07750689132246132,-0.003400793776730625,0.012625525248713056,-0.11330289233762648,0.8288439894149475,inf,green,False,crosswalk,1,-0.04387730843934755,0.03921546899994155,0.09681326999998419,0.0008849239999335623,0.0,0.043000000000006366,0.09000000000000341,-0.006000000000000227,15.40066100005788,0.48023421755402257
70.6,740.236362624,FOLLOW,4.395510186500214,4.318648345551403,0.3954459992271687,0.0806408291316016,0.08810650780703586,0.007596198848889211,0.0028250511779130683,0.039363759999523074,0.8064751364693044,inf,green,False,crosswalk,1,0.08621609274908303,0.004575593000026856,0.030116524999925787,0.030441859000006843,0.0,-0.023000000000010346,-0.010000000000005116,-0.010000000000005116,14.060415000017201,0.48023421755402257
70.7,740.336289252,FOLLOW,4.403980362413454,4.327117820598319,0.3955549544724045,0.08813370207605076,0.08810650780703586,0.007596198848889211,0.0028250511779130683,0.039363759999523074,0.8064751364693044,inf,green,False,crosswalk,1,0.08621609274908303,0.062319869000020844,0.02149863300007837,0.01892948600004729,0.0,0.04200000000000159,-0.009999999999990905,-0.012000000000000455,0.5397909999373951,0.48023421755402257
70.9,740.535994186,FOLLOW,4.421387950769123,4.344523815333418,0.3957904266215845,0.08245650804459657,0.08277721824155727,0.0033736570954259497,-0.009645999765052846,0.09156244958356176,0.8477119201777705,inf,green,False,crosswalk,1,0.040755864561443395,0.05102235800006838,0.011263632000009238,0.006647133000001304,0.0,0.043000000000006366,-0.009999999999990905,-0.015999999999991132,0.37163999991207675,0.48023421755402257
71.1,740.735849007,FOLLOW,4.435462572593893,4.35859699456953,0.3959919213285342,0.08277318986911116,0.08275104790480489,0.0031264519232051106,-0.00992616494088321,0.09142316783401423,0.8472037938117394,inf,green,False,crosswalk,1,0.03778141790786404,0.00378444499995112,0.07766850899997735,0.023405052999919462,0.0,0.009000000000000341,0.0899999999999892,0.013999999999995794,0.4316480000170486,0.48023421755402257
71.2,740.886003178,FOLLOW,4.446730684800607,4.369863867768929,0.3961590114430695,0.08310804090898437,0.08308621320301368,0.0027886511448981886,-0.009935341288686575,0.08865912521042334,0.8458507554339874,inf,green,False,crosswalk,1,0.033563343873722715,0.0114728460000606,0.03979462699999203,0.029831037999997534,0.0,-0.022999999999996135,-0.009999999999990905,-0.02199999999999136,0.36484299994299363,0.48023421755402257
71.4,741.086545802,FOLLOW,4.463540274077429,4.386671448775469,0.39641879066998614,0.08167428018114527,0.0832436978158405,0.00666124045572007,-0.006687425442151482,0.09829668704958919,0.8641678924873009,inf,green,False,crosswalk,1,0.0800209581085248,0.10969664200001716,0.02484049200006666,0.014628519000098095,0.0,0.07700000000001239,-0.009999999999990905,-0.02599999999999625,0.5023279999250008,0.48023421755402257
71.6,741.286567241,FOLLOW,4.477694240749171,4.400823444179869,0.3966549628222873,0.08327071093208224,0.08164224650968346,0.00501823137968323,-0.012030788141006055,0.12110723159001144,0.8863409387385506,inf,green,False,crosswalk,1,0.06146611091952284,0.029372952999892732,0.025677840999946966,0.03929400299989538,0.0,0.009999999999990905,-0.010000000000005116,0.003999999999990678,19.50646400007372,0.48023421755402257
71.7,741.386031776,FOLLOW,4.486135431582396,4.409263327666426,0.3968035130848304,0.08166703963835546,0.08164224650968346,0.00501823137968323,-0.012030788141006055,0.12110723159001144,0.8863409387385506,inf,green,False,crosswalk,1,0.06146611091952284,0.01995322200002647,0.019468151999944894,0.03063937799993255,0.0,0.010000000000005116,-0.009999999999990905,0.0020000000000095497,0.6854540000631459,0.48023421755402257
71.9,741.587325545,FOLLOW,4.502811176098034,4.425936245454777,0.3971105073936275,0.08182261559385835,0.08653568667605656,0.007607004728211174,-0.0033328557267179766,0.08139855593707893,0.867878220893274,inf,green,False,crosswalk,1,0.08790598446035035,0.023986316999980772,0.016592624000054457,0.02294408700004169,0.0,0.010000000000005116,-0.009999999999990905,-0.001999999999995339,20.349982999960048,0.48023421755402257
72.1,741.786270565,FOLLOW,4.520141518161992,4.443263289642107,0.3974485126168533,0.08656327245085273,0.08697625910090459,0.006812219764419852,-0.004026473280376749,0.07955915301050157,0.8689637738844112,inf,green,False,crosswalk,1,0.0783227496197178,0.05128559900003893,0.010336281000036251,0.0138229509999519,0.0,0.042999999999992156,-0.010000000000005116,-0.006000000000000227,0.3852620000088791,0.48023421755402257
72.2,741.886198867,FOLLOW,4.529015235483145,4.452135123860537,0.39763130700217003,0.08700264873563905,0.09709508626156102,0.009041151612798698,0.006023509067272449,0.022720593195047833,0.8550852596002378,inf,green,False,crosswalk,1,0.09311646923556006,0.018624598999963382,0.014241384000001744,0.01588835999996263,0.0,0.009000000000000341,-0.009999999999990905,-0.007999999999995566,20.662943000047562,0.48023421755402257
72.4,742.086336436,FOLLOW,4.54491917453242,4.468035578610082,0.39796418056266863,0.0971243035338065,0.09643355913312164,0.008558501938164252,0.004253879086797915,0.03156064488532363,0.8670193535016035,inf,green,False,crosswalk,1,0.0887502443661721,0.10421006299998226,0.0998639680000224,0.03064551800002846,0.0,0.10900000000000887,0.09000000000000341,0.02200000000000557,0.6117809999750534,0.48023421755402257
72.6,742.33595327,FOLLOW,4.567949570341697,4.4910601925250795,0.39848004009917126,0.09753446559180423,0.09163506955295253,0.0026812190791316516,0.009295591477383165,-0.042194365301226736,0.8441773212562835,inf,green,False,crosswalk,1,0.029259748393406018,0.006414722000045003,0.03295204200003354,0.02668699100001959,0.0,-0.02400000000000091,-0.010000000000005116,-0.016000000000005343,14.40327599993907,0.48023421755402257
72.7,742.436364563,FOLLOW,4.577705807066275,4.500813687801206,0.3987113018684998,0.09165608386508643,0.09120483715077626,0.0020851953725685643,0.008840272729475601,-0.043474961221742436,0.8426471170557467,inf,green,False,crosswalk,1,0.022862771731299743,0.0015412069999456435,0.03188752599999134,0.024164563999988786,0.0,-0.022999999999996135,-0.009999999999990905,-0.018000000000000682,15.504910999993626,0.48023421755402257
72.9,742.6363392,FOLLOW,4.596352674825479,4.519455086955514,0.39916286396902145,0.09133146712039923,0.09131146899174017,0.0019077904764810704,0.00867528432864764,-0.043704147654358,0.8440682816676546,inf,green,False,crosswalk,1,0.020893218535928328,0.019807901999911337,0.012975835999895935,0.0011494619999439237,0.0,0.009000000000000341,-0.009999999999990905,-0.02199999999999136,0.3060880000020916,0.48023421755402257
73.1,742.836070038,FOLLOW,4.611861465080134,4.534959184215245,0.39954436328611725,0.09115706127615208,0.0910044453371508,0.000964504438132002,0.00796812448398645,-0.04593451326795779,0.845458813263392,inf,green,False,crosswalk,1,0.010598432137669013,0.041927234000013414,0.0023700630000575984,0.024859496999965813,0.0,0.042999999999992156,-0.010000000000005116,0.007999999999995566,18.296169999985068,0.48023421755402257
73.2,742.986099501,FOLLOW,4.6242453959668905,4.547339299942733,0.39985173679367264,0.09102372708867171,0.09126179007550064,0.0006462647555905731,0.007564225249224135,-0.04561651820277299,0.8472450237166038,inf,green,False,crosswalk,1,0.0070814385194057665,0.006933290000006309,0.036934701000063797,0.020316731999969306,0.0,-0.02400000000000091,-0.009999999999990905,-0.027999999999991587,14.085626999985834,0.48023421755402257
73.4,743.186047269,FOLLOW,4.639477384240093,4.562566535959691,0.4002321965331674,0.08283908690414428,0.07699401654055286,-0.006588439063157704,0.009844238339330881,-0.12278911969805845,0.8385757110261122,inf,green,False,crosswalk,1,-0.08557079314971915,0.05673843300007775,0.025179739999998674,0.03681932000006327,0.0,0.04200000000000159,-0.009999999999990905,0.0020000000000095497,0.5269060000046011,0.48023421755402257
73.6,743.386392444,FOLLOW,4.65526085566798,4.578345297876807,0.40061769529614144,0.07767067953142362,0.07737674682590981,-0.006606540377312712,0.009449221306155442,-0.12006825601667744,0.8383581203748935,inf,green,False,ramp,1,-0.0853814698642835,0.020895196999958898,0.01605897999991157,0.021540300999959072,0.0,0.009000000000000341,-0.010000000000005116,-0.0020000000000095497,0.4981740000857826,0.48023421755402257
73.7,743.485955661,FOLLOW,4.663154615924192,4.586236885359408,0.4008028871819782,0.07738616667334318,0.07751773022258662,-0.0065240580196024,0.009493251589667441,-0.11954542082975857,0.8390412868804471,inf,green,False,ramp,1,-0.0841621394340241,0.012726829000030193,0.010739639999997053,0.016266948000065895,0.0,0.009000000000000341,-0.009999999999990905,-0.003999999999990678,28.648676999978306,0.48023421755402257
73.9,743.68586842,FOLLOW,4.678601827618669,4.601680203920591,0.40114960716897674,0.07215112730877318,0.07214850840247447,-0.011551561392788496,0.007834137034982376,-0.15908539275051464,0.8403578574283594,inf,green,False,ramp,1,-0.16010811101386974,0.0074276479999753064,0.10473668200006614,0.0010845740000604565,0.0,0.010000000000005116,0.09000000000000341,-0.007999999999995566,0.33041599999705795,0.48023421755402257
74.1,743.936019383,FOLLOW,4.693339967535183,4.616415284851835,0.4014497174488299,0.07255240978178246,0.07254962018340523,-0.011199872764065382,0.007997588947300571,-0.1563598080249524,0.8409102657817197,inf,green,False,ramp,1,-0.15437534663520133,0.00336505899997519,0.030012787000032404,0.02777005600000848,0.0,-0.023000000000010346,-0.010000000000005116,-0.012000000000000455,0.3660529999933715,0.48023421755402257
74.2,744.037097242,FOLLOW,4.7007403055962325,4.623814332463536,0.40158789420503593,0.07255224655063387,0.07293254724254757,-0.010936493780171553,0.008127313614868348,-0.1542803671243065,0.8421891471022935,inf,green,False,ramp,1,-0.14995354191868118,0.02442302099996141,0.01985947599996507,0.01653996699997151,0.0,0.010000000000005116,-0.009999999999990905,-0.013999999999995794,0.4205310000315876,0.48023421755402257
74.4,744.236341865,FOLLOW,4.715771892391834,4.638843748530433,0.4018431440492156,0.07523242624934949,0.09032895435638377,-7.105475585466338e-05,-0.0032364800045276065,0.02104245708720775,0.7923401018402096,inf,green,False,ramp,1,-0.0007866221452572562,0.01828974099998959,0.011165941999934148,0.005208921999951599,0.0,0.010000000000005116,-0.009999999999990905,-0.018000000000000682,18.05535300002248,0.48023421755402257
74.6,744.436216187,FOLLOW,4.73084978619181,4.653919796671056,0.40207904656355287,0.09034593730334296,0.08973371130439933,0.00033020642730743584,-0.002916849118734968,0.021926045628372814,0.7887706243796506,inf,green,False,ramp,1,0.0036798481028751003,0.015917150000063884,0.011488304000067728,0.03417413199997554,0.0,0.009000000000000341,-0.010000000000005116,0.012000000000000455,0.31692999993993,0.48023421755402257
74.7,744.53596449,FOLLOW,4.740005170674605,4.663074041331221,0.40222351010320323,0.08975108104666119,0.0811358449645536,-0.004163876970246126,-0.022121737936474706,0.1123575458181264,0.8660533834149724,inf,green,False,ramp,1,-0.051319820137021174,0.01585780999994313,0.007801734999929977,0.030985633000000234,0.0,0.010000000000005116,-0.009999999999990905,0.010000000000005116,14.018050000004223,0.48023421755402257
74.9,744.736241083,FOLLOW,4.757140177495998,4.680206946939974,0.40249183019421964,0.08069321877142045,0.08047055632961993,-0.003874976594507204,-0.022227074671186627,0.1151609478389705,0.8636518348311724,inf,green,False,ramp,1,-0.0481539680008511,0.011220675999993546,0.0023932689999810464,0.01958095999998477,0.0,0.010000000000005116,-0.01099999999999568,0.006000000000000227,12.376276000054531,0.48023421755402257
75.1,744.936431062,FOLLOW,4.773587158891537,4.6966520968633985,0.40273724481542,0.08079984088138054,0.08295440009481948,-0.0005442208454839305,-0.0180092718559791,0.11512219074813936,0.8902427564383557,inf,green,False,ramp,1,-0.006560481961919669,0.03267815399999563,0.0868298139999979,0.004806721000022662,0.0,0.042999999999992156,0.08899999999999864,0.001999999999995339,13.051258000018606,0.48023421755402257
75.2,745.036092741,FOLLOW,4.781973464309137,4.705037530368664,0.4028581720080492,0.08297034715407033,0.08295440009481948,-0.0005442208454839305,-0.0180092718559791,0.11512219074813936,0.8902427564383557,inf,green,False,ramp,1,-0.006560481961919669,0.06735240599994086,0.08515471900000193,0.0002097879998927965,0.0,0.07600000000000762,0.08899999999999864,0.0,0.3406640000775951,0.48023421755402257
75.4,745.286339868,FOLLOW,4.801448920748883,4.724510969958654,0.40313844652746444,0.08135759931435119,0.08134023756072854,0.00030913676097111,-0.017424784109421,0.11817735192586046,0.8780972688383069,inf,green,False,ramp,1,0.003800539194888739,0.004849879000062174,0.03324011799998061,0.0035871740000175123,0.0,-0.022999999999996135,-0.01099999999999568,-0.0379999999999967,0.36140199995315925,0.48023421755402257
75.6,745.486090935,FOLLOW,4.815288553844272,4.738349152184792,0.4033388382137677,0.0814900257794843,0.08145864036786492,-8.500657988332977e-05,-0.017611634734289144,0.11618092365281825,0.8759874213455681,inf,green,False,ramp,1,-0.0010435551035401826,0.032128370000009454,0.026672448999988774,0.030253329999936796,0.0,0.009999999999990905,-0.01100000000000989,-0.008000000000009777,0.2931569999873318,0.48023421755402257
75.7,745.586167886,FOLLOW,4.823599106302226,4.746658829933931,0.40345941126872353,0.08147588879303089,0.08686933219538125,0.0030810761885601314,-0.008439807185976065,0.08003642609470947,0.8687592450896855,inf,green,False,ramp,1,0.03546793915291488,0.06792117500003769,0.02570851300004051,0.026374991000011505,0.0,0.043000000000006366,-0.01099999999999568,-0.009999999999990905,0.4339329999538677,0.48023421755402257
75.9,745.786059406,FOLLOW,4.841140136789328,4.764197953623751,0.403718026095938,0.08708820404199515,0.08706677089379074,0.0026999554141389553,-0.008528819519284761,0.07763532837275683,0.866378452212736,inf,green,False,ramp,1,0.03101017054408188,0.0352581970000756,0.02744137000001956,0.025049370000033377,0.0,0.010000000000005116,-0.01099999999999568,-0.013999999999995794,0.31438299993169494,0.48023421755402257
76.1,745.986153211,FOLLOW,4.858900786215336,4.781956514796625,0.403990358727616,0.08703509827138141,0.0967363747637018,0.00406401529607041,-0.000864719239497035,0.03411168078905039,0.8748831300439598,inf,green,False,ramp,0,0.04201124247210619,0.00220115000001897,0.029834482999945067,0.02296204799995394,0.0,-0.023000000000010346,-0.01100000000000989,-0.018000000000000682,0.4846780000207218,0.48023421755402257
76.2,746.086225454,FOLLOW,4.868757506128121,4.791812000250278,0.40414634781358616,0.09675997519906056,0.09674472257030933,0.0036122463788132242,-0.0013938688153088599,0.03448365652794004,0.8757083502526901,inf,green,False,ramp,0,0.037337916558580445,0.034797739999930855,0.030574526000009428,0.020681450999973094,0.0,0.009000000000000341,-0.01099999999999568,-0.01999999999999602,12.562790000060886,0.48023421755402257
76.4,746.286053123,FOLLOW,4.888497852215354,4.8115496796137185,0.4044707831143007,0.09676765867376187,0.0919385756748864,-0.0010227001014157572,0.005560191294684677,-0.044547017961738135,0.8514795760816739,inf,green,False,ramp,0,-0.01112373227351524,0.031069890000026135,0.026574722999953337,0.013109523000025547,0.0,0.010000000000005116,-0.01099999999999568,-0.02400000000000091,12.732314000004408,0.48023421755402257
76.6,746.486244475,FOLLOW,4.907426597399852,4.8304757292343234,0.40479021935930054,0.09195494428841998,0.09192365665414456,-0.001467451928471592,0.005278335299553476,-0.04593228425160576,0.8539942955946458,inf,green,False,ramp,0,-0.015963811513642925,0.0004770290000806199,0.03066350800008877,0.012816276000080506,0.0,-0.023000000000010346,-0.01100000000000989,-0.028000000000005798,0.3252369999700022,0.48023421755402257
76.7,746.586143099,FOLLOW,4.916804435442168,4.839852253843166,0.4049471667831534,0.0919392253299052,0.09177487717382084,-0.0016544055087088737,0.0050923414168357,-0.04608456703585202,0.8529032572677576,inf,green,False,ramp,0,-0.01802677987327015,0.0018865189999814902,0.031847014999925705,0.011362817999952313,0.0,-0.02400000000000091,-0.01099999999999568,-0.030000000000001137,12.310891000083757,0.48023421755402257
76.9,746.785979854,FOLLOW,4.932683329849102,4.855728968585967,0.40521025596959515,0.10002237919218626,0.1,0.004211496805467058,0.0010726981483451933,0.02127562474563858,0.9255620851385837,inf,green,False,ramp,0,0.042114968054670576,0.10257403399998566,0.025533890999895448,0.0366975749999483,0.0,0.07700000000001239,-0.01099999999999568,0.0,0.3724860000602348,0.48023421755402257
77.1,746.991010608,FOLLOW,4.952296533176051,4.875339368881094,0.40554182784174947,0.09216639635118877,0.07816738202544199,-0.008657386437363244,0.006743801425878625,-0.11919668538082376,0.845505117760543,inf,green,False,ramp,0,-0.1107544632177323,0.020564850000027945,0.017421615999978712,0.0225775879999901,0.0,0.009999999999990905,-0.01100000000000989,-0.0040000000000048885,13.938596999992114,0.48023421755402257
77.2,747.086122476,FOLLOW,4.961428016072019,4.884469554597709,0.40569573855238167,0.08394412447930118,0.07816738202544199,-0.008657386437363244,0.006743801425878625,-0.11919668538082376,0.845505117760543,inf,green,False,ramp,0,-0.1107544632177323,0.04832851599996957,0.00809571499996764,0.012340633000007983,0.0,0.04200000000000159,-0.01099999999999568,-0.006000000000000227,0.3965529999732098,0.48023421755402257
77.4,747.285884074,FOLLOW,4.977359273919793,4.90039872159075,0.40595371632601207,0.07793846603851479,0.07829242743880799,-0.008701197580763528,0.006560704019463785,-0.11824833011686266,0.8453108287699558,inf,green,False,ramp,0,-0.11113715419750185,0.0478165680000302,0.004544070000065403,0.0056942570000728665,0.0,0.043000000000006366,-0.01099999999999568,-0.009999999999990905,13.949917999980244,0.48023421755402257
77.6,747.485992937,FOLLOW,4.990656616930553,4.913694649720325,0.40614761569987395,0.07828133399094857,0.07827626331919114,-0.008529353540362834,0.00683695955236252,-0.11861575649785938,0.8457354899397491,inf,green,False,ramp,0,-0.10896475098181745,0.03419174500004374,0.08393747299999177,0.0267508929999849,0.0,0.042999999999992156,0.08899999999999864,0.01999999999999602,0.3998529999762468,0.48023421755402257
77.7,747.636334219,FOLLOW,5.000380746362091,4.923417907666333,0.4062777791653766,0.0492174291890237,0.04144703279583953,-0.025278479152278422,0.017727717731956583,-0.4935254843470632,0.7715412511177319,inf,green,False,ramp,0,-0.6098984039893898,0.014097058999936962,0.039401503000021876,0.03445414600003005,0.0,-0.022999999999996135,-0.01099999999999568,-0.015999999999991132,0.41774199996780226,0.48023421755402257
77.9,747.836095412,FOLLOW,5.0120740167641635,4.935110474083992,0.4064055651825093,0.07309864975827852,0.07330515680182136,-0.01227071862434169,0.006099913183861695,-0.15262048080419013,0.8439568957760224,inf,green,False,ramp,0,-0.16739229761850544,0.007078437000018312,0.03536933299994871,0.02650860599999305,0.0,-0.02400000000000091,-0.01099999999999568,-0.01999999999999602,17.561554000053547,0.48023421755402257
78.1,748.036056522,FOLLOW,5.027103452355081,4.950139380570549,0.40653120693125083,0.07604059960053566,0.07604453172709673,-0.015441830844528959,-0.00012181049398082844,-0.13570358826741483,0.848694344048354,inf,green,False,ramp,0,-0.20306300129436677,0.036027925999974286,0.02754136099997595,0.014111659999912263,0.0,0.009999999999990905,-0.01100000000000989,-0.02400000000000091,0.494017000050917,0.48023421755402257
78.2,748.137319866,FOLLOW,5.034859578912715,4.957895354197473,0.4065798036289591,0.07604048843046982,0.07564457875075765,-0.015256104966230507,0.00038423596837090096,-0.138093457378084,0.8479969356646653,inf,green,False,ramp,0,-0.20168140557035888,0.030001800000036383,0.020974853999973675,0.005678894999959994,0.0,0.010000000000005116,-0.01099999999999568,-0.02599999999999625,0.5586560000665486,0.48023421755402257
78.4,748.335980645,FOLLOW,5.047773367895262,4.970809024438528,0.40663442126662286,0.07618047087753105,0.09583183423196384,-0.01964759181020808,-0.016113437201869,-0.03125220513818223,0.8609935382285655,inf,green,False,ramp,0,-0.20502155643447764,0.012888408999970125,0.004293507999932444,0.01887656699989293,0.0,0.009000000000000341,-0.01099999999999568,0.0040000000000048885,14.43005200007974,0.48023421755402257
78.6,748.536349767,FOLLOW,5.066586761972525,4.989622394708067,0.40665711316613123,0.09645019163743637,0.09645909983731085,-0.019267110149860548,-0.01583472011477195,-0.029527132744062167,0.8631625120873618,inf,green,False,ramp,0,-0.19974383114041808,0.00797350700008792,0.000650113999995483,0.009782708000102502,0.0,0.009000000000000341,-0.01100000000000989,0.0,0.25266599993756245,0.48023421755402257
78.7,748.636274299,FOLLOW,5.0764246834080256,4.999460302152954,0.4066413489544732,0.09645021952087356,0.09719624165233992,-0.01832043281949909,-0.01510630760065294,-0.026744716200343802,0.8641246366597466,inf,green,False,ramp,0,-0.18848910727463342,0.03261423999992985,0.10057464599992727,0.006148072999963006,0.0,0.04200000000000159,0.08899999999999864,-0.001999999999995339,0.33710499997141596,0.48023421755402257
78.9,748.836257304,FOLLOW,5.092967580897551,5.0160030549310655,0.4065736233534813,0.09751559029162794,0.09331295147716118,-0.014591246849393112,-0.004874646628128098,-0.07305213632966001,0.9196227300728542,inf,green,False,ramp,0,-0.15636893505575583,0.03745407600001727,0.09502505500006464,0.034712931000058234,0.0,0.04200000000000159,0.08899999999999864,0.028000000000005798,13.025436000020818,0.48023421755402257
79.1,749.036568048,FOLLOW,5.112103101768368,5.03513807233635,0.4064358163548768,0.08747120223839785,0.08723281598624152,-0.012113793660429348,0.0010903109190410522,-0.10075360212535758,0.9100447255968526,inf,green,False,ramp,0,-0.13886739208716994,0.002053461000059542,0.08660140100005265,0.03217979800001558,0.0,0.009000000000000341,0.08899999999999864,0.02400000000000091,12.97975799991491,0.48023421755402257
79.2,749.136394753,FOLLOW,5.121017381464834,5.044051969363992,0.40635327162979257,0.08723298051165726,0.08723281598624152,-0.012113793660429348,0.0010903109190410522,-0.10075360212535758,0.9100447255968526,inf,green,False,ramp,0,-0.13886739208716994,0.03485555600002499,0.08635565299994141,0.026170578999995087,0.0,0.04200000000000159,0.08899999999999864,0.02200000000000557,0.6818020000309843,0.48023421755402257
79.4,749.386041485,FOLLOW,5.141978420896451,5.065011675361073,0.4061174001458756,0.08878609115753215,0.08878522357013433,-0.011198695235708952,0.0013341435168908178,-0.09382605739770229,0.9134261856419372,inf,green,False,ramp,0,-0.1261324214255398,0.039010365999956775,0.03236821999996664,0.02748672399991392,0.0,0.010000000000005116,-0.01099999999999568,-0.015999999999991132,0.38339500008532923,0.48023421755402257
79.6,749.586172563,FOLLOW,5.160150090317102,5.0831816416072275,0.40586885977369597,0.08937517533150938,0.09022045713137473,-0.009592803553978877,0.002234277219423767,-0.08649021626303897,0.9144035354415153,inf,green,False,ramp,0,-0.10632625746963678,0.0339637209999637,0.023453673999938474,0.014374232000022857,0.0,0.009000000000000341,-0.01100000000000989,-0.020000000000010232,13.411625000003369,0.48023421755402257
79.7,749.686583201,FOLLOW,5.169322900128382,5.092353387208829,0.40572915809957105,0.09022301437724237,0.09096844104290029,-0.008967304203015726,0.002444155509273467,-0.0826770329086256,0.9147578585606323,inf,green,False,ramp,0,-0.09857599075251589,0.028304139999931976,0.02346025599990753,0.011464407999937976,0.0,0.008000000000009777,-0.01099999999999568,-0.02199999999999136,12.698266000029435,0.48023421755402257
79.9,749.886003712,FOLLOW,5.184761405580418,5.107789791553487,0.4054745505005009,0.09096890631082497,0.0909455686420106,-0.008751956040991498,0.0026808000030030393,-0.08267083811564317,0.9145161216529795,inf,green,False,ramp,0,-0.09623290251163152,0.017337634000000435,0.00864985999999135,0.027748743000074683,0.0,0.010000000000005116,-0.01099999999999568,0.008000000000009777,0.35285199999179895,0.48023421755402257
80.1,750.08628528,FOLLOW,5.203339583716829,5.126364883203295,0.4051360598811856,0.09171406005272635,0.09171199600383378,-0.00788060222435291,0.0032310124329941008,-0.07939573672792077,0.9159654143967922,inf,green,False,ramp,0,-0.08592771466912008,0.04601746399998774,0.002254086999982974,0.01579718099992533,0.0,0.04199999999998738,-0.01100000000000989,0.003999999999990678,0.31089200001588324,0.48023421755402257
80.2,750.185944215,FOLLOW,5.212694428437223,5.135717943178274,0.4049533455854263,0.09171421899688417,0.09247470112481496,-0.007046532676778242,0.003684623351947778,-0.07586809431501973,0.9167866624295148,inf,green,False,ramp,0,-0.07619957232700213,0.001621366999984275,0.10191302199996244,0.007129177999900094,0.0,0.010000000000005116,0.08899999999999864,0.0020000000000095497,0.2945540001064728,0.48023421755402257
80.4,750.43646864,FOLLOW,5.234781609111685,5.1578003571093936,0.40449460872325865,0.0929429506531318,0.09437221413394718,-0.006036901871602037,0.0038149956586230917,-0.06851396196197189,0.9211395821462333,inf,green,False,ramp,0,-0.06396906045918942,0.0059923539999999775,0.029939864000084526,0.006612714000084452,0.0,-0.02400000000000091,-0.01099999999999568,-0.036000000000001364,0.4157269999041091,0.48023421755402257
80.6,750.636644006,FOLLOW,5.250685134518278,5.173699996131146,0.4041430750800561,0.09013482481551378,0.09078560366458784,-0.00765142575537689,0.004943391481094701,-0.0896247802526437,0.9260600259245297,inf,green,False,ramp,0,-0.08428016608938883,0.02205158999993273,0.020883164999986548,0.026207863999957226,0.0,0.009999999999990905,-0.01100000000000989,-0.006000000000000227,23.10780400000567,0.48023421755402257
80.7,750.740388674,FOLLOW,5.259900254369125,5.182912652778714,0.4039300329312426,0.09078864062497423,0.09129172290003007,-0.007093472891634563,0.005248472654705023,-0.0872322032790335,0.9266722352025134,inf,green,False,ramp,0,-0.07770116135722778,0.03051757799994448,0.018710392000002685,0.02166924999994535,0.0,0.010000000000005116,-0.01099999999999568,-0.007999999999995566,16.373763000046893,0.48023421755402257
80.9,750.936508018,FOLLOW,5.278489423952605,5.201496334317691,0.40347843196775585,0.09129565032526649,0.0919326311101402,-0.006191014689605278,0.005779542928940812,-0.08380050302316074,0.9266052744860106,inf,green,False,ramp,0,-0.06734295118985675,0.021590217000039047,0.00928780000003826,0.008227867000073275,0.0,0.009000000000000341,-0.01099999999999568,-0.012000000000000455,0.30119999996713887,0.48023421755402257
81.1,751.136328826,FOLLOW,5.297262544086926,5.220263265374179,0.4029964646660834,0.09221762993409019,0.09370165719547732,-0.004527590921206309,0.006326854878989627,-0.07465933406143803,0.926590962601217,inf,green,False,ramp,0,-0.04831921928297381,0.014353469999946356,0.006322834000002331,0.00040697899999031506,0.0,0.009000000000000341,-0.01100000000000989,-0.016000000000005343,14.2680860000155,0.48023421755402257
81.2,751.235950841,FOLLOW,5.303582087842985,5.226580592161014,0.4028290871683699,0.09370883008113308,0.09370165719547732,-0.004527590921206309,0.006326854878989627,-0.07465933406143803,0.926590962601217,inf,green,False,ramp,0,-0.04831921928297381,0.007713450999972338,0.0012395940000260453,0.027806787000031363,0.0,0.009000000000000341,-0.01099999999999568,0.016000000000005343,0.27530500005923386,0.48023421755402257
81.4,751.436007067,FOLLOW,5.322556230632364,5.245547744874595,0.40231412768076213,0.09229396836899348,0.0921842181911328,-0.004766638146694918,0.006973027306365925,-0.08121526736919446,0.9241761084180443,inf,green,False,ramp,0,-0.05170774607874713,0.005169192000039402,0.09865866600000572,0.01851094899996042,0.0,0.010000000000005116,0.08899999999999864,0.012000000000000455,0.4209219999893321,0.48023421755402257
81.6,751.636740661,FOLLOW,5.341422397648212,5.264406438106311,0.4017831646125765,0.0930776870109263,0.1,0.0057031084989425385,0.007413586435442428,-0.010921152147126974,0.8882025407489398,inf,green,False,ramp,0,0.05703108498942538,0.009438470999953097,0.08668291399999362,0.02024338900002931,0.0,0.009999999999990905,0.08899999999999864,0.007999999999995566,13.308950000009645,0.48023421755402257
81.7,751.736044655,FOLLOW,5.351379232167826,5.274359209123417,0.4014987320884668,0.10002006213007153,0.1,0.0057031084989425385,0.007413586435442428,-0.010921152147126974,0.8882025407489398,inf,green,False,ramp,0,0.05703108498942538,0.005705336000005445,0.08547869899996385,0.013133324000023094,0.0,0.010000000000005116,0.08899999999999864,0.006000000000000227,0.378688999944643,0.48023421755402257
81.9,751.936021931,FOLLOW,5.371783319526767,5.2947554193460995,0.4009318576957496,0.10002002681441269,0.1,0.005558287177184011,0.007589732550534059,-0.01307316388035147,0.8877108399248773,inf,green,False,ramp,0,0.055582871771840105,0.0007188250000353946,0.09265197500008071,0.004091394000056425,0.0,0.010000000000005116,0.08899999999999864,0.0020000000000095497,0.3301939999573733,0.48023421755402257
82.1,752.186395052,FOLLOW,5.392667749821256,5.315632001384897,0.40035947626146107,0.0804223511524069,0.08042320333325635,-0.009331190984826874,0.00657522264509585,-0.12160292718418877,0.8739370473365775,inf,green,False,ramp,0,-0.11602610438383607,0.00852649000000838,0.03475795700001072,0.006516545999943446,0.0,-0.02400000000000091,-0.01100000000000989,-0.036000000000001364,0.3586420000374346,0.48023421755402257
82.2,752.28626313,FOLLOW,5.398136467174129,5.321098443845576,0.4002017564382457,0.08042228493161742,0.08671699494363527,-0.01073317431835571,0.002682667525870295,-0.10114936758357558,0.9053784828073113,inf,green,False,ramp,0,-0.12377244305262318,0.00432806999992863,0.02896349200000259,0.030141461999960484,0.0,-0.022999999999996135,-0.01099999999999568,-0.003999999999990678,0.43214600009378046,0.48023421755402257
82.4,752.486013422,FOLLOW,5.415512145909965,5.338466176980687,0.399676456198661,0.08580132120095357,0.09741023025243545,-0.0876692072271918,-0.004851983168209216,-0.05096710078347545,0.9151835234081583,0.69,green,False,ramp,0,-0.899999999999999,0.0005257050000864183,0.025145070999997188,0.028925547000085317,0.0,-0.02400000000000091,-0.01099999999999568,-0.007999999999995566,14.24011199992492,0.48023421755402257
82.5,752.588622242,OBSTACLE_WAIT,5.424224593516352,5.347174048204373,0.3993942366699585,0.08458240683034411,0.0,0.0,0.0023108153951761634,-0.09625901038576626,0.8363568533224316,0.24000000000000002,green,False,ramp,0,-0.6999999999999988,0.06724714000006315,0.024525361000087287,0.025548637000042618,0.0,0.04099999999999682,-0.01099999999999568,-0.010000000000005116,17.35523499996816,0.48023421755402257
82.7,752.786460133,OBSTACLE_WAIT,5.434251757781112,5.35719294737165,0.39898839367784633,3.435235414748824e-06,0.0,0.0,-0.003964913084827494,-0.01927764409278896,0.9178709535035846,0.18,green,False,ramp,0,-0.06770692600455114,0.015392944000041098,0.014716568000039842,0.013280955000027461,0.0,0.010000000000005116,-0.01099999999999568,-0.013999999999995794,1.5543639999577863,0.48023421755402257
82.9,752.986050071,OBSTACLE_WAIT,5.434252017852845,5.357193207134782,0.39898838101206824,1.1649528623325684e-06,0.0,0.0,-0.0032419931241586975,-0.013460661901112001,0.9210010783413143,0.18,green,False,ramp,0,-0.05195550904307666,0.04188626400002704,0.007024127000022418,0.0012348270000757111,0.0,0.04200000000000159,-0.01099999999999568,-0.018000000000000682,1.558391000003212,0.48023421755402257
83.1,753.186210151,OBSTACLE_WAIT,5.434252216045446,5.357193405092248,0.39898837136070836,1.166712447042957e-06,0.0,0.0,-0.0032419931241586975,-0.013460661901112001,0.9210010783413143,0.17,green,False,ramp,0,-0.05195550904307666,0.0030481329999929585,0.0017283689999203489,0.02588396399994508,0.0,0.009999999999990905,-0.01100000000000989,0.012000000000000455,1.50768399998924,0.48023421755402257
83.2,753.285943447,OBSTACLE_WAIT,5.434252335104226,5.357193524009794,0.3989883655632689,1.1677624186199783e-06,0.0,0.0,-0.0032419931241586975,-0.013460661901112001,0.9210010783413143,0.17,green,False,ramp,0,-0.05195550904307666,0.0007499820000020918,0.10146166499998799,0.02203301100007593,0.0,0.010000000000005116,0.08899999999999864,0.010000000000005116,15.646492999962902,0.48023421755402257
83.4,753.486424134,CROSSING_WAIT,5.434252573541979,5.357193762164739,0.398988353953591,1.1698494773152096e-06,0.0,0.0,-0.0032419931241586975,-0.013460661901112001,0.9210010783413143,0.18,green,False,ramp,1,-0.05195550904307666,0.034434727999951065,0.08375286000000415,0.014986513000053492,0.0,0.043000000000006366,0.08899999999999864,0.006000000000000227,16.309742999965238,0.48023421755402257
83.6,753.6867,CROSSING_WAIT,5.434252812403737,5.3571940007432355,0.39898834232432717,1.1719194370617585e-06,0.0,0.0,-0.0032419931241586975,-0.013460661901112001,0.9210010783413143,0.18,green,False,ramp,1,-0.05195550904307666,0.09098774099993534,0.09448944999996911,0.01003429899992625,0.0,0.10999999999999943,0.08899999999999864,0.001999999999995339,2.3787820000507054,0.48023421755402257
83.7,753.836323896,CROSSING_WAIT,5.4342529718787445,5.357194160029153,0.39898833456069,1.173289988284223e-06,0.0,0.0,-0.0016696762187002959,-0.03466669451890785,0.9392259836869602,0.17,green,False,ramp,1,-0.06785345605801942,0.0012560939999275433,0.026517828000010013,0.015103113000009216,0.0,-0.024999999999991473,-0.01099999999999568,-0.033999999999991815,2.8099330000941336,0.48023421755402257
83.9,754.036699702,CROSSING_WAIT,5.43425317148378,5.3571943593975515,0.39898832484408986,1.1749926332979822e-06,0.0,0.0,0.0,0.0,0.0,0.19,green,False,ramp,1,-0.899999999999999,0.027994937000016762,0.026689341999940552,0.033491893000018536,0.0,0.010000000000005116,-0.01099999999999568,-0.003999999999990678,15.217268000014883,0.48023421755402257
84.1,754.236151451,CROSSING_WAIT,5.434253411390414,5.357194599019817,0.39898831316662314,1.1770204443392405e-06,0.0,0.0,0.0,0.0,0.0,0.19,green,False,ramp,1,-0.899999999999999,0.022487637999915933,0.02505697199990209,0.028020596999908776,0.0,0.009000000000000341,-0.01100000000000989,-0.008000000000009777,2.4992350000729857,0.48023421755402257
84.2,754.336305385,CROSSING_WAIT,5.434253531498432,5.357194718985486,0.3989883073207614,1.1780281219550475e-06,0.0,0.0,0.007895917540968972,-0.04045961167484062,0.2999999999999999,0.19,green,False,ramp,1,0.018011181140875826,0.023501087999989068,0.020702025999980833,0.022200033999979496,0.0,0.010000000000005116,-0.01099999999999568,-0.009999999999990905,2.0459270000401375,0.48023421755402257
84.4,754.53640974,CROSSING_WAIT,5.434253772021762,5.3571949592237935,0.3989882956148877,1.1800310764168423e-06,0.0,0.0,0.010925087974313547,-0.017751746854120027,0.40661833657177815,0.19,green,False,ramp,1,1.7763568394002505e-15,0.01752792499996758,0.01905432999990353,0.016509055999904376,0.0,0.010000000000005116,-0.01099999999999568,-0.013999999999995794,2.433655999993789,0.48023421755402257
84.6,754.736150234,CROSSING_WAIT,5.434254012952006,5.3571951998685865,0.3989882838902877,1.1820176636413677e-06,0.0,0.0,0.13956520718854074,-0.1522108929551345,0.9999999999999989,0.17,green,False,unknown,1,1.078792967087111,0.008433580999962942,0.007038339000018823,0.00024854100001903134,0.0,0.009000000000000341,-0.01100000000000989,-0.018000000000000682,12.489387000073293,0.48023421755402257
84.7,754.836545747,CROSSING_WAIT,5.434254093351938,5.357195280173273,0.3989882799779556,1.1826762194976443e-06,0.0,0.0,0.1183649037970695,-0.2404310138919614,0.9999999999999993,0.19,green,False,unknown,1,0.6000000000000023,0.003174882999928741,0.005697567999959574,0.03140035799992802,0.0,0.009000000000000341,-0.01099999999999568,0.013999999999995794,13.466809000078683,0.48023421755402257
84.9,755.036399497,CROSSING_WAIT,5.4342543348195615,5.357195521354879,0.3989882682286482,1.184641086881789e-06,0.0,0.0,0.0977703233596402,-0.322645131375657,0.999999999999999,inf,green,False,unknown,1,1.0000000000000027,0.006344622000028721,0.005855861000100049,0.029757186000097136,0.0,0.010000000000005116,-0.01099999999999568,0.010000000000005116,1.5551529999129343,0.48023421755402257
85.1,755.236352112,CROSSING_WAIT,5.434254576686369,5.357195762935248,0.39898825646100305,1.1865898423407734e-06,0.0,0.0,0.025975130881373376,-0.18638936817520524,0.8418886175388569,inf,green,False,ramp,1,-0.022830067583427142,0.07396229500000118,0.007328228000005765,0.024102342999981374,0.0,0.07699999999999818,-0.012000000000000455,0.006000000000000227,13.177374000065356,0.48023421755402257
85.2,755.336055674,CROSSING_WAIT,5.434254697768445,5.357195883873948,0.39898825057035553,1.1875582149994647e-06,0.0,0.0,0.025975130881373376,-0.18638936817520524,0.8418886175388569,inf,green,False,ramp,1,-0.022830067583427142,0.002752407000002677,0.0039214040000388195,0.020271610999998302,0.0,0.009000000000000341,-0.01099999999999568,0.0040000000000048885,0.347884999996495,0.48023421755402257
85.4,755.5365721,CROSSING_WAIT,5.434254940227898,5.357196126046342,0.39898823877551287,1.1894831480866312e-06,0.0,0.0,-0.0032419931241586975,-0.013460661901112001,0.9210010783413143,inf,green,False,ramp,0,-0.05195550904307666,0.008782481999901393,0.00843393599996034,0.01982417399995029,0.0,0.010000000000005116,-0.01099999999999568,0.0,14.165584000011222,0.48023421755402257
85.6,755.736511533,CROSSING_WAIT,5.434255183078409,5.357196368609383,0.3989882269627417,1.1913922352127866e-06,0.0,0.0,-0.0032419931241586975,-0.013460661901112001,0.9210010783413143,inf,green,False,ramp,0,-0.05195550904307666,0.0316444989999809,0.00467835400002059,0.01051300300002822,0.0,0.04199999999998738,-0.01100000000000989,-0.0040000000000048885,0.5751019999706841,0.48023421755402257
85.7,755.835947879,CROSSING_WAIT,5.434255304649309,5.357196490036396,0.39898822104968323,1.1923409070150163e-06,0.0,0.0,-0.0032419931241586975,-0.013460661901112001,0.9210010783413143,inf,green,False,ramp,0,-0.05195550904307666,0.07061558899999909,0.001489521999928911,0.005712070999948082,0.0,0.07699999999999818,-0.01099999999999568,-0.006000000000000227,14.37736400009726,0.48023421755402257
85.9,756.036101867,CROSSING_WAIT,5.434255548080405,5.357196733179417,0.39898820921032097,1.194226622778132e-06,0.0,0.0,-0.0032419931241586975,-0.013460661901112001,0.9210010783413143,inf,green,False,ramp,0,-0.05195550904307666,0.03489531499997156,0.0007867639999403764,0.0015084289999549583,0.0,0.04200000000000159,-0.01099999999999568,-0.009999999999990905,0.2817900000309237,0.48023421755402257
86.1,756.236149588,CROSSING_WAIT,5.434255751232426,5.357196936091069,0.3989881993307894,1.195786210947661e-06,0.0,0.0,-0.0032419931241586975,-0.013460661901112001,0.9210010783413143,inf,green,False,ramp,0,-0.05195550904307666,0.026942932999986624,0.10019974299996193,0.025324688999944556,0.0,0.04199999999998738,0.08899999999999864,0.01999999999999602,0.3987999999708336,0.48023421755402257
86.2,756.386252079,CROSSING_WAIT,5.434255913944372,5.357197098610521,0.3989881914184612,1.1970262500412273e-06,0.0,0.0,-0.0032419931241586975,-0.013460661901112001,0.9210010783413143,inf,green,False,ramp,0,-0.05195550904307666,0.004813077999983761,0.031567409999979645,0.030758293999952002,0.0,-0.022999999999996135,-0.01099999999999568,-0.015999999999991132,0.35862499998984276,0.48023421755402257
86.4,756.586267514,CROSSING_WAIT,5.434256158327333,5.3571973427044135,0.398988179535574,1.1988735579422271e-06,0.0,0.0,-0.0032419931241586975,-0.013460661901112001,0.9210010783413143,inf,green,False,ramp,0,-0.05195550904307666,0.028264282999998613,0.02953708200004712,0.020165015000088715,0.0,0.009000000000000341,-0.01099999999999568,-0.01999999999999602,0.3964869999890652,0.48023421755402257
86.6,756.786334939,CROSSING_WAIT,5.434256403085598,5.3571975871732205,0.39898816763555073,1.2007057483393226e-06,0.0,0.0,-0.0032419931241586975,-0.013460661901112001,0.9210010783413143,inf,green,False,ramp,0,-0.05195550904307666,0.05923212799996236,0.023837344999947163,0.011202174999993986,0.0,0.04199999999998738,-0.01100000000000989,-0.02400000000000091,0.5319340000369266,0.48023421755402257
86.7,756.886232881,FOLLOW,5.434256525604504,5.357197709547253,0.39898816167916173,1.2016161881833925e-06,0.1,-0.005195550904307666,-0.0032419931241586975,-0.013460661901112001,0.9210010783413143,inf,green,False,ramp,0,-0.05195550904307666,0.021436258999983693,0.02086831099995834,0.007116051999901174,0.0,0.010000000000005116,-0.01099999999999568,-0.02599999999999625,1.161783000043215,0.48023421755402257
86.9,757.086311515,FOLLOW,5.444685047494877,5.367613002797755,0.3984630857159148,0.10000288581980935,0.0858727419191771,-0.004451634353390989,0.0041429718546025195,-0.06253486257188008,0.8274820183803564,inf,green,False,ramp,0,-0.05183989999505128,0.04516893300001357,0.01091811300000245,0.027791302000082396,0.0,0.04200000000000159,-0.01099999999999568,0.0040000000000048885,19.82260799991309,0.48023421755402257
87.1,757.28631973,FOLLOW,5.463183127771724,5.386086662788565,0.39751291085868984,0.08587716629114168,0.1,-0.003839741889784267,-0.00422765405127792,0.0022641639004457284,0.9762407684977824,inf,green,False,ramp,0,-0.038397418897842664,0.005413179999891327,0.004820472999995218,0.019648674999984905,0.0,0.009000000000000341,-0.01100000000000989,0.0,0.46399900008964323,0.48023421755402257
87.2,757.386559702,FOLLOW,5.473365016768851,5.396254739685538,0.3969827462733778,0.1000053770083168,0.1,-0.003995036771408968,-0.0028129654044223244,-0.008215389901112143,0.9714453421110474,inf,green,False,ramp,0,-0.039950367714089684,0.0019200750000436528,0.0006378289999702247,0.00793709000004128,0.0,0.010000000000005116,-0.01099999999999568,-0.001999999999995339,12.931020999985776,0.48023421755402257
87.4,757.586441539,FOLLOW,5.490365915730057,5.4132320872743165,0.3960881944107524,0.10000526223581124,0.1,-0.004154557620266951,-0.0019447257137096222,-0.01507973356907433,0.9761548316351988,inf,green,False,ramp,0,-0.041545576202669514,0.061200633999987986,0.09539146200006599,0.02688303000002179,0.0,0.07700000000001239,0.08899999999999864,0.028000000000005798,0.547648999940975,0.48023421755402257
87.6,757.8365173,FOLLOW,5.514167118204356,5.436999235697341,0.39481546185179806,0.10000484782451957,0.1,-0.004169110664735132,-0.0009629098986162713,-0.021721157653120025,0.98269166610616,inf,green,False,ramp,0,-0.04169110664735132,0.1040128019999429,0.02930848899995908,0.03065886199999568,0.0,0.07699999999999818,-0.01100000000000989,-0.010000000000005116,0.48471500008417934,0.48023421755402257
87.7,757.936406896,FOLLOW,5.524367602974381,5.447184729159083,0.39426264090310237,0.1000046562197905,0.1,-0.004851020584088421,0.00013826063451848752,-0.033657313437319515,0.9855868100521797,inf,green,False,ramp,0,-0.04851020584088421,0.027301700999942113,0.026253979999978583,0.024480675999939194,0.0,0.009000000000000341,-0.01099999999999568,-0.012000000000000455,0.37130900000192923,0.48023421755402257
87.9,758.136148414,FOLLOW,5.5447683230025335,5.467554657299305,0.3931422077933311,0.10000305032070968,0.1,-0.004997358719596303,0.0002454218683860185,-0.03535784105283972,0.9902088545041173,inf,green,False,ramp,0,-0.04997358719596303,0.018389369000033184,0.019622380999976485,0.01557156900003065,0.0,0.009000000000000341,-0.01099999999999568,-0.015999999999991132,0.4811210000070787,0.48023421755402257
88.1,758.336185143,FOLLOW,5.565168848759422,5.487923212062074,0.3920005472437408,0.10000206774006362,0.1,-0.005334948282480527,0.0005098032086169081,-0.03939438756201646,0.9955792329204278,inf,green,False,ramp,0,-0.05334948282480526,0.01259950700000445,0.009599680999940574,0.00026037199995698757,0.0,0.009999999999990905,-0.01100000000000989,-0.020000000000010232,0.35918100002163555,0.48023421755402257
88.2,758.436634237,FOLLOW,5.571968984050544,5.494712409825008,0.39161501732849796,0.10000191679590716,0.1,-0.006060849881255177,0.00016591615347355017,-0.04199974221706922,0.9970727643276229,inf,green,False,ramp,0,-0.06060849881255176,0.0010070629999745506,0.0006618439999783732,0.025277168000002348,0.0,0.010000000000005116,-0.01099999999999568,0.012000000000000455,0.26298800003132783,0.48023421755402257
88.4,758.63755373,FOLLOW,5.592369148666899,5.51507881180171,0.3904418449631309,0.10000059420334859,0.1,-0.0060599356805236424,-7.304807616726437e-05,-0.04040318671498625,0.9980719602725352,inf,green,False,ramp,0,-0.06059935680523642,0.024213524000060715,0.09679742600008012,0.012396668000064892,0.0,0.043000000000006366,0.08899999999999864,0.008000000000009777,0.551850999954695,0.48023421755402257
88.6,758.886557205,FOLLOW,5.616169208300299,5.5388375759574195,0.38904046779415835,0.09999978701471397,0.1,-0.007045092487867667,-0.000917735259850113,-0.041424383423116176,0.9956939696057676,inf,green,False,ramp,0,-0.07045092487867666,0.030956478000007337,0.03056204799997886,0.013577875000009954,0.0,0.009999999999990905,-0.01100000000000989,-0.030000000000001137,12.976111999932982,0.48023421755402257
88.7,758.986075474,FOLLOW,5.626369152237707,5.549019139808417,0.38842841394697053,0.09999917977417534,0.1,-0.007045092487867667,-0.000917735259850113,-0.041424383423116176,0.9956939696057676,inf,green,False,ramp,0,-0.07045092487867666,0.031999863999999434,0.029431305000002794,0.009076361999973415,0.0,0.009000000000000341,-0.01099999999999568,-0.031999999999996476,0.46440899996014195,0.48023421755402257
88.9,759.186125954,FOLLOW,5.643368994120455,5.565987342516395,0.3873917437084874,0.09999899484803722,0.1,-0.007554251076049308,-0.0017245570552110179,-0.039488349683834516,0.996836222326769,inf,green,False,unknown,0,-0.07554251076049308,0.01986413999998149,0.021186768999996275,0.032156725999925584,0.0,0.009000000000000341,-0.01099999999999568,-0.001999999999995339,0.4264689999899929,0.48023421755402257
89.1,759.386421009,FOLLOW,5.66371836608323,5.586297123935783,0.3861230227418737,0.09944306193071335,0.1,-0.007583337198162771,-0.0019470645061070851,-0.03820341009097679,0.9971284281902457,inf,green,False,unknown,0,-0.0758333719816277,0.003923686999996789,0.002873610999927223,0.009787116999973478,0.0,0.009000000000000341,-0.01100000000000989,-0.006000000000000227,0.38759300002766395,0.48023421755402257
89.2,759.486132071,FOLLOW,5.6738835725196255,5.596441971953232,0.3854800007465681,0.09926453222035961,0.1,-0.007656884546955615,-0.0023767041855407706,-0.03583927271145272,0.9971371141645616,inf,green,False,unknown,0,-0.07656884546955614,0.005261266000047726,0.002280866000091919,0.004561765000062223,0.0,0.010000000000005116,-0.01099999999999568,-0.007999999999995566,13.157429999978376,0.48023421755402257
89.4,759.686207263,FOLLOW,5.690720415120337,5.613244143072816,0.3844000567489769,0.09938891139740337,0.1,-0.00568571118294289,-0.0009262940478158878,-0.032198408093303564,0.9970419843988696,inf,green,False,unknown,0,-0.0568571118294289,0.02508561600006942,0.0857759379999834,0.0275617230000762,0.0,0.04100000000001103,0.08899999999999864,0.02200000000000557,0.3908479999381598,0.48023421755402257
89.6,759.936090741,FOLLOW,5.7143242660448745,5.63679756359183,0.38285795009955553,0.09918101862178141,0.1,0.000333503514178922,0.003163469111242944,-0.018836415983977794,0.9969823935467597,inf,green,False,unknown,0,0.00333503514178922,0.0035090080000372836,0.03507149600000048,0.031236365000040678,0.0,-0.023000000000010346,-0.01100000000000989,-0.016000000000005343,0.37310999994133454,0.48023421755402257
89.7,760.036234879,FOLLOW,5.724440754293184,5.646892134745912,0.382192391917756,0.09918125627927338,0.1,0.004394330292359209,0.006337069454490375,-0.012581836042813708,0.9949273066823203,inf,green,False,unknown,0,0.04394330292359208,0.03101017699998465,0.03012057899991305,0.021978669999953127,0.0,0.010000000000005116,-0.01099999999999568,-0.018000000000000682,0.5663040000172259,0.48023421755402257
89.9,760.236422257,FOLLOW,5.744674895277555,5.667082991534398,0.38086961529165037,0.09919186015414472,0.1,0.008465077858723484,0.009331925781538596,-0.00505277673979269,0.9950084215707022,inf,green,False,unknown,0,0.08465077858723484,0.023782495999967068,0.024993247999987034,0.016045893999944383,0.0,0.010000000000005116,-0.012000000000000455,-0.02199999999999136,0.4095150000011927,0.48023421755402257
90.1,760.436375297,FOLLOW,5.764910625837454,5.6872773476889895,0.37957631548204107,0.0991981858033671,0.1,0.01640183740007808,0.01562772149187671,0.0066786862021568,0.9956905245186739,inf,green,False,unknown,0,0.1640183740007808,0.021518516000014642,0.02028411000003416,0.006488319000027332,0.0,0.009000000000000341,-0.01100000000000989,-0.02600000000001046,16.722404000006463,0.48023421755402257
90.2,760.53634999,FOLLOW,5.775029108363415,5.6973763352647016,0.37894852510276317,0.09920296457948684,0.1,0.01640183740007808,0.01562772149187671,0.0066786862021568,0.9956905245186739,inf,green,False,unknown,0,0.1640183740007808,0.01952439100000447,0.01691304799999216,0.001435933999914596,0.0,0.010000000000005116,-0.01099999999999568,-0.027999999999991587,0.3565140000318934,0.48023421755402257
90.4,760.736509218,FOLLOW,5.79189413644541,5.714211190166843,0.3779402554904821,0.09920883554381552,0.1,0.023366280032764496,0.020779306947835068,0.01962953325448624,0.9967864350667477,inf,green,False,unknown,0,0.23366280032764492,0.0180105279999907,0.017638428000054773,0.032215038000003915,0.0,0.009000000000000341,-0.01099999999999568,0.0020000000000095497,18.959437999910733,0.48023421755402257
90.6,760.936234902,FOLLOW,5.8121328938719525,5.734418137652855,0.37680625473070606,0.09919620188735061,0.1,0.02463448480536655,0.022219867354299355,0.018662176713548403,0.997120183541134,inf,green,False,unknown,0,0.24634484805366547,0.008664911999971991,0.007464595999977064,0.014889278000055128,0.0,0.009999999999990905,-0.01100000000000989,-0.0020000000000095497,0.3202760000249327,0.48023421755402257
90.7,761.036388453,FOLLOW,5.822251969152514,5.7445228070818,0.3762665257632185,0.09921562849244929,0.1,0.027556063114367712,0.024354689396469203,0.02435458784692503,0.9970798794075162,inf,green,False,unknown,0,0.2755606311436771,0.0025621830000090995,0.10761814699992556,0.006282601999942017,0.0,0.010000000000005116,0.08899999999999864,-0.003999999999990678,0.40278100004798034,0.48023421755402257
90.9,761.236354206,FOLLOW,5.839119594055367,5.761369444474778,0.3754256610160161,0.09922341672952104,0.1,0.031095003173951904,0.027480627269648155,0.027717574741905747,0.9972619797689908,inf,green,False,unknown,0,0.310950031739519,0.028190090999942186,0.09878491699998904,0.027665950000027806,0.0,0.043000000000006366,0.08899999999999864,0.02600000000001046,12.815652999961458,0.48023421755402257
91.1,761.436264797,FOLLOW,5.859361562701277,5.781591418434108,0.3745268757526478,0.09922682261479679,0.1,0.030000000000000207,0.02900972635777595,0.030787826968934756,0.9971549467164862,inf,green,False,unknown,0,0.30000000000000204,0.025904938000053335,0.09502656200004367,0.022257954999986396,0.0,0.04199999999998738,0.08899999999999864,0.02199999999999136,4.538706999937858,0.48023421755402257
91.2,761.536664767,FOLLOW,5.872854529290648,5.795073952168228,0.37399659852538847,0.099209876494653,0.1,0.030000000000000207,0.030036804600840537,0.03545122744334392,0.9956283945112486,inf,green,False,unknown,0,0.30000000000000204,0.0004325170000356593,0.003814991000012924,0.0017881340000940327,0.0,0.008000000000009777,-0.01099999999999568,-0.013999999999995794,1.4420179999206084,0.48023421755402257
91.4,761.736993,FOLLOW,5.889719667720121,5.811929029536773,0.3734146573377034,0.09921004964778866,0.1,0.033268106493537196,0.029857909286232664,0.02677310139750666,0.9969238804453654,inf,green,False,unknown,0,0.3326810649353719,0.029969134999987546,0.10348485500003335,0.021062779999965642,0.0,0.04200000000000159,0.08899999999999864,0.016000000000005343,13.19848900004672,0.48023421755402257
91.6,761.986396082,FOLLOW,5.913329799148305,5.835529599721848,0.37274407049819647,0.09920801107114212,0.1,0.031179305907589303,0.028552968297897066,0.021150142511376726,0.9969198835651321,inf,green,False,unknown,0,0.311793059075893,0.0031236140000601154,0.03287921800006188,0.023282739000023867,0.0,-0.023000000000010346,-0.01100000000000989,-0.02200000000000557,10.965760999965823,0.48023421755402257
91.7,762.086401973,FOLLOW,5.923449066989717,5.845646000710028,0.3725033745984106,0.0992076192692047,0.1,0.030353565876370475,0.028040740424106564,0.01891071376382515,0.9969238804453654,inf,green,False,unknown,0,0.30353565876370475,0.033169735999990735,0.031230242999981783,0.01844467299997632,0.0,0.009000000000000341,-0.01099999999999568,-0.02400000000000091,11.75947600006566,0.48023421755402257
91.9,762.286447416,FOLLOW,5.943687277415434,5.865880476405771,0.3721161770916251,0.09920685039317183,0.1,0.02844145027282322,0.026976765290572836,0.012926656773990406,0.9970755999581749,inf,green,False,unknown,0,0.28441450272823215,0.027705859999969107,0.02282783600003313,0.005429338999988431,0.0,0.010000000000005116,-0.01099999999999568,-0.027999999999991587,0.36994000004142436,0.48023421755402257
92.1,762.486205135,FOLLOW,5.960551706453532,5.882743292975485,0.3718839715052541,0.09919343550075403,0.1,0.026301498778403334,0.02536751659822797,0.009044228246341244,0.9966349980942354,inf,green,False,unknown,0,0.2630149877840333,0.015931524999928115,0.012861391000001277,0.027180539000028148,0.0,0.009999999999990905,-0.01100000000000989,0.001999999999995339,15.183051999997588,0.48023421755402257
92.2,762.586546762,FOLLOW,5.9706695869105175,5.892860597215309,0.3717761532689603,0.09920123662314449,0.1,0.02547861455992903,0.025012125653896367,0.005802016781362643,0.9969238804453654,inf,green,False,unknown,0,0.2547861455992903,0.012099924000040119,0.009379791000014848,0.02209456599996429,0.0,0.009000000000000341,-0.01099999999999568,0.0,11.124725999934526,0.48023421755402257
92.4,762.786628688,FOLLOW,5.990906572489732,5.913097078314973,0.3716363264326989,0.0992008876560061,0.1,0.023988085418604737,0.023691505286421864,0.004450635755357071,0.9947243475194972,inf,green,False,unknown,0,0.23988085418604735,0.020466757999997753,0.0068849539999291665,0.014019082000004346,0.0,0.010000000000005116,-0.01099999999999568,-0.003999999999990678,0.31880500000625034,0.48023421755402257
92.6,762.986173661,FOLLOW,6.00814382428182,5.930334263788004,0.371590539444616,0.06918886006216593,0.1,0.023720493705835483,0.02232753751027741,0.011721241443433,0.9855822347960635,inf,green,False,unknown,0,0.2372049370583548,0.04409504999989622,0.10464814699992075,0.0009619519998977921,0.0,0.04199999999998738,0.08899999999999864,-0.008000000000009777,10.983525000028749,0.48023421755402257
92.7,763.086305817,FOLLOW,6.013884725104446,5.936075162420423,0.3715855724722622,0.10079163863673377,0.1,0.020000000000000198,0.02174138773987121,0.012674067692664196,0.9817122150464476,inf,green,False,unknown,0,0.20000000000000195,0.010284967000075085,0.0886228059999894,0.035422631000074034,0.0,0.010000000000005116,0.08899999999999864,0.02400000000000091,11.912178999978096,0.48023421755402257
92.9,763.286269155,FOLLOW,6.033220236227577,5.955410650558604,0.37160673193089866,0.07158203001110755,0.07,0.016369929936902918,0.021010810947299823,0.018218277751035253,0.9744495218188806,inf,green,False,unknown,0,0.23385614195575594,0.037222748999965916,0.08791839299999538,0.02646360599999298,0.0,0.043000000000006366,0.08899999999999864,0.020000000000010232,0.406882999982372,0.48023421755402257
93.1,763.48644767,FOLLOW,6.050467752839734,5.972658055548321,0.37166832785427567,0.09918114872675887,0.1,0.023448223587243664,0.02012077472978596,0.024575085788755367,0.9673072793974231,inf,green,False,unknown,0,0.23448223587243663,0.03287724999995589,0.09016382599997996,0.016038758999911806,0.0,0.042999999999992156,0.08899999999999864,0.015999999999991132,0.3945780000549348,0.48023421755402257
93.2,763.586398139,FOLLOW,6.060585907954039,5.982776064131492,0.37172239779617694,0.09920009421292611,0.1,0.023086420466942172,0.0188395364542937,0.030649585441958456,0.9671276557438275,inf,green,False,unknown,0,0.23086420466942173,0.00040101800004777033,0.09146217200009232,0.01631705800002692,0.0,0.010000000000005116,0.08899999999999864,0.013999999999995794,10.18472800001291,0.48023421755402257
93.4,763.836145699,FOLLOW,6.084195568393186,6.0063846933795855,0.37194004712079165,0.09920048622135756,0.1,0.022877630415141927,0.017796641538119773,0.036175290852126264,0.964073725671441,inf,green,False,unknown,0,0.22877630415141928,0.0032566449999649194,0.03538331799995831,0.02264031699996849,0.0,-0.02400000000000091,-0.01099999999999568,-0.02400000000000091,0.3467530000307306,0.48023421755402257
93.6,764.036356721,FOLLOW,6.104432555460342,6.026619625770917,0.3722272115029547,0.09920132005826167,0.1,0.022514371787865927,0.015710719041249405,0.047589922651468705,0.966036760523977,inf,green,False,unknown,0,0.22514371787865925,0.030390671999953156,0.029473158999962834,0.014292480999984036,0.0,0.009000000000000341,-0.01100000000000989,-0.028000000000005798,0.37542500001563894,0.48023421755402257
93.7,764.136140972,FOLLOW,6.114551062674284,6.0367365638842925,0.3724052932376772,0.09920114100789947,0.1,0.021949761829429617,0.014908368722975742,0.04909543232771839,0.9714918427531897,inf,green,False,unknown,0,0.21949761829429615,0.02236883700004455,0.0249782350000487,0.006290371999966737,0.0,0.008000000000009777,-0.012000000000000455,-0.030000000000001137,15.919523999968987,0.48023421755402257
93.9,764.336419804,FOLLOW,6.1314151926070695,6.053597117713838,0.37275213308408417,0.09920069575054517,0.1,0.010000000000000188,0.013830650039237212,0.05564406864357879,0.9740026202891552,inf,green,False,tunnel,0,0.10000000000000187,0.022448649000011756,0.019400883999992402,0.03269113399994694,0.0,0.010000000000005116,-0.01099999999999568,0.0,1.352873999962867,0.48023421755402257
94.1,764.53622232,FOLLOW,6.151650938416165,6.073826930768524,0.37324174355406053,0.09920055114493025,0.1,0.022001229326550804,0.012980551734266096,0.06225644669905289,0.9813477763491764,inf,green,False,tunnel,0,0.22001229326550803,0.017777140000021063,0.016834721999998692,0.022539209999990817,0.0,0.009999999999990905,-0.01100000000000989,-0.0040000000000048885,0.40384300007190177,0.48023421755402257
94.2,764.63702542,FOLLOW,6.1617694178257825,6.083941695373927,0.37351583474472444,0.09920082764885492,0.1,0.022096533422329197,0.01247399301720491,0.06626499238326726,0.9876505899698798,inf,green,False,tunnel,0,0.22096533422329195,0.052888476000021,0.017869956000026832,0.02334481599996252,0.0,0.043000000000006366,-0.01099999999999568,-0.006000000000000227,11.533801000041422,0.48023421755402257
94.4,764.836183051,FOLLOW,6.1820065051354804,6.104169425184905,0.3741306605171419,0.0992024593993203,0.1,0.02168884022532162,0.012252168820517169,0.0649772566886575,0.9935386209093441,inf,green,False,tunnel,0,0.2168884022532162,0.016530912999996872,0.01567748600007235,0.01597413100000722,0.0,0.009000000000000341,-0.01099999999999568,-0.009999999999990905,0.3648759999350659,0.48023421755402257
94.6,765.0362849,FOLLOW,6.202243279521296,6.124393990352808,0.3748330713246651,0.09919759241963244,0.1,0.020836829081593036,0.012236338142969597,0.05931386517030961,0.9972987203656984,inf,green,False,tunnel,0,0.20836829081593036,0.043854475000102866,0.00875273000008292,0.006591327000023739,0.0,0.042999999999992156,-0.01100000000000989,-0.014000000000010004,11.289350999959424,0.48023421755402257
94.7,765.136438099,FOLLOW,6.208988698744906,6.131134636107587,0.3750867825476789,0.09919683857160504,0.1,0.020843233192629994,0.012393175072428512,0.058315263011191415,0.9967730824692874,inf,green,False,tunnel,0,0.20843233192629992,0.0026475219999611,0.0019398470000169254,0.031265858999972806,0.0,0.010000000000005116,-0.01099999999999568,0.018000000000000682,12.989201999971556,0.48023421755402257
94.9,765.336333587,FOLLOW,6.229224857556093,6.151354210730742,0.37590551457198157,0.09919692207077464,0.1,0.020828913745966644,0.012553991323013332,0.05714974988419272,0.9971432549136672,inf,green,False,tunnel,0,0.2082891374596664,0.031858467000006385,0.0885691629999883,0.02105279199997767,0.0,0.043000000000006366,0.08899999999999864,0.014000000000010004,0.45505200000661716,0.48023421755402257
95.1,765.538069781,FOLLOW,6.249459745247838,6.171569092639633,0.37680489524216804,0.09918255830676065,0.1,0.020024115307851493,0.012506887403816908,0.052012060823349825,0.997298720365698,inf,green,False,tunnel,0,0.2002411530785149,0.02795682700002544,0.09247060099994542,0.014394304000006741,0.0,0.042999999999992156,0.08899999999999864,0.009999999999990905,0.3725029999941398,0.48023421755402257
95.2,765.636588821,FOLLOW,6.259577588146343,6.181675859287443,0.37727816156880645,0.09919628649513035,0.1,0.019543670950198235,0.012776878113792155,0.046962114607847966,0.9953162790193434,inf,green,False,tunnel,0,0.19543670950198233,0.026385299000025952,0.09249449700007517,0.012069651000047088,0.0,0.043000000000006366,0.08899999999999864,0.008000000000009777,13.34607599994797,0.48023421755402257
95.4,765.886186821,FOLLOW,6.283186210773137,6.205254765291478,0.3784619133442962,0.099195613677736,0.1,0.019136137268873178,0.012655852297980049,0.04500651631306913,0.9969088537883982,inf,green,False,tunnel,0,0.19136137268873177,0.029575143999977627,0.028044367000006787,0.00916706600003181,0.0,0.009000000000000341,-0.01099999999999568,-0.030000000000001137,0.49580600000354025,0.48023421755402257
95.6,766.086683592,FOLLOW,6.300049460197247,6.22209333688893,0.37937375174790544,0.099195326613898,0.1,0.017730101906684954,0.012463611507337725,0.036761943073917884,0.9966410285071012,inf,green,False,tunnel,0,0.17730101906684953,0.027443966999953773,0.026303649999931622,0.036314171999947575,0.0,0.009999999999990905,-0.01100000000000989,0.0,12.14325099999769,0.48023421755402257
95.7,766.189103758,FOLLOW,6.310167362594661,6.232195003157496,0.37994669195178055,0.09919424170478508,0.1,0.017694435481419288,0.012316140732787369,0.03750215842801112,0.9971052950891633,inf,green,False,tunnel,0,0.17694435481419288,0.028377051999996183,0.026095982000015283,0.035288124999965476,0.0,0.010000000000005116,-0.01099999999999568,-0.001999999999995339,12.377925000009782,0.48023421755402257
95.9,766.386103107,FOLLOW,6.330402977589349,6.252394917008521,0.3811480070676935,0.09919414545706493,0.1,0.0168132255656587,0.012147452446906785,0.03265752135495118,0.9973351353798443,inf,green,False,tunnel,0,0.16813225565658702,0.08406261900006484,0.0030522680000331093,0.00985735700010082,0.0,0.07600000000000762,-0.012000000000000455,-0.006000000000000227,0.34814899993307336,0.48023421755402257
96.1,766.586099228,FOLLOW,6.347265771229872,6.269224621510488,0.38220378569394514,0.09919261004972241,0.1,0.016473630700415562,0.01199117406831992,0.03139871501585114,0.9952396677729247,inf,green,False,tunnel,0,0.16473630700415562,0.030692833999978575,0.10046761499995682,0.03177981900000759,0.0,0.04099999999999682,0.08899999999999864,0.02400000000000091,0.3030689999832248,0.48023421755402257
96.2,766.686186935,FOLLOW,6.357383386820923,6.2793209122602915,0.38286031940562515,0.09919204075413664,0.1,0.0172313753809646,0.011214206114693424,0.04170158227287549,0.9867368398346985,inf,green,False,tunnel,0,0.17231375380964598,0.0004597670000521248,0.09825914400005331,0.03235399100003633,0.0,0.009000000000000341,0.08899999999999864,0.02200000000000557,12.468183999999383,0.48023421755402257
96.4,766.88626303,FOLLOW,6.377618638414164,6.299510064816485,0.38422528141896756,0.09919257253324225,0.1,0.016891853589592536,0.011057927736106558,0.04044360830460587,0.9823383525537013,inf,green,False,tunnel,0,0.16891853589592534,0.02849710700002106,0.09563310500004718,0.02158610599997246,0.0,0.043000000000006366,0.08899999999999864,0.018000000000000682,0.5009799999697861,0.48023421755402257
96.6,767.13634261,FOLLOW,6.4012264367704494,6.323057841376666,0.38590741667165807,0.09919270189796879,0.1,0.017161747456138653,0.010031186323641679,0.04910096376033039,0.9670113121784302,inf,green,False,tunnel,0,0.17161747456138654,0.03331978200003505,0.030873942000084753,0.02274536300001273,0.0,0.009999999999990905,-0.01100000000000989,-0.020000000000010232,0.40369999999256834,0.48023421755402257
96.7,767.236336024,FOLLOW,6.41132764707183,6.333131197414085,0.38665703337172275,0.09803930165483675,0.1,0.01733308460101039,0.009747010354140297,0.052149418735005254,0.958867667911861,inf,green,False,tunnel,0,0.17333084601010387,0.027570639000032315,0.026057186999992155,0.01603478399999858,0.0,0.009000000000000341,-0.01099999999999568,-0.02199999999999136,0.5787850000160688,0.48023421755402257
96.9,767.436677972,FOLLOW,6.431550280109581,6.353294048079458,0.38821066014343514,0.09926896598198554,0.1,0.015492747438853755,0.0074534387363086995,0.054958437013637174,0.9535637725650725,inf,green,False,tunnel,0,0.15492747438853754,0.020381733000021995,0.017145961999972315,0.0035162799999852723,0.0,0.010000000000005116,-0.01099999999999568,-0.02599999999999625,0.4560849999961647,0.48023421755402257
97.1,767.636662953,FOLLOW,6.448453229302485,6.370141714471508,0.38957653931038233,0.10002313158367034,0.1,0.00620543170645614,-0.001143785117155077,0.049479647995829296,0.9554974802534211,inf,green,False,tunnel,0,0.062054317064561396,0.013903254000069865,0.013451529000008122,0.02992633000008027,0.0,0.009000000000000341,-0.01100000000000989,0.003999999999990678,17.897318999985146,0.48023421755402257
97.2,767.736583384,FOLLOW,6.458654771634743,6.380308464965962,0.39041834915468293,0.10001091348775913,0.1,0.00620543170645614,-0.001143785117155077,0.049479647995829296,0.9554974802534211,inf,green,False,tunnel,0,0.062054317064561396,0.011823166999988644,0.008923964000018714,0.022973805999981778,0.0,0.009000000000000341,-0.01099999999999568,0.0020000000000095497,0.39674799995736976,0.48023421755402257
97.4,767.936508162,FOLLOW,6.479056270716719,6.400638906018655,0.39211961710634224,0.10000309765012821,0.1,-0.004519627912398761,-0.009682897939009958,0.03402886820889078,0.9534235040795707,inf,green,False,tunnel,0,-0.04519627912398761,0.0004915429999527987,0.0014628110000103334,0.012053828000034628,0.0,0.009000000000000341,-0.01099999999999568,-0.001999999999995339,11.407344999952329,0.48023421755402257
97.6,768.13592947,FOLLOW,6.499455480730923,6.420967231240006,0.3938187139554159,0.0999919764404012,0.1,-0.006520319366462506,-0.011355815527630908,0.031673208622020624,0.9557352230915817,inf,green,False,tunnel,0,-0.06520319366462506,0.030378543999972862,0.10004151499992986,0.0002751889999217383,0.0,0.04099999999999682,0.08899999999999864,-0.006000000000000227,0.3265840000494791,0.48023421755402257
97.7,768.236199399,FOLLOW,6.506254925511798,6.427743499879868,0.3943796346756673,0.09999170106369422,0.1,-0.011797900995730255,-0.015820527554273878,0.025772449521544318,0.9565141482414856,inf,green,False,tunnel,0,-0.11797900995730254,0.028013530000066567,0.09577940799999851,0.027367904000016097,0.0,0.043000000000006366,0.08899999999999864,0.02599999999999625,0.460004999922603,0.48023421755402257
97.9,768.436256399,FOLLOW,6.526580806696861,6.448002491772706,0.39602720538221875,0.09780852031301711,0.09782938492390597,-0.015371818926696349,-0.020923470709821403,0.033282635080991885,0.883078618503805,inf,green,False,tunnel,0,-0.1571288518133168,0.030123887999934595,0.08473882999999205,0.025125153999965733,0.0,0.043000000000006366,0.08899999999999864,0.02200000000000557,0.6756220000170288,0.48023421755402257
98.1,768.685989375,FOLLOW,6.549976971284709,6.4713278421286065,0.3978459184132048,0.09824567883931908,0.0982766656204715,-0.021840521811251762,-0.02745833109653089,0.03265829929410354,0.8858378126593438,inf,green,False,tunnel,0,-0.22223507150310026,0.000583796999990227,0.034381287999963206,0.030356639999922663,0.0,-0.023000000000010346,-0.01100000000000989,-0.016000000000005343,0.31237200005307386,0.48023421755402257
98.2,768.786360973,FOLLOW,6.55999798185021,6.481321135057873,0.3985907085689763,0.09824482047857018,0.09890276058322928,-0.025124915669149653,-0.030190894953199356,0.029225731611378408,0.8844085368691997,inf,green,False,tunnel,0,-0.2540365458050726,0.0027943579999600843,0.03306399699999929,0.02712916200005111,0.0,-0.022999999999996135,-0.01099999999999568,-0.018000000000000682,0.34834500002034474,0.48023421755402257
98.4,768.98640912,FOLLOW,6.580179548111056,6.50145223601679,0.40001672314195297,0.09928460611002723,0.09932553035738922,-0.027487146322050217,-0.03260745210982534,0.029846115894715593,0.8894727798605504,inf,green,False,tunnel,0,-0.27673797686402524,0.03169062599999961,0.027604730000007294,0.01745666900001197,0.0,0.010000000000005116,-0.01099999999999568,-0.02199999999999136,0.4015340000478318,0.48023421755402257
98.6,769.186092392,FOLLOW,6.600438226652449,6.521667812251858,0.4013370919668417,0.09931617497299232,0.0983624345854133,-0.029251489094229963,-0.03576876366124503,0.03680022969745638,0.8950986254272824,inf,green,False,tunnel,0,-0.2973847609356329,0.022633639999980915,0.02064803700000084,0.005269670999950904,0.0,0.009999999999990905,-0.01100000000000989,-0.02600000000001046,15.691035000031661,0.48023421755402257
98.7,769.286244774,FOLLOW,6.6071598306024395,6.528376844747643,0.4017479825581457,0.09834120648778032,0.09684577641511549,-0.026967940530493558,-0.03530662028756952,0.046637570667763265,0.9011450480725115,inf,green,False,tunnel,0,-0.2784627428138875,0.018065472999978738,0.015786119000040344,0.0335890679999693,0.0,0.010000000000005116,-0.01099999999999568,0.006000000000000227,17.220088000044598,0.48023421755402257
98.9,769.48636114,FOLLOW,6.6269543299545095,6.548138787548645,0.4028823768815928,0.09489617759190966,0.09491180594200155,-0.02470009977168164,-0.035164907052858047,0.058097019371001306,0.9058086542739542,inf,green,False,tunnel,0,-0.26024264870458064,0.005317343999990953,0.004701384999975744,0.018700819999935447,0.0,0.010000000000005116,-0.01099999999999568,0.0020000000000095497,0.3981339999654665,0.48023421755402257
99.1,769.686605954,FOLLOW,6.646251061096941,6.5674091992253505,0.4038895454509228,0.09427985174211781,0.09397487283869309,-0.021252056262667903,-0.032771732438814566,0.06533914221662367,0.9110455565973694,inf,green,False,tunnel,0,-0.22614615610224706,0.03191762200003723,0.1035830519999763,0.007685806000040429,0.0,0.042999999999992156,0.08899999999999864,-0.0020000000000095497,0.6455189999314825,0.48023421755402257
99.2,769.786245046,FOLLOW,6.655832813348025,6.576979521717494,0.40435738499155877,0.09387435538765324,0.09388280054117594,-0.019187270663914527,-0.031019542803392426,0.06844399164534315,0.9162257048406675,inf,green,False,tunnel,0,-0.20437471563813445,0.028650975999994444,0.09343642199996793,0.0003074349999678816,0.0,0.043000000000006366,0.08899999999999864,-0.003999999999990678,0.4107890000568659,0.48023421755402257
99.4,770.036099097,FOLLOW,6.678040042129736,6.599163579716702,0.4053712287882006,0.0929042851033073,0.09290820177744061,-0.016023855578521026,-0.028286978946723974,0.07186296590216991,0.913332075986258,inf,green,False,tunnel,0,-0.17246976340049924,0.0028402799999867057,0.036597471000050064,0.004012895000073513,0.0,-0.02400000000000091,-0.01099999999999568,-0.04199999999998738,0.31943800001954514,0.48023421755402257
99.6,770.236302284,FOLLOW,6.693833865422501,6.614943243171515,0.40603976368383254,0.09290594056456142,0.09180955443476295,-0.011864373685767156,-0.024759092432603897,0.07760163310632108,0.9135081902668014,inf,green,False,tunnel,0,-0.12922809351174463,0.004654963999996653,0.03438839799991911,0.03374191599993992,0.0,-0.023000000000010346,-0.01100000000000989,-0.012000000000000455,12.197922000041217,0.48023421755402257
99.7,770.335969735,FOLLOW,6.703274451578946,6.6243761487045445,0.4064204826949152,0.09181148321784575,0.09180955443476295,-0.011864373685767156,-0.024759092432603897,0.07760163310632108,0.9135081902668014,inf,green,False,tunnel,0,-0.12922809351174463,0.00047681700004886807,0.031727107000051546,0.028820246999998744,0.0,-0.022999999999996135,-0.01099999999999568,-0.013999999999995794,0.4203569999390311,0.48023421755402257
99.9,770.536235502,FOLLOW,6.722064487054284,6.643152251338663,0.40714384603800474,0.09241218759198323,0.09185149627260161,-0.008835047999949795,-0.021331447169767145,0.07709891228085376,0.912963520063065,inf,green,False,tunnel,0,-0.09618839494708593,0.02118252099990059,0.019797732999904838,0.013136512999949446,0.0,0.008000000000009777,-0.01099999999999568,-0.018000000000000682,16.905462000067928,0.48023421755402257
100.1,770.736288434,FOLLOW,6.740823063893099,6.661898366093837,0.4078274350481886,0.0918580769070456,0.09199418923693148,-0.007474432013782153,-0.01977506719660342,0.07682091818723813,0.9138490370800876,inf,green,False,tunnel,0,-0.08124895795898279,0.08812884500002838,0.018086607999975968,0.0069068379999635,0.0,0.0759999999999934,-0.01100000000000989,-0.02200000000000557,0.3672459999961575,0.48023421755402257
100.2,770.836456371,FOLLOW,6.747079032571837,6.668150435891422,0.4080482669900769,0.09200258757785017,0.09139891419830508,-0.0055977166367012785,-0.018188970021315063,0.07974219181664849,0.9134982380657641,inf,green,False,tunnel,0,-0.06124489208434255,0.011646432000020468,0.008018640000045707,0.03262027600010242,0.0,0.009000000000000341,-0.01099999999999568,0.010000000000005116,15.688278999959948,0.48023421755402257
100.4,771.036322465,FOLLOW,6.765767673029585,6.686828022950066,0.4086909035317387,0.09140963269227213,0.09126386194704299,-0.004224982047388984,-0.01663259004815135,0.07946431298242665,0.911620101428375,inf,green,False,tunnel,0,-0.04629414049824653,0.021584670000038386,0.011102594000021782,0.027436347000048045,0.0,0.010000000000005116,-0.01099999999999568,0.006000000000000227,0.35362899996016495,0.48023421755402257
100.6,771.236230328,FOLLOW,6.784467999778995,6.7055179121183395,0.40931560127022265,0.09206882511268262,0.09112579096755488,-0.0026327669271162834,-0.015081754897442328,0.08086567109925326,0.9129013464179906,inf,green,False,tunnel,0,-0.028891567350605205,0.012319991000026675,0.002341610000030414,0.014218235000043933,0.0,0.009999999999990905,-0.01100000000000989,0.001999999999995339,0.30131099993013777,0.48023421755402257
100.7,771.336469685,FOLLOW,6.793765480332054,6.714810352853779,0.40962168848455616,0.09113992835282285,0.09951754626968623,-0.0013867039663808466,-0.01355210863496771,0.08076559591049004,0.9967627590811556,inf,green,False,tunnel,0,-0.013934266050159305,0.009428236999951878,0.10258096699999442,0.009974897000006422,0.0,0.010000000000005116,0.08899999999999864,0.0,10.952008999993268,0.48023421755402257
100.9,771.536652084,FOLLOW,6.81377369856045,6.734807924448933,0.41027431730898,0.0995329810971828,0.0997230633483668,-0.00030315894201955024,-0.012294238550595915,0.07974014381376285,0.9966907656728015,inf,green,False,tunnel,0,-0.0030400083174391894,0.0034769830000414004,0.09583040300003631,0.0002825920000759652,0.0,0.009000000000000341,0.08899999999999864,-0.003999999999990678,0.3246369999487797,0.48023421755402257
101.1,771.736470785,FOLLOW,6.830757102638597,6.751782373745539,0.4108257564727112,0.10001701094895153,0.1,0.0009299969122152297,-0.010665601240810035,0.07722761656057704,0.9987949751703346,inf,green,False,tunnel,0,0.009299969122152295,0.0038717150000593392,0.09264879800002745,0.029653316999997514,0.0,0.009000000000000341,0.08899999999999864,0.02599999999999625,0.3300849999732236,0.48023421755402257
101.2,771.83655316,FOLLOW,6.840958958938292,6.76197883591254,0.41115746592129443,0.10001835635418556,0.1,0.002164866287138469,-0.009275928160664967,0.07630427962709492,0.9962086641351553,inf,green,False,tunnel,0,0.021648662871384686,0.03518228600000839,0.0930059339999616,0.02595955000003869,0.0,0.04200000000000159,0.08899999999999864,0.02400000000000091,10.858058000053461,0.48023421755402257
101.4,772.086120024,FOLLOW,6.864763643838141,6.785770744091282,0.41193728474751207,0.10002185902202886,0.1,0.0034409938188775975,-0.008185861856828187,0.0776441072959855,0.996877977008603,inf,green,False,tunnel,0,0.034409938188775975,0.04976679800006423,0.039177651000045444,0.0365479580000283,0.0,0.010000000000005116,-0.01099999999999568,-0.013999999999995794,0.3580029999739054,0.48023421755402257
101.6,772.286421687,FOLLOW,6.885168249409114,6.806163949049257,0.4126192664467345,0.10002337943600517,0.1,0.004674684791646485,-0.006557224547042297,0.07513076250922467,0.9971904717797584,inf,green,False,tunnel,0,0.046746847916464836,0.006617439000024206,0.029298260000018672,0.0230242970000063,0.0,-0.023000000000010346,-0.01100000000000989,-0.018000000000000682,0.3519629999573226,0.48023421755402257
101.7,772.386361944,FOLLOW,6.895370698314865,6.816360472724832,0.41296692553457554,0.10002418875358182,0.1,0.005763671754409868,-0.005299354462670498,0.07410441327301719,0.9985539702044015,inf,green,False,tunnel,0,0.05763671754409867,0.008491536999940763,0.03389776099993469,0.025153945999932148,0.0,-0.02400000000000091,-0.01099999999999568,-0.01999999999999602,11.251781000055416,0.48023421755402257
101.9,772.586517254,FOLLOW,6.9157758607997835,6.836753244914774,0.41367787989699806,0.10002609747332188,0.07,0.004106439904890326,-0.004647207332340742,0.07046921663736792,0.9957943985955922,inf,green,False,tunnel,0,0.05866342721271894,0.10596500999997716,0.02684396100005415,0.013885359000028075,0.0,0.07600000000000762,-0.01099999999999568,-0.02400000000000091,0.44271499996284547,0.48023421755402257
102.1,772.786127179,FOLLOW,6.933266682782271,6.854233492544772,0.41428597435507025,0.1001005090890429,0.1,0.007870753125188307,-0.0024278407875769036,0.06921909921353632,0.9933622066464399,inf,green,False,tunnel,0,0.07870753125188307,0.06597263799994835,0.01983396499997525,0.001711236000005556,0.0,0.042999999999992156,-0.01100000000000989,-0.028000000000005798,16.50426300000163,0.48023421755402257
102.2,772.8861579,FOLLOW,6.943537720371167,6.86449795171095,0.41465351171443493,0.10090020688581657,0.07,0.0016488365114411226,-0.006453952802940862,0.058858231892415784,0.9969783294126939,inf,green,False,tunnel,0,0.023554807306301752,0.0184270589999187,0.01800714999990305,0.00031660299998748087,0.0,0.009000000000000341,-0.01099999999999568,-0.030000000000001137,15.959559000066292,0.48023421755402257
102.4,773.086362987,FOLLOW,6.956734843870301,6.877686476817267,0.41512981809944893,0.07085846905109072,0.07,-0.001133643526881735,-0.00933831629964589,0.05127874096771076,0.9968669354428698,inf,green,False,tunnel,0,-0.016194907526881925,0.01300450799999453,0.011534812000036254,0.02261914100006379,0.0,0.009000000000000341,-0.01099999999999568,0.0,0.3659309999193283,0.48023421755402257
102.6,773.286423013,FOLLOW,6.974263055895393,6.89520373461381,0.41574935633417526,0.10085348018923766,0.1,-0.007089053708973298,-0.013635224545753848,0.04301166068673895,0.9971596792019749,inf,green,False,tunnel,0,-0.07089053708973297,0.03163290700001653,0.10017897399995945,0.0014927649999663117,0.0,0.042999999999992156,0.08899999999999864,-0.0040000000000048885,12.713691000044491,0.48023421755402257
102.7,773.386500116,FOLLOW,6.984549840508798,6.905484429137703,0.4161032694762597,0.10084842392556984,0.1,-0.010264850965104492,-0.01595173837149407,0.03700328134178364,0.9134330086671216,inf,green,False,tunnel,0,-0.10264850965104493,0.03117865100000472,0.08600471499994455,0.0002763869999853341,0.0,0.043000000000006366,0.08899999999999864,-0.006000000000000227,12.510978000022988,0.48023421755402257
102.9,773.586159481,FOLLOW,7.001693432072576,6.922618521151237,0.41667384374279365,0.10084277485987672,0.1,-0.014304904278101997,-0.019069711593830536,0.030463643220474183,0.9135418535144202,inf,green,False,tunnel,0,-0.14304904278101996,0.027212236999957895,0.09385861099997328,0.02517724899996665,0.0,0.04200000000000159,0.08899999999999864,0.02400000000000091,3.127749999976004,0.48023421755402257
103.1,773.836322014,FOLLOW,7.025692185674963,6.946605968004573,0.4174100151768131,0.10082865800418253,0.1,-0.023670222041796155,-0.025846526466534837,0.012079815548265111,0.9155642621016685,inf,green,False,tunnel,0,-0.23670222041796152,0.0005609959999901548,0.03153773999997611,0.029096750999997312,0.0,-0.02400000000000091,-0.01100000000000989,-0.014000000000010004,12.350313000069946,0.48023421755402257
103.2,773.936208452,FOLLOW,7.035976539827189,6.956886376318613,0.4176948166238838,0.10082209340858322,0.1,-0.023670222041796155,-0.025846526466534837,0.012079815548265111,0.9155642621016685,inf,green,False,tunnel,0,-0.23670222041796152,0.0007075219999705951,0.032389896999916346,0.027466677000006712,0.0,-0.022999999999996135,-0.01099999999999568,-0.015999999999991132,0.3922880000573059,0.48023421755402257
103.4,774.136249071,FOLLOW,7.056543673342422,6.97744750569204,0.41819084698768016,0.10081621007565185,0.1,-0.029770942953102047,-0.030396259185329393,0.0007780115913562351,0.9134730589738649,inf,green,False,tunnel,0,-0.2977094295310205,0.027081388999931733,0.02443233299993608,0.015077035999979671,0.0,0.010000000000005116,-0.01099999999999568,-0.01999999999999602,16.242547000047125,0.48023421755402257
103.6,774.33627919,FOLLOW,7.077109226825381,6.9980094911242725,0.41857225253349173,0.10080772858806013,0.1,-0.03200136651183121,-0.0320176183851971,-0.0036900701367775734,0.9120923903111753,inf,green,False,tunnel,0,-0.32001366511831214,0.022418671000082213,0.020284630999981346,0.0074164779999819075,0.0,0.007999999999995566,-0.01100000000000989,-0.02400000000000091,0.34754699993300164,0.48023421755402257
103.7,774.436476411,FOLLOW,7.086927547704644,7.007826859591245,0.41870878190950167,0.08646767244655586,0.08487522274886684,-0.030226200935341015,-0.03426855479616836,-0.013490158361505728,0.731147276987438,inf,green,False,unknown,0,-0.3561251441398374,0.018334515999981704,0.0173859489999586,0.003235727999935989,0.0,0.009000000000000341,-0.01099999999999568,-0.02599999999999625,0.4044120000799012,0.48023421755402257
103.9,774.636343202,FOLLOW,7.101462073540835,7.022360641447088,0.4188543342575532,0.08463436113775319,0.08381249528509047,-0.03146802219540877,-0.03548000070425242,-0.01873313968305312,0.731147276987438,0.84,green,False,unknown,0,-0.37545740749478274,0.048741261000031955,0.016095003000032193,0.031513216999996985,0.0,0.04200000000000159,-0.01099999999999568,0.0040000000000048885,0.3696929999250642,0.48023421755402257
104.1,774.836346282,FOLLOW,7.118721968205642,7.0396203508283195,0.4189282086304628,0.08457984791949993,0.1,-0.034154699170406956,-0.032848868203622185,-0.012928874832747636,0.9107637718418184,0.88,green,False,unknown,0,-0.3415469917040695,0.022223843000006127,0.010137572000076034,0.02082009800005835,0.0,0.009000000000000341,-0.01100000000000989,0.0,16.99442500000714,0.48023421755402257
104.2,774.936176135,FOLLOW,7.12791825820328,7.0488166371435605,0.4189247738276194,0.10205981224940903,0.1,-0.034154699170406956,-0.032848868203622185,-0.012928874832747636,0.9107637718418184,0.88,green,False,unknown,0,-0.3415469917040695,0.01875725499996861,0.008876823000036893,0.015897635999976956,0.0,0.009000000000000341,-0.01099999999999568,-0.001999999999995339,0.40851000005659444,0.48023421755402257
104.4,775.136383943,FOLLOW,7.148487045829489,7.069385119046698,0.41881977796000885,0.10082034386806298,0.1,-0.03201256827486519,-0.029746866355758485,-0.018902990977742947,0.9028616157608721,0.89,green,False,unknown,0,-0.3201256827486519,0.009424419000083617,0.005527277000055619,0.010591603000079886,0.0,0.009000000000000341,-0.01099999999999568,-0.006000000000000227,0.41292599996722856,0.48023421755402257
104.6,775.336622725,FOLLOW,7.165626669932527,7.086523666637226,0.41862942509303447,0.10082214683228787,0.1,-0.028990486322910437,-0.026313676270467063,-0.021097902473100436,0.8949860979223969,0.88,green,False,unknown,0,-0.28990486322910436,0.0014410510000288923,0.10105364300000019,0.0355465779999804,0.0,0.009000000000000341,0.08899999999999864,0.02400000000000091,11.748893999993015,0.48023421755402257
104.7,775.436806308,FOLLOW,7.175910580189837,7.096806369683867,0.4184720914546157,0.1008246107427234,0.1,-0.028487860007927225,-0.025363019251345376,-0.023998249773912652,0.8908259428789084,inf,green,False,unknown,0,-0.28487860007927224,0.02900387599993337,0.08792104799999834,0.027681702999984736,0.0,0.04099999999999682,0.08899999999999864,0.02200000000000557,11.223229000052015,0.48023421755402257
104.9,775.638210821,FOLLOW,7.196478887201818,7.117370655626003,0.4180667993236865,0.10082633460680415,0.09910293029931147,-0.02675274045751289,-0.02255185504101439,-0.032535643813000226,0.8930322866826579,0.86,green,False,unknown,0,-0.26994903558062355,0.029788757000005717,0.08641763200000696,0.022471785999982785,0.0,0.043000000000006366,0.08899999999999864,0.018000000000000682,14.342558999942412,0.48023421755402257
105.1,775.886256509,FOLLOW,7.220308525833754,7.141192343299563,0.4174528938807178,0.09944221593961075,0.09755872703955924,-0.02465267985064699,-0.020080080073308325,-0.037240223647116,0.8886791589480173,0.89,green,False,unknown,0,-0.25269579256246893,0.06454694399997152,0.030019968999908997,0.02296223700000155,0.0,0.04199999999998738,-0.01100000000000989,-0.020000000000010232,11.379432000012457,0.48023421755402257
105.2,775.98840353,FOLLOW,7.230380894214423,7.151259758011444,0.4171371478853612,0.09838757384106817,0.09810414323774128,-0.023026321841906824,-0.018208814783635285,-0.037466001890258,0.8941089023142473,0.87,green,False,unknown,0,-0.23471304148802202,0.029616046000001006,0.025994880999974157,0.015027424999971117,0.0,0.010000000000005116,-0.01099999999999568,-0.02199999999999136,14.079603000027419,0.48023421755402257
105.4,776.186576353,FOLLOW,7.25054429106785,7.1714107250295385,0.41642976672848014,0.09893491921089165,0.06804623794176438,-0.001268554693053092,-0.0319949551636283,0.19808370095754949,0.8478613713426765,inf,green,False,unknown,0,-0.018642539711581876,0.09602289099996142,0.024960721999946145,0.011898742999960632,0.0,0.07600000000000762,-0.012000000000000455,-0.02599999999999625,0.6273830000509406,0.48023421755402257
105.6,776.386145608,FOLLOW,7.264672458857364,7.1855287262978385,0.41589396921203037,0.06825528692897927,0.06743926672792572,-0.00045608718744213905,-0.031090547631790616,0.19999547805086812,0.8429844808296209,inf,green,False,unknown,0,-0.006762932184333483,0.02103885500002889,0.019061620000002222,0.00030524399994646956,0.0,0.009999999999990905,-0.01100000000000989,-0.030000000000001137,0.3260250000494125,0.48023421755402257
105.7,776.486218471,FOLLOW,7.269314739002069,7.190167153529412,0.4157048770306652,0.06829639732202968,0.0657630481559788,0.0006002255548876049,-0.03035318294980828,0.20556984513167958,0.8296691434834015,inf,green,False,unknown,0,0.009127094496349554,0.05248155599997517,0.013388647000056153,0.027944597999976395,0.0,0.043000000000006366,-0.01099999999999568,0.0020000000000095497,0.4182779999837294,0.48023421755402257
105.9,776.686673609,FOLLOW,7.2828400897205565,7.203681145711109,0.4151506865362094,0.06560558971759593,0.06892522156830891,-0.027570088627323467,-0.02898261905785174,0.1850792687759888,0.8401399632376915,0.71,green,False,unknown,0,-0.3999999999999986,0.04399917899991124,0.00526414199998726,0.014917428999979165,0.0,0.043000000000006366,-0.01099999999999568,-0.001999999999995339,14.34581600005913,0.48023421755402257
106.1,776.886940035,FOLLOW,7.294551679399262,7.21538221536248,0.4146545888486942,0.06974970903840608,0.1,-0.01689012885198686,-0.017015052023603233,-0.000739819028647963,0.8392162443907513,inf,green,False,unknown,0,-0.16890128851986858,0.02694105299997318,0.09559781399991607,0.03109634699990238,0.0,0.04199999999998738,0.08899999999999864,0.027999999999991587,0.5578660000082891,0.48023421755402257
106.2,776.989123815,FOLLOW,7.304815724070902,7.225635984588504,0.41419543809798576,0.10083702839647117,0.0418418829959778,-0.01673675319839106,-0.06875243057592069,0.20644047010164268,0.528637733208723,0.71,green,False,unknown,0,-0.3999999999999986,0.028744987999971272,0.09432353299996521,0.02942581100001007,0.0,0.043000000000006366,0.08899999999999864,0.02599999999999625,4.195837999986907,0.48023421755402257
106.4,777.236478278,FOLLOW,7.315822936941181,7.236631214928094,0.41368214622946065,0.042113214844150905,0.06525108440805777,0.046317063818078125,0.03231284469381189,-0.0904784672153581,0.6667552471792527,inf,green,False,unknown,0,0.7098282616795636,0.006059356000037042,0.035148656000046685,0.03439739300006295,0.0,-0.022999999999996135,-0.01099999999999568,-0.012000000000000455,11.294453000004978,0.48023421755402257
106.6,777.436562939,FOLLOW,7.327608361626698,7.248403317528569,0.4131223604902021,0.06617487793553979,0.06422394650659649,0.04448435544267805,0.03151291706112473,-0.09304614398165932,0.6596951911742033,inf,green,False,unknown,0,0.6926443774069385,0.03219712000009167,0.026976205000096343,0.02284238100003222,0.0,0.009999999999990905,-0.01100000000000989,-0.016000000000005343,0.9210269998902731,0.48023421755402257
106.7,777.536403223,FOLLOW,7.334254517471498,7.255043725567043,0.4128461311933431,0.06514567412927458,0.0636268132051738,0.04277369390695352,0.030565684919442913,-0.09958721897407309,0.6622321387782418,inf,green,False,unknown,0,0.672258938523663,0.02168913799994243,0.021154207999984465,0.01580639099995551,0.0,0.008000000000009777,-0.01099999999999568,-0.018000000000000682,0.5803600000717779,0.48023421755402257
106.9,777.736478652,FOLLOW,7.345529183627421,7.2663113128886305,0.41244771042587547,0.036516442445853434,0.03553263387018116,0.06295194501085676,0.08632639645293141,-0.44946656915360067,0.6288288455561212,0.77,green,False,unknown,0,1.7716655973450304,0.01926785299997391,0.018445229999997537,0.007343720999983816,0.0,0.009000000000000341,-0.01099999999999568,-0.02199999999999136,0.4446560000133104,0.48023421755402257
107.1,777.936179622,FOLLOW,7.351384598034805,7.272164843644112,0.41229961238437873,0.03200705330699011,0.031348873379245336,0.013235290390113254,-0.04449308171771557,0.5287359254352952,0.6065588526922356,inf,green,False,unknown,0,0.4221934941647931,0.013089017000083913,0.010733672000014849,0.031991173000051276,0.0,0.009000000000000341,-0.01100000000000989,0.007999999999995566,0.36727299993799534,0.48023421755402257
107.2,778.036344157,FOLLOW,7.3546699765598715,7.275449256379888,0.4122199592904976,0.032229262435761054,0.03092306474322154,-0.015461532371610728,-0.045516473370613736,0.5422520759488983,0.6070275406042226,0.67,green,False,unknown,0,-0.49999999999999867,0.006158889000062118,0.005811965000020791,0.025441777000082766,0.0,0.009000000000000341,-0.01099999999999568,0.006000000000000227,12.379887999941275,0.48023421755402257
107.4,778.236418955,FOLLOW,7.361184880233505,7.28196238083549,0.41206771877184534,0.031803958308025834,0.030829830051534793,0.013672249252856006,-0.0461997292340412,0.5480204717070495,0.6089022922521706,inf,green,False,unknown,0,0.4434746876645648,0.0005729109999492721,0.10300641999992877,0.013102956000011545,0.0,0.009000000000000341,0.08899999999999864,0.0020000000000095497,0.3160449999768389,0.48023421755402257
107.6,778.486363914,FOLLOW,7.368686502943908,7.289462046571496,0.4118964064159223,0.031295407486731534,0.03020924653123669,-0.015104623265618304,-0.04763494805061966,0.5585590213531961,0.6032780373083266,0.66,green,False,unknown,0,-0.49999999999999867,0.04029736600000433,0.03622723599994515,0.008521594999933768,0.0,0.009999999999990905,-0.01100000000000989,-0.036000000000001364,12.049381999986508,0.48023421755402257
107.7,778.586484576,FOLLOW,7.371862878223909,7.292637605943727,0.41182442028197014,0.031052750826009952,0.03022637823346418,0.013648613101824454,-0.04820482531755685,0.5617371510786171,0.6056214768682617,inf,green,False,unknown,0,0.45154642730943606,0.035137916999929075,0.03214445599996907,0.003177725999989889,0.0,0.009000000000000341,-0.01099999999999568,-0.0379999999999967,10.264956000014536,0.48023421755402257
107.9,778.786195975,FOLLOW,7.377132273224807,7.297905595528251,0.41170274456367134,0.03059211404764048,0.029746680648331518,0.013671444007978944,-0.048237686720175615,0.5659019079380043,0.5985911581884568,inf,green,False,unknown,0,0.4595956157126987,0.022675210000102197,0.01946067700009735,0.022040271000037137,0.0,0.009000000000000341,-0.01099999999999568,-0.007999999999995566,0.38288999996893835,0.48023421755402257
108.1,778.986366856,FOLLOW,7.384444965863402,7.305216404265593,0.4115368282704661,0.0418391796560827,0.061318464818953304,0.03850535703034754,0.028513331059638852,-0.25963793212579456,0.842666361131305,inf,green,False,unknown,0,0.6279569644158097,0.013209685999981957,0.01130798400004096,0.010455271000068933,0.0,0.009999999999990905,-0.01100000000000989,-0.012000000000000455,0.5036759999939022,0.48023421755402257
108.2,779.086476082,FOLLOW,7.390705863371171,7.311476197558886,0.4114194308382212,0.06223355291018778,0.060601269488179066,-0.007753311023030311,0.028094509022679723,-0.2671830134838493,0.842336199959795,inf,green,False,unknown,0,-0.12793974595767632,0.0337015559999827,0.0038601410000183023,0.0014270789999955014,0.0,0.04200000000000159,-0.01099999999999568,-0.013999999999995794,0.3097050000633317,0.48023421755402257
108.4,779.286215696,FOLLOW,7.4006372140883885,7.3214062951272725,0.41126170134897294,0.04555777870537061,0.046511011193938294,0.020407121239973448,0.01983042160675419,-0.28329588552829,0.6620996370953808,inf,green,False,unknown,0,0.4387589243089403,0.03233794000004764,0.10191501300005257,0.02321091700002853,0.0,0.04200000000000159,0.08899999999999864,0.016000000000005343,0.44635300002937583,0.48023421755402257
108.6,779.488426311,FOLLOW,7.4119374353363146,7.332705790955295,0.41113530762068196,0.06453562792179027,0.06334378746736802,0.018624949003947795,0.01325717059399295,-0.25715200167414737,0.8672186818292221,inf,green,False,unknown,0,0.29402960808970513,0.09816225099996245,0.09582821000003605,0.022548266000057993,0.0,0.10999999999999943,0.08899999999999864,0.012000000000000455,0.4601589999992939,0.48023421755402257
108.7,779.586271863,FOLLOW,7.418489530882434,7.339257696857293,0.4110855693517382,0.06423221784137335,0.061952331498817834,0.01665607022205855,0.01211812542249735,-0.2662345099065149,0.8598912752850176,inf,green,False,unknown,0,0.26885300067159507,0.02843231199994989,0.0940667620000113,0.016225951000023997,0.0,0.043000000000006366,0.08899999999999864,0.010000000000005116,0.5450610000252709,0.48023421755402257
108.9,779.836317154,FOLLOW,7.432525826669248,7.353293836447358,0.4110223602137703,0.054338329858070036,0.05213859544302671,0.0020671251743317747,0.0017841662618992143,-0.3085419869182978,0.7696330002152386,inf,green,False,unknown,0,0.039646736870589075,0.012294205999978658,0.036083785999949214,0.01651220399992326,0.0,-0.024999999999991473,-0.01099999999999568,-0.027999999999991587,11.316329999999653,0.48023421755402257
109.1,780.036150292,FOLLOW,7.443385793331326,7.3641537747937935,0.4109975902811266,0.053004520478204684,0.051517359321877294,0.002030644191371305,0.0017738134182006121,-0.3162904956218518,0.7687790592040941,inf,green,False,unknown,0,0.03941669794610327,0.10931265299996085,0.02890681400003814,0.0036516139999775987,0.0,0.0759999999999934,-0.01100000000000989,-0.03200000000001069,0.3680339999618809,0.48023421755402257
109.2,780.136761473,FOLLOW,7.446948646133994,7.367716620279492,0.41099037041433933,0.0523832082641996,0.05022215823629853,0.0024996466110599603,0.0022398553099155505,-0.3255234655724533,0.759111547752655,inf,green,False,unknown,0,0.049771787968548864,0.0673336529999915,0.02219704999993155,0.03209237399994436,0.0,0.04200000000000159,-0.01099999999999568,0.0,0.8496530000456914,0.48023421755402257
109.4,780.336968801,FOLLOW,7.457714508988173,7.378482468068339,0.4109725589636638,0.0615630532942343,0.06024924357770376,-0.026751726308869163,-0.020189219381558477,-0.1666107450394774,0.7112055998255766,0.77,green,False,unknown,0,-0.4440176294390704,0.05728761500006385,0.01848099699998329,0.025206328999956895,0.0,0.04100000000001103,-0.01099999999999568,-0.003999999999990678,0.5043070000283478,0.48023421755402257
109.6,780.536427471,FOLLOW,7.47163835473027,7.39240623981169,0.41092980021553094,0.07572743554011994,0.06453114515517092,-0.005064742515366354,-0.032559586129883626,0.16262097454987437,0.7563869953337847,inf,green,False,unknown,0,-0.0784852415556508,0.024234645999968052,0.012101323000024422,0.01572503600004893,0.0,0.009999999999990905,-0.01100000000000989,-0.008000000000009777,16.472943999929157,0.48023421755402257
109.7,780.636540124,FOLLOW,7.478633600287221,7.399401372984912,0.4108902438409183,0.06539087660055651,0.06297834796088235,-0.03148917398044109,-0.033249196819948444,0.17052816424548972,0.7485608593611645,0.69,green,False,unknown,0,-0.49999999999999867,0.014218862999996418,0.00562460599996939,0.007361746000015046,0.0,0.010000000000005116,-0.01099999999999568,-0.009999999999990905,17.540760999963823,0.48023421755402257
109.9,780.83653456,FOLLOW,7.489535870773933,7.410303366551065,0.41081400103647614,0.06379881825878785,0.062137261958442935,-0.045486980275570944,-0.03334888234704509,0.17604506470267622,0.7457054809437168,0.66,green,False,unknown,0,-0.7320403062817991,0.028724158000045463,0.09548400699998183,0.02537566399996649,0.0,0.04200000000000159,0.08899999999999864,0.020000000000010232,0.4675899999710964,0.48023421755402257
110.1,781.086560872,FOLLOW,7.504447070476409,7.425213052456407,0.4106040227241201,0.061887707417776265,0.05979654609044787,-0.029898273045223855,-0.03302960074771763,0.19807229788466,0.7450553692891697,0.67,green,False,unknown,0,-0.49999999999999867,0.028753682999990815,0.0282645559999537,0.02734601199995268,0.0,0.009999999999990905,-0.01100000000000989,-0.018000000000000682,3.4640880001006735,0.48023421755402257
110.2,781.188725003,FOLLOW,7.510633489970237,7.431398557945043,0.41049775551447243,0.06061916462515594,0.05921230595817349,-0.0015583583321960883,-0.033440136085640795,0.20236064764536732,0.7430658951154381,inf,green,False,unknown,0,-0.026318149698423915,0.031609563999950296,0.03090960399993037,0.022696790999930272,0.0,0.010000000000005116,-0.01099999999999568,-0.01999999999999602,16.056894000030297,0.48023421755402257
110.4,781.386596916,FOLLOW,7.5229236198497755,7.443686077118875,0.41024471938211393,0.060035378190496376,0.058069194007840025,-0.029034597003919936,-0.03373807339980267,0.21266090035461843,0.7411817642439642,0.65,green,False,unknown,0,-0.49999999999999867,0.05826028800004224,0.021934154000064154,0.008749892000082582,0.0,0.043000000000006366,-0.01099999999999568,-0.02400000000000091,2.7608550000195464,0.48023421755402257
110.6,781.586628774,FOLLOW,7.533184619233365,7.4539438232718,0.40998676432199516,0.06646834017238337,0.06458673658499454,0.006444605277223999,-0.022550916956769418,0.21438063547433422,0.826684172214633,inf,green,False,unknown,0,0.09978217847782196,0.017860458999962248,0.014688763999970433,0.03306025699998827,0.0,0.009999999999990905,-0.01100000000000989,0.006000000000000227,17.057507999993504,0.48023421755402257
110.7,781.686498234,FOLLOW,7.5399306853584465,7.46068703226034,0.4097904972565493,0.06545494331080444,0.06458673658499454,-0.032184588795524625,-0.022550916956769418,0.21438063547433422,0.826684172214633,0.65,green,False,unknown,0,-0.498315761056769,0.0438676740000119,0.006650993000107519,0.026899289000084536,0.0,0.043000000000006366,-0.01099999999999568,0.0040000000000048885,0.508318999891344,0.48023421755402257
110.9,781.886669019,FOLLOW,7.554160126180354,7.4749101184513185,0.4093653913084012,0.07519172947412703,0.06734895792220612,-0.028111408042308487,-0.01885718079096499,0.20730321811829977,0.8521091433972863,0.71,green,False,unknown,0,-0.4173993022249817,0.10106145400004607,0.0988978740000448,0.0016105790000437992,0.0,0.10999999999999943,0.08899999999999864,0.0,19.134444999963307,0.48023421755402257
111.1,782.186866861,FOLLOW,7.5693217380004505,7.490064744015324,0.40890531287399223,0.05665739107133372,0.06261971037274573,0.017206485526253062,-0.01684698826974383,0.290082341750254,0.9002657577863968,inf,green,False,unknown,0,0.2747774690082553,0.02952160500001355,0.035428518999992775,0.005637746000047628,0.0,0.009000000000000341,-0.01100000000000989,-0.038000000000010914,20.75597700002163,0.48023421755402257
111.2,782.287279493,FOLLOW,7.573282372267073,7.494023270367129,0.4087761124461811,0.05996988717856713,0.04746527337895141,-0.01694334120353487,-0.01610964974143332,0.291512274932791,0.6838087328038653,0.73,green,False,unknown,0,-0.356962890917393,0.026221134000024904,0.025339491000067937,0.033255108000048494,0.0,0.010000000000005116,-0.01099999999999568,-0.006000000000000227,14.309348999972826,0.48023421755402257
111.4,782.486172653,FOLLOW,7.584035678750769,7.504770913259479,0.4084272273135434,0.04830570253023435,0.03792134253072958,0.05079569983109292,0.06292990176086244,-0.36606528502704644,0.605213001550242,0.85,green,False,unknown,0,1.339501622072863,0.0011404860000538974,0.004336048000027404,0.007439962000034939,0.0,0.010000000000005116,-0.012000000000000455,-0.009999999999990905,0.4442709999921135,0.48023421755402257
111.6,782.686266326,FOLLOW,7.590489242230378,7.5112215390139285,0.4082329574954452,0.03930400480734287,0.09568286859296116,0.01745682250654137,0.008216164909659672,0.09045504849239831,0.9776697074094279,inf,green,False,unknown,0,0.1824445981109054,0.030225348000044505,0.10271106900006544,0.029178260999970007,0.0,0.04099999999999682,0.08799999999999386,0.01999999999999602,11.97934799995437,0.48023421755402257
111.7,782.787451035,FOLLOW,7.596023046809435,7.516752912780963,0.4080689953609058,0.07329740252921153,0.08440811700948868,0.02055842118142005,0.004140600917041999,0.13644249949409523,0.9433354430450034,inf,green,False,unknown,0,0.2435597654560756,0.028821859000004224,0.0874892719999707,0.026452650999999605,0.0,0.043000000000006366,0.08800000000000807,0.018000000000000682,13.472482999986823,0.48023421755402257
111.9,783.036328171,FOLLOW,7.617086151941492,7.537807173834061,0.40745897255678526,0.0885114202748626,0.08763594375286746,0.010341763597116431,0.0053120358206141735,0.12299693147500473,0.9548610347847039,inf,green,False,unknown,0,0.11800824130199486,0.027119003000052544,0.026324473000045145,0.017392169999993712,0.0,0.009000000000000341,-0.012000000000000455,-0.01999999999999602,0.8489040000085879,0.48023421755402257
112.1,783.236756935,FOLLOW,7.629276283140085,7.549992920847969,0.40713216623880477,0.04188058109858223,0.020994728664194367,-0.010497364332097156,-0.06489155887174802,0.7773168502821558,0.514946829655371,0.65,green,False,unknown,0,-0.49999999999999867,0.0006383150000601745,0.01419441400003052,0.029631683000047815,0.0,0.009999999999990905,-0.012000000000000455,0.009999999999990905,2.863388000037048,0.48023421755402257
112.2,783.336197946,FOLLOW,7.632170523269484,7.552886341146183,0.4070632855535937,0.021843838394184988,0.052252320254250785,-0.026126160127125323,-0.03255266538659856,-0.12466591339279925,0.5711460694393656,0.65,green,False,unknown,0,-0.49999999999999867,0.0012153220000072906,0.11363542499998402,0.02132383499997559,0.0,0.010000000000005116,0.08800000000000807,0.008000000000009777,16.550434999999197,0.48023421755402257
112.4,783.586562676,FOLLOW,7.6437207359908745,7.564432501590723,0.40675779456662225,0.06602155089681193,0.052571787607442265,-0.02102871504297683,-0.032652627147842735,-0.12131254691251606,0.5709652602787412,0.7,green,False,unknown,0,-0.3999999999999986,0.0005163679999213855,0.027930008999987876,0.015745511999966766,0.0,-0.022999999999996135,-0.012000000000000455,-0.030000000000001137,1.7526810000845217,0.48023421755402257
112.6,783.787330686,FOLLOW,7.654513940911971,7.5752204417738405,0.4064209688286234,0.053890294836245474,0.05374737590313864,-0.02149895036125538,-0.032272830131755956,-0.11168128724981882,0.5729484685087057,0.6799999999999999,green,False,unknown,0,-0.3999999999999986,0.019993829999975787,0.023238489000050322,0.0050189700000373705,0.0,0.009999999999990905,-0.012000000000000455,-0.034000000000006025,18.61688700000741,0.48023421755402257
112.7,783.886737129,FOLLOW,7.658201047064396,7.578905412262871,0.4062954996360088,0.05458027450583573,0.05374737590313864,-0.02149895036125538,-0.032272830131755956,-0.11168128724981882,0.5729484685087057,0.7,green,False,unknown,0,-0.3999999999999986,0.052243052999983774,0.019818643000007796,0.03349098800003958,0.0,0.04200000000000159,-0.012000000000000455,-0.001999999999995339,2.775369000005412,0.48023421755402257
112.9,784.086585789,FOLLOW,7.669303528901174,7.590000347204115,0.4058864140507458,0.05436797065327277,0.05435993528530391,-0.032615961171182276,-0.03214231740677459,-0.10738629082930648,0.574614290294406,0.73,green,False,unknown,0,-0.5999999999999988,0.005337478000001283,0.0076113879999866185,0.014320855999926607,0.0,0.010000000000005116,-0.012000000000000455,-0.006000000000000227,2.248595000082787,0.48023421755402257
113.1,784.286069072,FOLLOW,7.67860790970853,7.599296752384183,0.40550149907765376,0.05446497693162694,0.05537092338659073,-0.02512687281406005,-0.031548107563821745,-0.09892645071061565,0.5755420474550237,inf,green,False,unknown,0,-0.4537918329197499,0.021615590999999768,0.09330233499997576,0.021005666000064593,0.0,0.042999999999992156,0.08799999999999386,0.02400000000000091,15.070621999939249,0.48023421755402257
113.2,784.386109515,FOLLOW,7.684200171874706,7.604883294280504,0.40524865032715573,0.055582610567759705,0.055523135395773075,-0.02220925415830915,-0.030988769185108334,-0.09702325466853859,0.574922697162689,0.6799999999999999,green,False,unknown,0,-0.3999999999999986,0.023636782000039602,0.08362597800010008,0.022241965000034725,0.0,0.043000000000006366,0.08800000000000807,0.02200000000000557,16.539790999900106,0.48023421755402257
113.4,784.636416801,FOLLOW,7.69744740622359,7.618114688259303,0.4046012801715556,0.05578275056449086,0.057757838265226964,-0.017327351479568,-0.028927936287481873,-0.08249409966731289,0.5805795035939783,0.72,green,False,unknown,0,-0.2999999999999985,0.032957730000021,0.027543903000037062,0.022593626000002587,0.0,0.010000000000005116,-0.012000000000000455,-0.015999999999991132,14.854620000051,0.48023421755402257
113.6,784.836390476,FOLLOW,7.707181558910803,7.62783537009953,0.4040894109899131,0.05935016168522206,0.059350655996228165,-0.01780519679886836,-0.027800390481282515,-0.0717543558029451,0.5833110517913088,0.69,green,False,unknown,0,-0.2999999999999985,0.013644023999972887,0.004809178000073189,0.04102678300000662,0.0,0.009999999999990905,-0.012000000000000455,0.013999999999995794,3.5235069999544066,0.48023421755402257
113.7,784.936094991,FOLLOW,7.713235276086308,7.63387994997801,0.40375693993345124,0.059350212220884595,0.045009073586028625,-0.01350272207580852,-0.022132995944005723,0.40209588243648603,0.7521165124090494,0.71,green,False,unknown,0,-0.2999999999999985,0.0058703610000065964,0.001814655999964998,0.02686282399997708,0.0,0.010000000000005116,-0.012000000000000455,0.012000000000000455,2.827969000009034,0.48023421755402257
113.9,785.136534018,FOLLOW,7.722904176712008,7.6435328855190585,0.40320159292157465,0.07102563167883823,0.07104144518945102,-0.021312433556835198,-0.019975367486372318,-0.07657575945802537,0.7053464727949648,0.71,green,False,unknown,0,-0.2999999999999985,0.031951799000012215,0.08589500000005046,0.017926407000004474,0.0,0.043000000000006366,0.08800000000000807,0.008000000000009777,3.251049000027706,0.48023421755402257
114.1,785.336239977,FOLLOW,7.737662429771839,7.658263544015445,0.4022997263083833,0.07368416129699573,0.0919049142278464,-0.03339471381117393,-0.016400136270312646,-0.048653334830904164,0.8590301303264897,0.76,green,False,unknown,0,-0.3633615687664243,0.022529680000047847,0.08918581800003267,0.007873603999996703,0.0,0.042999999999992156,0.08799999999999386,0.003999999999990678,22.67554200000177,0.48023421755402257
114.2,785.486393672,FOLLOW,7.7494252762890445,7.670001088985454,0.401528717541741,0.09188568996208675,0.035067712257618185,-0.007013542451523581,-0.02424103493361407,0.4681808060130142,0.6342732227677378,0.69,green,False,unknown,0,-0.1999999999999984,0.02890188300000318,0.028114469999991343,0.011162358999968092,0.0,0.009000000000000341,-0.012000000000000455,-0.031999999999996476,4.923491999988983,0.48023421755402257
114.4,785.686461219,FOLLOW,7.7561422428055335,7.6767022820099236,0.4010686753440089,0.034766230263649944,0.03464249985336326,-0.006928499970672597,-0.02166331491577561,0.4853706075137,0.6389885654367812,0.74,green,False,unknown,0,-0.1999999999999984,0.025622112999940327,0.02174149299992223,0.03006025000001955,0.0,0.010000000000005116,-0.012000000000000455,-0.001999999999995339,5.997859999979482,0.48023421755402257
114.6,785.886401438,FOLLOW,7.764374790018542,7.684914383588211,0.40048884355317166,0.06972396744086694,0.09413424852007916,-0.010599857422805066,-0.005068609469414806,-0.030414624520022623,0.8440991089842578,inf,green,False,unknown,0,-0.11260362290504798,0.006657377000010456,0.009491502000059882,0.016263627000057568,0.0,0.009000000000000341,-0.012000000000000455,-0.006000000000000227,17.349539999941044,0.48023421755402257
114.7,785.986622814,FOLLOW,7.774341684440928,7.694855617729773,0.39977411608786645,0.09413782935300895,0.054191485312404974,0.008942176678469808,0.007430037702410033,0.2753979529183372,0.7625170467833845,inf,green,False,unknown,0,0.16501073234881153,0.011292367999999442,0.010867626000049313,0.014058478000038122,0.0,0.010000000000005116,-0.012000000000000455,-0.007999999999995566,16.300245999900653,0.48023421755402257
114.9,786.186539146,FOLLOW,7.785372789873222,7.70585749702947,0.3989716620643085,0.05422161326999175,0.1,-0.003474392545267819,-0.0015635191127318993,-0.00679013420293133,0.9514883393872657,inf,green,False,unknown,0,-0.03474392545267819,0.02946649599994089,0.1045167049999236,0.03087855599994782,0.0,0.043000000000006366,0.08800000000000807,0.02200000000000557,1.0192409999945085,0.48023421755402257
115.1,786.386642621,FOLLOW,7.802642069958368,7.723082057378718,0.39772966908438173,0.06553719274655065,0.04906531257749311,0.0032003378586923977,0.0029354544903434643,0.39815403464768984,0.8158682748953369,inf,green,False,unknown,0,0.06522607705062158,0.028118231000007654,0.08708113699992737,0.024766343999999663,0.0,0.042999999999992156,0.08799999999999386,0.018000000000000682,17.749446000038915,0.48023421755402257
115.2,786.536251356,FOLLOW,7.809681682664395,7.730103473956838,0.39722384839392016,0.049087704391433555,0.04960009019679028,0.004651230068553668,0.004220693578417062,0.39604665859439375,0.8225830430653218,inf,green,False,unknown,0,0.09377462924159478,0.002766467000014927,0.03104964299996027,0.029958031999967716,0.0,-0.02400000000000091,-0.012000000000000455,-0.018000000000000682,0.5766689999973096,0.48023421755402257
115.4,786.736794975,FOLLOW,7.821080571283229,7.741473520708566,0.39641348608401483,0.08833821841794513,0.05561264078145038,0.009130254502834917,0.007392400721237341,0.26382565386539003,0.7691062006234866,inf,green,False,unknown,0,0.1641758847366284,0.03147244199999477,0.024895711999988634,0.01547607399993467,0.0,0.010000000000005116,-0.012999999999991019,-0.02199999999999136,14.282908000041061,0.48023421755402257
115.6,786.936102765,FOLLOW,7.83433440593103,7.7546950714056715,0.39548899567568413,0.05564302125868116,0.05637299236242004,0.013680879231550798,0.010935334988739623,0.3114551005625317,0.8355594364628414,inf,green,False,unknown,0,0.24268499255098774,0.059391444999960186,0.018738802000029864,0.005114869999943039,0.0,0.04199999999998738,-0.012000000000000455,-0.02600000000001046,0.49176400000305875,0.48023421755402257
115.7,787.03639504,FOLLOW,7.840350853947288,7.760697578698979,0.3950796718247733,0.06446617528977813,0.06441713528251546,0.023511612673572938,0.016474080015970345,0.2288631833476734,0.843949265747925,inf,green,False,unknown,0,0.364990038294277,0.020391902000028495,0.017391706000012164,0.0021700869999676797,0.0,0.010000000000005116,-0.012000000000000455,-0.027999999999991587,0.4863719999548266,0.48023421755402257
115.9,787.236612277,FOLLOW,7.8512776502835475,7.771601091544247,0.39436681772485854,0.06346459710769525,0.06343700683343301,0.006020755585866014,0.004271779968478828,0.22461125560494294,0.8254889268760404,inf,green,False,unknown,0,0.09490920026656922,0.07891969299998891,0.002421377999894503,0.016392827000004218,0.0,0.07600000000000762,-0.012000000000000455,0.0020000000000095497,0.8484500000349726,0.48023421755402257
116.1,787.436056022,FOLLOW,7.864064613132449,7.7843628165853795,0.39356390831540744,0.06188163212847816,0.07040447037378744,0.03151951807779778,0.020237820419659464,0.18523903972076505,0.8584050965334253,inf,green,False,unknown,0,0.4476919989662039,0.005358395000030214,0.0011435740000251826,0.01095785600000454,0.0,0.009999999999990905,-0.012000000000000455,-0.0020000000000095497,10.919862000037028,0.48023421755402257
116.2,787.536748704,FOLLOW,7.870949295033667,7.791235339964262,0.3931549620674629,0.07046599854044505,0.06790687079446499,0.028071309045462962,0.018674155694015593,0.17272084271593802,0.8102433389085064,inf,green,False,unknown,0,0.41337951104280635,0.03432618800002274,0.10183625600006962,0.003907729000047766,0.0,0.043000000000006366,0.08800000000000807,-0.003999999999990678,10.660478999966472,0.48023421755402257
116.4,787.786277257,FOLLOW,7.887265046920489,7.807526810547652,0.3922657326117637,0.0687692467866776,0.06871507612318195,0.032949497954306704,0.02169070665748163,0.22652516808815665,0.8969109295472303,inf,green,False,unknown,0,0.4795090075319112,0.03804374500009544,0.0374047980000114,0.005898221000052217,0.0,0.010000000000005116,-0.012000000000000455,-0.04199999999998738,0.5635589999428703,0.48023421755402257
116.6,787.994980965,FOLLOW,7.899495868568451,7.819743538405899,0.3916791332688576,0.07686344240574461,0.07849248636236389,0.042371948418252266,0.02445337500243715,0.13760749982912493,0.8791281114300445,inf,green,False,unknown,0,0.5398217126495441,0.039268810999942616,0.03867123999998512,0.03792795799995474,0.0,0.009000000000000341,-0.012000000000000455,-0.012000000000000455,21.352635000084774,0.48023421755402257
116.7,788.08676866,FOLLOW,7.9073914895888056,7.827632022989273,0.3913436438117978,0.07856118802394582,0.07849248636236389,0.042371948418252266,0.02445337500243715,0.13760749982912493,0.8791281114300445,inf,green,False,unknown,0,0.5398217126495441,0.019181006999929195,0.01840925299995888,0.016201937000005273,0.0,0.010000000000005116,-0.012000000000000455,-0.013999999999995794,0.8632510000552429,0.48023421755402257
116.9,788.286393669,FOLLOW,7.923387340915794,7.843617407991925,0.39076639014474673,0.07825710734514861,0.07875613147837293,0.03980124445175967,0.022874008349672275,0.12987813325678585,0.8693989985476299,inf,green,False,unknown,0,0.5053732795736597,0.018039112999986173,0.007264491000000817,0.0023711619999176037,0.0,0.010000000000005116,-0.012999999999991019,-0.018000000000000682,13.40833200003999,0.48023421755402257
117.1,788.486223615,FOLLOW,7.936606203718277,7.856830888663215,0.39038999754705483,0.07389275101527992,0.07383874490906113,0.02950107746427534,0.018044064669813058,0.17838359596747175,0.8897316417130755,inf,green,False,unknown,0,0.3995338423020123,0.01660781800001132,0.0040915260000247144,0.03069310699993366,0.0,0.007999999999995566,-0.01300000000000523,0.012000000000000455,0.6187530000261177,0.48023421755402257
117.2,788.586769145,FOLLOW,7.944143234409302,7.864365757607622,0.3902095957795218,0.07389262220096258,0.06435681289467497,0.018406698595134986,0.012894230761818296,0.2786573340101251,0.9099213138435116,inf,green,False,unknown,0,0.2860101016074088,0.008139446999962274,0.1046370560000014,0.02623062099996787,0.0,0.010000000000005116,0.0870000000000033,0.010000000000005116,0.8091540000805253,0.48023421755402257
117.4,788.786026137,FOLLOW,7.9570715708455335,7.877291195456254,0.38993612788314286,0.06488557118731961,0.06467372405011476,0.01778762245697419,0.012397771168947927,0.272366291997439,0.9059256672758595,inf,green,False,unknown,0,0.2750363106227007,0.02486762900002759,0.09181649300001027,0.00814758299998175,0.0,0.04200000000000159,0.08800000000000807,0.006000000000000227,0.6486170000243874,0.48023421755402257
117.6,789.036461884,FOLLOW,7.973515094113082,7.893732314736823,0.38965597714344213,0.07518757235838935,0.07594278090271125,0.02552151187287084,0.01516143237319563,0.16388366643211227,0.8921436194681547,inf,green,False,unknown,0,0.3360623823555517,0.010025439000060032,0.032255283000040436,0.009170966000056069,0.0,-0.023000000000010346,-0.012000000000000455,-0.03200000000001069,22.526509000044825,0.48023421755402257
117.7,789.136765555,FOLLOW,7.981237942114087,7.901454506316129,0.38955543405154536,0.07599271779825717,0.07059697598095944,0.0195996820281079,0.01251499202815038,0.16424915951252622,0.8298809241954661,inf,green,False,unknown,0,0.2776277844166312,0.004565998999964904,0.025163237000015215,0.002965974000062488,0.0,-0.022999999999996135,-0.012000000000000455,-0.033999999999991815,13.367704999950547,0.48023421755402257
117.9,789.336700139,FOLLOW,7.993435599375785,7.91365155544383,0.38943420153762187,0.07063916994154919,0.0729473209009159,0.02001404865142553,0.012367318748339323,0.1458723752015606,0.8295818192661127,inf,green,False,unknown,0,0.27436303902936404,0.06582186699995418,0.01904793400001381,0.02706960299997263,0.0,0.043000000000006366,-0.012000000000000455,-0.003999999999990678,0.6831169999941267,0.48023421755402257
118.1,789.537296237,FOLLOW,8.007843049348844,7.92805870607355,0.38934257439550835,0.06580531366213438,0.06635973385749563,0.013851568922296201,0.009402280940177601,0.24856557667500032,0.8966383136934626,inf,green,False,unknown,0,0.2087345460432645,0.028929891999950996,0.014492035999978725,0.01806871099995533,0.0,0.009999999999990905,-0.012000000000000455,-0.008000000000009777,17.09589900008268,0.48023421755402257
118.2,789.636369062,FOLLOW,8.014574459379208,7.934790063798763,0.38931616517557055,0.06639439922791912,0.06635973385749563,0.013851568922296201,0.009402280940177601,0.24856557667500032,0.8966383136934626,inf,green,False,unknown,0,0.2087345460432645,0.025752036999961092,0.016034445999935087,0.018156631000010748,0.0,0.010000000000005116,-0.012000000000000455,-0.009999999999990905,1.328640999986419,0.48023421755402257
118.4,789.837487026,FOLLOW,8.030880567658429,7.951096140607161,0.38930545649553716,0.09101130837227077,0.06411123696835615,0.011014911603880607,0.007736563685071585,0.26961611741557695,0.8943732829470967,inf,green,False,unknown,0,0.17180937577787367,0.025010278999957336,0.01355503399997815,0.012434051000013824,0.0,0.009000000000000341,-0.012000000000000455,-0.013999999999995794,3.083651999986614,0.48023421755402257
118.6,790.036264329,FOLLOW,8.042612654725968,7.96282813492115,0.389351330477253,0.08868771814680376,0.08369724491729162,0.027246483814587736,0.014684226523335203,-0.059639323582010566,0.8014696883221206,inf,green,False,unknown,0,0.3255362090055928,0.012561931000050208,0.002540394999982709,0.03166793499997311,0.0,0.009000000000000341,-0.012000000000000455,0.015999999999991132,22.30400300004476,0.48023421755402257
118.7,790.136512738,FOLLOW,8.051510129834382,7.971725362451362,0.38941717590615677,0.08375115715126523,0.08047100269713685,0.03175006419496367,0.0178175067378966,-0.08856110828814649,0.8190625471410752,inf,green,False,unknown,0,0.39455285917660543,0.011474909999947158,0.1027888039999425,0.02615676599998551,0.0,0.009000000000000341,0.08800000000000807,0.013999999999995794,11.62063300000682,0.48023421755402257
118.9,790.336644313,FOLLOW,8.068161451886684,7.9883754753121865,0.38961570143975316,0.08053092499589107,0.08302167360389215,0.030552069337154666,0.016610819966780366,-0.05654144406127591,0.7896423907396841,inf,green,False,unknown,0,0.36800112562079634,0.01098228000000745,0.09850800399999571,0.02051489199993739,0.0,0.009000000000000341,0.08800000000000807,0.010000000000005116,0.608549000048697,0.48023421755402257
119.1,790.536175983,FOLLOW,8.084957696715415,8.005168943715937,0.3899197628475464,0.08160226821767949,0.06253401737417383,0.0020943814958473295,0.001507172416492994,-0.2757573556000879,0.8803712961629513,inf,green,False,unknown,0,0.03349187504323521,0.001227092000021912,0.09547174400006497,0.008040312000048289,0.0,0.009000000000000341,0.08799999999999386,0.006000000000000227,12.227279999933671,0.48023421755402257
119.2,790.636546441,FOLLOW,8.092249673089011,8.012459154284945,0.3900802022181417,0.06255454502582898,0.08522800424307114,-0.013929953415316058,-0.007359378358454374,0.08533202567268845,0.8617474988193792,inf,green,False,unknown,0,-0.16344338388574356,0.0042978559999937715,0.08737193599995408,0.005863673999897401,0.0,0.010000000000005116,0.08800000000000807,0.0040000000000048885,13.721968000027118,0.48023421755402257
119.4,790.886149946,FOLLOW,8.11191467241084,8.0321195137931,0.39050709452339566,0.08471657970381367,0.08457238126488968,-0.01382748263278617,-0.007361876475023486,0.08769851034194572,0.859288007478287,0.88,green,False,unknown,0,-0.16349879743219037,0.012802368000052411,0.03297847400006049,0.00899339099998997,0.0,-0.022999999999996135,-0.012000000000000455,-0.033999999999991815,0.6753749999006686,0.48023421755402257
119.6,791.086443153,FOLLOW,8.129226966090231,8.049428715444567,0.3908340235897728,0.08546600649112111,0.08572914663237971,-0.011110175005598797,-0.00583403623784183,0.09611418641849921,0.8860717882057352,inf,green,False,unknown,0,-0.12959623934250744,0.007902811999997539,0.026785835000055158,0.0014675950000082594,0.0,-0.023000000000010346,-0.012000000000000455,-0.038000000000010914,10.778299999969931,0.48023421755402257
119.7,791.186014824,FOLLOW,8.13504733045423,8.05524821111022,0.39093457386362224,0.08573139941663105,0.08572914663237971,-0.011110175005598797,-0.00583403623784183,0.09611418641849921,0.8860717882057352,inf,green,False,unknown,0,-0.12959623934250744,0.0019608970000035697,0.023679807000007713,0.030288352000070518,0.0,-0.022999999999996135,-0.012000000000000455,-0.006000000000000227,0.9457999999540334,0.48023421755402257
119.9,791.386428171,FOLLOW,8.152468117657335,8.072666815778543,0.3912101161576252,0.08505203868676109,0.08346172108527697,-0.005657586509935304,-0.003050712551603829,0.10544746250060366,0.8788648987184663,inf,green,False,unknown,0,-0.06778660248516405,0.030511230999991312,0.017287676000023566,0.019566289000067627,0.0,0.009000000000000341,-0.012000000000000455,-0.009999999999990905,10.291280999922492,0.48023421755402257
120.1,791.586495485,FOLLOW,8.169552081160287,8.08974909442327,0.39144997430421824,0.08347195141665041,0.0817655132172991,0.002762501537791446,0.0015203935889805571,0.09469962726511928,0.8426951856612301,inf,green,False,unknown,0,0.033785656435004,0.032166107999955784,0.01829807299998265,0.01656472299998768,0.0,0.009999999999990905,-0.012000000000000455,-0.014000000000010004,0.6390309999915189,0.48023421755402257
120.2,791.687871637,FOLLOW,8.177896442024391,8.098092681958567,0.3915635736527742,0.08178729741806612,0.08544026314529593,-0.0022755380890965553,-0.001198508110296207,0.10216601461692794,0.8938582589894759,inf,green,False,unknown,0,-0.026633088491626905,0.026731238999900597,0.013839026999903581,0.009814875999950345,0.0,0.010000000000005116,-0.012000000000000455,-0.015999999999991132,0.576882000018486,0.48023421755402257
120.4,791.886187315,FOLLOW,8.195350908265258,8.115545546054967,0.39180005108833577,0.08571622908026327,0.08627003528116636,0.007155122241512485,0.003732818113596121,0.08491227258857044,0.8715291430101362,inf,green,False,unknown,0,0.08293867294933774,0.02222474100005911,0.009565478000013172,0.002444970000055946,0.0,0.009000000000000341,-0.012000000000000455,-0.01999999999999602,13.505086000009214,0.48023421755402257
120.6,792.086406666,FOLLOW,8.210000840294589,8.130194115728525,0.3919997885536994,0.08629764776757108,0.08965738142063573,0.010648734425312584,0.005346411348009013,0.07578163256162251,0.8886944854897949,inf,green,False,unknown,0,0.11877141911331407,0.019256056000017452,0.006412174000047344,0.029372799000043415,0.0,0.009000000000000341,-0.012000000000000455,0.009999999999990905,0.5866409999271127,0.48023421755402257
120.7,792.186288763,FOLLOW,8.219144794766416,8.139337076870111,0.3921345410181004,0.0896903308161052,0.09037997226858395,0.010534917246391582,0.005246917852423469,0.07113696667084693,0.8871113746336647,inf,green,False,unknown,0,0.11656251912851621,0.017009584999982508,0.0032059180000487686,0.01992484200002309,0.0,0.010000000000005116,-0.012000000000000455,0.008000000000009777,0.4760719999694629,0.48023421755402257
120.9,792.38649377,FOLLOW,8.23760616266091,8.157795998847106,0.39243486271419165,0.09059202718817856,0.09986991557949633,0.026331712745033063,0.011883321027270428,0.029017316432016476,0.8926233994626573,inf,green,False,unknown,0,0.2636601081741483,0.0062039949999643795,0.09854273600001306,0.010397735999958968,0.0,0.010000000000005116,0.08800000000000807,0.0040000000000048885,0.6419869999945149,0.48023421755402257
121.1,792.586415656,FOLLOW,8.258034258459963,8.178220210264953,0.39283215747226846,0.0999507956784881,0.1,0.027922729263874468,0.012587348743118721,0.005686001720361012,0.9481738328358675,inf,green,False,unknown,0,0.27922729263874463,0.0056140379999760626,0.08868897399997877,0.003611279999972794,0.0,0.009000000000000341,0.08799999999999386,0.0,10.89621400001306,0.48023421755402257
121.2,792.736153727,FOLLOW,8.271638086058452,8.19182020591197,0.39315472345518593,0.10005589245779237,0.1,0.023638673425328775,0.010650810870039086,0.01116768059146252,0.9106800823570834,inf,green,False,unknown,0,0.23638673425328774,0.01802902500003256,0.0377684349999754,0.012725508000016816,0.0,-0.02400000000000091,-0.012000000000000455,-0.036000000000001364,0.7176369999797316,0.48023421755402257
121.4,792.936253555,FOLLOW,8.292048224978533,8.212222379532085,0.3937242681956327,0.10004700323453931,0.1,0.01998993886399583,0.009003574846802562,0.012655624028646296,0.9139145124676596,inf,green,False,unknown,0,0.19989938863995826,0.011232170999960545,0.030801601000007395,0.004499707000036324,0.0,-0.02400000000000091,-0.012000000000000455,-0.03999999999999204,0.6164440000020477,0.48023421755402257
121.6,793.136142552,FOLLOW,8.309055573378751,8.229221210592822,0.3942622549402931,0.10004045014595522,0.1,0.014362396882664821,0.006466081070947012,0.016491134324522348,0.9208733217271745,inf,green,False,unknown,0,0.14362396882664819,0.007329528000013852,0.02704408199997488,0.03009934700003214,0.0,-0.02400000000000091,-0.012000000000000455,-0.010000000000005116,0.5522609999388806,0.48023421755402257
121.7,793.236474659,FOLLOW,8.31925940669541,8.239419197368173,0.3946076001739843,0.10003727265970716,0.1,0.01122583033854754,0.005053056819486431,0.021406368432166402,0.9222396773522423,0.88,green,False,unknown,0,0.1122583033854754,0.0050031749999561725,0.02660854099997323,0.027030963000015618,0.0,-0.022999999999996135,-0.012000000000000455,-0.012000000000000455,11.089339000022846,0.48023421755402257
121.9,793.43629367,FOLLOW,8.339666534884786,8.259813154942236,0.39534051721874097,0.10003351722526062,0.1,0.006972215572900341,0.0031378402514225705,0.0317930449736078,0.9269802024114195,0.85,green,False,unknown,0,0.06972215572900341,0.027168908000021474,0.02358154800003831,0.020247599000072114,0.0,0.010000000000005116,-0.012000000000000455,-0.015999999999991132,0.68817199996829,0.48023421755402257
122.1,793.636109148,FOLLOW,8.360072034172006,8.280204086112581,0.39611141036117714,0.10002506584987014,0.098276344017123,0.0016744589375894809,0.0007667271826978551,0.05617029000973925,0.933973923987248,0.82,green,False,unknown,0,0.017038270545531635,0.027389660999915577,0.020875430999922173,0.013178852999999435,0.0,0.009999999999990905,-0.012000000000000455,-0.020000000000010232,14.331279000089125,0.48023421755402257
122.2,793.736178919,FOLLOW,8.370159409631187,8.290283978089551,0.3964998956481541,0.09829753770050358,0.09675733220854123,-0.0005754093376245715,-0.0002676121820063791,0.06506684139713348,0.9374713931716542,0.78,green,False,unknown,0,-0.0059469326457285,0.018243319000021074,0.012940340000000106,0.0033367740001040147,0.0,0.010000000000005116,-0.012999999999991019,-0.02199999999999136,13.117254999997385,0.48023421755402257
122.4,793.936133377,FOLLOW,8.386568603242434,8.306680904834021,0.3971342679003903,0.09382683350521089,0.09381141675605198,-0.002793991290659334,-0.001340264563348563,0.079321890180936,0.936788866667966,0.75,green,False,unknown,0,-0.0297830625234544,0.017054411999993135,0.011892411000076208,0.0322352130000354,0.0,0.010000000000005116,-0.012000000000000455,0.008000000000009777,0.6085730000222611,0.48023421755402257
122.6,794.136281057,FOLLOW,8.405485720801366,8.325584155881325,0.3978584391641079,0.0916066269895553,0.0889438320909872,-0.0048214871155264445,-0.002439531355774814,0.11057853115735246,0.9461002321775507,0.72,green,False,unknown,0,-0.05420822334925023,0.00783257099999446,0.004606640000019979,0.0203094980000742,0.0,0.009000000000000341,-0.012000000000000455,0.003999999999990678,11.223276999999143,0.48023421755402257
122.7,794.236410395,FOLLOW,8.414652832158309,8.334744748551069,0.39820408539941704,0.0889562786058142,0.09452315358435136,0.003654021260142688,0.0017396424014110602,0.04434159281582036,0.875011846284273,0.74,green,False,unknown,0,0.038657420130210556,0.005499002999954428,0.0017357120000269788,0.019478478999985782,0.0,0.010000000000005116,-0.012000000000000455,0.0020000000000095497,12.067576000049485,0.48023421755402257
122.9,794.43636037,FOLLOW,8.433742913920625,8.353821327337457,0.3989219642947027,0.09454676322844487,0.09149113509807504,0.0028032605816208024,0.0013788154526881806,0.06025872037256229,0.8772831826181925,0.74,green,False,unknown,0,0.030639696169643245,0.03138343000000532,0.09599635799997941,0.0005431350000435486,0.0,0.04200000000000159,0.08800000000000807,-0.001999999999995339,0.7803260000400769,0.48023421755402257
123.1,794.636250198,FOLLOW,8.449177152441894,8.369244287028605,0.3995119034473836,0.08763100883581024,0.08513502870111929,0.0022131773054755864,0.0011698415407242271,0.09098975337762512,0.8708422238699914,0.6799999999999999,green,False,unknown,0,0.025996083389427334,0.022997314000008373,0.0812648099999933,0.02856803299994226,0.0,0.042999999999992156,0.08799999999999386,0.027999999999991587,16.22528100006093,0.48023421755402257
123.2,794.786226449,FOLLOW,8.463825220239286,8.383881375285922,0.4000789432654989,0.08515611989830439,0.08740147176689415,0.00622193056916687,0.003203822571745632,0.09596457549787481,0.903084038390774,0.71,green,False,unknown,0,0.07118793818210745,0.005071062999945752,0.03586314400001811,0.0038243599999532307,0.0,-0.022999999999996135,-0.012000000000000455,-0.04200000000000159,11.468700000023091,0.48023421755402257
123.4,794.986432106,FOLLOW,8.478675060417693,8.398719711952864,0.4006633225853147,0.08948839129297312,0.09542329255537471,0.010774409941895524,0.005082486622501865,0.04501774535260831,0.8846887188982331,0.72,green,False,unknown,0,0.11291173940202356,0.0027916100000311417,0.02981771200006733,0.03009951500007446,0.0,-0.02400000000000091,-0.012000000000000455,-0.012000000000000455,10.433145999968474,0.48023421755402257
123.6,795.186182503,FOLLOW,8.497734517915015,8.417763256844143,0.4014419078630755,0.09545573561179774,0.08806904119667712,0.01059869999004654,0.0054173068563645645,0.06036106788844118,0.8446574552752791,0.7,green,False,unknown,0,0.12034535457672761,0.026113014000088697,0.023384660000033364,0.020299429000033342,0.0,0.007999999999995566,-0.012000000000000455,-0.016000000000005343,3.0457109999133536,0.48023421755402257
123.7,795.286736486,FOLLOW,8.506730138269738,8.426750766744433,0.40182380335992546,0.08810130538378892,0.08485720848606736,0.010696461104580368,0.00567439071377885,0.07741411204167986,0.844000600827324,0.69,green,False,unknown,0,0.1260524744499062,0.0258119950000264,0.022987467999996625,0.0167165660000137,0.0,0.010000000000005116,-0.012000000000000455,-0.018000000000000682,12.84307200000967,0.48023421755402257
123.9,795.486157263,FOLLOW,8.52416099462631,8.44416466555588,0.4025924129521037,0.08488986909840503,0.08773910743792274,0.009821420043617428,0.00503867191076183,0.04883810595536425,0.8204303083469053,0.6799999999999999,green,False,unknown,0,0.11193890991615443,0.01992883000002621,0.014817396000012195,0.006086621999997988,0.0,0.010000000000005116,-0.012000000000000455,-0.02199999999999136,0.581738000050791,0.48023421755402257
124.1,795.686421348,FOLLOW,8.539017240430946,8.45900498845966,0.4032800144103934,0.08589336235973866,0.058505517325481,0.011701103465096315,-0.0018232793001233955,0.37332741133799024,0.9425816721313368,0.67,green,False,unknown,0,0.20000000000000195,0.01541306199999326,0.012664939999922353,0.03295369399995707,0.0,0.009000000000000341,-0.012000000000000455,0.007999999999995566,25.085872000090603,0.48023421755402257
124.2,795.786105953,FOLLOW,8.54739461427555,8.46737282010885,0.4036797385391219,0.07415743004141687,0.058505517325481,0.011701103465096315,-0.0018232793001233955,0.37332741133799024,0.9425816721313368,0.67,green,False,unknown,0,0.20000000000000195,0.00883017099999961,0.006425294999985454,0.026472449999914716,0.0,0.010000000000005116,-0.012000000000000455,0.006000000000000227,5.179880000014236,0.48023421755402257
124.4,795.986441162,FOLLOW,8.559307129580098,8.479270706309103,0.40426987257678926,0.05805114422770407,0.04707969405984321,0.009415938811968734,-0.004351649856125406,0.396052622975491,0.7807898738587882,0.65,green,False,unknown,0,0.20000000000000195,0.0093103730000621,0.002309752999963166,0.019266451000021334,0.0,0.010000000000005116,-0.012000000000000455,0.0020000000000095497,15.563624000037635,0.48023421755402257
124.6,796.186256701,FOLLOW,8.567709763943006,8.487662152897697,0.40470331492426503,0.0469110831783948,0.04687920295952399,0.014063760887857293,-0.0038158501915011023,0.4009064404396269,0.7822053244366497,0.67,green,False,unknown,0,0.30000000000000204,0.024389329000086946,0.07917480500009333,0.03533466100009264,0.0,0.04199999999998738,0.08799999999999386,0.031999999999996476,9.612767999897187,0.48023421755402257
124.7,796.286755706,FOLLOW,8.572495254365156,8.49244087751209,0.4049576887990723,0.04691741661589798,0.04589454440284433,0.009178908880568956,-0.0040896842842596814,0.4178865952297471,0.7820110971096416,0.66,green,False,unknown,0,0.20000000000000195,0.06049601899997015,0.08813047199998891,0.025287027999979728,0.0,0.07699999999999818,0.08800000000000807,0.030000000000001137,8.047411999996257,0.48023421755402257
124.9,796.536407982,FOLLOW,8.584957107037692,8.50488349184115,0.40564976524975294,0.04527559443334895,0.03859983180011061,0.011579949540033262,-0.026316862788707568,0.5219587994475059,0.7414053038605342,0.66,green,False,unknown,0,0.30000000000000204,0.004114275000006273,0.033123500999977296,0.0033033619999969233,0.0,-0.022999999999996135,-0.012000000000000455,-0.04199999999998738,15.959181999960492,0.48023421755402257
125.1,796.736471648,FOLLOW,8.591655717263881,8.511570681088239,0.4060407427509166,0.03546993699954926,0.035425667453235284,0.014170266981294189,-0.020593192002518995,0.5127837407879432,0.6736661095390374,0.6799999999999999,green,False,unknown,0,0.40000000000000213,0.028506515000003674,0.02367827299997316,0.02400712400003613,0.0,0.009999999999990905,-0.012000000000000455,-0.012000000000000455,14.93937600002937,0.48023421755402257
125.2,796.836188134,FOLLOW,8.595273655131423,8.515182064365833,0.40625841992835354,0.03546966606422207,0.03519427281457204,0.014077709125828891,-0.02040543239550041,0.5213756718290093,0.6755655574804115,0.69,green,False,unknown,0,0.40000000000000213,0.014599266000004718,0.011714143000062904,0.010481659000106447,0.0,0.010000000000005116,-0.012000000000000455,-0.013999999999995794,6.879782999931194,0.48023421755402257
125.4,797.036566209,FOLLOW,8.601257825861609,8.521154714159659,0.4066295511435439,0.035139097498487794,0.03481232343395965,0.013924929373583935,-0.0203855888419274,0.5354981620226648,0.6784763455876625,0.6799999999999999,green,False,unknown,0,0.40000000000000213,0.029937925999888648,0.004741215999956694,0.02935975299999427,0.0,0.04200000000000159,-0.012000000000000455,0.016000000000005343,5.587229000070693,0.48023421755402257
125.6,797.236438758,FOLLOW,8.608669446549797,8.528550840644368,0.40710850481226935,0.04376527017326912,0.04372106727512486,0.017488426910050037,-0.015761124972646146,0.5422301158057218,0.8582355475373052,0.67,green,False,unknown,0,0.40000000000000213,0.03255475299999944,0.08223880299999564,0.017794709999975566,0.0,0.04199999999998738,0.08799999999999386,0.012000000000000455,8.966085999986717,0.48023421755402257
125.7,797.336381272,FOLLOW,8.613133430209803,8.533004800016057,0.40740748851707553,0.04376432881785457,0.04407201861663059,0.01762880744665233,-0.01669190760301051,0.5501121233247113,0.8723616497302729,0.67,green,False,unknown,0,0.40000000000000213,0.025672944999996616,0.08987041200009571,0.013636019000045962,0.0,0.04200000000000159,0.08800000000000807,0.010000000000005116,5.522842000004857,0.48023421755402257
125.9,797.586447062,FOLLOW,8.623647386949273,8.543492937505821,0.40814375067356556,0.044232984202045716,0.04353985711091861,0.017415942844367538,-0.01739101352182479,0.566586831562049,0.8767719277397326,0.67,green,False,unknown,0,0.40000000000000213,0.0249716340000532,0.02440842300006807,0.022684825000055753,0.0,0.009000000000000341,-0.012000000000000455,-0.027999999999991587,6.5400369999224495,0.48023421755402257
126.1,797.786134881,FOLLOW,8.632523796461122,8.552344801415286,0.4088033396294442,0.04334585635192703,0.043290533016785385,0.017316213206714247,-0.017146347982533228,0.5767003593116802,0.8808724823393425,0.65,green,False,unknown,0,0.40000000000000213,0.0019702929999994012,0.03127297300000009,0.010717720999991798,0.0,-0.02400000000000091,-0.012000000000000455,-0.03200000000001069,5.13992399999097,0.48023421755402257
126.2,797.886417818,FOLLOW,8.636944294247307,8.556752069518854,0.4091450754988093,0.04333364217719094,0.04301716949997872,0.021508584749989457,-0.016759036957051332,0.5806889100399207,0.8788846056236803,0.66,green,False,unknown,0,0.5000000000000022,0.026906647000032535,0.026418951000096058,0.003369595000094705,0.0,0.009000000000000341,-0.012000000000000455,-0.033999999999991815,5.461793999984366,0.48023421755402257
126.4,798.086230991,FOLLOW,8.644261519886678,8.56404590443574,0.4097296354301772,0.04292213431964114,0.04286859013448122,0.021434295067240705,-0.015562022703034167,0.5847582760763261,0.8794833108052986,0.69,green,False,unknown,0,0.5000000000000022,0.01945265599999857,0.012538347000031536,0.02125104200001715,0.0,0.010000000000005116,-0.012000000000000455,-0.003999999999990678,5.142095999985941,0.48023421755402257
126.6,798.286381652,FOLLOW,8.652976469174106,8.572730207350556,0.410459784547175,0.0425136985073003,0.04236467888220314,0.021182339441101664,-0.015418971249742702,0.5956159187842528,0.878728097693844,0.67,green,False,unknown,0,0.5000000000000022,0.027553011000009064,0.007778078999990612,0.010816068000053747,0.0,0.042999999999992156,-0.012000000000000455,-0.008000000000009777,5.586644000004526,0.48023421755402257
126.7,798.386446447,FOLLOW,8.6573024433925,8.577039895309435,0.4108348001638265,0.042412597066000535,0.04044982266243735,0.020224911331218766,-0.004679903090990201,0.5606273081224505,0.8095250887134935,0.65,green,False,unknown,0,0.5000000000000022,0.007451562000028389,0.004173001000026488,0.006250008000051821,0.0,0.010000000000005116,-0.012000000000000455,-0.009999999999990905,15.544825000006313,0.48023421755402257
126.9,798.586017022,FOLLOW,8.664245657899723,8.583955248298125,0.41145614836416305,0.04022527701378021,0.040178766492211755,0.020089383246105968,-0.004656827197796837,0.5657404528305306,0.8083804197158486,0.67,green,False,unknown,0,0.5000000000000022,0.03672284399999626,0.10055600599991976,0.0329869699999108,0.0,0.043000000000006366,0.08800000000000807,0.020000000000010232,5.590815000005023,0.48023421755402257
127.1,798.78620359,FOLLOW,8.672474462045495,8.592148088390642,0.41222457398244694,0.04045316910590387,0.040462634894521676,0.0242775809367131,-0.0035712071092628694,0.5673724840680563,0.8154674922885885,0.67,green,False,unknown,0,0.6000000000000023,0.02623692999998184,0.09308739900006913,0.02391104000002997,0.0,0.04199999999998738,0.08799999999999386,0.015999999999991132,5.7106609999664215,0.48023421755402257
127.2,798.887258821,FOLLOW,8.676607643892225,8.596261812984869,0.4126251419011553,0.04052163312229247,0.036975286353842854,0.0221851718123058,-0.0022404197426689754,0.5572659437759871,0.7373996330812241,0.66,green,False,unknown,0,0.6000000000000023,0.03293339600008949,0.09393715200008046,0.016492583000058403,0.0,0.043000000000006366,0.08800000000000807,0.013999999999995794,16.9301319999704,0.48023421755402257
127.4,799.086463397,FOLLOW,8.684403980052728,8.604018715188568,0.413408224145877,0.03705515835223861,0.0370060590583605,0.025904241340852438,-0.0018294385610099495,0.5603366846126661,0.7403807513893009,0.67,green,False,unknown,0,0.7000000000000024,0.026823509999985617,0.07917360800001916,0.012674883000045156,0.0,0.043000000000006366,0.08800000000000807,0.010000000000005116,10.073526000041966,0.48023421755402257
127.6,799.336133388,FOLLOW,8.696720833410485,8.616265295620854,0.4147217763706905,0.06029419238905945,0.060203858708811106,0.04214270109616792,-0.0008278293822824717,0.31653677825773663,0.898714144956156,0.65,green,False,unknown,0,0.7000000000000024,0.02442641699997239,0.021198403999960647,0.0051825110000436325,0.0,0.009999999999990905,-0.012000000000000455,-0.028000000000005798,8.014222000042537,0.48023421755402257
127.7,799.436418377,FOLLOW,8.70082074866737,8.620339251363488,0.41518240636210524,0.060289320062687404,0.05938070433794472,0.04750456347035592,0.0002886304606535134,0.3255240102044432,0.897544307083959,0.66,green,False,unknown,0,0.8000000000000025,0.02096972399999686,0.01633895500003746,0.03325907700002517,0.0,0.010000000000005116,-0.012000000000000455,0.0040000000000048885,5.9436650000179725,0.48023421755402257
127.9,799.63621919,FOLLOW,8.713048824856829,8.632481490609921,0.41662837754853316,0.060128961959461276,0.0603346807004723,0.04826774456037799,0.0018359623205295439,0.32533033734940775,0.9117202980487995,0.6799999999999999,green,False,unknown,0,0.8000000000000025,0.010309624999990774,0.006149482000068929,0.019677721999983078,0.0,0.010000000000005116,-0.012000000000000455,0.0,5.522383999959857,0.48023421755402257
128.1,799.836524211,FOLLOW,8.725348013836882,8.644680317275895,0.4181960320082018,0.05960102531264066,0.059508123303941333,0.047606498643153215,0.002733648307903333,0.33823308730119,0.9152263663785105,0.69,green,False,unknown,0,0.8000000000000025,0.005886179999947672,0.1043857569999318,0.00529132799999843,0.0,0.009999999999990905,0.08799999999999386,-0.004000000000019099,6.184566000001723,0.48023421755402257
128.3,800.037400453,FOLLOW,8.735442052428475,8.654680216667854,0.4195712041189315,0.05904026923093863,0.058995895969535084,0.047196716775628214,0.004782841895978593,0.34689821839511764,0.9179985331722804,0.66,green,False,unknown,0,0.8000000000000025,0.028555359000051794,0.09152839000000768,0.027870471000028374,0.0,0.043000000000006366,0.08700000000001751,0.02600000000001046,20.866683999997804,0.48023421755402257
128.5,800.28778482,FOLLOW,8.74946303976789,8.66855136169013,0.4216150746434535,0.05794399550577447,0.05705895621909591,0.04564716497527687,0.0057090668601146866,0.36555006257621325,0.9100309896679644,0.65,green,False,unknown,0,0.8000000000000025,0.06295558900001197,0.02348140499998408,0.02388078499996027,0.0,0.04200000000000159,-0.012000000000000455,-0.012000000000000455,20.582302000093478,0.48023421755402257
128.7,800.48622601,FOLLOW,8.761175725260642,8.680120597576865,0.42344229780892817,0.0571469917713637,0.056997575228772225,0.04559806018301792,0.007466421436353121,0.37089571347162487,0.9153997171278537,0.65,green,False,unknown,0,0.8000000000000025,0.017365573000006407,0.01213593900001797,0.007951833999982227,0.0,0.00899999999998613,-0.012000000000000455,-0.016000000000019554,5.540043999985755,0.48023421755402257
128.8,800.586299985,FOLLOW,8.76699814961679,8.685864757658244,0.4243937137051359,0.05707862297563563,0.056625539527848816,0.05096298557506408,0.008025724768330661,0.3748453990543373,0.9140841410858993,0.69,green,False,unknown,0,0.9000000000000026,0.011380677000033756,0.0056762540000363515,0.0009645080000382222,0.0,0.010000000000019327,-0.012000000000000455,-0.018000000000000682,5.921539000041776,0.48023421755402257
129.0,800.786303103,FOLLOW,8.776608855800198,8.695335828297331,0.42602587609691595,0.05577222218913176,0.05565066442441009,0.050085597981969224,0.010104744736628507,0.3858735084792409,0.9111329770919174,0.6799999999999999,green,False,unknown,0,0.9000000000000026,0.002857613000060155,0.10128028799999811,0.02401562400007151,0.0,0.009999999999990905,0.08799999999999386,0.012000000000000455,16.854333999958726,0.48023421755402257
129.2,800.987580594,FOLLOW,8.787963310752865,8.706506640067051,0.4280594736335121,0.0554616279917078,0.055516520382729195,0.04996486834445642,0.011462214647111169,0.3916333666017627,0.915598540262402,0.6799999999999999,green,False,unknown,0,0.9000000000000026,0.028387680999912845,0.08165658399991571,0.013221667999914644,0.0,0.04200000000000159,0.08799999999999386,0.007999999999981355,23.473244000001614,0.48023421755402257
129.3,801.137135036,FOLLOW,8.793625001482772,8.712068841108888,0.42911616641961214,0.055602775336958024,0.05517640042160361,0.05517640042160375,0.011790897019729366,0.39391464729671005,0.9126115099962391,0.66,green,False,unknown,0,1.0000000000000027,0.10320441400006075,0.007226386000070306,0.02504405100000895,0.0,0.07699999999999818,-0.013999999999981583,0.006000000000000227,48.838797000030354,0.48023421755402257
129.5,801.386544224,FOLLOW,8.806813018582433,8.725003250970344,0.4316896160090726,0.05526182220288721,0.05370117853165328,0.053701178531653425,0.013165829542949953,0.3873499718906907,0.8808671126540453,0.67,green,False,unknown,0,1.0000000000000027,0.02895442199996978,0.03517525899997054,0.019993741999996928,0.0,0.007000000000005002,-0.014000000000010004,-0.03200000000001069,30.23719300006178,0.48023421755402257
129.7,801.586385926,FOLLOW,8.817888325232056,8.73584025532367,0.4339744779587819,0.05379072664720263,0.054347756942188206,0.05434775694218835,0.014579720253012282,0.4099559302347057,0.9170685006308279,0.65,green,False,unknown,0,1.0000000000000027,0.021568426000044383,0.021046261000037703,0.007326551000005566,0.0,0.006000000000000227,-0.01300000000000523,-0.036000000000001364,7.068021999998564,0.48023421755402257
129.8,801.686990306,FOLLOW,8.823440102287861,8.741262940466559,0.43516470633098,0.054437737037010166,0.05416135077860625,0.0541613507786064,0.015807630582831328,0.41957416953198706,0.9247759184397263,0.65,green,False,unknown,0,1.0000000000000027,0.02846402299996953,0.027044616000011956,0.0009610199999769975,0.0,0.006000000000000227,-0.012999999999976808,-0.03799999999998249,19.72586500005491,0.48023421755402257
130.0,801.886209749,FOLLOW,8.83266947519902,8.750262738050216,0.4372102801904538,0.05425650904775146,0.0537027664856071,0.05907304313416796,0.016487093926773833,0.42643392243176576,0.9246205823361968,0.7,green,False,unknown,0,1.1000000000000028,0.01685085900010108,0.013410168000064004,0.01854352000009385,0.0,0.007000000000005002,-0.014000000000010004,-0.008000000000009777,5.881324999904791,0.48023421755402257
130.2,802.085972648,FOLLOW,8.843659825845695,8.760952618186414,0.4397623051640274,0.05394683378928612,0.05363484878056996,0.058998333658627104,0.01859598084846066,0.43283531059497354,0.930604082143342,0.6799999999999999,green,False,unknown,0,1.1000000000000028,0.0019280250000974775,0.10694810900008633,0.0009817380000640696,0.0,0.006000000000000227,0.08599999999998431,-0.012000000000000455,15.950768999914544,0.48023421755402257
130.3,802.186195418,FOLLOW,8.847321089043591,8.764506814927042,0.44064123636163605,0.05372849198428697,0.053579997168364334,0.05893799688520091,0.01907386972426338,0.4354638108981143,0.9325864296289966,0.6799999999999999,green,False,unknown,0,1.1000000000000028,0.033915792000016154,0.08374832900005913,0.0300303740000345,0.0,0.040000000000020464,0.08600000000001273,0.020000000000010232,15.58183600002394,0.48023421755402257
130.5,802.386255685,FOLLOW,8.858275712432468,8.775119474824457,0.44335671106752766,0.053684589819657236,0.0529001492417064,0.05819016416587718,0.01994019524471631,0.4433468274412427,0.9294411048783615,0.7,green,False,unknown,0,1.1000000000000028,0.025637046000042574,0.09043941400000222,0.01848631000007117,0.0,0.03899999999998727,0.08600000000001273,0.015999999999991132,12.669458000004852,0.48023421755402257
130.7,802.588339128,FOLLOW,8.869081946264078,8.785555467138828,0.4461608880515695,0.052772582207294076,0.05264668240341006,0.05791135064375121,0.021959800969284404,0.4527415314125188,0.9352919286765086,0.6799999999999999,green,False,unknown,0,1.1000000000000028,0.025108190000082686,0.07065181799998754,0.0184432010000819,0.0,0.03999999999999204,0.08599999999998431,0.012000000000000455,20.97704799996336,0.48023421755402257
130.8,802.687582225,FOLLOW,8.874464060665721,8.790740519942434,0.4476039081881323,0.052749455906612355,0.05264668240341006,0.05791135064375121,0.021959800969284404,0.4527415314125188,0.9352919286765086,0.6799999999999999,green,False,unknown,0,1.1000000000000028,0.0773996039999929,0.07684093000000303,0.0208171780000157,0.0,0.10699999999999932,0.08600000000001273,0.010000000000019327,5.640991999939615,0.48023421755402257
131.0,802.886286133,FOLLOW,8.885195713157943,8.801053196085695,0.450573043802433,0.05245769974253686,0.05224393753294848,0.06269272503953832,0.02450487148746129,0.4620847645315819,0.9383063038811369,0.7,green,False,unknown,0,1.2000000000000028,0.030213148000029832,0.09064925899997434,0.01593410700002096,0.0,0.03999999999999204,0.08600000000001273,0.006000000000000227,16.531736000047204,0.48023421755402257
131.2,803.087387958,FOLLOW,8.895878947937062,8.811282111739974,0.45365513409141917,0.05233007229717524,0.05223359975462453,0.057456959730087125,0.025106335844941374,0.46522122391660103,0.9415337314430439,0.65,green,False,unknown,0,1.1000000000000028,0.029095072000018263,0.08061520100000052,0.009079144999986966,0.0,0.03999999999999204,0.08599999999998431,0.001999999999981128,8.8521469999705,0.48023421755402257
131.3,803.186648894,FOLLOW,8.901217645022927,8.81637938806792,0.4552423918696956,0.05233986577451767,0.05200855258529643,0.06241026310235586,0.026782905707619514,0.4670818607877904,0.939493178177885,0.67,green,False,unknown,0,1.2000000000000028,0.02359930299996904,0.08963592600002812,0.003929821999918204,0.0,0.03900000000001569,0.08600000000001273,0.0,9.004951000065375,0.48023421755402257
131.5,803.387689468,FOLLOW,8.91007744739621,8.824816436428678,0.457946388937541,0.05210234915440866,0.051626571636978355,0.061951885964374176,0.029672909545864448,0.46797072321770505,0.9335490150208077,0.65,green,False,unknown,0,1.2000000000000028,0.02563802999998188,0.08960014199999478,0.03489412099997935,0.0,0.03999999999999204,0.08600000000001273,0.030000000000001137,20.90370400003394,0.48023421755402257
131.7,803.636253509,FOLLOW,8.922415124084512,8.836516409877047,0.46186125188656485,0.051677200206736267,0.05156162836329384,0.06703011687228214,0.03198350070747506,0.466381072407488,0.930667059926393,0.69,green,False,unknown,0,1.300000000000003,0.06663803999992979,0.02879198899995572,0.032866162000004806,0.0,0.03899999999998727,-0.014000000000010004,-0.008000000000009777,6.176553000045715,0.48023421755402257
131.8,803.736604244,FOLLOW,8.927686427896074,8.84149725259982,0.46358687166845686,0.05168467809011167,0.051618194450223906,0.061941833340268836,0.033169872779768336,0.4669730018062779,0.9323246039652245,0.65,green,False,unknown,0,1.2000000000000028,0.06283219800002371,0.024319278000007216,0.023635651999939,0.0,0.03900000000001569,-0.013999999999981583,-0.009999999999990905,10.476704999973663,0.48023421755402257
132.0,803.936577229,FOLLOW,8.9382128589156,8.851408823752381,0.46713158416105244,0.05149269498228308,0.0513991328879195,0.0668188727542955,0.034910939460624985,0.46943773115746273,0.9310071975319512,0.65,green,False,unknown,0,1.300000000000003,0.05569817800005694,0.019866824000018823,0.01916617300003054,0.0,0.03899999999998727,-0.014000000000010004,-0.014000000000010004,25.158484000030512,0.48023421755402257
132.2,804.136028472,FOLLOW,8.948722015199731,8.861255886651376,0.4708025577214713,0.051528124480666675,0.0512118382629142,0.06657538974178862,0.036417449914475056,0.47315625480737233,0.9315820187384802,0.6799999999999999,green,False,unknown,0,1.300000000000003,0.01760689800005366,0.015176249999967695,0.010848959999975705,0.0,0.006000000000000227,-0.014000000000010004,-0.018000000000000682,6.126980999965781,0.48023421755402257
132.3,804.236205958,FOLLOW,8.9539589567101,8.866143937170696,0.472682032199708,0.051338636386150265,0.05137374191732417,0.06678586449252157,0.03723874285377776,0.475451586755025,0.9369838308138455,0.73,green,False,unknown,0,1.300000000000003,0.006958188999988124,0.011297510000076727,0.0075456770000528195,0.0,0.006000000000000227,-0.013999999999981583,-0.01999999999998181,5.169109000007666,0.48023421755402257
132.5,804.436145017,FOLLOW,8.962697878333065,8.874271800168984,0.47589229786768744,0.051011929759392026,0.050883849170209106,0.06614900392127199,0.03795662050692018,0.4804389122790911,0.9333358503331716,0.7,green,False,unknown,0,1.300000000000003,0.018284605999951964,0.06498170999998365,0.011349614999971891,0.0,0.03999999999999204,0.08600000000001273,0.009999999999990905,11.8995680001035,0.48023421755402257
132.7,804.686922256,FOLLOW,8.974871406200577,8.885532222127411,0.4805177329231503,0.0510651783174407,0.05093328542241654,0.06621327104914165,0.04008331199271886,0.48127980512606855,0.9351349135728683,0.65,green,False,unknown,0,1.300000000000003,0.024077024999996866,0.02533044799997697,0.014912313999957405,0.0,0.0069999999999765805,-0.014000000000010004,-0.02800000000002001,10.602155000015046,0.48023421755402257
132.8,804.786544846,FOLLOW,8.980080006540971,8.890327523120735,0.48255108333331287,0.0510636327478912,0.05065906720919735,0.07092269409287644,0.04131067379706348,0.484297757644188,0.933285407029988,0.73,green,False,unknown,0,1.400000000000003,0.0861968159999833,0.019575018999944405,0.012007851000021219,0.0,0.07400000000001228,-0.013999999999981583,-0.030000000000001137,6.43434900007378,0.48023421755402257
133.0,804.986086194,FOLLOW,8.988711472862287,8.898242574789807,0.485993949124452,0.050668095494664334,0.05058377214166006,0.07081728099832424,0.04231462456142218,0.48684766798987716,0.9345854242075529,0.74,green,False,unknown,0,1.400000000000003,0.013868155999944065,0.014975011000046834,0.030670951000047353,0.0,0.007000000000005002,-0.014000000000010004,0.0,5.815890999997464,0.48023421755402257
133.2,805.186034203,FOLLOW,8.999039326192717,8.907659901535379,0.49023385922268253,0.0505558041120609,0.05020416809940292,0.07028583533916423,0.044395816242161754,0.49052563924829967,0.9314187268677058,0.71,green,False,unknown,0,1.400000000000003,0.007858844999987014,0.007186752999928103,0.013488728999959676,0.0,0.0069999999999765805,-0.01500000000001478,-0.004000000000019099,5.547744000068633,0.48023421755402257
133.3,805.286559565,FOLLOW,9.004174457977246,8.912320316066042,0.4923902492928123,0.050347705909991367,0.050245153112221545,0.07034321435711031,0.04530088454732274,0.49218952627407825,0.9339208198491974,0.71,green,False,unknown,0,1.400000000000003,0.07523430899993855,0.10771211499991296,0.009710050999956366,0.0,0.07400000000001228,0.08500000000000796,-0.006000000000000227,19.402650000074573,0.48023421755402257
133.5,805.536280655,FOLLOW,9.014452367419324,8.921601215558253,0.49680596767365337,0.050390762115960254,0.04987894703879715,0.06983052585431616,0.04702799421674854,0.49555939197418936,0.930615822549541,0.7,green,False,unknown,0,1.400000000000003,0.025250026000094294,0.02863625400004821,0.03365017999999509,0.0,0.006000000000000227,-0.014000000000010004,-0.009999999999990905,5.393098000013197,0.48023421755402257
133.7,805.736107731,FOLLOW,9.02465169685808,8.93074789203811,0.5013185037088187,0.049979112126095196,0.049952690135246336,0.07492903520286966,0.049203562471628964,0.4939945177758228,0.9303631485221804,0.78,green,False,unknown,0,1.500000000000003,0.01378496899997117,0.01772915899994132,0.015353628999946523,0.0,0.0069999999999765805,-0.014000000000010004,-0.014000000000010004,5.81266599999708,0.48023421755402257
133.8,805.836422394,FOLLOW,9.029761490597634,8.935306630253802,0.5036267049835907,0.050109996683830954,0.04972423314162112,0.06961392639826972,0.05044384472595208,0.49509436363767456,0.9272475171098068,0.6799999999999999,green,False,unknown,0,1.400000000000003,0.021868960000006155,0.015945203999990554,0.013692982000065967,0.0,0.007000000000005002,-0.013999999999981583,-0.015999999999991132,19.54150500000651,0.48023421755402257
134.0,806.03643327,FOLLOW,9.039940587850493,8.944336745344406,0.5083245056881643,0.04987414383588312,0.04969337624434908,0.06957072674208886,0.05145444233965729,0.4966416895474126,0.928274017396842,0.6799999999999999,green,False,unknown,0,1.400000000000003,0.009849234999933287,0.007879259999981514,0.0026521749999801614,0.0,0.006000000000000227,-0.014000000000010004,-0.020000000000010232,4.571601000066039,0.48023421755402257
134.2,806.237141531,FOLLOW,9.04841127795955,8.95179986998382,0.5123311956943283,0.04976394591576482,0.049662121447148794,0.06952697002600847,0.05354000993415052,0.4987480992038027,0.9298695261052787,0.65,green,False,unknown,0,1.400000000000003,0.032935209000015675,0.08150058399996851,0.02170419200001561,0.0,0.03899999999998727,0.08599999999998431,0.009999999999990905,17.72460899996986,0.48023421755402257
134.3,806.336247327,FOLLOW,9.05348862471388,8.956250476918648,0.5147748513221707,0.049812983411602764,0.049662121447148794,0.06952697002600847,0.05354000993415052,0.4987480992038027,0.9298695261052787,0.65,green,False,unknown,0,1.400000000000003,0.03155091999997239,0.08009802399999444,0.01644605700005286,0.0,0.040000000000020464,0.08600000000001273,0.008000000000009777,10.646156000007068,0.48023421755402257
134.5,806.586598729,FOLLOW,9.065310623993236,8.966544478057205,0.5205877561785986,0.049545167444662544,0.0493827759695661,0.0740741639543493,0.055476252617940466,0.4997008647420255,0.9256192967329236,0.79,green,False,unknown,0,1.500000000000003,0.03186315100003867,0.028949981999971897,0.013141572999984419,0.0,0.007000000000005002,-0.014000000000010004,-0.030000000000001137,6.288907999987714,0.48023421755402257
134.7,806.786380554,FOLLOW,9.075422230776875,8.9752675341938,0.5257015625046614,0.04959291164704864,0.04993708524671076,0.0749056278700663,0.05751851178384991,0.49731240254709774,0.9335242903942763,0.76,green,False,unknown,0,1.500000000000003,0.06279058799998438,0.026684996999961186,0.005354104999923948,0.0,0.03999999999999204,-0.014000000000010004,-0.034000000000020236,15.910560000065743,0.48023421755402257
134.8,806.886329818,FOLLOW,9.0788083444471,8.978171365485636,0.527443260336287,0.05008039473854592,0.04993708524671076,0.0749056278700663,0.05751851178384991,0.49731240254709774,0.9335242903942763,0.72,green,False,unknown,0,1.500000000000003,0.01993689699997958,0.017839790000039102,0.03142103700008647,0.0,0.007000000000005002,-0.013999999999981583,-0.001999999999981128,8.433840999941822,0.48023421755402257
135.0,807.086371989,FOLLOW,9.089012915820533,8.986868686330716,0.5327806649788256,0.04994884745390625,0.05006778237531415,0.07510167356297139,0.05939274607496524,0.5004666669518931,0.9392576899410807,0.89,green,False,unknown,0,1.500000000000003,0.004668877999961296,0.004101267999999436,0.01157374299998537,0.0,0.006000000000000227,-0.014000000000010004,-0.006000000000000227,4.769503000034092,0.48023421755402257
135.2,807.28636021,FOLLOW,9.0975167289264,8.994051896017353,0.5373320813501017,0.04984285740802521,0.04927843792561598,0.07391765688842412,0.06052001625540887,0.5077430154869076,0.9319199550225633,0.8099999999999999,green,False,unknown,0,1.500000000000003,0.06492492400002448,0.09457249699994463,0.030368212999974276,0.0,0.07399999999998386,0.08599999999998431,0.02400000000000091,16.212861999974848,0.48023421755402257
135.3,807.386000948,FOLLOW,9.102587538102977,8.998307627570874,0.5400892079719741,0.04944791797680887,0.04927843792561598,0.07391765688842412,0.06052001625540887,0.5077430154869076,0.9319199550225633,0.73,green,False,unknown,0,1.500000000000003,0.025194335999913164,0.08207094899989897,0.027351972999895224,0.0,0.040000000000020464,0.08600000000001273,0.02200000000001978,6.500127000094835,0.48023421755402257
135.5,807.637665245,FOLLOW,9.114343106153612,9.008093175828966,0.5466032707824584,0.04944542578228488,0.04906475946967178,0.07359713920450782,0.06308398351563711,0.5090171582761005,0.9291814213462799,0.6799999999999999,green,False,unknown,0,1.500000000000003,0.07036647799998264,0.030561590000047545,0.02946096400000897,0.0,0.03899999999998727,-0.014000000000010004,-0.015999999999991132,26.392480000026808,0.48023421755402257
135.7,807.836002294,FOLLOW,9.124401849177723,9.01637530911829,0.5523114027443482,0.04923876572506103,0.049072603932669906,0.07360890589900501,0.06450217050542104,0.5108653005945133,0.9312194194184765,0.6799999999999999,green,False,unknown,0,1.500000000000003,0.05361849899998106,0.015865664999978435,0.01052198699994733,0.0,0.03999999999999204,-0.014000000000010004,-0.020000000000010232,4.3723170000475875,0.48023421755402257
135.8,807.936312376,FOLLOW,9.1294251537842,9.020479424128233,0.5552079052108844,0.04923949728656553,0.04863062503326645,0.07294593754989982,0.06527195908825871,0.5117303704168217,0.9237087036496163,0.67,green,False,unknown,0,1.500000000000003,0.05275355500009482,0.013520317000029536,0.006389692000084324,0.0,0.040000000000020464,-0.013999999999981583,-0.02199999999999136,29.441369999972267,0.48023421755402257
136.0,808.135994519,FOLLOW,9.137737460481905,9.027223214488734,0.5600674220682511,0.04880919119198156,0.048625002115057166,0.07780000338409163,0.06647115450253589,0.5105422888677035,0.9223983483758559,inf,green,False,unknown,0,1.6000000000000032,0.008760955999946418,0.008379100999945877,0.029579538000007233,0.0,0.006000000000000227,-0.014000000000010004,0.008000000000009777,4.3817480000143405,0.48023421755402257
136.2,808.335808637,FOLLOW,9.147688922439142,9.035216624965429,0.5659949089546392,0.048667983046643534,0.04860808028680425,0.07777292845888696,0.06812024097711446,0.5080236829783531,0.9195268350944057,inf,green,False,unknown,0,1.6000000000000032,0.0005684170000677113,0.002078726000036113,0.020369211000001997,0.0,0.0069999999999765805,-0.014000000000010004,0.003999999999990678,6.9904759999417365,0.48023421755402257
136.3,808.436232269,FOLLOW,9.152661361991374,9.03917659810055,0.5690021767014258,0.048798415654580686,0.04859415374981637,0.07775064599970635,0.06887734483468405,0.5109541233222308,0.9222300984947847,inf,green,False,unknown,0,1.6000000000000032,0.02753540300000168,0.10250235800003793,0.010537210000052255,0.0,0.040000000000020464,0.08600000000001273,0.0020000000000095497,6.109538000032444,0.48023421755402257
136.5,808.686268602,FOLLOW,9.16424996654644,9.048315852899785,0.5761272357738314,0.04873296684109481,0.04884046337545545,0.07326069506318333,0.07080029502696383,0.5133119898575691,0.9293037664792281,0.65,green,False,unknown,0,1.500000000000003,0.024999543000035374,0.02426540700002988,0.00566572700006418,0.0,0.0049999999999954525,-0.014000000000010004,-0.036000000000001364,5.596549999950184,0.48023421755402257
136.7,808.887919421,FOLLOW,9.172566488614683,9.054796549976102,0.581339169104714,0.04901343261738696,0.048527754455406184,0.07375634683310563,0.07237528796563619,0.5100528987211541,0.9200588252202251,inf,green,False,unknown,0,1.5198796577509652,0.02198353699998279,0.021327384999949572,0.02962098800003332,0.0,0.0069999999999765805,-0.014000000000010004,-0.006000000000000227,1.000560999955269,0.48023421755402257
136.8,808.986269251,FOLLOW,9.177535284540902,9.05863764792469,0.5844911208977537,0.04871749182800134,0.048540477795955245,0.07419276763041473,0.07283552926052726,0.5119157916097982,0.922183921550341,inf,green,False,unknown,0,1.5284721329339084,0.04743664499994793,0.014792381000006571,0.018604571999958353,0.0,0.040000000000020464,-0.013999999999981583,-0.007999999999981355,13.201336000065567,0.48023421755402257
137.0,809.186290945,FOLLOW,9.187465727053187,9.066243972156075,0.5908751446811886,0.048435541947528096,0.0482537814902959,0.07466952967683474,0.0738547790466028,0.5090648133951318,0.9138711430434437,0.65,green,False,unknown,0,1.5474337424073425,0.014692179000007854,0.013003818000015599,0.013987811999982114,0.0,0.0049999999999954525,-0.014000000000010004,-0.012000000000000455,0.5968890000076499,0.48023421755402257
137.2,809.386066388,FOLLOW,9.19573234078445,9.072501497825915,0.5962769398353566,0.049142435129417184,0.04854116440465073,0.07642893526731584,0.07531944307285597,0.5152063705357923,0.9255246436741997,inf,green,False,unknown,0,1.5745179623254606,0.0715224110000463,0.10606112300001769,0.035085648000062974,0.0,0.07399999999998386,0.08599999999998431,0.018000000000000682,13.412799999969138,0.48023421755402257
137.3,809.485895661,FOLLOW,9.200730641015047,9.076251621076741,0.599581402395218,0.048745525918930284,0.04854116440465073,0.07642893526731584,0.07531944307285597,0.5152063705357923,0.9255246436741997,inf,green,False,unknown,0,1.5745179623254606,0.03307581899991874,0.08606077499996445,0.027290370999935476,0.0,0.038000000000010914,0.08600000000001273,0.016000000000019554,1.2263690000509087,0.48023421755402257
137.5,809.685994565,FOLLOW,9.210662441366797,9.083627534134832,0.6062323191582668,0.04863081186428782,0.04858021159126612,0.07818193111240467,0.07721810990819211,0.5146498765678883,0.9257059278248637,inf,green,False,unknown,0,1.6093369821069372,0.0259935139999925,0.09248612199996842,0.015277913999966586,0.0,0.03999999999999204,0.08600000000001273,0.012000000000000455,0.9404510000194932,0.48023421755402257
137.7,809.935910696,FOLLOW,9.22228356021956,9.0921262906579,0.6141580928203045,0.048868214084788995,0.048612383005335436,0.07923106002318829,0.07834543066008749,0.5168728482151298,0.9285702930130557,inf,green,False,unknown,0,1.6298534473097588,0.03101623399993514,0.029054926999947384,0.017083813999988706,0.0,0.0069999999999765805,-0.014000000000010004,-0.02600000000001046,0.6526540000777459,0.48023421755402257
137.8,810.036144069,FOLLOW,9.227263391344822,9.095723581707073,0.6176016522633387,0.04883197839785708,0.04864244643841265,0.08017435291755212,0.07936120043514153,0.5175945576375987,0.9298759192097051,inf,green,False,unknown,0,1.6482384992511172,0.02947753199998715,0.025842870000019502,0.012084543000014492,0.0,0.007000000000005002,-0.013999999999981583,-0.027999999999991587,0.9167340000431068,0.48023421755402257
138.0,810.236637136,FOLLOW,9.23712904156882,9.102769068221619,0.6245074613691893,0.04737051363680521,0.04782912874345555,0.08086246595668738,0.08172535518727664,0.47698054057641964,0.8738586495986421,inf,green,False,unknown,0,1.6906531245930707,0.028149428999995507,0.025937067999961982,0.008136495000030664,0.0,0.006000000000000227,-0.014000000000010004,-0.03200000000001069,13.262394999969729,0.48023421755402257
138.2,810.436255298,FOLLOW,9.245266000153542,9.108496073320765,0.6302876484280224,0.04805690868660405,0.04835051132573208,0.08332493107635695,0.08356850268985315,0.47126701807122345,0.8776292880206146,inf,green,False,unknown,0,1.7233516004620106,0.02447390500003621,0.02034776300001795,0.03150973200001772,0.0,0.0069999999999765805,-0.014000000000010004,-0.0020000000000095497,0.5657640000436004,0.48023421755402257
138.3,810.536272322,FOLLOW,9.250214884920505,9.111941028013792,0.6338406223570447,0.04855873475609345,0.04803131594048177,0.0828142766234184,0.08361501599455437,0.4754046649877591,0.8759757924958053,inf,green,False,unknown,0,1.7241725528827507,0.01618086099995253,0.012335462999999436,0.021710636999955568,0.0,0.006000000000000227,-0.013999999999981583,-0.003999999999990678,13.093461000039497,0.48023421755402257
138.5,810.736656137,FOLLOW,9.260070189381796,9.118713619621115,0.6410000158720068,0.04826801228343051,0.048490729758411046,0.08449877004859162,0.0846608260684288,0.47450557879833866,0.8834461186194391,inf,green,False,unknown,0,1.7425757556048067,0.02868854599989845,0.10744814399993174,0.003671862999908626,0.0,0.03899999999998727,0.08600000000001273,-0.008000000000009777,0.7467800000995339,0.48023421755402257
138.7,810.936487097,FOLLOW,9.26834374640386,9.124307338699614,0.6470959974195275,0.04865706355149536,0.048703864197056336,0.08610572061681201,0.08611246354153398,0.46679324646288833,0.8795037617219603,inf,green,False,unknown,0,1.7679443312429457,0.03161399000009624,0.08792233200006194,0.029691393000007338,0.0,0.03899999999998727,0.08599999999998431,0.02199999999999136,13.640167999938058,0.48023421755402257
138.8,811.037252813,FOLLOW,9.273312697319573,9.127625777915013,0.6507944209449644,0.04895234175816059,0.04850749154975445,0.0865238183643344,0.08702121701689122,0.4643788528739112,0.8735177062826603,inf,green,False,unknown,0,1.783720732612742,0.02611098700003822,0.08631229800005258,0.025373505000061414,0.0,0.03900000000001569,0.08600000000001273,0.020000000000010232,14.301108000040585,0.48023421755402257
139.0,811.286043365,FOLLOW,9.28492749108102,9.135259299675885,0.6595481869960637,0.04875176669250739,0.04850623592161946,0.08705488112403405,0.08765730543029124,0.4618372322572708,0.8709266690397234,inf,green,False,unknown,0,1.7947152457821052,0.004228452000006655,0.03491543999996338,0.03148323599998548,0.0,-0.02600000000001046,-0.014000000000010004,-0.018000000000000682,0.6078640000168889,0.48023421755402257
139.2,811.486609938,FOLLOW,9.295017705229544,9.141747604868796,0.6672755278552558,0.050260324073621174,0.051050558693507046,0.09146446889564262,0.08747943323687042,0.49478273854514343,0.9516491398340795,inf,green,False,unknown,0,1.7916448171462556,0.032944650999979785,0.02815511799997239,0.019904150999991543,0.0,0.0069999999999765805,-0.014000000000010004,-0.02200000000001978,0.8802730000070369,0.48023421755402257
139.3,811.5862428,FOLLOW,9.300239144498013,9.145051621241105,0.6713186377420285,0.05131691984157062,0.052221225342133644,0.0943359007558964,0.0883397511320888,0.48271592613509706,0.9603439019123147,inf,green,False,unknown,0,1.8064666261245956,0.028876930000024004,0.024987509000084174,0.015197288000081244,0.0,0.006000000000000227,-0.013999999999981583,-0.02400000000000091,15.205703999981779,0.48023421755402257
139.5,811.786128707,FOLLOW,9.310896595159246,9.151681024051333,0.6796630436405703,0.05247426711986637,0.05360423243162398,0.09840481110136726,0.09005307980128853,0.46317598282424705,0.9639559585980502,inf,green,False,unknown,0,1.8357656968018263,0.01875988699998743,0.018204147000005833,0.004477780000001985,0.0,0.006000000000000227,-0.014000000000010004,-0.027999999999991587,0.5747019999944314,0.48023421755402257
139.7,811.986251858,FOLLOW,9.319463882381124,9.156896346672877,0.6864599155440727,0.04818874915035101,0.04833528006498354,0.08894656190464728,0.09031386086011167,0.46079855340121606,0.8668112324620932,inf,green,False,unknown,0,1.840199576480463,0.01929389800000081,0.0177667069999643,0.03267324299997654,0.0,0.006000000000000227,-0.014000000000010004,0.001999999999981128,16.18189300006634,0.48023421755402257
139.8,812.086363817,FOLLOW,9.324384492621698,9.15984523114484,0.6903989955165777,0.04845646669706431,0.048521866645218736,0.0896629744217742,0.09076701076175558,0.4571800399030643,0.8664994913983284,inf,green,False,unknown,0,1.847887985789381,0.05348902800005817,0.014178567000044495,0.02786295400005656,0.0,0.040000000000020464,-0.013999999999981583,0.0,15.175161000001935,0.48023421755402257
140.0,812.286287574,FOLLOW,9.334319399763855,9.165694077835537,0.6984296184633545,0.04880557839232586,0.048365892822987866,0.08899420492662151,0.09030328488519429,0.46107172483877407,0.8676354740928635,inf,green,False,unknown,0,1.8400198927853428,0.004768629999944096,0.006080628999939108,0.01709684100001141,0.0,0.006000000000000227,-0.014000000000010004,-0.003999999999990678,0.5845169999929567,0.48023421755402257
140.2,812.486025828,FOLLOW,9.344240879248167,9.171393827419422,0.7065503440048373,0.04864040224045699,0.04894655633174727,0.09093660551013712,0.09135748644757069,0.460147469273649,0.8771095116335941,inf,green,False,unknown,0,1.8578754528468153,0.0036563700000442623,0.10287685500009047,0.0026379500000075495,0.0,0.0069999999999765805,0.08599999999998431,-0.008000000000009777,11.461318999977266,0.48023421755402257
140.3,812.585915149,FOLLOW,9.347559774640805,9.173268679051992,0.7092889520135834,0.04901955677389413,0.04894655633174727,0.09093660551013712,0.09135748644757069,0.460147469273649,0.8771095116335941,inf,green,False,unknown,0,1.8578754528468153,0.06736671800001659,0.08794887400006246,0.029308622000030482,0.0,0.0730000000000075,0.08600000000001273,0.02400000000000091,0.6600919999755206,0.48023421755402257
140.5,812.785985065,FOLLOW,9.357602054090947,9.178842593113174,0.7176421710675559,0.04926316859343655,0.048697289399462745,0.09061394995846188,0.09152838990890452,0.4572682841243724,0.8697217026038628,inf,green,False,unknown,0,1.8607596249384175,0.021130807999952594,0.08816897899998821,0.020228302999953485,0.0,0.03999999999999204,0.08600000000001273,0.020000000000010232,0.7679640000333166,0.48023421755402257
140.7,813.037242031,FOLLOW,9.369315901005175,9.185154746386063,0.7275095937260739,0.04964766550817489,0.04933739336256194,0.09239536724507998,0.0922392724991761,0.45351098888743346,0.8772918207918445,inf,green,False,unknown,0,1.8727249444676006,0.02843707199997425,0.027744061000021247,0.023985680999999204,0.0,0.006000000000000227,-0.014000000000010004,-0.018000000000000682,13.01654700000654,0.48023421755402257
140.8,813.136067845,FOLLOW,9.374378743289954,9.187818695295046,0.7318148920168247,0.04963548478103118,0.04933739336256194,0.09239536724507998,0.0922392724991761,0.45351098888743346,0.8772918207918445,inf,green,False,unknown,0,1.8727249444676006,0.024849227999993673,0.023701598000002377,0.01812784899993858,0.0,0.006000000000000227,-0.013999999999981583,-0.01999999999998181,1.1073030000261497,0.48023421755402257
141.0,813.335911054,FOLLOW,9.38448181377149,9.193017974077312,0.7404772727479355,0.04940200675133463,0.05071163792509498,0.09386449353797091,0.09094757460005132,0.425047488398146,0.8716564479719956,inf,green,False,unknown,0,1.850945806101078,0.01934582000001228,0.018472541000051024,0.009060382000029676,0.0,0.007000000000005002,-0.014000000000010004,-0.02400000000000091,18.37160699994911,0.48023421755402257
141.2,813.538657272,FOLLOW,9.394809954374747,9.198170279004618,0.7494283228526948,0.05101476141997933,0.05064582377059571,0.09376411095128824,0.09097258267664018,0.4084081863511158,0.8529687195967816,inf,green,False,unknown,0,1.8513690561338332,0.025476197999978467,0.02380685800005722,0.009650843000031273,0.0,0.0069999999999765805,-0.014000000000010004,-0.02800000000002001,1.1417969999456545,0.48023421755402257
141.3,813.63636218,FOLLOW,9.400006560208823,9.200700578234194,0.7539672798830556,0.050966982558394075,0.05053203117873002,0.09384526979388746,0.09131418460173134,0.3864626978854174,0.827949116051126,inf,green,False,unknown,0,1.8571442232741453,0.022725501999957487,0.019879192999951556,0.004481657000042105,0.0,0.007000000000005002,-0.013999999999981583,-0.030000000000001137,15.07255800004259,0.48023421755402257
141.5,813.836453549,FOLLOW,9.408737162766691,9.204857661598654,0.7616445593664838,0.05344054387448111,0.05337544249197188,0.10093895055489562,0.09333765637126652,0.46017971607015823,0.956509853497155,inf,green,False,unknown,0,1.8911122014600195,0.015297803999942516,0.012871375000031549,0.026522653000029095,0.0,0.007000000000005002,-0.014000000000010004,0.0,1.1069329999600086,0.48023421755402257
141.7,814.036097709,FOLLOW,9.41977335279427,9.209938396238789,0.7714414809244827,0.05463685838280588,0.05498274597614284,0.104663587123082,0.09408611073404813,0.4433558412910865,0.9660420831084178,inf,green,False,unknown,0,1.9035714798328882,0.0014838680000366367,0.10187904300005357,0.007538369000030798,0.0,0.0069999999999765805,0.08599999999998431,-0.004000000000019099,11.147822999987511,0.48023421755402257
141.8,814.136101381,FOLLOW,9.423504529102095,9.211611663006387,0.7747764193836324,0.05528469080470497,0.055321678267328596,0.10532803529304051,0.09410708068205473,0.43980182087620906,0.9679009613089659,inf,green,False,unknown,0,1.9039197398182377,0.030801966000012726,0.08837665600003675,0.03624558399997113,0.0,0.040000000000020464,0.08600000000001273,0.02800000000002001,12.35020399997211,0.48023421755402257
142.0,814.385950312,FOLLOW,9.436747732542829,9.2173665055923,0.7867035257580578,0.056108427018100794,0.05153719336034754,0.09820386367393974,0.09420196558276173,0.41943275429312676,0.8798180063293131,inf,green,False,unknown,0,1.9054949885861907,0.028250640000010208,0.026851648999922872,0.030625681999936205,0.0,0.007000000000005002,-0.014000000000010004,-0.009999999999990905,14.385500999992473,0.48023421755402257
142.2,814.586041597,FOLLOW,9.447784428672623,9.221941292070207,0.7967472291993957,0.05709571649559982,0.0570168075373577,0.10586392565331931,0.09128873457852119,0.31939269013459515,0.8545307199413796,inf,green,False,unknown,0,1.8567143659166945,0.01969366099990566,0.01587576800000079,0.016360550999934276,0.0,0.0069999999999765805,-0.014000000000010004,-0.014000000000010004,0.6320969999933368,0.48023421755402257
142.3,814.685935971,FOLLOW,9.453615635457771,9.22427681101098,0.8020902662905877,0.05738494625596497,0.047181779354995346,0.08201048442740931,0.08441054961287289,0.3950077573868985,0.7814558457195482,inf,green,False,unknown,0,1.738181254470355,0.015676444000064294,0.014509206000070662,0.012873990000002777,0.0,0.007000000000005002,-0.013999999999981583,-0.015999999999991132,0.5817039999556073,0.48023421755402257
142.5,814.886408564,FOLLOW,9.464188787332354,9.228391210175229,0.8118298958913458,0.05960033278754117,0.05950802401528844,0.11408346273425345,0.09490334311240076,0.4003853612388724,0.9922781520435028,inf,green,False,unknown,0,1.9171105850354537,0.048953054999969936,0.011920056000008117,0.0065721800000346775,0.0,0.03999999999999204,-0.014000000000010004,-0.020000000000010232,0.5565860000160683,0.48023421755402257
142.7,815.086012998,FOLLOW,9.47449158926344,9.232219451662322,0.8213948960124463,0.06127039421444346,0.062367104295584494,0.11986263828661164,0.09519274552701276,0.3647652876863666,0.9936707595578814,inf,green,False,unknown,0,1.9218887848076307,0.00547573200003626,0.10656682499995895,0.027843659000041043,0.0,0.006000000000000227,0.08599999999998431,0.009999999999990905,15.865725000026032,0.48023421755402257
142.8,815.186137884,FOLLOW,9.480778726227669,9.234466146716418,0.8272668682337346,0.06267772894557212,0.06293676877667591,0.12092350747760283,0.09516003562788422,0.35734714734439754,0.9930204645018635,inf,green,False,unknown,0,1.9213491545250183,0.030820592000054603,0.08339949200001229,0.018724455999972633,0.0,0.03900000000001569,0.08600000000001273,0.008000000000009777,12.1258140000009,0.48023421755402257
143.0,815.386016932,FOLLOW,9.49373193451372,9.23887880793845,0.8394449734425175,0.06432493072874956,0.06393304601384217,0.12269562363639216,0.09502539806274243,0.3445079989503189,0.9916388365534229,inf,green,False,unknown,0,1.919126825426514,0.024367850999965412,0.08458586399990509,0.008052841999983684,0.0,0.03999999999999204,0.08600000000001273,0.003999999999990678,1.6656940000530085,0.48023421755402257
143.2,815.585834672,FOLLOW,9.506780189537762,9.2430302442986,0.8518148921921774,0.06356833417713904,0.06083129808173262,0.11565402294060831,0.09394492897233835,0.3078047779170762,0.8970142381072547,inf,green,False,unknown,0,1.901225628708698,0.02301926799998455,0.08868568700006563,0.0020103510000808456,0.0,0.03899999999998727,0.08599999999998431,0.0,12.926516999982596,0.48023421755402257
143.3,815.736343795,FOLLOW,9.515188616259739,9.245551912195921,0.8598362106256214,0.06121826054915813,0.06766605934467411,0.12803472073087216,0.0934002113586939,0.2983942361573157,0.9845330381208182,inf,green,False,unknown,0,1.89215571249236,0.07060022500002106,0.03329855399999815,0.010457754000071873,0.0,0.040000000000020464,-0.013999999999981583,-0.036000000000001364,1.2785059999487203,0.48023421755402257
143.5,815.935881953,FOLLOW,9.52682537261608,9.248838111222055,0.8709991010276713,0.07090680400725573,0.07078643065538973,0.13229477817117974,0.09201339087816278,0.2766914323166791,0.9979285655996032,inf,green,False,unknown,0,1.8689285071489437,0.08546039200007272,0.025393684000050598,0.032684943000049316,0.0,0.07400000000001228,-0.014000000000010004,-0.006000000000000227,14.296473999934278,0.48023421755402257
143.7,816.135871695,FOLLOW,9.540386505869284,9.252369887134495,0.884091923203485,0.04165296986290439,0.05406581848430329,0.09999875890418285,0.09086657498577415,0.26431423121075076,0.748264430024582,inf,green,False,unknown,0,1.8495744947099078,0.009449793000044338,0.010667221999938192,0.017593325999996523,0.0,0.006000000000000227,-0.014000000000010004,-0.010000000000019327,0.7781980000345357,0.48023421755402257
143.8,816.236206202,FOLLOW,9.544075366852793,9.25327356466838,0.8876683770645779,0.054171837038974525,0.0551812614795943,0.09728178719731759,0.0858257282449329,0.3655047198570835,0.8800315856311939,inf,green,False,unknown,0,1.7629496787291066,0.0018722359999401306,0.11100172899989502,0.03403475699997216,0.0,0.007000000000005002,0.08600000000001273,0.02200000000001978,0.7901680000941269,0.48023421755402257
144.0,816.486102272,FOLLOW,9.559755455653791,9.256849053773346,0.9029348490766297,0.07472218445785057,0.03875219508367223,0.040122524579370475,0.04777272845065282,0.41647531575441915,0.6591710566066277,inf,green,False,unknown,0,1.0353613386993816,0.03117447300007825,0.028973215000064556,0.027560133000065434,0.0,0.007000000000005002,-0.014000000000010004,-0.015999999999991132,0.6569689999196271,0.48023421755402257
144.2,816.686341683,FOLLOW,9.568824160686141,9.258734629621861,0.9118053176727335,0.066086045937875,0.05320415261540966,0.08783874289410913,0.0795128667125801,0.3562314937166907,0.8382219959225422,inf,green,False,unknown,0,1.650975320085601,0.030756162999978187,0.02695122700004049,0.021322936000046866,0.0,0.0069999999999765805,-0.014000000000010004,-0.020000000000010232,13.735464999967917,0.48023421755402257
144.3,816.786060351,FOLLOW,9.575331210148379,9.260017188705522,0.9181846899476882,0.047198841306086724,0.05320415261540966,0.08783874289410913,0.0795128667125801,0.3562314937166907,0.8382219959225422,inf,green,False,unknown,0,1.650975320085601,0.02282863199991425,0.02150887599998441,0.013529486999914297,0.0,0.005000000000023874,-0.013999999999981583,-0.02199999999999136,0.8797570000069754,0.48023421755402257
144.5,816.986009742,FOLLOW,9.58536308415835,9.261875223217892,0.9280429295321473,0.04710702814633357,0.05496859225634807,0.08668650848931436,0.07545522112742464,0.33587487393500354,0.8427084561880156,inf,green,False,unknown,0,1.5770188926259674,0.015771964999999,0.018561742999963826,0.010074707999933707,0.0,0.006000000000000227,-0.014000000000010004,-0.02600000000001046,19.330756000044858,0.48023421755402257
144.7,817.186311111,FOLLOW,9.594232060223257,9.26342024668292,0.9367762341928517,0.05507451277713799,0.04532391492109809,0.030005119470848204,0.03009038754859583,0.5190474592716144,0.8678089344266253,inf,green,False,unknown,0,0.662015175058961,0.0005473720000281901,0.1118503679999776,0.02360579300000154,0.0,0.006000000000000227,0.08599999999998431,0.003999999999990678,0.7342609999341221,0.48023421755402257
144.8,817.286067364,FOLLOW,9.598656726483322,9.264157771044253,0.9411389994623471,0.04535694065474218,0.05695052506477313,0.08847176223564544,0.07418108981913475,0.3143169061768898,0.8475150597795451,inf,green,False,unknown,0,1.55348457516452,0.024299747999975807,0.09714952199999516,0.006108723000011196,0.0,0.040000000000020464,0.08600000000001273,0.0020000000000095497,19.73158499993133,0.48023421755402257
145.0,817.535799067,FOLLOW,9.609641796475167,9.265900670169431,0.9519848108992705,0.05668277244369195,0.04515183476714713,0.04280870799768429,0.04356443860998156,0.4412563460017953,0.7913389069059796,inf,green,False,unknown,0,0.9481056133920892,0.08754292499997973,0.011645951999980753,0.027436294999915845,0.0,0.07400000000001228,-0.014000000000010004,-0.0020000000000095497,13.203842000052646,0.48023421755402257
145.2,817.735831501,FOLLOW,9.61953070022612,9.267335639316608,0.9617690012426446,0.055349080314538945,0.055244177907080624,0.08306974966704729,0.07151047939012212,0.30915970461844217,0.816186351801541,inf,green,False,unknown,0,1.503683334862338,0.03817069199999423,0.006558099000017137,0.013023831000054997,0.0,0.03999999999999204,-0.014000000000010004,-0.006000000000000227,0.7616789999929097,0.48023421755402257
145.3,817.835996575,FOLLOW,9.62517656292139,9.26809786973169,0.9673631595549639,0.055352552948986534,0.05564098941562939,0.07909848378667877,0.06717924210794506,0.3252001953022697,0.8406428414797074,inf,green,False,unknown,0,1.4215865788407467,0.13833576599995467,0.10672317299997758,0.005056998999975804,0.0,0.14000000000001478,0.08600000000001273,-0.007999999999981355,0.6499060000351164,0.48023421755402257
145.5,818.036069905,FOLLOW,9.634799131850444,9.269293483235538,0.9769110923075173,0.06019911625089491,0.060089259291402713,0.08355510053799746,0.06556169089591163,0.326418971410726,0.9093745401519411,inf,green,False,unknown,0,1.3905164004900976,0.020210172000020066,0.07689791099994636,0.02885029999993094,0.0,0.03899999999998727,0.08600000000001273,0.02199999999999136,1.3539110000237997,0.48023421755402257
145.7,818.236343234,FOLLOW,9.646657805861617,9.27059384584163,0.9886981303127645,0.05600623738077829,0.0588841827904525,0.08052709895955215,0.06437328673553383,0.3079281723772463,0.868453581349432,inf,green,False,unknown,0,1.3675505907268672,0.024075250999999298,0.09322618999999577,0.01955555099993944,0.0,0.03999999999999204,0.08599999999998431,0.018000000000000682,16.021265000063067,0.48023421755402257
145.8,818.386667488,FOLLOW,9.654504220434369,9.27135138187779,0.9965078582479311,0.05929986495932216,0.09764461144958252,0.13952231154773592,0.06756055150156637,0.09089502708645891,0.9986094621331161,inf,green,False,unknown,0,1.4288787622425676,0.028912037999930362,0.02806735399997251,0.025380497999890395,0.0,0.007000000000005002,-0.013999999999981583,-0.018000000000000682,0.9175830000458518,0.48023421755402257
146.0,818.585896525,FOLLOW,9.672912309868357,9.272815010787646,1.014857200670938,0.06824638119157925,0.06810387596122959,0.09427967696344933,0.06524206433105634,0.215048069379541,0.8726491130670415,inf,green,False,unknown,0,1.384351120002644,0.017014714999959324,0.01503561599997738,0.007918466999967677,0.0,0.006000000000000227,-0.014000000000010004,-0.02199999999999136,0.6016610000187939,0.48023421755402257
146.2,818.786387212,FOLLOW,9.683825274621265,9.273460995225548,1.025750933059503,0.058065915349495546,0.05718937055998944,0.06385360499877109,0.05173820218607087,0.31764635823950416,0.855036323174707,inf,green,False,unknown,0,1.1165292496407373,0.008240768000064236,0.004544590000023163,0.02977177100001427,0.0,0.006000000000000227,-0.014000000000010004,0.007999999999981355,0.9771709999313316,0.48023421755402257
146.3,818.886135365,FOLLOW,9.689669482984385,9.273746396931466,1.0315881595660243,0.05728595806530471,0.06447795300042167,0.07166498855595162,0.05148925172815797,0.2571111622377613,0.882691304892059,inf,green,False,unknown,0,1.11146500813205,0.0024270999999771448,0.1042927429999736,0.019935809000003246,0.0,0.007000000000005002,0.08600000000001273,0.006000000000000227,12.174975999982962,0.48023421755402257
146.5,819.135795055,FOLLOW,9.704922487316503,9.2743155432133,1.0468303704606277,0.06596205340187597,0.06406255855616778,0.06863959021578141,0.04952929236881273,0.24639341929012962,0.8627003390332386,inf,green,False,unknown,0,1.0714462825520876,0.0033064809999814315,0.027274477999981173,0.00790219199996045,0.0,-0.026999999999986812,-0.014000000000010004,-0.03200000000001069,0.6149949999780802,0.48023421755402257
146.7,819.33586876,FOLLOW,9.715300979709525,9.274560001784609,1.057205931922542,0.047783042462675396,0.054155669212134765,0.050523737421091314,0.042838106481273244,0.33424537276699284,0.8284072818356218,inf,green,False,unknown,0,0.9329353354158232,0.20338018600000396,0.016943667000077767,0.029666626999983237,0.0,0.17300000000000182,-0.014000000000010004,-0.0020000000000095497,1.0283829999480076,0.48023421755402257
146.8,819.436396871,FOLLOW,9.7208237936795,9.274643089110757,1.062728115585244,0.054239768418260864,0.05999552168048651,0.05608523952378934,0.042928439906465624,0.2676630065471835,0.8345164663450075,inf,green,False,unknown,0,0.9348237660550422,0.021775424000111343,0.014424530000042068,0.023088893000021926,0.0,0.007000000000005002,-0.013999999999981583,-0.003999999999990678,1.8572779999885825,0.48023421755402257
147.0,819.635880283,FOLLOW,9.732939760021408,9.274729466110339,1.0748437188263171,0.05856726829051369,0.07604915172256692,0.08219685302952763,0.04998814100741579,0.14057599586690292,0.856465540151246,inf,green,False,unknown,0,1.0808385257127915,0.01338645800001359,0.0046582410000155505,0.010884686000053989,0.0,0.007000000000005002,-0.014000000000010004,-0.008000000000009777,11.78740199998174,0.48023421755402257
147.2,819.835758464,FOLLOW,9.747517644982388,9.274638666902952,1.0894211651144454,0.07651615064993762,0.060439134812172085,0.05144497620617766,0.03894902934402625,0.2550554952025178,0.8248122371666483,inf,green,False,unknown,0,0.8511865096357558,0.00783927500003756,0.09779882899999848,0.0008225020000054428,0.0,0.0069999999999765805,0.08599999999998431,-0.012000000000000455,0.6253880000031131,0.48023421755402257
147.3,819.935929967,FOLLOW,9.753706570513822,9.274535192360904,1.095609219365424,0.060796111908707796,0.0593169210693867,0.04340939874823982,0.03333866554219697,0.3128856303369638,0.8809620972124513,inf,green,False,unknown,0,0.7318215100453569,0.011345844999937071,0.0024424030000318453,0.0028501179999693704,0.0,0.006000000000000227,-0.013999999999981583,-0.013999999999981583,15.79151099997489,0.48023421755402257
147.5,820.135680675,FOLLOW,9.763848246266662,9.274301974511802,1.1057481925718373,0.058552456481203274,0.05824485449352735,0.04016475102439913,0.031370619681545794,0.321778689690741,0.8758311407826259,inf,green,False,unknown,0,0.6895845371003986,0.007868489999964368,0.002871132999985093,0.03545607800003836,0.0,0.007000000000005002,-0.014000000000010004,0.015999999999991132,0.6225729999869145,0.48023421755402257
147.7,820.335946909,FOLLOW,9.775918461498664,9.273935274718182,1.1178128067935762,0.059824372557685204,0.05454170365134686,0.035259747275745185,0.02937011709904526,0.30108208311693047,0.7966294002631782,inf,green,False,unknown,0,0.6464731556817528,0.0289178240000183,0.09588428600000043,0.022232705999954305,0.0,0.03899999999998727,0.08599999999998431,0.012000000000000455,15.0067230000559,0.48023421755402257
147.8,820.435990759,FOLLOW,9.781855686223654,9.273721075989641,1.1237461633695711,0.05481824003204999,0.06024608850992316,0.03697309614253927,0.02785463291415405,0.24983710021982852,0.8156279886849083,inf,green,False,unknown,0,0.6137011888572552,0.030108046999998805,0.08369392099996276,0.019092462000003252,0.0,0.040000000000020464,0.08600000000001273,0.010000000000019327,13.737270999968132,0.48023421755402257
148.0,820.638894279,FOLLOW,9.793995182899026,9.273216637159953,1.135875149730074,0.06052854198813089,0.05821660648368263,0.03261173354589077,0.025388605685205942,0.2642777224741139,0.8056665576073424,inf,green,False,unknown,0,0.5601792257511853,0.02958629900001597,0.09614217900002586,0.012319218000016008,0.0,0.03899999999998727,0.08600000000001273,0.006000000000000227,0.9541499999841108,0.48023421755402257
148.2,820.886033842,FOLLOW,9.807782813044307,9.272543984943638,1.1496463318140315,0.05722318895942025,0.09015387008011039,0.037655295403527564,0.018869875397901373,0.07089328599670672,0.8844344193196534,inf,green,False,unknown,0,0.41767808048691873,0.029867335999938405,0.031117134999931295,0.014595678999967276,0.0,0.006000000000000227,-0.014000000000010004,-0.03200000000001069,0.7863700000143581,0.48023421755402257
148.3,820.986954057,FOLLOW,9.817018523647812,9.272033989273345,1.1588679436402358,0.0902313702093825,0.08653363100383929,0.04178688578908137,0.02184562048340357,0.0834445095940989,0.8715460167509959,inf,green,False,unknown,0,0.4828976353393444,0.027041021000059118,0.02607643100009227,0.0072845750000851694,0.0,0.006000000000000227,-0.013999999999981583,-0.033999999999991815,0.6201420000024882,0.48023421755402257
148.5,821.185939415,FOLLOW,9.830899628939582,9.271192112001737,1.1727234693667046,0.06025978947168805,0.07683812948962761,0.03533824821821586,0.02079517032384801,0.1284022351724925,0.8458633201831801,inf,green,False,unknown,0,0.45990510769768506,0.019059653999988768,0.015797215000020515,0.029113390000020445,0.0,0.006000000000000227,-0.014000000000010004,-0.003999999999990678,13.815894999993361,0.48023421755402257
148.7,821.385929117,FOLLOW,9.844975001321595,9.270239701714848,1.1867665593249919,0.07688188795683192,0.07684168545772105,0.03399998642973993,0.01999954934654616,0.1271506098228671,0.8438987781011372,inf,green,False,unknown,0,0.4424679941260139,0.03950273300006302,0.00271042800000032,0.008262549000050967,0.0,0.03999999999999204,-0.014000000000010004,-0.008000000000009777,0.6045259999609698,0.48023421755402257
148.8,821.486020189,FOLLOW,9.850202835062122,9.269863298625674,1.1919808240831755,0.07687834012053221,0.08708161760621698,0.04325195593147466,0.02247619030824551,0.021773238283918604,0.7651811635995007,inf,green,False,unknown,0,0.49668296387258193,0.03296598899999026,0.10280149999994137,0.032384639000042625,0.0,0.040000000000020464,0.08600000000001273,0.02400000000000091,0.5134540000426568,0.48023421755402257
149.0,821.686001999,FOLLOW,9.867788200971965,9.268503481560549,1.2095134862626844,0.09174490106797104,0.09149369021530904,0.0348982226006784,0.01722080125857312,0.022495626498006027,0.8053267493360723,inf,green,False,unknown,0,0.38142764291781855,0.024027476000014758,0.08015430400007517,0.021570232000044598,0.0,0.03999999999999204,0.08600000000001273,0.020000000000010232,0.9384379999346493,0.48023421755402257
149.2,821.935945627,FOLLOW,9.890208447704648,9.266584826269936,1.231851413060069,0.09611823112826028,0.09718975104903164,0.02506816078318511,0.011624280098691094,0.02590189726708049,0.8623604034728709,inf,green,False,unknown,0,0.2579300853496206,0.02967680599999767,0.03067750499997146,0.026103044000024056,0.0,0.0069999999999765805,-0.014000000000010004,-0.018000000000000682,1.3405170000169164,0.48023421755402257
149.3,822.036451311,FOLLOW,9.900120390608171,9.265678701043564,1.2417218486479775,0.09719290279697751,0.08147563787550617,0.004395286542186175,0.002427729959358124,-0.11584353347066224,0.8755975194474422,inf,green,False,unknown,0,0.05394602186364128,0.029410517999963304,0.02823410700000295,0.02302314199994271,0.0,0.007000000000005002,-0.013999999999981583,-0.01999999999998181,1.106597000102738,0.48023421755402257
149.5,822.236072051,FOLLOW,9.917043336768426,9.264088792081433,1.258569940320064,0.09073418193595081,0.09074138504892645,0.0188115973950467,0.009337988939745578,0.028266737816314294,0.8096149366632877,inf,green,False,unknown,0,0.2073100094835863,0.05291066499989938,0.0161648600000035,0.006891111999948407,0.0,0.03899999999998727,-0.014000000000010004,-0.02400000000000091,0.5937610000046334,0.48023421755402257
149.7,822.436562396,FOLLOW,9.932816660210266,9.262558549115655,1.2742688521041747,0.09597811233018537,0.09545862788705532,0.03159055560523846,0.01492893177696603,-0.04631708051735514,0.8876003355988149,inf,green,False,unknown,0,0.3309345242487222,0.010294694999970488,0.00893018600004325,0.032704275000014604,0.0,0.0069999999999765805,-0.014000000000010004,0.006000000000000227,1.6361120000283336,0.48023421755402257
149.8,822.535801321,FOLLOW,9.942575205897372,9.26157843899058,1.2839780502218439,0.09568027454429143,0.09131306701447818,0.022736194368882252,0.011220299218890903,-0.041289698045404256,0.8394899118837258,inf,green,False,unknown,0,0.24899168445713588,0.0341732489999913,0.0059550659999558775,0.0245114320000539,0.0,0.040000000000020464,-0.013999999999981583,0.004000000000019099,0.5388380000113102,0.48023421755402257
150.0,822.736338267,FOLLOW,9.960793882999013,9.25967762723195,1.3020972812477734,0.07854389548019144,0.06775729283824772,0.01933269330275871,0.012863125959193637,-0.17069827286558725,0.8056035416007459,inf,green,False,unknown,0,0.28532269358680407,0.008636959000000388,0.0077909649999128305,0.02301415299996279,0.0,0.007000000000005002,-0.014000000000010004,0.0,13.017726000043695,0.48023421755402257
150.2,822.935894185,FOLLOW,9.97538164355124,9.258095595215059,1.3165989940083278,0.06774218124155322,0.06383088996351154,0.021267261494320205,0.015030797305378249,-0.20687793994281153,0.80703247928692,inf,green,False,unknown,0,0.3331813406718515,0.0015493500000047788,0.004096502000038527,0.01230756500001462,0.0,0.0069999999999765805,-0.014000000000010004,-0.004000000000019099,0.7830219999505061,0.48023421755402257
150.3,823.036012035,FOLLOW,9.981896862427421,9.257368500946209,1.323073512889991,0.06381717472689655,0.07255802225194585,0.01740066893520665,0.010805779584316548,-0.14544707363460965,0.8245116855424741,inf,green,False,unknown,0,0.23981729924756873,0.0048599389999708364,0.003816701000005196,0.010709763000022576,0.0,0.007000000000005002,-0.013999999999981583,-0.006000000000000227,12.033098999950198,0.48023421755402257
150.5,823.235778912,FOLLOW,9.996462071167084,9.255697266763482,1.3375425161409171,0.07371224081745932,0.07373631590793915,0.014187540114686339,0.008665634991362199,-0.14318829733427568,0.8344313310361613,inf,green,False,unknown,0,0.19240912622214115,0.031514412999968044,0.08620574199994735,0.0003240739999910147,0.0,0.03899999999998727,0.08600000000001273,-0.009999999999990905,0.5947280000100363,0.48023421755402257
150.7,823.486003409,FOLLOW,10.011353681828691,9.25394370035018,1.352330516854168,0.06825172290534444,0.06828811628135933,0.005836018263120783,0.0038464085360150058,-0.1464957293366402,0.7774825815043076,inf,green,False,unknown,0,0.08546169642570513,0.057902131999981066,0.031456713000011405,0.03248309799994331,0.0,0.03999999999999204,-0.014000000000010004,-0.014000000000010004,0.5704010000044946,0.48023421755402257
150.8,823.585828114,FOLLOW,10.01831539096601,9.25311403604215,1.3592426112840184,0.06825182135859907,0.05873573828117748,0.006756215944917588,0.005177772361785002,-0.27945988066886285,0.8314287025734669,inf,green,False,unknown,0,0.11502734353273113,0.02886680000005981,0.024332783000090785,0.02335860400000911,0.0,0.006000000000000227,-0.013999999999981583,-0.015999999999991132,0.7713139999623309,0.48023421755402257
151.0,823.786135836,FOLLOW,10.030459137829062,9.251653079781374,1.3712981562153566,0.06323721347876286,0.06966037326239133,0.004931832215351903,0.0031862804377981724,-0.20515466721718273,0.8782354166630659,inf,green,False,unknown,0,0.07079824560765784,0.03049941199992645,0.026578512000014598,0.021334002000003238,0.0,0.007000000000005002,-0.014000000000010004,-0.020000000000010232,17.34336300000905,0.48023421755402257
151.2,823.985966064,FOLLOW,10.043796972042196,9.250027719771383,1.3845365853523937,0.0632236276947279,0.06319647306388891,0.0013463615374477984,0.0009587067913891523,-0.21304284375262864,0.8071280325463094,inf,green,False,unknown,0,0.021304377794733653,0.05481547800002318,0.022862750999934178,0.012957383999946614,0.0,0.03899999999998727,-0.014000000000010004,-0.02400000000000091,0.8240690000320683,0.48023421755402257
151.3,824.085802734,FOLLOW,10.050245777539057,9.249238421103634,1.390936905640603,0.06322355394464037,0.05641519952107355,0.006823151352663986,0.005444329454608793,-0.25854792919847425,0.7740023504150364,inf,green,False,unknown,0,0.12094526671159321,0.021333136000066588,0.0197887049999963,0.008069105000004129,0.0,0.007000000000005002,-0.013999999999981583,-0.025999999999982037,0.5711339999834308,0.48023421755402257
151.5,824.285681544,FOLLOW,10.061695207258683,9.247826844043857,1.4022989856323316,0.05531614260222526,0.05527929956008322,0.008915935194310427,0.007262251900786096,-0.3853859332638422,0.9044913390659888,inf,green,False,unknown,0,0.16128885975879043,0.018393109000044205,0.017035099000054288,0.0015196750000541215,0.0,0.007000000000005002,-0.014000000000010004,-0.030000000000001137,0.560411000037675,0.48023421755402257
151.7,824.485796881,FOLLOW,10.07561352658029,9.246087286034472,1.4161081684662338,0.09946902220565436,0.05504576666910502,0.0052720761182856795,0.004310820352421071,-0.35346918395025945,0.8640685185851448,inf,green,False,unknown,0,0.09577623198487822,0.009216512000080002,0.007359758000006877,0.02346345300009034,0.0,0.006000000000000227,-0.014000000000010004,0.0,0.8765609999272783,0.48023421755402257
151.8,824.585788172,FOLLOW,10.08170716070952,9.245324349311828,1.4221538531175322,0.05507746433872979,0.053972412833937056,0.005376744897392161,0.004483912403917795,-0.35995849287348847,0.8545165315421778,inf,green,False,unknown,0,0.09962024328864806,0.005483292000008078,0.00509236499999588,0.017489836999970976,0.0,0.007000000000005002,-0.013999999999981583,-0.001999999999981128,0.5689120000624825,0.48023421755402257
152.0,824.786045147,FOLLOW,10.091301922852262,9.244114651396295,1.4316720505739646,0.03217492054804873,0.05301926556646872,-2.8162996435216723e-05,-2.390328938151054e-05,-0.3584225931125346,0.8377293515800692,inf,green,False,unknown,0,-0.0005311842051057759,0.03849497099997734,0.0036009419999345482,0.0116643970000041,0.0,0.03899999999998727,-0.014000000000010004,-0.006000000000000227,12.667734000046948,0.48023421755402257
152.2,824.98604181,FOLLOW,10.099604199719954,9.24306115062247,1.4399072152431516,0.05304402296956705,0.03116266853142446,0.005842544328279893,0.008443524696318844,-0.6463070628106018,0.6792858370928145,inf,green,False,unknown,0,0.18748536642130845,0.030846606999944015,0.09822459899999103,0.0344550929999059,0.0,0.03899999999998727,0.08599999999998431,0.02400000000000091,0.9277850000444232,0.48023421755402257
152.3,825.085764189,FOLLOW,10.102844972416955,9.242649021302357,1.443121675823527,0.03119504240942105,0.06111384871116199,-0.00019713866835764264,-0.00014515927797310174,-0.19531352099468693,0.7579562595370511,inf,green,False,unknown,0,-0.0032257609775055247,0.033153842999922745,0.09589271099991947,0.03244032600002811,0.0,0.040000000000020464,0.08600000000001273,0.02200000000001978,11.417166000001089,0.48023421755402257
152.5,825.285915926,FOLLOW,10.11326966246297,9.241315536554149,1.4534607270089444,0.06138250979776267,0.061359801575173185,-0.0015604377234731564,-0.001144409166664695,-0.1909337766679074,0.7554079016752189,inf,green,False,unknown,0,-0.025430944745827303,0.022730002999992394,0.0828567150000481,0.021635964999973112,0.0,0.03999999999999204,0.08600000000001273,0.018000000000000682,0.5924480000203403,0.48023421755402257
152.7,825.535800641,FOLLOW,10.126198043779112,9.23966692424484,1.4662835616328769,0.07434675528910793,0.082710882034592,-0.07443979383113271,-0.04655591834286005,0.0016733863099195774,0.6921408348232263,inf,green,False,unknown,0,-0.899999999999999,0.03160161000005246,0.028859345000000758,0.023779606000061904,0.0,0.0069999999999765805,-0.014000000000010004,-0.020000000000010232,5.278193999970426,0.48023421755402257
152.8,825.636091677,FOLLOW,10.134615179880154,9.238632691107046,1.4746368992602883,0.08263827353986171,0.09475878718556577,-0.07177833442240393,-0.03453862084831299,-0.029759267799050318,0.8484055624665577,inf,green,False,unknown,0,-0.7574847310132906,0.023663481999960823,0.02487320699992779,0.017657192000001487,0.0,0.007000000000005002,-0.013999999999981583,-0.02199999999999136,3.162104000011823,0.48023421755402257
152.8,825.685926544,LANE_GRACE,10.141039670849151,9.237882681948275,1.4810174564262875,0.09468899391578513,0.036,-0.02726945031647846,0.05454095606386572,-0.20827658755850237,0.0,inf,green,False,unknown,0,-0.7574847310132906,0.011936163000086708,0.07470807400000012,0.0012069540000538836,0.049834867000072336,-0.06099999999997863,-0.013999999999981583,-0.08999999999997499,14.487324000015178,0.48023421755402257
153.0,825.835972615,LANE_GRACE,10.148851309551578,9.237015714139595,1.488780819825478,0.035987665426752406,0.036,-0.02726945031647846,-0.035292185134966264,-0.11332920273005617,0.0,inf,green,False,uneven,0,-0.7574847310132906,0.02045505699993555,0.021501728999965053,0.010246205999919766,0.0,0.007000000000005002,-0.014000000000010004,-0.02600000000001046,0.6697990000930076,0.48023421755402257
153.1,825.935717178,FOLLOW,10.152522037297569,9.236626000850931,1.4924308004399167,0.03598740898391962,0.0763357227519364,-0.06870215047674268,-0.04446770236691468,0.019830260377054293,0.6676676324795018,inf,green,False,uneven,0,-0.899999999999999,0.019538378999982342,0.014955973000041922,0.0016487750000351298,0.0,0.007000000000005002,-0.014000000000010004,-0.027999999999991587,23.91386199997214,0.48023421755402257
153.3,826.136210521,FOLLOW,10.163847326681552,9.23548275654601,1.5036982027319754,0.0762612929488735,0.07635974047022924,-0.06872376642320624,-0.043578739448576057,0.021376426846970067,0.6703373873813995,inf,green,False,unknown,0,-0.899999999999999,0.016484108999975433,0.014262603999895873,0.030999578999967525,0.0,0.006000000000000227,-0.013999999999981583,0.0020000000000095497,5.423691000032704,0.48023421755402257
153.5,826.335654169,FOLLOW,10.18178450655457,9.233896568414336,1.521564962953388,0.09992572534434595,0.09602467306237127,-0.0668199679076555,-0.03166262052658065,0.021965382461794008,0.8441476644694214,inf,green,False,uneven,0,-0.6958624880113227,0.01056711399996857,0.016163496999979543,0.027992832999984785,0.0,0.007000000000005002,-0.014999999999986358,-0.0020000000000095497,14.82612099994185,0.48023421755402257
153.7,826.536001458,FOLLOW,10.201483054062455,9.232421330997477,1.5412080477860128,0.0913560955875296,0.09140098799619396,-0.049381409474506095,-0.02447405324599581,0.0009108174954088772,0.7634092670300454,inf,green,False,uneven,0,-0.5402721628847424,0.008420487999956094,0.006182982000041193,0.014843726999970386,0.0,0.0069999999999765805,-0.014000000000010004,-0.006000000000000227,0.7009429999698114,0.48023421755402257
153.8,826.637354978,FOLLOW,10.210801378849574,9.231805255424229,1.5505059761088422,0.09135602404361091,0.07935859732393319,0.004208807190359595,0.0023867396569930838,-0.13102311205290143,0.8779426941480845,inf,green,False,unknown,0,0.05303530218886934,0.07593485600000349,0.1075365020000163,0.0047311050000189425,0.0,0.0730000000000075,0.08600000000001273,-0.007999999999981355,2.059089999988828,0.48023421755402257
154.0,826.835958166,FOLLOW,10.225940311872352,9.230856963235627,1.5656151762933652,0.09948617956080015,0.1,-0.022817368428442425,-0.010279872007517173,-0.05355831004256925,0.9709949110081895,inf,green,False,uneven,0,-0.22817368428442425,0.02260302899992439,0.09307020299991109,0.026611403999936556,0.0,0.03999999999999204,0.08600000000001273,0.02199999999999136,15.195242999993752,0.48023421755402257
154.2,827.08569884,FOLLOW,10.249703533693264,9.22948986314577,1.5893390106318928,0.10000131616335578,0.1,-0.016767557840337777,-0.007550180219883164,-0.06280594973404123,0.9953917154554855,inf,green,False,uneven,0,-0.16767557840337777,0.005381510000006529,0.03534123899999031,0.03425338599993211,0.0,-0.02600000000001046,-0.014000000000010004,-0.016000000000019554,11.375182000051609,0.48023421755402257
154.3,827.186176265,FOLLOW,10.259903610223665,9.228934071448634,1.5995239327892943,0.09999884627170616,0.09820318547910167,-0.011261301628202002,-0.005161834586893177,-0.07821263133699967,0.9783750777840968,inf,green,False,uneven,0,-0.11467348613246854,0.0361208079999642,0.0355511169999545,0.03278227499993136,0.0,0.007000000000005002,-0.013999999999981583,-0.018000000000000682,10.953012000072704,0.48023421755402257
154.5,827.385718549,FOLLOW,10.280062220219527,9.227879549803179,1.6196549371499147,0.09820903871080426,0.1,-0.013985298638498473,-0.006296156384363084,-0.07263281284928501,0.9868075368706115,inf,green,False,uneven,0,-0.13985298638498472,0.0669486079999615,0.02994133699996837,0.022504175999984,0.0,0.03899999999998727,-0.014000000000010004,-0.02199999999999136,0.5507600000100865,0.48023421755402257
154.7,827.58590841,FOLLOW,10.29987067893616,9.226891951756686,1.6394387559756474,0.09116199874686927,0.09115398249316396,-0.009400399442385876,-0.004641807583308545,-0.08543075915719087,0.921853060872039,inf,green,False,uneven,0,-0.10312659069054776,0.02120982600001753,0.01894622400004664,0.007478624999976091,0.0,0.006000000000000227,-0.014000000000010004,-0.02600000000001046,0.5235429999856933,0.48023421755402257
154.8,827.685643042,FOLLOW,10.30917220284856,9.226443087840302,1.6487294428592794,0.09125359580366355,0.09124670927524922,-0.010149030640709385,-0.0050065759001935335,-0.0846737948946899,0.9213518511684905,inf,green,False,uneven,0,-0.1112262647203467,0.01763903100004427,0.016903586000012183,0.0023297970000157875,0.0,0.004000000000019099,-0.013999999999981583,-0.027999999999991587,0.6632070000023305,0.48023421755402257
155.0,827.886066507,FOLLOW,10.324707855509526,9.225713881269995,1.6642479706085256,0.09147731584342839,0.09155744230295237,-0.01129539233097496,-0.005553528217015553,-0.08161869046468943,0.9186619888384225,inf,green,False,uneven,0,-0.12336946125690022,0.019565393999982916,0.016371540000022833,0.03419457699999384,0.0,0.007000000000005002,-0.014000000000010004,0.0020000000000095497,0.7225880000305551,0.48023421755402257
155.2,828.085715896,FOLLOW,10.343381483194603,9.224874500685559,1.6829027198435536,0.09151265084648494,0.09163042966010117,-0.012238873906289405,-0.00601296513240749,-0.08069439888306684,0.9176298813512389,inf,green,False,uneven,0,-0.13356778912517317,0.01419206299999587,0.012398540000049252,0.02551009299997986,0.0,0.006000000000000227,-0.014000000000010004,-0.0020000000000095497,0.5739229999335294,0.48023421755402257
155.3,828.185934893,FOLLOW,10.352727977189545,9.22447053170434,1.6922404791987842,0.09163367665579965,0.09188655548468375,-0.013041050731194097,-0.006389547293691414,-0.07893416751216367,0.9168252282628594,inf,green,False,uneven,0,-0.14192555877630939,0.011747339999942596,0.007701050999912695,0.018037541000012425,0.0,0.007000000000005002,-0.013999999999981583,-0.003999999999990678,11.644955000065238,0.48023421755402257
155.5,828.385615417,FOLLOW,10.371464249921193,9.22369542224518,1.7109607072093904,0.09188840481681694,0.09219580262440179,-0.013902485147234751,-0.0067891619301929974,-0.07683110054634112,0.9158713756488908,inf,green,False,uneven,0,-0.15079303776845837,0.004909137000026931,0.003318715000091288,0.009431521000010434,0.0,0.007000000000005002,-0.014000000000010004,-0.008000000000009777,0.4731369999717572,0.48023421755402257
155.7,828.586048727,FOLLOW,10.390265490522209,9.222967303567867,1.7297478378164095,0.09209984755216111,0.09251748713720868,-0.014154649481134386,-0.0068883738985043436,-0.07521972547739507,0.9159611424833904,inf,green,False,uneven,0,-0.15299431403862318,0.0701504380000415,0.0036619560000872298,0.005866410000066935,0.0,0.07299999999997908,-0.014000000000010004,-0.012000000000000455,12.033691999931762,0.48023421755402257
155.8,828.68640741,FOLLOW,10.396541943114594,9.222735733183931,1.7360200168797877,0.09251765810379751,0.09258159527811183,-0.014435189249144937,-0.007020177370927555,-0.0745673206562845,0.9153374919420428,inf,green,False,uneven,0,-0.15591856249378874,0.0008051890000615458,0.10402063900005487,0.035033339000051456,0.0,0.005000000000023874,0.08600000000001273,0.020000000000010232,11.504576999982419,0.48023421755402257
156.0,828.885961809,FOLLOW,10.415424136418208,9.222074357219045,1.7548906176713328,0.09258145073849748,0.09366932583378836,-0.015246650674141505,-0.007329067043576096,-0.06858024349920656,0.9144082397417306,inf,green,False,uneven,0,-0.16277100895543908,0.02904010100007781,0.09901288900005056,0.02401289900001302,0.0,0.03999999999999204,0.08600000000001273,0.015999999999991132,0.7260699999278586,0.48023421755402257
156.2,829.085890745,FOLLOW,10.433188151704538,9.221503925953353,1.7726454649429375,0.07838093452241185,0.07863466764758395,-0.00507521110584015,-0.00290464646574385,-0.1402626223948673,0.8850702448840112,inf,green,False,uneven,0,-0.06454164883846986,0.02413653400003568,0.09213043800002652,0.01782339999999749,0.0,0.03899999999998727,0.08599999999998431,0.012000000000000455,0.6254830000216316,0.48023421755402257
156.3,829.186289892,FOLLOW,10.441209841464222,9.221258245934424,1.7806633915344336,0.07864745687837917,0.07862469565809808,-0.005339159586939884,-0.003056127760552356,-0.1412814248622177,0.886626818649449,inf,green,False,uneven,0,-0.0679069030697096,0.026517773000023226,0.09151991999999609,0.015210625000008804,0.0,0.03900000000001569,0.08600000000001273,0.010000000000019327,13.283496999974886,0.48023421755402257
156.5,829.386056146,FOLLOW,10.457252195888087,9.220778784803995,1.7966985788151089,0.07863722111009654,0.07839140093574747,-0.005524584881915145,-0.003171701290209876,-0.14267119843286832,0.8862657394298658,inf,green,False,uneven,0,-0.07047437366814381,0.02778100099999392,0.09112499299999399,0.008922713999936605,0.0,0.03899999999998727,0.08600000000001273,0.006000000000000227,0.8388769999783108,0.48023421755402257
156.7,829.635940202,FOLLOW,10.475919769170341,9.220241942782792,1.8153584300376224,0.07847502140267064,0.06942492142241821,-0.0015537228308926383,-0.0010071068702765668,-0.22310936690870703,0.9012358090668695,inf,green,False,uneven,0,-0.02237990046022466,0.0004592579999780355,0.031609022999987246,0.0134423299999753,0.0,-0.02600000000001046,-0.014000000000010004,-0.03200000000001069,12.044002999914483,0.48023421755402257
156.8,829.736640966,FOLLOW,10.483321541129547,9.220035196942844,1.8227573140088233,0.06944245442210117,0.06952386655720103,-0.002065955880095203,-0.0013372366408999914,-0.2211546071846392,0.8996889587769891,inf,green,False,uneven,0,-0.029715779377653424,0.02685702099995524,0.02610117500000797,0.005925130000036916,0.0,0.007000000000005002,-0.013999999999981583,-0.033999999999991815,16.010991000030117,0.48023421755402257
157.0,829.937559962,FOLLOW,10.495134091045925,9.219707949150333,1.8345653300765323,0.06936019038518751,0.0693436670988538,-0.002195361704844511,-0.0014246939752708132,-0.22272364052915475,0.8996237671550001,inf,green,False,uneven,0,-0.03165915211427864,0.02637500900004852,0.024745278000068538,0.03659210199998597,0.0,0.006000000000000227,-0.014000000000010004,-0.003999999999990678,0.8339469999327775,0.48023421755402257
157.2,830.136131699,FOLLOW,10.509276381632235,9.219321248536907,1.8487023326724785,0.06928871772659609,0.06954027579175764,-0.0035454192516809675,-0.002294399850048451,-0.21954744236146612,0.8975729168311339,inf,green,False,uneven,0,-0.05098368120221337,0.016897044999950595,0.013724337999974523,0.019147914999962268,0.0,0.0069999999999765805,-0.014000000000010004,-0.008000000000009777,11.82910099998935,0.48023421755402257
157.3,830.2357136,FOLLOW,10.516361581224459,9.219130233236687,1.8557849569077653,0.06955465960856737,0.06954027579175764,-0.0035454192516809675,-0.002294399850048451,-0.21954744236146612,0.8975729168311339,inf,green,False,uneven,0,-0.05098368120221337,0.04596172200001547,0.014470189999997274,0.018261723000023267,0.0,0.038000000000010914,-0.013999999999981583,-0.009999999999990905,0.641233999999713,0.48023421755402257
157.5,830.435865819,FOLLOW,10.530535970682635,9.218754997110706,1.869954378474014,0.06940809643801413,0.06291354814064591,-0.005621059171503663,-0.004021281877238353,-0.2552667154018152,0.8588573759248963,inf,green,False,uneven,0,-0.08934576633537734,0.010772134000035294,0.005726929000047676,0.0067822089999936,0.0,0.007000000000005002,-0.014999999999986358,-0.014000000000010004,12.128208000035556,0.48023421755402257
157.7,830.635814397,FOLLOW,10.54146177268829,9.218473377763766,1.8808765500887865,0.06292470755164034,0.06397377139170565,-0.0064753734576323396,-0.004555914116410875,-0.2502773086565985,0.8666810809418927,inf,green,False,uneven,0,-0.101219192127727,0.0005170839999664167,0.10422255000003133,0.028428186000041933,0.0,0.0069999999999765805,0.08599999999998431,0.015999999999991132,0.8154629999808094,0.48023421755402257
157.8,830.73559577,FOLLOW,10.547986746118323,9.218310161453587,1.887399481750409,0.06398365800232368,0.06382547788987697,-0.006557929371629785,-0.004624751165820826,-0.2524011911898688,0.8674962042420493,inf,green,False,uneven,0,-0.10274783030915471,0.006881310000039775,0.09838464300003125,0.025600042000064605,0.0,0.007000000000005002,0.08600000000001273,0.014000000000010004,0.5444849999776125,0.48023421755402257
158.0,830.935597186,FOLLOW,10.561331200781733,9.217989975023483,1.900740093179556,0.07371995828528045,0.053377356652725375,-0.005890932968461696,-0.004967737063864136,-0.35219343667791875,0.8364603612790931,inf,green,False,uneven,0,-0.11036389469018251,0.03827433599997221,0.08699480200004928,0.01714776599999368,0.0,0.03899999999998727,0.08600000000001273,0.009999999999990905,0.46795000002930465,0.48023421755402257
158.2,831.185961619,FOLLOW,10.573934501959735,9.217712011398266,1.9133403278829106,0.048379762971315216,0.05363536116233751,-0.005801536460701952,-0.004868763766646092,-0.3476055068276452,0.8353769034511069,inf,green,False,uneven,0,-0.10816626074619895,0.008963039999912326,0.032534213999952044,0.01873634999992646,0.0,-0.027000000000015234,-0.014000000000010004,-0.02800000000002001,11.311212000009618,0.48023421755402257
158.3,831.285655511,FOLLOW,10.579220553720774,9.21759984883241,1.9186251894948902,0.05364568022830961,0.05363536116233751,-0.005801536460701952,-0.004868763766646092,-0.3476055068276452,0.8353769034511069,inf,green,False,uneven,0,-0.10816626074619895,0.005462002999934157,0.028275172999997267,0.010041893999982676,0.0,-0.026999999999986812,-0.013999999999981583,-0.030000000000001137,0.5159800000456016,0.48023421755402257
158.5,831.485917483,FOLLOW,10.58959798817379,9.217389663487127,1.929000493797455,0.04802213321429906,0.048184055675945754,-0.012455980661384017,-0.011650419650283655,-0.31189558476592616,0.7146253435796114,inf,green,False,uneven,0,-0.2585083485947041,0.0023284879999891928,0.024762033000001793,0.0033832579999852896,0.0,-0.02600000000001046,-0.014000000000010004,-0.033999999999991815,0.476446999982727,0.48023421755402257
158.7,831.685755909,FOLLOW,10.597802606256614,9.2172408802456,1.9372037613516124,0.04859331827225877,0.04757475311016926,-0.020316665815091627,-0.01929663232489138,-0.2416818353975576,0.6359969769649807,inf,green,False,uneven,0,-0.42704721489661024,0.032506427000043914,0.017999357000007876,0.028928930000006403,0.0,0.0069999999999765805,-0.014000000000010004,-0.004000000000019099,12.649801999941701,0.48023421755402257
158.8,831.78577003,FOLLOW,10.602725609032571,9.21715998157828,1.9421260990062363,0.04756551417413202,0.05598405500002962,-0.04209106920642016,-0.03427442081111596,-0.09039259560986247,0.5719617925881213,inf,green,False,uneven,0,-0.751840308930782,0.0609603689999858,0.014861900000028072,0.023619290999931764,0.0,0.040000000000020464,-0.013999999999981583,-0.006000000000000227,13.617285999998785,0.48023421755402257
159.0,831.985930716,FOLLOW,10.613773848242722,9.2170187576048,1.9531734162519128,0.056243593646563055,0.05683285681506693,-0.040791546711459986,-0.03268187691433101,-0.08763330084026323,0.577366532602357,inf,green,False,uneven,0,-0.7177458427647747,0.021497663999980432,0.010749648000000889,0.014296220000005633,0.0,0.006000000000000227,-0.014000000000010004,-0.009999999999990905,15.048974000023918,0.48023421755402257
159.2,832.186019506,FOLLOW,10.624957954740522,9.216959815890414,1.9643573432474104,0.0450814820681749,0.040095068062578086,-0.018931793321414463,-0.029929827040558275,-0.12225245013496623,0.43624474029186744,inf,green,False,uneven,0,-0.47217261963159174,0.013599636999970244,0.0032985819999566957,0.0037076999999499094,0.0,0.006000000000000227,-0.014000000000010004,-0.014000000000010004,0.49705800006449863,0.48023421755402257
159.3,832.285867111,FOLLOW,10.629076359335455,9.216955435184751,1.9684757449677035,0.0408021120924138,0.040810071945893735,-0.018559341163433857,-0.029383156279879,-0.11387285362868181,0.43689975265892134,inf,green,False,uneven,0,-0.4547735467861942,0.013780823000047349,0.0035092660000373144,0.0023160800000141535,0.0,0.006000000000000227,-0.013999999999981583,-0.015999999999991132,0.40391799996086775,0.48023421755402257
159.5,832.48572356,FOLLOW,10.63603344525064,9.216965315731665,1.9754328212010228,0.04143610517384346,0.042186497987504686,-0.018083000036328747,-0.028748118451614763,-0.10008774154117586,0.4395198021271371,inf,green,False,uneven,0,-0.4286442558395056,0.009561370000028546,0.10153440900000987,0.028546964000042863,0.0,0.007000000000005002,0.08600000000001273,0.014000000000010004,12.17394200000399,0.48023421755402257
159.7,832.686024008,FOLLOW,10.6445864843217,9.217006258377904,1.9839857577183215,0.042179040166857584,0.04285955290960533,-0.017827188891816496,-0.028504309167956488,-0.0929680703922146,0.440174814494191,inf,green,False,uneven,0,-0.4159443503625819,0.005117302000030577,0.09383036500003072,0.016818452000052275,0.0,0.0069999999999765805,0.08599999999998431,0.009999999999990905,0.5188610000459448,0.48023421755402257
159.8,832.785797836,FOLLOW,10.648956552997602,9.217038969128202,1.9883557034539598,0.04285240270676015,0.04417623191223719,-0.01728544526902315,-0.02816410986158764,-0.07827508551874524,0.440174814494191,inf,green,False,uneven,0,-0.3912838311643084,0.007785807000004752,0.09159233200000472,0.01758418500003245,0.0,0.007000000000005002,0.08600000000001273,0.008000000000009777,12.523001999966255,0.48023421755402257
160.0,833.035953388,FOLLOW,10.659464168830079,9.21714854421635,1.998862740932529,0.0454457130928636,0.045451685632051424,-0.01687984814272486,-0.02812677203223979,-0.06485385089484866,0.440174814494191,inf,green,False,uneven,0,-0.37138002492082717,0.012557820000097308,0.035629926000069645,0.017592781000075775,0.0,-0.02600000000001046,-0.014000000000010004,-0.030000000000001137,0.548385000001872,0.48023421755402257
160.2,833.235755836,FOLLOW,10.668757425830929,9.217279694700778,2.008155068192651,0.04566748474416198,0.1,-0.022868704576061452,-0.028358185058638415,0.03426652498616867,0.9082825954549242,inf,green,False,uneven,0,-0.22868704576061452,0.06976210499999524,0.022272331999943162,0.0034160469999733323,0.0,0.03999999999999204,-0.014000000000010004,-0.034000000000020236,0.7131510000135677,0.48023421755402257
160.3,833.335894671,FOLLOW,10.674771496094632,9.21737903360406,2.014168317593615,0.09999958847031266,0.09958296462929885,-0.02217465063491473,-0.027972571220870785,0.03578360354670098,0.9040963162087399,inf,green,False,uneven,0,-0.22267514044656794,0.09849736900002881,0.019194982000044547,0.03169416499997624,0.0,0.07200000000000273,-0.014999999999986358,-0.001999999999981128,12.536196000041855,0.48023421755402257
160.5,833.536563172,FOLLOW,10.69512628355319,9.217775299137925,2.034519231261915,0.09999284738781898,0.09627443897125137,-0.015456456633831371,-0.022249959429836,0.0398018425040908,0.88211824261675,inf,green,False,uneven,0,-0.1605457980227425,0.02755229199999576,0.018481373999975403,0.026412290000052963,0.0,0.0049999999999954525,-0.014000000000010004,-0.006000000000000227,13.606245999994826,0.48023421755402257
160.7,833.736027384,FOLLOW,10.7150232655989,9.218236817077019,2.0544108517449797,0.09626961199177177,0.09764530115742498,-0.010904977583587666,-0.01732783896230097,0.0400661582496631,0.895216511489154,inf,green,False,uneven,0,-0.11167949153033513,0.02184001000000535,0.007149151999897185,0.013373448999914217,0.0,0.006000000000000227,-0.014000000000010004,-0.010000000000019327,0.6782720000728659,0.48023421755402257
160.8,833.835651135,FOLLOW,10.724981357883182,9.218489042269033,2.064365748814692,0.09764644712915709,0.09731814599575977,-0.010020888865862327,-0.016983491061747805,0.04365315259594488,0.8994896307460679,inf,green,False,uneven,0,-0.10297040457695263,0.010939000999997006,0.0023128810000798694,0.004225816000030136,0.0,0.006000000000000227,-0.013999999999981583,-0.012000000000000455,20.052613999951063,0.48023421755402257
161.0,834.035505835,FOLLOW,10.741304664830718,9.218925762233255,2.0806832104398123,0.09021910586998905,0.0875323716372331,-0.006334804090207333,-0.013529287139602905,0.04130836006891418,0.8047659870868765,inf,green,False,uneven,0,-0.07237098654725285,0.006295709000028182,0.08622745000002396,0.02740371499999128,0.0,0.007000000000005002,0.08600000000001273,0.018000000000000682,0.4718440000033297,0.48023421755402257
161.2,834.235618728,FOLLOW,10.759145298010264,9.219435088066469,2.0985165706927815,0.08733686439003287,0.06375778962376961,-0.007307641255507569,-0.0195058844732714,0.05257364645010247,0.6011478195755817,inf,green,False,uneven,0,-0.1146156618450775,0.03324921799992353,0.09112287300001753,0.018709620999970866,0.0,0.03899999999998727,0.08599999999998431,0.013999999999981583,13.55397300005734,0.48023421755402257
161.3,834.335739939,FOLLOW,10.766580469410606,9.219655816443348,2.1059484644116675,0.0637594446256203,0.06140574942240394,-0.008605884141823368,-0.023562384539183134,0.06230775112451517,0.5914240400330638,inf,green,False,uneven,0,-0.14014785623125225,0.0022048859999586057,0.0851184649999368,0.015287492999959795,0.0,0.007000000000005002,0.08600000000001273,0.012000000000000455,11.512119000030907,0.48023421755402257
161.5,834.585611339,FOLLOW,10.781261385958501,9.220115632836475,2.1206221759711736,0.061235297935364294,0.06022308956484694,-0.008580900080754971,-0.024700406202314198,0.06828645886730504,0.5875345282160568,inf,green,False,uneven,0,-0.142485218589047,0.04422968500000479,0.03175782599998911,0.02083030799997232,0.0,0.007000000000005002,-0.014000000000010004,-0.02600000000001046,11.794095000027482,0.48023421755402257
161.7,834.785611321,FOLLOW,10.793524216790244,9.220522303304335,2.132878260240355,0.0588295135581839,0.05882715641616442,-0.009166672202471568,-0.02701316165105284,0.07463814681129077,0.5817002604905462,inf,green,False,uneven,0,-0.15582381948947588,0.0005204620000540672,0.02565603599998667,0.006905370000026778,0.0,-0.02800000000002001,-0.014000000000010004,-0.030000000000001137,0.39591299992025597,0.48023421755402257
161.8,834.886379563,FOLLOW,10.797524623398067,9.220659795511091,2.1368763033301277,0.05882950838492364,0.057450787580591745,-0.00926581214337112,-0.028373180183013946,0.07997410424714109,0.5744768814018187,inf,green,False,uneven,0,-0.16128259565411657,0.032126231000006555,0.019949117999999544,0.03151762200002395,0.0,0.006000000000000227,-0.013999999999981583,0.0020000000000095497,0.7406959999798346,0.48023421755402257
162.0,835.085862527,FOLLOW,10.809249610122366,9.221077114918192,2.148593859384506,0.0561073074616219,0.05610521210118912,-0.009354977753959923,-0.029733198714975043,0.08530550177621181,0.5672535023130912,inf,green,False,uneven,0,-0.1667399053244404,0.02713751700002831,0.01344812600007117,0.025456406999978753,0.0,0.007000000000005002,-0.014000000000010004,-0.0020000000000095497,0.693566999984796,0.48023421755402257
162.2,835.285941619,FOLLOW,10.820992684794033,9.221510789419977,2.1603289229189335,0.05906250916944733,0.09928520922602302,0.025624399848826206,0.02713509693112324,-0.006099182149365974,0.8399925472128464,inf,green,False,uneven,0,0.2580887933719533,0.017629667000051086,0.005286435000016354,0.0134943560000238,0.0,0.0069999999999765805,-0.014000000000010004,-0.006000000000000227,16.59304199995404,0.48023421755402257
162.3,835.386064859,FOLLOW,10.829760312268919,9.221827156585917,2.169090840703497,0.09932950146060282,0.09870165172000148,0.025615077057668433,0.0277264398187855,-0.009065122515426684,0.8411542344441122,inf,green,False,uneven,0,0.25952024724301187,0.010330320000093707,0.10540967500003262,0.005398300000024392,0.0,0.007000000000005002,0.08600000000001273,-0.007999999999981355,14.81650499999887,0.48023421755402257
162.5,835.585532843,FOLLOW,10.846568228480335,9.222390319155785,2.1858893073658368,0.09874953096309934,0.1,0.009151477664750204,0.006536299473688698,0.018221340198145693,0.9760048498393841,inf,green,False,uneven,0,0.09151477664750203,0.0036150280000128987,0.0979121689999829,0.03097616599995945,0.0,0.007000000000005002,0.08600000000001273,0.02199999999999136,0.4902050000055169,0.48023421755402257
162.7,835.786188256,FOLLOW,10.86671589489824,9.2230042584637,2.206027615111126,0.0922028410658903,0.09173904718895402,0.005162333472107667,0.001886518622950824,0.025407386021970985,0.8130514220999828,inf,green,False,uneven,0,0.056271932511734714,0.03756148499996925,0.08305154399999992,0.025936500999932832,0.0,0.03999999999999204,0.08599999999998431,0.018000000000000682,14.932697000062944,0.48023421755402257
162.8,835.935605408,FOLLOW,10.879225931870563,9.223369902513786,2.218532307119404,0.09175968958284036,0.0900577592796747,0.004006747486435057,0.00010482188420967917,0.02932711961536669,0.8055049664699332,inf,green,False,uneven,0,0.04449086362444448,0.008329213000024538,0.031638714999985496,0.02636651900002107,0.0,-0.025999999999982037,-0.013999999999981583,-0.018000000000000682,12.93317499994373,0.48023421755402257
163.0,836.1357151,FOLLOW,10.897698350129541,9.223894914344976,2.2369972625696333,0.0894681086104049,0.08944887184806215,0.004056604406144551,7.149750469526497e-06,0.030557997918124864,0.8023526495611784,inf,green,False,uneven,0,0.045351096356308435,0.0006002839999155185,0.022646937999979855,0.01424771199992847,0.0,-0.02600000000001046,-0.014000000000010004,-0.02199999999999136,0.593906000062816,0.48023421755402257
163.2,836.335673503,FOLLOW,10.915978167633977,9.224400036632982,2.2552700993301853,0.08974933259754511,0.07801204074251619,0.009262154415298617,0.009132125359021226,0.01931492188417465,0.6814919327077755,inf,green,False,uneven,0,0.11872724168143427,0.027396293999913723,0.013866478999943865,0.003424403999929382,0.0,0.006000000000000227,-0.014000000000010004,-0.02600000000001046,13.298520000034841,0.48023421755402257
163.3,836.435719017,FOLLOW,10.92205389254804,9.22456574789687,2.2613435639675763,0.0889093445784114,0.1,0.00499592313520136,-0.00045711471269809303,0.036757611078250076,0.9844044436725675,inf,green,False,uneven,0,0.0499592313520136,0.02342006100002436,0.01227707400005329,0.030466237000041474,0.0,0.007000000000005002,-0.013999999999981583,0.006000000000000227,15.27084500003184,0.48023421755402257
163.5,836.635607075,FOLLOW,10.940942487751208,9.225073255695639,2.2802253388153515,0.10002011265095179,0.1,0.004294659770539667,-0.0016751624208951425,0.040137841682546534,0.9814313777506155,inf,green,False,uneven,0,0.042946597705396675,0.011493516000086856,0.0032347710000522056,0.017888960000050247,0.0,0.007000000000005002,-0.014000000000010004,0.0020000000000095497,0.31979699997464195,0.48023421755402257
163.7,836.835303473,FOLLOW,10.961346282901681,9.22560299802419,2.30062225551414,0.10001781011801587,0.1,0.003173255008584508,-0.004088766827813079,0.04864061274527191,0.977206494598368,inf,green,False,uneven,0,0.03173255008584508,0.03173445699997046,0.09998734799989961,0.0019547189999684633,0.0,0.03999999999999204,0.08599999999998431,-0.0020000000000095497,0.36574600005678803,0.48023421755402257
163.8,836.985807542,FOLLOW,10.974948647471603,9.225948643884909,2.314220227734713,0.10001731555344238,0.1,0.0024153207711401143,-0.005866461777290648,0.0553570271486877,0.972251384728448,inf,green,False,uneven,0,0.024153207711401142,0.0150208359999624,0.03606411399994158,0.01189030599994112,0.0,-0.026999999999986812,-0.013999999999981583,-0.03799999999998249,0.42156100005286135,0.48023421755402257
164.0,837.185552544,FOLLOW,10.995352125576941,9.226458019445536,2.3346173462844284,0.10001890611153377,0.1,0.005287101645917939,-0.004230027878338524,0.06380644158917263,0.9779108522942815,inf,green,False,uneven,0,0.05287101645917938,0.012008404999960476,0.03285655599995607,0.0035009529999570077,0.0,-0.02600000000001046,-0.014000000000010004,-0.04200000000000159,11.633217000053264,0.48023421755402257
164.2,837.38667043,FOLLOW,11.012163048609047,9.22686564130034,2.3514233262624904,0.09413712401154699,0.09411941246953481,0.0031799917333260614,-0.004616030445818774,0.053529742559950654,0.889290685566707,inf,green,False,uneven,0,0.03378677841147151,0.035788835999937874,0.020497255999998742,0.022767459999954553,0.0,0.006000000000000227,-0.014000000000010004,-0.012000000000000455,0.48778899997614644,0.48023421755402257
164.3,837.487111022,FOLLOW,11.021765035166311,9.227093496532232,2.361022608903228,0.09413718765831647,0.1,0.007139632675505,0.005982574232980677,0.00832094316477961,0.9619216442797527,inf,green,False,uneven,0,0.07139632675505,0.029493761000026097,0.018295366000074864,0.018616601000076116,0.0,0.007000000000005002,-0.013999999999981583,-0.013999999999981583,0.4194990000314647,0.48023421755402257
164.5,837.687877189,FOLLOW,11.042162027795419,9.227560508682027,2.3814142529639013,0.10002281628611252,0.1,0.006316385717717091,0.004206825371618458,0.014597679044444782,0.9990686200420452,inf,green,False,uneven,0,0.0631638571771709,0.02743288399994981,0.015895318000048064,0.012694850999992013,0.0,0.006000000000000227,-0.014000000000010004,-0.018000000000000682,14.30373799996687,0.48023421755402257
164.7,837.885908151,FOLLOW,11.062395080701721,9.227997964770474,2.4016425749524775,0.09477685173544872,0.09475269150649959,0.007147713837276955,0.013466398347432755,-0.0388228527525945,0.8662426331847644,inf,green,False,uneven,0,0.07543547020811177,0.02125463300001229,0.008691849000001639,0.00037669400001050235,0.0,0.0069999999999765805,-0.014000000000010004,-0.02200000000001978,0.5233819999830303,0.48023421755402257
164.8,837.985661417,FOLLOW,11.068839917000647,9.22813160486434,2.4080860254778913,0.09477707956052601,0.1,0.005599832005429363,0.004238303567382085,0.009549221147130275,0.9972736201140638,inf,green,False,uneven,0,0.05599832005429362,0.02010480199999165,0.00777978600001461,0.033780282999941846,0.0,0.006000000000000227,-0.013999999999981583,0.010000000000019327,14.558462000081818,0.48023421755402257
165.0,838.185886228,FOLLOW,11.088881032168773,9.228529613954446,2.4281231869849162,0.1000226025760075,0.09518894655911452,5.145707079250202e-05,0.006950213828679334,-0.04593752793655558,0.8843400732386756,inf,green,False,uneven,0,0.000540578214725236,0.012865505999911875,0.005190861999949448,0.02327086299999337,0.0,0.007000000000005002,-0.014000000000010004,0.006000000000000227,0.3898250000702319,0.48023421755402257
165.2,838.385839588,FOLLOW,11.108287294062574,9.22890437739596,2.447525829924225,0.09487929681818068,0.09723044013943251,0.0010864692388134185,0.004364798393303685,-0.021552707277744432,0.8539115681371761,inf,green,False,uneven,0,0.011174167650124552,0.010995066999953451,0.10342750699999215,0.01682620099995802,0.0,0.0069999999999765805,0.08599999999998431,0.001999999999981128,11.688755000022866,0.48023421755402257
165.3,838.485481407,FOLLOW,11.118122878743167,9.229094307272396,2.4573595806136,0.09724675213074711,0.09723044013943251,0.0010864692388134185,0.004364798393303685,-0.021552707277744432,0.8539115681371761,inf,green,False,uneven,0,0.011174167650124552,0.043945861999986846,0.08747572699996908,0.010474485999907301,0.0,0.03900000000001569,0.08600000000001273,0.0,0.5397690000563671,0.48023421755402257
165.5,838.735647761,FOLLOW,11.141342659324357,9.229539386988018,2.480575095092308,0.09781390276276634,0.09779790393809086,0.0011121895694215548,0.004204788294073751,-0.0203527414448628,0.8564503547487049,inf,green,False,uneven,0,0.011372325220033404,0.013825421999968057,0.03457390400001259,0.010836693999976887,0.0,-0.02600000000001046,-0.014000000000010004,-0.038000000000010914,0.5981980000342446,0.48023421755402257
165.7,838.935323148,FOLLOW,11.157828756004209,9.229852654885955,2.4970582151462533,0.09568083925168232,0.0824487828219528,-0.005905609877586272,0.006737553768179708,-0.09300910212213015,0.846833341460697,inf,green,False,uneven,0,-0.0716276174790763,0.0024598239999704674,0.022447128999942834,0.028584290999901896,0.0,-0.02600000000001046,-0.014000000000010004,-0.008000000000009777,11.838043000011567,0.48023421755402257
165.8,839.03591203,FOLLOW,11.167296073089318,9.230032360348737,2.5065238265227077,0.08675901366926751,0.08236307609743611,-0.005789803668880736,0.006828092577493724,-0.09271578117535428,0.8454497370698622,inf,green,False,uneven,0,-0.07029610771253075,0.03398317699998188,0.021821639999984654,0.026315364999959456,0.0,0.007000000000005002,-0.013999999999981583,-0.009999999999990905,12.716727999986688,0.48023421755402257
166.0,839.235771502,FOLLOW,11.184100166171836,9.230361476713005,2.523324695451711,0.08203054879330175,0.08202264618507848,-0.005686343909350844,0.007111110589661931,-0.09393690752609135,0.8440419209117588,inf,green,False,uneven,0,-0.0693265113212758,0.06292149400007929,0.01974324900004376,0.02011279900000318,0.0,0.03999999999999204,-0.014000000000010004,-0.014000000000010004,0.48369899991485,0.48023421755402257
166.2,839.435479927,FOLLOW,11.200260300714044,9.2306980000895,2.539481323931127,0.07632982747167327,0.07625297787344328,-0.010245414925710216,0.006024366097356612,-0.13019834008503112,0.8422750478133382,inf,green,False,unknown,0,-0.13436085004725304,0.05815076799990493,0.010780113000009806,0.007805426000004445,0.0,0.03999999999999204,-0.014000000000010004,-0.018000000000000682,14.774427000020296,0.48023421755402257
166.3,839.535215479,FOLLOW,11.208040910319246,9.23087152084338,2.547259998083965,0.07625446917904995,0.07625297787344328,-0.010245414925710216,0.006024366097356612,-0.13019834008503112,0.8422750478133382,inf,green,False,unknown,0,-0.13436085004725304,0.014416987000004156,0.006088096000098631,0.0002765840000620301,0.0,0.006000000000000227,-0.013999999999981583,-0.01999999999998181,0.3509869999334114,0.48023421755402257
166.5,839.735988113,FOLLOW,11.221060868770355,9.23117946402528,2.5602763129467574,0.07681760787483397,0.07664794626631163,-0.009502392535964852,0.006741457236638833,-0.12798760789648003,0.8431076208193297,inf,green,False,unknown,0,-0.12397452246077142,0.009495345999994242,0.0989028189999317,0.02303899999992609,0.0,0.006000000000000227,0.08600000000001273,0.009999999999990905,0.3979860000526969,0.48023421755402257
166.7,839.935597666,FOLLOW,11.236898923756542,9.231582531275107,2.576109235497954,0.07966537744665954,0.07966686083133613,-0.012469160863426414,0.0010263390710596385,-0.11214953461088088,0.8500280353891377,inf,green,False,unknown,0,-0.1565162820940699,0.07717333000005056,0.08733822500005317,0.016622207000068556,0.0,0.07299999999997908,0.08599999999998431,0.006000000000000227,0.38441099991359806,0.48023421755402257
166.8,840.035814153,FOLLOW,11.24502479411269,9.231803371266757,2.5842321039023544,0.07966542325902544,0.08323226475116073,0.0034820753345148826,-0.004107847571597059,0.05556994115508715,0.7899607907268944,inf,green,False,unknown,0,0.04183564324394192,0.0030787230000441923,0.09665772800008199,0.011140376000071228,0.0,0.006000000000000227,0.08600000000001273,0.004000000000019099,0.44492799997897237,0.48023421755402257
167.0,840.285829573,FOLLOW,11.264078384667904,9.232327426602488,2.6032784860199296,0.07575499515382131,0.07449613634574605,0.0004886935153397747,-0.02234948454261996,0.15223745918575454,0.8570741053068821,inf,green,False,unknown,0,0.006559984709430915,0.011188332999950035,0.03163143599999785,0.01064985000004981,0.0,-0.02600000000001046,-0.014000000000010004,-0.033999999999991815,10.638987999982419,0.48023421755402257
167.2,840.485366115,FOLLOW,11.279322431577592,9.23274471810238,2.6185168203757128,0.07451047414041309,0.07460272750759489,0.0007272201908354514,-0.02193042411180398,0.15161029147300178,0.857325672190528,inf,green,False,unknown,0,0.009747903530221695,0.006095147999985784,0.025299601000028815,0.0019408719999773894,0.0,-0.02600000000001046,-0.014000000000010004,-0.038000000000010914,0.34575999995922757,0.48023421755402257
167.3,840.585682781,FOLLOW,11.284396273760812,9.232883380059407,2.623588767473218,0.07461745253437793,0.07379903377706934,0.0012941991248162992,-0.022027218470273342,0.15737345709374956,0.856950470552157,inf,green,False,unknown,0,0.01753680310674243,0.0038143239999044454,0.023861050999926192,0.03189162599994688,0.0,-0.025999999999982037,-0.013999999999981583,-0.006000000000000227,10.652492000076563,0.48023421755402257
167.5,840.78577428,FOLLOW,11.299484777630498,9.233294076694925,2.638671680847566,0.073042670529545,0.07460248188713797,0.0055935407001523425,-0.01791638081734879,0.1684553354024204,0.8835037263126252,inf,green,False,unknown,0,0.07497794387879086,0.03455991700002414,0.020177276000026723,0.024694847000091613,0.0,0.007000000000005002,-0.014000000000010004,-0.009999999999990905,11.665744999959315,0.48023421755402257
167.7,840.986346284,FOLLOW,11.314598532928015,9.233692516697408,2.653780182460017,0.07462411250039182,0.07362902960867573,0.005983663207086845,-0.018284411491302797,0.17496268848557922,0.881957183633094,inf,green,False,unknown,0,0.08126771789454343,0.030013071999974272,0.016451833000019178,0.016826712000010957,0.0,0.0069999999999765805,-0.014000000000010004,-0.014000000000010004,1.6144779999649472,0.48023421755402257
167.8,841.085735018,FOLLOW,11.322112214113316,9.233884253207076,2.661291416754944,0.07365120354571404,0.07249262096301218,0.0063640350561078385,-0.018813232333102926,0.18264368869353945,0.8799451683531672,inf,green,False,unknown,0,0.08778872899843078,0.022873670000080892,0.010609159000068757,0.009132770000064738,0.0,0.007000000000005002,-0.013999999999981583,-0.015999999999991132,15.263294999954269,0.48023421755402257
168.0,841.285756265,FOLLOW,11.336919423562469,9.234248706508806,2.6760941393888107,0.072125495791963,0.07210246397662431,0.006642274623176426,-0.019160144501877106,0.18770776879396955,0.88281621308853,inf,green,False,unknown,0,0.09212271338369044,0.05859187300006852,0.011269779000031122,0.005954524000003403,0.0,0.03999999999999204,-0.014000000000010004,-0.020000000000010232,0.35890699996343756,0.48023421755402257
168.2,841.485668189,FOLLOW,11.349549444284758,9.23454318209549,2.6887207256190337,0.07578726723172605,0.07538723384150083,0.010246133351442822,-0.011586125290469151,0.16748450495612197,0.8912726474282395,inf,green,False,unknown,0,0.13591337457725242,0.02185243899998568,0.006149202999949921,0.03445298899998761,0.0,0.006000000000000227,-0.014000000000010004,0.009999999999990905,0.3648260000090886,0.48023421755402257
168.3,841.585576035,FOLLOW,11.357242271217878,9.23471260116648,2.6964116864737138,0.07541514051171667,0.07369756252298468,0.010760723703958404,-0.012469150151433107,0.17982847279683936,0.8902488568031623,inf,green,False,unknown,0,0.14601193493478656,0.015429094000069199,0.003094569000040792,0.025532353000016883,0.0,0.007000000000005002,-0.013999999999981583,0.008000000000009777,0.3854709999586703,0.48023421755402257
168.5,841.785596165,FOLLOW,11.372221433203258,9.23501885821722,2.7113877145240775,0.0727792519862856,0.07275016243792866,0.011072099598021145,-0.013471261426978583,0.1903277663163484,0.8947175185652904,inf,green,False,unknown,0,0.152193469086313,0.04492061600001307,0.10146696800006794,0.01586692099999709,0.0,0.03999999999999204,0.08600000000001273,0.003999999999990678,0.43132199994033726,0.48023421755402257
168.7,841.985124682,FOLLOW,11.387016330632106,9.235288872033344,2.7261801448334197,0.07226222937043596,0.07622214194345828,0.014560684902577956,-0.0062960100955305465,0.16951490746563905,0.9043676274116969,inf,green,False,unknown,0,0.19102959496177763,0.001085796999973354,0.09191855699998541,0.00019140500000958127,0.0,0.006000000000000227,0.08599999999998431,0.0,11.906495000062023,0.48023421755402257
168.8,842.135574162,FOLLOW,11.397246146630218,9.235455074026325,2.7364086092286466,0.07625634933683549,0.07515993771026863,0.014732686374331299,-0.006957284165668792,0.1770779243241258,0.9036071009619253,inf,green,False,unknown,0,0.1960178097954765,0.0807039920000534,0.035493451999968784,0.012567978999982188,0.0,0.040000000000020464,-0.013999999999981583,-0.036000000000001364,0.41727600000740495,0.48023421755402257
169.0,842.335521754,FOLLOW,11.412516329649792,9.235666167029725,2.7516773276315143,0.07449089782181685,0.0882960930775297,0.012281472884787975,0.003090283039399483,0.07324754841521992,0.8705397829913125,inf,green,False,unknown,0,0.13909418250254907,0.033760062999931506,0.030989887999908206,0.002289558999905239,0.0,0.0049999999999954525,-0.014000000000010004,-0.03999999999999204,0.5325950000951707,0.48023421755402257
169.2,842.535536581,FOLLOW,11.427804848314176,9.235845744880024,2.7669647896186738,0.08476610011459333,0.08325537191769912,0.01438546094763838,0.002377979406683165,0.10061407330563334,0.8683085595894748,inf,green,False,unknown,0,0.17278718016969424,0.0024071660000117845,0.023765143999980864,0.027947233999952914,0.0,-0.027000000000015234,-0.014000000000010004,-0.010000000000019327,10.8936660000154,0.48023421755402257
169.3,842.635819619,FOLLOW,11.436402734144648,9.235932160383445,2.7755622405735134,0.08329042452113054,0.08197320884830968,0.014979218264860475,0.002316747322373667,0.10769082425920345,0.8670217909868787,inf,green,False,unknown,0,0.1827330962800214,0.03428979000000254,0.023936515000059444,0.02612914600001659,0.0,0.007000000000005002,-0.013999999999981583,-0.012000000000000455,11.48608799996964,0.48023421755402257
169.5,842.837178585,FOLLOW,11.453128084578607,9.236064191807824,2.7922870638649546,0.07915570770927413,0.07756368591352714,0.01682003619386816,0.0015842786870623668,0.13533278910753843,0.8650496731989494,inf,green,False,unknown,0,0.21685452406968117,0.032572365999953945,0.020857364999983474,0.017788997999900857,0.0,0.006000000000000227,-0.014000000000010004,-0.015999999999991132,16.79905600008169,0.48023421755402257
169.7,843.035440803,FOLLOW,11.469013945718798,9.236138789204503,2.8081727425573364,0.07760357769241909,0.07676023566972405,0.017932523608703885,0.002500555711459164,0.1405270655778405,0.8643955195754048,inf,green,False,unknown,0,0.23361735998130698,0.0195079690000739,0.008963250000078915,0.003433755000060046,0.0,0.0069999999999765805,-0.014000000000010004,-0.020000000000010232,0.40191799996591726,0.48023421755402257
169.8,843.135593834,FOLLOW,11.474237490945521,9.236151368595817,2.813396272402293,0.07680188944785891,0.09290260883681435,0.013002487557016672,0.005661086707212446,0.0567640717257801,0.8840536226302241,inf,green,False,unknown,0,0.13995826080466536,0.017687164999983906,0.0037780039999688597,0.032545089999985066,0.0,0.007000000000005002,-0.013999999999981583,0.012000000000000455,0.3683759999830727,0.48023421755402257
170.0,843.336844242,FOLLOW,11.493293728777973,9.23616392826917,2.8324525010760846,0.08493791145255832,0.08272086262070846,0.015986822968004667,0.006829523955138861,0.0849644431034805,0.8357641057060707,inf,green,False,unknown,0,0.19326228549268662,0.0067093359999716995,0.10340093199999956,0.0228915049999614,0.0,0.006000000000000227,0.08600000000001273,0.008000000000009777,15.682286000014756,0.48023421755402257
170.2,843.535288593,FOLLOW,11.510327776301734,9.2361262354547,2.8494865001342395,0.08276087202178022,0.08034543442172927,0.01739737548882453,0.007363179479285144,0.0971135196658949,0.832100035301483,inf,green,False,unknown,0,0.21653222257168406,0.003201560999968933,0.09447705800005224,0.009598381000046174,0.0,0.0069999999999765805,0.08599999999998431,0.003999999999990678,0.48032699999112083,0.48023421755402257
170.3,843.685771224,FOLLOW,11.521263536285142,9.236071881138027,2.860422122721052,0.08038760960611108,0.08115706823318578,0.018095974897449654,0.007287904019995163,0.10194798380363192,0.8486797243971123,inf,green,False,unknown,0,0.22297472409248592,0.010969699999918703,0.033818919999930586,0.01831180699991819,0.0,-0.025999999999982037,-0.013999999999981583,-0.031999999999982265,0.43587600009686867,0.48023421755402257
170.5,843.886080651,FOLLOW,11.537969896208903,9.235940300489089,2.8771279570632835,0.08261560765962012,0.05739187381790002,0.03403063271643505,-0.0019751952251159943,0.39830800054178594,0.9545081673940466,inf,green,False,unknown,0,0.592952110684025,0.005061378000050354,0.028194013000074847,0.004131013000005623,0.0,-0.026999999999986812,-0.014000000000010004,-0.036000000000001364,0.3816029999370585,0.48023421755402257
170.7,844.0854617,FOLLOW,11.548117937537068,9.235816917999696,2.8872752346373667,0.05748575912948,0.05704820859300356,0.03363167817042487,-0.0015287712192971065,0.39369800223957224,0.9433135248252776,inf,green,False,unknown,0,0.5895308371619838,0.03026470099996459,0.020271437000019432,0.028003638999962277,0.0,0.0049999999999954525,-0.014000000000010004,-0.006000000000000227,10.635255000011057,0.48023421755402257
170.8,844.185424649,FOLLOW,11.553969321327614,9.235718677806295,2.89312579118043,0.05711357629997149,0.05704820859300356,0.03363167817042487,-0.0015287712192971065,0.39369800223957224,0.9433135248252776,inf,green,False,unknown,0,0.5895308371619838,0.030769397999961257,0.018636803999925178,0.024781404000009388,0.0,0.007000000000005002,-0.013999999999981583,-0.007999999999981355,0.43081900003016926,0.48023421755402257
171.0,844.385895407,FOLLOW,11.568834253137288,9.235397261224994,2.9079872350006903,0.08930644816892168,0.045149895784309675,0.028428169919968698,-0.004243209349874877,0.4329410001976582,0.7834833198625611,inf,green,False,unknown,0,0.6296397682904055,0.027037466000024324,0.014725800000064737,0.016740193000032377,0.0,0.006000000000000227,-0.014000000000010004,-0.012000000000000455,12.666259999946305,0.48023421755402257
171.2,844.585374518,FOLLOW,11.582336341513722,9.23506225905843,2.921485152259168,0.08416620703737396,0.08413338706446175,0.010089114942242334,0.005206766534037937,0.04625892228371049,0.7821932216555202,inf,green,False,unknown,0,0.11991808833884467,0.010399228999972365,0.009408998000026259,0.007695271999978104,0.0,0.0069999999999765805,-0.014000000000010004,-0.016000000000019554,0.3909900000280686,0.48023421755402257
171.3,844.685697353,FOLLOW,11.588059614151152,9.23490622337983,2.927206297385542,0.08416569862562089,0.03481834567289775,0.022359450782715555,-0.02077558059385254,0.5266456784512736,0.6721722822627774,inf,green,False,unknown,0,0.6421744155443871,0.006806804000007105,0.0034622599999920567,0.031919178000066495,0.0,0.007000000000005002,-0.013999999999981583,0.016000000000019554,0.4914280000321014,0.48023421755402257
171.5,844.885294556,FOLLOW,11.597229617143219,9.234638215287992,2.9363723746816794,0.03439739662393621,0.03434447372622898,0.023456917844413505,-0.019591984944078517,0.5426701256935428,0.6744897784246427,inf,green,False,unknown,0,0.682989584624189,0.03295736500001567,0.10062382499995692,0.023679920999938986,0.0,0.03999999999999204,0.08600000000001273,0.012000000000000455,0.3313519999892378,0.48023421755402257
171.7,845.086204729,FOLLOW,11.604176110658962,9.234400150119075,2.9433147813086107,0.03369646518556886,0.04302951181993097,0.031609629456689596,-0.01665369985931886,0.555878999267126,0.8568959728622622,inf,green,False,unknown,0,0.734603487693956,0.02859461499997451,0.09332759599999463,0.017435302999956548,0.0,0.03999999999999204,0.08599999999998431,0.007999999999981355,0.9098240000184887,0.48023421755402257
171.8,845.18539579,FOLLOW,11.608591468399082,9.234231410946265,2.9477269119161655,0.04309451881712176,0.04313947213726933,0.03187788822253198,-0.016700731376065592,0.5584100939201434,0.8613605321405358,inf,green,False,unknown,0,0.7389494271301439,0.030406974000015907,0.0939511430000266,0.015924945000051594,0.0,0.040000000000020464,0.08600000000001273,0.006000000000000227,0.37814199993135844,0.48023421755402257
172.0,845.385459478,FOLLOW,11.617405821794796,9.233852118085164,2.9565330859431893,0.04321509879695459,0.04320051630030483,0.03218201193656751,-0.01799032336436379,0.567718516292513,0.8709570736916984,inf,green,False,unknown,0,0.7449450768795656,0.029963142000042353,0.08821333200000936,0.009864011999979994,0.0,0.03999999999999204,0.08600000000001273,0.0020000000000095497,12.770481999950789,0.48023421755402257
172.2,845.635410805,FOLLOW,11.627679685198219,9.23333804644537,2.9667940558456922,0.0430496835779128,0.04283406574822519,0.032439452957712445,-0.018027922906586974,0.5743732477432334,0.8695076616071953,inf,green,False,unknown,0,0.757328364493547,0.034804151000003,0.03440261900004771,0.011643629999980476,0.0,0.0049999999999954525,-0.014000000000010004,-0.036000000000001364,11.239235000061853,0.48023421755402257
172.3,845.735617769,FOLLOW,11.632060930219199,9.233095049861674,2.971168555283222,0.042902577543958056,0.04241908521888031,0.032698334612705264,-0.018467436579024665,0.5834455027840149,0.8691012206399942,inf,green,False,unknown,0,0.7708401641379943,0.004626973999961592,0.03515329100002873,0.007174678999945172,0.0,-0.025999999999982037,-0.013999999999981583,-0.03799999999998249,12.407444000018586,0.48023421755402257
172.5,845.935683449,FOLLOW,11.63928738374021,9.232662623127,2.9783820503130367,0.04214629774296119,0.04207653792406644,0.03279065882739272,-0.018051032614599782,0.585894488830757,0.864229726008655,inf,green,False,unknown,0,0.7793098112437027,0.03135169999995924,0.02666547699993771,0.03210455799990086,0.0,0.007000000000005002,-0.014000000000010004,-0.008000000000009777,1.074177000077725,0.48023421755402257
172.7,846.135437561,FOLLOW,11.647923183884853,9.232093218220253,2.9869990423647272,0.04252327829145279,0.0422241136774815,0.03334682676545111,-0.01783174036755497,0.5902739880164541,0.8711133633720776,inf,green,False,unknown,0,0.7897578862202446,0.024497526000004655,0.02142786900003557,0.023771351000050345,0.0,0.006000000000000227,-0.014000000000010004,-0.012000000000000455,13.95021199994062,0.48023421755402257
172.8,846.235512109,FOLLOW,11.652253137817048,9.23178599398018,2.991318081443117,0.04229608467143307,0.04213749517323188,0.03369230160097472,-0.017434190305653574,0.5935053348332143,0.8721630468982227,inf,green,False,unknown,0,0.7995800761877745,0.019598376999965694,0.016718473999958405,0.01707783099993776,0.0,0.006000000000000227,-0.013999999999981583,-0.013999999999981583,14.416161000099237,0.48023421755402257
173.0,846.435460146,FOLLOW,11.660862961144028,9.2311313536954,2.999902964839748,0.04214887243309747,0.04207517950323138,0.03388044535308818,-0.01682234205106134,0.5936137851833599,0.8709682993432303,inf,green,False,unknown,0,0.8052359075612775,0.017497519000016837,0.01343919900000401,0.008879416000013407,0.0,0.006000000000000227,-0.014000000000010004,-0.018000000000000682,0.41231700004118466,0.48023421755402257
173.2,846.635305012,FOLLOW,11.668048696066581,9.230539735525378,3.0070642939449157,0.04245523222429982,0.04225013429984631,0.03552262920905812,-0.011813473210975256,0.5890521763358864,0.8705747349947183,inf,green,False,unknown,0,0.840769616421961,0.006848955999998907,0.006414436999989448,0.03484475699997347,0.0,0.0069999999999765805,-0.014000000000010004,0.012000000000000455,0.39030899995395885,0.48023421755402257
173.3,846.735427451,FOLLOW,11.672370590200414,9.230163517972107,3.011369780131742,0.042327348885697315,0.040573330258448274,0.03500177090775289,-0.013776002548372412,0.6093252064451253,0.8531601029015532,inf,green,False,unknown,0,0.8626792694805904,0.0006924690000005285,0.1065368759999501,0.02256879799995204,0.0,0.006000000000000227,0.08600000000001273,0.010000000000019327,0.36174199999550183,0.48023421755402257
173.5,846.935883428,FOLLOW,11.68071994398236,9.229392159192011,3.0196834089534823,0.0406126046744315,0.040538381044603125,0.0354648662752303,-0.012359328243070206,0.6092232866337206,0.8523391281800934,inf,green,False,unknown,0,0.8748466357403225,0.03224392300001,0.0869669950000116,0.015009596000027159,0.0,0.03999999999999204,0.08600000000001273,0.006000000000000227,15.15624699993623,0.48023421755402257
173.7,847.186107002,FOLLOW,11.690189674787463,9.228444691797703,3.0291055965672666,0.03459039166632733,0.031116359717638205,0.027217206066707363,-0.016253175572134043,0.6263921624256815,0.6653664111958759,inf,green,False,unknown,0,0.8746912014672262,0.01760653199994522,0.03423833299996204,0.012061496999990595,0.0,0.006000000000000227,-0.014000000000010004,-0.03200000000001069,23.782800000049065,0.48023421755402257
173.8,847.285754293,FOLLOW,11.693376989916526,9.228109088660894,3.0322751931483247,0.03118504208811008,0.031116359717638205,0.027217206066707363,-0.016253175572134043,0.6263921624256815,0.6653664111958759,inf,green,False,unknown,0,0.8746912014672262,0.02482638300000417,0.023622695999961252,0.0037725259999206173,0.0,0.007000000000005002,-0.013999999999981583,-0.033999999999991815,0.42705600003500876,0.48023421755402257
174.0,847.485939342,FOLLOW,11.698661336663667,9.227533269221556,3.0375280690167084,0.03092796209448635,0.0549946328842587,0.02334156703591662,-0.009545519716768466,0.33915903314418117,0.8468704098093303,inf,green,False,unknown,0,0.4244335458160274,0.01476010999999744,0.014177132000099846,0.02548089300000811,0.0,0.006000000000000227,-0.014000000000010004,-0.003999999999990678,12.713058999906934,0.48023421755402257
174.2,847.68720122,FOLLOW,11.708331464091863,9.226430023778248,3.0471350486452042,0.05504175844863094,0.05440229606487777,0.023702866999790052,-0.00935819135917837,0.3449931159646314,0.844361167937577,inf,green,False,unknown,0,0.43569607745090505,0.08214119199999459,0.10795305300007385,0.008937443000036183,0.0,0.10699999999999932,0.08499999999997954,-0.008000000000009777,27.135002000022723,0.48023421755402257
174.3,847.785538136,FOLLOW,11.712055221411603,9.225994285001764,3.0508332236013653,0.05445789175140772,0.05440229606487777,0.023702866999790052,-0.00935819135917837,0.3449931159646314,0.844361167937577,inf,green,False,unknown,0,0.43569607745090505,0.018800350999981674,0.06791751700006898,0.025540052999986074,0.0,0.038000000000010914,0.08600000000001273,0.02400000000000091,0.3465700000333527,0.48023421755402257
174.5,848.035728439,FOLLOW,11.725646675846074,9.224351345300985,3.0643249910869943,0.058578540097145484,0.05851681701402786,0.028424624747205852,-0.0013534319887369972,0.32856127665428897,0.8881893106142824,inf,green,False,unknown,0,0.48575138221191694,0.07802268399996137,0.02296467099995425,0.023401200999956018,0.0,0.07400000000001228,-0.014000000000010004,-0.014000000000010004,0.9403050000855728,0.48023421755402257
174.7,848.235498526,FOLLOW,11.737596883731046,9.222833923953399,3.076178450393925,0.058580397726898256,0.05760912342678389,0.03144707636061346,0.001421865756527918,0.34972375691241636,0.8998110093324899,inf,green,False,unknown,0,0.5458697249677807,0.01152742700003273,0.013028113000018493,0.007372862000011082,0.0,0.0049999999999954525,-0.014000000000010004,-0.018000000000000682,10.469088000036209,0.48023421755402257
174.8,848.336253127,FOLLOW,11.743511669290488,9.222056473770625,3.0820419163732304,0.05767480011607338,0.0571960993089312,0.03239547208932641,0.0024522679366804495,0.35647707461701794,0.9014070392650982,inf,green,False,unknown,0,0.56639303170571,0.010204482999938591,0.009512111999924855,0.0028822439999203198,0.0,0.007000000000005002,-0.013999999999981583,-0.01999999999998181,29.104775000064365,0.48023421755402257
175.0,848.535880375,FOLLOW,11.753260918295002,9.220732873037637,3.091700886435935,0.057263050159481785,0.05654745766212919,0.033299225350397754,0.00337160687402846,0.3651078649517913,0.9013521791734058,inf,green,False,unknown,0,0.5888721920861674,0.09628387999998722,0.10175503400000707,0.018894708000061655,0.0,0.10699999999999932,0.08500000000000796,0.009999999999990905,1.3874719999193985,0.48023421755402257
175.2,848.785662553,FOLLOW,11.766750641047196,9.218810235755493,3.105052856269646,0.056722388008607204,0.05579629536358395,0.03591328046610257,0.006526255320850133,0.38091228119809306,0.9077502561412277,inf,green,False,unknown,0,0.6436499095877566,0.06796272700000827,0.030254851999984567,0.01637154399998053,0.0,0.03899999999998727,-0.014000000000010004,-0.02800000000002001,0.6685750000769985,0.48023421755402257
175.3,848.885716258,FOLLOW,11.772450282568325,9.217964339567859,3.110689374708603,0.05586792668925158,0.05552591102274802,0.036528740455571695,0.0071648211536733675,0.38607689489033103,0.9093257442233036,inf,green,False,unknown,0,0.6578683678077157,0.05847605300004943,0.024438138000050458,0.010407084999997096,0.0,0.03900000000001569,-0.013999999999981583,-0.030000000000001137,0.4578330000413189,0.48023421755402257
175.5,849.08616953,FOLLOW,11.78190019545276,9.216515147467016,3.1200274906801346,0.05556617375297736,0.05525503645218226,0.03804015541738223,0.009311037930483435,0.39281353883339204,0.9126446039171394,inf,green,False,unknown,0,0.6884468432176714,0.016461715999980697,0.013380492000010236,0.03078461100005825,0.0,0.007000000000005002,-0.014000000000010004,0.0,0.7634260000486393,0.48023421755402257
175.7,849.285222821,FOLLOW,11.7931832970748,9.21470561519867,3.1311645155369776,0.055205790721601214,0.05464331052746903,0.03967556533482707,0.011033086657481733,0.40641966912895666,0.9180300082431752,inf,green,False,unknown,0,0.7260827528903522,0.0680860700000494,0.10495437200006563,0.007184166000001824,0.0,0.07399999999998386,0.08599999999998431,-0.004000000000019099,14.341193999939605,0.48023421755402257
175.8,849.385694298,FOLLOW,11.796921416855746,9.214086340351296,3.134850981560965,0.05471988562831316,0.054627298205360254,0.04054968907562987,0.012446595158957935,0.4085334047661038,0.9201665710656916,inf,green,False,unknown,0,0.742297173899971,0.05228714499992293,0.08453224899994893,0.03459602999998879,0.0,0.07400000000001228,0.08600000000001273,0.02800000000002001,21.33898199997475,0.48023421755402257
176.0,849.585631995,FOLLOW,11.808082258732465,9.212176919076674,3.14584724469088,0.05470500154288443,0.05397003281644601,0.04203975764056791,0.014587601605251146,0.4193260208140067,0.9212302548062514,inf,green,False,unknown,0,0.7789463049530951,0.023428968999951394,0.09146497899996575,0.024624895999977525,0.0,0.03999999999999204,0.08600000000001273,0.02400000000000091,0.5529190000288509,0.48023421755402257
176.2,849.836714597,FOLLOW,11.820946869545473,9.209858716039662,3.158501205879068,0.05404923466030964,0.05312690596247241,0.04335952263464511,0.0169854911908498,0.4291654879541826,0.9177291022056127,inf,green,False,unknown,0,0.8161499686293279,0.015386232999958338,0.017745379999951183,0.018350630999975692,0.0,0.006000000000000227,-0.014000000000010004,-0.014000000000010004,0.562162000051103,0.48023421755402257
176.3,849.934993274,FOLLOW,11.826375220216429,9.208841207454004,3.1638333371120173,0.053208037931722886,0.05325086926185887,0.04391181457732102,0.017627288326350285,0.4309001666084968,0.9217949196192877,inf,green,False,unknown,0,0.8246215542771058,0.0196756440000172,0.01063080100004754,0.007048945000065032,0.0,0.040000000000020464,-0.013999999999981583,-0.015999999999991132,0.5736869999282135,0.48023421755402257
176.5,850.135706141,FOLLOW,11.835424874918475,9.207091179039727,3.1727121469968544,0.05316663045728604,0.05309264513055668,0.04571118848996744,0.019624754061438723,0.4425836875725046,0.9319790982725589,inf,green,False,unknown,0,0.8609702601473711,0.025971953000066605,0.10292011100000309,0.02363649799997347,0.0,0.03999999999999204,0.08600000000001273,0.014000000000010004,2.154161000021304,0.48023421755402257
176.7,850.335972313,FOLLOW,11.8462634992099,9.204904295128012,3.183327817737337,0.052900149739426944,0.05281508096668092,0.0467260573728625,0.02087393718864715,0.4505775920816357,0.9359025915465853,inf,green,False,unknown,0,0.8847105129373982,0.03494218699995599,0.003085872999918138,0.02659260699999777,0.0,0.03999999999999204,-0.014000000000010004,0.009999999999990905,2.7667360000123153,0.48023421755402257
176.8,850.435553622,FOLLOW,11.851659315488417,9.203777694286307,3.1886047063520184,0.052900142648824144,0.052505189042738126,0.04774551099624557,0.02285580855847237,0.45524507317914037,0.9355167551071075,inf,green,False,unknown,0,0.9093484256838257,0.06583474000001388,0.0018848230000685362,0.024695999000073243,0.0,0.07400000000001228,-0.013999999999981583,0.008000000000009777,0.3749850000076549,0.48023421755402257
177.0,850.635122233,FOLLOW,11.862357230573803,9.201467171767412,3.1990500862763898,0.052124085806840484,0.052037154229472034,0.048406209157832995,0.024230690897900836,0.4609083931703074,0.9333171423510466,inf,green,False,unknown,0,0.9302239885058396,0.021023179999929198,0.08125988799997685,0.0050877669999636055,0.0,0.03999999999999204,0.08600000000001273,0.003999999999990678,0.40158300009807135,0.48023421755402257
177.2,850.886803248,FOLLOW,11.874738057578893,9.198661862333838,3.2111088323548858,0.05207820683126951,0.05198981441667627,0.04990112408644869,0.02678836744060581,0.46581042917534726,0.9377775736010239,inf,green,False,unknown,0,0.9598250089241016,0.02420929699997032,0.026006701000028443,0.006560349999972459,0.0,0.0069999999999765805,-0.01500000000001478,-0.034000000000020236,0.5259739999701196,0.48023421755402257
177.3,850.98608693,FOLLOW,11.880032563325686,9.197418098759716,3.2162551696131403,0.05154307547476426,0.051453590382602554,0.05102712779317338,0.029318536821696967,0.47247028184856565,0.9352443438172896,inf,green,False,unknown,0,0.9917117039596643,0.05531768000003012,0.01848357600010786,0.0005774620000238428,0.0,0.03900000000001569,-0.013999999999981583,-0.036000000000001364,0.5860009999878457,0.48023421755402257
177.5,851.185330194,FOLLOW,11.88878468335063,9.195302252683954,3.2247476557029455,0.05139005805048985,0.05102678120701684,0.05157984310645036,0.03084178588081829,0.4765266952687721,0.9317986646164409,inf,green,False,unknown,0,1.0108386593539918,0.010132813000041097,0.012862602000041079,0.025549872000055984,0.0,0.007000000000005002,-0.014999999999986358,-0.006000000000000227,0.6503939999902286,0.48023421755402257
177.7,851.435522958,FOLLOW,11.899187977072014,9.192688432039972,3.234817186445372,0.05074246573273834,0.05077152921871862,0.0529614917978606,0.03380014390961894,0.4815157248767994,0.9324146121321322,inf,green,False,unknown,0,1.0431336737900456,0.020870822999995653,0.020153897999989567,0.019260812999959853,0.0,0.0069999999999765805,-0.01500000000001478,-0.010000000000019327,0.8310519999668031,0.48023421755402257
177.8,851.535562471,FOLLOW,11.904372918818956,9.191344914614001,3.239825032510061,0.0508808439551548,0.05021056289755237,0.05365629539618459,0.035698425198529365,0.4878962896684655,0.9287869270604556,inf,green,False,unknown,0,1.0686256496598685,0.031591312000045946,0.028098817000000054,0.030650295000100414,0.0,0.006000000000000227,-0.013999999999981583,-0.012000000000000455,13.68834799995966,0.48023421755402257
178.0,851.735484541,FOLLOW,11.91467183069372,9.188594350822816,3.2497497958047306,0.05016544176024381,0.05005138834774209,0.05409987536964902,0.03683957160688946,0.4898269323464058,0.9278556948572912,inf,green,False,unknown,0,1.0808866078554955,0.019526639999980944,0.022588067000015144,0.020154967000053148,0.0,0.006000000000000227,-0.014000000000010004,-0.015999999999991132,0.73210100003962,0.48023421755402257
178.2,851.935590695,FOLLOW,11.924922187878808,9.185746050979995,3.2595964153209467,0.05033473026932472,0.050009357584830896,0.055939203144622335,0.0405359798713357,0.49501940593254273,0.9324863649300718,inf,green,False,unknown,0,1.1185747197358542,0.014918643999976666,0.01742906499998753,0.01204318999998577,0.0,0.0069999999999765805,-0.014000000000010004,-0.020000000000010232,25.96321800001533,0.48023421755402257
178.3,852.035519783,FOLLOW,11.930049478133647,9.184279177819093,3.26450939040507,0.050126272441518155,0.050009357584830896,0.055939203144622335,0.0405359798713357,0.49501940593254273,0.9324863649300718,inf,green,False,unknown,0,1.1185747197358542,0.0125660329999846,0.018252987000096255,0.007685051000066778,0.0,0.006000000000000227,-0.013999999999981583,-0.02199999999999136,0.4869419999522506,0.48023421755402257
178.5,852.234960083,FOLLOW,11.940252777678614,9.181275285161918,3.274260431702512,0.04990280089532525,0.049493602256881396,0.05733674291829801,0.044091403589908304,0.5027586543588587,0.9308495369332255,inf,green,False,unknown,0,1.1584677676259891,0.015351954000038859,0.012664798000059818,0.00027996800008622813,0.0,0.007000000000005002,-0.014000000000010004,-0.02600000000001046,10.735697999962213,0.48023421755402257
178.7,852.43621434,FOLLOW,11.94868988454827,9.178704757683434,3.2822963886859244,0.04938612640120617,0.04898588627649096,0.05755758167571091,0.04521555937138773,0.507856282170766,0.9265030123711465,inf,green,False,unknown,0,1.1749829604151436,0.06637243700004092,0.10986598499994216,0.01438380000001871,0.0,0.07399999999998386,0.08599999999998431,0.003999999999990678,13.754278999954295,0.48023421755402257
178.8,852.535708993,FOLLOW,11.953708681172275,9.177137848555436,3.287064307425551,0.04910736127533992,0.04898588627649096,0.05755758167571091,0.04521555937138773,0.507856282170766,0.9265030123711465,inf,green,False,unknown,0,1.1749829604151436,0.027071990999957052,0.08429372099999455,0.0078102209999997285,0.0,0.040000000000020464,0.08600000000001273,0.0020000000000095497,1.55886000004557,0.48023421755402257
179.0,852.785037269,FOLLOW,11.965401895635333,9.173376435195348,3.2981359297574895,0.049068794796292614,0.048940498976341236,0.05925008720182442,0.04917978217590582,0.5113091434468263,0.9291650875414544,inf,green,False,unknown,0,1.2106555601418578,0.026837928999952965,0.030110831999991206,0.009104057999934412,0.0,0.007000000000005002,-0.014000000000010004,-0.036000000000001364,0.45465599998806283,0.48023421755402257
179.2,852.9862464,FOLLOW,11.973738928620419,9.170598502233835,3.305996503662297,0.048999905309768804,0.04864386387967914,0.060182184043379765,0.05169988423531276,0.5163158129660698,0.9286071182649797,inf,green,False,unknown,0,1.237199910604156,0.015366009999979724,0.018719115000067177,0.03204377600002317,0.0,0.0069999999999765805,-0.01500000000001478,-0.006000000000000227,0.6476739999925485,0.48023421755402257
179.3,853.085322325,FOLLOW,11.978714297363545,9.168901982137347,3.3106736868542455,0.048776826259041624,0.048025213342865816,0.06028660862132258,0.05298059821597852,0.522058361909452,0.9225426988598919,inf,green,False,unknown,0,1.2553116253939183,0.008811369000000013,0.011535386999980801,0.02043039399995905,0.0,0.007000000000005002,-0.013999999999981583,-0.007999999999981355,12.360929999999826,0.48023421755402257
179.5,853.285445875,FOLLOW,11.988560304781329,9.165458404625682,3.3198978080133394,0.048160108567999856,0.04758016993527097,0.060654681308459,0.05449291648568423,0.5276529946392499,0.9195393151228858,inf,green,False,unknown,0,1.2747890852633537,0.00047501500000635133,0.1069254720000572,0.002045421000048009,0.0,0.007000000000005002,0.08500000000000796,-0.012000000000000455,0.4905939999844122,0.48023421755402257
179.7,853.484901267,FOLLOW,11.996621082529435,9.162552802749643,3.327416654072549,0.0472079984971802,0.047349882380446545,0.061440852255771165,0.05697142186679004,0.5308350933611826,0.9182277538800828,inf,green,False,unknown,0,1.297592500063814,0.03276786400010678,0.09308935900003235,0.0285462600000983,0.0,0.03999999999999204,0.08499999999997954,0.018000000000000682,12.524949999942692,0.48023421755402257
179.8,853.586004637,FOLLOW,12.001444757462798,9.160776348630595,3.3319012925366023,0.04748602645640297,0.046936313524320844,0.061427295388214224,0.05791904967281937,0.5337636267647298,0.913071298821589,inf,green,False,unknown,0,1.3087371115412512,0.03318961399997988,0.0873000909999746,0.027107913999998345,0.0,0.040000000000020464,0.08500000000000796,0.016000000000019554,15.044738000028701,0.48023421755402257
180.0,853.835771096,FOLLOW,12.012696753655346,9.156522184124773,3.3423179724376495,0.04768367652413086,0.047544434756764835,0.062464807474857144,0.059683698935059565,0.5285133821296178,0.919700914946764,inf,green,False,unknown,0,1.3138195415388627,0.030659592999995766,0.02596305100007612,0.019192922999991424,0.0,0.006000000000000227,-0.014999999999986358,-0.02199999999999136,0.7884929999590895,0.48023421755402257
180.2,854.035494413,FOLLOW,12.020827081326248,9.153351790717018,3.349804641470754,0.048053327445468356,0.04802251674044375,0.06401153761558274,0.06228734306719402,0.5288626498982004,0.9292983782147766,inf,green,False,unknown,0,1.3329484158766156,0.03126492400008374,0.007328852000000552,0.030321373999981915,0.0,0.03999999999999204,-0.016000000000019554,0.007999999999981355,0.4390279999597624,0.48023421755402257
180.3,854.135083507,FOLLOW,12.025736255444716,9.151398103245407,3.354308308657174,0.04817207273064074,0.04778513256981927,0.06437366689864582,0.0638874887148522,0.5308728645925022,0.9267059008375029,inf,green,False,unknown,0,1.3471484421349862,0.039581147000035344,0.003974802000016098,0.025531218999958583,0.0,0.03900000000001569,-0.015999999999991132,0.006000000000000227,10.924086000045463,0.48023421755402257
180.5,854.335846733,FOLLOW,12.035522376991043,9.147414787692853,3.3632469889856775,0.047661722280982685,0.04798860796441885,0.06548608920904454,0.06616018290352528,0.5319554899368437,0.9317343051430644,inf,green,False,unknown,0,1.364617395395157,0.03431490000002668,0.10499952400004986,0.020742882000035934,0.0,0.03999999999999204,0.08400000000000318,0.0020000000000095497,18.012479999924835,0.48023421755402257
180.7,854.535484214,FOLLOW,12.045308657502689,9.14331215791246,3.37213171231328,0.04814608522642184,0.04783502275258822,0.06608792675897482,0.06763144224903093,0.5367672729796233,0.9335475795179229,inf,green,False,unknown,0,1.381580334994175,0.03248600200004148,0.09477521899998465,0.010529750000046079,0.0,0.03999999999999204,0.08399999999997476,-0.0020000000000095497,0.3340659999366835,0.48023421755402257
180.8,854.637412369,FOLLOW,12.050203985093315,9.141214971726301,3.376555054938387,0.04798769748611851,0.04750277014950875,0.0661095874547653,0.06861404188796875,0.5391734674459646,0.9294446115542249,inf,green,False,unknown,0,1.391699626078522,0.024243103999992854,0.09756106199995429,0.0054580349999469036,0.0,0.040000000000020464,0.08400000000000318,-0.003999999999990678,1.4356679999991684,0.48023421755402257
181.0,854.885141633,FOLLOW,12.059928067404242,9.13695941792675,3.3852984298161313,0.047671566258833925,0.047571260099284196,0.06714960564163706,0.07121829892065534,0.5407121580077987,0.9323096405655819,inf,green,False,unknown,0,1.411558270718321,0.027363587999957417,0.023565961000031166,0.030132502000014938,0.0,0.007000000000005002,-0.015999999999991132,-0.008000000000009777,0.44762100003481464,0.48023421755402257
181.2,855.085264274,FOLLOW,12.069648587154607,9.13258575557491,3.3939793352727317,0.04758906964123572,0.04732245695809457,0.06733018664881961,0.07267302262510225,0.5417608113902619,0.9284674054549142,inf,green,False,unknown,0,1.4227956656697365,0.012519764999979088,0.009194104000016523,0.01352667499998006,0.0,0.006000000000000227,-0.016000000000019554,-0.012000000000000455,0.3855759999851216,0.48023421755402257
181.3,855.185134118,FOLLOW,12.07449225531504,9.130361579610803,3.398282134262745,0.04748291348785629,0.04660766888725538,0.06495145921884268,0.07663407341470749,0.500282565888582,0.8741681611646606,inf,green,False,unknown,0,1.3935787987157477,0.011010318999979063,0.005860030999997434,0.008024990999956572,0.0,0.007000000000005002,-0.015999999999991132,-0.013999999999981583,10.573474000011629,0.48023421755402257
181.5,855.386846355,FOLLOW,12.08246400849104,9.126636773435346,3.4053301147902295,0.04664963672761082,0.0465926117720524,0.06534480700370487,0.0782106874401936,0.49887943200098894,0.8725237584396885,inf,green,False,unknown,0,1.4024714330974806,0.02832151600000543,0.0886724619999768,0.026230163000036555,0.0,0.038000000000010914,0.08400000000000318,0.015999999999991132,14.063135000014881,0.48023421755402257
181.7,855.636134448,FOLLOW,12.0935730954531,9.12131463069882,3.4150812242353155,0.046456672590426434,0.046222833652981306,0.065929398796319,0.08062412085401975,0.5046409686341234,0.8711472710176453,inf,green,False,unknown,0,1.426338317795163,0.034057810000035715,0.03002168199998323,0.02420170400000643,0.0,0.006000000000000227,-0.016000000000019554,-0.02200000000001978,12.38017499997568,0.48023421755402257
181.8,855.736035044,FOLLOW,12.098307067094083,9.11900013339684,3.419210814248689,0.04638877977076444,0.046222833652981306,0.065929398796319,0.08062412085401975,0.5046409686341234,0.8711472710176453,inf,green,False,unknown,0,1.426338317795163,0.017577298999981394,0.02259788200001367,0.015254713999979685,0.0,0.006000000000000227,-0.015999999999991132,-0.02400000000000091,5.73289199996907,0.48023421755402257
182.0,855.935406433,FOLLOW,12.10777708023439,9.1142863442567,3.427424217785061,0.0464531110863995,0.0465676440435616,0.06711915588410738,0.08382621175908239,0.4997749841831648,0.8729250246404768,inf,green,False,unknown,0,1.4413259949616717,0.01688974400008192,0.01192972399996961,0.0003178489999982048,0.0,0.007000000000005002,-0.015999999999991132,-0.027999999999991587,17.56667799998013,0.48023421755402257
182.2,856.135350127,FOLLOW,12.115705920452848,9.110253708155147,3.4342509073128933,0.046637065102277636,0.04646329465597626,0.0672007244035589,0.08427976451392832,0.5013247525405384,0.8724691157919985,inf,green,False,unknown,0,1.4463185381305137,0.04020127000001139,0.005633892999981072,0.025140089000046828,0.0,0.03999999999999204,-0.016000000000019554,0.001999999999981128,0.3866409999773168,0.48023421755402257
182.3,856.23528083,FOLLOW,12.12046279209761,9.10779682451308,3.4383241702633724,0.04663449931276301,0.046361618988968935,0.06731653285937739,0.08514792450469845,0.501290193626958,0.8705265115713973,inf,green,False,unknown,0,1.4519883974585608,0.14013197299993863,0.1055645959999083,0.015142711999942549,0.0,0.14000000000001478,0.08400000000000318,0.0,0.3400240000246413,0.48023421755402257
182.5,856.435096568,FOLLOW,12.129971816819412,9.102801378834362,3.4464152556767336,0.04679764577195863,0.04661672503382679,0.06858902125394495,0.08778138151201377,0.5030004098056425,0.8769775376946365,inf,green,False,unknown,0,1.4713393359180478,0.025905631999989964,0.08243796899989775,0.0013336019999314885,0.0,0.03999999999999204,0.08299999999999841,-0.003999999999990678,0.4268940000429211,0.48023421755402257
182.7,856.686677576,FOLLOW,12.13950123202586,9.097682289166318,3.454452868420006,0.04657306718194227,0.046095494829211325,0.06847090656961644,0.0895058560400627,0.5053577547897917,0.869435702177067,inf,green,False,unknown,0,1.4854142866522722,0.08065773800001352,0.002314462999947864,0.017202150000002803,0.0,0.07399999999998386,-0.01700000000002433,-0.008000000000009777,19.239328000026035,0.48023421755402257
182.8,856.785395147,FOLLOW,12.144231497627679,9.095099314504301,3.458415641824393,0.04627573564601403,0.046095494829211325,0.06847090656961644,0.0895058560400627,0.5053577547897917,0.869435702177067,inf,green,False,unknown,0,1.4854142866522722,0.02866651500005446,0.10103203400001348,0.0023798040000428955,0.0,0.040000000000020464,0.08299999999999841,-0.009999999999990905,0.46179399998891313,0.48023421755402257
183.0,857.03485476,FOLLOW,12.15369845488753,9.089846451141488,3.4662915072468143,0.046490151653643584,0.04654549269946875,0.06991260180689476,0.09384563956995166,0.49648965688234237,0.8693240162409648,inf,green,False,unknown,0,1.5020273232104537,0.02305386400007592,0.02225924499998655,0.021294675000035568,0.0,0.007000000000005002,-0.015999999999991132,-0.014000000000010004,0.5731649999916044,0.48023421755402257
183.2,857.235195792,FOLLOW,12.163200837978415,9.084462284731437,3.474121229410511,0.04617703110045553,0.045989505207544835,0.06950167778435117,0.09562373659607902,0.4948717253111662,0.8573897473183856,inf,green,False,unknown,0,1.5112508271332528,0.030908917000033398,0.025590266999984124,0.023846488000003774,0.0,0.0069999999999765805,-0.016000000000019554,-0.018000000000000682,1.1690850000150022,0.48023421755402257
183.3,857.335501667,FOLLOW,12.167910821745174,9.08175226191804,3.4779734548661336,0.04618207935473102,0.04621002780294794,0.07024912389421009,0.09695083471412372,0.49542151523508254,0.8620302732160612,inf,green,False,unknown,0,1.5202138417611728,0.05904671400003281,0.017040282000039042,0.011817599999972117,0.0,0.040000000000020464,-0.015999999999991132,-0.01999999999998181,0.3966780000155268,0.48023421755402257
183.5,857.53529354,FOLLOW,12.177330834833901,9.076250090939334,3.48561945327161,0.04610206964067879,0.04603062166525478,0.07036227868207746,0.0979759725725179,0.4970988306232037,0.8602920180991495,inf,green,False,unknown,0,1.5285971845822128,0.013796067000043877,0.011309558999982983,0.003996252999968419,0.0,0.006000000000000227,-0.015999999999991132,-0.02400000000000091,0.3695169999673453,0.48023421755402257
183.7,857.735267668,FOLLOW,12.185134678456112,9.071609157720763,3.49189328967222,0.04570617870428419,0.045654886974956066,0.07033455728059342,0.0994969903523936,0.4992813294273926,0.8553455719519968,inf,green,False,unknown,0,1.5405701764013862,0.03569699100000889,0.009062129999961144,0.030905023000059373,0.0,0.03799999999998249,-0.016000000000019554,0.006000000000000227,0.4053019999901153,0.48023421755402257
183.8,857.835622796,FOLLOW,12.1898068609047,9.068794827236081,3.4956227332854457,0.045841338079545685,0.04584345101848266,0.07122765961612604,0.10038123993716838,0.5058062969168498,0.8651101376029326,inf,green,False,unknown,0,1.553715046177681,0.009932547000062186,0.008978132000038386,0.03167453200001091,0.0,0.007000000000005002,-0.015999999999991132,0.004000000000019099,13.558254999907149,0.48023421755402257
184.0,858.035544911,FOLLOW,12.199183254072304,9.063066583286375,3.5030458381062757,0.04604041081923714,0.04575872797945626,0.07162799742518929,0.1014653249492928,0.510110908650386,0.8676149479180996,inf,green,False,unknown,0,1.5653406593239927,0.010754299000041101,0.00579399100001865,0.022373161000018627,0.0,0.007000000000005002,-0.015999999999991132,0.0,0.5119700000477678,0.48023421755402257
184.2,858.235295296,FOLLOW,12.208563426427169,9.05722902273757,3.5103881136269974,0.046058315441420764,0.04585516545205773,0.07190866072548105,0.10193730259141283,0.5101138977108028,0.8694463199947086,inf,green,False,unknown,0,1.568169256758274,0.028354838000041127,0.08148186799996893,0.00453804799997215,0.0,0.03899999999998727,0.08399999999997476,-0.004000000000019099,0.48719400001573376,0.48023421755402257
184.3,858.334817927,FOLLOW,12.213261399423548,9.054265320741553,3.5140332931932843,0.04606269241068473,0.04474821818687508,0.07122544051748823,0.10304129842222895,0.5245836598106411,0.861947319608876,inf,green,False,unknown,0,1.5916933322359432,0.027807261000020844,0.09275344800005314,0.004737242000032893,0.0,0.03900000000001569,0.08400000000000318,-0.006000000000000227,0.4376309999543082,0.48023421755402257
184.5,858.536959635,FOLLOW,12.220896414832607,9.049391876382089,3.5199105653150586,0.04488229417006489,0.045306334632438924,0.072151805671399,0.10484565734039773,0.5162488235244613,0.8648307459412026,inf,green,False,unknown,0,1.592532396556727,0.06444871999997304,0.09268846099996608,0.030217182999990655,0.0,0.07400000000001228,0.08400000000000318,0.02400000000000091,16.933754999968187,0.48023421755402257
184.7,858.735212606,FOLLOW,12.230129207475079,9.043404618868456,3.526938775316061,0.0455107950406574,0.046295255834737405,0.07374981236198135,0.10684118263541986,0.5065650213476841,0.8743679082107336,inf,green,False,unknown,0,1.5930317487660055,0.022516275000043606,0.08721131300001161,0.01974869499997567,0.0,0.03899999999998727,0.08399999999997476,0.01999999999998181,0.29091500005051785,0.48023421755402257
184.8,858.88533268,FOLLOW,12.236445362954537,9.039249966174998,3.5316961245576084,0.04648609545595582,0.046062319863623025,0.07379179232697672,0.10803361957567831,0.5083403210701077,0.8716721336282781,inf,green,False,unknown,0,1.601999042719787,0.036057739000057154,0.032747505000088495,0.03305704299998524,0.0,0.007000000000005002,-0.015999999999991132,-0.015999999999991132,0.3478069999118816,0.48023421755402257
185.0,859.08505722,FOLLOW,12.24585968340311,9.032970033268558,3.5387097033470023,0.046020058376043456,0.04598003616992616,0.07418602836930661,0.10986285320195151,0.5091343710788564,0.8708756513651852,inf,green,False,unknown,0,1.6134399741474965,0.027919864999944366,0.024401654999905986,0.020616514999915125,0.0,0.007000000000005002,-0.015999999999991132,-0.020000000000010232,11.599534000083622,0.48023421755402257
185.2,859.285442926,FOLLOW,12.255258978606792,9.026596492316873,3.5456178959784563,0.04598929024131563,0.04549237989596259,0.07409310492147181,0.1112438511831275,0.5157203264097971,0.867881186822695,inf,green,False,unknown,0,1.628692653383199,0.027152666999995745,0.024331050000000687,0.017517630999918765,0.0,0.0069999999999765805,-0.01700000000002433,-0.02400000000000091,13.749707999977545,0.48023421755402257
185.3,859.38805553,FOLLOW,12.25993087121927,9.023390226192102,3.549015887751515,0.04571028997009934,0.045826916993018614,0.07473253208686466,0.11234978534054911,0.5119788818903344,0.8706912608286308,inf,green,False,unknown,0,1.6307562670700628,0.026168499999926098,0.02515058400001635,0.016525376000004144,0.0,0.006000000000000227,-0.015999999999991132,-0.025999999999982037,14.688664000004792,0.48023421755402257
185.5,859.585342604,FOLLOW,12.269274243653674,9.01690202793621,3.5557390043198884,0.045139949510699114,0.044921145995689145,0.07370164737834779,0.11321670859519614,0.5165531816603178,0.8577629017953443,inf,green,False,unknown,0,1.640689384581163,0.022214626999925713,0.017370540999991135,0.003461984999944434,0.0,0.007000000000005002,-0.015999999999991132,-0.030000000000001137,0.3509640000629588,0.48023421755402257
185.7,859.785026329,FOLLOW,12.27694218020114,9.011502393408117,3.561183311642082,0.04507623328391589,0.04504773727433664,0.07457353262291466,0.11508658765411935,0.5205466436326505,0.8639279864820009,inf,green,True,unknown,0,1.6554334831241044,0.007945316999894203,0.005636290999973426,0.025466155999993134,0.0,0.006000000000000227,-0.016000000000019554,0.0,11.19741200000135,0.48023421755402257
185.8,859.885259141,FOLLOW,12.281547807940553,9.008226935732793,3.5644210724919656,0.04527769524632138,0.04499409737949184,0.07466245261946901,0.11615750664413838,0.5187874153379558,0.8612502174326582,inf,green,True,unknown,0,1.6593832739825092,0.007727687000055994,0.006506442000045354,0.020868882000058875,0.0,0.007000000000005002,-0.015999999999991132,-0.001999999999981128,10.481478999963656,0.48023421755402257
186.0,860.085137806,FOLLOW,12.290774648909773,9.001592675948114,3.570833533213336,0.04520070889609051,0.044673307971027525,0.07439832903486204,0.11649412701891271,0.522622848678239,0.8586794720856186,inf,green,True,unknown,0,1.6653866125855827,0.035641767000015534,0.10095693599998867,0.00490080500003387,0.0,0.03999999999999204,0.08400000000000318,-0.006000000000000227,0.2884130000211371,0.48023421755402257
186.2,860.284979644,FOLLOW,12.299901561282171,8.994936625806508,3.5770782145695503,0.044420674126953344,0.04418817439488858,0.07357626985874,0.11693068185979294,0.5201397029923351,0.8470686179892976,inf,green,True,unknown,0,1.6650669747345537,0.0268999890000714,0.08558003799998914,0.0009280589999889344,0.0,0.03999999999999204,0.08399999999997476,-0.010000000000019327,0.30235399992761813,0.48023421755402257
186.3,860.385043013,FOLLOW,12.302921961633656,8.992713647977249,3.5791230065406663,0.04441979799153687,0.046720010578213816,0.07730715758111192,0.11937901511546595,0.4980476910485794,0.8740999505318777,inf,green,True,unknown,0,1.6546904982329202,0.029126161000021966,0.09503295100000742,0.02572201899999982,0.0,0.038000000000010914,0.08400000000000318,0.02200000000001978,0.3659200000356577,0.48023421755402257
186.5,860.584999645,FOLLOW,12.312458680673462,8.98562880846792,3.5855067556313833,0.04678533972574784,0.04653965320571155,0.07744938036635791,0.12044960812667685,0.5014408478030186,0.8740155092128146,inf,green,True,unknown,0,1.6641589490153954,0.03427119299999504,0.08627123899998423,0.01919444600002862,0.0,0.07200000000000273,0.08400000000000318,0.018000000000000682,0.3463269999883778,0.48023421755402257
186.7,860.835170889,FOLLOW,12.323496567473569,8.977306168424175,3.5927569564963218,0.04613671537255068,0.04598499752451279,0.07694801624528189,0.12089745281940273,0.5078041179476683,0.8696952107617926,inf,green,False,unknown,0,1.6733287025679175,0.0851430509999318,0.030958579999946778,0.0268097849999549,0.0,0.09199999999998454,-0.016000000000019554,-0.020000000000010232,0.3352500000346481,0.48023421755402257
186.8,860.934943023,FOLLOW,12.32821141111155,8.973711668783753,3.5958080590116412,0.046204844920213255,0.04580091190108983,0.07697091867005823,0.1228397725089102,0.5047658294631805,0.8633145842991583,inf,green,True,unknown,0,1.6805542832047131,0.0018042409999452502,0.027656464999950003,0.022042011999928945,0.0,0.025000000000005684,-0.015999999999991132,-0.02199999999999136,0.2709840000534314,0.48023421755402257
187.0,861.134930673,FOLLOW,12.337608372948198,8.966478338582782,3.601806404615002,0.04609177549329358,0.04550678695644594,0.07681646683934705,0.12270675453173202,0.5125770730309276,0.8651760509115715,inf,green,True,unknown,0,1.6880222045311015,0.12982931600004122,0.012672001999931126,0.0029479720000153975,0.0,0.15899999999999181,-0.015999999999991132,-0.02600000000001046,10.99085600003491,0.48023421755402257
187.2,861.335349602,FOLLOW,12.345418736170348,8.960396916404582,3.6067071475595673,0.04640685974369315,0.04635446257973726,0.07808540551207772,0.12513051607896442,0.4968372477940075,0.866091846728789,inf,green,False,unknown,0,1.6845283316090238,0.05969870499995977,0.005295028999967144,0.025604249999901185,0.0,0.10799999999997567,-0.016000000000019554,0.003999999999990678,0.3374220000296191,0.48023421755402257
187.3,861.434922308,FOLLOW,12.350168100346016,8.956668321804623,3.6096489058784282,0.04661990185687282,0.04640754391977421,0.07801515288974706,0.12555307516195774,0.4913191024783501,0.8617485498916201,inf,green,True,unknown,0,1.6810877348866737,0.016292464000002838,0.0015960199999653923,0.019240488999912486,0.0,0.0730000000000075,-0.015999999999991132,0.0020000000000095497,0.2635509999890928,0.48023421755402257
187.5,861.635226391,FOLLOW,12.359687287428653,8.94912706828887,3.615457749081971,0.046712640104133854,0.046904955141263124,0.07938846395512604,0.1267573542078828,0.4962462009915531,0.8757997469382561,inf,green,True,unknown,0,1.6925389591788906,0.06125050499997542,0.0966080849999571,0.009034812999971109,0.0,0.12000000000000455,0.08400000000000318,-0.0020000000000095497,0.36181200005103165,0.48023421755402257
187.7,861.834929515,FOLLOW,12.369307550715485,8.94141452299994,3.621207899133834,0.047332227913013024,0.046995178167688285,0.07981298513059883,0.12802172736017234,0.49540047383148034,0.8766563499821446,inf,green,True,unknown,0,1.6983228544385975,0.007078036000052634,0.09283931499999198,0.0019912080000494825,0.0,0.0589999999999975,0.08399999999997476,-0.006000000000000227,12.411488999987341,0.48023421755402257
187.8,861.935018007,FOLLOW,12.3725237949048,8.938815943489136,3.6231030490841976,0.04726210847491042,0.046559074901239145,0.07917289607490349,0.12825305863600622,0.4963362429460466,0.8694288806670891,inf,green,True,unknown,0,1.7004825856794752,0.045608360000073844,0.08699241100009658,0.031560858000034386,0.0,0.09900000000001796,0.08400000000000318,0.02600000000001046,15.004984999904991,0.48023421755402257
188.0,862.185105442,FOLLOW,12.385300818932187,8.928395166438191,3.6304958740789246,0.04716049747448075,0.04687837061334548,0.07966007614555068,0.1295594239720354,0.48839542742228215,0.867636043706317,inf,green,True,unknown,0,1.6992927677156253,0.03336440800001128,0.03477177800004938,0.0019137799999953131,0.0,0.033999999999991815,-0.015999999999991132,-0.04599999999999227,0.2555519999987155,0.48023421755402257
188.2,862.384968424,FOLLOW,12.39332760741104,8.921770091129815,3.6350276301874764,0.04732914917683038,0.047018582318159294,0.08006733382206084,0.13161161557214177,0.4812778345183163,0.8632590501555961,inf,green,True,unknown,0,1.7028870262457407,0.02362433999996938,0.028876299999978983,0.029264580000017304,0.0,0.036000000000001364,-0.016000000000019554,-0.016000000000019554,13.0584659999613,0.48023421755402257
188.3,862.48504912,FOLLOW,12.398153271474923,8.917758641934142,3.6377100174928256,0.0473094926493219,0.046761059527572285,0.07970776119673985,0.13211179364069683,0.48035637019810146,0.8576332631731435,inf,green,True,unknown,0,1.7045756020506935,0.060868452000022444,0.021228253999993285,0.019269200999929126,0.0,0.07800000000000296,-0.015999999999991132,-0.018000000000000682,23.372569999992265,0.48023421755402257
188.5,862.685335417,FOLLOW,12.407397955676378,8.910015237950656,3.642759997470421,0.04149714341833923,0.04163690594996986,0.06976031842537334,0.13435698432135193,0.4388447329402321,0.7276437344179174,inf,green,True,unknown,0,1.6754443403934973,0.05664740300005633,0.018406388000016705,0.012716339000007792,0.0,0.08400000000000318,-0.015999999999991132,-0.02199999999999136,13.830309000013585,0.48023421755402257
188.7,862.886066498,FOLLOW,12.415913521074,8.902815794218442,3.647307716506198,0.0418305405157211,0.04127788674508717,0.06921822556392089,0.13413492595518034,0.44151877985621835,0.7236691018493526,inf,green,True,unknown,0,1.676883944940789,0.06613444899994647,0.012918728000045121,0.0020052139999506835,0.0,0.09799999999998477,-0.016000000000019554,-0.02600000000001046,11.727470999971956,0.48023421755402257
188.8,862.985119693,FOLLOW,12.418747707674704,8.900405938186003,3.6487994260076526,0.041549546611880046,0.04127788674508717,0.06921822556392089,0.13413492595518034,0.44151877985621835,0.7236691018493526,inf,green,True,unknown,0,1.676883944940789,0.024921151000057762,0.010569078000003174,0.03198829200005093,0.0,0.06400000000002137,-0.015999999999991132,0.006000000000000227,0.3303959999811923,0.48023421755402257
189.0,863.184971447,FOLLOW,12.427212457995763,8.893168610350905,3.6531894167201227,0.04143537477881842,0.04161414053986831,0.06986798375294916,0.13592570977232654,0.43383082297985154,0.72289902195745,inf,green,True,unknown,0,1.6789481374969724,0.01901583699998355,0.004805600999929993,0.024900698999999804,0.0,0.06299999999998818,-0.015999999999991132,0.0020000000000095497,0.3970600000684499,0.48023421755402257
189.2,863.385783343,FOLLOW,12.435702972272114,8.885849731376213,3.6574931064135137,0.04131809981051825,0.041026686654942204,0.06969261222365238,0.13493518563667287,0.4594415965253881,0.7345841891431325,inf,green,False,unknown,0,1.698714127460668,0.02855263199990077,0.002092396999955781,0.01542448499992588,0.0,0.07299999999997908,-0.016000000000019554,-0.0020000000000095497,14.87192000001869,0.48023421755402257
189.3,863.486104442,FOLLOW,12.43991628221636,8.8821960823435,3.6595913839355676,0.04130108227507816,0.0408869569411202,0.06959526769571091,0.1353631617575109,0.4606581577291701,0.7331186049186753,inf,green,False,unknown,0,1.702138601215358,0.05951227300010942,0.0024065140000857355,0.013140032000023893,0.0,0.11100000000001842,-0.015999999999991132,-0.003999999999990678,22.49489399991944,0.48023421755402257
189.5,863.685035687,FOLLOW,12.448322652380503,8.874864101392673,3.6637033248369915,0.04116234052556086,0.04132556063451095,0.07022957908245002,0.13652991687426397,0.4515951124461738,0.7331801136551568,inf,green,False,unknown,0,1.699422294680289,0.053677214000003914,0.10282145500002571,0.007067660999950931,0.0,0.09899999999998954,0.08400000000000318,-0.008000000000009777,0.31163500000275235,0.48023421755402257
189.7,863.884718982,FOLLOW,12.455383458612884,8.868662743798886,3.667079361400427,0.041651992511521414,0.04139069848299507,0.07048392706124679,0.13711678070441652,0.4520148811868498,0.7346977302131203,inf,green,False,unknown,0,1.7028929118024998,0.12896579099992778,0.08461982200003604,0.029705448999948203,0.0,0.17300000000000182,0.08399999999997476,0.02199999999999136,0.4304579999825364,0.48023421755402257
189.8,863.984927806,FOLLOW,12.459634105520326,8.864911025995747,3.669077497926883,0.041652244115916226,0.041598381607246944,0.07082529167117543,0.13751546525102554,0.4495551266947054,0.7362524657633204,inf,green,False,unknown,0,1.7025972870741877,0.030587378999939574,0.0902230450000161,0.021052160999943226,0.0,0.09400000000002251,0.08400000000000318,0.020000000000010232,0.3644660000645672,0.48023421755402257
190.0,864.235136537,FOLLOW,12.469563157170516,8.856094288606188,3.6736435818801088,0.041580214622416914,0.04120886409691109,0.07068227331905096,0.13811470558620045,0.45945843936368636,0.7378605421808637,inf,green,False,unknown,0,1.7152201320770963,0.046750175000056515,0.013769620000061877,0.011681422000037855,0.0,0.06499999999999773,-0.015999999999991132,-0.018000000000000682,13.063764999969862,0.48023421755402257
190.2,864.434925828,FOLLOW,12.47803175150797,8.848517101550671,3.677425410370937,0.04150751786266777,0.04132144779214641,0.0709811260064072,0.13865370350762032,0.4592443553665879,0.7396920993953533,inf,green,False,unknown,0,1.7177792599004222,0.008125185000039892,0.006372757999997702,0.004345837000073516,0.0,0.04399999999998272,-0.01700000000002433,-0.02200000000001978,0.3498739999940881,0.48023421755402257
190.3,864.535111625,FOLLOW,12.480857090948277,8.845977634612252,3.678663812556999,0.041605900570859576,0.04125779371562313,0.07087294508346512,0.13895967199999865,0.4576335647032606,0.7371680978358679,inf,green,False,unknown,0,1.7178074419579927,0.025354854000056548,0.005567310000060388,0.024659370999984276,0.0,0.08200000000002206,-0.015999999999991132,0.010000000000019327,0.5464979999487696,0.48023421755402257
190.5,864.735203958,FOLLOW,12.48934157800763,8.838317767087778,3.6823123515305682,0.04172424891427853,0.041441976233975254,0.07125472498185198,0.13983465518508517,0.45458945433942294,0.7378307470112552,inf,green,False,unknown,0,1.7193853058444502,0.020762803000025087,0.1010105930000691,0.01980467700002464,0.0,0.06999999999999318,0.08400000000000318,0.006000000000000227,15.218184999980622,0.48023421755402257
190.7,864.934982501,FOLLOW,12.497859562383445,8.830577414424429,3.6858678914751786,0.04183829504417636,0.04164432048129444,0.07153723744335383,0.14027342359653786,0.45056845644562393,0.7379446956562811,inf,green,False,unknown,0,1.7178149773265365,0.017052862000014102,0.07309197600000061,0.006796299000029649,0.0,0.08599999999998431,0.08399999999997476,0.001999999999981128,0.29416199993193004,0.48023421755402257
190.8,865.08514788,FOLLOW,12.503562542734928,8.82536774134981,3.6881880365591915,0.041905686399842795,0.04207121041606046,0.07222926254308999,0.14138920578920094,0.44348146883064865,0.7392976324421243,inf,green,False,unknown,0,1.7168334789701427,0.02311141799998495,0.03477531800001543,0.016297623000014028,0.0,0.043000000000006366,-0.015999999999991132,-0.033999999999991815,19.689048000032017,0.48023421755402257
191.0,865.235243959,FOLLOW,12.50928272496452,8.820120903799706,3.6904664030404666,0.04238456176112297,0.04196403209771077,0.07216865175057106,0.14160164034194134,0.44544976116346907,0.7391350190513691,inf,green,False,unknown,0,1.719774009859935,0.03637589099992056,0.08683301499991103,0.03252606499995636,0.0,0.10599999999999454,0.08400000000000318,0.030000000000001137,0.3812090000110402,0.48023421755402257
191.2,865.485420871,FOLLOW,12.520465625504063,8.809802624926935,3.694777655042491,0.040478505839823375,0.038097460411910006,0.06489347711120277,0.1402783129310082,0.43530387859042496,0.6629782593023665,inf,green,False,unknown,0,1.7033544076054952,0.021424287999934677,0.02943540799992661,0.005154903999937233,0.0,0.04599999999999227,-0.016000000000019554,-0.04200000000000159,0.6538090000276497,0.48023421755402257
191.3,865.585124876,FOLLOW,12.523064055173464,8.807393835587849,3.695752110201333,0.03818920345379684,0.04055225226480692,0.07064449181906247,0.1423145662168205,0.4653981220262951,0.7311217282062601,inf,green,False,unknown,0,1.7420608689685764,0.12112829299996974,0.026765805999957593,0.03143796100005147,0.0,0.146000000000015,-0.015999999999991132,-0.009999999999990905,0.4614990000391117,0.48023421755402257
191.5,865.784831463,FOLLOW,12.531285560820592,8.79974494048056,3.6987664948792647,0.040965147168747384,0.04065049001859328,0.07080085396024685,0.14286756021284405,0.4620591327868379,0.730065128599761,inf,green,False,unknown,0,1.74169742917891,0.03866970600006425,0.02645043600000463,0.02783782800008794,0.0,0.06100000000000705,-0.015999999999991132,-0.014000000000010004,0.3991879999603043,0.48023421755402257
191.7,865.985035111,FOLLOW,12.53964774561541,8.791923743037193,3.7017251989943363,0.04103568831435208,0.041233139332164125,0.07191735414734934,0.14420146110590606,0.45757799703126,0.7366798549955869,inf,green,False,unknown,0,1.7441639252350072,0.046986814999968374,0.026339237999991383,0.024782671000025402,0.0,0.0689999999999884,-0.016000000000019554,-0.018000000000000682,16.523312000003898,0.48023421755402257
191.8,866.08490263,FOLLOW,12.543843214053778,8.78798453230701,3.703168982665056,0.04144974691240748,0.041233139332164125,0.07191735414734934,0.14420146110590606,0.45757799703126,0.7366798549955869,inf,green,False,unknown,0,1.7441639252350072,0.07840034000003016,0.025282716999981858,0.021869753000032688,0.0,0.10400000000001342,-0.015999999999991132,-0.01999999999998181,0.3217380000251069,0.48023421755402257
192.0,866.285148628,FOLLOW,12.552335807966372,8.77998041782734,3.7060074947440618,0.04175271042509983,0.04188800827543961,0.0727439496198676,0.1446140449584871,0.44719375509924164,0.7393178963437042,inf,green,False,unknown,0,1.7366294702180887,0.08983763900005215,0.01582512200002384,0.008117837999975563,0.0,0.11299999999999955,-0.015999999999991132,-0.02400000000000091,14.514047000034225,0.48023421755402257
192.2,866.485210417,FOLLOW,12.559488493460089,8.773208781950165,3.70831081524455,0.04221696191510408,0.041865227429388724,0.07262832324882734,0.14497922502775118,0.4432411326667541,0.7354683707689377,inf,green,False,unknown,0,1.7348125809497792,0.12142113699997026,0.010648488000015277,0.031137157999978626,0.0,0.1449999999999818,-0.016000000000019554,0.006000000000000227,0.4320970000435409,0.48023421755402257
192.3,866.589964519,FOLLOW,12.563792806514755,8.769120899739052,3.709658502803826,0.04220611114297556,0.042440473049358066,0.07371857999905468,0.146394853503108,0.4378888631515596,0.7408416607279383,inf,green,False,unknown,0,1.7369877077788536,0.03520294899999499,0.011381237000023248,0.033913748000031774,0.0,0.07200000000000273,-0.015999999999991132,0.004000000000019099,0.4420060000711601,0.48023421755402257
192.5,866.78527243,FOLLOW,12.573996231951776,8.759396500869252,3.7127479160962453,0.052483918531955796,0.04271271725827015,0.0738668394530009,0.14617453318900214,0.43079993346569295,0.739285888673121,inf,green,False,unknown,0,1.7293875031726904,0.10566075799999908,0.10485095799992905,0.016775143000018033,0.0,0.15000000000000568,0.08400000000000318,0.0,10.929998000051455,0.48023421755402257
192.7,866.984869913,FOLLOW,12.583055856438287,8.750722829662458,3.7153637600113725,0.04278970828401059,0.040206025734589104,0.06813566013254775,0.1454595449554655,0.39715639631515126,0.6677185538487351,inf,green,False,unknown,0,1.6946628990970098,0.11785333299997092,0.09343935300000794,0.0006990279999854465,0.0,0.17300000000000182,0.08399999999997476,-0.004000000000019099,0.4242369999474249,0.48023421755402257
192.8,867.08515449,FOLLOW,12.587167665824749,8.746773246817629,3.7165073132387336,0.040277239744388356,0.0429695071235732,0.07430535338954816,0.1483432293404264,0.41865499066964046,0.7328583636109972,inf,green,False,unknown,0,1.7292577542455456,0.06899777000000995,0.09196093299999575,0.0017873020000251927,0.0,0.13500000000001933,0.08400000000000318,-0.006000000000000227,12.399231000017608,0.48023421755402257
193.0,867.284728767,FOLLOW,12.594388070981738,8.739819089883072,3.7184498206236882,0.04303017250838752,0.04294981411382964,0.0744620812120249,0.14818828307751394,0.42441123083855603,0.7376731066222808,inf,green,False,unknown,0,1.7336997318469989,0.05844834399999854,0.08096826100006638,0.023755338999990272,0.0,0.12100000000000932,0.08400000000000318,0.02400000000000091,0.31666699999277625,0.48023421755402257
193.2,867.535307594,FOLLOW,12.60480800266774,8.729743399731229,3.7211055400390984,0.04426216290377108,0.04398484997093235,0.07556846893003108,0.14953302173607066,0.3996159280328631,0.7327288881019441,inf,green,False,unknown,0,1.7180567622708947,0.05389381199995569,0.03006565199996203,0.03166204599995126,0.0,0.06799999999998363,-0.016000000000019554,-0.014000000000010004,0.4111030000331084,0.48023421755402257
193.3,867.63527913,FOLLOW,12.609328990325373,8.725357981453511,3.722204336760376,0.044356274788421995,0.04855054950875803,0.07965466822379158,0.14977864991459636,0.3135134449122728,0.7216972881745374,inf,green,False,unknown,0,1.6406543083394491,0.06708058199990319,0.022768591999920318,0.024485498999979427,0.0,0.10699999999999932,-0.016999999999995907,-0.015999999999991132,14.987360000077388,0.48023421755402257
193.5,867.834827865,FOLLOW,12.61897227983347,8.715977746554756,3.724440949919602,0.0489113283481177,0.041577675279660414,0.07260196478847716,0.14926855501993178,0.43226560559588517,0.7209097728311592,inf,green,False,unknown,0,1.7461766272438437,0.035135735999915596,0.019587143999956425,0.015282730999956584,0.0,0.08299999999999841,-0.015999999999991132,-0.020000000000010232,0.3282410000338132,0.48023421755402257
193.7,868.035008463,FOLLOW,12.627593981351104,8.707562307295703,3.7263152055431665,0.042959023110746175,0.043162990976837595,0.07468488580429997,0.14905143618627137,0.4158588484990108,0.733643919086165,inf,green,False,unknown,0,1.730299131595812,0.059208600000033584,0.010712249000107477,0.003919364000012138,0.0,0.08799999999999386,-0.016000000000019554,-0.02400000000000091,12.67483899994204,0.48023421755402257
193.8,868.134819389,FOLLOW,12.630528659279491,8.704691789754841,3.726925493066482,0.04354137858947951,0.043162990976837595,0.07468488580429997,0.14905143618627137,0.4158588484990108,0.733643919086165,inf,green,False,unknown,0,1.730299131595812,0.022687944999916,0.010911347999922327,0.03319006899994292,0.0,0.06400000000002137,-0.015999999999991132,0.008000000000009777,0.28262099999665224,0.48023421755402257
194.0,868.334889423,FOLLOW,12.640946110788883,8.694479051157995,3.728979921291183,0.04260171486905651,0.04244300907512838,0.07143129091646389,0.14737148519988594,0.3735978525196196,0.6840379307289591,inf,green,False,unknown,0,1.6829930882144417,0.025412003000042205,0.014909297000031074,0.00029791300005399535,0.0,0.05500000000000682,-0.015999999999991132,-0.030000000000001137,0.26690400000006775,0.48023421755402257
194.2,868.534776619,FOLLOW,12.648229685932984,8.68731868521109,3.730313732782272,0.043062515721747935,0.042688413811043796,0.07439321049515524,0.14951065114898682,0.4270682958352964,0.7355465346377484,inf,green,False,unknown,0,1.7427026177278384,0.04243052699996497,0.11068941200005611,0.018392821000020376,0.0,0.07200000000000273,0.08399999999997476,0.0,0.29728000004070054,0.48023421755402257
194.3,868.634923881,FOLLOW,12.652622376042965,8.682992851467773,3.731077155291248,0.043063064979402016,0.043497886296835916,0.07534251210781051,0.1493207158315147,0.41634639539334195,0.7397779726177385,inf,green,False,unknown,0,1.7320959366545359,0.03279249799993522,0.09852174999991803,0.01366558199993051,0.0,0.0700000000000216,0.08400000000000318,-0.001999999999981128,0.4713470000297093,0.48023421755402257
194.5,868.88799802,FOLLOW,12.66152665412299,8.67420769846272,3.732528319245122,0.043308351105377126,0.03976105379777737,0.06854264040317098,0.14634794371691787,0.42382160641317784,0.6824169835909529,inf,green,False,unknown,0,1.7238637776497385,0.03610102100003587,0.02618212400000175,0.034859232000030715,0.0,0.054000000000002046,-0.015999999999991132,-0.006000000000000227,0.28339999994386744,0.48023421755402257
194.7,869.084878123,FOLLOW,12.669798398930107,8.666028278698901,3.7337603176636245,0.04346443281865677,0.04349647486527304,0.07504549170747542,0.14977402179866284,0.406300528344916,0.7306506388543961,inf,green,False,unknown,0,1.7253235334569756,0.051572702999919784,0.024846510999964266,0.03023969399998805,0.0,0.07299999999997908,-0.016000000000019554,-0.010000000000019327,15.121614000008776,0.48023421755402257
194.8,869.19130602,FOLLOW,12.674242168309025,8.661627386931077,3.7343760771148413,0.043891114161535384,0.04328502134888894,0.07496721283258705,0.1495482413174888,0.4149078562749329,0.7348604990882873,inf,green,False,unknown,0,1.73194353373032,0.03475608700000521,0.023830646999954297,0.027910953999935373,0.0,0.05299999999999727,-0.015999999999991132,-0.012000000000000455,14.48529500009954,0.48023421755402257
195.0,869.384741449,FOLLOW,12.683166306300352,8.652776385018566,3.735515648180022,0.04368071599844348,0.042990691973016866,0.07444194975880035,0.14939282598031572,0.4153755706656055,0.7302825000168311,inf,green,False,unknown,0,1.7315829623194687,0.017967856000041138,0.009851087000015468,0.010445656999991115,0.0,0.06200000000001182,-0.016999999999995907,-0.015999999999991132,0.3007180000622611,0.48023421755402257
195.2,869.585045602,FOLLOW,12.690621594860959,8.645370038658431,3.7363681106609237,0.0446624675428862,0.04326191238010946,0.07471021555237331,0.15001464841781117,0.4067276461764535,0.7270954321562016,inf,green,False,unknown,0,1.7269281786702255,0.08074887800000852,0.10336421900001369,0.02942726000003404,0.0,0.12199999999998568,0.08399999999997476,0.013999999999981583,17.892566999989867,0.48023421755402257
195.3,869.684696572,FOLLOW,12.695142867576228,8.640873569118035,3.7368409590751877,0.043661613105308264,0.04326191238010946,0.07471021555237331,0.15001464841781117,0.4067276461764535,0.7270954321562016,inf,green,False,unknown,0,1.7269281786702255,0.05018920800000615,0.08108634200004872,0.025217794000013782,0.0,0.10000000000002274,0.08400000000000318,0.012000000000000455,0.2957230000220079,0.48023421755402257
195.5,869.934793147,FOLLOW,12.705591802536688,8.630469437227147,3.737806188744081,0.044070731069959145,0.043662545534003276,0.07511832600113293,0.15044387588288494,0.3970861853571926,0.7250585804725708,inf,green,False,unknown,0,1.7204293767671581,0.02343078500007323,0.031957167000086883,0.02408792500000345,0.0,0.05000000000001137,-0.015999999999991132,-0.02600000000001046,0.33312799996565445,0.48023421755402257
195.7,870.13492202,FOLLOW,12.71452907731101,8.621558485166675,3.7384906064216246,0.04355593654080883,0.043717282729843154,0.07541917008168751,0.14968734365083905,0.40660331107509523,0.7346355208561993,inf,green,False,unknown,0,1.7251568572491214,0.024863244000016493,0.02804195700002765,0.017358693999995012,0.0,0.04099999999999682,-0.016000000000019554,-0.030000000000001137,0.2682260000028691,0.48023421755402257
195.8,870.234722152,FOLLOW,12.719027800163694,8.61706945652228,3.7387856449964803,0.04413802649644594,0.04360434816912386,0.07518015580261396,0.1492589109210943,0.4078898295267765,0.7339064460204101,inf,green,False,unknown,0,1.7241435535515894,0.062179543000070225,0.02786482600004092,0.005667138000035266,0.0,0.07699999999999818,-0.015999999999991132,-0.031999999999982265,12.061897999956273,0.48023421755402257
196.0,870.434755879,FOLLOW,12.727994503125768,8.608116197660348,3.739275044355969,0.04376583913582055,0.04333403842975868,0.0750632683801959,0.149458636358899,0.41569365625222193,0.736402088478003,inf,green,False,unknown,0,1.7322010848785303,0.019326082000020506,0.02975596300007055,0.009945688000016162,0.0,0.033999999999991815,-0.015999999999991132,-0.036000000000001364,0.2934650000270267,0.48023421755402257
196.2,870.634896579,FOLLOW,12.735484587109058,8.600632485370248,3.739582826229736,0.04455499266072345,0.04425181414982333,0.0761120006194751,0.14909874320095678,0.4041862861876316,0.7413896266294105,inf,green,False,unknown,0,1.7199746966708023,0.04870967200008636,0.022897481000086373,0.040237014000013005,0.0,0.057999999999992724,-0.016000000000019554,-0.006000000000000227,15.466737999986435,0.48023421755402257
196.3,870.734916691,FOLLOW,12.740033300723047,8.596086003911724,3.739725015355126,0.04455700582443156,0.04415285754034859,0.0759811505791158,0.14960350306290218,0.40232427852121205,0.7380189493897925,inf,green,False,unknown,0,1.7208659826757822,0.04433220999999321,0.018483102000004692,0.03099312999995618,0.0,0.056000000000011596,-0.015999999999991132,-0.007999999999981355,14.122474000032526,0.48023421755402257
196.5,870.934673147,FOLLOW,12.749138638653259,8.586982570868209,3.7399071304838425,0.045072152412163176,0.0446773363063763,0.07652799252284226,0.14955617025019088,0.39379315870827936,0.7388450814439694,inf,green,False,unknown,0,1.7129040996994325,0.08278557599999203,0.019156017000000247,0.02274291200001244,0.0,0.10599999999999454,-0.015999999999991132,-0.012000000000000455,0.2872070000421445,0.48023421755402257
196.7,871.134812694,FOLLOW,12.758333963455541,8.577787443801673,3.739952759939975,0.04507378281108727,0.04263811014574572,0.07393605971340392,0.14907423267627945,0.41986901365941537,0.7282846939477929,inf,green,False,unknown,0,1.734036979140854,0.03757811199989192,0.009938851999891085,0.010328410999932203,0.0,0.06299999999998818,-0.016000000000019554,-0.016000000000019554,17.528884000057587,0.48023421755402257
196.8,871.235831336,FOLLOW,12.762796390182917,8.573325112903476,3.7399249176654465,0.043065050165813926,0.042981988066667386,0.07432756921066773,0.14907760827978925,0.41457712975239686,0.7294196764666185,inf,green,False,unknown,0,1.7292724825892571,0.08204599300006521,0.012241651000067577,0.010978285000078358,0.0,0.11100000000001842,-0.015999999999991132,-0.018000000000000682,12.797898999906465,0.48023421755402257
197.0,871.43475673,FOLLOW,12.771641443600432,8.564481447187564,3.739772603319977,0.04342854928379729,0.04306749857341565,0.07435145412284067,0.14917114221942723,0.41087007946459697,0.7275447081368118,inf,green,False,unknown,0,1.7263936050545483,0.03545043099995837,0.012136860000055094,0.006134468000027482,0.0,0.07800000000000296,-0.015999999999991132,-0.02199999999999136,0.2732619999505914,0.48023421755402257
197.2,871.634744981,FOLLOW,12.779093632772943,8.55703279734874,3.739544404366732,0.04434303951616628,0.04505710201599998,0.07679626694862818,0.14875119093260478,0.38904270343129194,0.7406661996559196,inf,green,False,unknown,0,1.7044209128531496,0.03777015800005756,0.00711965000004966,0.03301271899999847,0.0,0.07999999999998408,-0.016000000000019554,0.007999999999981355,16.18830099994284,0.48023421755402257
197.3,871.735112674,FOLLOW,12.78365459586961,8.552475575016327,3.7393599497339127,0.045530618095154615,0.04504004432456724,0.07657485118918811,0.14864867229268763,0.38494704402930946,0.7365427011566278,inf,green,False,unknown,0,1.7001504402920868,0.06614500800003498,0.10748734300000251,0.0200278969999772,0.0,0.11200000000002319,0.08400000000000318,0.006000000000000227,17.736288000037348,0.48023421755402257
197.5,871.934642331,FOLLOW,12.792939810714866,8.543202849239758,3.73888016772982,0.04550573588995993,0.04440982100261028,0.07588127544580502,0.14869866654097785,0.3939948105338161,0.734607654433505,inf,green,False,unknown,0,1.708659790395123,0.12513079099994684,0.08723333000000366,0.007585110999912104,0.0,0.1769999999999925,0.08400000000000318,0.0020000000000095497,0.7762889999867184,0.48023421755402257
197.7,872.185246887,FOLLOW,12.803651883551012,8.53251562728273,3.738152887315962,0.04519597271217721,0.04338261132641534,0.07468867464340342,0.14818028521360146,0.41116649717205994,0.7331358514130265,inf,green,False,unknown,0,1.721626992009263,0.02997056699996392,0.027766808999899695,0.013084652999964419,0.0,0.060000000000002274,-0.016000000000019554,-0.036000000000001364,0.3852550000829069,0.48023421755402257
197.8,872.285172846,FOLLOW,12.808122933270223,8.528059014809886,3.7377939851494197,0.04382373558997685,0.04391411005674375,0.07510242821096552,0.14762314928506776,0.401788702565097,0.7335382776395303,inf,green,False,unknown,0,1.7102117773517826,0.06931873300004554,0.020890023999982077,0.006636221000007936,0.0,0.09100000000000819,-0.016999999999995907,-0.03799999999998249,0.5119129999684446,0.48023421755402257
198.0,872.485136765,FOLLOW,12.815656851801918,8.52055577015798,3.7371153403484696,0.04427252268403141,0.045282530870274736,0.07662825289312941,0.14799160324160857,0.38005842261206896,0.7358962417197673,inf,green,False,unknown,0,1.6922254878521215,0.0612194240000008,0.02005714500000977,0.035000233999994634,0.0,0.09000000000000341,-0.015999999999991132,-0.008000000000009777,13.774947999991127,0.48023421755402257
198.2,872.686526728,FOLLOW,12.824881368452798,8.5113810711118,3.736158758114335,0.04571172946364205,0.05236689154436676,0.08944607746761281,0.1471411145862852,0.40216779418881043,0.8751465391389448,inf,green,True,stop,0,1.7080654365713397,0.06127374100003635,0.023922115999994276,0.023230853999962164,0.0,0.08899999999999864,-0.016000000000019554,-0.012000000000000455,15.457663000006505,0.48023421755402257
198.3,872.784789762,FOLLOW,12.829772575503357,8.506522392435766,3.7355957004571776,0.052860783204902576,0.05236689154436676,0.08944607746761281,0.1471411145862852,0.40216779418881043,0.8751465391389448,inf,green,True,stop,0,1.7080654365713397,0.011402821999922708,0.029766414999926383,0.03196452599991062,0.0,0.04600000000002069,-0.015999999999991132,-0.013999999999981583,0.630610000030174,0.48023421755402257
198.5,872.984634766,FOLLOW,12.840610485711974,8.49577368847351,3.734209102838521,0.05340408459182487,0.05282305937960946,0.08984087544532317,0.14681385034072028,0.39610293452993034,0.8760956788115803,inf,green,True,unknown,0,1.7007889452159064,0.056663919000015994,0.03090609499997754,0.029234764999955587,0.0,0.07900000000000773,-0.015999999999991132,-0.018000000000000682,0.3310670000473692,0.48023421755402257
198.7,873.184827463,FOLLOW,12.85148688339366,8.485013277064022,3.7326258986507255,0.05333269551189727,0.052948762518825715,0.08954955304668452,0.1465899526073199,0.3870338138289951,0.8681763854732739,inf,green,True,unknown,0,1.6912492150283125,0.014380389000052674,0.028872613000089586,0.02256544900001245,0.0,0.028999999999996362,-0.016000000000019554,-0.02200000000001978,13.275996999936979,0.48023421755402257
198.8,873.284900776,FOLLOW,12.85692898134108,8.479640211859401,3.7317619388072076,0.053402693821627066,0.052948762518825715,0.08954955304668452,0.1465899526073199,0.3870338138289951,0.8681763854732739,inf,green,True,unknown,0,1.6912492150283125,0.11445370199999161,0.027367946000026677,0.019399325999984285,0.0,0.1290000000000191,-0.015999999999991132,-0.02400000000000091,0.48127900004146795,0.48023421755402257
199.0,873.484972531,FOLLOW,12.867821879756434,8.468909645977085,3.729889202669922,0.053390607048829655,0.053176051603553716,0.08957599923509678,0.14561410577492298,0.38535234991657685,0.870040355961168,inf,green,True,unknown,0,1.684517682939635,0.018941463000032854,0.018597447000047396,0.007719668000049751,0.0,0.05299999999999727,-0.015999999999991132,-0.027999999999991587,0.35253299995474663,0.48023421755402257
199.2,873.684912947,FOLLOW,12.87693445861685,8.45995963335478,3.728176047729124,0.05356918759803534,0.053138936292575274,0.08923011796643543,0.14462866081724085,0.38527426370012857,0.8693466473116686,inf,green,True,unknown,0,1.6791852489321077,0.005550537000090117,0.004964695000012398,0.02505833200007146,0.0,0.054000000000002046,-0.016000000000019554,0.001999999999981128,0.4106899999669622,0.48023421755402257
199.3,873.784984308,FOLLOW,12.882398373172135,8.454605735811736,3.727085190858063,0.05356682055407543,0.05321609872278703,0.08911940326241155,0.14427624479158996,0.3824717177336304,0.8675019203896172,inf,green,True,unknown,0,1.6746699852360805,0.03213453600005778,0.1050360560000172,0.017160015000058593,0.0,0.08299999999999841,0.08400000000000318,0.0,0.38542499999039137,0.48023421755402257
199.5,873.984826716,FOLLOW,12.89333893221117,8.443915662232218,3.7247581575029725,0.05363169110113602,0.05323622293592758,0.0888727228897532,0.1439444255652098,0.3787689001892968,0.8637232247092612,inf,green,True,stop,0,1.669403236903488,0.163606059000017,0.09207754600004137,0.007462220000093112,0.0,0.2179999999999893,0.08400000000000318,-0.003999999999990678,0.643050000007861,0.48023421755402257
199.7,874.240359507,FOLLOW,12.904278484852025,8.433269675196719,3.722241473226566,0.05361884752813955,0.05363924351030895,0.08911423025081493,0.14213507590171567,0.3806651260182717,0.8723809748854188,inf,green,True,unknown,0,1.6613625476222091,0.10466702700000496,0.023358641999948304,0.03156979499999579,0.0,0.12399999999999523,-0.016000000000019554,-0.008000000000009777,0.5970339999521457,0.48023421755402257
199.8,874.334647221,FOLLOW,12.909787866647116,8.427925507373624,3.7209024516405633,0.054016538201944846,0.053620339691227516,0.08892378998626828,0.14168924786716322,0.380109085069647,0.8714523778676496,inf,green,True,unknown,0,1.6583966177449736,0.0641699799999742,0.0065204079999148234,0.012641753999901084,0.0,0.09700000000000841,-0.015999999999991132,-0.009999999999990905,0.2841250000074069,0.48023421755402257
200.0,874.53485729,FOLLOW,12.918973754377443,8.419042330001988,3.7185640333188714,0.05409613282360754,0.053886998794272785,0.08906475255081416,0.14124498215516842,0.3768057920387265,0.8720777662286452,inf,green,True,stop,0,1.6528059558640726,0.029902352000021892,0.0884290950000377,0.028929944999958934,0.0,0.11199999999999477,0.08400000000000318,0.020000000000010232,0.41098600001987506,0.48023421755402257
200.2,874.784624946,FOLLOW,12.933744626343872,8.404834062483117,3.7145275058277085,0.054369363841400904,0.053963156273602465,0.0887740364074115,0.13992333520679404,0.37637666840099726,0.8728278225854553,inf,green,True,unknown,0,1.6450860649683257,0.023766591000025983,0.032657188000030146,0.0024933959999771105,0.0,0.030000000000001137,-0.016000000000019554,-0.05200000000002092,0.38555399999040674,0.48023421755402257
200.3,874.834675596,FOLLOW,12.935590768854363,8.403065142283495,3.713999146578319,0.05429443139478006,0.054381854040034656,0.08920856245274732,0.1396604953168639,0.37304359030348944,0.8758238269680984,inf,green,True,unknown,0,1.6404104646206812,0.07381724100002884,0.08270783800003301,0.02010911299998952,0.0,0.13000000000002387,0.08400000000000318,0.014000000000010004,16.571747999932995,0.48023421755402257
200.5,875.034814459,FOLLOW,12.946716199280635,8.392439097689381,3.710703823133765,0.05452803257273729,0.05421159442288619,0.08877845587834302,0.13889364444064906,0.37459716275163996,0.8748364005877141,inf,green,True,unknown,0,1.6376285704827735,0.07226368800002092,0.07709997300003124,0.013862707000043883,0.0,0.13599999999999568,0.08400000000000318,0.009999999999990905,0.39976200002911355,0.48023421755402257
200.7,875.284499221,FOLLOW,12.957860710847624,8.381855677195567,3.7072126744653473,0.0547354147288649,0.05439551835746521,0.08863232754647439,0.13782213260812298,0.37232987424032654,0.875235080255385,inf,green,True,unknown,0,1.629404962445965,0.08182310300003337,0.1177257470000086,0.021761732000072698,0.0,0.12299999999999045,0.08399999999997476,0.006000000000000227,0.27662299999065,0.48023421755402257
200.8,875.384653222,FOLLOW,12.963439305756891,8.376581831825884,3.705394133329029,0.05468787245902378,0.0547464399428003,0.08894241025186338,0.13770664648700556,0.36810089955106934,0.8760581201517396,inf,green,True,unknown,0,1.62462454809466,0.09843384500004504,0.09934662599994226,0.017990366000049107,0.0,0.15000000000000568,0.08400000000000318,0.004000000000019099,13.510266000025695,0.48023421755402257
201.0,875.584932245,FOLLOW,12.974648573449839,8.36603508147509,3.701598020770862,0.05495338753335485,0.05495357191072282,0.08871533700788313,0.13680837450822725,0.3628560660323541,0.8733680350466686,inf,green,True,unknown,0,1.6143688921988442,0.07232008599999062,0.08517623600005209,0.003709132000039972,0.0,0.13700000000000045,0.08400000000000318,0.0,12.574354999969728,0.48023421755402257
201.2,875.834740179,FOLLOW,12.985895588336163,8.355522707634512,3.6976002641434556,0.05508678147882235,0.05482684290939801,0.0883415493739555,0.1359816566310978,0.36453621734987113,0.8732730643163907,inf,green,True,unknown,0,1.6112828075827916,0.17303098500008218,0.01571274600007655,0.028952462999995987,0.0,0.19499999999999318,-0.016000000000019554,-0.004000000000019099,0.5782509999789909,0.48023421755402257
201.3,875.934777188,FOLLOW,12.991514025881383,8.350298457649508,3.6955329310908196,0.05507879614625212,0.05482684290939801,0.0883415493739555,0.1359816566310978,0.36453621734987113,0.8732730643163907,inf,green,True,unknown,0,1.6112828075827916,0.27306799400003,0.0034670830000322894,0.013422385000012582,0.0,0.2950000000000159,-0.015999999999991132,-0.006000000000000227,0.3933440000309929,0.48023421755402257
201.5,876.134671847,FOLLOW,13.00278488123611,8.33987508617974,3.691245483131502,0.055612740171659486,0.05537607851936831,0.08847936516889526,0.13457856461180584,0.3591062451886565,0.8757568132939562,inf,green,True,unknown,0,1.5977903732917593,0.14227219700001115,0.10327767300009327,0.004676769000070635,0.0,0.1980000000000075,0.08400000000000318,-0.009999999999990905,0.2659799999946699,0.48023421755402257
201.7,876.33674006,FOLLOW,13.010352667929824,8.332919966795345,3.6882626872007482,0.05576404126925995,0.055466779269224435,0.08810869927384736,0.13331171244741621,0.3572114321465338,0.8750016534792731,inf,green,True,unknown,0,1.5884949592293018,0.10217037000006712,0.10109613899999204,0.07051187700005812,0.0,0.16199999999997772,0.08399999999997476,0.054000000000002046,0.5480769999621771,0.48023421755402257
201.8,876.493242915,FOLLOW,13.021714598383452,8.322545771289978,3.683629514312348,0.05567485909434758,0.055424680802576926,0.0875806980691958,0.1325899344302115,0.35316452344955523,0.8696646521670118,inf,green,True,unknown,0,1.5801750556067038,0.03754880500002855,0.03637400800005253,0.014117026999997506,0.0,0.05700000000001637,-0.016999999999995907,-0.04999999999998295,0.6470910000189178,0.48023421755402257
202.0,876.684739498,FOLLOW,13.031167765874377,8.313978575243455,3.679634023964686,0.055796706303986685,0.05601033470966851,0.08808453819000328,0.13170366373353531,0.350919177814017,0.876234051859837,inf,green,True,unknown,0,1.5726479523215224,0.08216374799997084,0.0187630860000354,0.014643329000023186,0.0,0.1150000000000091,-0.015999999999991132,-0.020000000000010232,14.719282999976713,0.48023421755402257
202.2,876.88642299,FOLLOW,13.042598135493204,8.30369995857588,3.674634021203123,0.055947601197728195,0.05595762455310379,0.08760347630457926,0.1304678434043384,0.3511811080863236,0.875714800368312,inf,green,True,unknown,0,1.5655324364500776,0.04451857599997311,0.016093283000031988,0.009240692000048512,0.0,0.09399999999999409,-0.016000000000019554,-0.02400000000000091,33.39539900002819,0.48023421755402257
202.3,876.986080496,FOLLOW,13.046402462818016,8.300298875550768,3.6729294657986484,0.055947442471850656,0.05595762455310379,0.08760347630457926,0.1304678434043384,0.3511811080863236,0.875714800368312,inf,green,True,unknown,0,1.5655324364500776,0.14417608199994447,0.00890291200005322,0.03379913799994938,0.0,0.19400000000001683,-0.015999999999991132,0.008000000000009777,0.49312700002701604,0.48023421755402257
202.5,877.184785071,FOLLOW,13.057853291051963,8.290123350453541,3.66767810301084,0.05614378249302986,0.05595762455310379,0.08760347630457926,0.1304678434043384,0.3511811080863236,0.875714800368312,inf,green,True,unknown,0,1.5655324364500776,0.34288065699990966,0.08929733899992698,0.004283805999989454,0.0,0.39400000000000546,0.08400000000000318,0.003999999999990678,0.40922100004081585,0.48023421755402257
202.7,877.435130887,FOLLOW,13.07123789241174,8.278349622314842,3.661312520621085,0.056224194370778434,0.05605141589574494,0.0870473244684442,0.12866956807993013,0.3495154978942019,0.8752376019327968,inf,green,True,unknown,0,1.5529906439892853,0.1452866829999948,0.024910407999982453,0.0059522300000480755,0.0,0.17599999999998772,-0.016000000000019554,-0.034000000000020236,0.38605199995345174,0.48023421755402257
202.8,877.534712517,FOLLOW,13.075062043934532,8.275010029426785,3.659449398842935,0.05623967086314349,0.05625595898487875,0.08700517715384351,0.12822943379267,0.3459058208905741,0.8742009847208845,inf,green,True,unknown,0,1.546594862550116,0.02130007999994632,0.015828928000019005,0.03014417700001104,0.0,0.058000000000021146,-0.015999999999991132,-0.001999999999981128,0.35925099996347853,0.48023421755402257
203.0,877.734760441,FOLLOW,13.086570047458013,8.26502680764458,3.6537252290507727,0.05640099572347381,0.0565103434399239,0.0869791115179649,0.1274624435858857,0.34326229160235316,0.8750418200915383,inf,green,True,unknown,0,1.5391715254824514,0.08343372800004545,0.0033121350001010796,0.013517846000013378,0.0,0.12399999999999523,-0.015999999999991132,-0.006000000000000227,23.5190269999066,0.48023421755402257
203.2,877.93545574,FOLLOW,13.09811360893742,8.255115113126065,3.647808406262446,0.05670319552304164,0.05682995645949352,0.08692689184289877,0.12642499607052565,0.34019694020574875,0.8763616642363131,inf,green,True,unknown,0,1.5295963125514151,0.000744023999914134,0.006720869999981005,0.013066504999983408,0.0,0.04599999999999227,-0.016000000000019554,-0.010000000000019327,14.551433000065117,0.48023421755402257
203.3,878.034696991,FOLLOW,13.103914557372761,8.250173768105544,3.644769669847232,0.057030772119288836,0.05682995645949352,0.08692689184289877,0.12642499607052565,0.34019694020574875,0.8763616642363131,inf,green,True,unknown,0,1.5295963125514151,0.025489145000051394,0.007338881000009678,0.011526180000032582,0.0,0.07699999999999818,-0.015999999999991132,-0.012000000000000455,0.39434799998616654,0.48023421755402257
203.5,878.234661727,FOLLOW,13.113585915362885,8.241995273909847,3.6396077117945316,0.0566921550428068,0.056883839804453634,0.08674906464416632,0.12558600056535188,0.3407904965694376,0.8778959986566156,inf,green,True,unknown,0,1.5250212528264386,0.0702821300000096,0.09409662699999899,0.024034697000047345,0.0,0.1349999999999909,0.08400000000000318,0.018000000000000682,0.3634930000089298,0.48023421755402257
203.7,878.484705908,FOLLOW,13.12711048318054,8.23068610767869,3.6321908012628485,0.05666818135381992,0.05568661617966645,0.0849220454758188,0.12426037221434921,0.34859789051187784,0.868476737538394,inf,green,True,unknown,0,1.5249992063052926,0.09321904600005837,0.028412447000050634,0.027376772000025085,0.0,0.11499999999998067,-0.016000000000019554,-0.020000000000010232,0.47235499994258134,0.48023421755402257
203.8,878.584488286,FOLLOW,13.132810769105156,8.225964978020343,3.6289964282214497,0.0558913694571244,0.05568661617966645,0.0849220454758188,0.12426037221434921,0.34859789051187784,0.868476737538394,inf,green,True,unknown,0,1.5249992063052926,0.1930014240000446,0.029062050999982603,0.022802359000024808,0.0,0.2150000000000034,-0.015999999999991132,-0.02199999999999136,0.3325119999999515,0.48023421755402257
204.0,878.786148859,FOLLOW,13.144211196170899,8.21660539427996,3.622487597956077,0.055885656229285874,0.05568661617966645,0.0849220454758188,0.12426037221434921,0.34859789051187784,0.868476737538394,inf,green,True,unknown,0,1.5249992063052926,0.3946619970000711,0.01874016500005382,0.0035698340000180906,0.0,0.41499999999999204,-0.015999999999991132,-0.02600000000001046,0.31273399997644447,0.48023421755402257
204.2,878.984450299,FOLLOW,13.153712023085435,8.208890956008654,3.616942176271371,0.055893086016282935,0.05713291633874391,0.08563599287318534,0.12214110080655223,0.3365082272176348,0.8766429776754525,inf,green,True,stop,0,1.4988906283979146,0.019913167999902726,0.010289824999972552,0.029911538999954246,0.0,0.0619999999999834,-0.016000000000019554,0.003999999999990678,13.597204000006968,0.48023421755402257
204.3,879.086596871,FOLLOW,13.159455086259774,8.204266122491221,3.6135372518089324,0.05719648361958991,0.056971021843126746,0.08554437373915177,0.1219371584374862,0.34020232897069247,0.878543396919221,inf,green,True,stop,0,1.5015418535883651,0.05585866299998088,0.016649890999929085,0.032880680999937795,0.0,0.09400000000002251,-0.015999999999991132,0.0020000000000095497,19.11983800005146,0.48023421755402257
204.5,879.285522448,FOLLOW,13.171120568873292,8.194962060290974,3.60650058632453,0.057185911257709846,0.057263595373875854,0.08529676722504108,0.12121694274283895,0.33326785630033606,0.8747823713302456,inf,green,True,unknown,0,1.4895461360422053,0.03433838300009029,0.012042672999996284,0.02617857500001719,0.0,0.0519999999999925,-0.015999999999991132,-0.0020000000000095497,0.40131599996584555,0.48023421755402257
204.7,879.484466861,FOLLOW,13.18282910402844,8.185745953291741,3.5992790949165205,0.057381954730786715,0.05827975649883122,0.08861839570273876,0.11897933604686514,0.37523319934239935,0.9412583768226025,inf,green,True,unknown,0,1.5205690796686147,0.012984818999939307,0.008360144999983277,0.017329397000025892,0.0,0.020999999999986585,-0.016000000000019554,-0.006000000000000227,16.98772600002485,0.48023421755402257
204.8,879.584437247,FOLLOW,13.188751944657641,8.18113131099175,3.595566290459259,0.05850757188591826,0.05827975649883122,0.08861839570273876,0.11897933604686514,0.37523319934239935,0.9412583768226025,inf,green,True,unknown,0,1.5205690796686147,0.024611697999944226,0.10833053099997869,0.006293867999943359,0.0,0.03700000000000614,0.08400000000000318,-0.007999999999981355,0.37636700005805324,0.48023421755402257
205.0,879.784391062,FOLLOW,13.198714778002596,8.1734431878993,3.589229961009197,0.058859377056530396,0.058255870607142796,0.0883073895589433,0.11793191810116183,0.37691560677319397,0.9429144804343547,inf,green,True,unknown,0,1.515853915469866,0.013691432000086934,0.09287913600007869,0.03143825100005415,0.0,0.036000000000001364,0.08400000000000318,0.02199999999999136,0.3997809999418678,0.48023421755402257
205.2,879.984598768,FOLLOW,13.210640364838572,8.164364470757155,3.581497369272269,0.05841045694703594,0.058384233999081596,0.0878679327113577,0.11682161586441175,0.37334166842385247,0.9406450193853828,inf,green,True,unknown,0,1.5049941858060498,0.039519650999977785,0.08401792999995905,0.016026277999912963,0.0,0.07200000000000273,0.08399999999997476,0.018000000000000682,15.737101000013354,0.48023421755402257
205.3,880.084522897,FOLLOW,13.21660210337793,8.159876999160453,3.5775724841724466,0.058570644506725646,0.058384233999081596,0.0878679327113577,0.11682161586441175,0.37334166842385247,0.9406450193853828,inf,green,True,unknown,0,1.5049941858060498,0.04255116700005601,0.08363085300004514,0.015331029000094532,0.0,0.0700000000000216,0.08400000000000318,0.016000000000019554,0.3136019998919437,0.48023421755402257
205.5,880.334615284,FOLLOW,13.23052172385669,8.149534047279941,3.5682572987977186,0.05840727498211514,0.058061779272356735,0.0870750946044218,0.11633038546728304,0.3713351685256723,0.9330227562488265,inf,green,True,unknown,0,1.4996973171622787,0.012421332000030816,0.019692476000045644,0.014238430000091284,0.0,0.003999999999990678,-0.015999999999991132,-0.02199999999999136,0.4446979999102041,0.48023421755402257
205.7,880.534379927,FOLLOW,13.2404410645654,8.142279658311915,3.561492277259366,0.058547199317711456,0.05602821761825974,0.08346933731970155,0.11145587516654851,0.39037311828039845,0.9225666056382649,inf,green,True,stop,0,1.4897732047877725,0.010158230999991247,0.009015567999995255,0.03452829399998336,0.0,0.016999999999995907,-0.016000000000019554,0.007999999999981355,13.746243000014147,0.48023421755402257
205.8,880.634605204,FOLLOW,13.246336439356567,8.138014622755216,3.5574222983850805,0.056266300941092785,0.05602821761825974,0.08346933731970155,0.11145587516654851,0.39037311828039845,0.9225666056382649,inf,green,True,stop,0,1.4897732047877725,0.11038350799992713,0.011196464000022388,0.03488258799995947,0.0,0.11700000000001864,-0.015999999999991132,0.006000000000000227,0.5519370000683921,0.48023421755402257
206.0,880.834721285,FOLLOW,13.25798619522425,8.129689244407988,3.5492735716978734,0.058108670649324755,0.05826805418134253,0.08700792716883027,0.11371509796923887,0.3805500830354508,0.9475236360325221,inf,green,True,stop,0,1.493235502562745,0.0841940310000382,0.003589252999972814,0.020181901000000835,0.0,0.09100000000000819,-0.015999999999991132,0.0020000000000095497,15.327515999956631,0.48023421755402257
206.2,881.03485929,FOLLOW,13.26989064943947,8.121325208833126,3.540802707480829,0.058504553495314006,0.06007142396636156,0.08859104860528648,0.11335978279952204,0.3659498415678635,0.958577034787304,inf,green,True,stop,0,1.4747619209908387,0.013647430999981225,0.09997825599998578,0.009157684999991034,0.0,0.03099999999997749,0.08399999999997476,-0.0020000000000095497,0.37339499999688996,0.48023421755402257
206.3,881.134535511,FOLLOW,13.27397633505921,8.118488342655194,3.5378624726683467,0.06012293418545541,0.06121316915735,0.08950501317978117,0.11337707347573305,0.3545324728222835,0.9622359144496674,inf,green,True,stop,0,1.4621855788859137,0.004455701999972916,0.08791856099992401,0.024890633999916645,0.0,0.038000000000010914,0.08400000000000318,0.030000000000001137,0.4294500000696644,0.48023421755402257
206.5,881.334705707,FOLLOW,13.28648930363385,8.109908009057582,3.528754879948326,0.0625103806281295,0.06245862759097757,0.09064091354721372,0.1130496559714145,0.3466023627036394,0.971494977721887,inf,green,True,stop,0,1.4512152610972069,0.010687577999988207,0.08577973199999178,0.030941668999957983,0.0,0.038000000000010914,0.08400000000000318,0.02600000000001046,0.3744919999917329,0.48023421755402257
206.7,881.584663887,FOLLOW,13.300871244359296,8.10024714847475,3.518101193013206,0.05874461303825575,0.058489612922786725,0.08595335799649126,0.11130798990883585,0.3731734373154136,0.9421378139741469,inf,green,True,stop,0,1.4695490994265932,0.01099122300001909,0.015359203999992133,0.019314585000074658,0.0,0.006000000000000227,-0.016000000000019554,-0.012000000000000455,0.48927799991815846,0.48023421755402257
206.8,881.684611452,FOLLOW,13.306862501155445,8.096286724209028,3.5136056387442536,0.05874051258239018,0.058435500998028966,0.08565098254839569,0.11056341068619906,0.37408161415183216,0.942371811173443,inf,green,True,stop,0,1.4657354020338544,0.025312259999964226,0.01285547600002701,0.014530157999956828,0.0,0.03900000000001569,-0.015999999999991132,-0.013999999999981583,0.4717729999583753,0.48023421755402257
207.0,881.884907109,FOLLOW,13.318849373796336,8.0884775107812,3.5045117958003713,0.058909815532774856,0.05826837188109437,0.08503674725052376,0.10976416912982631,0.3730808421164229,0.9384617083872777,inf,green,True,stop,0,1.459398031989883,0.0005190230000380325,0.01706277300002057,0.015632805999985067,0.0,-0.0020000000000095497,-0.015999999999991132,-0.018000000000000682,13.53638500006582,0.48023421755402257
207.2,882.084503784,FOLLOW,13.328811041426995,8.082104716569129,3.496855374998258,0.058532256963397096,0.05865592920819156,0.08554479624657849,0.10963226350952901,0.3729754063590314,0.9445748065639261,inf,green,True,stop,0,1.4584168625638578,0.020545369000046776,0.10955605000003743,0.03067308500010313,0.0,0.025999999999982037,0.07999999999998408,0.012000000000000455,0.37558099995749217,0.48023421755402257
207.3,882.184420848,FOLLOW,13.334810088663772,8.078318764134629,3.4922018878980836,0.058902492391576425,0.058343184938455986,0.08498510321608642,0.10918413154697142,0.37399676907498736,0.9407799299981126,inf,green,True,stop,0,1.4566414793044635,0.021231282999906398,0.09523805999992874,0.02598533899993072,0.0,0.03900000000001569,0.08100000000001728,0.010000000000019327,0.4326590000118813,0.48023421755402257
207.5,882.384595285,STOP_HOLD,13.346802495302898,8.070868057757302,3.4828049994812873,0.059064476575320005,0.0,0.0,0.10779734406879421,0.32370559636335294,0.8806740852791404,inf,green,True,stop,0,1.3900774161018374,0.060703421000084745,0.09386474200005068,0.018235171000014816,0.0,0.07200000000000273,0.08099999999998886,0.006000000000000227,16.215891999991072,0.48023421755402257
207.7,882.584298557,STOP_HOLD,13.349195474021629,8.069400585113097,3.4809151004760044,3.454813678670097e-06,0.0,0.0,0.10634666897096108,0.3181413645414383,0.8825752522445345,inf,green,True,stop,0,1.373682082918315,0.02137404500001594,0.07685704200002874,0.01414260399997147,0.0,0.03899999999998727,0.08099999999998886,0.001999999999981128,0.3389800000377363,0.48023421755402257
207.8,882.685087255,STOP_HOLD,13.349195826335938,8.06940037005393,3.480914821415209,3.4533302019748335e-06,0.0,0.0,0.10664421574440112,0.31498754921841954,0.8677009220170514,inf,green,True,stop,0,1.372112404020944,0.01817664399993646,0.09286004599994158,0.008784472000002097,0.0,0.03900000000001569,0.08100000000001728,0.0,0.4747699999825272,0.48023421755402257
208.0,882.936626619,STOP_HOLD,13.349196647817722,8.069399868608324,3.4809141707350855,3.4498942004999323e-06,0.0,0.0,0.10650157253356278,0.31577039305908183,0.8680542836793445,inf,green,True,stop,0,1.3720241486532705,0.02215298900000562,0.02172232800000984,0.004998671999942417,0.0,0.0049999999999954525,-0.019000000000005457,-0.038000000000010914,0.34619300004123943,0.48023421755402257
208.2,883.134444231,STOP_HOLD,13.349197234090374,8.06939951073984,3.4809137063583306,3.447446404130122e-06,0.0,0.0,0.10656365125522921,0.3155079433734203,0.8679752081649605,inf,green,True,stop,0,1.3721526332562537,0.000982316999966315,0.009993166999947789,0.02113766000002215,0.0,0.006000000000000227,-0.019000000000005457,-0.008000000000009777,23.24586999998246,0.48023421755402257
208.3,883.234318223,STOP_HOLD,13.349197585654375,8.069399296141267,3.4809134278898424,3.4459801087594497e-06,0.0,0.0,0.10656365125522921,0.3155079433734203,0.8679752081649605,inf,green,True,stop,0,1.3721526332562537,0.031422267999914766,0.01066529599995647,0.02245549499991739,0.0,0.03200000000001069,-0.018999999999977035,-0.009999999999990905,0.31415500006914954,0.48023421755402257
208.5,883.43470136,STOP_HOLD,13.34919828833419,8.06939886721925,3.480912871306669,3.4430533165879677e-06,0.0,0.0,0.10672478023357301,0.31446697852439986,0.8674149534366337,inf,green,True,stop,0,1.3720721737388957,0.0323056769999539,0.10811522699998477,0.0003293129999519806,0.0,0.03899999999998727,0.08099999999998886,-0.014000000000010004,0.3901430000041728,0.48023421755402257
208.7,883.634793259,STOP_HOLD,13.349198873445154,8.06939851006388,3.480912407846982,3.4406202134480488e-06,0.0,0.0,0.10649682926188671,0.31663287818712077,0.865487618170988,inf,green,True,stop,0,1.3729849546189026,0.03375306200007344,0.09517537700003231,0.02426704000004065,0.0,0.0660000000000025,0.08099999999998886,0.015999999999991132,0.4239799999368188,0.48023421755402257
208.8,883.734378065,STOP_HOLD,13.34919922431334,8.069398295892446,3.480912129927784,3.4391627668078736e-06,0.0,0.0,0.10664421574440112,0.31498754921841954,0.8677009220170514,inf,green,True,stop,0,1.372112404020944,0.01007462999996278,0.09004024099999697,0.022570679999944332,0.0,0.03100000000000591,0.0800000000000125,0.014000000000010004,13.450698000042394,0.48023421755402257
209.0,883.984409047,STOP_HOLD,13.349200042428382,8.069397796513542,3.4809114819054585,3.4357695451887322e-06,0.0,0.0,0.10656365125522921,0.3155079433734203,0.8679752081649605,inf,green,True,stop,0,1.3721526332562537,0.0017625499999667227,0.010264271999972152,0.005121693999967647,0.0,0.006000000000000227,-0.019000000000005457,-0.02400000000000091,18.793888999994124,0.48023421755402257
209.2,884.184604853,STOP_HOLD,13.349200743027959,8.069397368868517,3.480910926964469,3.432869193634199e-06,0.0,0.0,0.10656365125522921,0.3155079433734203,0.8679752081649605,inf,green,True,stop,0,1.3721526332562537,0.16554537199999686,0.012035550999939915,0.00318331500000113,0.0,0.1699999999999875,-0.019000000000005457,-0.02800000000002001,0.3741130000207704,0.48023421755402257
209.3,884.284525108,STOP_HOLD,13.349201093106062,8.069397155182093,3.4809106496689743,3.4314218902595735e-06,0.0,0.0,0.10656365125522921,0.3155079433734203,0.8679752081649605,inf,green,True,stop,0,1.3721526332562537,0.26546562700002596,0.00890580600002977,0.0013541960000793551,0.0,0.27000000000001023,-0.01999999999998181,-0.030000000000001137,0.3503030000047147,0.48023421755402257
209.5,884.484367367,STOP_HOLD,13.349201676241806,8.069396799239263,3.480910187768556,3.4290136838778453e-06,0.0,0.0,0.10657739375105861,0.31611286651703435,0.8652117121871563,inf,green,True,stop,0,1.372944747048586,0.03585176599995066,0.0015351570000348147,0.01706875900003979,0.0,0.07699999999999818,-0.019000000000005457,0.0,18.774163999978555,0.48023421755402257
209.7,884.685262424,STOP_HOLD,13.349202375464987,8.069396372439192,3.4809096339141044,3.4261308786725714e-06,0.0,0.0,0.10656365125522921,0.3155079433734203,0.8679752081649605,inf,green,True,stop,0,1.3721526332562537,0.026681197000016255,0.0010993509999934759,0.02086535199998707,0.0,0.03499999999999659,-0.019000000000005457,-0.004000000000019099,0.6737139999586361,0.48023421755402257
209.8,884.788815309,STOP_HOLD,13.349202724856232,8.069396159174422,3.480909357160821,3.424692251816867e-06,0.0,0.0,0.10656365125522921,0.3155079433734203,0.8679752081649605,inf,green,True,stop,0,1.3721526332562537,0.028863108999985343,0.10465223599999263,0.014541781000048104,0.0,0.04100000000002524,0.08100000000001728,-0.006000000000000227,0.5899589999671662,0.48023421755402257
209.8,884.835514952,FOLLOW,13.349202841287381,8.069396088106178,3.48090926493546,3.4242131274848917e-06,0.05821225077295038,0.07986861380794792,0.10650157253356278,0.31577039305908183,0.8680542836793445,inf,green,True,stop,0,1.3720241486532705,0.07556275199999618,0.03979991100004554,0.020898191000014776,0.04669964300001084,0.04100000000002524,-0.018999999999977035,-0.03999999999999204,16.171689999964656,0.48023421755402257
210.0,884.984145072,FOLLOW,13.35417545276291,8.066368681348916,3.4769644436162612,0.05825545200240282,0.05825226509517165,0.0799286554994013,0.10664421574440112,0.31498754921841954,0.8677009220170514,inf,green,True,stop,0,1.372112404020944,0.07159475500009194,0.09144819800008008,0.00028624300000501535,0.0,0.09499999999999886,0.08099999999998886,-0.009999999999990905,0.35341299997071474,0.48023421755402257
210.2,885.234258601,FOLLOW,13.365989605019877,8.059280989092045,3.46751267526439,0.05711894419293612,0.056508239718760025,0.0760395565105575,0.10617987643987695,0.29485890612370624,0.8180261174573701,inf,green,True,stop,0,1.3456366166952696,0.022844910000003438,0.027508905999980016,0.03211782099992888,0.0,0.012000000000000455,-0.019000000000005457,-0.014000000000010004,0.4022470000109024,0.48023421755402257
210.3,885.284383212,FOLLOW,13.369835852911285,8.057005979749285,3.4644113962990066,0.05654886252753745,0.056508239718760025,0.0760395565105575,0.10617987643987695,0.29485890612370624,0.8180261174573701,inf,green,True,stop,0,1.3456366166952696,0.007306064999966111,0.07763351699998111,0.01842461799992634,0.0,0.03900000000001569,0.08100000000001728,0.018000000000000682,0.3543020000051911,0.48023421755402257
210.5,885.534298202,FOLLOW,13.383545557267793,8.049028815062385,3.453261720058009,0.05876218640908229,0.05871411058986551,0.08484820012383551,0.10770556713128121,0.37240128528117034,0.9448094684115187,inf,green,True,stop,0,1.4451074753822626,0.02481091499998911,0.022124809999922945,0.0196757249999564,0.0,0.015999999999991132,-0.019000000000005457,-0.020000000000010232,0.36912500002017623,0.48023421755402257
210.7,885.734303943,FOLLOW,13.39551467168796,8.042242325975796,3.4434027186823832,0.058579238631458065,0.05831796520849536,0.08402011078797623,0.10705174576577337,0.37234867396652044,0.9383708978584806,inf,green,True,stop,0,1.4407243203289397,0.02271265100000619,0.017866671999968275,0.013421116000017719,0.0,0.024999999999977263,-0.019000000000005457,-0.02400000000000091,15.301151000016944,0.48023421755402257
210.8,885.834346312,FOLLOW,13.40147558352043,8.03892519977241,3.438450047075482,0.05836591444542891,0.058488236074398306,0.08413769767778362,0.10611887454110941,0.3758339947729099,0.945357538350447,inf,green,True,stop,0,1.4385405224181944,0.004279939999946691,0.012057679000008648,0.006214668999973583,0.0,0.0010000000000047748,-0.018999999999977035,-0.025999999999982037,15.23077199999534,0.48023421755402257
211.0,886.035904878,FOLLOW,13.41341097857741,8.03240942150277,3.4284502964623886,0.05853689791548198,0.05081064937497738,0.06807667683555138,0.09804732151748857,0.3388435263617122,0.7821066533528505,inf,green,True,stop,0,1.3398111945618425,0.0179015270000491,0.017085611999959838,0.007087467000019387,0.0,0.016999999999995907,-0.019000000000005457,-0.030000000000001137,0.3955240000550475,0.48023421755402257
211.2,886.234246969,FOLLOW,13.423366866337577,8.027099449194287,3.420028744758506,0.04657994320657259,0.09059510455316303,0.09616256568961554,0.10801650981572686,0.042667792941099056,0.8354903121628499,inf,green,True,stop,0,1.0614543265214227,0.05588160499996775,0.01862591799999791,0.0031856909999987693,0.0,0.04899999999997817,-0.019000000000005457,-0.034000000000020236,17.73248799997873,0.48023421755402257
211.3,886.334471307,FOLLOW,13.431087885638437,8.02305029923401,3.4134546823070275,0.09091902709571593,0.09726133597458031,0.09883893930953383,0.10835032572014071,0.003800049305091743,0.8182110887919715,inf,green,True,stop,0,1.0162202515433865,0.028423688999964725,0.020404795999979797,0.0003608629999689583,0.0,0.016000000000019554,-0.018999999999977035,-0.036000000000001364,17.593508000004476,0.48023421755402257
211.5,886.534152255,FOLLOW,13.446111216696305,8.015316054220007,3.400575324503524,0.0575334265389087,0.05634738870678755,0.07922164913521841,0.10710386083447328,0.34169162464203456,0.8706747140473644,inf,green,True,stop,0,1.4059506740846617,0.013738218999947094,0.006660988000021462,0.019094947999974465,0.0,0.016999999999995907,-0.019000000000005457,-0.006000000000000227,0.34068399997977394,0.48023421755402257
211.7,886.735208827,FOLLOW,13.455906206217882,8.010396883155076,3.3921052475297557,0.059528967018431155,0.060011719356538325,0.0865037639654626,0.10727801574966589,0.37167181018392015,0.9647781689189443,inf,green,True,stop,0,1.4414478520692133,0.028287496999951145,0.10322604899999988,0.027491126999962034,0.0,0.04899999999997817,0.08099999999998886,0.02400000000000091,0.35389700008181535,0.48023421755402257
211.8,886.834009115,FOLLOW,13.462013891091397,8.007389011061981,3.3867895808004334,0.06006679364855254,0.0552276197806943,0.07899728869617612,0.10808913142281835,0.35727184666272893,0.8712983670440299,inf,green,True,stop,0,1.4303945925946076,0.021787780999943607,0.0909005689999276,0.021122634999983347,0.0,0.05000000000001137,0.08100000000001728,0.02200000000001978,0.5003210000040781,0.48023421755402257
212.0,887.084256043,FOLLOW,13.47545162293768,8.0009330222878,3.37500452162436,0.05695784551799696,0.05720720825561172,0.08062503274816923,0.10818682431488237,0.33824721758634974,0.8798554650122544,inf,green,True,unknown,0,1.409350940320713,0.002769855999986248,0.026822835999951167,0.027119819999938954,0.0,-0.016999999999995907,-0.019000000000005457,-0.015999999999991132,0.3609579999874768,0.48023421755402257
212.2,887.284516595,FOLLOW,13.487169774103773,7.995483759075235,3.3646306269287853,0.05873689130670245,0.05868334760482998,0.08167593590088429,0.10783342702561126,0.3250013604289988,0.8863647260006159,inf,green,True,stop,0,1.3918077143602128,0.04007377699997505,0.03131032700002834,0.030315331999986483,0.0,0.015999999999991132,-0.019000000000005457,-0.020000000000010232,0.3862739999931364,0.48023421755402257
212.3,887.38413755,FOLLOW,13.493160982384326,7.9927622021942755,3.3592932560332507,0.05873780004389056,0.060402827731830123,0.08261476923693047,0.10833487153329527,0.3009349620154869,0.8820511200382989,inf,green,True,stop,0,1.3677301599804979,0.030369398999937403,0.024270827000009376,0.022014939999962735,0.0,0.01700000000002433,-0.018999999999977035,-0.02199999999999136,0.42705800001385796,0.48023421755402257
212.5,887.58433434,FOLLOW,13.504784842258186,7.987604566457437,3.3488764262386175,0.05143518865159697,0.05139228682888301,0.06838261824050007,0.1089830033568856,0.26453840709814896,0.7115030922166061,inf,green,True,stop,0,1.3306008052957143,0.06104339900002742,0.018968760000007023,0.012110572000096909,0.0,0.05000000000001137,-0.019000000000005457,-0.02600000000001046,0.39891899996291613,0.48023421755402257
212.7,887.784158063,FOLLOW,13.51404579201096,7.983608318270397,3.3405221337974487,0.05920327921654954,0.06782550786503655,0.0884087512420155,0.11043715231392004,0.2317670935057904,0.8927067493635055,inf,green,True,stop,0,1.303473486965063,0.01505686199993761,0.0016197559999682198,0.02269024800000352,0.0,0.016999999999995907,-0.019000000000005457,0.003999999999990678,0.27944500004650763,0.48023421755402257
212.8,887.884287641,FOLLOW,13.5205840188314,7.980847117508023,3.3345955870102886,0.06789217863432832,0.0525137950530883,0.06604522781462761,0.11075938554408359,0.18990864753313605,0.6453821211791585,inf,green,True,stop,0,1.2576738692730138,0.004975302000048032,0.10174933400003283,0.01575731299999461,0.0,0.01700000000002433,0.08100000000001728,0.0020000000000095497,18.575046000023576,0.48023421755402257
213.0,888.084604183,FOLLOW,13.530758785621359,7.97664954071677,3.3253271060241145,0.028434303592492088,0.05585981240519799,0.06754466762824843,0.11169982981709188,0.14202571039875062,0.6307803021180913,inf,green,True,stop,0,1.2091817841830617,0.03487244699999792,0.08634678800001439,0.005154022000056102,0.0,0.05000000000001137,0.08099999999998886,-0.0020000000000095497,14.622927000004893,0.48023421755402257
213.2,888.334634111,FOLLOW,13.54326919921757,7.971663570919887,3.313853322103627,0.057825183054529286,0.07741048373252352,0.08902437690941399,0.11849535598871112,0.046641688099961096,0.7203072735610183,inf,green,True,stop,0,1.1500299780714454,0.008658271000058448,0.030754080000065187,0.006945404000020972,0.0,-0.01700000000002433,-0.019000000000005457,-0.040000000000020464,21.581814999990456,0.48023421755402257
213.3,888.434762893,FOLLOW,13.54776883916079,7.969911578240281,3.3097087782930847,0.0753324500337907,0.04412448770475058,0.05620797546860273,0.10935545260854564,0.21289198436448895,0.5634071839256475,inf,green,True,stop,0,1.2738499276117647,0.031533998999975665,0.024816826000005676,0.03636294699992959,0.0,0.01700000000002433,-0.018999999999977035,-0.007999999999981355,28.632220000076813,0.48023421755402257
213.5,888.634642026,FOLLOW,13.559077349666655,7.965609398462576,3.299250695754941,0.04416471400099024,0.05799997914942145,0.070692868863383,0.10866563480262377,0.17003264748737898,0.6887892014324477,inf,green,True,unknown,0,1.2188430047752554,0.02431029000001672,0.01444066900000962,0.020671289000006254,0.0,0.016999999999995907,-0.019000000000005457,-0.012000000000000455,0.37979299997914495,0.48023421755402257
213.7,888.834346565,FOLLOW,13.569899682495915,7.961640591955767,3.289182453438632,0.04835897749975938,0.0628207286866289,0.07279904441309382,0.10832013863188776,0.12141416100794589,0.6824086987926334,inf,green,True,stop,0,1.1588379494329035,0.010966842000016186,0.1074029490000612,0.001955256000087502,0.0,0.015999999999991132,0.08099999999998886,-0.016000000000019554,0.3121439999631548,0.48023421755402257
213.8,888.93444737,FOLLOW,13.57413971633149,7.960125354269753,3.285222415029453,0.06288275612687792,0.06855621409781708,0.07494260611316524,0.1088600062900072,0.06308908581387497,0.6614090523628832,inf,green,True,stop,0,1.093155552700678,0.00594169700002567,0.09873958500008939,0.032461816000022736,0.0,0.01700000000002433,0.08100000000001728,0.016000000000019554,15.559748999976364,0.48023421755402257
214.0,889.134290268,FOLLOW,13.587740398276146,7.955394128378939,3.272471305613334,0.06862188704927634,0.07826146910471586,0.07947255870032521,0.1087843893943706,0.0003075320070280439,0.6526803239281892,inf,green,True,stop,0,1.015474915171716,0.0015527880000263394,0.0974450789999537,0.023965588999999454,0.0,0.015999999999991132,0.08099999999998886,0.012000000000000455,0.36813200006236,0.48023421755402257
214.2,889.384626881,FOLLOW,13.602642637348826,7.950435293946397,3.2584184825698506,0.05710883491225156,0.05384672920592811,0.04373867778626306,0.11004369234223814,-0.1641928497923704,0.6329154083893884,inf,green,True,stop,0,0.8122810508878182,0.04038738600002034,0.024239352999984476,0.015054788000043118,0.0,0.016999999999995907,-0.019000000000005457,-0.02600000000001046,12.224943999967763,0.48023421755402257
214.3,889.484301953,FOLLOW,13.608362550468602,7.948585968736622,3.2530057801035817,0.053880444962347125,0.05384672920592811,0.04373867778626306,0.11004369234223814,-0.1641928497923704,0.6329154083893884,inf,green,True,stop,0,0.8122810508878182,0.0711902599999803,0.02183033999995132,0.01435889699996551,0.0,0.05000000000001137,-0.018999999999977035,-0.027999999999991587,0.33621800002947566,0.48023421755402257
214.5,889.684623545,FOLLOW,13.617497264420136,7.945683411712159,3.2443444957887855,0.035846061457604515,0.03976467927569805,0.021607690060611758,0.11567643997164476,-0.3794158872591894,0.6456921412342771,inf,green,True,unknown,0,0.543389018953239,0.028348133000008602,0.019265697000037108,0.0027973490000476886,0.0,0.016999999999995907,-0.019000000000005457,-0.03200000000001069,15.29197699994711,0.48023421755402257
214.7,889.885631177,FOLLOW,13.624119698661884,7.943609605171572,3.238055146138909,0.03977349225721065,0.042256452662498965,0.029359806807940658,0.1094174024592086,-0.2434724815111641,0.5664763428041093,inf,green,True,unknown,0,0.6948005560816135,0.017540279000058945,0.015285251000022981,0.016076170000019374,0.0,0.016999999999995907,-0.019000000000005457,-0.0020000000000095497,0.5650199999536198,0.48023421755402257
214.8,889.984519334,FOLLOW,13.628343056011088,7.942299083265808,3.234040265069813,0.04227443560326766,0.04068717761177175,0.02666978783818497,0.10939028535770684,-0.2699925039929519,0.5679188335107693,inf,green,True,unknown,0,0.6554838502847831,0.0825845129999152,0.005139293999945949,0.02358992299991769,0.0,0.08100000000001728,-0.018999999999977035,-0.003999999999990678,0.5044640000733125,0.48023421755402257
215.0,890.18418917,FOLLOW,13.635932492673545,7.939971688593713,3.22681650703725,0.049924480561919025,0.04819189134551344,0.027375389181964,0.10271026328246732,-0.28670188095530375,0.6894471340366188,inf,green,True,unknown,0,0.5680496950346936,0.034424831000023914,0.09463730400000259,0.03359048099991924,0.0,0.05000000000001137,0.08099999999998886,0.02600000000001046,14.437086000043564,0.48023421755402257
215.2,890.434401363,FOLLOW,13.648809905778478,7.936095454915958,3.21453636359722,0.04288717359853294,0.042881751136739386,0.01791438002088685,0.10080081121638684,-0.3696663263225138,0.6875966638268851,inf,green,False,unknown,0,0.41776232420551773,0.0023401979999562172,0.027643140000009225,0.0030689049999637064,0.0,-0.01700000000002433,-0.019000000000005457,-0.04600000000002069,0.32208200002514786,0.48023421755402257
215.3,890.534465752,FOLLOW,13.651726234244142,7.935228100692007,3.2117520023346935,0.042887209118164266,0.04071358661938472,0.013386116277290847,0.09855386906755298,-0.4093564003587265,0.6864958731658006,inf,green,False,unknown,0,0.32878744882961,0.00047734099996432633,0.025200879999943027,0.03080467500001305,0.0,-0.016999999999995907,-0.018999999999977035,-0.013999999999981583,0.322404000030474,0.48023421755402257
215.5,890.7342351,FOLLOW,13.659897328933823,7.932812362231891,3.2039461735609556,0.03649356113762419,0.036501850088893985,0.005879543908966365,0.09557512393808754,-0.48602930285156654,0.6737855997303152,inf,green,False,unknown,0,0.1610752302868963,0.006535846000019774,0.029875841000034598,0.03139943199994377,0.0,-0.016999999999995907,-0.019000000000005457,-0.018000000000000682,0.3615880000324978,0.48023421755402257
215.7,890.934087097,FOLLOW,13.66721084965393,7.930661026486934,3.196956228135673,0.035189840287531825,0.0341597122117963,0.009068915669870184,0.09147262479574689,-0.4060732515558561,0.5736506311411443,inf,green,False,unknown,0,0.2654857164381624,0.0010202170000184196,0.02512244299998656,0.02402374099995086,0.0,-0.018000000000000682,-0.019000000000005457,-0.02200000000001978,0.3438960000039515,0.48023421755402257
215.8,891.033958516,FOLLOW,13.670695988729138,7.929638342198115,3.1936245152811016,0.034154837657805165,0.03221846976480642,0.004755973242216701,0.08903250447828454,-0.4586743735918804,0.5763577988205021,inf,green,False,unknown,0,0.1476163603341537,0.0015418099999351398,0.02316093499996441,0.018209782999974777,0.0,-0.016999999999995907,-0.018999999999977035,-0.02400000000000091,14.507975000014994,0.48023421755402257
216.0,891.234250169,FOLLOW,13.67727950332136,7.927712599698572,3.1873289471877904,0.03136821925018143,0.03137999650000405,0.00318647824757187,0.08798553222282474,-0.47793707117234707,0.5739512962627511,inf,green,False,unknown,0,0.10154488855890913,0.02311785200004124,0.014264452000020356,0.005161865999980364,0.0,0.016999999999995907,-0.019000000000005457,-0.027999999999991587,0.29057300002932607,0.48023421755402257
216.2,891.436492863,FOLLOW,13.682476446113666,7.926194893467553,3.182358556647184,0.030019528543943064,0.02896378311068384,-0.002133304315514956,0.0832363771577834,-0.5438238635558384,0.5695147849733118,inf,green,False,unknown,0,-0.07365420143365341,0.01989576699997997,0.010954054999956497,0.029120004999981575,0.0,0.016999999999995907,-0.019000000000005457,0.001999999999981128,0.5137780000268322,0.48023421755402257
216.3,891.534300576,FOLLOW,13.68543042555693,7.9253318621705064,3.179533459925641,0.02894570264468877,0.028246133777696407,-0.004157080623212336,0.08085651863066415,-0.5682445697491446,0.5697742843054675,inf,green,False,unknown,0,-0.1471734381749205,0.014098547999992661,0.007432720999986486,0.024681053999984215,0.0,0.016000000000019554,-0.018999999999977035,0.0,14.229892999992444,0.48023421755402257
216.5,891.734126604,FOLLOW,13.691167508466478,7.923652962017365,3.1740475313611767,0.027160315950476487,0.027183243332110984,-0.006194875957411216,0.07911062374137198,-0.5982963245420349,0.5653527480745453,inf,green,False,unknown,0,-0.2278931870537075,0.007212341000013112,0.10012161300005573,0.008598551000090993,0.0,0.014999999999986358,0.08099999999998886,-0.003999999999990678,0.34441599996171135,0.48023421755402257
216.7,891.934110771,FOLLOW,13.697112086031161,7.921905101203103,3.1683657206820337,0.031173414987730304,0.022523250659917102,-0.003090443300693373,0.07583331602554064,-0.5391401927937726,0.44067687431452107,inf,green,False,unknown,0,-0.137211246607187,0.004626368999993247,0.09464311199997155,0.0002696059999607314,0.0,0.016999999999995907,0.08099999999998886,-0.008000000000009777,12.66979000001811,0.48023421755402257
216.8,892.084129836,FOLLOW,13.700596132064128,7.9208777344356704,3.165036592819541,0.022504033730641807,0.022132540699779227,-0.004082604162516412,0.07466128956835785,-0.5567770134027199,0.4411647122864357,inf,green,False,unknown,0,-0.18446161323707116,0.004340979999938099,0.03062842500003171,0.0026089069999670755,0.0,-0.016999999999995907,-0.018999999999977035,-0.04399999999998272,0.4309710000143241,0.48023421755402257
217.0,892.284514154,FOLLOW,13.704303831792691,7.919783969986,3.161493893899343,0.021595917450140778,0.02154456632619017,-0.005820886604705098,0.07116558750214028,-0.581620467227177,0.44059556798586874,inf,green,False,unknown,0,-0.2701788709308605,0.034166658000003736,0.020721432000073037,0.02572978500006684,0.0,0.016999999999995907,-0.019000000000005457,-0.014000000000010004,0.35337700001036865,0.48023421755402257
217.2,892.484135553,FOLLOW,13.708507488196906,7.918538834113259,3.157478877370515,0.018712769749734546,0.018753158806440972,-0.020600824617438892,0.06681736818675338,-0.8916653225746156,0.5046417691461369,inf,green,False,unknown,0,-1.098525578014266,0.02255175799996323,0.0142337199999929,0.01531038999996781,0.0,0.016999999999995907,-0.019000000000005457,-0.018000000000000682,0.5356770000162214,0.48023421755402257
217.3,892.584066768,FOLLOW,13.71041618299771,7.917968805245645,3.1556572896823254,0.018712645731624847,0.020278618085070962,-0.008881426591640283,0.06720061546812153,-0.6412970274047564,0.43991801524709845,inf,green,False,unknown,0,-0.4379700112888241,0.01537610099990161,0.0015269589999888922,0.0007481579999648602,0.0,0.01700000000002433,-0.018999999999977035,-0.01999999999998181,0.2978890000804313,0.48023421755402257
217.5,892.784274091,FOLLOW,13.713460249932112,7.917053322897038,3.152754148545648,0.016309607772227702,0.020150027842175688,-0.009457976907257994,0.0657673296566128,-0.6491688657383214,0.4404329553285638,inf,green,False,unknown,0,-0.4693778580028391,0.07466030300008697,0.09934010599999965,0.02698809700007132,0.0,0.08199999999999363,0.08099999999998886,0.009999999999990905,11.348924000003535,0.48023421755402257
217.7,892.984148468,FOLLOW,13.717212818210832,7.915911664937501,3.1491794630105545,0.017428824260631564,0.017473781750224782,-0.023262548782863168,0.06145085079316309,-0.9531559721964904,0.49259900275363977,inf,green,False,unknown,0,-1.3312830110496212,0.03665562799994859,0.08822211899996546,0.024290797999924507,0.0,0.04999999999998295,0.08099999999998886,0.006000000000000227,0.35583500005031965,0.48023421755402257
217.8,893.084326773,FOLLOW,13.718990538162618,7.91536618425365,3.1474875003356684,0.017428855911368495,0.018925920064529526,-0.011897408772138837,0.0628859669787657,-0.7058926477836334,0.4360424135813324,inf,green,False,unknown,0,-0.6286304037834681,0.032717599000079645,0.09935226600009628,0.010892234000039025,0.0,0.05000000000001137,0.08100000000001728,0.004000000000019099,0.44284399996286083,0.48023421755402257
218.0,893.284236167,FOLLOW,13.7221587650599,7.914386502660361,3.1444745488208654,0.012099259415792932,0.01858358825489166,-0.012972077407360458,0.060682732394228556,-0.7261245009492963,0.4359882093622308,inf,green,False,unknown,0,-0.6980394329359878,0.02284666900004595,0.08286654900007306,0.00322760799997468,0.0,0.05000000000001137,0.08099999999998886,0.0,18.582695999953103,0.48023421755402257
218.2,893.483853519,FOLLOW,13.725721203231577,7.913272330164542,3.1410908263309394,0.01864756942402496,0.01867967329986504,-0.0130565191123324,0.06048429997996191,-0.7257640329125695,0.438102173907194,inf,green,False,unknown,0,-0.698969350412929,0.00040324500002952846,0.08649167600003693,0.002349608000031367,0.0,0.015999999999991132,0.08099999999998886,-0.004000000000019099,0.41947199997594,0.48023421755402257
218.3,893.58438808,FOLLOW,13.72898212531951,7.912247530476785,3.1379951199424294,0.05996735028891847,0.06665602762186473,0.04441630625347508,0.07116587588837814,-0.014058929054009918,0.5749900710854962,inf,green,False,unknown,0,0.6663509338637139,0.029453795000108585,0.08802067100009481,0.0022074530000963932,0.0,0.04800000000000182,0.08100000000001728,-0.006000000000000227,0.33456799997111375,0.48023421755402257
218.5,893.834313633,FOLLOW,13.742536718294964,7.908051980754565,3.1251062367393727,0.0662958598504632,0.015311555018098687,-0.022303354925454048,0.036532204030614246,-0.9381412600814159,0.42685465678592716,inf,green,False,unknown,0,-1.4566355212838185,0.06658775400001105,0.020837509999978465,0.03022679999992306,0.0,0.049000000000006594,-0.019000000000005457,-0.009999999999990905,0.7306429999971442,0.48023421755402257
218.6,893.984458582,LANE_GRACE,13.749972559089857,7.905789323096677,3.1180230104267985,0.062212258080180376,0.036,0.01495158893283701,0.10775962980744591,-0.07959501431960295,0.0,inf,green,False,unknown,0,0.4153219148010281,0.0058717919999935475,0.06668391300001986,0.003076674999988427,0.050248513000042294,-0.051000000000016144,-0.019000000000005457,-0.0800000000000125,17.5148219999528,0.48023421755402257
218.7,894.085755733,FOLLOW,13.754572911139684,7.904396266234241,3.1136386488214947,0.03600088370036526,0.011733279642488405,-0.018202528724861458,0.02706665972190203,-0.9508598551000289,0.33020867578541685,inf,green,False,unknown,0,-1.5513589788610074,0.029543174000082217,0.05211981500008278,0.0016392250000762942,0.05109883200009335,-0.025000000000005684,-0.019000000000005457,-0.08200000000002206,16.91116399990733,0.48023421755402257
218.8,894.134477748,FOLLOW,13.755796940027658,7.9040269291209375,3.1124716711801788,0.036000853398258696,0.011733279642488405,-0.018202528724861458,0.02706665972190203,-0.9508598551000289,0.33020867578541685,inf,green,False,unknown,0,-1.5513589788610074,0.011658639999950537,0.010460969999940062,0.011149305999992976,0.0,0.01500000000001478,-0.018999999999977035,-0.015999999999991132,0.4178540000339126,0.48023421755402257
218.9,894.234616189,LANE_GRACE,13.757020270911662,7.903657085733505,3.1113055863076773,0.011694504306895764,0.036,-0.05584892323899626,0.05069943924336529,-0.033457627972503595,0.0,inf,green,False,unknown,0,-1.5513589788610074,0.01719367800001237,0.011735434999991412,0.012330250999980308,0.0,0.016999999999995907,-0.019000000000005457,-0.018000000000000682,20.25350700000672,0.48023421755402257
219.0,894.384400791,FOLLOW,13.76021404267939,7.902681155213225,3.1082645797673436,0.03592039618762907,0.03246959923220221,0.021883301264579245,0.04267722792370207,0.179431032522262,0.3919561126812286,inf,green,False,unknown,0,0.6739627769373929,0.06010515100001612,0.05578604400000131,0.017436075999967215,0.05030651399999897,0.016999999999995907,-0.019000000000005457,-0.054000000000002046,13.243991000081223,0.48023421755402257
219.2,894.534051971,FOLLOW,13.76475371886256,7.901280020287149,3.1039465391467402,0.03247815726868855,0.03213144538586243,0.021783976308475676,0.04147107624945069,0.190006973543357,0.394953684326799,inf,green,False,unknown,0,0.6779644067322427,0.004971984999997403,0.0021801790001063637,0.030640942000104587,0.0,0.016999999999995907,-0.019000000000005457,0.009999999999990905,0.27630699992187147,0.48023421755402257
219.3,894.634157238,FOLLOW,13.768043973166154,7.900271334270891,3.1008147150072363,0.032140119735408444,0.021782450548861895,0.007365875420180185,-0.005638300432788221,0.26108264392466984,0.29999999999999977,inf,green,False,unknown,0,0.3381564164994761,0.007212751999986722,0.10228544599999623,0.024107362999984616,0.0,0.01700000000002433,0.08100000000001728,0.008000000000009777,10.68661300007534,0.48023421755402257
219.5,894.834104157,FOLLOW,13.772919151889845,7.898787373397828,3.0961708782796733,0.022591055480393526,0.022596476979108136,0.009547782770780555,0.006902036084425231,0.237267482595349,0.29999999999999977,inf,green,False,unknown,0,0.42253413129878964,0.023910572999966462,0.08552775699990889,0.008435738999992282,0.0,0.049000000000006594,0.08099999999998886,0.003999999999990678,1.1039280000204599,0.48023421755402257
219.7,895.084476221,FOLLOW,13.777717863198625,7.897334646772294,3.091597344474569,0.027069545867331173,0.02710923736291909,-0.020843266469895545,-0.006794150231963947,-0.45579685217311594,0.48333333333333284,inf,green,False,unknown,0,-0.7688621480147447,0.019468861000063953,0.011925134000080106,0.030876995000085117,0.0,0.016999999999995907,-0.019000000000005457,0.0,0.6007429999499436,0.48023421755402257
219.8,895.184289545,FOLLOW,13.780478842554242,7.896495820867807,3.088966873927042,0.027068274996895507,0.024362620118313052,0.010363307184915743,0.0068704978668253786,0.23932928977690832,0.32449451286136877,inf,green,False,unknown,0,0.4253773664157652,0.015155370999991646,0.005301943999938885,0.020656930999962242,0.0,0.01700000000002433,-0.018999999999977035,-0.001999999999981128,0.4072740000538033,0.48023421755402257
219.8,895.234807616,LANE_GRACE,13.782138524316416,7.895990275939812,3.0873860615370474,0.024358171432255785,0.036,0.015313585190967545,-0.01920938642018251,0.12919473918363125,0.0,inf,green,False,unknown,0,0.4253773664157652,0.027255723000052967,0.05582001499999478,0.004026771999974699,0.0505180710000559,-0.018000000000000682,-0.018999999999977035,-0.06999999999999318,13.061350000043603,0.48023421755402257
220.0,895.383964445,LANE_GRACE,13.78654636986621,7.894653251751395,3.0831858874607128,0.03600173377171525,0.036,0.015313585190967545,-0.023775387503345853,0.13166088070908907,0.0,inf,green,False,unknown,0,0.4253773664157652,0.012417571999890242,0.0007108730000027208,0.013306688999932703,0.0,0.016999999999995907,-0.019000000000005457,-0.006000000000000227,17.620178000015585,0.48023421755402257
220.1,895.484158251,FOLLOW,13.790218555942298,7.893545166871898,3.0796848738296885,0.03600192203071547,0.027174120302845366,-0.019823916109803313,-0.002814511684171711,-0.4537534882985939,0.4833333333333308,inf,green,False,unknown,0,-0.729514548727731,0.002675521000014669,0.10090467900010935,0.0051134930000671375,0.0,0.015999999999991132,0.08099999999998886,-0.008000000000009777,12.735968999891156,0.48023421755402257
220.2,895.634058944,LANE_GRACE,13.794146899332732,7.892361851907183,3.0759389902862573,0.02713482580187472,0.036,-0.026262523754198314,0.0,0.0,0.0,inf,green,False,unknown,0,-0.729514548727731,0.016429620000053546,0.04692046599996047,0.022713554999995722,0.050207173999979204,-0.019000000000005457,-0.019000000000005457,-0.04400000000001114,16.657851999980267,0.48023421755402257
220.3,895.684022909,LANE_GRACE,13.79599206478081,7.891802722044336,3.074180579383968,0.027134760744616782,0.036,-0.026262523754198314,0.0,0.0,0.0,inf,green,False,unknown,0,-0.729514548727731,0.009913614999959464,0.09688443099992128,0.0065958909999608295,0.0,0.01700000000002433,0.08100000000001728,-0.012000000000000455,0.4065180000907276,0.48023421755402257
220.5,895.883906434,LANE_GRACE,13.802090855901392,7.889937148730375,3.068374132445304,0.03595294964942326,0.036,-0.026262523754198314,0.0,0.0,0.0,inf,green,False,unknown,0,-0.729514548727731,0.0005589730000110649,0.0985979250000355,0.027070960999935778,0.0,0.016999999999995907,0.08099999999998886,0.018000000000000682,0.37531600003148924,0.48023421755402257
220.7,896.134577574,LANE_GRACE,13.810647631170315,7.887274577473718,3.0602421667144957,0.0359527155895665,0.036,-0.026262523754198314,0.0,0.0,0.0,inf,green,False,unknown,0,-0.729514548727731,0.01812475099995936,0.00853616899996723,0.007269905000043764,0.0,0.015999999999991132,-0.019000000000005457,-0.020000000000010232,10.781110000039007,0.48023421755402257
220.8,896.233941625,LANE_GRACE,13.813092412951008,7.886504176864115,3.0579219426788504,0.035952633441564366,0.036,-0.026262523754198314,0.0,0.0,0.0,inf,green,False,unknown,0,-0.729514548727731,0.0073752690000219445,0.0027685200000178156,0.035877873000004,0.0,0.016000000000019554,-0.018999999999977035,0.012000000000000455,0.3251639999461986,0.48023421755402257
221.0,896.434248778,LANE_GRACE,13.82042672115254,7.884167225060746,3.050969921498204,0.03595234144175948,0.036,-0.026262523754198314,0.0,0.0,0.0,inf,green,False,unknown,0,-0.729514548727731,0.004707020999944689,0.09768202999998721,0.022073257999977614,0.0,0.015999999999991132,0.08099999999998886,0.008000000000009777,0.34528200001204823,0.48023421755402257
221.1,896.588519531,FOLLOW,13.825316223843025,7.882587817064575,3.0463425376499074,0.03595210942395481,0.035737402357685605,0.028401298039843263,0.0836582541903039,-0.0029391911553741175,0.2999999999999998,inf,green,False,unknown,0,0.7947219486067472,0.02003190400000676,0.05009944899995844,0.042225571000017226,0.05415605600001072,-0.021000000000015007,-0.020000000000010232,-0.027999999999991587,16.783508000003167,0.48023421755402257
221.3,896.734035952,FOLLOW,13.831407243463362,7.88060566765869,3.0405830596557495,0.03575169695059337,0.025071140785010826,0.044370464998044576,0.249745827929543,-0.1743655673063455,0.2999999999999997,inf,green,False,unknown,0,1.7697824514061264,0.06338582199998655,0.0873787949999496,0.007686677000037889,0.0,0.08299999999999841,0.08100000000001728,0.0020000000000095497,19.587935999993533,0.48023421755402257
221.5,896.983999598,FOLLOW,13.836506684327345,7.878967284168244,3.0357539929484925,0.024631578556921056,0.024306805957206204,0.04332173938631281,0.25518005188199344,-0.19242666541018125,0.2999999999999997,inf,green,False,unknown,0,1.7822884447501537,0.028891411000017797,0.01583649899998818,0.0296082209999895,0.0,0.015999999999991132,-0.019000000000005457,-0.0020000000000095497,0.6081940000512986,0.48023421755402257
221.5,897.034338477,LANE_GRACE,13.838172105081783,7.878440819090759,3.034173974150822,0.024339133170354927,0.036,0.06416238401100553,0.1848055451649815,-0.18220566535541127,0.0,inf,green,False,unknown,0,1.7822884447501537,0.009475794999957543,0.06617537800002538,0.01461201200004325,0.050338879000037196,-0.05000000000001137,-0.019000000000005457,-0.06999999999999318,13.032871999939744,0.48023421755402257
221.7,897.184351456,LANE_GRACE,13.842686316710676,7.877036959646493,3.02988361458326,0.036057490464793555,0.036,0.06416238401100553,0.1615737823735089,-0.14047122437763532,0.0,inf,green,False,unknown,0,1.7822884447501537,0.0448553629998969,0.1065703349999012,0.011304741999992984,0.0,0.04999999999998295,0.08099999999998886,-0.006000000000000227,10.372937000056481,0.48023421755402257
221.8,897.284282788,LANE_GRACE,13.846364223639974,7.87591807960735,3.0263800355064743,0.03605833975141759,0.036,0.06416238401100553,0.1615737823735089,-0.14047122437763532,0.0,inf,green,False,unknown,0,1.7822884447501537,0.044937398999991274,0.08856813200009128,0.005571798999994826,0.0,0.049000000000006594,0.08100000000001728,-0.007999999999981355,0.34187899996140914,0.48023421755402257
221.8,897.334094002,FOLLOW,13.847590211956254,7.875550065468508,3.025210585659209,0.036058625275359794,0.03378973307473311,0.02713918206220036,0.06194542641221654,0.14707202057537042,0.3851128655811805,inf,green,False,unknown,0,0.8031783501271331,0.02330992800000331,0.045643420000033075,0.02160908799999106,0.04981121399998756,-0.016999999999995907,-0.018999999999977035,-0.04200000000000159,15.749690999996346,0.48023421755402257
222.0,897.483856248,FOLLOW,13.85234498080754,7.874143835304606,3.0206685291678417,0.033805580007420746,0.03024325118801403,0.03937145000801366,0.1570538952599713,-0.07613928510791167,0.2963004675281416,inf,green,False,unknown,0,1.301825976422049,0.028889501000094242,0.0926758720000862,0.02745955300008518,0.0,0.049000000000006594,0.08099999999998886,0.02199999999999136,0.4780089999485426,0.48023421755402257
222.2,897.684031281,FOLLOW,13.858557639891027,7.872344015061206,3.014722304932021,0.0312641295266531,0.031216462879984024,0.0539270034554005,0.24310472131783728,-0.18687136197390697,0.3816676684663361,inf,green,False,unknown,0,1.7275180619511656,0.029613744000016595,0.0851462599999877,0.022206399999959103,0.0,0.04999999999998295,0.08099999999998886,0.018000000000000682,0.46746099997108104,0.48023421755402257
222.3,897.784170887,FOLLOW,13.861746680842623,7.871441347708624,3.0116636855538026,0.03126553436356365,0.03576962446430695,0.06050034909354664,0.23827239816745216,-0.2007088217687392,0.44764852014716866,inf,green,False,unknown,0,1.691388992744877,0.02027699899997515,0.08505370699992909,0.02336901699993632,0.0,0.049000000000006594,0.08100000000001728,0.016000000000019554,0.5729900000233101,0.48023421755402257
222.4,897.984945358,LANE_GRACE,13.868324532868503,7.869628938108491,3.0053404766013547,0.028306292599472246,0.036,0.042833712746882455,0.1576664114862349,-0.18447549298727117,0.2719619660756979,inf,green,False,unknown,0,1.1898253540800683,0.021512673999950493,0.07993485400004374,0.010131262999948376,0.05071841999995286,-0.04999999999998295,-0.019000000000005457,-0.08799999999999386,11.898055999949975,0.48023421755402257
222.6,898.134842782,LANE_GRACE,13.8729517732767,7.868385476817837,3.0008834472279844,0.03603787316608528,0.036,0.042833712746882455,0.15799599675682516,-0.20245991027909832,0.2076977413284243,inf,green,False,unknown,0,1.1898253540800683,0.02720351099992513,0.023931790000006004,0.01960126099993431,0.0,0.016999999999995907,-0.019000000000005457,-0.02400000000000091,13.04238099999111,0.48023421755402257
222.8,898.334087422,LANE_GRACE,13.880303622933823,7.866458467515915,2.9937886591285117,0.03603910181579514,0.036,0.042833712746882455,0.16228529187969853,-0.2272389741908455,0.1506590278176361,inf,green,False,unknown,0,1.1898253540800683,0.03382914799999526,0.022709631999987323,0.0076899400000911555,0.0,0.016000000000019554,-0.018999999999977035,-0.027999999999991587,0.7546699999920747,0.48023421755402257
222.9,898.434675182,FOLLOW,13.883979644596334,7.865517354881956,2.9902351503651343,0.03603975835014094,0.0346879020678739,0.049494842235572066,0.2197215042334415,-0.3582886465268492,0.5479883814563332,inf,green,False,unknown,0,1.4268617957559206,0.02750414499996623,0.016156781999939085,0.005435530999989169,0.0,0.016999999999995907,-0.019000000000005457,-0.030000000000001137,19.088266000039766,0.48023421755402257
223.1,898.634203025,FOLLOW,13.889930861126839,7.8640279920022405,2.9844733283663913,0.034737175986770695,0.035053063080436826,0.036753545621078076,0.13506757771212385,-0.14713485610544813,0.39955734634520834,inf,green,False,unknown,0,1.0485116674893469,0.023066798000058952,0.008240606000072148,0.027192306000074495,0.0,0.016999999999995907,-0.019000000000005457,0.0,0.3682809999645542,0.48023421755402257
223.1,898.684169489,LANE_GRACE,13.89231677947351,7.863443081702409,2.98216021698763,0.03508699415935659,0.036,0.037746420029616486,0.16756318705229495,-0.25260708689395556,0.16884100287572124,inf,green,False,unknown,0,1.0485116674893469,0.0373839170000565,0.05820707000009406,0.0004800180000756882,0.049966464000021915,-0.016999999999995907,-0.019000000000005457,-0.06800000000001205,19.672513999921648,0.48023421755402257
223.2,898.784186093,FOLLOW,13.89473364500823,7.862856245231953,2.9798156786939747,0.03603549853960174,0.034765244600031255,0.03487319260487153,0.13248332116627584,-0.16605483754373374,0.40997989342164287,inf,green,False,unknown,0,1.0031050552378447,0.022853437999970083,0.04720408499997575,0.026453995999986546,0.04785395999999764,-0.01700000000002433,-0.019000000000005457,-0.036000000000001364,15.545352999993156,0.48023421755402257
223.3,898.834137975,FOLLOW,13.897184076519661,7.8622670829932355,2.9774371286807018,0.03603597731703626,0.034765244600031255,0.03487319260487153,0.13248332116627584,-0.16605483754373374,0.40997989342164287,inf,green,False,unknown,0,1.0031050552378447,0.015283653999972557,0.09715596699993512,0.005419850999942355,0.0,0.05000000000001137,0.08100000000001728,-0.003999999999990678,0.47601599999325117,0.48023421755402257
223.4,898.934072135,LANE_GRACE,13.89955204846379,7.861703198476076,2.9751372757363432,0.034798029727335526,0.036,0.03611178198856241,0.1749415724415098,-0.20307948935650663,0.23537181810806948,inf,green,False,unknown,0,1.0031050552378447,0.027582682999991448,0.09064975699993738,0.031132806999949025,0.0,0.049000000000006594,0.08100000000001728,0.027999999999991587,12.205469000036828,0.48023421755402257
223.6,899.184260951,LANE_GRACE,13.909267847214428,7.859444450220078,2.9656877188736,0.036035959107116385,0.036,0.03611178198856241,0.09178383908845816,-0.1821989550333126,0.03580197403805903,inf,green,False,unknown,0,1.0031050552378447,0.005410846000017955,0.025054173000057745,0.002274658000033014,0.0,-0.016999999999995907,-0.019000000000005457,-0.04400000000001114,0.3242479999698844,0.48023421755402257
223.8,899.384091304,LANE_GRACE,13.915394046805572,7.8580656857311775,2.9597186967223794,0.036036971926431585,0.036,0.03611178198856241,0.18207276761305938,-0.3211349694184883,0.0843451368322402,inf,green,False,unknown,0,1.0031050552378447,0.03196010299996033,0.02026974699992934,0.02587491199994929,0.0,0.016000000000019554,-0.01999999999998181,-0.013999999999981583,19.10083300003862,0.48023421755402257
224.0,899.584005235,LANE_GRACE,13.92274571032288,7.8564576458133315,2.952545068320882,0.03603815138333403,0.036,0.03611178198856241,-0.12627900906504505,0.5653052023848875,0.22981410478490652,inf,green,False,unknown,0,1.0031050552378447,0.02182657499997731,0.012717439999960334,0.013914294999949561,0.0,0.015999999999991132,-0.019000000000005457,-0.018000000000000682,0.5474390000017593,0.48023421755402257
224.2,899.784655699,LANE_GRACE,13.930097609576988,7.854900419224664,2.9453599971274005,0.03603928286165541,0.036,0.03611178198856241,-0.12790498695726896,0.5631294119519388,0.22488255417014433,inf,green,False,unknown,0,1.0031050552378447,0.11998367199998938,0.013146065000000817,0.008624609000094097,0.0,0.11699999999999022,-0.019000000000005457,-0.02200000000001978,20.278591999954187,0.48023421755402257
224.3,899.887487654,FOLLOW,13.933773644552584,7.854140897081181,2.9417632838117616,0.03603983137562612,0.03867370156972435,0.014986587392495794,0.015802581247551267,0.15693922661967546,0.4487271133908835,inf,green,False,unknown,0,0.38751365357351836,0.026130736000027355,0.013750698999956512,0.00777234099996349,0.0,0.016000000000019554,-0.018999999999977035,-0.02400000000000091,13.543604000005871,0.48023421755402257
224.5,900.08390683,FOLLOW,13.94025700650142,7.8528243174383645,2.9354150104052277,0.03868679996071345,0.03876274165545068,0.014834171042687649,0.015499719770530364,0.15565990750124575,0.44872711339088356,inf,green,False,unknown,0,0.3826914817982623,0.0013861080000197035,0.10686136300000726,0.020284566000100313,0.0,0.015999999999991132,0.08099999999998886,0.006000000000000227,0.42980899991107435,0.48023421755402257
224.5,900.134230426,LANE_GRACE,13.94157526282914,7.852558515643777,2.934123829104415,0.03877571362314835,0.036,0.013776893344737442,0.23213108962904966,-0.18002806454567943,0.0,inf,green,False,unknown,0,0.3826914817982623,0.014516840000055709,0.04084630200009087,0.03193153400002302,0.05032359599999836,-0.018000000000000682,-0.019000000000005457,-0.027999999999991587,16.76256399991871,0.48023421755402257
224.7,900.334046676,LANE_GRACE,13.949113319961109,7.85105016832415,2.9267382241120883,0.03601193842904494,0.036,0.013776893344737442,0.308153099301595,-0.28319387826623343,0.0,inf,green,False,unknown,0,0.3826914817982623,0.03631450499995026,0.03169074199990973,0.012380279000012706,0.0,0.016999999999995907,-0.019000000000005457,-0.03200000000001069,0.4083229999878313,0.48023421755402257
224.8,900.437801554,LANE_GRACE,13.95278654615524,7.850322283099355,2.9231378391196534,0.03601210370520735,0.036,0.013776893344737442,0.23109967775896925,-0.20201392270944693,0.0,inf,green,False,unknown,0,0.3826914817982623,0.032237909999935255,0.022117107999974905,0.007851995999999417,0.0,0.01700000000002433,-0.018999999999977035,-0.033999999999991815,0.8020440000109375,0.48023421755402257
224.9,900.533841781,FOLLOW,13.956459789295256,7.849599063245677,2.9195364967966215,0.03601227101359089,0.03321105475428259,0.004601470891998991,-0.06836468077068975,0.5023658997405954,0.6243442355142166,inf,green,False,unknown,0,0.1385523864280651,0.03092287899994517,0.019976743000029273,0.002647057999979552,0.0,0.01500000000001478,-0.019000000000005457,-0.036000000000001364,13.221105000070565,0.48023421755402257
225.0,900.633850808,LANE_GRACE,13.958817254106101,7.849137219789224,2.9172247137522636,0.033212032982531114,0.036,0.004987885911410344,0.05397157669962981,0.23440219143949356,0.0,inf,green,False,unknown,0,0.1385523864280651,0.02410030999999435,0.006813544000010552,0.023077679000039097,0.0,0.015999999999991132,-0.019000000000005457,-0.003999999999990678,25.46067100001892,0.48023421755402257
225.2,900.834024628,LANE_GRACE,13.965968056987528,7.847740576587259,2.9102116283411052,0.03600107969501843,0.036,0.004987885911410344,0.05642540111403366,0.22954363595242622,0.0,inf,green,False,unknown,0,0.1385523864280651,0.03827468899999076,0.0835465299999214,0.006548098999928698,0.0,0.04899999999997817,0.08099999999998886,-0.008000000000009777,0.32321300000148767,0.48023421755402257
225.2,900.884259506,FOLLOW,13.967192094074885,7.8475020688137525,2.9090110531317976,0.036001101455522,0.05264406307780736,0.024677601575013697,0.031778822432797206,0.10773802408213168,0.5568623451412711,inf,green,False,unknown,0,0.46876323999803104,0.02430058499999177,0.04620492700007617,0.0202703150000616,0.05023487800008297,-0.018000000000000682,-0.019000000000005457,-0.04200000000000159,16.751256000020476,0.48023421755402257
225.3,900.934076712,FOLLOW,13.968416131915502,7.847263725750931,2.907810444444646,0.036001123988082855,0.05264406307780736,0.024677601575013697,0.031778822432797206,0.10773802408213168,0.5568623451412711,inf,green,False,unknown,0,0.46876323999803104,0.0024306139999907828,0.0960221330000195,0.012642050999943422,0.0,0.01700000000002433,0.08100000000001728,0.02400000000000091,0.32175700005154795,0.48023421755402257
225.5,901.134030838,LANE_GRACE,13.97836342813584,7.8453582950093566,2.89804736552858,0.05291509054731436,0.036,0.02057939608780362,0.23715606567384462,-0.7706942062069655,0.12996804244719454,inf,green,False,unknown,0,0.5716498913278784,0.06493710499989902,0.08909258399989994,0.025784036999993987,0.0,0.08299999999999841,0.08099999999998886,0.020000000000010232,12.48408800006473,0.48023421755402257
225.6,901.234075605,FOLLOW,13.983198671423331,7.844452127570041,2.893297794289687,0.03567677681731929,0.05327235332043738,0.02095247390638997,0.01907899286426064,0.1394904806411318,0.5987484895359781,inf,green,False,unknown,0,0.39330858504333754,0.0012591170000177954,0.06254174100001819,0.02402712800005702,0.0,0.015999999999991132,0.08099999999998886,0.018000000000000682,10.758747999943807,0.48023421755402257
225.8,901.483788859,FOLLOW,13.995273256488685,7.84223277188461,2.8814289351203124,0.05383480035082158,0.053810354917675385,0.02133412383604132,0.02067696682662972,0.13117651580216885,0.595474934151019,inf,green,False,unknown,0,0.396468744141912,0.0048563430000285734,0.029897363000031874,0.028898389999994833,0.0,-0.016999999999995907,-0.018999999999977035,-0.01999999999998181,0.397819999989224,0.48023421755402257
226.0,901.684119415,LANE_GRACE,14.003509401914956,7.84074863989296,2.873327613543981,0.026898295445623697,0.036,0.0051774332542436526,0.14476959604890477,-0.46349913912557716,0.27013092211982515,inf,green,False,unknown,0,0.14381759039565703,0.008367599000052905,0.028070792000107758,0.02380594100009148,0.0,-0.018000000000000682,-0.019000000000005457,-0.02400000000000091,11.265686999990976,0.48023421755402257
226.2,901.884139235,LANE_GRACE,14.010222228394545,7.839547488853307,2.866723124688572,0.036004008802759814,0.036,0.0051774332542436526,0.10073605379182962,-0.36908393488547014,0.0,inf,green,False,unknown,0,0.14381759039565703,0.02798789799999213,0.016815804999964712,0.009039793000056306,0.0,0.016999999999995907,-0.019000000000005457,-0.02800000000002001,0.34968900001786096,0.48023421755402257
226.3,901.98508543,LANE_GRACE,14.012670502604326,7.83911076860946,2.8643141161786616,0.03600405487839975,0.036,0.0051774332542436526,0.18458654069667071,-0.6249602023058354,0.22965899903469003,inf,green,False,unknown,0,0.14381759039565703,0.02934977000006711,0.01255462799997531,0.034222441999986586,0.0,0.01700000000002433,-0.018999999999977035,0.004000000000019099,0.5300010000155453,0.48023421755402257
226.3,902.033863023,FOLLOW,14.015118779804533,7.838674774557424,2.861904973094175,0.03600409682373075,0.019916847570283416,0.012054764544462976,0.11971734712809445,-0.36462924673189306,0.317270919894578,inf,green,False,unknown,0,0.6052546469476965,0.008630175000007512,0.06133222099992963,0.013668599999959952,0.04877759299995432,-0.04999999999998295,-0.018999999999977035,-0.06399999999999295,11.3551939999752,0.48023421755402257
226.5,902.18395426,FOLLOW,14.018062912393994,7.838152214384402,2.859007586984292,0.019930080047707213,0.04104942660572448,0.0168077724904085,0.02280034205508686,0.1260917498218989,0.44991176400398336,inf,green,False,unknown,0,0.40945206499095416,0.01731817899997168,0.004327034999960233,0.020948680999936187,0.0,0.015999999999991132,-0.019000000000005457,0.0,0.33620100009557063,0.48023421755402257
226.7,902.383717541,FOLLOW,14.025214986018577,7.836899405776092,2.8519660967806755,0.029169788709110904,0.04719896922559536,0.018442175763846075,0.013255734245175968,0.17561562823697224,0.5660096733943458,inf,green,False,unknown,0,0.39073259578400144,0.01675953300002675,0.001672295000048507,0.015779941000005238,0.0,0.015999999999991132,-0.019000000000005457,-0.004000000000019099,17.3356560000002,0.48023421755402257
226.8,902.484032722,FOLLOW,14.029391972368117,7.836178911110552,2.8478517197877804,0.047221270408349,0.02317542506899002,0.0068804279110946855,-0.030761530469759435,0.3859910488305578,0.3794932636889473,inf,green,False,unknown,0,0.29688464788078783,0.015886023999996723,0.10198747600009028,0.006850494000104845,0.0,0.016000000000019554,0.08100000000001728,-0.006000000000000227,11.105276999956004,0.48023421755402257
227.0,902.684062379,FOLLOW,14.03621315271718,7.835016536522107,2.841130309122221,0.04180175993058375,0.04178116161406679,0.016885301191303232,0.02364320695466046,0.11692871863151055,0.4499558820019917,inf,green,False,unknown,0,0.4041367099190063,0.005830604000038875,0.08692593900002521,0.0025751609999815628,0.0,0.016999999999995907,0.08099999999998886,-0.009999999999990905,0.38087999996605504,0.48023421755402257
227.2,902.884076605,FOLLOW,14.04052984629446,7.83428944284502,2.836875291283135,0.014116286848973147,0.02548793272989769,0.005997058567921528,0.10181800158952234,-0.4791399788665345,0.4668220966982064,inf,green,False,unknown,0,0.2352901128339411,0.03130249800005913,0.08772495100004107,0.02523402100007388,0.0,0.04999999999998295,0.08099999999998886,0.01999999999998181,11.305899000035424,0.48023421755402257
227.3,902.984041767,FOLLOW,14.042341630714686,7.833983478735643,2.835089528499542,0.02551652321418236,0.02548793272989769,0.005997058567921528,0.10181800158952234,-0.4791399788665345,0.4668220966982064,inf,green,False,unknown,0,0.2352901128339411,0.03436809400000129,0.08661500799996702,0.021452847999967162,0.0,0.05000000000001137,0.08100000000001728,0.018000000000000682,0.4037950000110868,0.48023421755402257
227.5,903.233862724,FOLLOW,14.048590936761508,7.832933696797855,2.8289290272514354,0.026842767951189,0.06262500768407703,0.027189894631028853,0.04299485813618057,0.009283442516789355,0.5339870569287383,inf,green,False,unknown,0,0.43416992087558864,0.01202082400004656,0.027349505999950452,0.02637502699997185,0.0,-0.016999999999995907,-0.019000000000005457,-0.020000000000010232,0.40992300000652904,0.48023421755402257
227.7,903.434177103,FOLLOW,14.060465352930441,7.830975553462053,2.8172171880080583,0.05539780376145473,0.0556734618558809,0.022909571865889287,0.02453287492526686,0.11610753073583532,0.5986144359573835,inf,green,False,unknown,0,0.411498963818599,0.03035858200007624,0.01946449100000791,0.013567823000016688,0.0,0.016999999999995907,-0.019000000000005457,-0.02400000000000091,17.082071999993786,0.48023421755402257
227.8,903.533752727,FOLLOW,14.066136253274758,7.830059994422125,2.811620684609505,0.05570266938836607,0.0556734618558809,0.022909571865889287,0.02453287492526686,0.11610753073583532,0.5986144359573835,inf,green,False,unknown,0,0.411498963818599,0.0201250049999544,0.014881134000006568,0.00844579599993267,0.0,0.01700000000002433,-0.018999999999977035,-0.025999999999982037,0.960985000006076,0.48023421755402257
228.0,903.734059956,FOLLOW,14.077221504021766,7.828305328523143,2.8006751937470704,0.0706838185372606,0.07034950267621658,0.02869372695513018,0.025184320590173385,0.10934020570207711,0.7464964617529788,inf,green,False,unknown,0,0.40787391329819334,0.0910251430000244,0.0007119690000081391,0.024595497000063915,0.0,0.08299999999999841,-0.019000000000005457,0.003999999999990678,11.418040999956247,0.48023421755402257
228.2,903.933705543,FOLLOW,14.09092312929066,7.826199864843882,2.7871363166555447,0.05856858904133418,0.058545459616300526,0.017578635542190715,0.04500251548113965,-0.09611325239835719,0.6051078829874903,inf,green,False,unknown,0,0.30025617114288367,0.03464703700001337,0.08269197599997824,0.0007232880000174191,0.0,0.04999999999998295,0.08099999999998886,0.0,0.33980800003519107,0.48023421755402257
228.3,904.084549506,FOLLOW,14.100801763721476,7.824718397332965,2.7773694038387036,0.085534807144284,0.08607904818096668,0.03477587176785502,0.026134904558554342,0.10041917335440198,0.8974084611219393,inf,green,False,unknown,0,0.403999260014407,0.009654167999997298,0.03158058600001823,0.012140502000079323,0.0,-0.018000000000000682,-0.018999999999977035,-0.036000000000001364,17.621070000018335,0.48023421755402257
228.5,904.284100018,FOLLOW,14.115422380428607,7.822593112499424,2.7629040993572334,0.08612687370984527,0.09641317565383678,0.03821821885718686,0.0259308625555169,0.09655965122687922,0.9973936015905217,inf,green,False,unknown,0,0.3964003736834278,0.02840503599998101,0.017222593000042252,0.02754878300004293,0.0,0.016999999999995907,-0.019000000000005457,-0.006000000000000227,0.838327999986177,0.48023421755402257
228.7,904.483951563,FOLLOW,14.13485430385195,7.819893921841641,2.743660597126924,0.09668797295037385,0.09786249491043986,0.03793865451496919,0.026247337192642783,0.08848726166497631,0.9959287949688218,inf,green,False,unknown,0,0.3876730768992681,0.023802187999990565,0.008426345999964724,0.018262414999981047,0.0,0.015999999999991132,-0.019000000000005457,-0.010000000000019327,20.721430999969925,0.48023421755402257
228.8,904.584266045,FOLLOW,14.14475664554428,7.818573315280386,2.733846715876361,0.09791647026158044,0.09891103239221,0.037709097545950726,0.026198642750268546,0.08440205718996714,0.9981814076993749,inf,green,False,unknown,0,0.3812425837031361,0.018150097000102505,0.0037704370000710696,0.00957180300008531,0.0,0.01700000000002433,-0.018999999999977035,-0.012000000000000455,13.893727999970906,0.48023421755402257
229.0,904.783541432,FOLLOW,14.164908550626183,7.815998658933762,2.713860005986107,0.0989658715107442,0.09987178838767746,0.03729858966741754,0.026222585390602487,0.07891281898922901,0.9964558273799659,inf,green,False,unknown,0,0.37346472181547086,0.006613543999947069,0.003288194999981897,0.005361009000012018,0.0,0.015999999999991132,-0.019000000000005457,-0.015999999999991132,0.3116139999974621,0.48023421755402257
229.2,904.984423717,FOLLOW,14.181911207300352,7.8139417907074415,2.6969822471344136,0.10042822667659965,0.1014961258497113,0.03640961194640465,0.025879148981376256,0.07109284689807521,0.9961270599097045,inf,green,False,unknown,0,0.3587290809534699,0.005398302999992666,0.10334113400006117,0.02929439199999706,0.0,0.016999999999995907,0.08099999999998886,0.013999999999981583,13.512583999954586,0.48023421755402257
229.3,905.083618965,FOLLOW,14.192191595026056,7.812748100858424,2.6867714013053976,0.10155080905697761,0.1014961258497113,0.03640961194640465,0.025879148981376256,0.07109284689807521,0.9961270599097045,inf,green,False,unknown,0,0.3587290809534699,0.07165636600007019,0.08507126799997877,0.024001822000059292,0.0,0.08200000000002206,0.08100000000001728,0.012000000000000455,0.373609000007491,0.48023421755402257
229.5,905.283723897,FOLLOW,14.213055650443263,7.8104382029807455,2.6660356506370393,0.10301744367864425,0.10368534559844791,0.03504694975712757,0.025162018388040174,0.06166856506593595,0.9972555150166897,inf,green,False,unknown,0,0.3380125663356249,0.033054354000000785,0.08417079399998784,0.011631293999926129,0.0,0.049000000000006594,0.08099999999998886,0.008000000000009777,12.018322000017179,0.48023421755402257
229.7,905.533944345,FOLLOW,14.236775788861902,7.807988747426359,2.6424423808169517,0.09436056769458313,0.09545514871546039,0.03072766748224855,0.02515527235435562,0.05069384644269281,0.8962718361943773,inf,green,False,unknown,0,0.3219068630215412,0.01981162000004133,0.018877306000035787,0.01743768500000442,0.0,0.016999999999995907,-0.019000000000005457,-0.030000000000001137,0.47010399998725916,0.48023421755402257
229.8,905.633635311,FOLLOW,14.246515753956102,7.807034905263058,2.6327492368789005,0.09550466365596165,0.09568534406122615,0.030002701186329285,0.0243415281948298,0.050394720389748474,0.8978369538302675,inf,green,False,unknown,0,0.313555868776847,0.034031502000061664,0.020731160000082127,0.0021346940000057657,0.0,0.01700000000002433,-0.018999999999977035,-0.031999999999982265,13.004213999920466,0.48023421755402257
230.0,905.836859197,FOLLOW,14.26279888076232,7.805505821364973,2.616538080427562,0.09623576490115576,0.0970906852084881,0.029140034582744185,0.023935648214040525,0.0439223199647127,0.8979317130149095,inf,green,False,unknown,0,0.3001321344078498,0.02420350900001722,0.015576438999914899,0.03020945599996594,0.0,0.016999999999995907,-0.019000000000005457,-0.0020000000000095497,18.28318900004433,0.48023421755402257
230.2,906.033712081,FOLLOW,14.282552689100642,7.8037572332446965,2.5968618432207005,0.09713955423520544,0.0977233267185656,0.02859776802479015,0.02371062511327073,0.04030331893127741,0.896414689399792,inf,green,False,unknown,0,0.29264014012897,0.012851049999994757,0.0015613809999877049,0.013592854999956216,0.0,0.015999999999991132,-0.019000000000005457,-0.006000000000000227,0.26092899997820496,0.48023421755402257
230.3,906.133793107,FOLLOW,14.29252458533173,7.802917535265892,2.5869253668900507,0.0977719054426914,0.08282484959178534,0.023055042784356543,0.023162590682009467,0.03420458077336974,0.74922768947122,inf,green,False,unknown,0,0.2783590057571704,0.004011778999938542,0.10164240699998572,0.000825750999979391,0.0,0.016000000000019554,0.08100000000001728,-0.007999999999981355,10.428982000007636,0.48023421755402257
230.5,906.384218618,FOLLOW,14.310031721481813,7.8015126444039575,2.569474708419272,0.08356940155744808,0.08352840523465885,0.022420640326687544,0.022792270590236675,0.0298914121443694,0.7480863350103049,inf,green,False,unknown,0,0.2684193510423259,0.002766835999977957,0.02924532299994098,0.03458951999994042,0.0,-0.018000000000000682,-0.019000000000005457,-0.012000000000000455,0.4799580000280912,0.48023421755402257
230.7,906.583791955,FOLLOW,14.327083212030036,7.800222903965905,2.552472077927258,0.08360241804492015,0.06762105516712344,0.016996245924743483,0.021824148485571633,0.024704943490479532,0.5983124252816617,inf,green,False,unknown,0,0.25134547047125727,0.05046551400005228,0.02094780400000218,0.027387887000031697,0.0,0.016999999999995907,-0.019000000000005457,-0.016000000000019554,0.44013599995196273,0.48023421755402257
230.8,906.683799587,FOLLOW,14.33403215623057,7.799719682206819,2.545541379524984,0.06765563167240442,0.06689849134800659,0.01686967178358036,0.021152688999314023,0.02973834006132132,0.5989343046770629,inf,green,False,unknown,0,0.252168194583405,0.04392736899990268,0.023206286000004184,0.024239776999934293,0.0,0.01700000000002433,-0.018999999999977035,-0.018000000000000682,11.235983000005945,0.48023421755402257
231.0,906.88413231,FOLLOW,14.34773660250716,7.798762436325712,2.5318704118869406,0.06693338061317164,0.06805567793827488,0.016264266241857363,0.020902909908499814,0.022427322431372982,0.5989287043274442,inf,green,False,unknown,0,0.23898470685441883,0.0006230400000504233,0.010309376000009252,0.006871799999998984,0.0,-0.016999999999995907,-0.019000000000005457,-0.02199999999999136,0.4686830000082409,0.48023421755402257
231.2,907.08357437,FOLLOW,14.35938300057975,7.797984178176428,2.5202500494135354,0.07031006699283958,0.07027682529753654,0.015311618484734682,0.0206985209077168,0.00943086860909741,0.5994479505137537,inf,green,False,unknown,0,0.2178757850814785,0.08684136299996226,0.002312720999952944,0.030747990999998365,0.0,0.08199999999999363,-0.019000000000005457,0.007999999999981355,0.3531350000685052,0.48023421755402257
231.3,907.183773627,FOLLOW,14.366554632796525,7.797519771372135,2.5130934701919836,0.07031023007127364,0.024189808605738536,0.03452989477693068,0.02461453485972176,0.747455860243241,0.5782653675586888,inf,green,False,unknown,0,1.427456303591388,0.06266339700005119,0.002854376000072989,0.02719244100001106,0.0,0.05000000000001137,-0.018999999999977035,0.006000000000000227,0.3605859999424865,0.48023421755402257
231.5,907.383959877,FOLLOW,14.371858181093387,7.797195673031508,2.5077998443902194,0.023152572398870478,0.023093037252478486,0.03380478549082157,0.02468376399851646,0.7666384746053779,0.5612755365465973,inf,green,False,unknown,0,1.4638518580830433,0.052593690000094284,0.07989033500007281,0.016996664000089368,0.0,0.05000000000001137,0.08099999999998886,0.0020000000000095497,0.4264219999186025,0.48023421755402257
231.7,907.583513763,FOLLOW,14.376511768889182,7.796943744672166,2.503153089310224,0.022461916824826164,0.02205937884808667,0.03242590711737042,0.023110929844220862,0.7752456310870296,0.5401080961605729,inf,green,False,unknown,0,1.4699374511255967,0.015354028000047037,0.09223520200009716,0.006434740000031525,0.0,0.015999999999991132,0.08099999999998886,-0.0020000000000095497,0.33959600000343926,0.48023421755402257
231.8,907.683709605,FOLLOW,14.378768281504367,7.796832809402321,2.5008993061469083,0.022118451267038684,0.020490010759425942,0.03067905035929474,0.032027767731093726,0.7591649862369045,0.4948188133321666,inf,green,False,unknown,0,1.4972686310172665,0.01247709799997665,0.086373578000007,0.0027706009999519665,0.0,0.01700000000002433,0.08100000000001728,-0.003999999999990678,10.721479000039835,0.48023421755402257
232.0,907.933565981,FOLLOW,14.383703672567048,7.7966159997281475,2.495968690165879,0.020392406532783642,0.02033494962286374,0.030475016893091098,0.03184582790737528,0.7605667129174262,0.4916680341905922,inf,green,False,unknown,0,1.4986521952740075,0.01732169399997474,0.028808882000021185,0.006567592999999761,0.0,-0.016999999999995907,-0.019000000000005457,-0.04200000000000159,0.43915499998092855,0.48023421755402257
232.2,908.133501227,FOLLOW,14.387131895978413,7.796486490039103,2.492542917414188,0.019815045338502944,0.024023440375723827,0.036528192545756795,0.03339463881885674,0.7672833692540958,0.584211717142704,inf,green,False,unknown,0,1.5205229548499337,0.01034240100000261,0.021669103000022005,0.02811938000002101,0.0,-0.018000000000000682,-0.019000000000005457,-0.012000000000000455,11.646532999975534,0.48023421755402257
232.3,908.233696287,FOLLOW,14.3892929235688,7.796413781215263,2.490383114156002,0.02408966695028355,0.023501579499130745,0.035862437297974926,0.03322623222771226,0.7708741749800176,0.5732790105577501,inf,green,False,unknown,0,1.5259585977743058,0.008310493000067254,0.013680211000064446,0.02283884600001329,0.0,-0.016999999999995907,-0.018999999999977035,-0.013999999999981583,14.02389099996526,0.48023421755402257
232.5,908.433759172,FOLLOW,14.39331043497146,7.796297182666169,2.4863673009564597,0.022795197614509516,0.0227297392297017,0.03484153849423274,0.03335634884375166,0.7742469320589647,0.5560484699370316,inf,green,False,unknown,0,1.5328613382728191,0.022401435999995556,0.10803602099997534,0.03592659100002038,0.0,0.014999999999986358,0.08099999999998886,0.015999999999991132,0.42522100000041974,0.48023421755402257
232.7,908.633611107,FOLLOW,14.399192424768183,7.796168961071436,2.48048672417955,0.03463661792010059,0.04571673134580015,0.06176412503627801,0.09735806721284682,0.3522813859869622,0.7164967920752529,inf,green,False,unknown,0,1.3510179581540027,0.009371094000016456,0.09004223099998399,0.014033476999998129,0.0,0.016999999999995907,0.08099999999998886,0.012000000000000455,11.65251099996567,0.48023421755402257
232.8,908.783654693,FOLLOW,14.405066826309683,7.796086473049426,2.474612915807264,0.04582082319247316,0.048351354220631554,0.06368798191892953,0.08778002885997915,0.3802824032875276,0.7859939765308527,inf,green,False,unknown,0,1.3171912751050483,0.009275978000005125,0.01912158699997235,0.015434470000059264,0.0,-0.016999999999995907,-0.018999999999977035,-0.02400000000000091,16.305381999927704,0.48023421755402257
233.0,908.984322214,FOLLOW,14.413288566919304,7.796047557158617,2.4663913050679387,0.05074823222076718,0.05470111815725458,0.07125137426427897,0.09666112954282467,0.31604452446634684,0.8160090862226835,inf,green,False,unknown,0,1.3025579122431423,0.01324076600008084,0.1098276469999746,0.02431029199999557,0.0,0.016999999999995907,0.08099999999998886,0.006000000000000227,20.500625999943622,0.48023421755402257
233.2,909.233933563,FOLLOW,14.426219221332122,7.796162750895714,2.4534613068802087,0.059528503438874156,0.05909654174942612,0.07395830505165062,0.09594352526682529,0.2780554629316514,0.8348069369493082,inf,green,False,unknown,0,1.2514827917552183,0.010883786000022155,0.030310775000089052,0.014760969000008117,0.0,-0.018000000000000682,-0.019000000000005457,-0.03200000000001069,11.952711999924759,0.48023421755402257
233.3,909.333366566,FOLLOW,14.43228570941267,7.796289102797301,2.4473961470092553,0.05953842691865197,0.05909654174942612,0.07395830505165062,0.09594352526682529,0.2780554629316514,0.8348069369493082,inf,green,False,unknown,0,1.2514827917552183,0.03862915599995631,0.024140250999948876,0.006704227999989598,0.0,0.01700000000002433,-0.018999999999977035,-0.033999999999991815,0.34758599997530837,0.48023421755402257
233.5,909.533562428,FOLLOW,14.44296379935165,7.796619110996649,2.436723228159448,0.06810498126736621,0.06341738943732839,0.07500728434817276,0.09754195405583212,0.21120697517789946,0.8075239744097574,inf,green,False,unknown,0,1.1827557869170564,0.002996090000010554,0.019401883000000453,0.02794543799996063,0.0,-0.016999999999995907,-0.019000000000005457,-0.003999999999990678,0.3887420000410202,0.48023421755402257
233.7,909.73354623,FOLLOW,14.456038048212726,7.7972054029334465,2.423662252912167,0.061350045843857434,0.08466826229042357,0.09210026815842663,0.10622595438305507,0.07613341456169805,0.8398622672780174,inf,green,False,unknown,0,1.0877779426074705,0.03125417900002958,0.015344321000043237,0.02566602199999579,0.0,0.015999999999991132,-0.019000000000005457,-0.008000000000009777,16.497156000014,0.48023421755402257
233.8,909.833635706,FOLLOW,14.464200175995131,7.797671074814602,2.4155134437626042,0.08524581799451421,0.06339892761799515,0.07821808391038375,0.10291162822498612,0.21960423582822816,0.8183800853974381,inf,green,False,unknown,0,1.2337445892094605,0.02377406699997664,0.01174647899995307,0.021151294999981474,0.0,0.01500000000001478,-0.018999999999977035,-0.009999999999990905,15.915729999960604,0.48023421755402257
234.0,910.033914086,FOLLOW,14.478579196363436,7.798668245828764,2.401169201473075,0.06587520509703851,0.06540719209823849,0.07889843660592438,0.10402310171317229,0.18932196459341144,0.8030394780390119,inf,green,False,unknown,0,1.2062654591168305,0.02049628500003564,0.008235025999965728,0.013551153999969756,0.0,0.015999999999991132,-0.019000000000005457,-0.014000000000010004,0.3722120000020368,0.48023421755402257
234.2,910.233585827,FOLLOW,14.492329988639,7.799846244824229,2.387469103047858,0.0689964604365686,0.07084707779876218,0.08208192207965558,0.10463989138975435,0.14529688531833754,0.8048477261993948,inf,green,False,unknown,0,1.1585787957663611,0.02061680700001034,0.005187647999946421,0.00656809700001304,0.0,0.016999999999995907,-0.019000000000005457,-0.018000000000000682,0.43137300008311286,0.48023421755402257
234.3,910.333773713,FOLLOW,14.497174291452467,7.80031290613074,2.382647334305853,0.0713196476858388,0.09089052507757624,0.09112513246799267,0.10159801341113148,0.037867030838579806,0.8291242572307872,inf,green,False,unknown,0,1.0025812084396717,0.009254789999999957,0.10537553400001798,0.03440854100006163,0.0,0.016000000000019554,0.08100000000001728,0.014000000000010004,17.110961999946994,0.48023421755402257
234.5,910.533679929,FOLLOW,14.51387349755746,7.802117559307662,2.366046138331596,0.09138311206016046,0.09340705625990946,0.08495593681460009,0.09775244538456293,-0.009634438645159643,0.7971405636776011,inf,green,False,unknown,0,0.9095237578005484,0.003504326999973273,0.09039512300000752,0.01796927699990647,0.0,0.016999999999995907,0.08099999999998886,0.009999999999990905,0.3972430000658278,0.48023421755402257
234.7,910.733514243,FOLLOW,14.5308218485784,7.804225548893075,2.349229585001846,0.07326797072046597,0.0715257621371662,0.07215872900681301,0.09551401869241317,0.0832685175524712,0.7201281048924788,inf,green,False,unknown,0,1.0088494949334892,0.03714060199990854,0.08839585199996236,0.010267090999946049,0.0,0.04999999999998295,0.08099999999998886,0.006000000000000227,15.210203000037836,0.48023421755402257
234.8,910.884518324,FOLLOW,14.540648864149384,7.805581265194221,2.3394965717815777,0.071911265838857,0.07074859825477423,0.0703672775226391,0.09404162319374426,0.08171664012526089,0.7100161884346196,inf,green,False,unknown,0,0.9946102008867802,0.002154067000105897,0.022858366000036767,0.012752341000009437,0.0,-0.016999999999995907,-0.018999999999977035,-0.030000000000001137,1.2979329999325273,0.48023421755402257
235.0,911.083319096,FOLLOW,14.551712068086431,7.807220032099837,2.328555467569735,0.0398459473702537,0.035291239047759916,0.0013762191317188007,0.08791618280036109,-0.5103235083257162,0.6693009279816314,inf,green,False,unknown,0,0.038996055929245,0.000733715000023949,0.01677022000001216,0.03519802699997854,0.0,-0.016999999999995907,-0.019000000000005457,0.0,0.30691500001012173,0.48023421755402257
235.2,911.283718728,FOLLOW,14.562095782422798,7.808837457067244,2.318298508009585,0.06836270220235252,0.029172118112333875,-0.00401228446417031,0.07455403805227132,-0.5330002640467886,0.5670332062835752,inf,green,False,unknown,0,-0.13753833193462664,0.02959763900003054,0.015734258000065893,0.0301597860000129,0.0,0.016999999999995907,-0.019000000000005457,-0.004000000000019099,12.929486999951223,0.48023421755402257
235.3,911.383469695,FOLLOW,14.567887348264113,7.809769918293696,2.3125825031772127,0.03238592670577834,0.029172118112333875,-0.00401228446417031,0.07455403805227132,-0.5330002640467886,0.5670332062835752,inf,green,False,unknown,0,-0.13753833193462664,0.05697336399998676,0.007916272999977991,0.022044424999990042,0.0,0.05000000000001137,-0.018999999999977035,-0.006000000000000227,0.5065330000206814,0.48023421755402257
235.5,911.583807566,FOLLOW,14.57359007693844,7.810697026823729,2.306955640721145,0.026757627252643787,0.04579774724785459,0.04270102031180308,0.07414319083275753,0.1640258180987717,0.5381481637198323,inf,green,False,unknown,0,0.9323825488775198,0.02219355199997608,0.0038407490000054167,0.012650449000034314,0.0,0.016999999999995907,-0.019000000000005457,-0.009999999999990905,0.39470299998356495,0.48023421755402257
235.7,911.78348617,FOLLOW,14.581030989592314,7.811932761299321,2.2996180725929456,0.03001745885920132,0.024540319877663034,-0.014895643939701537,0.061442186833414375,-0.6911501671450332,0.5578577945063459,inf,green,False,unknown,0,-0.6069865435315607,0.004889237999918805,0.10024334199999885,0.03254460199991627,0.0,0.016999999999995907,0.08099999999998886,0.01999999999998181,0.3863010000486611,0.48023421755402257
235.8,911.933466791,FOLLOW,14.586047103146912,7.8127802583523644,2.2946740732314654,0.03431491334861671,0.034249578758070595,0.03014780063864439,0.06852525436343003,0.16124987538493804,0.40047024604070297,inf,green,False,unknown,0,0.8802385819574595,0.01255112299998018,0.03345775100001447,0.004450495000014598,0.0,-0.018999999999977035,-0.018999999999977035,-0.04999999999998295,0.35915399996611086,0.48023421755402257
236.0,912.083820326,FOLLOW,14.591199846199924,7.813671854378235,2.2895990588588266,0.04160677708243041,0.040122270530800336,0.03597319896087529,0.06358618903388764,0.2052235825778461,0.5058946731626774,inf,green,False,unknown,0,0.8965893127424092,0.030658634000019447,0.08324776500001008,0.015483297000059792,0.0,0.049000000000006594,0.0800000000000125,0.014000000000010004,11.638828999934958,0.48023421755402257
236.2,912.333523696,FOLLOW,14.600641625850317,7.815368076656215,2.2803109216597863,0.03846124039057076,0.04197910501822263,0.0354985097503131,0.05994189870259839,0.19113130008025933,0.5169825609505767,inf,green,False,unknown,0,0.8456233103326911,0.035425372000077004,0.015029015000095569,0.012295324000092478,0.0,0.016999999999995907,-0.019000000000005457,-0.02400000000000091,14.264769999954297,0.48023421755402257
236.3,912.43348667,FOLLOW,14.604804002882595,7.816140980925829,2.2762209357767587,0.04204959403342396,0.04197910501822263,0.0354985097503131,0.05994189870259839,0.19113130008025933,0.5169825609505767,inf,green,False,unknown,0,0.8456233103326911,0.020630931000027886,0.012418415999945864,0.006114028999945731,0.0,0.016000000000019554,-0.018999999999977035,-0.025999999999982037,0.5439340000066295,0.48023421755402257
236.5,912.633626162,FOLLOW,14.61091367389804,7.817303921952332,2.2702229751852987,0.03250497885647388,0.025410983263688725,0.018926694905069257,0.02125233710503975,0.3596882076081545,0.40217550685734377,inf,green,False,unknown,0,0.7448233981608553,0.02012883600002624,0.10542517900000803,0.017502001000025302,0.0,0.016999999999995907,0.08099999999998886,0.003999999999990678,12.890403999904265,0.48023421755402257
236.7,912.833399262,FOLLOW,14.616278992983368,7.8183521419679565,2.2649610513978575,0.024289339911314496,0.024239815833979023,0.017853220323680478,0.016639730965585506,0.38109359128603,0.3944492667057219,inf,green,False,unknown,0,0.7365245860760251,0.029020675999959167,0.0860681649999151,0.002354860999957964,0.0,0.04999999999998295,0.07999999999998408,0.0,0.44947700007469393,0.48023421755402257
236.8,912.983299299,FOLLOW,14.61972136252001,7.819036309234243,2.261587356605552,0.026376395030683623,0.026325091096891365,0.019276813887481824,0.014509491873973435,0.39059008964512637,0.4335907527126555,inf,green,False,unknown,0,0.7322601018371463,0.012522295000053418,0.029979530999980852,0.010388591000037195,0.0,-0.018000000000000682,-0.018999999999977035,-0.036000000000001364,0.42593499995291495,0.48023421755402257
237.0,913.184387678,FOLLOW,14.624670739968836,7.820035712637897,2.2567399344832038,0.022088743520071022,0.025583301040707773,0.01915017720353828,0.01913305494038295,0.37438834692149575,0.4127377125355974,inf,green,False,unknown,0,0.7485420733261435,0.011201095000046735,0.027747678999958225,0.006662687000016376,0.0,-0.016999999999995907,-0.019000000000005457,-0.03999999999999204,10.27455500002361,0.48023421755402257
237.2,913.383812603,FOLLOW,14.62890310578857,7.820905075515073,2.252597819970969,0.02563458997257415,0.02521325218118254,0.0192332867208616,0.0159438390222182,0.40165739552328394,0.42109145992163655,inf,green,False,unknown,0,0.7628245092164674,0.029546639000045616,0.019659550000028503,0.02752538499998991,0.0,0.015999999999991132,-0.019000000000005457,-0.010000000000019327,0.6642769999416487,0.48023421755402257
237.3,913.484598511,FOLLOW,14.631480612717104,7.821441352346405,2.2500767196153078,0.02526467748522611,0.016301794538872566,0.016818308770736545,0.013094816413377702,0.5772879536025979,0.3319072380196828,inf,green,False,unknown,0,1.0316845013984393,0.025262602999987394,0.011332193999919582,0.02019808699992609,0.0,0.01500000000001478,-0.018999999999977035,-0.012000000000000455,0.9934920000205238,0.48023421755402257
237.5,913.683973818,FOLLOW,14.63480017657183,7.82214123221715,2.2468317757520087,0.01596952069136403,0.015922490720276423,0.015862671231577762,0.008358024731488195,0.5794794813796282,0.32491151985350614,inf,green,False,unknown,0,0.9962430822068257,0.016278564000003826,0.0007612069999822779,0.004110934999971505,0.0,0.015999999999991132,-0.019000000000005457,-0.015999999999991132,0.28616899999178713,0.48023421755402257
237.6,913.783417013,LANE_GRACE,14.636429067398472,7.822488901501604,2.2452404207321757,0.01596952863782369,0.036,0.03586475095944572,0.03756625070254752,-0.0347600922332171,0.24462108735073024,inf,green,False,unknown,0,0.9962430822068257,0.018785998999987896,0.0023242919999120204,0.003251438000006601,0.0,0.016999999999995907,-0.019000000000005457,-0.018000000000000682,12.067113000057361,0.48023421755402257
237.8,913.983488357,LANE_GRACE,14.642319905904735,7.823771370401997,2.2394908872288655,0.03606959491688498,0.036,0.03586475095944572,0.03195901886483748,0.01436850641761145,0.2574649030405246,inf,green,False,unknown,0,0.9962430822068257,0.03283165300001656,0.10206849900009729,0.02952331200003755,0.0,0.05000000000001137,0.08100000000001728,0.012000000000000455,0.45942699989609537,0.48023421755402257
237.8,914.033775104,FOLLOW,14.64477263716724,7.8243156615952785,2.2370993112896613,0.036069566181977215,0.031034660236147194,0.018156245737684693,0.0699106829693463,-0.06399734652895589,0.29999999999999993,inf,green,False,unknown,0,0.585031239250928,0.025052404999996725,0.04916906599999038,0.008496392999973068,0.05028674699997282,-0.018000000000000682,-0.018999999999977035,-0.055999999999983174,15.091391999931147,0.48023421755402257
238.0,914.183495916,FOLLOW,14.649176679858153,7.825305755240617,2.2328080069183827,0.03108382950975777,0.05034261107761561,0.028978579243591204,0.06237481642079799,-0.02053486108881708,0.44105881159111304,inf,green,False,unknown,0,0.5756272593591449,0.007515027999943413,0.0909845649999852,0.01871546400002444,0.0,0.016999999999995907,0.08099999999998886,0.008000000000009777,10.236168999995243,0.48023421755402257
238.2,914.383440159,FOLLOW,14.658763982715227,7.827503928793117,2.2234761184749914,0.04785445040371224,0.0477965311342676,0.02577742838587655,0.060480647776453164,-0.033629074512896553,0.43179094918081884,inf,green,False,unknown,0,0.5393158828506592,0.03270460099997763,0.08430531599992719,0.004501708000020699,0.0,0.04999999999998295,0.08099999999998886,0.003999999999990678,0.5562500000451109,0.48023421755402257
238.3,914.533324905,FOLLOW,14.665167334705746,7.829000396224778,2.2172500873511343,0.04463733824669775,0.04458372860757437,0.021810980626825707,0.05875581195313106,-0.05732218916865675,0.42477350766910793,inf,green,False,unknown,0,0.4892139196971565,0.04406360799998765,0.030438701999969453,0.014385472999947524,0.0,0.01700000000002433,-0.018999999999977035,-0.031999999999982265,0.3814269999793396,0.48023421755402257
238.5,914.733644504,FOLLOW,14.672579192428165,7.83075783147559,2.2100496012618693,0.04198679519026503,0.01627420174250995,-0.00326200401530352,0.11031626103507902,-0.7165686455021607,0.37856798742215086,inf,green,False,unknown,0,-0.20044018544902373,0.02854877800007216,0.01318521900009273,0.029496487000074012,0.0,0.016999999999995907,-0.019000000000005457,-0.0020000000000095497,1.2981319999880725,0.48023421755402257
238.7,914.933448097,FOLLOW,14.677617212306277,7.831966696961291,2.2051587652407116,0.028564933036194035,0.015275046122075303,-0.0031921125281834757,0.11216332944715213,-0.7267755230314997,0.35857391840691,inf,green,False,unknown,0,-0.20897563926633747,0.05851161500004309,0.006216977999997653,0.018024917000047935,0.0,0.04899999999997817,-0.019000000000005457,-0.006000000000000227,13.116486000058103,0.48023421755402257
238.8,915.033358883,FOLLOW,14.679642352786187,7.8324563949048365,2.2031937233006333,0.015300240190218431,0.015275046122075303,-0.0031921125281834757,0.11216332944715213,-0.7267755230314997,0.35857391840691,inf,green,False,unknown,0,-0.20897563926633747,0.01869154099995285,0.0012317900000198279,0.011838852999972005,0.0,0.016000000000019554,-0.018999999999977035,-0.007999999999981355,0.3658440000435803,0.48023421755402257
238.8,915.083366973,LANE_GRACE,14.680162561041778,7.8325821698233,2.202688948797444,0.015300245592634678,0.036,-0.0075231230135881485,-0.1349294306219942,-0.05697226317286065,0.0,inf,green,False,unknown,0,-0.20897563926633747,0.03224724899996545,0.05123988000002555,0.024214278000044942,0.05000809000000572,-0.016999999999995907,-0.018999999999977035,-0.04200000000000159,13.784407999992254,0.48023421755402257
239.0,915.233663588,LANE_GRACE,14.683613983876194,7.833415410737687,2.1993396162212426,0.03602019677461132,0.036,-0.0075231230135881485,0.036420305979220816,-0.09145763356819846,0.0,inf,green,False,unknown,0,-0.20897563926633747,0.004514102000030107,0.09617297099998723,0.03160688900004516,0.0,0.015999999999991132,0.08099999999998886,0.02199999999999136,0.3555509999841888,0.48023421755402257
239.2,915.433594397,FOLLOW,14.690962147207646,7.83518199495745,2.192206967608535,0.036020466208226194,0.025061966128159623,0.007545595070171199,0.05708097539801348,-0.17457583041819533,0.29999999999999977,inf,green,False,unknown,0,0.3010775384335457,0.03029441199998928,0.0849385120000079,0.02053265199992893,0.0,0.04999999999998295,0.08099999999998886,0.018000000000000682,10.93663300002845,0.48023421755402257
239.3,915.583682266,FOLLOW,14.694755690070734,7.83609153972547,2.1885240753704234,0.025099576772328852,0.024634048061580628,0.006728585789221443,0.05576301923780277,-0.18455678758126254,0.2999999999999999,inf,green,False,unknown,0,0.27314170096612644,0.011669748000031177,0.02680332299996735,0.02783022300002358,0.0,-0.016999999999995907,-0.018999999999977035,-0.018000000000000682,0.4175410000470947,0.48023421755402257
239.4,915.683565254,LANE_GRACE,14.697272720464056,7.836697069718062,2.186080967684204,0.02467077755805459,0.036,0.009833101234780551,0.0,0.0,0.0,inf,green,False,unknown,0,0.27314170096612644,0.0043048190000263276,0.027463732999990498,0.025864966999961325,0.0,-0.016999999999995907,-0.019000000000005457,-0.01999999999998181,11.222474000078364,0.48023421755402257
239.5,915.833490865,FOLLOW,14.702617413301518,7.83798859822996,2.18089466929118,0.036040340762810874,0.027481087843714735,-0.0012446799392913939,0.06680504002829771,-0.4442169441012902,0.48333333333333267,inf,green,False,unknown,0,-0.04529223684192937,0.052248145000021395,0.07265126800007238,0.003336119000096005,0.050208044000100926,-0.018000000000000682,-0.020000000000010232,-0.09000000000000341,16.123981999953685,0.48023421755402257
239.6,915.934010532,LANE_GRACE,14.705730858981457,7.8387438568341015,2.1778742176000048,0.02750886215717753,0.036,-0.0016305205263094573,0.1658354846954346,-0.5104953076737112,0.0,inf,green,False,unknown,0,-0.04529223684192937,0.020696204000046237,0.0655547699999488,0.0032091150000042035,0.050562150000018846,-0.051000000000016144,-0.019000000000005457,-0.09200000000001296,15.707185999985995,0.48023421755402257
239.8,916.083373417,FOLLOW,14.710329090154982,7.83985897983747,2.173413250149794,0.03602753926979224,0.03483567674687909,-0.000416634288828017,0.05600639130629739,-0.3644125596205193,0.5547672672540594,inf,green,False,unknown,0,-0.011959988372131827,0.0015317039999445115,0.020477532999962023,0.011754851999967286,0.0,-0.016999999999995907,-0.018999999999977035,-0.027999999999991587,10.884479000083047,0.48023421755402257
240.0,916.283529105,FOLLOW,14.716179898554165,7.841277430191075,2.167736987513594,0.031264785533832794,0.031238320264226575,-0.002757765381089703,0.04457082432947798,-0.3426775768916122,0.4833333333333321,inf,green,False,unknown,0,-0.08828148753721032,0.028388363999965804,0.015910867000002327,0.03903914699992583,0.0,0.014999999999986358,-0.019000000000005457,0.0020000000000095497,0.47143100005087035,0.48023421755402257
240.2,916.48368902,FOLLOW,14.722621067272097,7.842837358210685,2.161487565269509,0.03189266740033709,0.033222761751150374,-0.0020578920124378207,0.03985100931980068,-0.2983164185378611,0.4833333333333326,inf,green,False,unknown,0,-0.06194223189065744,0.051916177000066455,0.10463486399999056,0.0150527980000561,0.0,0.04899999999997817,0.08099999999998886,-0.0020000000000095497,11.871035000012853,0.48023421755402257
240.3,916.583451199,FOLLOW,14.725964495438154,7.843646038982547,2.158243409402509,0.03324999556761906,0.033222761751150374,-0.0020578920124378207,0.03985100931980068,-0.2983164185378611,0.4833333333333326,inf,green,False,unknown,0,-0.06194223189065744,0.013793345000067347,0.08687092600007418,0.008483725000019149,0.0,0.01700000000002433,0.08100000000001728,-0.003999999999990678,0.45389799993245106,0.48023421755402257
240.4,916.736591849,LANE_GRACE,14.730414693746276,7.844721675819189,2.1539251608803247,0.031046295680296085,0.036,-0.004856492588198155,0.0,0.0,0.0,inf,green,False,unknown,0,-0.1349025718943932,0.060698935000004894,0.044954234999977416,0.024925898999981655,0.05332235100001981,0.016999999999995907,-0.019000000000005457,-0.03999999999999204,13.211068000032355,0.48023421755402257
240.5,916.884128537,FOLLOW,14.73496847772115,7.8458205381760635,2.149505947196544,0.03602410694429711,0.03603294643147436,-0.029476400330461054,-0.048519476684111884,-0.24385520190863474,0.48333333333333217,inf,green,False,unknown,0,-0.8180402450995171,0.030069013999991512,0.08711871399998472,0.027012880000029327,0.10076841600005082,-0.05000000000001137,-0.019000000000005457,-0.0759999999999934,15.885456999967573,0.48023421755402257
240.7,917.033742557,FOLLOW,14.739868397375213,7.846998430055323,2.1447497119946926,0.036029273630352916,0.030760904673791955,-0.02554755541493736,-0.03178146396280877,-0.3542040861940604,0.48333333333333056,inf,green,False,unknown,0,-0.8305202881989252,0.0024493569999322062,0.02120533400000113,0.028257854000003135,0.0,-0.018000000000000682,-0.019000000000005457,-0.012000000000000455,11.938134000047285,0.48023421755402257
240.8,917.133698677,FOLLOW,14.743371570289327,7.8478306876670585,2.14134683663012,0.030761336341750916,0.030760904673791955,-0.02554755541493736,-0.03178146396280877,-0.3542040861940604,0.48333333333333056,inf,green,False,unknown,0,-0.8305202881989252,0.003569132999928115,0.020809817999975166,0.02595562900000914,0.0,-0.016999999999995907,-0.018999999999977035,-0.013999999999981583,0.37092000002303394,0.48023421755402257
240.8,917.183218625,LANE_GRACE,14.745463346220784,7.848323106807521,2.1393138464255688,0.03076139567010734,0.036,-0.029898730375161307,0.0,0.0,0.0,inf,green,False,unknown,0,-0.8305202881989252,0.02133126599994739,0.0703297659999862,0.008917932000031215,0.04951994800001103,-0.04999999999998295,-0.018999999999977035,-0.08199999999999363,15.122304999977132,0.48023421755402257
241.0,917.333286048,LANE_GRACE,14.75017348053248,7.849419417839399,2.1347330776522675,0.03599536490394024,0.036,-0.029898730375161307,0.0,0.0,0.0,inf,green,False,unknown,0,-0.8305202881989252,0.028695292999941557,0.013886930000012399,0.014872213999979067,0.0,0.015999999999991132,-0.019000000000005457,-0.018000000000000682,0.7402820000379506,0.48023421755402257
241.1,917.433290031,FOLLOW,14.753844998270768,7.850261959545574,2.1311595419672833,0.03599518161057611,0.031962970808032835,-0.028259469141076743,-0.04268992988157825,-0.3258399145479103,0.48333333333333134,inf,green,False,unknown,0,-0.8841314942469196,0.020155885999997736,0.007261403999905269,0.0063354529999060105,0.0,0.016999999999995907,-0.019000000000005457,-0.020000000000010232,20.094646000075045,0.48023421755402257
241.2,917.583184111,LANE_GRACE,14.758334319913383,7.851277591426394,2.1267866163915587,0.031959762552704205,0.036,-0.031828733792889106,0.0,0.0,0.0,inf,green,False,unknown,0,-0.8841314942469196,0.028489685000067766,0.047820631000035974,0.011218087000088417,0.04996271100003469,-0.018000000000000682,-0.019000000000005457,-0.056000000000011596,11.141205999933845,0.48023421755402257
241.3,917.633433787,LANE_GRACE,14.759420950713785,7.8515209128279455,2.1257275785301335,0.03195970022014308,0.036,-0.031828733792889106,0.0,0.0,0.0,inf,green,False,unknown,0,-0.8841314942469196,0.015048895999939305,0.09807030699994357,0.015511405999973249,0.0,0.01700000000002433,0.08100000000001728,0.010000000000019327,0.3747280001107356,0.48023421755402257
241.3,917.683338232,FOLLOW,14.761862859796759,7.852064115002218,2.123346853905663,0.035992504945679946,0.028595441799176977,-0.02686416795277295,-0.11539061553311432,0.10357676237806736,0.2999999999999997,inf,green,False,unknown,0,-0.9394563001137525,0.031014357000003656,0.04906339499996193,0.007248161000006803,0.04990444500003832,-0.018000000000000682,-0.018999999999977035,-0.057999999999992724,12.215375999971911,0.48023421755402257
241.4,917.783346715,LANE_GRACE,14.765040592543222,7.852763462359938,2.1202470324992175,0.028593397173064132,0.036,-0.03382042680409509,0.0,0.0,0.0,inf,green,False,unknown,0,-0.9394563001137525,0.0271593859999939,0.044485656999995626,0.004217205000031754,0.04990528999996968,-0.018000000000000682,-0.019000000000005457,-0.060000000000002274,11.919289000047684,0.48023421755402257
241.6,917.933392318,LANE_GRACE,14.769673508779654,7.8537670748497295,2.115724130228867,0.0359896246470919,0.036,-0.03382042680409509,0.0,0.0,0.0,inf,green,False,unknown,0,-0.9394563001137525,0.008621001999927103,0.0935961129999896,0.011955374999956803,0.0,0.015999999999991132,0.08099999999998886,0.003999999999990678,0.41878900003666786,0.48023421755402257
241.8,918.183254896,FOLLOW,14.778238962275507,7.855572244733343,2.1073510787936858,0.03598897739998401,0.018758730043658783,-0.008794726211748963,-0.10578277129590324,0.36764258382553927,0.2999999999999994,inf,green,False,unknown,0,-0.4688337745295258,0.0004871349999575614,0.01640540300002158,0.0017895569999382133,0.0,-0.016999999999995907,-0.018999999999977035,-0.033999999999991815,12.039963000006537,0.48023421755402257
242.0,918.38360237,FOLLOW,14.781759107460259,7.856297951304616,2.1039065510477326,0.01877673474895575,0.012145613740543015,-0.014309909623861224,0.020951912739857803,-0.7856132022321495,0.2999999999999996,inf,green,False,unknown,0,-1.1781956786665806,0.03097450299992488,0.012674820999905023,0.026950356999918768,0.0,0.016999999999995907,-0.019000000000005457,-0.003999999999990678,0.4165540000258261,0.48023421755402257
242.1,918.4832657,LANE_GRACE,14.78300809529044,7.856553943960838,2.1026840789060333,0.01215705075451839,0.036,-0.042415044431996896,0.0,0.0,0.0,inf,green,False,unknown,0,-1.1781956786665806,0.02152108599989333,0.008372731999997995,0.019914498999924035,0.0,0.016999999999995907,-0.019000000000005457,-0.006000000000000227,14.208404000100927,0.48023421755402257
242.2,918.583331883,FOLLOW,14.786047211200804,7.85717043256453,2.099708148502181,0.0359783577727691,0.017067897683330516,-0.0068572461461518215,-0.11231071078487376,0.4436891448009944,0.29999999999999954,inf,green,False,unknown,0,-0.40176278727338516,0.016308708999986266,0.004267627999979595,0.01507726400006959,0.0,0.016999999999995907,-0.019000000000005457,-0.008000000000009777,22.995917999992344,0.48023421755402257
242.3,918.682999898,FOLLOW,14.789314969913137,7.857822510437543,2.0965061127353866,0.023662974726859996,0.017067897683330516,-0.0068572461461518215,-0.11231071078487376,0.4436891448009944,0.29999999999999954,inf,green,False,unknown,0,-0.40176278727338516,0.012607559000002766,0.0007612620000827519,0.008091878000072938,0.0,0.01700000000002433,-0.018999999999977035,-0.009999999999990905,0.281418999975358,0.48023421755402257
242.5,918.883360479,LANE_GRACE,14.794323376912644,7.858811186638731,2.091596260484894,0.029948918220455163,0.036,-0.022657446418024856,0.0,0.0,0.0,inf,green,False,unknown,0,-0.6293735116118016,0.012957226000025912,0.09819371599996884,0.002745748999927855,0.0,0.015999999999991132,0.08099999999998886,-0.014000000000010004,11.040705000027629,0.48023421755402257
242.7,919.083410313,LANE_GRACE,14.800229450638424,7.85995904348925,2.08580280765745,0.03600069190780948,0.036,-0.022657446418024856,0.0,0.0,0.0,inf,green,False,unknown,0,-0.6293735116118016,0.013493611999933819,0.08061010199992324,0.032234429999903114,0.0,0.015999999999991132,0.08099999999998886,0.015999999999991132,0.4786960000728868,0.48023421755402257
242.8,919.183318065,LANE_GRACE,14.803901512531723,7.860662242411479,2.0821987065403897,0.03600052630126983,0.036,-0.022657446418024856,0.0,0.0,0.0,inf,green,False,unknown,0,-0.6293735116118016,0.00793093200002204,0.09450073999994402,0.027854429999933927,0.0,0.01700000000002433,0.08100000000001728,0.014000000000010004,0.6077860000459623,0.48023421755402257
242.9,919.383147914,FOLLOW,14.81124558777922,7.86204452268487,2.0749858946306095,0.036000220369475186,0.013104026411186721,-0.016924363298195577,-0.018134206770472616,-0.6988988840641318,0.2999999999999999,inf,green,False,unknown,0,-1.2915391626307688,0.030547526999953334,0.0808791540000584,0.0086117869999498,0.049605778999989525,-0.05099999999998772,-0.019000000000005457,-0.09000000000000341,11.207760000047529,0.48023421755402257
243.0,919.483860699,LANE_GRACE,14.813410799664378,7.862445799050186,2.072858191884625,0.013111273144401147,0.036,-0.046495409854707674,0.0,0.0,0.0,inf,green,False,unknown,0,-1.2915391626307688,0.034226129000103356,0.07175702000006368,0.008867040000041015,0.05056238400004531,-0.05000000000001137,-0.019000000000005457,-0.09200000000001296,11.431421999986924,0.48023421755402257
243.2,919.633613899,FOLLOW,14.817505470187436,7.863191049795657,2.068831916117869,0.035971167416250206,0.011847004890015795,-0.016939075150586104,-0.0046838117667895585,-0.8154970926141654,0.29999999999999977,inf,green,False,unknown,0,-1.4298192081326573,0.04616486999998415,0.028710563000004186,0.0165590300000531,0.0,0.016999999999995907,-0.019000000000005457,-0.02800000000002001,11.721249999936845,0.48023421755402257
243.3,919.733888866,LANE_GRACE,14.819587056498587,7.863562083277681,2.06678366467348,0.011853753787047585,0.036,-0.05147349149277566,0.0,0.0,0.0,inf,green,False,unknown,0,-1.4298192081326573,0.07064421200004745,0.02037215500001821,0.009047397000017554,0.0,0.049000000000006594,-0.018999999999977035,-0.030000000000001137,11.370809000027293,0.48023421755402257
243.4,919.883314007,FOLLOW,14.823636475751872,7.864267991977452,2.0627962530959083,0.035964436438741816,0.03386357210234564,-0.019005796989826778,-0.06154862440260317,0.025235706276909547,0.2999999999999998,inf,green,False,unknown,0,-0.5612460768280939,0.04256147299997792,0.062285472999974445,0.013075966999963384,0.04985665799995331,-0.016999999999995907,-0.019000000000005457,-0.0660000000000025,11.933716000044114,0.48023421755402257
243.5,919.983543708,LANE_GRACE,14.827164677395942,7.864866930384046,2.0593192612181666,0.03386719556648733,0.036,-0.02020485876581138,0.0,0.0,0.0,inf,green,False,unknown,0,-0.5612460768280939,0.010544979999963289,0.06186083799991593,0.01006999599997016,0.05013071499990929,-0.05000000000001137,-0.019000000000005457,-0.06800000000001205,10.708897000085926,0.48023421755402257
243.7,920.135174735,FOLLOW,14.83198548844918,7.8656736993658285,2.0545664377707826,0.03600212390636362,0.020787933442905738,-0.008162206295707063,-0.08527507518037174,0.2927095490059048,0.2999999999999996,inf,green,False,unknown,0,-0.3926415445828053,0.06068269799993686,0.011953877999985707,0.025921739999944293,0.0,0.04999999999998295,-0.019000000000005457,-0.004000000000019099,13.725117000035425,0.48023421755402257
243.8,920.235440672,FOLLOW,14.835176763289537,7.866200671868573,2.051418973490927,0.02128095904351065,0.013105473473803047,-0.01806502809821882,-0.030402176010943416,-0.698777547319036,0.2999999999999997,inf,green,False,unknown,0,-1.378433837917385,0.026738558000033663,0.011173694000035539,0.023661533999984385,0.0,0.01700000000002433,-0.018999999999977035,-0.006000000000000227,12.295252000058099,0.48023421755402257
244.0,920.433068168,FOLLOW,14.838384968365276,7.866722048824811,2.0482534185394603,0.013109928631327665,0.013764426454330526,-0.018486399499882313,-0.03824339542638025,-0.6461750838495351,0.29999999999999966,inf,green,False,unknown,0,-1.343056287976763,0.015082581999990907,0.003086004000010689,0.01081156700001884,0.0,0.016999999999995907,-0.019000000000005457,-0.009999999999990905,0.33996600006958033,0.48023421755402257
244.2,920.683361444,FOLLOW,14.841131552829722,7.867158650579423,2.0455417590519707,0.012848559959656645,0.012844750834943854,-0.018455736839521623,-0.033202604962828314,-0.7210805242578258,0.29999999999999943,inf,green,False,unknown,0,-1.4368310508066227,0.03724996299990835,0.026585980999925596,0.03053384499992262,0.0,0.016999999999995907,-0.019000000000005457,-0.014000000000010004,0.7605580000245027,0.48023421755402257
244.3,920.783258498,FOLLOW,14.842442101733019,7.867363435719506,2.0442473089530124,0.012848478089474263,0.012177595995467349,-0.018524625528252698,-0.02903306110099163,-0.7824994034421783,0.29999999999999905,inf,green,False,unknown,0,-1.5212054608436503,0.002598583000008148,0.02076485500003855,0.024011846999997033,0.0,-0.018000000000000682,-0.018999999999977035,-0.015999999999991132,0.442905999989307,0.48023421755402257
244.5,920.983453681,FOLLOW,14.844903940989004,7.867741534781426,2.0418146792749843,0.011820583210320089,0.011817309728261078,-0.01868396292639039,-0.027742780691973612,-0.8185514580837652,0.29999999999999916,inf,green,False,unknown,0,-1.5810673796344459,0.03150745599998572,0.015468014000020958,0.014576497000007294,0.0,0.016999999999995907,-0.019000000000005457,-0.020000000000010232,1.3932030000205486,0.48023421755402257
244.7,921.183381104,FOLLOW,14.846902370675048,7.868041827533658,2.039838940807807,0.01165451271922969,0.011534436872425344,-0.01888724137901972,-0.02762660836169173,-0.8484354597687537,0.29999999999999977,inf,green,False,unknown,0,-1.6374654079708273,0.014739984000016193,0.10741812499998105,0.032631874000003336,0.0,0.016999999999995907,0.08099999999998886,0.009999999999990905,0.42198500000267813,0.48023421755402257
244.8,921.282899491,FOLLOW,14.848079332110872,7.868215817416985,2.0386749110015905,0.011537223670766863,0.011578737370482641,-0.018890778043693202,-0.028194993486385878,-0.8436589188653268,0.29999999999999977,inf,green,False,unknown,0,-1.6315058748850237,0.012691726999946695,0.0007392689999505819,0.02745005199994921,0.0,0.01700000000002433,-0.018999999999977035,0.008000000000009777,0.2845690000867762,0.48023421755402257
245.0,921.483061572,FOLLOW,14.850444309797734,7.868558924816838,2.0363349557592287,0.011655612328637613,0.011653104611016974,-0.01897102821652434,-0.03024034816683735,-0.8357221942713944,0.2999999999999996,inf,green,False,unknown,0,-1.6279805982852777,0.010273792000020876,0.08746386099994652,0.018706402000020717,0.0,0.016999999999995907,0.08099999999998886,0.003999999999990678,0.44548500000018976,0.48023421755402257
245.2,921.734492706,FOLLOW,14.853186965802616,7.868945919893808,2.0336197421203233,0.01134898102505701,0.018243906584081905,-0.02663465643157483,-0.04588931743259239,-0.6854873059313924,0.41257352099206374,inf,green,False,unknown,0,-1.45992067591565,0.023171828999920763,0.018807872000024872,0.004146348999938709,0.0,0.014999999999986358,-0.019000000000005457,-0.034000000000020236,22.995881000042573,0.48023421755402257
245.3,921.833371734,FOLLOW,14.854183682191808,7.869083623703144,2.0326325840338044,0.018236854989920406,0.018243906584081905,-0.02663465643157483,-0.04588931743259239,-0.6854873059313924,0.41257352099206374,inf,green,False,unknown,0,-1.45992067591565,0.01995475700005045,0.0022383860000445566,0.020605800999987878,0.0,0.01700000000002433,-0.018999999999977035,-0.001999999999981128,0.37830999997368053,0.48023421755402257
245.5,922.033011628,FOLLOW,14.857912754219038,7.8695863628648715,2.028937560382205,0.0183241156630776,0.017709251775200646,-0.027762956067344056,-0.045167646263854305,-0.7531297973778249,0.4254388731510418,inf,green,False,unknown,0,-1.5677091511128793,0.004432059999999183,0.09647518600002059,0.0050560850000920254,0.0,0.014999999999986358,0.08099999999998886,-0.006000000000000227,10.888756999975158,0.48023421755402257
245.7,922.233410043,FOLLOW,14.861341122198588,7.870030838046831,2.0255381305547284,0.014633329720341951,0.014636850109035668,-0.023085340576979613,-0.03773186355107683,-0.7842289334093091,0.36111211235615087,inf,green,False,unknown,0,-1.5772068720392576,0.008930192000093484,0.08646184900010212,0.0018778500000280474,0.0,0.016999999999995907,0.08099999999998886,-0.010000000000019327,0.33023599996795383,0.48023421755402257
245.8,922.333193064,FOLLOW,14.862336186317306,7.870156522910569,2.0245510359429457,0.014633256747064963,0.017119959042012946,-0.028610446260203655,-0.042988753577883176,-0.8206952988214631,0.435380281637525,inf,green,False,unknown,0,-1.6711749245423235,0.034915808000050674,0.09345388800011278,0.02883139100003973,0.0,0.05000000000001137,0.08100000000001728,0.02200000000001978,0.42836299996906746,0.48023421755402257
246.0,922.583245504,FOLLOW,14.86640881666924,7.870654425409712,2.0205089633497666,0.017137880176674437,0.017082244924023344,-0.0292595549671197,-0.04513961377206532,-0.8381793110904034,0.44064338024801597,inf,green,False,unknown,0,-1.7128635666598475,0.007197490000066864,0.02575615800003561,0.028363175000094998,0.0,-0.016999999999995907,-0.019000000000005457,-0.015999999999991132,0.3943129999015582,0.48023421755402257
246.2,922.783121949,FOLLOW,14.869887743261446,7.871058177910302,2.0170535500416182,0.0169631029425715,0.01697547143856072,-0.02938958419047475,-0.04555883846374237,-0.8476208503436057,0.441228168982515,inf,green,False,unknown,0,-1.7312970833737604,0.03103769899996678,0.012743082000042705,0.011851927000066098,0.0,0.015999999999991132,-0.019000000000005457,-0.020000000000010232,0.4445900000291658,0.48023421755402257
246.3,922.883090259,FOLLOW,14.87161796964203,7.87125147613994,2.015334155602503,0.016962912913642696,0.022587571205044014,-0.036756999348244015,-0.054905677578438145,-0.7549313282439281,0.5434811169509539,inf,green,False,unknown,0,-1.6273108345547058,0.02292257999999947,0.008649853000065377,0.005920704000004662,0.0,0.01700000000002433,-0.018999999999977035,-0.02199999999999136,0.4391689999465598,0.48023421755402257
246.5,923.083365504,FOLLOW,14.875447697577387,7.871662152447291,2.0115265162684346,0.02259542016996867,0.022619088222614315,-0.03774768302200725,-0.05571324718315804,-0.7780965715514323,0.5551556309725273,inf,green,False,unknown,0,-1.6688419378579342,0.000563326000019515,0.10050703599995359,0.01729035199991813,0.0,0.016999999999995907,0.08099999999998886,0.008000000000009777,0.41309499999897525,0.48023421755402257
246.7,923.333124197,FOLLOW,14.880972348098698,7.872212217329795,2.0060293381274548,0.021356013154070475,0.021381945547248215,-0.038916596881231565,-0.057181938363350615,-0.8678155338997418,0.5647575564541605,inf,green,False,unknown,0,-1.8200680941421628,0.011106294999990496,0.028853389000005336,0.01651343099990754,0.0,-0.01700000000002433,-0.019000000000005457,-0.030000000000001137,0.38843100003305153,0.48023421755402257
246.8,923.433284576,FOLLOW,14.883150648577917,7.872414423743394,2.0038604443405137,0.021355751383636122,0.0271575570726812,-0.049344034895168296,-0.058849808100658374,-0.8611754047609517,0.7135508965303616,inf,green,False,unknown,0,-1.8169541083209322,0.005746132000012949,0.025656421000007867,0.009346498000013526,0.0,-0.018000000000000682,-0.018999999999977035,-0.031999999999982265,0.39256399998066627,0.48023421755402257
247.0,923.633576682,FOLLOW,14.887771762011074,7.872815483426292,1.9992567800884193,0.02768749268795301,0.022556378344796447,-0.040799376133448625,-0.06242208801222382,-0.8456552093734028,0.5853639622873564,inf,green,False,unknown,0,-1.80877335491496,0.03177397700005713,0.016392216999975062,0.03236536700001125,0.0,0.015999999999991132,-0.019000000000005457,-0.0020000000000095497,12.764131000039924,0.48023421755402257
247.2,923.834807834,FOLLOW,14.892748235296985,7.873205032826665,1.9942955925502506,0.02325525737577936,0.03629726309507468,-0.03219352892124413,-0.06246161454682945,-0.2052954237749538,0.45772015097925456,inf,green,False,unknown,0,-0.8869409475011519,0.0300474089999625,0.011632707999979175,0.025475677000031283,0.0,0.015999999999991132,-0.019000000000005457,-0.006000000000000227,13.483462999943185,0.48023421755402257
247.3,923.933121063,FOLLOW,14.895481519857434,7.873401106081422,1.991569351292388,0.03432481638359048,0.03629726309507468,-0.03219352892124413,-0.06246161454682945,-0.2052954237749538,0.45772015097925456,inf,green,False,unknown,0,-0.8869409475011519,0.019506226000089555,0.10994593700002042,0.01411470499999723,0.0,0.01700000000002433,0.08100000000001728,-0.007999999999981355,0.5148629999212062,0.48023421755402257
247.5,924.133017838,FOLLOW,14.90157925500776,7.873811057974049,1.9854854240179032,0.024019840149175357,0.017369383073444288,-0.03195233341453913,-0.07449506184116161,-0.8303857476198175,0.44523002871905737,inf,green,False,unknown,0,-1.8395779101325962,0.012430965000021388,0.09913118700001178,0.0033144540000193956,0.0,0.015999999999991132,0.08099999999998886,-0.012000000000000455,11.948697999969227,0.48023421755402257
247.7,924.333227841,FOLLOW,14.904758570676908,7.8740033388190955,1.9823119321187674,0.01718708089897615,0.017206272602945348,-0.031788720745585995,-0.07540885912784567,-0.8332035194912105,0.44205908190161236,inf,green,False,unknown,0,-1.847507678109461,0.006410735000031309,0.08753038900010779,0.03114251800002421,0.0,0.016999999999995907,0.08099999999998886,0.018000000000000682,0.46501099996021367,0.48023421755402257
247.8,924.43290977,FOLLOW,14.906511642412848,7.874101629903159,1.980561618690717,0.017186870548124927,0.017164665558094174,-0.03222897510824232,-0.07770609706389514,-0.8478643788650201,0.4462328067724373,inf,green,False,unknown,0,-1.877634900555602,0.0018145800000866075,0.09550234900007126,0.023728460000029372,0.0,0.01700000000002433,0.08100000000001728,0.016000000000019554,0.48342799993861263,0.48023421755402257
248.0,924.683174943,FOLLOW,14.910608532408824,7.874309524923202,1.9764700162371343,0.01730762415242481,0.022066005913063666,-0.04258502102934205,-0.08173115876904097,-0.8748005660328196,0.5860366005845231,inf,green,False,unknown,0,-1.9298925776200657,0.07582254200008265,0.02854193699999996,0.02607701600004475,0.0,0.05000000000001137,-0.019000000000005457,-0.02199999999999136,0.7527859999072462,0.48023421755402257
248.2,924.883158151,FOLLOW,14.914350664506106,7.874472230261555,1.9727314304899009,0.02211814554615449,0.022152989693156357,-0.04257434943110543,-0.08335946246941439,-0.8642258557690664,0.5834662990140397,inf,green,False,unknown,0,-1.9218331259485832,0.015669978999994782,0.0049427220000097805,0.03369343700001082,0.0,0.014999999999986358,-0.019000000000005457,0.007999999999981355,0.4624760000524475,0.48023421755402257
248.3,924.98330905,FOLLOW,14.916606698606886,7.8745575496445905,1.9704770117976602,0.022117823978231952,0.02247153227218614,-0.04332940246776949,-0.08501848905204656,-0.8643927716287098,0.5919342285911132,inf,green,False,unknown,0,-1.9281908301998578,0.003533867999976792,0.10509362100003727,0.02803323399996316,0.0,0.01500000000001478,0.08100000000001728,0.006000000000000227,0.712900000053196,0.48023421755402257
248.5,925.182909327,FOLLOW,14.921224673902787,7.874702246552843,1.9658613181499847,0.022848145618743335,0.022910024974412895,-0.04342897459179448,-0.08896994377419218,-0.8277182606462666,0.5859803336030985,inf,green,False,unknown,0,-1.8956319183544414,0.03817838399993434,0.09762742599991725,0.0071726939999052775,0.0,0.05000000000001137,0.08099999999998886,0.0020000000000095497,11.673366000081842,0.48023421755402257
248.7,925.433539292,FOLLOW,14.92589088987348,7.874807907181103,1.9611963128898315,0.02290502410538788,0.022888402549767844,-0.042814388877371615,-0.09227786874725064,-0.7976230311901717,0.571076625849038,inf,green,False,unknown,0,-1.870571298467742,0.026956058999985544,0.011860264999995707,0.028457021999997778,0.0,0.015999999999991132,-0.019000000000005457,-0.0020000000000095497,13.241990999972586,0.48023421755402257
248.8,925.533488904,FOLLOW,14.92822543371845,7.874845604537444,1.95886207503609,0.02285125350617797,0.022888402549767844,-0.042814388877371615,-0.09227786874725064,-0.7976230311901717,0.571076625849038,inf,green,False,unknown,0,-1.870571298467742,0.022243802000048163,0.006336755999996058,0.020526124000070922,0.0,0.016000000000019554,-0.018999999999977035,-0.003999999999990678,0.626393999937136,0.48023421755402257
249.0,925.733833291,FOLLOW,14.932263320561823,7.8748869952449505,1.9548244096913654,0.01665982117514366,0.02070926389801233,-0.006568044792048635,-0.09155494153243574,0.37634891459133346,0.33495030310848667,inf,green,False,unknown,0,-0.31715491310529076,0.0006919080000216127,0.09962060299994846,0.0035134659999584983,0.0,0.016999999999995907,0.08099999999998886,-0.008000000000009777,0.44037400004981464,0.48023421755402257
249.2,925.98300234,FOLLOW,14.936751981847365,7.874910381639696,1.9503358122828236,0.016375731258950227,0.02996571001538807,-0.019965716997615256,-0.09805255694529187,0.19099497386318198,0.36894966681949926,inf,green,False,unknown,0,-0.6662854638639435,0.01385727299998507,0.031744412999955784,0.0040359629999784374,0.0,-0.01700000000002433,-0.019000000000005457,-0.04600000000002069,14.60639800006902,0.48023421755402257
249.3,926.08311833,FOLLOW,14.938492077077512,7.874912282158142,1.9485957182542775,0.03568549050854323,0.016955806809805445,-0.033802446413355704,-0.10548178336085132,-0.8607802226458744,0.44536553926681133,inf,green,False,unknown,0,-1.9935616625336838,0.005697368000028291,0.025248247000035917,0.030482471000027545,0.0,-0.018000000000000682,-0.018999999999977035,-0.013999999999981583,11.180749000004653,0.48023421755402257
249.4,926.233484865,LANE_GRACE,14.94247478832782,7.874906736952949,1.9446130146210805,0.0169295376869934,0.036,-0.07176821985121261,-0.09463695618677581,0.8882008890739193,0.1896118268091366,inf,green,False,unknown,0,-1.9935616625336838,0.04718489900005807,0.06912743200007299,0.0044072190000861156,0.05037135899999612,-0.018000000000000682,-0.01999999999998181,-0.08400000000000318,21.977942999910738,0.48023421755402257
249.6,926.38306306,LANE_GRACE,14.94687616666805,7.874868916003322,1.9402118106947202,0.035921608792533095,0.036,-0.07176821985121261,-0.09698699885004475,0.8935305616817508,0.20476307668324553,inf,green,False,unknown,0,-1.9935616625336838,0.025796229000093263,0.014305917999990925,0.007889102000035564,0.0,0.016999999999995907,-0.019000000000005457,-0.020000000000010232,15.498132999937297,0.48023421755402257
249.8,926.583238775,LANE_GRACE,14.95298275254986,7.874753679809572,1.9341063475644735,0.03592064150657246,0.036,-0.07176821985121261,-0.09943062798904467,0.8416254145298376,0.23956934941657418,inf,green,False,unknown,0,-1.9935616625336838,0.022361656000043695,0.08392361599999276,0.02550852299998496,0.0,0.01700000000002433,0.08100000000001728,0.010000000000019327,0.44401599996035657,0.48023421755402257
249.8,926.633420975,FOLLOW,14.955425343169296,7.874687019173321,1.9316646685002974,0.035920282995566835,0.01121526548717883,-0.023099937055427056,-0.12032403131417482,-0.8839642553680002,0.2999999999999999,inf,green,False,unknown,0,-2.059687047251325,0.0007780070000080741,0.04419381900004282,0.004225131999987752,0.05018219999999474,-0.04999999999998295,-0.018999999999977035,-0.057999999999992724,13.44474799998352,0.48023421755402257
250.0,926.782957729,FOLLOW,14.95802236998899,7.874603401271936,1.9290689904557916,0.01120145521075985,0.011325367345952849,-0.02324249585973254,-0.12203478736265955,-0.8714819360933028,0.2999999999999998,inf,green,False,unknown,0,-2.0522509469009242,0.01363387200001398,0.09220925400006763,0.012456649999990077,0.0,0.015999999999991132,0.08099999999998886,0.006000000000000227,12.532495999948878,0.48023421755402257
250.2,927.033340642,FOLLOW,14.960704415600834,7.874503091898576,1.926388824522386,0.01125005394968642,0.011517552575905941,-0.023407856937853556,-0.1221957650881588,-0.8502656189409521,0.2999999999999996,inf,green,False,unknown,0,-2.032363801561579,0.01799039599995922,0.023790097999949467,0.014586860999997953,0.0,-0.01700000000002433,-0.019000000000005457,-0.03200000000001069,14.299043000050915,0.48023421755402257
250.3,927.133052567,FOLLOW,14.961868784938469,7.8744550204149135,1.925225448169612,0.011502803014183632,0.011517552575905941,-0.023407856937853556,-0.1221957650881588,-0.8502656189409521,0.2999999999999996,inf,green,False,unknown,0,-2.032363801561579,0.0183401799999956,0.026175803000000997,0.010940980000100353,0.0,-0.016999999999995907,-0.018999999999977035,-0.033999999999991815,0.4529319999164727,0.48023421755402257
250.5,927.333116562,FOLLOW,14.96426812803955,7.874347452562293,1.9228285197146509,0.012026789129287264,0.011967304829309461,-0.02375797688346303,-0.12191199758511512,-0.8032784495246211,0.2999999999999998,inf,green,False,unknown,0,-1.9852403880677212,0.05466595799998686,0.027052003999983754,0.006968066000013096,0.0,0.016999999999995907,-0.019000000000005457,-0.038000000000010914,12.257504999979574,0.48023421755402257
250.7,927.53296288,FOLLOW,14.96632548292399,7.874246261926223,1.9207736561836684,0.01265247868599341,0.01266892774887168,-0.02426238316723677,-0.12125442672928952,-0.7366392077879276,0.2999999999999998,inf,green,False,unknown,0,-1.9151094432121636,0.007135098000048856,0.01815568200004236,0.030130064999980277,0.0,-0.018000000000000682,-0.019000000000005457,-0.008000000000009777,0.4642599999442609,0.48023421755402257
250.8,927.632736482,FOLLOW,14.967616024360781,7.874178654222667,1.919484887133322,0.012652287439031148,0.013007822933747411,-0.024489194736397976,-0.1208096815007467,-0.7070261390659565,0.29999999999999977,inf,green,False,unknown,0,-1.8826512984631247,0.008189602000015839,0.016565659000093547,0.024818283000058727,0.0,-0.016999999999995907,-0.018999999999977035,-0.009999999999990905,0.6700229999978546,0.48023421755402257
251.0,927.833035144,FOLLOW,14.970334600419314,7.874026107054279,1.9167705971237325,0.014023460559078783,0.014428816705534673,-0.02537513542905836,-0.11883425192319563,-0.5980028365372734,0.2999999999999999,inf,green,False,unknown,0,-1.7586428566470629,0.03256453500000589,0.011123788999952922,0.016171428000006927,0.0,0.016999999999995907,-0.019000000000005457,-0.014000000000010004,25.65090800010239,0.48023421755402257
251.2,928.033016868,FOLLOW,14.973247471448639,7.873848076258451,1.913863174746526,0.01441003157098587,0.0274290593523816,-0.013513747147934142,-0.10180082279598177,0.32946118939084745,0.41684238039709226,inf,green,False,unknown,0,-0.4926799338731525,0.030344395000042823,0.004524235999951998,0.007807683999999426,0.0,0.015999999999991132,-0.019000000000005457,-0.018000000000000682,1.5660550000120566,0.48023421755402257
251.3,928.133748197,FOLLOW,14.975182040671234,7.873723927664374,1.9119325932394393,0.027426021162003156,0.01912053507872997,-0.0009182525756898012,-0.10174557012685898,0.5734759493167688,0.3877787716085675,inf,green,False,unknown,0,-0.0480244183496351,0.02498182600004384,0.0011065390000339903,0.03207752400010122,0.0,0.016000000000019554,-0.018999999999977035,0.014000000000010004,17.10863099992821,0.48023421755402257
251.4,928.282998532,LANE_GRACE,14.979099325414573,7.87346754201973,1.9080237079506945,0.019131965570647422,0.036,-0.0017288790605868634,0.0,0.0,0.0,inf,green,False,unknown,0,-0.0480244183496351,0.001251483999908487,0.045069011000009596,0.004914160999987871,0.04977306199998566,-0.04999999999998295,-0.019000000000005457,-0.055999999999983174,12.352236000083394,0.48023421755402257
251.6,928.432956712,LANE_GRACE,14.983485428167695,7.873177882664418,1.9036471802600456,0.03601038420961648,0.036,-0.0017288790605868634,0.0,0.0,0.0,inf,green,False,unknown,0,-0.0480244183496351,0.017316221999976733,0.08854097999994792,0.01649093499997889,0.0,0.015999999999991132,0.08099999999998886,0.007999999999981355,14.004750000026434,0.48023421755402257
251.7,928.583126473,FOLLOW,14.98838283979236,7.8728529744772215,1.8987605582029174,0.036010364057012266,0.009170551246786385,0.01870779833493765,-0.058448517504342545,1.1702436650191728,0.29999999999999843,inf,green,False,unknown,0,2.0399862376313944,0.027074932000004992,0.036520021999990604,0.026576707999993232,0.05034367199993994,-0.018000000000000682,-0.019000000000005457,-0.02800000000002001,12.517267000021093,0.48023421755402257
251.8,928.632777382,FOLLOW,14.990831543975967,7.872689982462861,1.8963172846255163,0.0360103474804327,0.009170551246786385,0.01870779833493765,-0.058448517504342545,1.1702436650191728,0.29999999999999843,inf,green,False,unknown,0,2.0399862376313944,0.012922654000021794,0.08617093099996964,0.008146154999963073,0.0,0.01700000000002433,0.08100000000001728,0.004000000000019099,0.43844900005751697,0.48023421755402257
251.8,928.683206251,LANE_GRACE,14.991269097197648,7.872660908981642,1.8958806983745953,0.011852402407093532,0.036,0.0734395045547302,-0.03133812016937283,-0.2427442062667715,0.0,inf,green,False,unknown,0,2.0399862376313944,0.02752832600003785,0.03387467899995045,0.02542277700001705,0.05042886900002941,-0.016999999999995907,-0.018999999999977035,-0.030000000000001137,12.950656000043637,0.48023421755402257
251.9,928.783316901,FOLLOW,14.99316348049483,7.872539067381049,1.8939902381638722,0.03834247781113419,0.009555677733765356,0.017223061131854803,-0.06957424799508583,1.106957476089534,0.29999999999999927,inf,green,False,unknown,0,1.8023903287358103,0.023839790000010908,0.03291599900001074,0.018122721000054298,0.05030040500002997,-0.018000000000000682,-0.019000000000005457,-0.031999999999982265,15.209041999924011,0.48023421755402257
252.0,928.932834657,LANE_GRACE,14.995483705160662,7.872398815817052,1.89167425750058,0.009593234932521113,0.036,0.06488605183448917,0.0,0.0,0.0,inf,green,False,unknown,0,1.8023903287358103,0.03579384299996491,0.07854096299990942,0.027067556999895714,0.05000407499994708,-0.05099999999998772,-0.019000000000005457,-0.06800000000001205,12.203675000023395,0.48023421755402257
252.2,929.083349184,LANE_GRACE,14.999859136067668,7.872159480329107,1.887305387146318,0.03610346763481123,0.036,0.06488605183448917,0.0,0.0,0.0,inf,green,False,unknown,0,1.8023903287358103,0.017183801999976822,0.023872021999977733,0.009975918999998612,0.0,-0.018000000000000682,-0.019000000000005457,-0.038000000000010914,0.471444000027077,0.48023421755402257
252.3,929.183408061,LANE_GRACE,15.003541739795931,7.871984176785864,1.8836269641179557,0.03610442894073925,0.036,0.06488605183448917,0.0,0.0,0.0,inf,green,False,unknown,0,1.8023903287358103,0.01674350799999047,0.02689166599998316,0.0041099669999766775,0.0,-0.018999999999977035,-0.018999999999977035,-0.03999999999999204,12.090681000017867,0.48023421755402257
252.4,929.333078475,FOLLOW,15.008452024936092,7.871787849437692,1.8787206200099298,0.0361056467586047,0.02522547352784083,0.009287759674646203,0.06341865945654274,-0.17085152372291518,0.2999999999999999,inf,green,False,unknown,0,0.3681897057113912,0.02918172499994398,0.0751098580000189,0.015096142999937001,0.05019473599998037,-0.05099999999998772,-0.019000000000005457,-0.0759999999999934,12.839256999995996,0.48023421755402257
252.6,929.482949554,FOLLOW,15.012345978129767,7.8716574641591786,1.8748288514146698,0.02525599129437711,0.020879211396198777,-0.0019332048390954745,0.035331044737247866,-0.2896812205570959,0.29999999999999993,inf,green,False,unknown,0,-0.09258993562598966,0.009207720000063091,0.016461919999983365,0.025125329000047714,0.0,-0.016999999999995907,-0.019000000000005457,-0.012000000000000455,10.957410999935746,0.48023421755402257
252.7,929.583269656,LANE_GRACE,15.014779577073218,7.871579252420314,1.8723965096338437,0.0208949062167697,0.036,-0.0033332376825356276,0.0,0.0,0.0,inf,green,False,unknown,0,-0.09258993562598966,0.0030638289999842527,0.009055288000013206,0.01759233600000698,0.0,-0.01700000000002433,-0.020000000000010232,-0.014000000000010004,11.131667000086054,0.48023421755402257
252.8,929.683187109,LANE_GRACE,15.018135054704128,7.871472266562032,1.869042738008297,0.03601364288928126,0.036,-0.0033332376825356276,0.0,0.0,0.0,inf,green,False,unknown,0,-0.09258993562598966,0.03444074099991212,0.0066434519999347685,0.012078054999960841,0.0,0.01700000000002433,-0.018999999999977035,-0.015999999999991132,0.994682000055036,0.48023421755402257
253.0,929.883328819,LANE_GRACE,15.024257295336513,7.871275494993276,1.862923660423007,0.03601311692997686,0.036,-0.0033332376825356276,0.0,0.0,0.0,inf,green,False,unknown,0,-0.09258993562598966,0.024311671999953433,0.001085814000020946,0.03242706699995779,0.0,0.014999999999986358,-0.019000000000005457,0.014000000000010004,12.978413000041655,0.48023421755402257
253.1,930.032973053,FOLLOW,15.030379520738977,7.871075530325883,1.8568047015906095,0.03601306527984901,0.015852218053390685,0.01899992877219161,0.0481714661938545,0.5083902297773361,0.2999999999999997,inf,green,False,unknown,0,1.1985659488280662,0.04095315099993968,0.05077779999999166,0.01412243300001137,0.04998504499997125,-0.018000000000000682,-0.019000000000005457,-0.056000000000011596,11.84758600004443,0.48023421755402257
253.2,930.133150583,LANE_GRACE,15.032935854195399,7.870992162934947,1.854249728147117,0.01589652328170759,0.036,0.04314837415781038,0.0,0.0,0.0,inf,green,False,unknown,0,1.1985659488280662,0.013851965999947424,0.05256509899993489,0.012913896999975805,0.05024348999995709,-0.05000000000001137,-0.019000000000005457,-0.058000000000021146,11.209785999994892,0.48023421755402257
253.3,930.182799458,LANE_GRACE,15.033476326286214,7.870975318389702,1.8537095186116157,0.01589612965833686,0.036,0.04314837415781038,0.0,0.0,0.0,inf,green,False,unknown,0,1.1985659488280662,0.06350084099995001,0.10221397399993748,0.014865713999938635,0.0,0.05000000000001137,0.08100000000001728,0.008000000000009777,3.9638470000227244,0.48023421755402257
253.5,930.382806229,LANE_GRACE,15.041028007450382,7.870777342690669,1.846160457553497,0.036077962998945966,0.036,0.04314837415781038,0.0,0.0,0.0,inf,green,False,unknown,0,1.1985659488280662,0.08658582300006401,0.10024138400001448,0.022438175000047522,0.0,0.08299999999999841,0.08099999999998886,0.003999999999990678,0.5649419999826932,0.48023421755402257
253.5,930.433018832,FOLLOW,15.042254661512345,7.870751560720136,1.8449340744658251,0.03607815883495467,0.00997075590466247,-0.018544055529289345,0.014630210790627873,-1.0442235009751217,0.2999999999999987,inf,green,False,unknown,0,-1.8598444999157866,0.03766097699997317,0.0489937510000118,0.03588554899999963,0.05021260299997721,-0.018000000000000682,-0.019000000000005457,-0.030000000000001137,12.56940099995063,0.48023421755402257
253.6,930.533287886,LANE_GRACE,15.04530816264477,7.870694861744068,1.8418811008945148,0.01685908237908948,0.036,-0.06695440199696831,0.0,0.0,0.0,inf,green,False,unknown,0,-1.8598444999157866,0.00048107899999649817,0.044684544999995524,0.032782784999994874,0.05037056300000131,-0.05000000000001137,-0.019000000000005457,-0.03200000000001069,11.974725999948532,0.48023421755402257
253.8,930.682772303,FOLLOW,15.049857383753476,7.870599105890738,1.8373328969643536,0.035927058264895895,0.02290628175133667,0.01920879444300552,0.05325791217123075,0.22864851468788483,0.29999999999999993,inf,green,False,unknown,0,0.8385819510791886,0.018336298000008355,0.09144901199999822,0.008528342999966299,0.0,0.01700000000002433,0.08100000000001728,-0.001999999999981128,15.394344000014826,0.48023421755402257
253.9,930.832793149,LANE_GRACE,15.053675468287524,7.8704996053635465,1.8335161096640726,0.022951298775921055,0.036,0.03018895023885079,0.0,0.0,0.0,inf,green,False,unknown,0,0.8385819510791886,0.027077483000084612,0.0332202720001078,0.014092780000055427,0.05024081200008368,-0.016999999999995907,-0.019000000000005457,-0.03799999999998249,14.83275499992942,0.48023421755402257
254.1,931.032687442,LANE_GRACE,15.060798298337147,7.87034438470039,1.8263949819301013,0.03606077090204161,0.036,0.03018895023885079,0.0,0.0,0.0,0.89,green,False,unknown,0,0.8385819510791886,0.017094787000019096,0.025292228000012074,0.0016022639999846433,0.0,-0.018000000000000682,-0.019000000000005457,-0.04200000000000159,0.5712329999596477,0.48023421755402257
254.3,931.232873217,LANE_GRACE,15.066928690142838,7.870244765098904,1.820265405936162,0.03606148521182441,0.036,0.03018895023885079,0.0,0.0,0.0,0.9,green,False,unknown,0,0.8385819510791886,0.004985326999985773,0.013454859000034958,0.02487861300005534,0.0,-0.016999999999995907,-0.018999999999977035,-0.012000000000000455,0.45310799998787843,0.48023421755402257
254.5,931.432916829,LANE_GRACE,15.074285320978275,7.870166392879481,1.8129092036969743,0.036062345679737276,0.036,0.03018895023885079,0.0,0.0,0.0,0.89,green,False,unknown,0,0.8385819510791886,0.01946157099996526,0.004812544999936108,0.008023810999929992,0.0,0.016999999999995907,-0.019000000000005457,-0.015999999999991132,0.4245570000875887,0.48023421755402257
254.7,931.632914215,LANE_GRACE,15.080415980779598,7.870135432023298,1.8067786284453458,0.03606306230619505,0.036,0.03018895023885079,0.0,0.0,0.0,0.9,green,False,unknown,0,0.8385819510791886,0.014711250999994263,0.09762236200003827,0.027860262999979568,0.0,0.016999999999995907,0.08099999999998886,0.013999999999981583,0.4306639999640538,0.48023421755402257
254.8,931.732691122,LANE_GRACE,15.084094435054757,7.8701318593811225,1.8031001771812858,0.03606349077076593,0.036,0.03018895023885079,0.0,0.0,0.0,0.88,green,False,unknown,0,0.8385819510791886,0.003626586999985193,0.09186633299998448,0.02245657699995718,0.0,0.01700000000002433,0.08100000000001728,0.012000000000000455,11.356742999964808,0.48023421755402257
254.9,931.882720179,FOLLOW,15.088999108561838,7.870144615262631,1.7981955234567475,0.03606405911616088,0.027593591370376393,0.03394202119613846,0.15427419895204772,-0.12186030468869609,0.29999999999999977,inf,green,False,unknown,0,1.230068994664375,0.019103780000023107,0.03739264699993328,0.033374003999938395,0.05019836899998609,-0.016999999999995907,-0.019000000000005457,-0.02400000000000091,16.553020000060314,0.48023421755402257
255.0,931.9838321,LANE_GRACE,15.092403308594056,7.870165402812276,1.7947913880712703,0.027663046134398,0.036,0.044282483807917494,0.0,0.0,0.0,inf,green,False,unknown,0,1.230068994664375,0.015907204999962232,0.0382440639999686,0.031195122999974956,0.05106756299994686,-0.018000000000000682,-0.019000000000005457,-0.02600000000001046,34.6928650000109,0.48023421755402257
255.2,932.183287207,LANE_GRACE,15.099179987561156,7.870246530968084,1.788015213590884,0.0360846263258894,0.036,0.044282483807917494,0.0,0.0,0.0,inf,green,False,unknown,0,1.230068994664375,0.0006609630000866673,0.01834668900005454,0.00623610100001315,0.0,-0.018000000000000682,-0.019000000000005457,-0.030000000000001137,0.40964899994833104,0.48023421755402257
255.2,932.233698002,FOLLOW,15.100406868137274,7.870267217170912,1.786788507420252,0.03608482013137065,0.01651607063414373,0.018881304503763092,0.20117767866666283,-0.47187808280686494,0.2999999999999989,inf,green,False,unknown,0,1.1432080258078883,0.051071758000034606,0.06875748400000248,0.018563546999985192,0.05041079499994794,-0.018000000000000682,-0.019000000000005457,-0.06400000000002137,28.56264000001829,0.48023421755402257
255.3,932.282563498,FOLLOW,15.101633755282839,7.87028974149294,1.785561827053216,0.03608501289769736,0.01651607063414373,0.018881304503763092,0.20117767866666283,-0.47187808280686494,0.2999999999999989,inf,green,False,unknown,0,1.1432080258078883,0.09993725399999676,0.0009505879999096578,0.0002415119998886439,0.0,0.08200000000002206,-0.018999999999977035,0.0020000000000095497,0.37510500010284886,0.48023421755402257
255.5,932.482813944,FOLLOW,15.105901314277325,7.870381029872022,1.7812952477866344,0.016055739789686885,0.016007350977402312,0.016522822391174013,0.37194678586851804,-1.0493341236005596,0.4833333333333321,0.88,green,False,unknown,0,1.0322021685224116,0.01219202499999028,0.0834347139999636,0.013252058000034594,0.0,0.015999999999991132,0.08099999999998886,-0.0020000000000095497,0.5498230000284821,0.48023421755402257
255.5,932.532791567,LANE_GRACE,15.106447210627689,7.870394067698944,1.7807495071518922,0.016055811674431437,0.036,0.037159278066806814,0.0,0.0,0.0,0.9,green,False,unknown,0,1.0322021685224116,0.026021701999979996,0.04587085499997556,0.02654802400002154,0.04997762300001796,-0.018000000000000682,-0.019000000000005457,-0.036000000000001364,21.70517900003688,0.48023421755402257
255.6,932.634404566,FOLLOW,15.108972688072361,7.8704583935678585,1.7782248496255286,0.04335728363209574,0.011724361093559057,0.012202525228144842,0.2753221125955332,-0.8282119157785784,0.2999999999999991,inf,green,False,unknown,0,1.0407838116525148,0.01632031399992684,0.0403757129998894,0.022439268999960404,0.05069603599997663,-0.016999999999995907,-0.019000000000005457,-0.038000000000010914,16.015792000075635,0.48023421755402257
255.7,932.782946365,LANE_GRACE,15.112513695991572,7.870558976671029,1.7746852720433866,0.011768015505132115,0.036,0.03746821721949053,0.0,0.0,0.0,0.87,green,False,unknown,0,1.0407838116525148,0.032112806000100136,0.08264483100003872,0.026077127999997174,0.0999817480000047,-0.051000000000016144,-0.019000000000005457,-0.07400000000001228,11.902857999984917,0.48023421755402257
255.8,932.832923888,LANE_GRACE,15.113313915706037,7.870583326779352,1.7738854229104688,0.011767951164634798,0.036,0.03746821721949053,0.0,0.0,0.0,0.89,green,False,unknown,0,1.0407838116525148,0.008775839000009,0.021124722999957157,0.00027541399992969673,0.0,-0.016999999999995907,-0.018999999999977035,-0.04200000000000159,0.4861969999865323,0.48023421755402257
256.0,933.032651257,LANE_GRACE,15.119653201949493,7.87079917215145,1.7675498228583741,0.03607802335914814,0.036,0.03746821721949053,0.0,0.0,0.0,0.88,green,False,unknown,0,1.0407838116525148,0.02871209700003874,0.01363116799996078,0.02091400100005103,0.0,0.016999999999995907,-0.019000000000005457,-0.012000000000000455,12.70546499995362,0.48023421755402257
256.1,933.135619604,LANE_GRACE,15.123333184728239,7.870943443947426,1.763872671198744,0.03607850151986826,0.036,0.03746821721949053,0.0,0.0,0.0,0.85,green,False,unknown,0,1.0407838116525148,0.06480755400002636,0.012139591000050132,0.016787914000019555,0.0,0.05000000000001137,-0.019000000000005457,-0.013999999999953161,13.473134000037135,0.48023421755402257
256.3,933.333382631,LANE_GRACE,15.13069329797376,7.87127405557715,1.756520004508851,0.036079476393736924,0.036,0.03746821721949053,0.0,0.0,0.0,0.89,green,False,unknown,0,1.0407838116525148,0.023775695999916024,0.014000197999962438,0.01652328399995895,0.0,0.016000000000019554,-0.019000000000005457,-0.01799999999997226,0.5591569999978674,0.48023421755402257
256.5,933.532974327,LANE_GRACE,15.138053611055229,7.87166079823281,1.7491698764360057,0.03608045507032442,0.036,0.03746821721949053,0.0,0.0,0.0,0.85,green,False,unknown,0,1.0407838116525148,0.02043114399998558,0.0035494470000685396,0.0013060610000366069,0.0,0.016999999999995907,-0.019000000000005457,-0.02199999999999136,22.017894999976306,0.48023421755402257
256.6,933.632885656,LANE_GRACE,15.140507093044189,7.871802194017553,1.7467204727005323,0.036080779815743126,0.036,0.03746821721949053,0.0,0.0,0.0,0.85,green,False,unknown,0,1.0407838116525148,0.014481315000011818,0.1034607760000199,0.02904332200000681,0.0,0.016000000000019554,0.08100000000001728,0.010000000000047748,0.7041170000547936,0.48023421755402257
256.8,933.832901183,LANE_GRACE,15.147867670791207,7.872263849374473,1.7393744042158972,0.036081744162355045,0.036,0.03746821721949053,0.0,0.0,0.0,0.85,green,False,unknown,0,1.0407838116525148,0.036324999000044045,0.0961077759999398,0.019668400000000474,0.0,0.05000000000001137,0.08100000000001728,0.006000000000028649,0.5187950000618002,0.48023421755402257
257.0,934.083102284,LANE_GRACE,15.156455256526996,7.872873525829535,1.7308085159077518,0.03608283354788747,0.036,0.03746821721949053,0.0,0.0,0.0,0.85,green,False,unknown,0,1.0407838116525148,0.08004286799996407,0.022220770999979322,0.006358089000059408,0.0,0.04899999999997817,-0.019000000000005457,-0.031999999999982265,0.5228730000226278,0.48023421755402257
257.1,934.183173472,LANE_GRACE,15.158908899431728,7.8730617872106485,1.7283621065597092,0.03608313374249514,0.036,0.03746821721949053,0.0,0.0,0.0,0.84,green,False,unknown,0,1.0407838116525148,0.06757622600002833,0.01508786500005499,0.03265060600006109,0.0,0.05000000000001137,-0.019000000000005457,0.0,11.420470999951249,0.48023421755402257
257.3,934.383154313,LANE_GRACE,15.166269947480853,7.873664107796794,1.7210257600743568,0.0360839936405068,0.036,0.03746821721949053,0.0,0.0,0.0,0.85,green,False,unknown,0,1.0407838116525148,0.02144035999992866,0.006729752999945049,0.02194507599995177,0.0,0.016000000000019554,-0.019000000000005457,-0.003999999999962256,0.543333999985407,0.48023421755402257
257.5,934.582692437,LANE_GRACE,15.173631164234243,7.874322760652383,1.7136940870516342,0.036084796424247285,0.036,0.03746821721949053,0.0,0.0,0.0,0.84,green,False,unknown,0,1.0407838116525148,0.023284161999981734,0.006118689000004451,0.016396965000012642,0.0,0.016999999999995907,-0.019000000000005457,-0.007999999999981355,0.48941299996840826,0.48023421755402257
257.6,934.68285886,LANE_GRACE,15.177311838250395,7.874673222026291,1.7100301379250908,0.036085565878550316,0.036,0.03746821721949053,0.0,0.0,0.0,0.8,green,False,unknown,0,1.0407838116525148,0.051321649999977126,0.0007218839999723059,0.01001741499999298,0.0,0.049000000000035016,-0.019000000000005457,-0.009999999999990905,0.3745379999600118,0.48023421755402257
257.8,934.882849859,LANE_GRACE,15.183446594022643,7.8752886300543175,1.7039263376285838,0.03608776633785581,0.036,0.03746821721949053,0.0,0.0,0.0,0.8099999999999999,green,False,unknown,0,1.0407838116525148,0.003370913000026121,0.09620180899992192,0.030940818999965813,0.0,0.016000000000019554,0.08100000000001728,0.020000000000038654,0.5775419999736187,0.48023421755402257
258.0,935.082705323,LANE_GRACE,15.190808370857708,7.8760786509608955,1.6966070913532525,0.036084665961607844,0.036,0.03746821721949053,0.0,0.0,0.0,0.84,green,False,unknown,0,1.0407838116525148,0.0028580480000073294,0.08823362999999063,0.025040721999971538,0.0,0.014999999999986358,0.08100000000001728,0.016000000000019554,11.536685999999463,0.48023421755402257
258.1,935.182876605,LANE_GRACE,15.194489024265234,7.876494759970108,1.692950036817211,0.03608498663628505,0.036,0.03746821721949053,0.0,0.0,0.0,0.8099999999999999,green,False,unknown,0,1.0407838116525148,0.0005172959999981686,0.0881063900000072,0.017881323000096927,0.0,0.016000000000019554,0.08100000000001728,0.014000000000010004,10.213899999939713,0.48023421755402257
258.3,935.432814012,LANE_GRACE,15.20307758658895,7.877520527330229,1.6844229788434006,0.03608823919117144,0.036,0.03746821721949053,0.0,0.0,0.0,0.79,green,False,unknown,0,1.0407838116525148,0.007268941999996059,0.02456722700003411,0.01987341300002754,0.0,-0.016999999999995907,-0.019000000000005457,-0.02400000000000091,0.4714730000614509,0.48023421755402257
258.5,935.632531858,LANE_GRACE,15.210439652448692,7.87846067432074,1.6771212065807555,0.0360888339594015,0.036,0.03746821721949053,0.0,0.0,0.0,0.79,green,False,unknown,0,1.0407838116525148,0.03222211599995717,0.02167310999993788,0.013549108999995951,0.0,0.016000000000019554,-0.019000000000005457,-0.02800000000002001,0.5573549999553506,0.48023421755402257
258.5,935.683127772,FOLLOW,15.211666496898244,7.878622809307406,1.675905122887296,0.03608052123563422,0.012642921139411444,0.015785581609369246,0.0016882407303560054,0.7389772854875492,0.2999999999999997,0.87,green,False,unknown,0,1.2485707563389974,0.019858412000075987,0.07226902399997925,0.025809480000020812,0.050595914000041375,-0.05000000000001137,-0.019000000000005457,-0.06200000000001182,14.295607999997628,0.48023421755402257
258.6,935.732600224,FOLLOW,15.214119676136024,7.878951742922275,1.6734740966626422,0.03607524319358763,0.012642921139411444,0.015785581609369246,0.0016882407303560054,0.7389772854875492,0.2999999999999997,0.87,green,False,unknown,0,1.2485707563389974,0.06933086399999411,0.015275051000003259,0.002208220999932564,0.0,0.05000000000001137,-0.019000000000005457,-0.029999999999972715,0.4850010000154725,0.48023421755402257
258.7,935.83289789,LANE_GRACE,15.215689224980363,7.879165334187008,1.6719191491309002,0.012706935990347334,0.036,0.044948547228203906,0.0,0.0,0.0,0.83,green,False,unknown,0,1.2485707563389974,0.030437751000022217,0.01584167700002581,0.0029358110000430315,0.0,0.016999999999995907,-0.019000000000005457,-0.03200000000003911,12.25284199995258,0.48023421755402257
258.8,935.933080917,LANE_GRACE,15.21753940644738,7.879420898631749,1.6700867033616311,0.04310156971259025,0.036,0.044948547228203906,0.0,0.0,0.0,0.8099999999999999,green,False,unknown,0,1.2485707563389974,0.030250886999965587,0.012374357999988206,0.029813525000008667,0.0,0.016999999999995907,-0.019000000000005457,0.0,11.448234999988927,0.48023421755402257
259.0,936.132824097,LANE_GRACE,15.224912023258335,7.880480113286215,1.6627905969363743,0.03609572687967666,0.036,0.044948547228203906,0.0,0.0,0.0,0.85,green,False,unknown,0,1.2485707563389974,0.019828018999987762,0.004778563000058966,0.01921781099997588,0.0,0.016000000000019554,-0.019000000000005457,-0.004000000000019099,0.4566889999750856,0.48023421755402257
259.1,936.233392942,LANE_GRACE,15.2285938043736,7.881034241603524,1.659150757285413,0.03609615140593406,0.036,0.044948547228203906,0.0,0.0,0.0,0.83,green,False,unknown,0,1.2485707563389974,0.01779252100004669,0.00216841500002829,0.01628971200000251,0.0,0.016000000000019554,-0.019000000000005457,-0.005999999999971806,0.5154849999371436,0.48023421755402257
259.3,936.432579124,LANE_GRACE,15.235957917329085,7.882192812510368,1.6518783779198414,0.03610080012150409,0.036,0.044948547228203906,0.0,0.0,0.0,0.85,green,False,unknown,0,1.2485707563389974,0.014480432000027577,0.10065525300001354,0.00551318700001957,0.0,0.016999999999995907,0.08100000000001728,-0.009999999999990905,10.522915000024113,0.48023421755402257
259.5,936.632580464,LANE_GRACE,15.24209418432581,7.883209227771192,1.6458268908953906,0.03608077688680764,0.036,0.044948547228203906,0.0,0.0,0.0,0.82,green,False,unknown,0,1.2485707563389974,0.03576987699989331,0.08565580999993472,0.023865924999995514,0.0,0.05000000000001137,0.08100000000001728,0.01999999999998181,0.9088450000263038,0.48023421755402257
259.6,936.732494103,LANE_GRACE,15.245774456539639,7.8838412566961225,1.642201298361893,0.036081255336079025,0.036,0.044948547228203906,0.0,0.0,0.0,0.8099999999999999,green,False,unknown,0,1.2485707563389974,0.00056382399998256,0.0842882260000124,0.021645263999971576,0.0,0.016999999999995907,0.08100000000001728,0.018000000000029104,0.5196629999772995,0.48023421755402257
259.8,936.982711857,LANE_GRACE,15.254361837271217,7.885381687348741,1.633753253124891,0.03608156089352225,0.036,0.044948547228203906,0.0,0.0,0.0,0.8099999999999999,green,False,unknown,0,1.2485707563389974,0.03619130800007042,0.02779282599999533,0.026002254999980323,0.0,0.016000000000019554,-0.019000000000005457,-0.01999999999998181,0.8196320000024571,0.48023421755402257
260.0,937.182871821,LANE_GRACE,15.261722491779624,7.886775216505542,1.6265257412181056,0.036081706574713227,0.036,0.044948547228203906,0.0,0.0,0.0,0.8099999999999999,green,False,unknown,0,1.2485707563389974,0.001993230000039148,0.01876341600006981,0.014140591000000313,0.0,-0.016999999999995907,-0.019000000000005457,-0.02400000000000091,9.678054000005432,0.48023421755402257
260.1,937.282664429,LANE_GRACE,15.265402825042896,7.887497291837571,1.6229169411100286,0.03608169591188425,0.036,0.044948547228203906,0.0,0.0,0.0,0.79,green,False,unknown,0,1.2485707563389974,0.030915625999909935,0.012981308999997054,0.007044876000009026,0.0,0.016999999999995907,-0.019000000000005457,-0.025999999999953616,0.6271910000350545,0.48023421755402257
260.2,937.432929888,FOLLOW,15.270309932955222,7.888486295271937,1.6181105383932735,0.036081658569924485,0.01230021868422623,0.017034843002812487,0.011715734113182608,0.7707108930076604,0.29999999999999977,0.85,green,False,unknown,0,1.3849219627824934,0.004883222999978898,0.05558065100001386,0.01074206900000263,0.05003636200001438,-0.05000000000001137,-0.019000000000005457,-0.06200000000001182,13.664740999956848,0.48023421755402257
260.3,937.482872097,FOLLOW,15.271536708983946,7.88873822993595,1.616909910078714,0.03608164464314164,0.01230021868422623,0.017034843002812487,0.011715734113182608,0.7707108930076604,0.29999999999999977,0.87,green,False,unknown,0,1.3849219627824934,0.05482543200002965,0.0012338190000491522,0.017496617000006154,0.0,0.05000000000001137,-0.019000000000005457,0.004000000000019099,0.6742729999587027,0.48023421755402257
260.5,937.683064424,FOLLOW,15.274318372547853,7.889315180877177,1.6141887383316902,0.012224186293318303,0.01924904418306828,0.011040878717033197,0.004646254921730764,0.34808909279071804,0.2999999999999999,0.69,green,False,unknown,0,0.5735806210442856,0.005389248000028601,0.0858684769999627,0.007522537999989254,0.0,0.016000000000019554,0.08100000000001728,0.0,12.926450000009027,0.48023421755402257
260.6,937.782692552,FOLLOW,15.275608932972268,7.889583093294914,1.6129262926587142,0.026364258006583544,0.01924904418306828,0.011040878717033197,0.004646254921730764,0.34808909279071804,0.2999999999999999,0.66,green,False,unknown,0,0.5735806210442856,0.03383601699999872,0.08595808499990198,0.0348972250000088,0.0,0.05000000000001137,0.08100000000001728,0.03200000000003911,0.5519240000921855,0.48023421755402257
260.6,937.83267263,LANE_GRACE,15.276927324027211,7.889858381033777,1.6116369627704252,0.01929126661724271,0.036,0.02064890235759428,0.0,0.0,0.0,0.6799999999999999,green,False,unknown,0,0.5735806210442856,0.011537497000063013,0.035523289000025216,0.015391007000062018,0.049980078000089634,-0.016999999999995907,-0.019000000000005457,-0.036000000000001364,12.710566999999173,0.48023421755402257
260.8,938.032679389,LANE_GRACE,15.283679776237028,7.891284677276162,1.6050368696637776,0.0360534481938209,0.036,0.02064890235759428,0.0,0.0,0.0,0.6799999999999999,green,False,unknown,0,0.5735806210442856,0.012870613000018238,0.030113045000007332,0.007610061000036694,0.0,-0.016999999999995907,-0.019000000000005457,-0.03999999999996362,0.5293020000181059,0.48023421755402257
260.8,938.083225465,FOLLOW,15.284905593473452,7.891546482058025,1.603839336301691,0.03605344953089319,0.011163554509720345,0.01306409424253735,-0.057069511100065196,0.8899117380097541,0.2999999999999995,0.75,green,False,unknown,0,1.1702450354107345,0.027551126000048498,0.08065912100005335,0.025790116000052876,0.050546076000046014,-0.05000000000001137,-0.019000000000005457,-0.07400000000001228,11.638651999987815,0.48023421755402257
261.0,938.232580313,FOLLOW,15.288151125364266,7.892244022255118,1.6006696499859185,0.011207172140593498,0.009920976405915757,-0.020782524459817694,-0.055659918025411426,-1.0514700379101247,0.29999999999999954,0.67,green,False,unknown,0,-2.094806358719423,0.005395351999936793,0.025533064000001104,0.03226719199994932,0.0,-0.01799999999997226,-0.019000000000005457,-0.009999999999990905,0.4567610000094646,0.48023421755402257
261.1,938.332758659,LANE_GRACE,15.289209341733459,7.89247280397833,1.599636460414308,0.009925994614011857,0.036,-0.07541302891389921,0.0,0.0,0.0,0.67,green,False,unknown,0,-2.094806358719423,0.003908938999984457,0.020702270000015233,0.027966863999949965,0.0,-0.016999999999995907,-0.019000000000005457,-0.012000000000000455,10.960440000076233,0.48023421755402257
261.2,938.482775226,FOLLOW,15.293536617491082,7.8933898758240755,1.5954074873619002,0.035940476332863826,0.011635435358229326,-0.020943783644812784,-0.032469311284516744,-0.8375987280798561,0.2999999999999993,0.65,green,False,unknown,0,-1.7999999999999998,0.012909959999888088,0.06757905399990705,0.004381632999979956,0.0501872889999504,-0.05000000000001137,-0.019000000000005457,-0.08199999999999363,20.276467000030607,0.48023421755402257
261.3,938.532698125,FOLLOW,15.294758587500665,7.893642471826547,1.5942119096923808,0.03594016511820476,0.011635435358229326,-0.022107327180635718,-0.032469311284516744,-0.8375987280798561,0.2999999999999993,0.65,green,False,unknown,0,-1.9,0.01002170100002786,0.00944760800007316,0.008781566000038765,0.0,0.016999999999995907,-0.019000000000005457,-0.01599999999996271,7.625503999975081,0.48023421755402257
261.5,938.73251715,FOLLOW,15.296797054683573,7.894059506126084,1.5922165581359722,0.011154500690437793,0.011149146693122603,-0.019842010356754883,-0.03961479047753563,-0.8915786648392292,0.2999999999999992,0.65,green,False,unknown,0,-1.7796886975210855,0.017275728000072377,0.10717906600007154,0.0362301520000301,0.0,0.016000000000019554,0.08100000000001728,0.014000000000010004,0.5143060000136757,0.48023421755402257
261.5,938.783409573,LANE_GRACE,15.297555564543563,7.8942130032297415,1.5914737420145184,0.011154545470282532,0.03497142857142857,-0.06294857142857142,0.0,0.0,0.0,0.64,green,False,unknown,0,-1.7999999999999998,0.03401968200000738,0.050142344999926536,0.007432763999986491,0.05089242299993657,-0.016999999999995907,-0.019000000000005457,-0.053999999999973625,13.366548000021794,0.48023421755402257
261.6,938.832543545,LANE_GRACE,15.297934818602394,7.894289402131643,1.5911022627433218,0.01115451788758357,0.03497142857142857,-0.06294857142857142,0.0,0.0,0.0,0.64,green,False,unknown,0,-1.7999999999999998,0.0120841200000541,0.09927631699997619,0.01904209700001047,0.0,0.016999999999995907,0.08100000000001728,0.012000000000000455,3.0113349999965067,0.48023421755402257
261.8,939.032787221,FOLLOW,15.30506995778647,7.895687261359963,1.5841054345029597,0.034925544149836604,0.0101571170128455,0.02015602410729103,0.0023262924715029554,1.071135106450581,0.3113019045400723,inf,green,False,unknown,0,1.9844237377397658,0.015257704000077865,0.08131368200008637,0.028171816000053695,0.0,0.016999999999995907,0.08100000000001728,0.008000000000038199,13.842716999988625,0.48023421755402257
262.0,939.233706564,FOLLOW,15.308968834202531,7.896419193078813,1.5802758786882465,0.010228267379508516,0.013222262441132514,-0.0013222262441132291,0.12633893091174095,-0.6890723175486002,0.2999999999999999,0.65,green,False,unknown,0,-0.09999999999999831,0.0097302840000566,0.0980662660000462,0.014918253000018922,0.0,0.016999999999995907,0.08100000000001728,0.004000000000019099,4.617693999989569,0.48023421755402257
262.0,939.283294281,LANE_GRACE,15.309415457962675,7.896503623359444,1.5798373079290329,0.013250199862376659,0.036,-0.007199999999999942,0.0,0.0,0.0,0.65,green,False,unknown,0,-0.1999999999999984,0.019604686000093352,0.04281345100002909,0.03140303700001823,0.049587717000008524,-0.01799999999997226,-0.019000000000005457,-0.029999999999972715,17.83108600000105,0.48023421755402257
262.1,939.332480868,LANE_GRACE,15.310316427250608,7.89667393706396,1.5789525826045128,0.013249423984824316,0.036,-0.007199999999999942,0.0,0.0,0.0,0.65,green,False,unknown,0,-0.1999999999999984,0.013427278999984082,0.09200003799992373,0.011814052999966407,0.0,0.05000000000001137,0.08100000000001728,0.0020000000000095497,3.60830200008877,0.48023421755402257
262.3,939.532555789,LANE_GRACE,15.316391878198571,7.897826575588516,1.5729874733886473,0.0360244383345386,0.03497142857142857,-0.006994285714285658,0.0,0.0,0.0,0.64,green,False,unknown,0,-0.1999999999999984,0.03214407999996638,0.08570602800000415,0.032933981999917705,0.0,0.05000000000001137,0.08100000000001728,0.03200000000003911,3.279760000054921,0.48023421755402257
262.5,939.732305991,LANE_GRACE,15.323532050498164,7.8991767054973865,1.5659761107054915,0.034996050757717716,0.03497142857142857,-0.006994285714285658,0.0,0.0,0.0,0.64,green,False,unknown,0,-0.1999999999999984,0.028908213000022442,0.08228638499997487,0.027832906999947227,0.0,0.04899999999997817,0.08100000000001728,0.02800000000002001,3.137890000061816,0.48023421755402257
262.6,939.882791821,LANE_GRACE,15.329411978632818,7.900283560378605,1.5602013013325844,0.03395951844321252,0.03497142857142857,-0.013988571428571378,0.0,0.0,0.0,0.64,green,False,unknown,0,-0.3999999999999986,0.014600025999925492,0.030928454999980204,0.008047426999951313,0.0,-0.016999999999995907,-0.019000000000005457,-0.04199999999997317,3.302682000025925,0.48023421755402257
262.8,940.082218547,FOLLOW,15.335289730107863,7.901380739186201,1.5544268618975396,0.03396722497404328,0.013946583551538317,0.021127669843805527,0.0672102425745926,0.6325109333612869,0.29999999999999977,0.71,green,False,unknown,0,1.5148993132067194,0.03884015900007398,0.02086117099997864,0.029402472000015223,0.0,0.016999999999995907,-0.019000000000005457,-0.012000000000000455,12.78090499999962,0.48023421755402257
263.0,940.282654851,FOLLOW,15.339484029977946,7.902164059398589,1.5503063602068363,0.010635420676194295,0.010562433682671145,0.01858513464383994,0.005426409511508801,0.9633221691725092,0.2999999999999987,inf,green,False,unknown,0,1.7595504220140983,0.029036131999987447,0.011959843999989062,0.01580402399997638,0.0,0.016000000000019554,-0.019000000000005457,-0.016000000000019554,0.6688930000109394,0.48023421755402257
263.0,940.332495343,LANE_GRACE,15.339845633688697,7.902232704820476,1.5499513319689708,0.010635428717666285,0.036,0.06334381519250754,0.0,0.0,0.0,inf,green,False,unknown,0,1.7595504220140983,0.011343829999987065,0.061800336000032985,0.03057033400000364,0.04984049200004392,-0.05099999999998772,-0.019000000000005457,-0.05000000000001137,10.443399999985559,0.48023421755402257
263.1,940.384161715,LANE_GRACE,15.340568850945928,7.902370685612698,1.5492413992626146,0.010635664056744145,0.036,0.06334381519250754,0.0,0.0,0.0,inf,green,False,unknown,0,1.7595504220140983,0.02114649999998619,0.011924600000043029,0.01280378900003143,0.0,0.016999999999995907,-0.019000000000005457,-0.01799999999997226,3.1401769999774842,0.48023421755402257
263.3,940.582556052,LANE_GRACE,15.346845725590061,7.903610828280004,1.5430882866253468,0.03611998896967943,0.036,0.06334381519250754,0.0,0.0,0.0,inf,green,False,unknown,0,1.7595504220140983,0.019095748999916395,0.0022068389999958526,0.03459050200001457,0.0,0.016999999999995907,-0.019000000000005457,0.012000000000000455,14.609334000056151,0.48023421755402257
263.5,940.782403562,LANE_GRACE,15.354214238192025,7.90515298429593,1.535883010249064,0.0361203084220763,0.036,0.06334381519250754,0.0,0.0,0.0,inf,green,False,unknown,0,1.7595504220140983,0.00559250300000258,0.09569487199996729,0.02137477200005833,0.0,0.016000000000019554,0.08100000000001728,0.007999999999981355,0.5330169999524514,0.48023421755402257
263.6,940.882615731,LANE_GRACE,15.357898515120482,7.905958742174737,1.5322879289980798,0.0361204244605493,0.036,0.06334381519250754,0.0,0.0,0.0,inf,green,False,unknown,0,1.7595504220140983,0.006187444000033793,0.09313055600000553,0.01743944999998348,0.0,0.016999999999995907,0.08100000000001728,0.006000000000028649,17.663309999988996,0.48023421755402257
263.8,941.132749381,LANE_GRACE,15.366495197987634,7.907928636341358,1.5239200670544657,0.036120596823318626,0.036,0.06334381519250754,0.0,0.0,0.0,inf,green,False,unknown,0,1.7595504220140983,0.011692949999996927,0.030327852000027633,0.016409762000080264,0.0,-0.01799999999997226,-0.019000000000005457,-0.031999999999982265,9.94477399990501,0.48023421755402257
264.0,941.33277551,LANE_GRACE,15.373864258163684,7.909717104768721,1.516771381883184,0.03612631450020498,0.036,0.06334381519250754,0.0,0.0,0.0,inf,green,False,unknown,0,1.7595504220140983,0.01028619900000649,0.02705693899997641,0.008771999000032338,0.0,-0.016999999999995907,-0.019000000000005457,-0.036000000000001364,0.48441299998103204,0.48023421755402257
264.1,941.432503817,LANE_GRACE,15.377548797494875,7.910645781555363,1.5132058036835079,0.036109591124446005,0.036,0.06334381519250754,0.0,0.0,0.0,0.83,green,False,unknown,0,1.7595504220140983,0.0046128449999969234,0.02395166300004803,0.004136059999950703,0.0,-0.016999999999995907,-0.019000000000005457,-0.03799999999995407,0.5024969999567475,0.48023421755402257
264.3,941.63232789,LANE_GRACE,15.383685554706162,7.91224374771976,1.5072807771301424,0.03609761521278622,0.036,0.06334381519250754,0.0,0.0,0.0,0.9,green,False,unknown,0,1.7595504220140983,0.002926518000094802,0.019031322000046202,0.0313693590001094,0.0,-0.01799999999997226,-0.019000000000005457,-0.007999999999981355,0.5421099999693979,0.48023421755402257
264.5,941.832432233,LANE_GRACE,15.391049392949588,7.914245867535853,1.5001943897769094,0.03609684605560018,0.036,0.06334381519250754,0.0,0.0,0.0,0.9,green,False,unknown,0,1.7595504220140983,0.02879200799998216,0.014832562999913534,0.022239116999912767,0.0,0.016999999999995907,-0.019000000000005457,-0.012000000000000455,15.024583000013081,0.48023421755402257
264.6,941.932415008,LANE_GRACE,15.394731246634091,7.915281469023539,1.4966611853535192,0.03609634480782594,0.036,0.06334381519250754,0.0,0.0,0.0,0.89,green,False,unknown,0,1.7595504220140983,0.02560460899996997,0.00930935100006991,0.014529487000004337,0.0,0.016999999999995907,-0.019000000000005457,-0.013999999999953161,1.0938350000060382,0.48023421755402257
264.8,942.132312307,LANE_GRACE,15.402094781174629,7.917421606391929,1.4896155693052977,0.03609518726039763,0.036,0.06334381519250754,0.0,0.0,0.0,0.88,green,False,unknown,0,1.7595504220140983,0.02008183700002064,0.004908839999984593,0.005939721000004283,0.0,0.016999999999995907,-0.019000000000005457,-0.01799999999997226,14.639210000041203,0.48023421755402257
265.0,942.332513961,LANE_GRACE,15.408230878989682,7.919275128446344,1.4837661423720712,0.03609421986332517,0.036,0.06334381519250754,0.0,0.0,0.0,0.86,green,False,unknown,0,1.7595504220140983,0.017575992000047336,0.10392997400003878,0.033482993999996324,0.0,0.016000000000019554,0.08100000000001728,0.012000000000000455,0.5399010000246562,0.48023421755402257
265.1,942.433120259,LANE_GRACE,15.411912459020584,7.920417757414589,1.480266372716187,0.03609364470567825,0.036,0.06334381519250754,0.0,0.0,0.0,0.87,green,False,unknown,0,1.7595504220140983,0.014625869000042258,0.09944061999999576,0.028071336000039082,0.0,0.016999999999995907,0.08100000000001728,0.010000000000047748,0.5480419999912556,0.48023421755402257
265.3,942.632279635,LANE_GRACE,15.419275444618897,7.922771527855945,1.473289799860636,0.03609251262090044,0.036,0.06334381519250754,0.0,0.0,0.0,0.87,green,False,unknown,0,1.7595504220140983,0.03423824100002548,0.09349369400001706,0.018841527000063252,0.0,0.05000000000001137,0.07999999999998408,0.006000000000028649,0.6454739999526282,0.48023421755402257
265.5,942.832414643,LANE_GRACE,15.426638201544483,7.925216424092325,1.4663448796411722,0.03609140087945526,0.036,0.06334381519250754,0.0,0.0,0.0,0.85,green,False,unknown,0,1.7595504220140983,0.007439363999992565,0.08934675499995137,0.009163953999973273,0.0,0.016999999999995907,0.08100000000001728,0.0020000000000095497,9.655884000039805,0.48023421755402257
265.6,942.982747772,LANE_GRACE,15.431546578174164,7.926896838654894,1.4617331311813253,0.03609059464410843,0.036,0.06334381519250754,0.0,0.0,0.0,0.86,green,False,unknown,0,1.7595504220140983,0.016941696999992928,0.03478631900009077,0.01793314500002907,0.0,-0.01799999999997226,-0.019000000000005457,-0.033999999999991815,11.347808999971676,0.48023421755402257
265.8,943.182285317,LANE_GRACE,15.438908922330025,7.929492952203303,1.4548437518856745,0.03608926465790669,0.036,0.06334381519250754,0.0,0.0,0.0,0.84,green,False,unknown,0,1.7595504220140983,0.009598532000040905,0.026267270000062126,0.006203243000072689,0.0,-0.016999999999995907,-0.019000000000005457,-0.038000000000010914,0.5433540000012727,0.48023421755402257
266.0,943.385664833,LANE_GRACE,15.445050746925267,7.931727747176822,1.4491229703544697,0.03614498375073773,0.036,0.06334381519250754,0.0,0.0,0.0,0.84,green,False,unknown,0,1.7595504220140983,0.032358297999962815,0.011025466999967648,0.02487478699993062,0.0,0.016999999999995907,-0.019000000000005457,-0.007999999999981355,14.837585000009312,0.48023421755402257
266.1,943.482444833,LANE_GRACE,15.448737787171297,7.933099236263902,1.4457005091935433,0.03614565775187126,0.036,0.06334381519250754,0.0,0.0,0.0,0.82,green,False,unknown,0,1.7595504220140983,0.0811194789999945,0.008239269999990029,0.019539685000040663,0.0,0.08300000000002683,-0.019000000000005457,-0.009999999999990905,0.5586979999634423,0.48023421755402257
266.3,943.682449889,LANE_GRACE,15.45611216079961,7.935909312881455,1.4388825841060437,0.03615064455427559,0.036,0.06334381519250754,0.0,0.0,0.0,0.83,green,False,unknown,0,1.7595504220140983,0.0220841840000503,0.006160619000070255,0.011508088000027783,0.0,0.016000000000019554,-0.019000000000005457,-0.014000000000010004,0.526677999914682,0.48023421755402257
266.5,943.882447342,LANE_GRACE,15.462257777085009,7.938319088429216,1.4332291583464065,0.036147955662801975,0.036,0.06334381519250754,0.0,0.0,0.0,0.82,green,False,unknown,0,1.7595504220140983,0.009369277000018883,0.09898627600000509,0.030408169999986967,0.0,0.016999999999995907,0.08100000000001728,0.016000000000019554,0.5506510000259368,0.48023421755402257
266.6,943.982769823,LANE_GRACE,15.465945310178418,7.93979452438875,1.4298496693254246,0.036153843140791946,0.036,0.06334381519250754,0.0,0.0,0.0,0.82,green,False,unknown,0,1.7595504220140983,0.012518327000066165,0.09461417399995753,0.02813230399999611,0.0,0.016999999999995907,0.08100000000001728,0.014000000000010004,9.838587999979609,0.48023421755402257
266.8,944.182627497,LANE_GRACE,15.473320619068476,7.942811569233062,1.423119745882896,0.03615059532082206,0.036,0.06334381519250754,0.0,0.0,0.0,0.8,green,False,unknown,0,1.7595504220140983,0.004630647999988469,0.09154999999998381,0.018723263999959272,0.0,0.016000000000019554,0.08100000000001728,0.009999999999990905,0.6232480000107898,0.48023421755402257
267.0,944.382494479,LANE_GRACE,15.480696309681363,7.945916411351238,1.4164294532142951,0.036157220812789624,0.036,0.06334381519250754,0.0,0.0,0.0,0.8,green,False,unknown,0,1.7595504220140983,0.06462597100005496,0.08524641099995733,0.007319691000020612,0.0,0.08199999999999363,0.08100000000001728,0.005999999999971806,10.160897999980989,0.48023421755402257
267.1,944.532189175,LANE_LOST,15.485613712465476,7.9480348304186395,1.411991772762854,0.036157478228465385,0.0,0.0,0.0,0.0,0.0,0.8,green,False,unknown,0,1.7595504220140983,0.013017128999990746,0.02825713300001098,0.016666380999936337,0.0,-0.01799999999997226,-0.019000000000005457,-0.029999999999972715,12.666363999983332,0.48023421755402257
267.3,944.732639293,LANE_LOST,15.487269041072434,7.948756911578488,1.4105022396313334,3.425555797030272e-05,0.0,0.0,0.0,0.0,0.0,0.79,green,False,unknown,0,1.7595504220140983,0.006102715999986685,0.020143016000019998,0.005125054000018281,0.0,-0.016999999999995907,-0.019000000000005457,-0.033999999999991815,9.804479999957039,0.48023421755402257
267.5,944.93288387,LANE_LOST,15.487274864793358,7.948759468395833,1.4104970071930467,3.425881799205587e-05,0.0,0.0,0.0,0.0,0.0,0.79,green,False,unknown,0,1.7595504220140983,0.031567255999902954,0.012669691999917632,0.027964793999899484,0.0,0.016999999999995907,-0.019000000000005457,-0.004000000000019099,14.099813000029826,0.48023421755402257
267.6,945.032383309,LANE_LOST,15.487278359292796,7.94876100297113,1.4104938676699972,3.426075708407108e-05,0.0,0.0,0.0,0.0,0.0,0.79,green,False,unknown,0,1.7595504220140983,0.06179473200006669,0.008489378000035686,0.021421959999997853,0.0,0.05000000000001137,-0.019000000000005457,-0.005999999999971806,0.5670949999512231,0.48023421755402257
267.8,945.232337123,LANE_LOST,15.487285348395657,7.948764072985845,1.4104875889306068,3.42589737905398e-05,0.0,0.0,0.0,0.0,0.0,0.79,green,False,unknown,0,1.7595504220140983,0.019429745000024923,0.0007608119999531482,0.009500919999936741,0.0,0.016000000000019554,-0.019000000000005457,-0.009999999999990905,14.914487000055487,0.48023421755402257
268.0,945.43240989,LANE_LOST,15.487291172217345,7.948766631966887,1.4104823574379861,3.42563940250885e-05,0.0,0.0,0.0,0.0,0.0,0.79,green,False,unknown,0,1.7595504220140983,0.11309594600004402,0.09233417600000848,0.03106458600007045,0.0,0.11599999999998545,0.08100000000001728,0.01999999999998181,0.5126269999209399,0.48023421755402257
268.1,945.532452324,LANE_LOST,15.487294666289863,7.948768167614581,1.4104792189146236,3.425487534932063e-05,0.0,0.0,0.0,0.0,0.0,0.8,green,False,unknown,0,1.7595504220140983,0.0029470629999650555,0.09222381000006408,0.023947342000042227,0.0,0.016999999999995907,0.08100000000001728,0.018000000000029104,0.4965399999719011,0.48023421755402257
268.3,945.782377663,LANE_LOST,15.487302819368413,7.9487717519254195,1.4104718959776819,3.426004435939601e-05,0.0,0.0,0.0,0.0,0.0,0.79,green,False,unknown,0,1.7595504220140983,0.01160041100001763,0.030179875000044376,0.029212097000026915,0.0,-0.019000000000005457,-0.019000000000005457,-0.01999999999998181,0.5435019999140422,0.48023421755402257
268.5,945.983008115,LANE_LOST,15.487309809076804,7.948774825917055,1.4104656185101452,3.4268115967826045e-05,0.0,0.0,0.0,0.0,0.0,0.79,green,False,unknown,0,1.7595504220140983,0.002187413999990895,0.023872871999969902,0.019246599999974023,0.0,-0.016999999999995907,-0.019000000000005457,-0.02400000000000091,1.6044010000086928,0.48023421755402257
268.6,946.082456872,LANE_LOST,15.487313304927692,7.948776363737326,1.4104624790703457,3.427787559763182e-05,0.0,0.0,0.0,0.0,0.0,0.79,green,False,unknown,0,1.7595504220140983,0.002632301999938136,0.02091845299992201,0.014456960999950752,0.0,-0.01799999999997226,-0.019000000000005457,-0.025999999999953616,9.959917000060159,0.48023421755402257
268.8,946.283164841,LANE_LOST,15.487319133546086,7.948778928305022,1.410457244972061,3.4294183106868644e-05,0.0,0.0,0.0,0.0,0.0,0.8,green,False,unknown,0,1.7595504220140983,0.08915261800007102,0.012240824000059547,0.03438270700007706,0.0,0.08199999999999363,-0.019000000000005457,0.004000000000019099,14.40677899995535,0.48023421755402257
269.0,946.482129593,LANE_LOST,15.487326132459943,7.94878200872226,1.4104509604016895,3.4321957540028034e-05,0.0,0.0,0.0,0.0,0.0,0.79,green,False,unknown,0,1.7595504220140983,0.016557933999933994,0.0011177729999189978,0.018463551999957417,0.0,0.014999999999986358,-0.019000000000005457,0.0,0.515608999990036,0.48023421755402257
269.1,946.582089997,LANE_LOST,15.487329633610223,7.948783550050384,1.4104478167794336,3.432804746294541e-05,0.0,0.0,0.0,0.0,0.0,0.79,green,False,unknown,0,1.7595504220140983,0.01580315600006088,0.0006760410000197226,0.018629863000001023,0.0,0.016999999999995907,-0.019000000000005457,-0.0019999999999527063,13.83999400002267,0.48023421755402257
269.3,946.782474614,LANE_LOST,15.487335470057488,7.948786120006,1.4104425766034114,3.4335280152167404e-05,0.0,0.0,0.0,0.0,0.0,0.79,green,False,unknown,0,1.7595504220140983,0.0014823149999756424,0.08823645500001476,0.036201467999944725,0.0,0.016999999999995907,0.08100000000001728,0.02800000000002001,0.4967690000512448,0.48023421755402257
269.5,947.031999945,LANE_LOST,15.487344810520218,7.9487902342894134,1.4104341910851954,3.43439261422539e-05,0.0,0.0,0.0,0.0,0.0,0.78,green,False,unknown,0,1.7595504220140983,0.004309708000050705,0.024471091999998862,0.0010753400000567126,0.0,-0.01799999999997226,-0.019000000000005457,-0.04399999999998272,0.4496889999927589,0.48023421755402257
269.6,947.132001393,LANE_LOST,15.487348313832028,7.948791777868494,1.4104310461595608,3.434947947610039e-05,0.0,0.0,0.0,0.0,0.0,0.79,green,False,unknown,0,1.7595504220140983,0.01110250499993981,0.02712994900002741,0.0011272960000496823,0.0,-0.016999999999995907,-0.019000000000005457,-0.04599999999999227,0.4576750000069296,0.48023421755402257
269.8,947.33242364,LANE_LOST,15.487354154419045,7.9487943517931745,1.4104258033198345,3.436495374481515e-05,0.0,0.0,0.0,0.0,0.0,0.79,green,False,unknown,0,1.7595504220140983,0.0032696980000537224,0.02157882200003769,0.02462533000004896,0.0,-0.01799999999997226,-0.019000000000005457,-0.01599999999996271,9.392844999979388,0.48023421755402257
270.0,947.532270093,LANE_LOST,15.487361167210675,7.948797443167593,1.4104195086672973,3.4387755983998134e-05,0.0,0.0,0.0,0.0,0.0,0.8,green,False,unknown,0,1.7595504220140983,0.03474148899999818,0.017185305999987577,0.016191295999988142,0.0,0.016999999999995907,-0.019000000000005457,-0.01999999999998181,1.0086810000302648,0.48023421755402257
270.1,947.632314438,LANE_LOST,15.487364675345338,7.9487989899708795,1.4104163599519404,3.4399090226181365e-05,0.0,0.0,0.0,0.0,0.0,0.8,green,False,unknown,0,1.7595504220140983,0.0231050630000027,0.010021584000014627,0.007432096000002275,0.0,0.016999999999995907,-0.019000000000005457,-0.02199999999999136,0.5804429999898275,0.48023421755402257
270.3,947.832008931,LANE_LOST,15.487370524468558,7.948801569472925,1.4104111103413277,3.4412601975663634e-05,0.0,0.0,0.0,0.0,0.0,0.79,green,False,unknown,0,1.7595504220140983,0.025020277000066926,0.00548496300007173,0.03535378800006583,0.0,0.016999999999995907,-0.019000000000005457,0.008000000000038199,11.54979699992964,0.48023421755402257
270.5,948.032139229,LANE_LOST,15.487377546053029,7.948804666874448,1.4104048088532295,3.442637095630038e-05,0.0,0.0,0.0,0.0,0.0,0.79,green,False,unknown,0,1.7595504220140983,0.017668449999973745,0.002024632000029669,0.02416032400003587,0.0,0.016999999999995907,-0.019000000000005457,0.004000000000019099,12.869098000010126,0.48023421755402257
270.6,948.132115977,LANE_LOST,15.487381057894856,7.948806216376574,1.410401657333569,3.4433199505036346e-05,0.0,0.0,0.0,0.0,0.0,0.79,green,False,unknown,0,1.7595504220140983,0.01668760999996266,0.10200138000004699,0.019061465000049793,0.0,0.016999999999995907,0.08100000000001728,0.0020000000000095497,0.49486599993997515,0.48023421755402257
270.8,948.332396321,LANE_LOST,15.487388083658722,7.948809316967438,1.4103953527563335,3.4446936939905335e-05,0.0,0.0,0.0,0.0,0.0,0.79,green,False,unknown,0,1.7595504220140983,0.03791853000006995,0.09665282200001002,0.013509855000052085,0.0,0.049000000000035016,0.08100000000001728,-0.0020000000000095497,0.4328410000198346,0.48023421755402257
271.0,948.532271085,LANE_LOST,15.48739394093793,7.9488119025595445,1.410390097051513,3.446443286288124e-05,0.0,0.0,0.0,0.0,0.0,0.8,green,False,unknown,0,1.7595504220140983,0.0018183040000394612,0.0890376910000441,0.03312662700000146,0.0,0.016000000000019554,0.08100000000001728,0.02800000000002001,10.410686999989593,0.48023421755402257
271.1,948.632353421,LANE_LOST,15.48739745709967,7.9488134549975396,1.4103869421617141,3.4479753962064934e-05,0.0,0.0,0.0,0.0,0.0,0.79,green,False,unknown,0,1.7595504220140983,0.0030638659999340234,0.08590690599999107,0.03144041799998831,0.0,0.016000000000019554,0.08100000000001728,0.02600000000001046,9.782991000065522,0.48023421755402257
271.3,948.832392123,LANE_LOST,15.487404494037818,7.948816562557372,1.4103806285597054,3.450912667580223e-05,0.0,0.0,0.0,0.0,0.0,0.8,green,False,unknown,0,1.7595504220140983,0.030733062999956928,0.0839998359999754,0.023474419999956808,0.0,0.05000000000001137,0.08100000000001728,0.02199999999999136,0.731470999994599,0.48023421755402257
271.5,949.082078859,LANE_LOST,15.487412710996582,7.94882019229675,1.410373256761875,3.453862591906866e-05,0.0,0.0,0.0,0.0,0.0,0.78,green,False,unknown,0,1.7595504220140983,0.00824485900000127,0.02871474100004434,0.03339357000004384,0.0,-0.01799999999997226,-0.019000000000005457,-0.016000000000019554,10.403021999991324,0.48023421755402257
271.6,949.182436708,LANE_LOST,15.48741623443429,7.9488217490807305,1.4103700959017187,3.4549249172171e-05,0.0,0.0,0.0,0.0,0.0,0.79,green,False,unknown,0,1.7595504220140983,0.007790451000005305,0.02614001899996765,0.02696338900000228,0.0,-0.016999999999995907,-0.019000000000005457,-0.01799999999997226,12.593030000061844,0.48023421755402257
271.8,949.382140321,LANE_LOST,15.487423285860674,7.948824865279009,1.4103637704039322,3.458183556281711e-05,0.0,0.0,0.0,0.0,0.0,0.79,green,False,unknown,0,1.7595504220140983,0.0024809819999518368,0.01703740299990386,0.014520528999923954,0.0,-0.016999999999995907,-0.019000000000005457,-0.02199999999999136,0.4756069999984902,0.48023421755402257
272.0,949.58221059,LANE_LOST,15.487430343871557,7.948827985201703,1.4103574394008553,3.461635788337768e-05,0.0,0.0,0.0,0.0,0.0,0.79,green,False,unknown,0,1.7595504220140983,0.024247943000091254,0.009566874000029202,0.002625615000056314,0.0,0.016999999999995907,-0.019000000000005457,-0.02600000000001046,0.8096269999668948,0.48023421755402257
272.1,949.682179626,LANE_LOST,15.487432698224085,7.948829026098171,1.4103553276455743,3.462911078849484e-05,0.0,0.0,0.0,0.0,0.0,0.79,green,False,unknown,0,1.7595504220140983,0.023061613999971087,0.0054772239999465455,0.02973678099999688,0.0,0.016999999999995907,-0.01999999999998181,0.006000000000028649,11.422699000036118,0.48023421755402257
272.3,949.88232887,LANE_LOST,15.487439766465812,7.948832151608552,1.410348987990545,3.466712195305494e-05,0.0,0.0,0.0,0.0,0.0,0.8,green,False,unknown,0,1.7595504220140983,0.014105256999982885,0.08498144200007118,0.018024422000053164,0.0,0.016000000000019554,0.08100000000001728,0.0020000000000095497,0.616279999917424,0.48023421755402257
272.5,950.084277363,LANE_LOST,15.487445662559223,7.948834759404726,1.410343699955317,3.4697953514763684e-05,0.0,0.0,0.0,0.0,0.0,0.8,green,False,unknown,0,1.7595504220140983,0.033593455999948674,0.09201778699991792,0.03738182799997958,0.0,0.05000000000001137,0.08100000000001728,0.031999999999982265,2.7570010000772527,0.48023421755402257
272.6,950.232711148,LANE_LOST,15.487450382854288,7.948836847540822,1.4103394666500904,3.4717735482857525e-05,0.0,0.0,0.0,0.0,0.0,0.79,green,False,unknown,0,1.7595504220140983,0.024462831000050755,0.015203991000021233,0.023670193000043582,0.0,0.016000000000019554,-0.019000000000005457,-0.003999999999962256,0.9945509999624846,0.48023421755402257
272.8,950.432325478,LANE_LOST,15.487457467754197,7.948839982351573,1.410333113007968,3.4742599950112993e-05,0.0,0.0,0.0,0.0,0.0,0.79,green,False,unknown,0,1.7595504220140983,0.020866804000092998,0.005426585000009254,0.015362570000093001,0.0,0.016999999999995907,-0.019000000000005457,-0.007999999999981355,0.5771740000000136,0.48023421755402257
273.0,950.632394777,LANE_LOST,15.487464557980964,7.948843120269474,1.4103267549589908,3.476925432388763e-05,0.0,0.0,0.0,0.0,0.0,0.78,green,False,unknown,0,1.7595504220140983,0.011233612999944853,0.10206082999991395,0.006538377999959266,0.0,0.016000000000019554,0.08100000000001728,-0.012000000000000455,0.538682000069457,0.48023421755402257
273.1,950.731901186,LANE_LOST,15.487468105330148,7.9488446904951875,1.4103235740664364,3.4786579416456365e-05,0.0,0.0,0.0,0.0,0.0,0.8,green,False,unknown,0,1.7595504220140983,0.011027222999928199,0.0984697099999039,0.0014050569999426443,0.0,0.016000000000019554,0.08100000000001728,-0.013999999999953161,10.190689000069142,0.48023421755402257
273.3,950.931965055,LANE_LOST,15.487474021393657,7.948847309632007,1.4103182693581742,3.481342036002806e-05,0.0,0.0,0.0,0.0,0.0,0.79,green,False,unknown,0,1.7595504220140983,0.07438062599999284,0.08886946999996326,0.029099500000029366,0.0,0.08300000000002683,0.08100000000001728,0.016000000000019554,0.5484270000124525,0.48023421755402257
273.5,951.182226054,LANE_LOST,15.487482311328613,7.9488509805592535,1.4103108365044412,3.484969932784283e-05,0.0,0.0,0.0,0.0,0.0,0.79,green,False,unknown,0,1.7595504220140983,0.004743800000028386,0.02608931899999334,0.02332884899999499,0.0,-0.019000000000005457,-0.019000000000005457,-0.02199999999999136,0.5527810000103273,0.48023421755402257
273.6,951.28235007,LANE_LOST,15.487485863844297,7.948852553970109,1.4103076514226585,3.48001598467851e-05,0.0,0.0,0.0,0.0,0.0,0.79,green,False,unknown,0,1.7595504220140983,0.03301458900000398,0.017947551000020212,0.013279187999955866,0.0,0.016999999999995907,-0.019000000000005457,-0.02400000000000091,1.216483000007429,0.48023421755402257
273.8,951.482517243,LANE_LOST,15.487492951146727,7.948855693462766,1.4103012974127782,3.468390500156742e-05,0.0,0.0,0.0,0.0,0.0,0.79,green,False,unknown,0,1.7595504220140983,0.02892799799997192,0.01261245799992139,0.003846983000016735,0.0,0.016999999999995907,-0.019000000000005457,-0.027999999999963165,0.5814840000084587,0.48023421755402257
274.0,951.682459402,LANE_LOST,15.487498838928676,7.9488583021248225,1.4102960190741631,3.4585177785982986e-05,0.0,0.0,0.0,0.0,0.0,0.79,green,False,unknown,0,1.7595504220140983,0.017793528999959562,0.0009419509999588627,0.022452902999930302,0.0,0.016000000000019554,-0.019000000000005457,0.0020000000000095497,14.573939000001701,0.48023421755402257
274.1,951.782175665,LANE_LOST,15.487502364200111,7.948859864271207,1.4102928588150976,3.453870777888099e-05,0.0,0.0,0.0,0.0,0.0,0.79,green,False,unknown,0,1.7595504220140983,0.00976471199999196,0.10065821399996366,0.014118779000000359,0.0,0.016000000000019554,0.08100000000001728,0.0,0.6779220000225905,0.48023421755402257
274.3,951.982173494,LANE_LOST,15.487508228982382,7.948862463493647,1.4102876014665493,3.446067525932364e-05,0.0,0.0,0.0,0.0,0.0,0.79,green,False,unknown,0,1.7595504220140983,0.071614124000007,0.08896129200002179,0.033866865000049984,0.0,0.08300000000002683,0.08100000000001728,0.03000000000002956,14.5147220000581,0.48023421755402257
274.5,952.232247391,LANE_LOST,15.487516422839366,7.948866095715621,1.410280256655065,3.439569997802733e-05,0.0,0.0,0.0,0.0,0.0,0.79,green,False,unknown,0,1.7595504220140983,0.004123870999933388,0.022067749000029835,0.03245737600002485,0.0,-0.01799999999997226,-0.019000000000005457,-0.007999999999981355,9.907768000061878,0.48023421755402257
274.6,952.33220327,LANE_LOST,15.487519929808629,7.948867650578385,1.4102771132118581,3.4369002644242405e-05,0.0,0.0,0.0,0.0,0.0,0.8,green,False,unknown,0,1.7595504220140983,0.03645631200004118,0.015394520000086231,0.025086534000024585,0.0,0.016999999999995907,-0.019000000000005457,-0.009999999999990905,0.7459999999355205,0.48023421755402257
274.8,952.5320012,LANE_LOST,15.487526935404862,7.948870757088484,1.4102708340420458,3.431232104978261e-05,0.0,0.0,0.0,0.0,0.0,0.79,green,False,unknown,0,1.7595504220140983,0.00641011699997307,0.0007388289999425979,0.0056473719999985406,0.0,0.016000000000019554,-0.019000000000005457,-0.014000000000010004,0.42784800007211743,0.48023421755402257
275.0,952.732194128,LANE_LOST,15.487532764343454,7.948873342316032,1.4102656097599295,3.426375710886222e-05,0.0,0.0,0.0,0.0,0.0,0.79,green,False,unknown,0,1.7595504220140983,0.04360107499996957,0.08874758699994345,0.03056580799989206,0.0,0.04899999999997817,0.08100000000001728,0.016000000000019554,0.4858360000525863,0.48023421755402257
275.1,952.831899936,LANE_LOST,15.48753625775183,7.948874891907883,1.410262478838793,3.4234746653033636e-05,0.0,0.0,0.0,0.0,0.0,0.79,green,False,unknown,0,1.7595504220140983,0.03541733800000202,0.09334975900003428,0.02714712600004532,0.0,0.049000000000035016,0.08100000000001728,0.014000000000010004,0.569142000017564,0.48023421755402257
275.3,953.082236768,LANE_LOST,15.487544397566506,7.948878503135586,1.410255183935272,3.416742648601675e-05,0.0,0.0,0.0,0.0,0.0,0.79,green,False,unknown,0,1.7595504220140983,0.015210163000006105,0.03249608700002682,0.028083013000014034,0.0,-0.01799999999997226,-0.019000000000005457,-0.02400000000000091,0.5555559999947945,0.48023421755402257
275.5,953.282004805,LANE_LOST,15.487551361910427,7.948881593526483,1.4102489428159557,3.411079320771887e-05,0.0,0.0,0.0,0.0,0.0,0.8,green,False,unknown,0,1.7595504220140983,0.036108218000094894,0.020401622999997926,0.011046999000086544,0.0,0.014999999999986358,-0.019000000000005457,-0.02800000000002001,14.183900999910293,0.48023421755402257
275.6,953.383374768,LANE_LOST,15.48755483960657,7.948883136961124,1.4102458263788906,3.407964915409003e-05,0.0,0.0,0.0,0.0,0.0,0.79,green,False,unknown,0,1.7595504220140983,0.025296797000009974,0.013840745999914361,0.002150622999920415,0.0,0.016999999999995907,-0.019000000000005457,-0.029999999999972715,14.366590000008728,0.48023421755402257
275.8,953.58555032,LANE_LOST,15.487560628724449,7.9488857065560135,1.4102406387910211,3.4027972013947296e-05,0.0,0.0,0.0,0.0,0.0,0.8,green,False,unknown,0,1.7595504220140983,0.06574730700003784,0.013016847000017151,0.031110823000062737,0.0,0.05000000000001137,-0.019000000000005457,0.0,0.6021659999078111,0.48023421755402257
276.0,953.782164891,LANE_LOST,15.48756756657429,7.948888786570534,1.4102344220980951,3.400169890896692e-05,0.0,0.0,0.0,0.0,0.0,0.79,green,False,unknown,0,1.7595504220140983,0.007367980000026364,0.10876792399994883,0.01175115499995627,0.0,0.016000000000019554,0.08100000000001728,-0.004000000000019099,12.341006000042398,0.48023421755402257
276.1,953.882190014,LANE_LOST,15.48757103457943,7.9488903263860315,1.4102313146831134,3.3998435274826317e-05,0.0,0.0,0.0,0.0,0.0,0.79,green,False,unknown,0,1.7595504220140983,0.002143370999988292,0.08705131800002164,0.0010549710000304913,0.0,0.016999999999995907,0.08100000000001728,-0.005999999999971806,10.609017999968273,0.48023421755402257
276.3,954.132155465,LANE_LOST,15.487577969593218,7.948893406001938,1.4102251009578175,3.3991933403599936e-05,0.0,0.0,0.0,0.0,0.0,0.8,green,False,unknown,0,1.7595504220140983,0.0081654589999971,0.02770253699998193,0.036976398999968296,0.0,-0.016999999999995907,-0.019000000000005457,-0.009999999999990905,11.546125999984724,0.48023421755402257
276.5,954.332115912,LANE_LOST,15.487584903283484,7.948896485592278,1.4102188886970366,3.3985444717699685e-05,0.0,0.0,0.0,0.0,0.0,0.79,green,False,unknown,0,1.7595504220140983,0.03010884899993016,0.0159622239999635,0.02126944699989508,0.0,0.016999999999995907,-0.019000000000005457,-0.014000000000010004,0.748067000017727,0.48023421755402257
276.6,954.432121711,LANE_LOST,15.487588369603609,7.948898025362243,1.4102157831401354,3.3981885538145456e-05,0.0,0.0,0.0,0.0,0.0,0.79,green,False,unknown,0,1.7595504220140983,0.02798818200005826,0.012690727000062907,0.015363730999979452,0.0,0.016999999999995907,-0.019000000000005457,-0.01599999999996271,1.1867050000091695,0.48023421755402257
276.8,954.631904417,LANE_LOST,15.487594145925591,7.948900591559611,1.410210608149634,3.3973883517328995e-05,0.0,0.0,0.0,0.0,0.0,0.8,green,False,unknown,0,1.7595504220140983,0.007348237999963203,0.1046187329999384,0.026929023999969104,0.0,0.016999999999995907,0.08100000000001728,0.014000000000010004,1.3901410000016767,0.48023421755402257
277.0,954.832152498,LANE_LOST,15.487601075419462,7.948903670562411,1.4102044002814802,3.396239792702312e-05,0.0,0.0,0.0,0.0,0.0,0.77,green,False,unknown,0,1.7595504220140983,0.003127091000010296,0.07697235099999489,0.0166120270000647,0.0,0.016999999999995907,0.08100000000001728,0.009999999999990905,10.38641299999199,0.48023421755402257
277.1,954.981892489,LANE_LOST,15.487605693783184,7.948905722950098,1.410200263013268,3.395477639857813e-05,0.0,0.0,0.0,0.0,0.0,0.79,green,False,unknown,0,1.7595504220140983,0.015339869999934308,0.03269669700000577,0.02528708399995594,0.0,-0.01799999999997226,-0.019000000000005457,-0.025999999999953616,0.5595480000692987,0.48023421755402257
277.3,955.181864235,LANE_LOST,15.48761261939009,7.948908801108001,1.4101940590649347,3.3943396860190486e-05,0.0,0.0,0.0,0.0,0.0,0.77,green,False,unknown,0,1.7595504220140983,0.03724163499998667,0.023964911000007305,0.012909938999996484,0.0,0.016999999999995907,-0.019000000000005457,-0.029999999999972715,0.6459029999632548,0.48023421755402257
277.5,955.38234814,LANE_LOST,15.487618388907524,7.948911365825813,1.410188890936264,3.393233771855365e-05,0.0,0.0,0.0,0.0,0.0,0.79,green,False,unknown,0,1.7595504220140983,0.0647737890000144,0.01079939999999624,0.030701479999947878,0.0,0.04899999999997817,-0.019000000000005457,0.0,13.02159900001243,0.48023421755402257
277.6,955.485446679,LANE_LOST,15.48762184958321,7.948912904367002,1.410185791070586,3.392413288414516e-05,0.0,0.0,0.0,0.0,0.0,0.79,green,False,unknown,0,1.7595504220140983,0.02855965699995977,0.012046531999999388,0.02917142100000092,0.0,0.016999999999995907,-0.019000000000005457,-0.0019999999999527063,15.185663000011118,0.48023421755402257
277.8,955.682192265,LANE_LOST,15.487628768538222,7.948915980762495,1.4101795936736135,3.3914954235686915e-05,0.0,0.0,0.0,0.0,0.0,0.8,green,False,unknown,0,1.7595504220140983,0.031043569000075877,0.09536789300000237,0.0010245800000348027,0.0,0.05000000000001137,0.08100000000001728,-0.005999999999971806,0.7986260000052425,0.48023421755402257
278.0,955.93219109,LANE_LOST,15.487635690935154,7.9489190591854895,1.410173393440463,3.395220477530749e-05,0.0,0.0,0.0,0.0,0.0,0.8,green,False,unknown,0,1.7595504220140983,0.004461364999997386,0.021120891999999003,0.029893922999917777,0.0,-0.01799999999997226,-0.019000000000005457,-0.009999999999990905,0.5532280000579703,0.48023421755402257
278.1,956.032062556,LANE_LOST,15.487639155039188,7.948920599872121,1.410170290812308,3.397120697097188e-05,0.0,0.0,0.0,0.0,0.0,0.77,green,False,unknown,0,1.7595504220140983,0.00466869600006703,0.02280454499998541,0.028904427000043142,0.0,-0.01799999999997226,-0.019000000000005457,-0.012000000000000455,0.515406999966217,0.48023421755402257
278.3,956.231763989,LANE_LOST,15.487646089040682,7.948923684181235,1.4101640805454865,3.400894061415217e-05,0.0,0.0,0.0,0.0,0.0,0.79,green,False,unknown,0,1.7595504220140983,0.06586930399998892,0.014075228000024254,0.017073142999947777,0.0,0.05000000000001137,-0.019000000000005457,-0.01599999999996271,11.138985000002322,0.48023421755402257
278.5,956.431801038,LANE_LOST,15.487653032745966,7.948926773276415,1.410157861821018,3.407087133399183e-05,0.0,0.0,0.0,0.0,0.0,0.79,green,False,unknown,0,1.7595504220140983,0.027163084999983766,0.012534475000052225,0.011533571999962078,0.0,0.016000000000019554,-0.019000000000005457,-0.01999999999998181,0.744843999996192,0.48023421755402257
278.6,956.532986854,LANE_LOST,15.487656509709215,7.948928320269824,1.4101547479673227,3.4104532179196074e-05,0.0,0.0,0.0,0.0,0.0,0.8,green,False,unknown,0,1.7595504220140983,0.025141922999978306,0.009141913000007662,0.006533829999966656,0.0,0.016999999999995907,-0.019000000000005457,-0.02199999999999136,0.7149289999688335,0.48023421755402257
278.8,956.731717328,LANE_LOST,15.487662312260483,7.948930902228652,1.4101495515175904,3.4160388412984635e-05,0.0,0.0,0.0,0.0,0.0,0.77,green,False,unknown,0,1.7595504220140983,0.04625458799989701,0.10058225699992818,0.022335135999924205,0.0,0.049000000000035016,0.08100000000001728,0.008000000000038199,10.846837000030973,0.48023421755402257
279.0,956.931821038,LANE_LOST,15.487669287730911,7.948934006503203,1.410143304865113,3.422359235631509e-05,0.0,0.0,0.0,0.0,0.0,0.79,green,False,unknown,0,1.7595504220140983,0.00633358799996131,0.09003238200000396,0.010684743999945567,0.0,0.016000000000019554,0.08100000000001728,0.004000000000019099,10.204411000017899,0.48023421755402257
279.1,957.03159902,LANE_LOST,15.487672777431925,7.948935559675967,1.410140179858309,3.417049441218017e-05,0.0,0.0,0.0,0.0,0.0,0.79,green,False,unknown,0,1.7595504220140983,0.0006799850000334118,0.08702321600003415,0.0016858220000131041,0.0,0.016000000000019554,0.08100000000001728,0.0020000000000095497,0.7235889999037681,0.48023421755402257
279.3,957.232116573,LANE_LOST,15.487678571237154,7.948938138577691,1.4101349916558326,3.399315437310483e-05,0.0,0.0,0.0,0.0,0.0,0.79,green,False,unknown,0,1.7595504220140983,0.02950447199998507,0.08444600099994659,0.035006264000003284,0.0,0.049000000000035016,0.08100000000001728,0.03200000000003911,14.080471000056605,0.48023421755402257
279.5,957.482669808,LANE_LOST,15.487686648992602,7.948941734582467,1.4101277584765404,3.3900894092592115e-05,0.0,0.0,0.0,0.0,0.0,0.79,green,False,unknown,0,1.7595504220140983,0.02759277600000587,0.013907256999914352,0.026793196999960855,0.0,0.016000000000019554,-0.019000000000005457,-0.005999999999971806,17.231385000059163,0.48023421755402257
279.6,957.58533124,LANE_LOST,15.487690105178075,7.948943273356831,1.4101246637404479,3.38677899040922e-05,0.0,0.0,0.0,0.0,0.0,0.79,green,False,unknown,0,1.7595504220140983,0.029700141999910556,0.011842913999998927,0.02341709899997113,0.0,0.016000000000019554,-0.01999999999998181,-0.007999999999981355,14.133780000065599,0.48023421755402257
279.8,957.78211278,LANE_LOST,15.487697007444993,7.948946346710615,1.4101184834665759,3.380188367302267e-05,0.0,0.0,0.0,0.0,0.0,0.79,green,False,unknown,0,1.7595504220140983,0.018721646000017245,0.002738543000077698,0.009453166000071178,0.0,0.016000000000019554,-0.019000000000005457,-0.012000000000000455,0.6368580000071233,0.48023421755402257
280.0,957.982162002,LANE_LOST,15.487702749091628,7.948948903583237,1.4101133425611636,3.374726774694831e-05,0.0,0.0,0.0,0.0,0.0,0.79,green,False,unknown,0,1.7595504220140983,0.03839694399994187,0.09685125500004688,0.03305974399995648,0.0,0.04899999999997817,0.08100000000001728,0.01799999999997226,0.562695999974494,0.48023421755402257
280.1,958.082153379,LANE_LOST,15.487706189627593,7.948950435855628,1.4101102620694763,3.37145227220745e-05,0.0,0.0,0.0,0.0,0.0,0.79,green,False,unknown,0,1.7595504220140983,0.0036755099999936647,0.09515510300002461,0.02529195600004641,0.0,0.016999999999995907,0.08100000000001728,0.016000000000019554,0.5391739999822676,0.48023421755402257
280.3,958.281560229,LANE_LOST,15.487713060689979,7.948953496234167,1.4101041101932212,3.3649220203364965e-05,0.0,0.0,0.0,0.0,0.0,0.8,green,False,unknown,0,1.7595504220140983,0.033202658999925916,0.08661107000000356,0.014006406000021343,0.0,0.049000000000035016,0.08100000000001728,0.012000000000000455,1.0517320000644759,0.48023421755402257
280.5,958.531864588,LANE_LOST,15.487721060149235,7.948957059685555,1.4100969482687162,3.357353390256742e-05,0.0,0.0,0.0,0.0,0.0,0.8,green,False,unknown,0,1.7595504220140983,0.04275606599992443,0.025829014999999345,0.019385980999913954,0.0,0.016999999999995907,-0.019000000000005457,-0.02600000000001046,9.795199999985016,0.48023421755402257
280.6,958.631833265,LANE_LOST,15.487724482987572,7.948958584585404,1.4100938838759978,3.354127313416079e-05,0.0,0.0,0.0,0.0,0.0,0.8,green,False,unknown,0,1.7595504220140983,0.03313520199992581,0.017149048999954175,0.00902004899990061,0.0,0.016999999999995907,-0.019000000000005457,-0.027999999999963165,0.4761200000302779,0.48023421755402257
280.8,958.83166286,LANE_LOST,15.487730180399527,7.948961123030971,1.41008878320966,3.348746427652319e-05,0.0,0.0,0.0,0.0,0.0,0.79,green,False,unknown,0,1.7595504220140983,0.058038348000081896,0.007214591000092696,0.03011570200010283,0.0,0.05000000000001137,-0.019000000000005457,0.0020000000000095497,0.5163419999689722,0.48023421755402257
281.0,959.031893351,LANE_LOST,15.487737005253765,7.948964164136898,1.4100826733561365,3.342325103470258e-05,0.0,0.0,0.0,0.0,0.0,0.79,green,False,unknown,0,1.7595504220140983,0.01870435399996495,0.10278152199998658,0.016407923999963714,0.0,0.016999999999995907,0.08100000000001728,-0.0020000000000095497,17.175531000020783,0.48023421755402257
281.1,959.132104731,LANE_LOST,15.487740412778555,7.948965682640862,1.4100796228855315,3.3391289971721316e-05,0.0,0.0,0.0,0.0,0.0,0.79,green,False,unknown,0,1.7595504220140983,0.015846000000010463,0.08155919900002573,0.007181692000017392,0.0,0.016000000000019554,0.08100000000001728,-0.003999999999962256,11.018659999990632,0.48023421755402257
281.3,959.331666559,LANE_LOST,15.487746084757966,7.948968210457356,1.4100745453374823,3.333823618841533e-05,0.0,0.0,0.0,0.0,0.0,0.79,green,False,unknown,0,1.7595504220140983,0.0028281480000487136,0.08441960700008622,0.029831777000026705,0.0,0.016999999999995907,0.08100000000001728,0.02600000000001046,0.5627709999771469,0.48023421755402257
281.5,959.581854896,LANE_LOST,15.487755141195711,7.948972247122625,1.4100664382789458,3.3252641962187333e-05,0.0,0.0,0.0,0.0,0.0,0.77,green,False,unknown,0,1.7595504220140983,0.010347271999989971,0.028437082999971608,0.001231198000027689,0.0,-0.01799999999997226,-0.019000000000005457,-0.04599999999999227,0.7124129999738216,0.48023421755402257
281.6,959.68201564,LANE_LOST,15.487757401602906,7.948973254734623,1.410064414876181,3.323025933477599e-05,0.0,0.0,0.0,0.0,0.0,0.79,green,False,unknown,0,1.7595504220140983,0.03460891700001412,0.02422450000005938,0.030226837999975942,0.0,0.016999999999995907,-0.019000000000005457,-0.013999999999953161,0.6861260000050606,0.48023421755402257
281.8,959.882277945,LANE_LOST,15.487764173714103,7.948976273735766,1.4100583529357178,3.3163383314689045e-05,0.0,0.0,0.0,0.0,0.0,0.79,green,False,unknown,0,1.7595504220140983,0.0006542180000224107,0.017560944000024392,0.01902824800004055,0.0,-0.016999999999995907,-0.019000000000005457,-0.01799999999997226,9.557933999985835,0.48023421755402257
282.0,960.083758089,LANE_LOST,15.487770932224182,7.948979287007883,1.410052303336588,3.3096912595599183e-05,0.0,0.0,0.0,0.0,0.0,0.79,green,False,unknown,0,1.7595504220140983,0.06676182100000005,0.014200894999930824,0.010903648999942561,0.0,0.04899999999997817,-0.019000000000005457,-0.02199999999999136,3.0711070000961627,0.48023421755402257
282.1,960.181817081,LANE_LOST,15.487773182052665,7.94898029016396,1.4100502895327027,3.307484529248212e-05,0.0,0.0,0.0,0.0,0.0,0.79,green,False,unknown,0,1.7595504220140983,0.0194385309999916,0.004287758999907965,0.03583855699992,0.0,0.016999999999995907,-0.019000000000005457,0.010000000000047748,16.328026999985923,0.48023421755402257
282.4,960.481708406,LANE_LOST,15.487783288687705,7.948984796966737,1.4100412433843228,3.298218360163939e-05,0.0,0.0,0.0,0.0,0.0,0.79,green,False,unknown,0,1.7595504220140983,0.04378085200005444,0.0962044440000227,0.0148138970000673,0.0,0.049999999999954525,0.08099999999996044,0.003999999999962256,10.166250999986914,0.48023421755402257
282.5,960.581977243,LANE_LOST,15.487786651291113,7.948986296595611,1.4100382336974766,3.29515324049761e-05,0.0,0.0,0.0,0.0,0.0,0.79,green,False,unknown,0,1.7595504220140983,0.0055981250000058935,0.0895655980000356,0.007759684000006928,0.0,0.016999999999995907,0.08100000000001728,0.0020000000000095497,12.411307999968813,0.48023421755402257
282.6,960.732042561,LANE_LOST,15.487791129907993,7.948988294057809,1.4100342251872904,3.2910807201862916e-05,0.0,0.0,0.0,0.0,0.0,0.8,green,False,unknown,0,1.7595504220140983,0.01544893199991293,0.02759780700000647,0.011037503000011384,0.0,-0.016999999999995907,-0.019000000000005457,-0.033999999999991815,10.056031000090115,0.48023421755402257
282.8,960.931958119,LANE_LOST,15.487797837468609,7.948991285886046,1.4100282218271316,3.284969037919557e-05,0.0,0.0,0.0,0.0,0.0,0.8,green,False,unknown,0,1.7595504220140983,0.00993894900000214,0.02681733899999017,0.006358019999993303,0.0,-0.016999999999995907,-0.019000000000005457,-0.038000000000010914,0.4735349999691607,0.48023421755402257
283.0,961.134711211,LANE_LOST,15.487803417495396,7.94899377502344,1.4100232277412328,3.279798139596412e-05,0.0,0.0,0.0,0.0,0.0,0.79,green,False,unknown,0,1.7595504220140983,0.025317264000022988,0.004569761999960065,0.023694518999946013,0.0,0.016000000000019554,-0.019000000000005457,-0.007999999999981355,14.239218000057008,0.48023421755402257
283.1,961.231711353,LANE_LOST,15.487806761291539,7.948995266723312,1.4100202351162743,3.276696841420226e-05,0.0,0.0,0.0,0.0,0.0,0.79,green,False,unknown,0,1.7595504220140983,0.08175931100004163,0.10156990400002996,0.008722464000015862,0.0,0.08300000000002683,0.08100000000001728,-0.009999999999990905,0.5824339999662698,0.48023421755402257
283.3,961.431508705,LANE_LOST,15.487812327270802,7.948997749924673,1.4100152537674457,3.271548621470678e-05,0.0,0.0,0.0,0.0,0.0,0.8,green,False,unknown,0,1.7595504220140983,0.0446452200000067,0.09415933100001439,0.03445678200000657,0.0,0.05000000000001137,0.08100000000001728,0.020000000000038654,11.314262999917446,0.48023421755402257
283.5,961.631805309,LANE_LOST,15.487818994926089,7.9490007248933345,1.4100092865915261,3.265404572584622e-05,0.0,0.0,0.0,0.0,0.0,0.79,green,False,unknown,0,1.7595504220140983,0.002583482999966691,0.08876006700006656,0.019300778999991053,0.0,0.016999999999995907,0.08100000000001728,0.016000000000019554,10.897707000026458,0.48023421755402257
283.6,961.78175932,LANE_LOST,15.487823433082635,7.949002705265021,1.4100053147705935,3.26132890892367e-05,0.0,0.0,0.0,0.0,0.0,0.79,green,False,unknown,0,1.7595504220140983,0.014472071000000142,0.031553351999946244,0.03058698400002413,0.0,-0.016999999999995907,-0.019000000000005457,-0.01999999999998181,0.8463640000400119,0.48023421755402257
283.8,961.981616756,LANE_LOST,15.487830079952243,7.949005671431421,1.4099993664319626,3.255245795692235e-05,0.0,0.0,0.0,0.0,0.0,0.79,green,False,unknown,0,1.7595504220140983,0.029056450999974004,0.017577675999973508,0.013113352000004852,0.0,0.016999999999995907,-0.019000000000005457,-0.02400000000000091,15.529063000030874,0.48023421755402257
284.0,962.184731765,LANE_LOST,15.487836714449468,7.949008632352329,1.4099934293029586,3.2491989061088805e-05,0.0,0.0,0.0,0.0,0.0,0.79,green,False,unknown,0,1.7595504220140983,0.02828866200002267,0.012771480000083102,0.004705248000050233,0.0,0.016999999999995907,-0.019000000000005457,-0.02800000000002001,13.154665000001842,0.48023421755402257
284.1,962.284444472,LANE_LOST,15.487838923211866,7.949009618164923,1.4099914527390554,3.247191278643526e-05,0.0,0.0,0.0,0.0,0.0,0.78,green,False,unknown,0,1.7595504220140983,0.030141511000010723,0.011493386999973154,0.034576409000010244,0.0,0.016999999999995907,-0.019000000000005457,0.004000000000019099,2.0431269999789947,0.48023421755402257
284.3,962.482276417,LANE_LOST,15.487845541327038,7.9490125721333635,1.4099855304490525,3.241192291591689e-05,0.0,0.0,0.0,0.0,0.0,0.79,green,False,unknown,0,1.7595504220140983,0.01847433099999307,0.10508600599996498,0.020671837000008964,0.0,0.016999999999995907,0.08100000000001728,0.0,0.5798800000320625,0.48023421755402257
284.5,962.681723792,LANE_LOST,15.487852145602751,7.949015520187139,1.4099796206743838,3.2310322553627e-05,0.0,0.0,0.0,0.0,0.0,0.78,green,False,unknown,0,1.7595504220140983,0.015444021000007524,0.10304988999996567,0.013102797999977156,0.0,0.016000000000019554,0.08100000000001728,-0.004000000000019099,0.7064580000815113,0.48023421755402257
284.6,962.781857303,LANE_LOST,15.487855436841885,7.949016989445634,1.409976675587882,3.222401734088625e-05,0.0,0.0,0.0,0.0,0.0,0.79,green,False,unknown,0,1.7595504220140983,0.027429644999983793,0.09790821800004323,0.0028027299999848765,0.0,0.049000000000035016,0.08100000000001728,-0.005999999999971806,0.7874199999378106,0.48023421755402257
284.8,963.031725074,LANE_LOST,15.48786199267039,7.949019916255443,1.4099708093564043,3.2049593385942634e-05,0.0,0.0,0.0,0.0,0.0,0.8,green,False,unknown,0,1.7595504220140983,0.024394101999973827,0.01116014699994139,0.02167269899996427,0.0,0.016000000000019554,-0.019000000000005457,-0.009999999999990905,16.36446899999555,0.48023421755402257
285.0,963.231811207,LANE_LOST,15.487868512724935,7.949022827342226,1.4099649752596455,3.1873991018913584e-05,0.0,0.0,0.0,0.0,0.0,0.8,green,False,unknown,0,1.7595504220140983,0.035661254999922676,0.10352878200001214,0.0009339490000002115,0.0,0.04899999999997817,0.08100000000001728,-0.014000000000010004,0.5766140000105224,0.48023421755402257
285.1,963.331433954,LANE_LOST,15.487870678182569,7.949023794234228,1.4099630376511656,3.181679999035089e-05,0.0,0.0,0.0,0.0,0.0,0.79,green,False,unknown,0,1.7595504220140983,0.009899055000005319,0.09575672599999052,0.03369671899997684,0.0,0.016000000000019554,0.08100000000001728,0.018000000000029104,0.5497829999967507,0.48023421755402257
285.3,963.53158032,LANE_LOST,15.487877151307996,7.949026684689752,1.409957245706788,3.164720308429214e-05,0.0,0.0,0.0,0.0,0.0,0.79,green,False,unknown,0,1.7595504220140983,0.0015779980000161231,0.08597789299994929,0.018425008999997772,0.0,0.016999999999995907,0.08100000000001728,0.014000000000010004,0.6047980000403186,0.48023421755402257
285.5,963.782106152,LANE_LOST,15.487884660258123,7.949030037970564,1.4099505270878996,3.1443118125453447e-05,0.0,0.0,0.0,0.0,0.0,0.79,green,False,unknown,0,1.7595504220140983,0.005252842999993845,0.026039365999963593,0.021703152999975828,0.0,-0.01799999999997226,-0.019000000000005457,-0.02400000000000091,0.6640530000368017,0.48023421755402257
285.6,963.881470234,LANE_LOST,15.487887861717438,7.949031467745919,1.409947662636089,3.133174243770188e-05,0.0,0.0,0.0,0.0,0.0,0.79,green,False,unknown,0,1.7595504220140983,0.0019617279999692983,0.02165446999993037,0.015525167999953737,0.0,-0.01799999999997226,-0.019000000000005457,-0.025999999999953616,0.5400300000246716,0.48023421755402257
285.8,964.081465128,LANE_LOST,15.487893172293697,7.949033839580382,1.4099429111498496,3.1146869425355525e-05,0.0,0.0,0.0,0.0,0.0,0.8,green,False,unknown,0,1.7595504220140983,0.04511775499997839,0.005454537999980857,0.03290114200001426,0.0,0.05000000000001137,-0.01999999999998181,0.004000000000019099,0.6386160000602104,0.48023421755402257
286.0,964.281839683,LANE_LOST,15.48789950355241,7.949036667478895,1.409937246538046,3.0925201767068927e-05,0.0,0.0,0.0,0.0,0.0,0.79,green,False,unknown,0,1.7595504220140983,0.015012798000043404,0.10222308100003374,0.016200464999997166,0.0,0.016999999999995907,0.08100000000001728,0.0,11.448461999975734,0.48023421755402257
286.1,964.381741367,LANE_LOST,15.487902652221207,7.949038073933659,1.4099344294473148,3.081451929047225e-05,0.0,0.0,0.0,0.0,0.0,0.79,green,False,unknown,0,1.7595504220140983,0.008080140000060965,0.08782723499996337,0.011457146999987344,0.0,0.016999999999995907,0.08100000000001728,-0.0019999999999527063,0.5150910000111253,0.48023421755402257
286.3,964.581718209,LANE_LOST,15.487908915664272,7.949040871861536,1.4099288256701423,3.05930899632083e-05,0.0,0.0,0.0,0.0,0.0,0.8099999999999999,green,False,unknown,0,1.7595504220140983,0.07498268500000904,0.09300827200002004,0.0028701080000246293,0.0,0.08300000000002683,0.08100000000001728,-0.005999999999971806,0.8960970000089219,0.48023421755402257
286.5,964.831553619,LANE_LOST,15.487916166114575,7.9490441109535075,1.4099223389673756,3.0336445436338184e-05,0.0,0.0,0.0,0.0,0.0,0.8,green,False,unknown,0,1.7595504220140983,0.014746068000022206,0.032566467000037846,0.007006813000089096,0.0,-0.01799999999997226,-0.019000000000005457,-0.04399999999998272,0.48392099995453464,0.48023421755402257
286.6,964.931619418,LANE_LOST,15.4879192547933,7.94904549088475,1.4099195756856264,3.0227010790792295e-05,0.0,0.0,0.0,0.0,0.0,0.79,green,False,unknown,0,1.7595504220140983,0.1148118669999576,0.02887306999991779,0.0009337970000160567,0.0,0.08200000000005048,-0.019000000000005457,-0.04599999999999227,11.69681400006084,0.48023421755402257
286.8,965.131662677,LANE_LOST,15.4879243778598,7.949047779830258,1.4099149923965417,3.0046226710746744e-05,0.0,0.0,0.0,0.0,0.0,0.79,green,False,unknown,0,1.7595504220140983,0.026530214999979762,0.013397800999996434,0.01711942800000088,0.0,0.014999999999986358,-0.019000000000005457,-0.01599999999996271,0.573647000010169,0.48023421755402257
287.0,965.331702453,LANE_LOST,15.487930485477682,7.949050508841993,1.4099095283786842,2.983363743538344e-05,0.0,0.0,0.0,0.0,0.0,0.79,green,False,unknown,0,1.7595504220140983,0.09356785900001796,0.007665352000003622,0.006546683999999914,0.0,0.08300000000002683,-0.019000000000005457,-0.01999999999998181,0.48339599993596494,0.48023421755402257
287.1,965.431796689,LANE_LOST,15.487933523056684,7.949051866166694,1.4099068109247563,2.9727826140755773e-05,0.0,0.0,0.0,0.0,0.0,0.79,green,False,unknown,0,1.7595504220140983,0.020373242999994545,0.002951243999973485,0.0003279849998989448,0.0,0.016999999999995907,-0.019000000000005457,-0.02199999999999136,1.3052750000497326,0.48023421755402257
287.3,965.631561171,LANE_LOST,15.48793856175735,7.949054117783567,1.4099023032950186,2.9552186467865557e-05,0.0,0.0,0.0,0.0,0.0,0.79,green,False,unknown,0,1.7595504220140983,0.014883045000033235,0.001513288000069224,0.029774894000070162,0.0,0.014999999999986358,-0.019000000000005457,0.008000000000038199,0.42988299992430257,0.48023421755402257
287.5,965.831267186,LANE_LOST,15.487944568897964,7.949056802327211,1.4098969293798926,2.934258842701309e-05,0.0,0.0,0.0,0.0,0.0,0.8,green,False,unknown,0,1.7595504220140983,0.006539254000017536,0.09775292500000887,0.011415148999958546,0.0,0.016999999999995907,0.08100000000001728,0.004000000000019099,0.5328130000634701,0.48023421755402257
287.6,965.981572229,LANE_LOST,15.487948549900374,7.949058581503558,1.4098933680723085,2.9201585094021783e-05,0.0,0.0,0.0,0.0,0.0,0.79,green,False,unknown,0,1.7595504220140983,0.007474519999959739,0.031017812999948546,0.015305771000043933,0.0,-0.019000000000005457,-0.019000000000005457,-0.031999999999982265,0.9240120000413299,0.48023421755402257
287.8,966.181717521,LANE_LOST,15.487953497286899,7.949060792680469,1.4098889423147367,2.8969939533617586e-05,0.0,0.0,0.0,0.0,0.0,0.79,green,False,unknown,0,1.7595504220140983,0.030755773999999292,0.016328862000023037,0.03240966999999273,0.0,0.016000000000019554,-0.019000000000005457,-0.0020000000000095497,11.979730999996718,0.48023421755402257
288.0,966.382469415,LANE_LOST,15.487959366832373,7.949063416158898,1.4098836917028708,2.857914318023344e-05,0.0,0.0,0.0,0.0,0.0,0.78,green,False,unknown,0,1.7595504220140983,0.03014368099991316,0.012722818999918672,0.025690181999948436,0.0,0.016000000000019554,-0.019000000000005457,-0.005999999999971806,1.1386290000245936,0.48023421755402257
288.1,966.481911074,LANE_LOST,15.487962272168572,7.949064714802529,1.409881092760172,2.8390176993029087e-05,0.0,0.0,0.0,0.0,0.0,0.79,green,False,unknown,0,1.7595504220140983,0.025639369000032275,0.007431287000031261,0.017974852999941504,0.0,0.016000000000019554,-0.019000000000005457,-0.007999999999981355,0.7033719999753885,0.48023421755402257
288.3,966.681575583,LANE_LOST,15.487968025431497,7.949067286548631,1.409875946289898,2.8018632341342166e-05,0.0,0.0,0.0,0.0,0.0,0.79,green,False,unknown,0,1.7595504220140983,0.018166726999993443,0.10100590500007911,0.004788662000009936,0.0,0.016999999999995907,0.08100000000001728,-0.012000000000000455,12.132432999919729,0.48023421755402257
288.5,966.881964093,LANE_LOST,15.487972762701101,7.949069404258716,1.4098717087166175,2.771740113506124e-05,0.0,0.0,0.0,0.0,0.0,0.8099999999999999,green,False,unknown,0,1.7595504220140983,0.07463166699994872,0.08907387599992944,0.027229357999999593,0.0,0.08199999999999363,0.08100000000001728,0.01799999999997226,13.665535000086493,0.48023421755402257
288.6,966.982337432,LANE_LOST,15.487975580674439,7.949070664033559,1.4098691880141223,2.7539136932425947e-05,0.0,0.0,0.0,0.0,0.0,0.79,green,False,unknown,0,1.7595504220140983,0.17500500599999214,0.08584765199998401,0.020401899000034973,0.0,0.18200000000001637,0.08100000000001728,0.016000000000019554,1.1519490000182486,0.48023421755402257
288.8,967.231637717,LANE_LOST,15.487982087871606,7.9490735732213595,1.4098633673405103,2.714543511973133e-05,0.0,0.0,0.0,0.0,0.0,0.79,green,False,unknown,0,1.7595504220140983,0.006445387999974628,0.024602844000014557,0.022086066000042592,0.0,-0.016999999999995907,-0.019000000000005457,-0.02199999999999136,0.532342000042263,0.48023421755402257
289.0,967.431336845,LANE_LOST,15.487987591685421,7.949076033982405,1.4098584442701703,2.6818135173175417e-05,0.0,0.0,0.0,0.0,0.0,0.79,green,False,unknown,0,1.7595504220140983,0.10548871100002088,0.01826627700006611,0.01158950299998196,0.0,0.08300000000002683,-0.019000000000005457,-0.02600000000001046,0.5537759999469927,0.48023421755402257
289.1,967.531737239,LANE_LOST,15.487990319125183,7.949077253477182,1.4098560046472202,2.6665427052061363e-05,0.0,0.0,0.0,0.0,0.0,0.79,green,False,unknown,0,1.7595504220140983,0.029960271000049943,0.010857140999974035,0.002591571000039039,0.0,0.016999999999995907,-0.019000000000005457,-0.027999999999963165,14.498580000008587,0.48023421755402257
289.3,967.731191245,LANE_LOST,15.487994831177792,7.949079270986885,1.409851968773915,2.6419190935621974e-05,0.0,0.0,0.0,0.0,0.0,0.79,green,False,unknown,0,1.7595504220140983,0.018079646000046523,0.000718970999969315,0.02047436899999866,0.0,0.016000000000019554,-0.019000000000005457,0.0020000000000095497,0.4564849999724174,0.48023421755402257
289.5,967.931494459,LANE_LOST,15.488000191349366,7.949081667847773,1.4098471743503629,2.614214489246233e-05,0.0,0.0,0.0,0.0,0.0,0.78,green,False,unknown,0,1.7595504220140983,0.0028856499999392327,0.0977192399999467,0.011333551000006992,0.0,0.016000000000019554,0.08100000000001728,-0.0020000000000095497,12.612924999984898,0.48023421755402257
289.6,968.031640464,LANE_LOST,15.488002851712837,7.949082857509298,1.409844794804343,2.60230742680017e-05,0.0,0.0,0.0,0.0,0.0,0.79,green,False,unknown,0,1.7595504220140983,0.004823267000006126,0.086708116000068,0.0026680400000032023,0.0,0.016999999999995907,0.08100000000001728,-0.003999999999962256,11.274587999992036,0.48023421755402257
289.8,968.281445583,LANE_LOST,15.488009012129671,7.949085612451453,1.4098392847200136,2.5746612661807673e-05,0.0,0.0,0.0,0.0,0.0,0.79,green,False,unknown,0,1.7595504220140983,0.013443645000052129,0.02931662100002086,0.006354306000048382,0.0,-0.016999999999995907,-0.019000000000005457,-0.04199999999997317,0.5736509999678674,0.48023421755402257
290.0,968.481320368,LANE_LOST,15.48801337695125,7.949087564508235,1.409835380729526,2.561044153055384e-05,0.0,0.0,0.0,0.0,0.0,0.79,green,False,unknown,0,1.7595504220140983,0.0004794999999830907,0.016510816999925737,0.02432184299993878,0.0,-0.016999999999995907,-0.019000000000005457,-0.012000000000000455,10.06247500004065,0.48023421755402257
290.1,968.581428685,LANE_LOST,15.488015985205706,7.949088731025901,1.4098330478712255,2.5532605266217143e-05,0.0,0.0,0.0,0.0,0.0,0.79,green,False,unknown,0,1.7595504220140983,0.031692017999944255,0.015007965999984663,0.02091132199996082,0.0,0.016000000000019554,-0.019000000000005457,-0.013999999999953161,10.31309899997268,0.48023421755402257
290.3,968.781312302,LANE_LOST,15.488021178930673,7.949091053962271,1.4098284025783765,2.5396940459449183e-05,0.0,0.0,0.0,0.0,0.0,0.79,green,False,unknown,0,1.7595504220140983,0.025520369999981085,0.0072076029999834645,0.007850228999927822,0.0,0.016999999999995907,-0.019000000000005457,-0.01799999999997226,0.522454000019934,0.48023421755402257
290.5,968.981478546,LANE_LOST,15.48802549250394,7.949092983334065,1.409824544542759,2.5356269849589362e-05,0.0,0.0,0.0,0.0,0.0,0.79,green,False,unknown,0,1.7595504220140983,0.036585887000001094,0.1061893159999272,0.03248384299990903,0.0,0.04899999999997817,0.08100000000001728,0.012000000000000455,0.6700040000851004,0.48023421755402257
290.6,969.081740055,LANE_LOST,15.488028077761133,7.94909413970455,1.4098222323226024,2.5335910529604772e-05,0.0,0.0,0.0,0.0,0.0,0.79,green,False,unknown,0,1.7595504220140983,0.01093945699994947,0.09852599399994233,0.02325052499998037,0.0,0.016999999999995907,0.08100000000001728,0.010000000000047748,0.5250310000519676,0.48023421755402257
290.8,969.281737716,LANE_LOST,15.48803324548019,7.949096451279979,1.409817610424798,2.5328103666460858e-05,0.0,0.0,0.0,0.0,0.0,0.8,green,False,unknown,0,1.7595504220140983,0.0005164809999769204,0.08732765499996731,0.013682012999993276,0.0,0.016000000000019554,0.08100000000001728,0.006000000000028649,10.62518900005216,0.48023421755402257
291.0,969.5316504,LANE_LOST,15.488039263720747,7.949099143441241,1.4098122279079952,2.5223680645403665e-05,0.0,0.0,0.0,0.0,0.0,0.78,green,False,unknown,0,1.7595504220140983,0.0053854499999488326,0.024676320000025953,0.006322307000004912,0.0,-0.016999999999995907,-0.019000000000005457,-0.031999999999982265,0.4781920000596074,0.48023421755402257
291.1,969.631647829,LANE_LOST,15.488041832762908,7.9491002927045304,1.4098099302632194,2.5128920830712652e-05,0.0,0.0,0.0,0.0,0.0,0.79,green,False,unknown,0,1.7595504220140983,0.0015051249999942229,0.019189166000046498,0.003125198000020646,0.0,-0.01799999999997226,-0.019000000000005457,-0.033999999999991815,0.4663519999894561,0.48023421755402257
291.3,969.83113922,LANE_LOST,15.488046083521311,7.949102194342848,1.4098061285900745,2.4881623331812067e-05,0.0,0.0,0.0,0.0,0.0,0.79,green,False,unknown,0,1.7595504220140983,0.03458469299994249,0.01805855599991446,0.033590575999937755,0.0,0.016000000000019554,-0.019000000000005457,-0.003999999999962256,0.4918890000453757,0.48023421755402257
291.5,970.031559185,LANE_LOST,15.488051129269955,7.94910445172533,1.4098016159629325,2.458916653047362e-05,0.0,0.0,0.0,0.0,0.0,0.79,green,False,unknown,0,1.7595504220140983,0.022312040999963756,0.005167817000028663,0.016079633999993348,0.0,0.016999999999995907,-0.019000000000005457,-0.007999999999981355,15.938899000047968,0.48023421755402257
291.6,970.131212916,LANE_LOST,15.48805362989772,7.949105570501684,1.409799379564334,2.4444232592524002e-05,0.0,0.0,0.0,0.0,0.0,0.79,green,False,unknown,0,1.7595504220140983,0.014163249000034739,0.10482154800001808,0.007405998999956864,0.0,0.015000000000043201,0.08100000000001728,-0.009999999999990905,0.5471619999752875,0.48023421755402257
291.8,970.33128543,LANE_LOST,15.488057764979398,7.949107420584985,1.4097956814442363,2.4205853010218412e-05,0.0,0.0,0.0,0.0,0.0,0.79,green,False,unknown,0,1.7595504220140983,0.00438226999995095,0.09397959000000355,0.02981547000001683,0.0,0.016000000000019554,0.08100000000001728,0.020000000000038654,0.5784100000028047,0.48023421755402257
292.0,970.581354603,LANE_LOST,15.48806348635806,7.949109980509777,1.4097905647110152,2.387467711722281e-05,0.0,0.0,0.0,0.0,0.0,0.8,green,False,unknown,0,1.7595504220140983,0.013386564000029466,0.031463533000078314,0.03244777999998405,0.0,-0.016999999999995907,-0.019000000000005457,-0.01799999999997226,12.02976399997624,0.48023421755402257
292.1,970.681422033,LANE_LOST,15.488065914293369,7.949111066884519,1.4097883933842816,2.3733342935063506e-05,0.0,0.0,0.0,0.0,0.0,0.79,green,False,unknown,0,1.7595504220140983,0.005866159999982301,0.024428622999948857,0.02331259899995075,0.0,-0.016999999999995907,-0.019000000000005457,-0.01999999999998181,11.543003000042518,0.48023421755402257
292.3,970.882223261,LANE_LOST,15.488070733182672,7.949113223157856,1.4097840838391313,2.3533998261095145e-05,0.0,0.0,0.0,0.0,0.0,0.79,green,False,unknown,0,1.7595504220140983,0.02989772199998697,0.01595751700006076,0.01203749199999038,0.0,0.014999999999986358,-0.019000000000005457,-0.02400000000000091,14.032146999966244,0.48023421755402257
292.5,971.081344051,LANE_LOST,15.488074721973222,7.94911500806457,1.4097805166892798,2.3393872294011844e-05,0.0,0.0,0.0,0.0,0.0,0.8,green,False,unknown,0,1.7595504220140983,0.024603523999985555,0.009502118000000337,0.034278097999958845,0.0,0.016999999999995907,-0.019000000000005457,0.005999999999971806,0.9302079999997659,0.48023421755402257
292.6,971.181190557,LANE_LOST,15.488077103831115,7.9491160739309485,1.4097783866245204,2.331008045920441e-05,0.0,0.0,0.0,0.0,0.0,0.79,green,False,unknown,0,1.7595504220140983,0.021323863000020538,0.004026310000085687,0.026521789000071294,0.0,0.016999999999995907,-0.019000000000005457,0.004000000000019099,0.5137599999898157,0.48023421755402257
292.8,971.381613597,LANE_LOST,15.48808184200374,7.9491181943022795,1.4097741493724332,2.3143613089270007e-05,0.0,0.0,0.0,0.0,0.0,0.79,green,False,unknown,0,1.7595504220140983,0.005717222999919613,0.08406253399994057,0.013093830999991951,0.0,0.016000000000019554,0.08100000000001728,0.0,0.5298590000393233,0.48023421755402257
293.0,971.581337773,LANE_LOST,15.488086546317465,7.949120299612428,1.4097699424451948,2.2978061011397743e-05,0.0,0.0,0.0,0.0,0.0,0.79,green,False,unknown,0,1.7595504220140983,0.0069403100000045015,0.08919879199993375,0.0022225789999765766,0.0,0.016999999999995907,0.08100000000001728,-0.004000000000019099,9.607524999978523,0.48023421755402257
293.2,971.831286803,LANE_LOST,15.488091216944369,7.949122389936626,1.4097657656880265,2.2813345371077328e-05,0.0,0.0,0.0,0.0,0.0,0.78,green,False,unknown,0,1.7595504220140983,0.0028672040000401466,0.02454649599997083,0.026632892000066022,0.0,-0.016999999999995907,-0.019000000000005457,-0.008000000000038199,0.6295099999533704,0.48023421755402257
293.3,971.931354371,LANE_LOST,15.488093539678486,7.949123429502255,1.4097636885753486,2.27312998194535e-05,0.0,0.0,0.0,0.0,0.0,0.79,green,False,unknown,0,1.7595504220140983,0.030538512000021,0.0180345109999962,0.025453423000044495,0.0,0.016000000000019554,-0.019000000000005457,-0.009999999999990905,13.590302000011434,0.48023421755402257
293.5,972.131436246,LANE_LOST,15.488098160094003,7.949125497486902,1.4097595567865064,2.256783073985225e-05,0.0,0.0,0.0,0.0,0.0,0.78,green,False,unknown,0,1.7595504220140983,0.06410430900007213,0.013604498000063359,0.019881828000052337,0.0,0.04899999999997817,-0.019000000000005457,-0.014000000000010004,0.5570649999526722,0.48023421755402257
293.6,972.231801871,LANE_LOST,15.488100457817614,7.949126525924372,1.4097575020723732,2.2486406054024038e-05,0.0,0.0,0.0,0.0,0.0,0.79,green,False,unknown,0,1.7595504220140983,0.027525639000032243,0.01163146700002926,0.01485821100004614,0.0,0.016999999999995907,-0.019000000000005457,-0.01599999999996271,0.6969199999957709,0.48023421755402257
293.8,972.431509959,LANE_LOST,15.48810502840167,7.949128571735583,1.409753414910144,2.2324173679885305e-05,0.0,0.0,0.0,0.0,0.0,0.79,green,False,unknown,0,1.7595504220140983,0.02062877200000912,0.004483772999947178,0.0038331800000150906,0.0,0.016000000000019554,-0.019000000000005457,-0.01999999999998181,15.981006000060916,0.48023421755402257
294.0,972.631334531,LANE_LOST,15.488108811997618,7.949130265353164,1.4097500315305058,2.2189605979240017e-05,0.0,0.0,0.0,0.0,0.0,0.79,green,False,unknown,0,1.7595504220140983,0.00382159799994497,0.08775397499994142,0.02219874100001107,0.0,0.016999999999995907,0.08100000000001728,0.009999999999990905,0.4937800000561765,0.48023421755402257
294.1,972.732300824,LANE_LOST,15.488111071191563,7.949131276644411,1.4097480113207912,2.210913739686073e-05,0.0,0.0,0.0,0.0,0.0,0.78,green,False,unknown,0,1.7595504220140983,0.0011386580000589674,0.0914722330001041,0.014479883000035443,0.0,0.016000000000019554,0.08100000000001728,0.008000000000038199,0.5669720000014422,0.48023421755402257
294.3,972.981523844,LANE_LOST,15.488116310802164,7.949133622151902,1.4097433260124899,2.192221402508166e-05,0.0,0.0,0.0,0.0,0.0,0.79,green,False,unknown,0,1.7595504220140983,0.011252331000036975,0.029417646999945646,0.018913193999992473,0.0,-0.016999999999995907,-0.019000000000005457,-0.029999999999972715,0.5421450000540062,0.48023421755402257
294.5,973.184605212,LANE_LOST,15.488120026287259,7.949135285454893,1.4097400036259,2.1790443666516076e-05,0.0,0.0,0.0,0.0,0.0,0.8,green,False,unknown,0,1.7595504220140983,0.03302705099997638,0.013982613999928617,0.03671305399996072,0.0,0.016999999999995907,-0.01999999999998181,0.0,15.688178000004882,0.48023421755402257
294.6,973.281187047,LANE_LOST,15.488122244828373,7.9491362786516495,1.4097380198202447,2.171092425052538e-05,0.0,0.0,0.0,0.0,0.0,0.8,green,False,unknown,0,1.7595504220140983,0.01182575099994665,0.11056444899998041,0.010086180000030254,0.0,0.016999999999995907,0.08000000000004093,-0.0019999999999527063,0.6498870000086754,0.48023421755402257
294.8,973.531269785,LANE_LOST,15.488127389812893,7.949138582037812,1.409733419246594,2.1525202938019753e-05,0.0,0.0,0.0,0.0,0.0,0.78,green,False,unknown,0,1.7595504220140983,0.005857661999925767,0.027941280999925766,0.004275249999977859,0.0,-0.01799999999997226,-0.019000000000005457,-0.03999999999996362,0.6526980000671756,0.48023421755402257
295.0,973.731517396,LANE_LOST,15.488131037804523,7.949140215293953,1.4097301572966696,2.1393214818654296e-05,0.0,0.0,0.0,0.0,0.0,0.77,green,False,unknown,0,1.7595504220140983,0.01969233899990286,0.01339304499992977,0.021616453999968144,0.0,0.016999999999995907,-0.019000000000005457,-0.009999999999990905,18.242734000068594,0.48023421755402257
295.1,973.831115697,LANE_LOST,15.488133215846043,7.949141190459663,1.4097282097554755,2.1314288776405884e-05,0.0,0.0,0.0,0.0,0.0,0.77,green,False,unknown,0,1.7595504220140983,0.011257280999984687,0.11299134599994431,0.0048881129999927,0.0,0.016999999999995907,0.08100000000001728,-0.012000000000000455,0.6748560000460202,0.48023421755402257
295.3,974.031676771,LANE_LOST,15.488136828058218,7.9491428077845345,1.4097249798426184,2.1183188361250626e-05,0.0,0.0,0.0,0.0,0.0,0.79,green,False,unknown,0,1.7595504220140983,0.021821588999955566,0.0867076189999807,0.020466615000032107,0.0,0.05000000000001137,0.07999999999998408,0.018000000000029104,1.2503510000669849,0.48023421755402257
295.5,974.280850925,LANE_LOST,15.488141847813298,7.94914505541068,1.409720491399931,2.10005767441111e-05,0.0,0.0,0.0,0.0,0.0,0.78,green,False,unknown,0,1.7595504220140983,0.05280630499999006,0.11418389400000706,0.00044432499998947605,0.0,0.05000000000001137,0.07999999999998408,-0.01999999999998181,0.5249760000651804,0.48023421755402257
295.6,974.381410472,LANE_LOST,15.48814327405916,7.949145694040302,1.4097192161237,2.094860980320317e-05,0.0,0.0,0.0,0.0,0.0,0.77,green,False,unknown,0,1.7595504220140983,0.01203587499992409,0.09969651899996279,0.03330219399992984,0.0,0.016999999999995907,0.08000000000004093,0.012000000000000455,13.633044000016525,0.48023421755402257
295.8,974.631470463,LANE_LOST,15.488148238154732,7.949147916878317,1.4097147775162617,2.0767507016151536e-05,0.0,0.0,0.0,0.0,0.0,0.79,green,False,unknown,0,1.7595504220140983,0.04287975199997618,0.02801499600002444,0.022724478999975872,0.0,0.016999999999995907,-0.01999999999998181,-0.02600000000001046,12.015872000006311,0.48023421755402257
296.0,974.831703469,LANE_LOST,15.48815245907707,7.949149807017509,1.4097110034522446,2.061496066363248e-05,0.0,0.0,0.0,0.0,0.0,0.8,green,False,unknown,0,1.7595504220140983,0.07215523200000007,0.018663963999983935,0.008856546999936654,0.0,0.04899999999997817,-0.01999999999998181,-0.029999999999972715,2.1789940000189745,0.48023421755402257
296.1,974.930996122,LANE_LOST,15.488154557888215,7.949150746898153,1.4097091268509008,2.0538976053844785e-05,0.0,0.0,0.0,0.0,0.0,0.8,green,False,unknown,0,1.7595504220140983,0.06712865099996179,0.014942561999987447,0.0024473209999769097,0.0,0.05000000000001137,-0.01999999999998181,-0.031999999999982265,10.134505999985777,0.48023421755402257
296.3,975.132089024,LANE_LOST,15.488158038715229,7.94915230570824,1.4097060145739537,2.04127609629823e-05,0.0,0.0,0.0,0.0,0.0,0.8,green,False,unknown,0,1.7595504220140983,0.02712017500005004,0.009700081999994836,0.027724505000037425,0.0,0.016999999999995907,-0.01999999999998181,-0.0020000000000095497,11.547615999916161,0.48023421755402257
296.5,975.331063948,LANE_LOST,15.4881621874528,7.949154163693973,1.4097023051383553,2.026200272441832e-05,0.0,0.0,0.0,0.0,0.0,0.79,green,False,unknown,0,1.7595504220140983,0.0549260029999914,0.005829113999993751,0.019915793999985,0.0,0.05000000000001137,-0.01999999999998181,-0.005999999999971806,0.5298590000393233,0.48023421755402257
296.6,975.431494527,LANE_LOST,15.488164250308133,7.9491550875577435,1.4097004607284624,2.0186908830854767e-05,0.0,0.0,0.0,0.0,0.0,0.79,green,False,unknown,0,1.7595504220140983,0.017801098000063575,0.000755737000076806,0.011917861000029006,0.0,0.016999999999995907,-0.01999999999998181,-0.007999999999981355,15.918728999963605,0.48023421755402257
296.8,975.681151845,LANE_LOST,15.488168353088637,7.949156925069516,1.4096967924375319,2.0037288857697305e-05,0.0,0.0,0.0,0.0,0.0,0.79,green,False,unknown,0,1.7595504220140983,0.001677346000064972,0.024217990000011014,0.032463806000009754,0.0,-0.01799999999997226,-0.01999999999998181,-0.012000000000000455,13.000611999927969,0.48023421755402257
297.0,975.881082869,LANE_LOST,15.488172425423995,7.94915874901655,1.409693151402999,1.988842264370413e-05,0.0,0.0,0.0,0.0,0.0,0.77,green,False,unknown,0,1.7595504220140983,0.0360705150000058,0.016628394000008484,0.020766586000036114,0.0,0.016999999999995907,-0.01999999999998181,-0.016000000000019554,0.7837959999505983,0.48023421755402257
297.1,975.982279805,LANE_LOST,15.488174450222708,7.949159655924325,1.4096913410637735,1.9814271067647878e-05,0.0,0.0,0.0,0.0,0.0,0.8,green,False,unknown,0,1.7595504220140983,0.02832200099999227,0.011082536999992953,0.013315376999912587,0.0,0.016999999999995907,-0.01999999999998181,-0.01799999999997226,1.8400440000050367,0.48023421755402257
297.3,976.18234378,LANE_LOST,15.488177808117973,7.9491611599648495,1.4096883388441392,1.9691292247113897e-05,0.0,0.0,0.0,0.0,0.0,0.77,green,False,unknown,0,1.7595504220140983,0.0011693310000282509,0.10904515799995806,0.030773137999972278,0.0,0.016999999999995907,0.07999999999998408,0.012000000000000455,16.14335299996128,0.48023421755402257
297.5,976.381208699,LANE_LOST,15.488181810100013,7.949162952562241,1.4096847607923189,1.9544660898558978e-05,0.0,0.0,0.0,0.0,0.0,0.79,green,False,unknown,0,1.7595504220140983,0.007985958000062965,0.09230290100003913,0.021137708999958704,0.0,0.016999999999995907,0.07999999999998408,0.007999999999981355,0.5695779999541628,0.48023421755402257
297.6,976.480927849,LANE_LOST,15.488183799875207,7.949163843862554,1.409682981806914,1.9471278319999785e-05,0.0,0.0,0.0,0.0,0.0,0.8,green,False,unknown,0,1.7595504220140983,0.030605587999957606,0.08871833099999549,0.0057719319999023355,0.0,0.05000000000001137,0.08000000000004093,0.006000000000028649,0.9523990000843696,0.48023421755402257
297.8,976.731215894,LANE_LOST,15.488188413640335,7.949165910618725,1.4096788568405392,1.9300741096518156e-05,0.0,0.0,0.0,0.0,0.0,0.78,green,False,unknown,0,1.7595504220140983,0.1054459010000528,0.024717883999983314,0.010614326999984769,0.0,0.08300000000002683,-0.01999999999998181,-0.031999999999982265,11.743419000026734,0.48023421755402257
298.0,976.930840494,LANE_LOST,15.488191684396579,7.9491673758235635,1.4096759326276227,1.9179541980299877e-05,0.0,0.0,0.0,0.0,0.0,0.78,green,False,unknown,0,1.7595504220140983,0.0004544409999880372,0.01608946500005004,0.034105671000020266,0.0,-0.01799999999997226,-0.01999999999998181,-0.0020000000000095497,0.6533980000540396,0.48023421755402257
298.1,977.031189805,LANE_LOST,15.488193636975835,7.949168250544907,1.4096741869391274,1.91070667305841e-05,0.0,0.0,0.0,0.0,0.0,0.79,green,False,unknown,0,1.7595504220140983,0.030350595000072644,0.012931646000083674,0.02923387900000307,0.0,0.016999999999995907,-0.01999999999998181,-0.003999999999962256,11.210871000002953,0.48023421755402257
298.3,977.230910352,LANE_LOST,15.488197520003745,7.949169990122269,1.4096707153722814,1.8962663583989497e-05,0.0,0.0,0.0,0.0,0.0,0.8,green,False,unknown,0,1.7595504220140983,0.024814368000079412,0.005458361000023615,0.018086616999994476,0.0,0.016999999999995907,-0.01999999999998181,-0.007999999999981355,0.5865659999244599,0.48023421755402257
298.5,977.431188103,LANE_LOST,15.488201373647955,7.949171716600209,1.4096672701077606,1.8818987030185623e-05,0.0,0.0,0.0,0.0,0.0,0.79,green,False,unknown,0,1.7595504220140983,0.010835126999950262,0.09924026999999569,0.0027587479999056086,0.0,0.016999999999995907,0.07999999999998408,-0.012000000000000455,11.679541000034988,0.48023421755402257
298.6,977.531280737,LANE_LOST,15.488202651691887,7.949172289193102,1.4096661275082374,1.8771255830684484e-05,0.0,0.0,0.0,0.0,0.0,0.78,green,False,unknown,0,1.7595504220140983,0.03690386899995701,0.08787569599996914,0.03137051299995619,0.0,0.05000000000001137,0.08000000000004093,0.020000000000038654,9.894995000081508,0.48023421755402257
298.8,977.730911904,LANE_LOST,15.488206466388737,7.94917399830655,1.40966271710602,1.862855243829636e-05,0.0,0.0,0.0,0.0,0.0,0.78,green,False,unknown,0,1.7595504220140983,0.14166885999998158,0.08731948100000864,0.020231440999964434,0.0,0.1490000000000009,0.07999999999998408,0.016000000000019554,0.5050680000522334,0.48023421755402257
299.0,977.981903508,LANE_LOST,15.48821088017808,7.949175975912525,1.4096587711446693,1.846297232418366e-05,0.0,0.0,0.0,0.0,0.0,0.79,green,False,unknown,0,1.7595504220140983,0.006467527999916456,0.02772641699993983,0.02537526200001139,0.0,-0.016999999999995907,-0.01999999999998181,-0.02199999999999136,13.688787000091907,0.48023421755402257
299.1,978.081302299,LANE_LOST,15.48821275976048,7.949176818088393,1.4096570907965513,1.839230701581585e-05,0.0,0.0,0.0,0.0,0.0,0.79,green,False,unknown,0,1.7595504220140983,0.03440743599992402,0.016152588999943873,0.014041960999975345,0.0,0.016999999999995907,-0.020999999999958163,-0.02400000000000091,0.6864580000183196,0.48023421755402257
299.3,978.28109053,LANE_LOST,15.488215876305455,7.949178214538334,1.4096543046199332,1.827336891476599e-05,0.0,0.0,0.0,0.0,0.0,0.79,green,False,unknown,0,1.7595504220140983,0.052709787000026154,0.10634089500001664,0.021247686000037902,0.0,0.05000000000001137,0.07999999999998408,0.006000000000028649,11.082696000016767,0.48023421755402257
299.5,978.531085987,LANE_LOST,15.488220205468911,7.94918015440422,1.4096504344033274,1.8107018082128203e-05,0.0,0.0,0.0,0.0,0.0,0.79,green,False,unknown,0,1.7595504220140983,0.08434915299994827,0.027972289999979694,0.011872739999944315,0.0,0.05000000000001137,-0.01999999999998181,-0.031999999999982265,11.92446300001393,0.48023421755402257
299.6,978.631468019,LANE_LOST,15.488222048727039,7.949180980379331,1.4096487865666718,1.8036024075864777e-05,0.0,0.0,0.0,0.0,0.0,0.8,green,False,unknown,0,1.7595504220140983,0.03646038299996235,0.017335540999965815,0.00264033999997082,0.0,0.016999999999995907,-0.01999999999998181,-0.033999999999991815,13.609625000071901,0.48023421755402257
299.8,978.831609233,LANE_LOST,15.488225104761419,7.949182349839617,1.4096460545482485,1.7918097904638583e-05,0.0,0.0,0.0,0.0,0.0,0.8,green,False,unknown,0,1.7595504220140983,0.024786096999946494,0.01053766400002587,0.026520413999946868,0.0,0.016999999999995907,-0.01999999999998181,-0.003999999999962256,0.5913310000096317,0.48023421755402257
300.0,979.030900232,LANE_LOST,15.4882287456033,7.94918398141549,1.40964279975336,1.7777239226338923e-05,0.0,0.0,0.0,0.0,0.0,0.79,green,False,unknown,0,1.7595504220140983,0.054724940000028255,0.00559306499997092,0.017199235000020963,0.0,0.05000000000001137,-0.01999999999998181,-0.007999999999981355,0.8428070000263688,0.48023421755402257
300.1,979.130963718,LANE_LOST,15.488230555266782,7.949184792404361,1.4096411819836079,1.770707586400478e-05,0.0,0.0,0.0,0.0,0.0,0.79,green,False,unknown,0,1.7595504220140983,0.013074753999944733,0.001627853999934814,0.011138935999952082,0.0,0.015000000000043201,-0.01999999999998181,-0.009999999999990905,0.5200479999984964,0.48023421755402257
300.3,979.331266452,LANE_LOST,15.488233555498004,7.949186136970189,1.409638499907896,1.7590529319262445e-05,0.0,0.0,0.0,0.0,0.0,0.79,green,False,unknown,0,1.7595504220140983,0.005117120000022624,0.08603647699999328,0.03296867599999587,0.0,0.014999999999986358,0.07999999999998408,0.020000000000038654,12.080845000014051,0.48023421755402257
300.5,979.531009385,LANE_LOST,15.48823712968796,7.949187738809839,1.4096353047641457,1.745146654074901e-05,0.0,0.0,0.0,0.0,0.0,0.8,green,False,unknown,0,1.7595504220140983,0.032446186999891324,0.08474200899991047,0.01841208700000152,0.0,0.04899999999997817,0.07999999999998408,0.016000000000019554,0.6079519999957483,0.48023421755402257
300.6,979.681626911,LANE_LOST,15.488239496788257,7.949188799700942,1.4096331887126599,1.7359559205230584e-05,0.0,0.0,0.0,0.0,0.0,0.79,green,False,unknown,0,1.7595504220140983,0.0009024269999144963,0.020230287000003955,0.020689595000021654,0.0,-0.016999999999995907,-0.01999999999998181,-0.01999999999998181,0.5270220000284098,0.48023421755402257
300.8,979.880995302,LANE_LOST,15.48824302409768,7.949190380622655,1.4096300355240685,1.7223121372209705e-05,0.0,0.0,0.0,0.0,0.0,0.8,green,False,unknown,0,1.7595504220140983,0.12722580499996639,0.005885667000029571,0.0026844309999205507,0.0,0.11700000000001864,-0.01999999999998181,-0.02400000000000091,13.991763000035462,0.48023421755402257
301.0,980.080721346,LANE_LOST,15.488245942408042,7.949191688635937,1.4096274267625575,1.7110681809094907e-05,0.0,0.0,0.0,0.0,0.0,0.79,green,False,unknown,0,1.7595504220140983,0.0050077519999831566,0.09871317099998578,0.01992981500006863,0.0,0.014999999999986358,0.07900000000000773,0.005999999999971806,0.7381089999398682,0.48023421755402257
301.1,980.180825329,LANE_LOST,15.488247684233414,7.949192469355995,1.4096258697038504,1.7043444268361187e-05,0.0,0.0,0.0,0.0,0.0,0.79,green,False,unknown,0,1.7595504220140983,0.000747246999935669,0.08964714699993692,0.008201070999916737,0.0,0.016999999999995907,0.08000000000004093,0.004000000000019099,11.299936000000343,0.48023421755402257
301.3,980.430953302,LANE_LOST,15.488251721885382,7.94919427916227,1.4096222603777833,1.6887213584775272e-05,0.0,0.0,0.0,0.0,0.0,0.79,green,False,unknown,0,1.7595504220140983,0.0018631159999813462,0.025024193000035666,0.00962604200003625,0.0,-0.019000000000005457,-0.01999999999998181,-0.033999999999991815,13.163275000010799,0.48023421755402257
301.5,980.631325038,LANE_LOST,15.488254583211797,7.949195561745449,1.4096197026113262,1.6776180935945998e-05,0.0,0.0,0.0,0.0,0.0,0.79,green,False,unknown,0,1.7595504220140983,0.06581554599995343,0.015332270000044446,0.030811237999955665,0.0,0.05000000000001137,-0.01999999999998181,-0.004000000000019099,0.9387860000060755,0.48023421755402257
301.6,980.731059578,LANE_LOST,15.48825629096142,7.949196327257869,1.409618176046715,1.670978463545904e-05,0.0,0.0,0.0,0.0,0.0,0.79,green,False,unknown,0,1.7595504220140983,0.02471156699994026,0.008331399999974565,0.023041024999997717,0.0,0.016999999999995907,-0.01999999999998181,-0.005999999999971806,1.8977199999881122,0.48023421755402257
301.8,980.931798728,LANE_LOST,15.488259686186211,7.949197849233368,1.4096151410603965,1.6577492398453514e-05,0.0,0.0,0.0,0.0,0.0,0.79,green,False,unknown,0,1.7595504220140983,0.012029635999965649,0.10434162000001379,0.006058149999944362,0.0,0.016999999999995907,0.07999999999998408,-0.009999999999990905,11.05420999999751,0.48023421755402257
302.0,981.131609717,LANE_LOST,15.488262494970984,7.949199108364871,1.4096126303115528,1.646775653171435e-05,0.0,0.0,0.0,0.0,0.0,0.79,green,False,unknown,0,1.7595504220140983,0.06999196599997504,0.08924211599992304,0.027333548999990853,0.0,0.08199999999999363,0.07999999999998408,0.01999999999998181,1.524535000044125,0.48023421755402257
302.1,981.281385164,LANE_LOST,15.48826472858534,7.949200109682388,1.4096106337153669,1.6380209774582527e-05,0.0,0.0,0.0,0.0,0.0,0.79,green,False,unknown,0,1.7595504220140983,0.01746595499992054,0.01669723499992415,0.02364431199998762,0.0,0.010000000000047748,-0.01999999999998181,-0.01599999999996271,21.542178999993666,0.48023421755402257
302.3,981.480791445,LANE_LOST,15.488267503893804,7.949201353869855,1.4096081529222253,1.627119547539855e-05,0.0,0.0,0.0,0.0,0.0,0.79,green,False,unknown,0,1.7595504220140983,0.0049747909999950934,0.10367941900005917,0.03218684299997676,0.0,0.014999999999986358,0.07999999999998408,0.014000000000010004,0.6009210000001985,0.48023421755402257
302.5,981.681241079,LANE_LOST,15.488270809898493,7.949202836017056,1.4096051977730437,1.6141395106366383e-05,0.0,0.0,0.0,0.0,0.0,0.79,green,False,unknown,0,1.7595504220140983,0.030537122999930943,0.08843336199993246,0.01649597799996627,0.0,0.04899999999997817,0.07999999999998408,0.009999999999990905,17.45768400007819,0.48023421755402257
302.6,981.830957153,LANE_LOST,15.48827299922393,7.949203817562123,1.4096032408072416,1.6055248790643907e-05,0.0,0.0,0.0,0.0,0.0,0.79,green,False,unknown,0,1.7595504220140983,0.03412911099997018,0.027451286999962576,0.02304918999993788,0.0,0.016000000000019554,-0.01999999999998181,-0.025999999999953616,11.368277999963539,0.48023421755402257
