sim_time,wall_time,state,distance_odom_m,x_odom,y_odom,speed_measured,command_v,command_w,lane_lateral_est_m,lane_heading_est_rad,lane_confidence,front_m,light,stop
5.7,3577.702634833,WAIT_SENSORS,0.0,3.249211752000597e-05,3.350317417420474e-11,1.340565919348511e-06,0.0,0.0,0.0,0.0,0.0,inf,unknown,False
5.8,3577.765124118,FOLLOW,4.557924570595515e-08,3.253769676550973e-05,3.77964091973438e-11,1.3405661207873915e-06,0.07987163914090559,0.04747496338459141,0.041729318699239265,0.1297304036643734,0.8814674092384809,inf,unknown,True
5.9,3577.902755523,FOLLOW,0.003385885341934472,0.0034183774425443534,3.384036447822537e-07,0.06801185622345447,0.07984537793422904,0.04744648219737294,0.04165411729645392,0.1301102379100955,0.8818094227653259,inf,unknown,True
6.1,3578.102441772,FOLLOW,0.01695705600439296,0.016989402500143202,5.529669977100998e-05,0.07992595983036155,0.07999243723361033,0.0471269875991656,0.04111609039425013,0.13007032364175056,0.8833670227773385,1.5996568948669891,unknown,True
6.2,3578.208953457,FOLLOW,0.025124307106858278,0.025156205350039627,0.00014021194633531472,0.08007324786161515,0.08110767352974443,0.045035995330053986,0.03864879508301431,0.12256580951028152,0.8830020224076361,1.6149388705316154,unknown,True
6.4,3578.452519696,FOLLOW,0.044599467671251086,0.04462811161725921,0.0004914687017762839,0.0823318873118289,0.08263179876524662,0.04273687229770936,0.03616985349339321,0.11236008745261436,0.8820257425360123,inf,unknown,True
6.6,3578.703552409,FOLLOW,0.06150491260646647,0.06152712413769927,0.0009559836860733112,0.08295670098007543,0.08337797809752816,0.043400348430300564,0.03642786699026344,0.11297536781802002,0.8910593538021317,1.5978919035528227,unknown,True
6.7,3578.803052709,FOLLOW,0.0671792882233825,0.06719837692279872,0.0011441682359845842,0.0834567381711508,0.0840684319552959,0.04217297511047568,0.03487219673728283,0.11011307921753179,0.8934251393688654,inf,unknown,True
6.9,3579.004522489,FOLLOW,0.08434524099952698,0.08435129653969956,0.0018116945395456898,0.0843892668547948,0.0849871873447646,0.03905136199449493,0.0314643995429882,0.10341567239058967,0.8913308762864517,inf,unknown,True
7.1,3579.253856114,FOLLOW,0.1046020681220665,0.10458497345453882,0.002778407945941492,0.08615854339998183,0.08613991170796753,0.036539233359547195,0.02882140910981773,0.09653771737047971,0.8910773986243513,inf,unknown,True
7.2,3579.353389126,FOLLOW,0.11046085162175906,0.11043535409873012,0.003092058212258,0.08615867537392762,0.08613991170796753,0.036539233359547195,0.02882140910981773,0.09653771737047971,0.8910773986243513,inf,unknown,True
7.4,3579.603535812,FOLLOW,0.1280480140118049,0.1279923819273193,0.004120504194241397,0.08621255886060324,0.09046612063778384,0.036959721039373714,0.032172055196557754,0.06357396200476038,0.8737028744012099,inf,unknown,True
7.6,3579.902992021,FOLLOW,0.14636504163443,0.14626961057565352,0.005326728659497584,0.09053475662912829,0.0988178365431541,0.034551554582032025,0.031958972573743305,0.024427457616479447,0.8737708985660778,1.5021173674346984,unknown,True
7.7,3580.006145673,FOLLOW,0.15252140503780084,0.15241052729106153,0.0057625467685339,0.0905347553885053,0.0988178365431541,0.034551554582032025,0.031958972573743305,0.024427457616479447,0.8737708985660778,inf,unknown,True
7.9,3580.252865392,FOLLOW,0.17604502413097783,0.17586582776181375,0.007553235399583392,0.09888319579076646,0.0988178365431541,0.034551554582032025,0.031958972573743305,0.024427457616479447,0.8737708985660778,inf,unknown,True
8.1,3580.554145835,FOLLOW,0.1963783485402135,0.1961278566311845,0.009254046178174212,0.1012983494687256,0.10124122841688676,0.028351404350444108,0.026881355727741574,0.010572772019110303,0.8659769123696067,1.4552870377491745,unknown,True
8.3,3580.853204329,FOLLOW,0.2135990752254723,0.21327996157923684,0.010789681453688088,0.10129848569540159,0.10124122841688676,0.028351404350444108,0.026881355727741574,0.010572772019110303,0.8659769123696067,inf,unknown,True
8.5,3581.102571016,FOLLOW,0.2377081649003369,0.23728016076260555,0.013078020481286513,0.10129895183060524,0.10124122841688676,0.028351404350444108,0.026881355727741574,0.010572772019110303,0.8659769123696067,inf,unknown,True
8.7,3581.353066857,FOLLOW,0.25492902196828904,0.2544135397012388,0.01481142631518805,0.10129937494243008,0.09633880743861378,0.010159255064063372,0.014686363569444676,-0.026681592108672016,0.8563749112449689,1.4007829166439199,unknown,True
8.8,3581.464768311,FOLLOW,0.264847109065097,0.26427814123746274,0.015840054656520657,0.09637315705614875,0.09432359534056182,0.007610199428739128,0.01585744905741352,-0.05119337011995033,0.886628767990386,inf,unknown,True
9.0,3581.702783785,FOLLOW,0.28424358704618025,0.28356692855758625,0.017881121129244847,0.09460476445467167,0.09457473277064916,0.006719620983635713,0.01502564885987345,-0.05215203081507017,0.8908782809591999,inf,unknown,True
9.2,3581.95451587,FOLLOW,0.30350224769798173,0.30271573988103734,0.019935140470135962,0.09420003805706344,0.0941044457888976,0.003098878827461716,0.012066966910870145,-0.05815169855755027,0.8982106600000072,inf,unknown,True
9.3,3582.053136889,FOLLOW,0.3131059830239031,0.3122639781498066,0.02096609986565523,0.09412980958518306,0.09371811937176487,0.0010977919486982758,0.010476502703393006,-0.06185748856563621,0.9017586509612047,inf,unknown,True
9.5,3582.308557618,FOLLOW,0.3322369440160361,0.33128364706469055,0.023026648560359353,0.09365163473498951,0.09320151220891727,-0.001222111558217323,0.008725470378196959,-0.06692078735416164,0.9066192388163783,inf,unknown,True
9.7,3582.503453652,FOLLOW,0.3512169255681291,0.350153256182115,0.025070554145670863,0.09206791983160488,0.0765144967857647,-0.006392457225230982,0.010300576650475304,-0.12443750430345533,0.835980661195025,inf,unknown,True
9.8,3582.603236204,FOLLOW,0.3591693151060876,0.35805903775586084,0.025930261817409803,0.07683182929016837,0.0765144967857647,-0.006392457225230982,0.010300576650475304,-0.12443750430345533,0.835980661195025,inf,unknown,True
10.0,3582.802761153,FOLLOW,0.37213289234941677,0.3709464985608504,0.027332999495206612,0.07583079943900047,0.0763007615590663,-0.008408859059324678,0.008343190585551843,-0.1293306864037191,0.8414236351913974,1.2826672098058212,unknown,True
10.2,3583.053006748,FOLLOW,0.38768063856228263,0.38640529149707886,0.028993745725964932,0.07602675482738293,0.07592059644871613,-0.010069928795737582,0.006693481775748772,-0.13343587139220828,0.8437243650674391,inf,unknown,True
10.3,3583.152898512,FOLLOW,0.39543213081099354,0.3941135073389203,0.029811692518117685,0.07592738263099902,0.07592059644871613,-0.010069928795737582,0.006693481775748772,-0.13343587139220828,0.8437243650674391,inf,unknown,True
10.5,3583.47836958,FOLLOW,0.41094832614027654,0.4095454733004051,0.0314262091212536,0.07597204867120642,0.06644401078257635,-0.015610196652730548,0.007641437873283141,-0.20696482165847943,0.8401911907275113,inf,unknown,True
10.7,3583.853400959,FOLLOW,0.4274508310974869,0.42596249156300087,0.03310369339131471,0.06644306139836817,0.06644401078257635,-0.015610196652730548,0.007641437873283141,-0.20696482165847943,0.8401911907275113,inf,unknown,True
10.8,3583.952566565,FOLLOW,0.43196895841276667,0.4304582451373417,0.03355277341461721,0.06644303974335349,0.07003478072119705,-0.015157472395549855,0.005511035503722131,-0.1811685859260435,0.847958634945388,inf,unknown,True
11.0,3584.253883745,FOLLOW,0.4439867251816254,0.4424186047913433,0.034725992346903135,0.07360350110375456,0.07675982520720456,-0.012671470550600599,0.0023989332607899996,-0.12689023587530696,0.842583383524403,inf,unknown,True
11.2,3584.553605155,FOLLOW,0.464135378896337,0.46247669522420337,0.036634092109387235,0.07061385349421931,0.07061345895813381,-0.014732213703208206,0.00024612855378031845,-0.14182049723328133,0.7970795717512076,1.1800905065864373,unknown,True
11.3,3584.602587201,FOLLOW,0.4665362503611938,0.46486725278699853,0.036856394447940866,0.07061388072623993,0.06349387213566621,-0.023068012300423907,0.005015798600075963,-0.2733188277481857,0.8906587407412493,1.1800905065864373,unknown,True
11.5,3584.853775211,FOLLOW,0.4821555226930935,0.4804228398560053,0.03826524884912526,0.06364446469051228,0.059104378923139515,-0.026564025529470753,0.0019150999863548068,-0.30907560673855594,0.8731140280381389,1.1613184150003046,unknown,True
11.7,3585.055842052,FOLLOW,0.49237722157706987,0.4906071407187138,0.039138737410911215,0.05956945353917344,0.05958388310466169,-0.02586616445557075,0.0018315589867765603,-0.2988596658082255,0.8675160965433384,1.1549252440134299,unknown,True
11.8,3585.202657127,FOLLOW,0.5005183616165381,0.4987211730384428,0.03980249904530383,0.0607840587537155,0.060796950070526434,-0.024687490595404357,0.0015724746832145031,-0.2793990433862314,0.8605289524732528,inf,unknown,True
12.0,3585.402756976,FOLLOW,0.511087066157898,0.5092578188075205,0.04062497998052963,0.06431471314654995,0.041761566791051016,-0.025657201645756713,-0.0022178257705167542,-0.38752029655446085,0.6851683638305712,inf,unknown,True
12.2,3585.653384302,FOLLOW,0.5212781176351685,0.5194208442996917,0.04138014613236943,0.04186869274585495,0.04241978615574107,-0.025422400508081665,-0.002443572616179543,-0.37694648149217297,0.6866229916531961,1.127969154193166,red,True
12.3,3585.75343328,FOLLOW,0.5255662721529785,0.5236984116100059,0.04168127416835456,0.04240560638950696,0.04241978615574107,-0.025422400508081665,-0.002443572616179543,-0.37694648149217297,0.6866229916531961,1.1251227232032333,red,True
12.5,3586.003828979,FOLLOW,0.5352011156529074,0.5333118446107122,0.04232315318856642,0.055994656757044764,0.05302792249549551,-0.00110454152413873,-0.025421407601517752,0.15418239256061705,0.6122321033556806,1.1175985917691624,red,True
12.7,3586.202534698,FOLLOW,0.5458694026711726,0.543957183006967,0.043022523000365596,0.04824881981177863,0.04822614584733049,0.0024181883400191434,-0.026544123877570894,0.20776924000612387,0.6106326668761779,1.1163266022269778,red,True
12.8,3586.303118644,FOLLOW,0.5491503344201679,0.5472310352518687,0.04323794026831137,0.04824899890529549,0.04137031740839834,0.011011384870595135,-0.03444266597538469,0.38903649661290496,0.6800560481601354,1.0971736179086957,red,True
13.0,3586.553451974,FOLLOW,0.5591092333013142,0.5571676920852692,0.04390311540646913,0.04004791186179257,0.0397978218293758,0.013695277968546152,-0.03499473291684688,0.4368922853301754,0.6938852096239471,1.0725791199842145,red,True
13.2,3586.805763596,FOLLOW,0.5671945348322489,0.5652333406883728,0.04446647115800371,0.03921510194648196,0.039369799354482087,0.01651094358329555,-0.03443423874176901,0.4757415839551743,0.7182868843060738,1.0884087070148576,red,True
13.3,3586.903676173,FOLLOW,0.5698611613437292,0.5678931102599594,0.04465757927252318,0.03921508824484214,0.039369799354482087,0.01651094358329555,-0.03443423874176901,0.4757415839551743,0.7182868843060738,1.093277122504607,red,True
13.5,3587.103572572,FOLLOW,0.5778929990213284,0.5759030003197537,0.04525088930564874,0.03929541868729734,0.039585439888381604,0.017817864950683916,-0.0337068995016937,0.4887002905496742,0.7329081652154457,inf,red,True
13.7,3587.353467895,FOLLOW,0.5869419120984904,0.584924598859727,0.04595336452579598,0.03594550877231449,0.036230630044664806,0.018333608757728236,-0.04277365355895987,0.5630961437851287,0.7269495850608813,inf,red,True
13.8,3587.45315869,FOLLOW,0.5894085357480187,0.5873832467207303,0.046151562323305056,0.03628016420571222,0.036230630044664806,0.018333608757728236,-0.04277365355895987,0.5630961437851287,0.7269495850608813,1.055738075953457,red,True
14.0,3587.704557702,FOLLOW,0.5981473154794174,0.596091750563431,0.04687827044716593,0.037054126165364056,0.03685804552951935,0.020534135195070857,-0.03767719629929936,0.564570897410757,0.740670792775313,1.027245122235828,red,True
14.2,3587.903440125,FOLLOW,0.6044273200237361,0.6023478723776312,0.04742540899832531,0.03691160847439935,0.0295842561300955,0.01827885777507256,-0.03271910476651618,0.5718407895234217,0.5989830590611488,1.042092614061191,red,True
14.3,3588.002828797,FOLLOW,0.6074594067660447,0.6053677314512698,0.04769743647720245,0.029636457045563027,0.02938210877635364,0.018680488152974375,-0.03163261911275328,0.5758089550592175,0.5973192679685398,inf,red,True
14.5,3588.202695244,FOLLOW,0.6126898133628109,0.6105758535620404,0.04817971710417436,0.03614728840050182,0.036089196021746914,0.023001826610957694,-0.02028602367901683,0.5216011298353499,0.6929134130935704,inf,red,True
14.7,3588.45366888,FOLLOW,0.6210259291969832,0.6188730946794602,0.04898374140278123,0.04329114303351658,0.04329052663104339,0.03014446449251209,-0.017110837008231017,0.5376471468343773,0.8456508079282388,1.0129390754109924,red,True
14.8,3588.55299629,FOLLOW,0.6254460545358013,0.6232707987105579,0.04942837329945568,0.04335819231280544,0.044009306214201335,0.03187317836433241,-0.013677949771213838,0.5358233793503607,0.8580195346716403,1.012228586229843,red,True
15.0,3588.80260725,FOLLOW,0.6359044147738304,0.6336705112714331,0.050534167415848,0.04425324128072043,0.04454751462143666,0.034264166095558476,-0.008948288911327984,0.537026912755009,0.8696295853465296,inf,red,True
15.2,3589.003114297,FOLLOW,0.6434949434466846,0.6412130120604126,0.051386608487223887,0.04516883515297828,0.045092579190019674,0.03565788486518746,-0.0060855816389635,0.5348131896411256,0.8781903704534864,0.9945933007435754,red,True
15.3,3589.102837028,FOLLOW,0.6481022042473428,0.6457886502062206,0.051925466052434144,0.045168892335437805,0.04520080417219384,0.03609953205713157,-0.005255266842196127,0.5350745203670129,0.8805441725316132,0.9902438813858596,red,True
15.5,3589.352607055,FOLLOW,0.6588980090809159,0.656502456498475,0.053253262262579926,0.04547516928269436,0.04866098053771502,0.041713914632888316,0.00629626834814026,0.5104526385821929,0.922989960969987,inf,red,True
15.7,3589.553290852,FOLLOW,0.6670997062870461,0.6646336942752842,0.0543258970245989,0.04920488361216834,0.04911928623601227,0.04328166380466236,0.008846889587170503,0.5114164236259842,0.9326692540059861,0.9806913486734854,red,True
15.8,3589.702889148,FOLLOW,0.6738313280006153,0.6713016452691323,0.05524949673916495,0.0498015875328871,0.04971340273968824,0.04463402483097285,0.011352091403460607,0.5084572445366811,0.9408854347799889,0.9645171837099875,red,True
16.0,3589.954699042,FOLLOW,0.6840212978225978,0.6813844543954951,0.0567231848585827,0.05002746027046212,0.050817050888004596,0.047658567737496424,0.016980348208461615,0.5035045000777645,0.956529878291519,0.960777780312039,red,True
16.1,3590.052540841,FOLLOW,0.687482090781965,0.6848057345089273,0.05724464686968299,0.05091259697823315,0.05120833201449632,0.04894408120033045,0.019601726505376338,0.5008748563672896,0.9610895572576635,0.9613020698533372,red,True
16.3,3590.253150772,FOLLOW,0.6979331650536107,0.6951270503467994,0.05888615327515405,0.05166892217480405,0.05190566268630042,0.050684415873494607,0.022660310317332177,0.4977362947967135,0.9707832770618201,inf,red,True
16.5,3590.452947463,FOLLOW,0.7067490876219356,0.7038204398747392,0.06035074024447164,0.05199254644539564,0.05265063564130949,0.05315576219202577,0.026965870785255752,0.4959425292523576,0.9827488263170657,0.9276176500760296,red,True
16.6,3590.602599413,FOLLOW,0.7139207452130512,0.7108827973615822,0.0615979650536153,0.05274045190276825,0.05257860200011722,0.05336590608915296,0.028787958883172537,0.4898649023922435,0.974746927849061,inf,red,True
16.8,3590.812400953,FOLLOW,0.7228853837600421,0.7196977926118714,0.0632289373684814,0.05300252815689285,0.05355793667723398,0.05584623344453437,0.03377610472941517,0.48138137144847865,0.9834368266777347,0.908512357723422,red,True
17.0,3591.052772529,FOLLOW,0.7337630967444386,0.7303731185432837,0.06531719783736313,0.053650282935224704,0.0534356279903499,0.05589661674731018,0.03492581054405004,0.4774768442433274,0.97684429623193,inf,red,True
17.1,3591.152923804,FOLLOW,0.7392231029295256,0.7357224488964188,0.06641093478284926,0.05352770030773869,0.053933492483512466,0.05747129481943323,0.03829496462974316,0.47232511516732295,0.9801570842094993,inf,red,True
17.3,3591.403064647,FOLLOW,0.7520548974859523,0.7482686695735672,0.0691025496004249,0.05393771638373549,0.055029735774244616,0.060055194487906104,0.044346272403830184,0.45702242005489435,0.982535777671344,inf,red,True
17.5,3591.602740772,FOLLOW,0.7613842006498838,0.7573664662649666,0.0711678038334409,0.055125337660128275,0.05552076471178439,0.06092971463838538,0.04648208707036032,0.4496029998003358,0.9827210052154302,inf,red,True
17.6,3591.7530669,FOLLOW,0.7670230099815221,0.7628549928545382,0.0724609229858613,0.05561700189163947,0.05566118575460775,0.0614594736347307,0.04792620581587763,0.446341467761818,0.9814243676857899,inf,red,True
17.8,3591.952662371,FOLLOW,0.7765352248553592,0.7720951731229563,0.07471935170784971,0.05633385575400923,0.056629672073977254,0.06334669337501553,0.05166177906453652,0.43584385962585187,0.9861159099095724,inf,red,True
18.0,3592.203900013,FOLLOW,0.7900090360146312,0.7851416594977852,0.0780852719609072,0.05672715573678623,0.057306236836818056,0.06435617390819398,0.05388434178925243,0.42666867339498915,0.986943141315655,inf,red,True
18.1,3592.304859805,FOLLOW,0.79586335692484,0.7907941783697587,0.07960908087693136,0.057404428518803625,0.0575787603598096,0.06516325985208789,0.0566833066117253,0.4172326674902161,0.9803175816588982,inf,red,True
18.3,3592.552830816,FOLLOW,0.8077179484466377,0.8022086426591317,0.08280896983705012,0.0586520655466798,0.05926500266925108,0.0673168297952841,0.06027683379467269,0.3999991018981519,0.9877489356123426,inf,red,True
18.5,3592.752966208,FOLLOW,0.8178063935980128,0.8118878735314623,0.08565293553814662,0.0600361453048852,0.05992561488012667,0.06793878720775216,0.061552919615259986,0.3912149414278849,0.9877925389043627,inf,red,True
18.6,3592.8526099,FOLLOW,0.8239312571902981,0.8177481530036818,0.08743365009186395,0.06004574488864201,0.06052933624427417,0.06896864658674419,0.06393671848230656,0.38171749132825833,0.9857675183466381,inf,red,True
18.8,3593.10263076,FOLLOW,0.8364221802722698,0.829660260031431,0.09119161495417044,0.06244704434269765,0.06281835902867754,0.07137911495121432,0.06713339774966429,0.3609025188965299,0.9958051587055691,2.9540093703397194,red,True
19.0,3593.352788333,FOLLOW,0.849303983248391,0.8418878229689696,0.09524435111558843,0.06383862514693862,0.06347909172804375,0.07214821976942337,0.06865742503554081,0.3521944651728556,0.9947629469173855,2.9213816964361197,red,True
19.1,3593.453345819,FOLLOW,0.8558081445366477,0.848038807953609,0.09735842948934234,0.06361401891983774,0.06499921432538718,0.0735044864562543,0.07089510149702997,0.33469313403468126,0.9948849267189719,inf,red,True
19.3,3593.653560598,FOLLOW,0.8690395538759766,0.8605027519807547,0.10179882452169049,0.06513734926237512,0.06565348294250531,0.0740257622607015,0.07169458998311243,0.3274185977704609,0.9949492604330018,inf,red,True
19.5,3593.902641054,FOLLOW,0.8824650243678825,0.8730802784130488,0.10649411446456221,0.06584224382973873,0.06755318498504723,0.0750639844887352,0.07357446090292569,0.3037151897378396,0.990379216440581,2.910325052650271,red,True
19.6,3594.003010697,FOLLOW,0.8893017948520036,0.8794576385804683,0.10895795416476754,0.0676523778291344,0.06806889179618952,0.07484876369259454,0.07423588157337854,0.29086239244922096,0.9797132799517217,inf,red,True
19.8,3594.203066207,FOLLOW,0.900923601277456,0.8902551043949125,0.1132567170855688,0.06957617272319379,0.06947984032649687,0.07404751286186309,0.07596145606981232,0.2542777270592697,0.9470648334429451,inf,red,True
19.9,3594.353637752,STOP_HOLD,0.9128570774231721,0.9012854104073408,0.1178106612174276,0.07112379611050988,0.0,0.0,0.07829378424304907,0.1901648437394421,0.8925855744949381,inf,red,True
20.0,3594.40286632,STOP_HOLD,0.915275342059955,0.903513730015487,0.11875012679820522,0.07114666340845038,0.0,0.0,0.07829378424304907,0.1901648437394421,0.8925855744949381,inf,red,True
20.2,3594.65316317,STOP_HOLD,0.9186461423286075,0.9065885312516185,0.1200566800213281,0.00013512451504455792,0.0,0.0,0.08069096313954496,0.13887951095120643,0.8465735978395061,inf,red,True
20.3,3594.752786723,STOP_HOLD,0.9186594469065148,0.9065762927973953,0.12005146158947444,0.00012590147883277387,0.0,0.0,0.08069096313954496,0.13887951095120643,0.8465735978395061,inf,red,True
20.5,3595.003473112,STOP_HOLD,0.9186725510157129,0.9065642398527637,0.12004631919679036,1.4642742032371281e-05,0.0,0.0,0.08052504391976004,0.13896063025878866,0.848084847041359,inf,green,True
20.6,3595.102870289,STOP_HOLD,0.9186735298917462,0.9065633395882057,0.12004593485057394,1.4095940434356567e-05,0.0,0.0,0.08052504391976004,0.13896063025878866,0.848084847041359,inf,green,True
20.8,3595.302787813,STOP_HOLD,0.918676219583867,0.9065608660288084,0.12004487846636702,1.2326055360697223e-05,0.0,0.0,0.08052504391976004,0.13896063025878866,0.848084847041359,inf,green,True
21.0,3595.553141202,STOP_HOLD,0.9186785700162922,0.9065587046338163,0.1200439549382084,1.0728587653951211e-05,0.0,0.0,0.08044152194066692,0.13757059253546908,0.8460175532822447,inf,green,True
21.1,3595.652886264,STOP_HOLD,0.9186796237726429,0.9065577356820058,0.12004354077056702,9.942653710337325e-06,0.0,0.0,0.08044152194066692,0.13757059253546908,0.8460175532822447,inf,green,True
21.3,3595.903138212,STOP_HOLD,0.9186819696484682,0.9065555787269735,0.12004261844830239,1.002337344476716e-05,0.0,0.0,0.0804493616302364,0.13547279022073105,0.8447053354003109,inf,green,True
21.5,3596.102642532,STOP_HOLD,0.9186837020322215,0.9065539859662441,0.12004193707709371,1.0360798135073099e-05,0.0,0.0,0.08029720777823174,0.13632844126695853,0.8442785015951997,inf,green,True
21.6,3596.202964219,STOP_HOLD,0.9186844112686697,0.9065533339161037,0.12004165806642403,1.0482679057636741e-05,0.0,0.0,0.08033728258034027,0.1367259480845643,0.8429660464403989,inf,green,True
21.8,3596.4029579,STOP_HOLD,0.9186865144629597,0.9065514003841364,0.12004083049144544,1.0152570504611865e-05,0.0,0.0,0.08037094316550691,0.13596465020654405,0.8443595655909659,inf,green,True
22.0,3596.652611931,STOP_HOLD,0.9186889485849195,0.90654916276418,0.12003987236481782,1.0294434185146095e-05,0.0,0.0,0.08013866046364593,0.13628393253309745,0.8460175532822446,inf,green,True
22.1,3596.752913007,STOP_HOLD,0.9186900009111313,0.9065481954355186,0.12003945803920117,1.0312777146281127e-05,0.0,0.0,0.08013866046364593,0.13628393253309745,0.8460175532822446,inf,green,True
22.3,3596.953507687,STOP_HOLD,0.9186917422420071,0.9065465948109709,0.12003877230290076,1.0174264707668678e-05,0.0,0.0,0.08006024199891645,0.1367756832439282,0.8456699018508245,inf,green,True
22.3,3597.00283704,FOLLOW,0.9186924330138092,0.9065459598754633,0.12003850023198423,1.0145500177633922e-05,0.07562219481241512,0.0716282304870494,0.08006024199891645,0.1367756832439282,0.8456699018508245,inf,green,True
22.5,3597.202899772,FOLLOW,0.9271253977757135,0.9142904825032528,0.12337398534041778,0.07571138384965512,0.07562219481241512,0.0716282304870494,0.08006024199891645,0.1367756832439282,0.8456699018508245,inf,green,True
22.6,3597.253472044,FOLLOW,0.9322737549702489,0.9190069484309884,0.12543808127667225,0.07571085111582254,0.07576778757239444,0.0715431318338869,0.08119735353058083,0.1270610785049536,0.8319635798716758,inf,green,True
22.8,3597.452877338,FOLLOW,0.9451640307989418,0.9307715492448041,0.13070604385037302,0.07585473592114234,0.06633391238611965,0.07108079970969094,0.07796708596110201,0.24620848045944452,0.8930320151242562,inf,green,True
23.0,3597.702687572,FOLLOW,0.9616844228618827,0.9457499905693665,0.13767477020269017,0.07018183314685308,0.07294530505116716,0.07031083499934566,0.0800561582844545,0.1496574348877305,0.835311026281824,inf,green,True
23.1,3597.803116233,FOLLOW,0.9691290297243944,0.9524615623139042,0.14089606905597954,0.0730279857486143,0.0771160431142717,0.06998744013729533,0.080505768609278,0.10345363878177641,0.8088406773819259,inf,green,True
23.3,3598.002756484,FOLLOW,0.9821045130589214,0.96410508788751,0.146622289570338,0.07719690864707668,0.0771160431142717,0.06998744013729533,0.080505768609278,0.10345363878177641,0.8088406773819259,inf,green,True
23.5,3598.252808421,FOLLOW,0.9999465429876433,0.9800043870394319,0.15471819693152866,0.060871918698821345,0.0624169799260575,0.03377277460822662,0.08560916115075091,-0.19731544027847825,0.7767213717788745,inf,green,True
23.6,3598.359909123,FOLLOW,1.0063154068554265,0.9856530630262984,0.1576601096485228,0.062463401228386915,0.05770433699540087,0.02624559618441619,0.08553732138777492,-0.25432586165199933,0.7866133338661044,inf,green,True
23.8,3598.553203734,FOLLOW,1.0181024381699475,0.9960829094437442,0.1631512006484383,0.05774375838538332,0.05276758662049229,0.015348078053185913,0.08376878990689174,-0.34668710988781076,0.8208515989460438,inf,green,True
24.0,3598.752572742,FOLLOW,1.0290489298153596,1.0057452642239872,0.16829556320001707,0.05279727028808773,0.05276758662049229,0.015348078053185913,0.08376878990689174,-0.34668710988781076,0.8208515989460438,inf,green,True
24.1,3598.853202727,FOLLOW,1.0326391433902649,1.0089105952654802,0.1699897627123904,0.05279724779936091,0.06497057373142677,0.028811564659216055,0.07613807869411078,-0.20240375338020156,0.8153857807307627,inf,green,True
24.3,3599.054447942,FOLLOW,1.0453209852529326,1.020072120806557,0.17601047546719253,0.06501163502270975,0.06497057373142677,0.028811564659216055,0.07613807869411078,-0.20240375338020156,0.8153857807307627,inf,green,True
24.5,3599.30286244,FOLLOW,1.0582534235552294,1.0314184720520043,0.18221594605357835,0.060046613238078035,0.06394489119681354,0.020037966427073547,0.06937095185552325,-0.2448759379188167,0.8590942017846213,inf,green,True
24.6,3599.403658595,FOLLOW,1.0645057501344508,1.0368930291203962,0.18523601216049163,0.06397777709154455,0.06394489119681354,0.020037966427073547,0.06937095185552325,-0.2448759379188167,0.8590942017846213,inf,green,True
24.8,3599.603218235,FOLLOW,1.0752221022123691,1.046262361209391,0.1904375240822838,0.06157133335796193,0.06154329796528409,0.014899085806945472,0.0642388664241923,-0.2584474984232488,0.8442298039574568,inf,green,True
25.0,3599.852701586,FOLLOW,1.0897781887348672,1.0589661474163083,0.19754338699224067,0.060097297582836544,0.060077078816408974,0.006364453186249535,0.051902458068869034,-0.2678710614762245,0.8359112999897055,inf,green,True
25.1,3599.953174691,FOLLOW,1.0958743464127065,1.0642815614227004,0.20052826740716653,0.0590566297273261,0.059036883809781435,0.00603800421491064,0.04999814473623569,-0.2583435646914127,0.8097198444917554,inf,green,False
25.3,3600.152848041,FOLLOW,1.1058661609901996,1.07298941676018,0.20542822710642206,0.057582802193047865,0.057565346256966715,0.0036372733169338736,0.04536441248542082,-0.2541533939870382,0.7845118047923714,inf,green,False
25.5,3600.402729237,FOLLOW,1.1194759275310586,1.08484463590057,0.21211250114719105,0.05687644330833951,0.056861815758711076,0.0006878046005247406,0.04042390858650266,-0.25561139417362055,0.7766511313502524,inf,green,False
25.6,3600.502737078,FOLLOW,1.1233435238772758,1.0882131711509182,0.2140128357910884,0.05687639267053655,0.056861815758711076,0.0006878046005247406,0.04042390858650266,-0.25561139417362055,0.7766511313502524,inf,green,False
25.8,3600.752716278,FOLLOW,1.134946296577771,1.0983178785783778,0.2197153985093809,0.056876294395512686,0.07778850163580539,0.003967980332420252,0.018165999260681572,-0.08645442826502595,0.7883450226841406,inf,green,False
26.0,3600.953611773,FOLLOW,1.1528935090147605,1.1139362204885241,0.22855676321473928,0.07687540277871915,0.06115574079481157,-0.006613346804728105,0.021835887066692497,-0.21522404993491265,0.783843386011536,inf,green,False
26.1,3601.052695326,FOLLOW,1.15763866776884,1.1180638964423617,0.23089745174913637,0.06203926020909703,0.06115574079481157,-0.006613346804728105,0.021835887066692497,-0.21522404993491265,0.783843386011536,inf,green,False
26.3,3601.253238032,FOLLOW,1.1697803974945018,1.1286302839257503,0.23687850806503233,0.05079347268210955,0.049923837416035566,-0.012477088853022289,0.02493157301515264,-0.3236498441744819,0.7526536909730481,inf,green,False
26.5,3601.461248288,FOLLOW,1.1782693268119078,1.1360256967095284,0.2410462132331235,0.04992708639276311,0.06122282714102279,-0.01162854199313885,0.013617984639125238,-0.215815482247581,0.7854576004251925,inf,green,False
26.6,3601.610420246,FOLLOW,1.1866079471787538,1.1432976307551646,0.24512684452758146,0.061226982489122395,0.08300855549617858,0.007191393598723832,0.00012443474700796556,0.05760705978193825,0.7913604378615029,inf,green,False
26.8,3601.852674689,FOLLOW,1.203804020404384,1.1582949410899408,0.2535402610862143,0.0870324089815156,0.08701566842851419,0.002882936219260299,-0.0021101378402161135,0.03641630313391127,0.7911470068812158,inf,green,False
27.0,3602.013650776,FOLLOW,1.218599541611361,1.1711930857083297,0.2607890753529862,0.08703254916483978,0.05377421349443845,-0.022016415981600496,0.004097311388795766,-0.2970089800607767,0.7808564521110208,inf,green,False
27.1,3602.154015712,FOLLOW,1.2259088650293106,1.1775680493951328,0.2643648293473886,0.053769861201178756,0.05377421349443845,-0.022016415981600496,0.004097311388795766,-0.2970089800607767,0.7808564521110208,inf,green,False
27.3,3602.352714718,FOLLOW,1.2350497633724482,1.1855549314243554,0.2688106867597053,0.053770117981603256,0.05377421349443845,-0.022016415981600496,0.004097311388795766,-0.2970089800607767,0.7808564521110208,inf,green,False
27.5,3602.603108614,FOLLOW,1.2460188966456176,1.1951606686075382,0.2741070543258574,0.053770399018575,0.027455866393355583,-0.017313648913480726,0.025686430066732324,-0.5446950663429215,0.5403629484161134,inf,green,False
27.6,3602.753657289,FOLLOW,1.2515257697014543,1.1999917639265956,0.27675018856900824,0.02745664983248649,0.01943173910049661,-0.021510886186703652,0.07558264547347565,-0.9166953488575972,0.5330350102882958,inf,green,False
27.8,3602.953004027,FOLLOW,1.2553865764882233,1.2033835476453523,0.27859453642997734,0.019428605365470194,0.03022360994879268,-0.02694127999403188,0.0375677764622942,-0.7208189450513767,0.7057332212177105,inf,green,False
28.0,3603.154715918,FOLLOW,1.2607213365685268,1.208079331467356,0.28112618355047,0.030230360345940118,0.030479799326391065,-0.027830546218691195,0.03978966693825253,-0.7383492196986422,0.7228469954118432,inf,green,False
28.1,3603.304990248,FOLLOW,1.2648486879802832,1.2117203851568776,0.283069824342968,0.030471408308098705,0.0307409103457586,-0.029044474712710877,0.043091535776992596,-0.7633199029732324,0.7450315175153486,inf,yellow,False
28.3,3603.50389727,FOLLOW,1.2710998495821988,1.2172487515366688,0.2859877143715495,0.030731605673072412,0.030925907562717837,-0.029611204580214222,0.04443226705629055,-0.7730853509769878,0.7558068568227654,inf,yellow,False
28.5,3603.752907413,FOLLOW,1.2774326695560134,1.222866583085729,0.28891080541185493,0.031111037735076917,0.019707457016568296,-0.02083685404084314,0.06703757534868343,-0.8786451734268388,0.5249759332239988,inf,yellow,False
28.6,3603.859391548,FOLLOW,1.2796444466879737,1.2248321999440788,0.2899248603878563,0.01970566706249804,0.019917168797776198,-0.02081882131544157,0.06574186163010365,-0.8710642998762013,0.5274167127804484,inf,yellow,False
28.8,3604.056753235,FOLLOW,1.2830519728779117,1.2278647024812042,0.2914789363126111,0.020599968048847932,0.020808208064329273,-0.02054294481622829,0.06256222753098745,-0.8419719428871291,0.5384002207844719,inf,yellow,False
29.0,3604.303365369,FOLLOW,1.2875448632519244,1.2318709684944487,0.29351261987852884,0.028897567652494818,0.02892611559181442,-0.014696887252556521,0.047956932572414096,-0.5884219219222253,0.5956501409792845,inf,yellow,False
29.1,3604.40293318,FOLLOW,1.290493476582227,1.234503539252433,0.29484073524139803,0.02893008038234484,0.02892611559181442,-0.014696887252556521,0.047956932572414096,-0.5884219219222253,0.5956501409792845,inf,yellow,False
29.3,3604.65368104,FOLLOW,1.2966918156187612,1.240044657684879,0.2976183891432724,0.031135096186279215,0.029558173638328408,-0.0224848543206093,0.010819225393087134,-0.5415901798052343,0.5798267923089162,inf,yellow,False
29.5,3604.852827223,FOLLOW,1.3027236254749457,1.2454486725543557,0.30029780967047165,0.029559984696112058,0.02956306157216908,-0.022569873449073855,0.011168087246989283,-0.544788079706889,0.5818922536047115,inf,yellow,False
29.6,3604.953508932,FOLLOW,1.3047337047757992,1.247252203064315,0.3011853320249712,0.02955999752582688,0.029799243002478992,-0.022509493939472634,0.012644445785844699,-0.5476073178786224,0.5882912653415088,inf,yellow,False
29.8,3605.202819725,LANE_GRACE,1.3118076563509107,1.253609715743501,0.30428738172963654,0.029658416136617554,0.015051165173375826,-0.011335858199075276,-0.02125818258342524,-0.5123404177169851,0.12361151156790584,inf,yellow,False
29.9,3605.354230364,FOLLOW,1.315230072681445,1.256691021759064,0.30577683928891647,0.015078327988088764,0.025350660121526983,-0.01647483273232566,0.048445255390998254,-0.657081453779959,0.5582856803238619,inf,yellow,False
30.0,3605.403396175,FOLLOW,1.3157427355089584,1.2571528293420924,0.30599945314960714,0.015078318171176193,0.025350660121526983,-0.01647483273232566,0.048445255390998254,-0.657081453779959,0.5582856803238619,inf,yellow,False
30.1,3605.503523056,FOLLOW,1.3181586069709792,1.2593295725251417,0.3070474147163338,0.025353285189268944,0.03507371329244837,-0.023917708348570956,0.01817672294424999,-0.5351511172671795,0.6833171285862879,inf,red,False
30.3,3605.75314581,FOLLOW,1.3245608826627975,1.265104762409839,0.3098107946346709,0.027320601987730262,0.027321268245814927,-0.019879929248865575,0.023942637436176306,-0.5866351295218556,0.5615858965502286,inf,red,False
30.5,3605.953287418,FOLLOW,1.330134321296409,1.2701419449906093,0.31219616056467847,0.02732081707911364,0.03479441021142412,-0.027326606664781903,0.0058913735194580374,-0.5308646033584294,0.6747684345947459,inf,red,False
30.6,3606.052746259,FOLLOW,1.3324886623131837,1.2722726548441141,0.31319765744889944,0.03478700332966663,0.03479441021142412,-0.027326606664781903,0.0058913735194580374,-0.5308646033584294,0.6747684345947459,inf,red,False
30.8,3606.253006446,FOLLOW,1.3396100491470802,1.278728565187747,0.3162035267204846,0.035034170924318986,0.048033399574910846,-0.037494093073582146,0.009036365591277212,-0.5437046392044664,0.9443612919917752,inf,red,False
31.0,3606.502944491,FOLLOW,1.3482818602524187,1.2866103463391254,0.3198198244278737,0.04036204505659801,0.030933408491885514,-0.024141353119443137,0.012674842139741543,-0.5611971191447962,0.6194396484943653,inf,red,False
31.1,3606.603527455,FOLLOW,1.351878397475216,1.289885706962507,0.3213054520434221,0.03092963135243481,0.029473233793297728,-0.0227220308056888,0.015253773779164204,-0.5684274741701536,0.5946393616264528,inf,red,False
31.3,3606.802796724,FOLLOW,1.3579421390871262,1.2954162722979325,0.3237917640599413,0.02947049271638386,0.04446668963395361,-0.037405361467447655,-0.0008313071540939632,-0.5287289724355738,0.8603646452365273,inf,red,False
31.5,3607.05287411,FOLLOW,1.3654737803663233,1.302300647009188,0.3268464076921963,0.04071459553039968,0.04072865913153811,-0.03448862209087953,-0.0046932373039799136,-0.512543412288232,0.774305616287876,inf,red,False
31.6,3607.152909694,FOLLOW,1.3696266775611137,1.306104625399787,0.32851262747037047,0.040714701814557136,0.0393000149933238,-0.03317915920524122,-0.000997032503784051,-0.5296299196465443,0.7611347870906581,inf,red,False
31.8,3607.403960804,FOLLOW,1.3789106694185156,1.3146292093847405,0.33219006569464316,0.037527864195346275,0.03608322434107314,-0.030076501656319976,0.006018337975553928,-0.557932773082938,0.7201104823920409,inf,red,False
32.0,3607.602525313,FOLLOW,1.3863936505088152,1.3215206448599826,0.3351060473041712,0.03790461010979081,0.03791758278845505,-0.03355053980822583,-0.022113000789374726,-0.44393565324378015,0.6666666666666652,inf,red,False
32.1,3607.703038553,FOLLOW,1.3889711637498658,1.3238986732299745,0.33610030758783205,0.03790460896843842,0.038037612552356874,-0.03372938202898098,-0.02282213286528488,-0.44127256819690086,0.6666666666666653,inf,red,False
32.2,3607.802672421,FOLLOW,1.3928494835680971,1.327481004233126,0.3375863279723735,0.038024459197523466,0.038037612552356874,-0.03372938202898098,-0.02282213286528488,-0.44127256819690086,0.6666666666666653,inf,red,False
32.4,3608.053620566,FOLLOW,1.4017098850547873,1.3356836932176792,0.3409362897126017,0.03614059503949265,0.03465490040635276,-0.028933777717215146,-0.0002215994810695343,-0.5282115893937268,0.6701475038846251,inf,red,False
32.5,3608.153655424,FOLLOW,1.4041188245505327,1.3379180791152738,0.3418365717490944,0.03464648365061471,0.03461551373800257,-0.028838628874949382,-0.0007199619593317719,-0.5247117134412489,0.6668618962566135,inf,red,False
32.6,3608.303054848,FOLLOW,1.4088281369305287,1.3422912345802196,0.3435838865307025,0.0346072370463932,0.03525918100454361,-0.029330941763384154,-0.005820617721918858,-0.49813963128988936,0.6597430797292556,inf,red,False
32.7,3608.403604108,FOLLOW,1.411202359952086,1.3444985100675437,0.34445845417775695,0.0352504156285484,0.018518057436743375,-0.017431628717943223,0.07170987002118573,-0.8528311935120519,0.48333333333333195,inf,red,False
32.9,3608.60328407,FOLLOW,1.416611587604544,1.34953330952018,0.34643595324647836,0.018521396642256643,0.01856267896713892,-0.017542702497476772,0.07023290046542857,-0.849819599911758,0.4833333333333327,inf,red,False
33.0,3608.70340536,FOLLOW,1.4185052468872175,1.3512979384980546,0.3471229971004979,0.018565920304585336,0.024266774953889698,-0.022620982740005895,0.055475883481476695,-0.7999237425911733,0.6066308213185224,inf,red,False
33.1,3608.802724954,FOLLOW,1.4201469930252575,1.352828775869565,0.3477161808423938,0.024264817699994574,0.026059365312984382,-0.022829968321445956,-0.017500503088821867,-0.4633581450337306,0.4687201103619696,inf,red,False
33.2,3608.952628128,FOLLOW,1.4235662793098471,1.3560198615385877,0.34894438389191657,0.02605719602244576,0.018616421332656456,-0.01758353632006646,0.06905879238669238,-0.8462115884379519,0.4833333333333327,inf,red,False
33.4,3609.153240239,FOLLOW,1.4278133896254537,1.359988622883149,0.35045661999189043,0.024314934933776906,0.024291988419533235,-0.02223322299690699,0.025005375919418815,-0.6827287867954273,0.5479507322985373,inf,red,False
33.5,3609.252575415,FOLLOW,1.4302918791196024,1.3623073240777177,0.3513321385477019,0.024290435461989508,0.024291988419533235,-0.02223322299690699,0.025005375919418815,-0.6827287867954273,0.5479507322985373,inf,red,False
33.6,3609.353147622,FOLLOW,1.4319436286868845,1.363853652608532,0.3519127798664568,0.024290435208037357,0.02426828557524686,-0.022276026275287714,0.028649145979425916,-0.6983885278591789,0.5553334680554489,inf,red,False
33.7,3609.462008732,FOLLOW,1.434419673079278,1.3661732583365993,0.3527789339492887,0.024266686354945735,0.024361252716853365,-0.022396743426840598,0.03020786544569498,-0.7051067556671915,0.5608705198731329,inf,red,False
33.9,3609.652804805,FOLLOW,1.4394054232386138,1.3708497731017113,0.35450748090604656,0.024524008036739525,0.02456699825773841,-0.022583856888193143,0.029226063060725227,-0.7012608831448415,0.5636390457819747,inf,red,False
34.0,3609.804079972,FOLLOW,1.4427396023341617,1.373981416988883,0.3556518362401548,0.024465739330043982,0.024678596245052177,-0.022664940318129906,0.02759648372448814,-0.6944859875653838,0.5627162038123605,inf,red,False
34.1,3609.903114498,FOLLOW,1.4452491418836608,1.376340749724591,0.3565070177762756,0.02467656982313568,0.024678596245052177,-0.022664940318129906,0.02759648372448814,-0.6944859875653838,0.5627162038123605,inf,red,False
34.2,3610.002991202,FOLLOW,1.4469271484277515,1.3779193845024702,0.3570758919335014,0.024676565143558767,0.02474069070199879,-0.022666289914463518,0.027388596052380892,-0.6926342484076285,0.5631776247971678,inf,red,False
34.4,3610.203055539,FOLLOW,1.4511305185384458,1.3818775442101732,0.35849055524420226,0.024738646099247617,0.02485222002702498,-0.02275504759826364,0.0262144879736447,-0.6877308329343672,0.5631776247971676,inf,red,False
34.5,3610.353561463,FOLLOW,1.454739565613941,1.3852802458139617,0.35969339862410143,0.03189933386699157,0.031849187266577796,-0.028670579730976465,0.009507783032948275,-0.6095365788617358,0.6698524906797438,inf,red,False
34.6,3610.452959907,FOLLOW,1.4579913766728834,1.3883493884882578,0.360767936698937,0.03184070070040299,0.031849187266577796,-0.028670579730976465,0.009507783032948275,-0.6095365788617358,0.6698524906797438,inf,red,False
34.7,3610.552709086,FOLLOW,1.4601565434216388,1.3903946206770739,0.3614785500167603,0.03184067860173256,0.03208426431236653,-0.02890374469006745,0.0093105535842391,-0.6090007644625013,0.6744384837165578,inf,red,False
34.9,3610.75297398,FOLLOW,1.4666973178538991,1.3965812270492228,0.3636016415645475,0.032161008052438926,0.03252602867050525,-0.029089757519403365,0.008271979473003316,-0.6009186790842477,0.6782481177653852,inf,red,False
35.0,3610.902441816,FOLLOW,1.4710949131378943,1.400747493153837,0.36500913889863107,0.03251696644304286,0.034094989288140864,-0.029291774910562614,0.005711883464075779,-0.5703370516355855,0.6892423204458641,inf,red,False
35.1,3611.002862996,FOLLOW,1.4745694157943543,1.4040429576600282,0.36611008160322495,0.034085680869046564,0.04205761267138357,-0.03511657203927814,-0.004719422597242368,-0.5055806740706544,0.7934700256823756,2.326621269142532,red,False
35.2,3611.102947934,FOLLOW,1.4771464785336894,1.406489281583105,0.3669204825871892,0.042042142227669596,0.04205761267138357,-0.03511657203927814,-0.004719422597242368,-0.5055806740706544,0.7934700256823756,2.307071946596589,red,False
35.4,3611.353398919,FOLLOW,1.487152446089913,1.4160036456994016,0.3700181782191627,0.04204180160910716,0.04139694412862766,-0.022872289027609537,-0.011398155248526748,-0.29412117815361816,0.5986353256358863,inf,red,False
35.5,3611.465468619,FOLLOW,1.4914194790378381,1.420068580240589,0.3713158158980945,0.04139414668853404,0.04139694412862766,-0.022872289027609537,-0.011398155248526748,-0.29412117815361816,0.5986353256358863,inf,red,False
35.6,3611.553834039,FOLLOW,1.4942343091836425,1.4227519425243587,0.37216601262896537,0.04139463796141125,0.05281178591851792,-0.027910827819106043,-0.014290280168318417,-0.2605947878678263,0.7268164690784251,inf,red,False
35.7,3611.65306255,FOLLOW,1.4980823460074106,1.4264223551163508,0.3733216308496732,0.02992539269301894,0.05281178591851792,-0.027910827819106043,-0.014290280168318417,-0.2605947878678263,0.7268164690784251,2.291119490069928,red,False
35.9,3611.903528572,FOLLOW,1.5105752623178779,1.4383554729955523,0.37701934458126896,0.05252618299804125,0.0526072763120381,-0.029612929141963396,-0.016090714165829134,-0.2720705997914056,0.7365792446754926,inf,red,False
36.0,3612.002814174,FOLLOW,1.5141493634698162,1.4417739968222865,0.37806236463568876,0.0525973578738084,0.0526072763120381,-0.029612929141963396,-0.016090714165829134,-0.2720705997914056,0.7365792446754926,inf,red,False
36.1,3612.103135869,FOLLOW,1.5195142906427481,1.4469092125314889,0.3796154212176506,0.05259729936440429,0.057807356873637236,-0.026929171159606587,-0.017403109569190008,-0.19927570842526593,0.7217196821383567,inf,red,False
36.2,3612.256002004,FOLLOW,1.5254025729355178,1.4525501398862444,0.3813041451949965,0.05780037296480091,0.035365230299794666,-0.03805396361378818,-0.01756066244170254,-0.581761688873254,0.723338088052458,inf,red,False
36.4,3612.452818598,FOLLOW,1.5324479100661899,1.4593100311826885,0.3832891935556609,0.03534526632847967,0.03574047853045303,-0.03838042696485732,-0.01833227661181852,-0.5769133775290868,0.7274031582435558,2.2682575527113316,red,False
36.5,3612.553427784,FOLLOW,1.5360780901703615,1.4627988492634936,0.3842923594353367,0.035719996107821346,0.03578395093075135,-0.03836089317597783,-0.018616416814085268,-0.5745105288141032,0.7264966030121756,inf,red,False
36.6,3612.702819981,FOLLOW,1.539732424543794,1.466314713826077,0.38528877381764953,0.035963566322329624,0.0359841237956034,-0.03831029046886595,-0.018865706714390418,-0.5690601777543801,0.7264746125354803,inf,red,False
36.7,3612.803420146,FOLLOW,1.5434007002041559,1.4698477839022164,0.38627550966131263,0.03596341031088067,0.03583602941460244,-0.03782929709946477,-0.018546566497920358,-0.5653266230563612,0.7206973595530541,inf,red,False
36.9,3613.003412887,FOLLOW,1.5494945907343325,1.475725282967264,0.38788497817323137,0.0358155997890928,0.03170865202137807,-0.03414225410537074,-0.023065863499602435,-0.5561373081700316,0.6316213581129303,2.2380057678222656,red,False
37.0,3613.152639831,FOLLOW,1.5538179300931656,1.479901224291543,0.38900424007360995,0.03192312494450978,0.031939489753602834,-0.03416819352021676,-0.023030213751409512,-0.5521665089392557,0.6335773428331071,2.248429666519165,red,False
37.1,3613.302933551,FOLLOW,1.5570699015694893,1.4830456350245875,0.3898336920850899,0.03179496903098898,0.031810995012762217,-0.03373913581398615,-0.023126441183765417,-0.5462365095283604,0.6270984351145875,inf,red,False
37.2,3613.403825269,FOLLOW,1.5592319570650557,1.4851377196618702,0.39037927835228065,0.03179489003634039,0.03214727344827606,-0.03403101630036453,-0.02332970576426166,-0.5440415491390785,0.6322575380564187,inf,red,False
37.4,3613.652881787,FOLLOW,1.5657861526744807,1.4914871724469203,0.39200463062853874,0.03213051841449147,0.0322895575725123,-0.033863475899848144,-0.023471637736326767,-0.5374406699547363,0.6306155100691241,inf,red,False
37.5,3613.752761469,FOLLOW,1.5690777917387237,1.4946800857553537,0.39280474514411046,0.032272844095800786,0.03131549549883752,-0.03223843274032023,-0.021586822380105786,-0.5351813279728195,0.6101180555568692,2.22981341374693,red,False
37.6,3613.854165431,FOLLOW,1.5722717752806987,1.4977808063346223,0.39357094028880385,0.031300562734338386,0.026930438014856214,-0.027980599451406126,-0.027065990031744952,-0.5135857331581446,0.5125679991265081,inf,red,False
37.7,3613.952893581,FOLLOW,1.5753214339336734,1.5007436928170934,0.39429323880789235,0.02692025587446599,0.026930438014856214,-0.027980599451406126,-0.027065990031744952,-0.5135857331581446,0.5125679991265081,inf,red,False
37.9,3614.202786088,FOLLOW,1.5810090356553201,1.5062753397123962,0.395615966793454,0.03286860842893677,0.03288678145689914,-0.03484421587804409,-0.03010436929312968,-0.5108891715486089,0.624087773253646,inf,red,False
38.0,3614.353401454,FOLLOW,1.584371841272696,1.5095495262984207,0.3963828786216676,0.03318210889328652,0.03320069342080204,-0.03478636943808835,-0.030437431947417187,-0.5018577520916218,0.6237979736743255,2.229716216586985,red,False
38.1,3614.453186215,FOLLOW,1.5877564074602388,1.5128475488480906,0.3971433556986097,0.03318193611133989,0.03312037347876852,-0.03449262217833509,-0.03006707786096588,-0.49980160704354354,0.6208701100432974,2.21762101886513,red,False
38.2,3614.552561854,FOLLOW,1.5900074428256987,1.515042469790653,0.39764283604516476,0.03310185328256154,0.031322852847368306,-0.032275940403121296,-0.026405969428373643,-0.5116618949302096,0.5949135704469146,inf,red,False
38.4,3614.752957316,FOLLOW,1.5963966362113982,1.5212785206462098,0.3990332766109202,0.027574917808492777,0.0275867204776728,-0.02855220739771926,-0.03557545142028723,-0.46692899560246404,0.4982443307432251,inf,red,False
38.5,3614.903483863,FOLLOW,1.6001468342517748,1.5249429478437926,0.399830736961336,0.027574911588010786,0.027910845677898203,-0.028492360508014947,-0.035574130858359934,-0.4577790041590091,0.4987778627254855,inf,green,False
38.6,3615.00264806,FOLLOW,1.602981071841147,1.5277143405818576,0.40042426898387035,0.02789897569783081,0.027972499413329563,-0.028414967602881435,-0.03585922421864776,-0.45299224293813584,0.4970901044825348,2.2020381944976655,green,False
38.7,3615.102601553,FOLLOW,1.604880213542651,1.5295723016105585,0.4008176126263472,0.027960630022855593,0.027972499413329563,-0.028414967602881435,-0.03585922421864776,-0.45299224293813584,0.4970901044825348,2.1809531516078184,green,False
38.9,3615.3542179,FOLLOW,1.6098003586820373,1.5343892020333532,0.40182023355277047,0.020176856135328,0.03042034416191591,-0.031226102928207558,-0.06744859930312203,-0.277402448807057,0.42930865893406867,inf,green,False
39.0,3615.502988889,FOLLOW,1.6142569707899328,1.5387568290991467,0.40270634369753194,0.030506244834427047,0.03052217712513328,-0.031289420579869276,-0.06721295952131484,-0.2778482555908645,0.4310292608563955,inf,green,False
39.1,3615.603974585,FOLLOW,1.617368598753188,1.541808681140255,0.4033133204408768,0.03050607240148667,0.031031591568695203,-0.0314126398302378,-0.0674501014668464,-0.26678894439578404,0.4310733788544039,inf,green,False
39.2,3615.703117145,FOLLOW,1.6194769504588113,1.543877591301536,0.4037192224689998,0.03101521767717361,0.0312878235613069,-0.03157896184324338,-0.06775371402572959,-0.26268193511358995,0.43195573881457155,2.1928796372712425,green,False
39.4,3615.953045091,FOLLOW,1.6258705435323633,1.550156662457888,0.4049238665374818,0.03149055596171335,0.03150739607468787,-0.0314953432811268,-0.06691235128988028,-0.2606850120532325,0.4336763407368985,inf,green,False
39.5,3616.052829145,FOLLOW,1.6290825705225962,1.5533139659289272,0.4055142432709694,0.03149036933100822,0.03232358947636008,-0.03179452365997167,-0.06745310579429493,-0.2453780547058444,0.4346028186950745,inf,green,False
39.6,3616.153511593,FOLLOW,1.63232122225779,1.5564992946211011,0.40609951115838794,0.03230601204651405,0.03277220677203168,-0.032083705340625636,-0.06829597069386857,-0.23660812060641687,0.43464693669308285,inf,green,False
39.7,3616.303916409,FOLLOW,1.6356463063582918,1.5597715130924559,0.4066900721399199,0.03275405487046019,0.032900352915562286,-0.03193220878961232,-0.06769024773982654,-0.23412854612266135,0.43464693669308285,inf,green,False
39.9,3616.50322427,FOLLOW,1.6412273828374726,1.5652680103294205,0.4076579888656921,0.03288205817948557,0.03346535538695431,-0.03214564910227022,-0.06721971925807417,-0.22962379392849003,0.43897050049790426,inf,green,False
40.0,3616.652714491,FOLLOW,1.645756172514489,1.56973187111431,0.4084220921799905,0.033446520487035475,0.03420605149349621,-0.032495525199462486,-0.06829897502131724,-0.2148755894149077,0.43817637653375346,inf,green,False
40.1,3616.752693094,FOLLOW,1.6492422258582953,1.5731701219660759,0.4089974091313546,0.0341865663437042,0.03438463221628769,-0.0324712506516349,-0.06776047376248896,-0.21408407200847848,0.43989697845608045,inf,green,False
40.2,3616.902891263,FOLLOW,1.6527572467459144,1.5766388017332877,0.4095662877852133,0.03467176266854472,0.03469164752115488,-0.032655436584839055,-0.06806408632137215,-0.20987037963758182,0.440779338416248,inf,green,False
40.4,3617.153151918,FOLLOW,1.659897290897561,1.5836902653899658,0.41068741021837885,0.035337383829769586,0.03554322979862643,-0.03278397399832553,-0.06776272700807533,-0.19764165835533884,0.4425440583365833,inf,green,False
40.5,3617.252713565,FOLLOW,1.6635077491077346,1.5872586605221122,0.41123691396458817,0.035522566600830814,0.03554322979862643,-0.03278397399832553,-0.06776272700807533,-0.19764165835533884,0.4425440583365833,inf,green,False
40.6,3617.353868796,FOLLOW,1.6659232791669476,1.5896470396974225,0.41159806304266144,0.035522440239046243,0.03554322979862643,-0.03278397399832553,-0.06776272700807533,-0.19764165835533884,0.4425440583365833,inf,green,False
40.7,3617.502759727,FOLLOW,1.670754313782004,1.5944261012784176,0.4123047676101591,0.03552219402405219,0.03554322979862643,-0.03278397399832553,-0.06776272700807533,-0.19764165835533884,0.4425440583365833,inf,green,False
40.9,3617.704040586,FOLLOW,1.6769195224749383,1.6005293585091445,0.41317652323680715,0.037418566594571843,0.03816236820750295,-0.03377035880366845,-0.06891220879398077,-0.16222922901001363,0.4469999761354299,inf,green,False
41.0,3617.853296311,FOLLOW,1.6808088177091491,1.604381956311565,0.4137095287925751,0.03813959807390544,0.038084319113118284,-0.033434843652721695,-0.06776723349924824,-0.16443793585585792,0.4478382180975892,inf,green,False
41.1,3617.954856856,FOLLOW,1.6846938690132027,1.6082321148464636,0.4142290385857816,0.03806183156776842,0.038709681062313935,-0.03379770112528689,-0.06861009839882189,-0.1553740444924137,0.4478823360955976,inf,green,False
41.2,3618.103310153,FOLLOW,1.6886390836846594,1.6121436422852544,0.4147434886178737,0.03868657530761312,0.039357653276113985,-0.034173894316275655,-0.06945296329839551,-0.1462843438773226,0.44792645409360593,inf,green,False
41.4,3618.404077188,FOLLOW,1.6966810830052457,1.6201221935119383,0.4157515717971524,0.039519881073930674,0.04022662573638881,-0.033921869106617784,-0.0682422684721735,-0.13553641848447656,0.4488088140537736,inf,green,False
41.5,3618.553733009,FOLLOW,1.7007344304658192,1.6241461001328787,0.41623920603479125,0.04020297916487733,0.0404209956276974,-0.033730107348559885,-0.06763654551813153,-0.13296121829862817,0.4488088140537735,inf,green,False
41.6,3618.652909425,FOLLOW,1.7048414863988983,1.6282249703247622,0.4167195310694193,0.04039748867890469,0.0404209956276974,-0.033730107348559885,-0.06763654551813153,-0.13296121829862817,0.4488088140537735,inf,green,False
41.7,3618.752831157,FOLLOW,1.7075885137542954,1.630954036390034,0.4170331476077971,0.04039743251054388,0.04624886924203136,-0.037122236205546215,-0.05622861804610519,-0.1837702362713383,0.5624731942646433,inf,green,False
41.9,3619.002632688,FOLLOW,1.7186652984073987,1.641965108905775,0.4182375938416325,0.047053787165549546,0.04739723136350991,-0.03712038973973305,-0.05612007284311297,-0.17036404946447617,0.5632016002895038,inf,green,False
42.0,3619.10281959,FOLLOW,1.7234857940184438,1.6467601591228742,0.4187322125984347,0.04736883885422459,0.048278634518858395,-0.037024438628579064,-0.0557704082950591,-0.16085148369584676,0.5641071625148177,inf,green,False
42.1,3619.202903001,FOLLOW,1.726735684418639,1.6499939110123294,0.4190556817758701,0.04825030171321804,0.04872135522065086,-0.03709465198738521,-0.05533298678771518,-0.15969946352561046,0.5681107579008122,inf,green,False
42.2,3619.303438772,FOLLOW,1.731671678712437,1.6549068822106423,0.41953184239906427,0.048692834835516174,0.04872135522065086,-0.03709465198738521,-0.05533298678771518,-0.15969946352561046,0.5681107579008122,inf,green,False
42.4,3619.553189584,FOLLOW,1.7432605400298362,1.6664483378967023,0.4205785933978121,0.04869255793001573,0.05089335403376713,-0.03693240016740994,-0.05470418779024291,-0.13806235703784042,0.5704957922702089,inf,green,False
42.5,3619.652921343,FOLLOW,1.7466426371011203,1.6698182592999797,0.42086530926110194,0.05086468836392425,0.05089335403376713,-0.03693240016740994,-0.05470418779024291,-0.13806235703784042,0.5704957922702089,inf,green,False
42.6,3619.756498262,FOLLOW,1.7518308277404269,1.6749890937143974,0.4212892979480333,0.050864548509937546,0.0515356197786245,-0.036719431388190206,-0.05411340389712736,-0.13244531045535063,0.5716645640112216,inf,green,False
42.7,3619.853076672,FOLLOW,1.7570836993107253,1.680225937327814,0.42169929938658424,0.051506944837613304,0.05258211862119737,-0.036728915148824794,-0.053784829504250176,-0.12453758968274381,0.5746103700411456,inf,green,False
42.9,3620.103167638,FOLLOW,1.7677871934593692,1.6909012046863048,0.4224758008590207,0.05315208250525889,0.054251533279166535,-0.03647868802479617,-0.052921062255966544,-0.111491199664306,0.578107955012269,inf,green,False
43.0,3620.203029873,FOLLOW,1.7732437021483587,1.69634542038712,0.4228418241312687,0.05422261751139744,0.054251533279166535,-0.03647868802479617,-0.052921062255966544,-0.111491199664306,0.578107955012269,inf,green,False
43.1,3620.302883296,FOLLOW,1.7787743965851055,1.7018649687578078,0.42319273232750815,0.05422238427183917,0.05500355814124988,-0.03620881329063271,-0.052104098078715806,-0.10678501785023656,0.5807287332174969,inf,green,False
43.2,3620.461570396,FOLLOW,1.7862499568526047,1.709327404458135,0.4236353979693815,0.05497444414253315,0.056652817152926756,-0.03591662880584381,-0.05152210215227641,-0.09326390741980801,0.5821831240665121,inf,green,False
43.4,3620.652425447,FOLLOW,1.7976868853202033,1.7207481284982713,0.4242435488017002,0.05662355668656084,0.058388800832994886,-0.035896350887179906,-0.05098228653619054,-0.08316271896045271,0.5877352451522949,inf,green,False
43.5,3620.7529116,FOLLOW,1.801653066152955,1.724709659033245,0.42443553989202704,0.05835937557706955,0.0595603798772756,-0.03548072805957541,-0.05044094258653379,-0.07319623463501661,0.5871614060699588,inf,green,False
43.6,3620.852753793,FOLLOW,1.807644027076506,1.7306944370981499,0.42470758770726796,0.059531205016761554,0.0595603798772756,-0.03548072805957541,-0.05044094258653379,-0.07319623463501661,0.5871614060699588,inf,green,False
43.7,3620.952882643,FOLLOW,1.8137161958007229,1.7367612812559576,0.4249617539391637,0.05953092518180767,0.06051647775574321,-0.03535996342818899,-0.050041838095021066,-0.06775164573757063,0.5897225430102077,inf,green,False
43.9,3621.152662826,FOLLOW,1.8240516885599483,1.747089636810384,0.42534539811147465,0.06213702885730005,0.06216654780654115,-0.035160539609622385,-0.049818294683311795,-0.0559813969354788,0.5905581106558928,inf,green,False
44.0,3621.252574682,FOLLOW,1.8303896500342065,1.75342426264398,0.42555090778179216,0.06213673968668837,0.06379195810878988,-0.03485880238875504,-0.04918685881341363,-0.04665520872825535,0.593604382588868,inf,green,False
44.1,3621.40271434,FOLLOW,1.8390634850688026,1.762094608114083,0.42579666377765335,0.06389287645874332,0.06392256997294905,-0.03479900921584377,-0.04890508749156935,-0.047081791429392554,0.5953878561724325,inf,green,False
44.2,3621.502833379,FOLLOW,1.8455805446457467,1.76860974643387,0.4259547772182518,0.06389261598137706,0.06934451630628252,-0.03608616368671563,-0.04085263110767752,-0.08366869779438853,0.6987452479383627,inf,green,False
44.4,3621.704083025,FOLLOW,1.8575020331316374,1.7805289532126771,0.4261871771469466,0.07075716528304438,0.07242080135764112,-0.03498817684590917,-0.039366367459520074,-0.06751026704037134,0.7053639204580935,inf,green,False
44.5,3621.803881859,FOLLOW,1.8648281629578451,1.7878542850615524,0.42629507564053376,0.07238994761404545,0.07242080135764112,-0.03498817684590917,-0.039366367459520074,-0.06751026704037134,0.7053639204580935,inf,green,False
44.6,3621.905726731,FOLLOW,1.872211927166197,1.7952375811947543,0.42637791410937453,0.07238975438852871,0.07351848102638638,-0.03458105390331405,-0.03885006530795096,-0.06205927725977762,0.707706171006016,inf,green,False
44.7,3622.053309492,FOLLOW,1.8797062600216987,1.8027316871256547,0.42643580225161537,0.07348782098944158,0.07458081361779031,-0.03428616852562079,-0.038874506883719934,-0.05448557580876789,0.7061646671118298,inf,green,False
44.9,3622.252814804,FOLLOW,1.89506961562299,1.8180949641287005,0.4264749554487329,0.07610412024949807,0.07717916411795755,-0.032555768226126124,-0.036553122059859694,-0.04362585524751085,0.7133056810232692,inf,green,False
45.0,3622.404502189,FOLLOW,1.9029020520076523,1.825927373540826,0.42645563269662695,0.07715097617745705,0.07939817801980767,-0.03161648139322369,-0.03560079157556104,-0.03362777230921979,0.7172761470862512,inf,green,False
45.1,3622.50290053,FOLLOW,1.9108440435347223,1.8338692308712619,0.4264100045915223,0.07937121657904009,0.07939817801980767,-0.03161648139322369,-0.03560079157556104,-0.03362777230921979,0.7172761470862512,inf,green,False
45.3,3622.702985622,FOLLOW,1.927186665457061,1.850210923247914,0.42623814934134335,0.08086979413316792,0.0827669127180565,-0.029219084979511867,-0.03289627145584027,-0.020505694064595282,0.725082459960211,inf,yellow,False
45.4,3622.804215601,FOLLOW,1.9354966358509245,1.858519938100015,0.4261123218534823,0.08274334212290463,0.08340126076840189,-0.029140638559089296,-0.033051107476090406,-0.016980511607136026,0.7245145913310078,inf,yellow,False
45.5,3622.902539485,FOLLOW,1.9439787841027725,1.867000693050976,0.42595873628869363,0.08337793789534051,0.08340126076840189,-0.029140638559089296,-0.033051107476090406,-0.016980511607136026,0.7245145913310078,inf,yellow,False
45.6,3623.00318167,FOLLOW,1.9496484851098976,1.8726691960582713,0.4258422224633735,0.08337797785654627,0.08614926170275115,-0.027599093798246564,-0.03163570044528872,-0.006476113810994476,0.7295336896795963,inf,yellow,False
45.7,3623.152886238,FOLLOW,1.9584615208192426,1.8814799140844871,0.425640227041181,0.08709353905948235,0.0871139826649337,-0.027073850199469934,-0.031217303124848828,-0.002701468555084235,0.7308526823093948,inf,yellow,False
45.9,3623.402504003,FOLLOW,1.9792603858113953,1.902270915229968,0.4250695323556585,0.08750932456099592,0.08752726849312939,-0.02515865590593144,-0.029727333892636522,0.003343234431186285,0.7354902411447015,inf,yellow,False
46.0,3623.503185678,FOLLOW,1.9852110203480535,1.9082186262699479,0.4248830425546579,0.08750930078617004,0.0862543626063382,-0.02283250694190949,-0.0283755156468209,0.00985125149676086,0.7364887179429818,inf,yellow,False
46.1,3623.652625046,FOLLOW,1.9969163293788372,1.919917277567435,0.4244884311107061,0.0854792204734659,0.08549265276012756,-0.021628993044914772,-0.028059123660108817,0.015732688971930333,0.7404602170689865,inf,yellow,False
46.2,3623.752784283,FOLLOW,2.005635207524282,1.9286304070584595,0.42417191281231903,0.08547911411102334,0.09841494345295708,-0.023528811743758996,-0.02246676006351093,-0.012068104617512048,0.8448679003062428,inf,yellow,False
46.4,3623.95271849,FOLLOW,2.0197637174408847,1.9427474562810598,0.4236031880728272,0.09878850269687574,0.10181788430729388,-0.02118674323719608,-0.021139687437768333,0.0001648388372632009,0.8488320263454034,inf,yellow,False
46.5,3624.053464277,FOLLOW,2.0299385866838384,1.952912796739156,0.42316298870302127,0.10179973177729751,0.10086102206849396,-0.020012803586526417,-0.02076470032399474,0.004230065830351364,0.8493970331346633,inf,yellow,False
46.6,3624.154380185,FOLLOW,2.036829713210693,1.9597969110549802,0.4228522009722643,0.10084422550744497,0.09937730515026219,-0.017982526156968534,-0.019980809703515085,0.010859200367889838,0.8506266693490107,inf,yellow,False
46.7,3624.30319732,FOLLOW,2.0504456959329507,1.973397764650903,0.4222105866184119,0.09936283727129552,0.09905967633880959,-0.016056158414033357,-0.01855435320406698,0.014140986335341115,0.8546806680211304,inf,yellow,False
46.9,3624.502656724,FOLLOW,2.0706731931642097,1.9935998011270388,0.42119619940108793,0.09904726188867134,0.09905967633880959,-0.016056158414033357,-0.01855435320406698,0.014140986335341115,0.8546806680211304,inf,yellow,False
47.0,3624.603447404,FOLLOW,2.0807760026202247,2.0036885984236346,0.4206643090398702,0.09904705497665428,0.0979797777923978,-0.01335028531370062,-0.016887034985551195,0.02051827301273475,0.8583809780714714,inf,yellow,False
47.1,3624.703103755,FOLLOW,2.087439379824536,2.010342277022104,0.42030492828520494,0.09797075694287967,0.0708594785359449,0.003374937013135753,-0.022793588418334475,0.18207132052482727,0.859276463398294,inf,yellow,False
47.2,3624.853725166,FOLLOW,2.098055371383632,2.0209422502071344,0.41972196967670516,0.07087317617536472,0.07099332922964412,0.0036002649062515596,-0.022532116695304145,0.18239958208444373,0.8613851098776679,inf,red,False
47.4,3625.103089105,FOLLOW,2.1125388713226454,2.0354041411305115,0.4189311017996799,0.07098939662067046,0.07105152596480269,0.004609325294315317,-0.02127185413292222,0.1835224493612161,0.8637533429548689,inf,red,False
47.5,3625.20286693,FOLLOW,2.1197876363404258,2.0426423308209354,0.41853968953984105,0.07106744915871872,0.07111656428939855,0.005030369239700348,-0.020676924012645377,0.18351552816894637,0.8645337411018588,inf,red,False
47.6,3625.303402309,FOLLOW,2.1246223666878556,2.0474701026311797,0.41828038904494047,0.07113317442477782,0.07107756649569362,0.005211987416199141,-0.02046134915103378,0.18382019406562905,0.8645108055255939,inf,red,False
47.7,3625.403462084,FOLLOW,2.1318766940688483,2.0547141417508765,0.4178941739731628,0.07109465049464975,0.071145462271771,0.005256382158846572,-0.02025438605098257,0.18284813093940905,0.8638958272900411,inf,red,False
47.9,3625.652963849,FOLLOW,2.1463891301326457,2.0692066017462003,0.4171330055573687,0.071163024226061,0.07236295483822308,0.00964079682687991,-0.014341389368570087,0.18353055477991578,0.8797082329637982,inf,red,False
48.0,3625.752844128,FOLLOW,2.1536877769992726,2.076495670262268,0.4167592106686549,0.07238674602918095,0.07236295483822308,0.00964079682687991,-0.014341389368570087,0.18353055477991578,0.8797082329637982,inf,red,False
48.1,3625.852817759,FOLLOW,2.161071233431031,2.0838697913659816,0.4163880459677156,0.07238691926990752,0.07203439739868193,0.009763816153358076,-0.014538805019244823,0.1863164083072389,0.8798947741119065,inf,red,False
48.2,3625.95481685,FOLLOW,2.1684216380916164,2.091211250024474,0.4160255135112892,0.0720586876166562,0.07277979624381226,0.009678758223152584,-0.014148727563621913,0.18213057507226174,0.8826530133552597,inf,red,False
48.4,3626.203419883,FOLLOW,2.1832220231402983,2.105994651003594,0.4153167194049351,0.07280418725055258,0.07536149143492697,0.013734604912167235,-0.0018146392399591843,0.1345065801289638,0.8391919387562712,inf,red,False
48.5,3626.302918711,FOLLOW,2.190702757421188,2.113467311953771,0.41496927281343776,0.07539121253802915,0.07536149143492697,0.013734604912167235,-0.0018146392399591843,0.1345065801289638,0.8391919387562712,inf,red,False
48.6,3626.402987974,FOLLOW,2.195829374504837,2.1185886396898916,0.4147364561592258,0.0753914941463501,0.0764000854046476,0.01308944793011799,-0.004322698668726643,0.14364041364051577,0.8652952923240282,inf,red,False
48.7,3626.603578824,FOLLOW,2.2058997275735677,2.1286491997225214,0.41429247613052644,0.06764067596644484,0.06745729630483356,0.015644244436757566,-0.011539673390899063,0.22977041577590235,0.8850543654377764,inf,red,False
48.9,3626.903001261,FOLLOW,2.2196714782276667,2.14240903426318,0.41371983227023784,0.06747484079450489,0.07622905126154558,0.017016892536800974,0.00026498788171542415,0.14820354966951937,0.87060492686498,inf,red,False
49.0,3627.003553013,FOLLOW,2.2245462393355124,2.1472799949303276,0.41352738419765034,0.0762629114021215,0.07639680018062392,0.016905530657476582,0.00010727168314760699,0.14793619699136468,0.872095253193339,inf,red,False
49.1,3627.252926364,FOLLOW,2.2323306089822545,2.1550587135650208,0.4132308468776823,0.07643132390164982,0.08513838173597124,0.01434560639802187,0.0035243317857265727,0.09015914013165113,0.8694032496646653,inf,red,False
49.2,3627.3535356,FOLLOW,2.240411361282008,2.163134108783883,0.4129366756294301,0.08516889039603222,0.08522857480925211,0.014427850048019242,0.0037318470498378907,0.08931584301028658,0.8688269152365515,inf,red,False
49.4,3627.703478025,FOLLOW,2.2613433751320717,2.184054060394054,0.4122264609145849,0.09497050289860923,0.08913398881325779,0.01286816553858301,0.006726655990208328,0.05265886819034331,0.8405685519479167,inf,red,False
49.5,3627.856456413,FOLLOW,2.267806624711162,2.1905140620712773,0.41202159362633556,0.09504934658811591,0.09044326392072996,0.012411908762088648,0.006751236759540454,0.047677168486670925,0.843528839598439,inf,red,False
49.6,3627.953200664,FOLLOW,2.276951665006998,2.199654836916747,0.4117423315740056,0.09047196049094458,0.09044326392072996,0.012411908762088648,0.006751236759540454,0.047677168486670925,0.843528839598439,inf,red,False
49.7,3628.056805608,FOLLOW,2.286179809125695,2.208879018850939,0.41147195780628776,0.09047208121676911,0.09064076634079489,0.012285027356809825,0.006958339657728125,0.04515195510697849,0.8406023822708262,inf,red,False
49.9,3628.353158175,FOLLOW,2.304658058658832,2.2273502905825118,0.41096435156919986,0.09049011350749615,0.09679623652445181,0.014584968642226847,0.006965945813023023,0.055327993563285355,0.9182090866907467,inf,red,False
50.0,3628.502837822,FOLLOW,2.3145182841297736,2.237207298985539,0.4107125250174105,0.0968288166105125,0.08953212241554148,0.011998823022527536,0.004871213129195289,0.05800395888021684,0.8542930523597125,inf,red,False
50.1,3628.602908175,FOLLOW,2.3241570841199004,2.2468432948626864,0.41048006933276276,0.08956176387589168,0.09027578524972484,0.011498842969439836,0.004797457460526457,0.05401295964566382,0.8538828426159153,inf,red,False
50.2,3628.703987304,FOLLOW,2.3333166816531463,2.2560004985350517,0.4102706911357734,0.09030485428768208,0.09067645908564531,0.011194747755522639,0.004731137801493132,0.051811322719242575,0.8535135608121396,inf,red,False
50.4,3628.952972125,FOLLOW,2.3489669291920388,2.271647185744124,0.409936991528497,0.09819438444647198,0.0987395020497369,0.013645789414881749,0.007629159208878365,0.04248865712057713,0.9102314513904699,inf,red,False
50.5,3629.053022306,FOLLOW,2.3590016956730446,2.2816800157414883,0.4097398962716252,0.09877232868718659,0.09884696977891182,0.013470600867269039,0.007405546697010368,0.04267760291564409,0.9116112424417459,inf,red,False
50.6,3629.203006568,FOLLOW,2.3724419096476153,2.295118036884993,0.4094972160447421,0.09887988209012778,0.09917796756168334,0.01298562817088668,0.007180893954128629,0.04056144934969255,0.9102914402610837,inf,red,False
50.7,3629.302679329,FOLLOW,2.382538476516149,2.3052132301270367,0.4093307150751816,0.09921042993689588,0.09917796756168334,0.01298562817088668,0.007180893954128629,0.04056144934969255,0.9102914402610837,inf,red,False
50.9,3629.512575439,FOLLOW,2.3994514586073525,2.322124364997001,0.40908095589407256,0.09991795297246814,0.10051626836937322,0.011619374039235823,0.005834068551292079,0.03916696672291776,0.9196546809600917,inf,red,False
51.0,3629.652924767,FOLLOW,2.4131250367843706,2.335796791396512,0.40890358112469144,0.10054696373218569,0.09940252139448212,0.006976320893117592,0.00817857185268198,-0.007138661478192502,0.8431376980855594,inf,red,False
51.1,3629.752989341,FOLLOW,2.4198875899151386,2.3425588600301572,0.40882263644666256,0.09942684607025583,0.09924367318938203,0.006500253771798105,0.007969195305058865,-0.008907033892106599,0.8454465840922456,inf,red,False
51.2,3629.853668442,FOLLOW,2.4300184886614407,2.3526890993887966,0.4087070651737021,0.09926719741621753,0.09907019261648506,0.006104298352541195,0.00792247839685978,-0.01121732784115742,0.8487370807595781,inf,red,False
51.4,3630.104587116,FOLLOW,2.4502396145771077,2.3729091148008385,0.40849525858839053,0.09909288193186994,0.09824789214411316,0.0055908017119646386,0.007937490513800875,-0.014498376421141207,0.8484081620944646,inf,red,False
51.5,3630.207744034,FOLLOW,2.4603061338895613,2.3829751716547807,0.4083987806604488,0.0982697928108254,0.09883085698677649,0.005929610129172193,0.00774879866811174,-0.01115246045296875,0.8465531253914299,inf,red,False
51.6,3630.303443528,FOLLOW,2.4703487206975954,2.393017349286762,0.4083081390623752,0.09885311690554266,0.09883085698677649,0.005929610129172193,0.00774879866811174,-0.01115246045296875,0.8465531253914299,inf,red,False
51.7,3630.402782217,FOLLOW,2.4770707331075594,2.399739115994554,0.4082506695796178,0.0988531259190038,0.08252181466080048,-0.00242303562677429,0.010107931245906678,-0.08698660396820386,0.8372295473949327,inf,red,False
51.9,3630.652773743,FOLLOW,2.493505986402725,2.4161737459548855,0.4081075998166118,0.08176332101229986,0.08309225179676417,-0.0021418004653033645,0.01003320002914197,-0.08408874688881432,0.8380005010096958,inf,red,False
52.0,3630.804610118,FOLLOW,2.504715170222457,2.4273824458610522,0.4080034518584293,0.08310342230095207,0.08299848094969026,-0.0020840950943555384,0.010196599994644086,-0.08472384731999788,0.8381529793260294,inf,red,False
52.1,3630.952907306,FOLLOW,2.5103662042507935,2.4330332217172668,0.4079494356103004,0.08310346088967117,0.07673352027122919,-0.00762949317686895,0.00868668697810112,-0.1244131428566014,0.8383347193309592,inf,red,False
52.2,3631.05346319,FOLLOW,2.52145036847006,2.444116851020016,0.40784054907615463,0.07673959176780919,0.07696448976897399,-0.007534641917533055,0.008830920991310949,-0.1243410193113275,0.8407424795050014,inf,red,False
52.5,3631.402725076,FOLLOW,2.5449770136042886,2.4676420006330573,0.4075756989523897,0.076795083119698,0.07907466777171958,0.006482564550034896,-0.002755715014898557,0.07359382164057124,0.7801932105201497,inf,red,False
52.6,3631.502969722,FOLLOW,2.550199082512043,2.4728636562793214,0.4075100056136717,0.07679517754005277,0.08379254951790192,0.00491867281318875,-0.0020014659989727214,0.05292345860368426,0.7906585694347629,inf,red,False
52.7,3631.664674976,FOLLOW,2.5612678937521345,2.4839316135948586,0.4073725362251435,0.0838141068145649,0.08367446775576798,0.005089955556617638,-0.0019676874537509353,0.05413322559949119,0.7916532487968236,inf,red,False
52.9,3631.902690214,FOLLOW,2.5754898845385488,2.498152635951393,0.4072066021150065,0.08349610595539146,0.0768524179824179,0.000991116498808837,-0.020110160635653934,0.14181445084608985,0.8674948051112066,inf,red,False
53.0,3632.00424994,FOLLOW,2.5835641923402313,2.506226445014476,0.40711686077248693,0.07686902794372817,0.07740198355007144,0.0007171356834559811,-0.020031873905002814,0.13889956810161108,0.868997823027948,inf,red,False
53.1,3632.153110314,FOLLOW,2.591441468828176,2.514103243649377,0.4070300960586877,0.07741823366399707,0.07670141563819477,0.0009375416103398793,-0.02027394103270754,0.1424391772411326,0.866788599833594,inf,red,False
53.2,3632.252784864,FOLLOW,2.599315226311528,2.521976528396691,0.40694381640832117,0.07671794311726671,0.07670141563819477,0.0009375416103398793,-0.02027394103270754,0.1424391772411326,0.866788599833594,inf,red,False
53.4,3632.454013475,FOLLOW,2.612357272465883,2.5350178052868704,0.4068021663262832,0.07671786053543637,0.07717019862050507,0.0008706144904115461,-0.02004210900080032,0.14030139341401546,0.8686492884311505,inf,red,False
53.5,3632.603292,FOLLOW,2.622838090213626,2.5454980175289186,0.4066895077841565,0.07718640016051105,0.07766307051373093,0.005375719853537568,-0.014689578883602221,0.14366765751559943,0.8796437421181025,inf,red,True
53.6,3632.702571375,FOLLOW,2.6281199781720255,2.550779612619331,0.40663388861207006,0.07768531721782378,0.07777422302426826,0.005389659998957251,-0.014712853033844273,0.1438727710203353,0.8812350456283822,inf,red,False
53.7,3632.802680542,FOLLOW,2.6360512913611918,2.5587105218316886,0.4065538448561426,0.07779639544667834,0.0775312571707792,0.005291489456395361,-0.015131183746800468,0.14590966424342128,0.8817721368848006,inf,red,False
53.9,3633.052342114,FOLLOW,2.6518807229769337,2.574539266840539,0.40640648491809944,0.07755306801783257,0.07791709302220615,0.0050252981486694406,-0.01490929619563977,0.1419771851720496,0.8797768073534175,inf,red,False
54.0,3633.20315235,FOLLOW,2.6598299519455075,2.582488205403686,0.40633854531179797,0.0779384397976054,0.08293181245984646,0.008274141651066672,-0.0052424102761371785,0.1019734693006247,0.867282700330373,inf,red,False
54.1,3633.30924354,FOLLOW,2.668114398814415,2.5907723882940137,0.40627243143748626,0.08295749942604597,0.0827097189564795,0.008154397229435634,-0.005625822469074802,0.10371341785527727,0.8679582338628689,inf,red,False
54.2,3633.454360849,FOLLOW,2.6765536843743467,2.5992114554001913,0.40621173789892007,0.08273524187857723,0.08321503735963334,0.007877612180702835,-0.005666057364436015,0.10135361361668047,0.8691699934895676,inf,red,False
54.4,3633.652847314,FOLLOW,2.693503321651491,2.6161607856674047,0.40610999668634873,0.08303713795392359,0.09144810162846595,0.00990230012830481,0.0025237210487809407,0.056250440218251145,0.8692340963564784,inf,red,False
54.5,3633.753802238,FOLLOW,2.702822568849949,2.6254799278607357,0.4060658276797881,0.09147623894950124,0.0917880479820893,0.009539415076003923,0.00232007439819165,0.054668603446650095,0.8694404914398053,inf,red,False
54.6,3633.852594086,FOLLOW,2.712164260653722,2.634821553389504,0.4060307266144764,0.09181591053360527,0.0917880479820893,0.009539415076003923,0.00232007439819165,0.054668603446650095,0.8694404914398053,inf,red,False
54.7,3634.003422319,FOLLOW,2.721529493112254,2.6441867487709905,0.4060044847639222,0.09181612303371987,0.10736138315108228,0.008411264813393248,0.0067967319405691316,0.007587860202650937,0.9116499255613867,inf,red,False
54.9,3634.253414369,FOLLOW,2.745881292625352,2.66853851379567,0.4059655025242655,0.09133380087404701,0.09662469519779376,0.004640145664652837,0.00799353335023641,-0.020868315841177685,0.847214015345054,inf,red,False
55.0,3634.3529971,FOLLOW,2.752437635975159,2.6750948561449928,0.40596191506162205,0.09664688713009295,0.09662469519779376,0.004640145664652837,0.00799353335023641,-0.020868315841177685,0.847214015345054,inf,red,False
55.1,3634.50319816,FOLLOW,2.7622956310829503,2.68495285103631,0.4059602434773398,0.0966471330753587,0.09631532464290442,0.004104464675800471,0.007613613256987127,-0.021986198624596803,0.8467445357365249,inf,red,False
55.2,3634.654252004,FOLLOW,2.7721347817082593,2.6947920012599007,0.4059628369347853,0.09633725324528948,0.0957751394475589,0.0036452673844273253,0.007598590842143121,-0.024959241563924595,0.8479277212565363,inf,red,False
55.4,3634.903221198,FOLLOW,2.7916932989021412,2.7143505115950064,0.4059787415096127,0.09602607374848117,0.08110584104632336,-0.0038721778829347475,0.009717418237605573,-0.09670991231619092,0.8392932332177124,inf,red,False
55.5,3635.004529468,FOLLOW,2.797069898351048,2.71972710774232,0.4059846966925965,0.08111835759535661,0.08086710560763882,-0.004020362822203076,0.009720499712548784,-0.09805018685788419,0.8390807720529327,inf,red,True
55.6,3635.152603003,FOLLOW,2.808086031855314,2.7307432379748744,0.40599304037976314,0.08087918110124842,0.08069285659312535,-0.003796725256505854,0.009901577331176806,-0.09746409373677749,0.8362874745027262,inf,red,False
55.7,3635.2539193,FOLLOW,2.813580123071718,2.736237328801118,0.4059950815913876,0.08070517284172049,0.08105151429343552,-0.0035755239842838195,0.009831943673871975,-0.0950391382947848,0.8359098290272866,inf,green,False
55.9,3635.5528761,FOLLOW,2.8328724505375344,2.7555296554918156,0.40599192621699093,0.08118069308916262,0.07545435372641404,-0.0090569645072481,0.008310869923801659,-0.1356486555217301,0.8420213151419735,inf,green,True
56.0,3635.653735298,FOLLOW,2.8405766933092194,2.763233894055421,0.4059840987216628,0.07545904906260643,0.07530365887824206,-0.008705135021848467,0.008660939439148925,-0.1349966581009444,0.8393167883881878,inf,green,True
56.1,3635.764832738,FOLLOW,2.845707903999222,2.7683650966800366,0.40597503354267545,0.07545891510011901,0.07563613180937012,-0.008706410688881812,0.00861373140082268,-0.1343613185914896,0.8420213151419735,inf,green,True
56.2,3635.853652609,FOLLOW,2.853400442896036,2.7760576113267272,0.40595580315094293,0.07564097091577865,0.07563613180937012,-0.008706410688881812,0.00861373140082268,-0.1343613185914896,0.8420213151419735,inf,green,True
56.4,3636.103600267,FOLLOW,2.8716193961906993,2.7942764181011315,0.4058835754669798,0.0787196516414533,0.07871953258648513,-0.011859120847327851,0.002735898746970576,-0.11947366185213251,0.8519317469164523,inf,green,True
56.5,3636.203025536,FOLLOW,2.8769723278323776,2.7996292681006176,0.4058540301328062,0.078719525514233,0.08592150042620374,0.003665477800125315,-0.0021894718576339345,0.04336794682040067,0.7936424839936278,inf,green,True
56.6,3636.302966499,FOLLOW,2.885728721475909,2.8083855170741456,0.40580370273326904,0.08594103008838387,0.08532530752911309,0.0039176296419739355,-0.0023607429223595298,0.046699593921701366,0.7940579213437313,inf,green,False
56.7,3636.407177372,FOLLOW,2.8944346991629657,2.817091368634371,0.4057568487752922,0.08534516578797871,0.07761352145213068,-5.639371718407865e-05,-0.02062219965056055,0.13614345349206886,0.8669162797713774,inf,green,False
56.9,3636.653121281,FOLLOW,2.9076516120254094,2.8303081008884567,0.40568775422706044,0.07778528936326606,0.07770660335648923,-4.968887652595042e-05,-0.020634119328197996,0.13627919723714343,0.8681757264175658,inf,green,False
57.0,3636.757323223,FOLLOW,2.91558143321094,2.8382378112957363,0.4056458390519789,0.07772114896811119,0.07789476352796532,1.9849000424002348e-05,-0.020338573154095305,0.13493749441940164,0.8681006172925325,inf,green,False
57.1,3636.902917619,FOLLOW,2.926164070547637,2.8488202978937283,0.405589355631848,0.0779094946855583,0.07732930344222695,9.757494192920957e-05,-0.020426698719631077,0.13618157334620745,0.8638030746962405,inf,green,False
57.2,3637.003136903,FOLLOW,2.934092355451711,2.8567484680056996,0.4055466919429616,0.0773442375149946,0.08017291970240538,0.003586289098560003,-0.016304289617573915,0.13800944209665497,0.89862057917398,inf,green,False
57.4,3637.253774257,FOLLOW,2.9503006224236925,2.872956518507849,0.40546297687723476,0.07865034703146358,0.07862920245043935,0.0044391851053239085,-0.014960421250489575,0.1369875421703773,0.879643795139134,inf,green,False
57.5,3637.352799137,FOLLOW,2.9583229744540347,2.880978786009391,0.40542616188006897,0.07865062062564313,0.07862920245043935,0.0044391851053239085,-0.014960421250489575,0.1369875421703773,0.879643795139134,inf,green,False
57.6,3637.45357872,FOLLOW,2.9636712215684713,2.8863269852781808,0.4054035426344428,0.0786507627157021,0.0789320943005741,0.004113998995408546,-0.015383387954469946,0.13688091698652172,0.8828569826616424,inf,green,False
57.7,3637.552887635,FOLLOW,2.971724071398495,2.8943797742662887,0.40537225152704304,0.07895341143702843,0.07901591212084497,0.004105112351187274,-0.0150920750068895,0.1348632620493963,0.880473093974241,inf,green,False
57.9,3637.803254619,FOLLOW,2.987999584552561,2.910655199622906,0.405318937186024,0.08368682754332396,0.08363956088495418,0.007284495207720164,-0.006006162088507162,0.0985319424842123,0.8686873490938073,inf,green,False
58.0,3637.902639073,FOLLOW,2.9965342360526668,2.9191898259935285,0.40529829442855697,0.08366571604399509,0.08377707893040529,0.006877918192305574,-0.006295720488766601,0.09710011883686917,0.86761658108563,inf,green,False
58.1,3638.00342572,FOLLOW,3.0050726298194896,2.927728207260336,0.40528377767410584,0.08380281320731495,0.08369757064015168,0.00686592337649083,-0.0063750849101317925,0.09758049640903113,0.8676308072365964,inf,green,False
58.2,3638.102684185,FOLLOW,3.0136152135569665,2.9362707864744193,0.40527512915398617,0.08372331949486084,0.08369757064015168,0.00686592337649083,-0.0063750849101317925,0.09758049640903113,0.8676308072365964,inf,green,False
58.4,3638.353946631,FOLLOW,3.0351354770013117,2.957791046296813,0.40528011310584094,0.09317472233247596,0.09320339127614992,0.008130231773753415,0.0013812451924359575,0.049654522931558705,0.8731109674975124,inf,green,False
58.5,3638.453124986,FOLLOW,3.041475101401325,2.9641306640696037,0.40528924015988776,0.09323074930396613,0.10461680945971392,0.009217034759861674,0.005444701581694043,0.02319061442651188,0.9223510807207844,inf,green,False
58.6,3638.552773165,FOLLOW,3.0511693946196217,2.9738249376305776,0.4053087176377545,0.10462476933876669,0.09583757382264729,0.003965205313558313,0.007727772590416097,-0.02358408807216576,0.8457348189732276,inf,green,False
58.7,3638.654480946,FOLLOW,3.060958067842682,2.983613580080575,0.4053332437778065,0.09585924427439892,0.09549342178712998,0.0035916261177767884,0.007688790667466579,-0.025863429904265826,0.8472324194908732,inf,green,False
58.9,3638.903012917,FOLLOW,3.0804552069080526,3.0031106304038833,0.40539196519248333,0.09551446743532624,0.09569126906936071,0.0033367918212954414,0.0074258870894731155,-0.02596111796224891,0.8491824990002345,inf,green,False
59.0,3639.003463518,FOLLOW,3.086963376416285,3.0096187619235533,0.40541419985215765,0.09571195110831994,0.0956526633247762,0.0030777104155170413,0.0073221410708575515,-0.02708777654009963,0.8510850687399459,inf,green,False
59.1,3639.102703073,FOLLOW,3.096723375734638,3.0193786964850235,0.4054497465596054,0.09567265922376594,0.09536435095984357,0.0027713016414889734,0.007111788547156401,-0.027788333833036506,0.8499116000870919,inf,green,False
59.2,3639.253205502,FOLLOW,3.106472548519264,3.0291277950883706,0.4054877720679327,0.09538401390820725,0.09522075562456375,0.0027890192026851237,0.007095362233986756,-0.027523830525010392,0.8481071289604046,inf,green,False
59.4,3639.453088246,FOLLOW,3.1257253589515996,3.048380427277072,0.4055705640440031,0.08969693602626534,0.08038642206014888,-0.004973534398660202,0.008972233772044626,-0.10123816750445633,0.8394321434514341,2.5098299605495846,green,False
59.5,3639.602766747,FOLLOW,3.1366681232194624,3.059323093421858,0.4056168624642014,0.08039612394865919,0.08021266744468646,-0.004886165209887785,0.009204459021431355,-0.10213190302519246,0.8391112364734857,2.46337749652647,green,False
59.6,3639.703137948,FOLLOW,3.1421350617706834,3.064789993629733,0.4056373330118032,0.08039618773280618,0.08071882467118142,-0.004749761453626936,0.009135428596779748,-0.10029143041992558,0.8413111720116777,2.4654930406428055,green,False
59.7,3639.852664803,FOLLOW,3.15307933531727,3.0757342086599806,0.40567307016861964,0.08072905682980751,0.074767349796358,-0.010065882572140012,0.007667623828568421,-0.14113132144636498,0.8428948915905379,2.465242374731418,green,False
59.9,3640.052991317,FOLLOW,3.166203203586084,3.0888580375275625,0.40570482589584406,0.07477051635840273,0.07461632032269612,-0.009866055067554665,0.007700322521252606,-0.13974878311158545,0.8390430853008227,2.449307435434869,green,False
60.0,3640.154531909,FOLLOW,3.1738146179116855,3.0964694465123914,0.4057136102720558,0.07461987875190346,0.07508927619598797,-0.009414068683616232,0.007949786141656173,-0.13683150126467397,0.8397976847743744,2.4462979258081834,green,False
60.1,3640.302973689,FOLLOW,3.1814734240249365,3.1041282522318783,0.4057151054306437,0.07509021988412641,0.07732070976815504,-0.010492215883079116,0.0066076002059289735,-0.13490748565255486,0.8616547177282241,2.4407570386903954,green,False
60.2,3640.403305794,FOLLOW,3.1892056812710203,3.1118605070642396,0.4057093398028693,0.07732371959959962,0.08720140017502405,0.0020861718907727077,-0.003066419646523849,0.03657538082409778,0.7931246768709515,2.4402469320119438,green,False
60.4,3640.652600921,FOLLOW,3.206716040564185,3.1293708515653735,0.40568667435112593,0.08618427965611711,0.08616451637720077,0.002481160516063673,-0.003287293536210595,0.04132960023608645,0.7922281576517862,2.3927370414733886,green,False
60.5,3640.753008882,FOLLOW,3.215506844346461,3.1381616511064165,0.4056780554120026,0.08618438401018556,0.07791879576143877,-0.0014490354247835052,-0.02162274741923085,0.13084674523713574,0.8617278983907688,2.3863543376922607,green,False
60.6,3640.852763917,FOLLOW,3.220816647591424,3.1434714521444618,0.4056732156355432,0.07793431923235294,0.07821449141244062,-0.0016044649769739513,-0.021646756389275545,0.1297319521292238,0.8631815670980537,2.3891752572607907,green,False
60.7,3641.010403907,FOLLOW,3.2314354183081315,3.1540902170740157,0.40566214249620125,0.07822969142465429,0.1103017559595514,-0.019450208086953427,-0.015013754200153953,-0.019120964836149296,0.9631203829351805,2.3589247355092913,green,False
60.9,3641.253709555,FOLLOW,3.2521847593098525,3.1748394810590694,0.4056097255965347,0.0785782815357808,0.0645989635883904,0.006339389713272907,-0.020211720187024038,0.1983741599388915,0.8052989702109614,2.3684986149063962,green,False
61.0,3641.352629597,FOLLOW,3.2597439538427135,3.1823985764945304,0.4055710858285647,0.06463146650740464,0.0645989635883904,0.006339389713272907,-0.020211720187024038,0.1983741599388915,0.8052989702109614,2.3441719274904056,green,False
61.1,3641.453862573,FOLLOW,3.266335478095257,3.188990017173018,0.40553791202402656,0.06462278998060765,0.062398610863653364,0.00976924897610031,-0.024427323761755673,0.26246210231428485,0.8611815611297247,2.3622847017156583,green,False
61.1,3641.502891261,LIGHT_WAIT,3.2684608020991566,3.1911153190700077,0.405528218304166,0.06242686428848364,0.0,0.0,-0.01571243480035655,0.1422331067481621,0.8798547935771427,2.3506877587756025,yellow,False
61.2,3641.552744872,LIGHT_WAIT,3.27058332073953,3.1932378186560086,0.4055192246309653,0.062427063263649676,0.0,0.0,-0.01571243480035655,0.1422331067481621,0.8798547935771427,2.3506877587756025,yellow,False
61.4,3641.802937262,LIGHT_WAIT,3.273823747766432,3.196478221607963,0.40550673646671853,1.3349044588165453e-06,0.0,0.0,-0.0158719690796935,0.13654265717586317,0.8819379164230453,2.335136173600984,yellow,False
61.5,3641.902766408,LIGHT_WAIT,3.273823883903007,3.1964783577435925,0.40550673595935405,1.3346484252962308e-06,0.0,0.0,-0.0158719690796935,0.13654265717586317,0.8819379164230453,2.342731493706552,yellow,False
61.6,3642.05425865,LIGHT_WAIT,3.273824020038362,3.1964784938780033,0.40550673545232196,1.334672111079311e-06,0.0,0.0,-0.01576993187579826,0.13597748522599287,0.8812761189805277,2.3338412048429755,yellow,False
61.7,3642.152699229,LIGHT_WAIT,3.273824156176136,3.196478630014834,0.4055067349456087,1.3346957508365756e-06,0.0,0.0,-0.0158719690796935,0.13654265717586317,0.8819379164230453,2.326285419755785,yellow,False
61.9,3642.404122415,LIGHT_WAIT,3.273824428458898,3.1964789022957136,0.4055067339331385,1.334742803230583e-06,0.0,0.0,-0.01576993187579826,0.13597748522599287,0.8812761189805277,inf,yellow,False
62.0,3642.552635366,LIGHT_WAIT,3.273824564603863,3.1964790384397395,0.40550673342738175,1.3347661339336704e-06,0.0,0.0,-0.0158719690796935,0.13654265717586317,0.8819379164230453,inf,yellow,False
62.1,3642.653267824,LIGHT_WAIT,3.2738247007512093,3.1964791745861474,0.40550673292194395,1.3347893896395868e-06,0.0,0.0,-0.01576993187579826,0.13597748522599287,0.8812761189805277,inf,yellow,False
62.2,3642.753380093,LIGHT_WAIT,3.2738247915174217,3.196479265351735,0.40550673258516257,1.3348048495586604e-06,0.0,0.0,-0.01576993187579826,0.13597748522599287,0.8812761189805277,inf,yellow,False
62.4,3643.052895986,LIGHT_WAIT,3.273825109207413,3.1964795830395434,0.40550673140754445,1.3348586146237444e-06,0.0,0.0,-0.01576993187579826,0.13597748522599287,0.8812761189805277,inf,yellow,False
62.5,3643.153512473,LIGHT_WAIT,3.2738251999783268,3.1964796738098347,0.4055067310714012,1.3348738928538097e-06,0.0,0.0,-0.01576993187579826,0.13597748522599287,0.8812761189805277,inf,yellow,False
62.6,3643.302871721,LIGHT_WAIT,3.273825381523259,3.196479855353524,0.4055067303995403,1.334904291038671e-06,0.0,0.0,-0.0158719690796935,0.13654265717586317,0.8819379164230453,inf,yellow,False
62.7,3643.402812717,LIGHT_WAIT,3.2738255176846667,3.1964799915140003,0.4055067298960171,1.3349269251191516e-06,0.0,0.0,-0.0158719690796935,0.13654265717586317,0.8819379164230453,inf,yellow,False
62.9,3643.653393068,LIGHT_WAIT,3.273825744625472,3.1964802184532566,0.40550672905752116,1.3349645284239186e-06,0.0,0.0,-0.01576993187579826,0.13597748522599287,0.8812761189805277,inf,yellow,False
63.0,3643.752527823,LIGHT_WAIT,3.273825880793011,3.196480354619868,0.40550672855484937,1.334986950312238e-06,0.0,0.0,-0.01576993187579826,0.13597748522599287,0.8812761189805277,inf,yellow,False
63.1,3643.852945045,LIGHT_WAIT,3.273826016962834,3.196480490788764,0.40550672805249693,1.3350093031200069e-06,0.0,0.0,-0.01585105327469022,0.1359354462372965,0.8825519381585943,inf,yellow,False
63.2,3644.003011001,LIGHT_WAIT,3.2738261531349315,3.196480626959936,0.40550672755046385,1.3350315327806643e-06,0.0,0.0,-0.01576993187579826,0.13597748522599287,0.8812761189805277,inf,yellow,False
63.4,3644.252650889,LIGHT_WAIT,3.2738264254859155,3.1964808993090728,0.4055067265473563,1.335075761007227e-06,0.0,0.0,-0.01579084768080153,0.1365846891653124,0.8806381293709562,inf,yellow,False
63.5,3644.352889959,LIGHT_WAIT,3.273826561664776,3.1964810354870115,0.40550672604628185,1.3350977448649829e-06,0.0,0.0,-0.01576993187579826,0.13597748522599287,0.8812761189805277,inf,yellow,False
63.6,3644.453929254,LIGHT_WAIT,3.273826697845872,3.1964811716671866,0.405506725545527,1.3351196084332333e-06,0.0,0.0,-0.0158719690796935,0.13654265717586317,0.8819379164230453,inf,yellow,False
63.7,3644.553129673,LIGHT_WAIT,3.2738267886345076,3.1964812624552095,0.40550672521186804,1.3351341405305926e-06,0.0,0.0,-0.0158719690796935,0.13654265717586317,0.8819379164230453,inf,yellow,False
63.9,3644.802808699,LIGHT_WAIT,3.2738270610063203,3.196481534825186,0.4055067242117436,1.3351774974665235e-06,0.0,0.0,-0.0158719690796935,0.13654265717586317,0.8819379164230453,inf,yellow,False
64.0,3644.953026888,LIGHT_WAIT,3.2738272425924264,3.1964817164100707,0.40550672354570455,1.3352061829610374e-06,0.0,0.0,-0.0158719690796935,0.13654265717586317,0.8819379164230453,inf,yellow,False
64.2,3645.15400211,LIGHT_WAIT,3.2738275149788767,3.1964819887946927,0.4055067225477121,1.3352489645402752e-06,0.0,0.0,-0.0158719690796935,0.13654265717586317,0.8819379164230453,inf,yellow,False
64.4,3645.402829597,LIGHT_WAIT,3.2738277419741175,3.1964822157884134,0.40550672171702945,1.3352829734455596e-06,0.0,0.0,-0.0158719690796935,0.13654265717586317,0.8819379164230453,inf,yellow,False
64.6,3645.652587459,LIGHT_WAIT,3.27382801437599,3.1964824881884666,0.4055067207213848,1.3353233477645582e-06,0.0,0.0,-0.0158719690796935,0.13654265717586317,0.8819379164230453,inf,yellow,False
64.7,3645.752934802,LIGHT_WAIT,3.2738281505800075,3.196482624391576,0.40550672022404305,1.3353434420200965e-06,0.0,0.0,-0.01576993187579826,0.13597748522599287,0.8812761189805277,inf,yellow,False
64.9,3646.052905933,LIGHT_WAIT,3.273828422994164,3.19648289680392,0.4055067192303206,1.3353833588304994e-06,0.0,0.0,-0.01576993187579826,0.13597748522599287,0.8812761189805277,inf,yellow,False
65.1,3646.252489261,LIGHT_WAIT,3.2738286500121556,3.196483123820405,0.40550671840319796,1.335416331317728e-06,0.0,0.0,-0.01576993187579826,0.13597748522599287,0.8812761189805277,inf,yellow,False
65.2,3646.45335489,LIGHT_WAIT,3.273828877035736,3.1964833508424815,0.40550671757696577,1.3354491093641601e-06,0.0,0.0,-0.01576993187579826,0.13597748522599287,0.8812761189805277,inf,yellow,False
65.4,3646.703154321,LIGHT_WAIT,3.273829058658599,3.196483532464144,0.405506716916621,1.3354751564654925e-06,0.0,0.0,-0.01576993187579826,0.13597748522599287,0.8812761189805277,inf,yellow,False
65.6,3647.002897655,LIGHT_WAIT,3.2738293765070985,3.196483850310548,0.40550671576239,1.3355203969404154e-06,0.0,0.0,-0.01576993187579826,0.13597748522599287,0.8812761189805277,inf,yellow,False
65.7,3647.152725321,LIGHT_WAIT,3.2738295127311687,3.196483986533722,0.4055067152682543,1.3355396513127816e-06,0.0,0.0,-0.0158719690796935,0.13654265717586317,0.8819379164230453,inf,yellow,False
65.9,3647.406830892,LIGHT_WAIT,3.273829739775635,3.196484213576697,0.405506714445407,1.3355714759210746e-06,0.0,0.0,-0.01576993187579826,0.13597748522599287,0.8812761189805277,inf,yellow,False
66.1,3647.753450841,LIGHT_WAIT,3.2738300122361266,3.196484486035404,0.4055067134591671,1.335609489216318e-06,0.0,0.0,-0.01576993187579826,0.13597748522599287,0.8812761189805277,inf,yellow,False
66.2,3647.852819063,LIGHT_WAIT,3.273830148469269,3.1964846222676555,0.40550671296652874,1.3356283687257736e-06,0.0,0.0,-0.01576993187579826,0.13597748522599287,0.8812761189805277,inf,yellow,False
66.4,3648.153513543,LIGHT_WAIT,3.273830466354063,3.1964849401503757,0.405506711818287,1.3356721657836708e-06,0.0,0.0,-0.0158719690796935,0.13654265717586317,0.8819379164230453,inf,yellow,False
66.6,3648.358917077,LIGHT_WAIT,3.273830693420981,3.196485167215816,0.40550671099918456,1.3357031155078955e-06,0.0,0.0,-0.01576993187579826,0.13597748522599287,0.8812761189805277,inf,yellow,False
66.7,3648.502730035,LIGHT_WAIT,3.2738307842492174,3.1964852580434626,0.4055067106717933,1.3357154330572117e-06,0.0,0.0,-0.01576993187579826,0.13597748522599287,0.8812761189805277,inf,yellow,False
66.9,3648.802990763,LIGHT_WAIT,3.273831102154625,3.1964855759468094,0.4055067095270479,1.3357583489781825e-06,0.0,0.0,-0.01576993187579826,0.13597748522599287,0.8812761189805277,inf,yellow,False
67.1,3649.052657267,LIGHT_WAIT,3.2738313746530654,3.196485848443488,0.40550670854722976,1.3357947622072427e-06,0.0,0.0,-0.01576993187579826,0.13597748522599287,0.8812761189805277,inf,yellow,False
67.2,3649.163028465,LIGHT_WAIT,3.2738315109050644,3.1964859846946077,0.4055067080578025,1.33581283524135e-06,0.0,0.0,-0.0158719690796935,0.13654265717586317,0.8819379164230453,inf,yellow,False
67.4,3649.353544185,LIGHT_WAIT,3.273831783414581,3.19648625720237,0.40550670707991215,1.335848827860361e-06,0.0,0.0,-0.0158719690796935,0.13654265717586317,0.8819379164230453,inf,yellow,False
67.6,3649.603174279,LIGHT_WAIT,3.273832055931406,3.1964865297174447,0.4055067061033074,1.3358845237500003e-06,0.0,0.0,-0.01576993187579826,0.13597748522599287,0.8812761189805277,inf,yellow,False
67.7,3649.703146064,LIGHT_WAIT,3.2738321467719604,3.196486620557417,0.4055067057780582,1.3358963073336762e-06,0.0,0.0,-0.01576993187579826,0.13597748522599287,0.8812761189805277,inf,yellow,False
67.9,3649.953105218,LIGHT_WAIT,3.2738324647202086,3.1964869385036314,0.4055067046408114,1.335937438623391e-06,0.0,0.0,-0.0158719690796935,0.13654265717586317,0.8819379164230453,inf,yellow,False
68.1,3650.153228733,LIGHT_WAIT,3.2738327372550367,3.196487211036721,0.40550670366742186,1.3359724120245907e-06,0.0,0.0,-0.0158719690796935,0.13654265717586317,0.8819379164230453,inf,yellow,False
68.2,3650.252965896,LIGHT_WAIT,3.273832828101559,3.196487301882665,0.40550670334324457,1.335983951003685e-06,0.0,0.0,-0.0158719690796935,0.13654265717586317,0.8819379164230453,inf,yellow,False
68.4,3650.503440005,LIGHT_WAIT,3.273833146070563,3.196487619849649,0.40550670220974994,1.3360242449984084e-06,0.0,0.0,-0.01576993187579826,0.13597748522599287,0.8812761189805277,inf,yellow,False
68.6,3650.753280954,LIGHT_WAIT,3.273833418623019,3.1964878924003783,0.4055067012395774,1.3360584569262956e-06,0.0,0.0,-0.0158719690796935,0.13654265717586317,0.8819379164230453,inf,yellow,False
68.7,3650.854035915,LIGHT_WAIT,3.273833509475385,3.1964879832521698,0.40550670091647256,1.3360697875456675e-06,0.0,0.0,-0.0158719690796935,0.13654265717586317,0.8819379164230453,inf,yellow,False
68.9,3651.052713224,LIGHT_WAIT,3.273833736609665,3.1964882103850156,0.40550670010933637,1.336097984210993e-06,0.0,0.0,-0.0158719690796935,0.13654265717586317,0.8819379164230453,inf,yellow,False
69.1,3651.302745145,LIGHT_WAIT,3.273834054605677,3.196488528379025,0.4055066989808478,1.3361371615550787e-06,0.0,0.0,-0.0158719690796935,0.13654265717586317,0.8819379164230453,inf,yellow,False
69.2,3651.403303766,LIGHT_WAIT,3.2738341454633866,3.1964886192361637,0.40550669865874445,1.3361482568182969e-06,0.0,0.0,-0.01576993187579826,0.13597748522599287,0.8812761189805277,inf,yellow,False
69.4,3651.653710635,LIGHT_WAIT,3.273834463471308,3.1964889372420906,0.40550669753250973,1.336186956894967e-06,0.0,0.0,-0.0158719690796935,0.13654265717586317,0.8819379164230453,inf,yellow,False
69.6,3651.853156243,LIGHT_WAIT,3.2738346906254363,3.1964891643947984,0.4055066967291299,1.3362143773984921e-06,0.0,0.0,-0.01576993187579826,0.13597748522599287,0.8812761189805277,inf,yellow,False
69.7,3651.953124684,LIGHT_WAIT,3.2738348269201443,3.1964893006886554,0.4055066962475315,1.33623071257583e-06,0.0,0.0,-0.0158719690796935,0.13654265717586317,0.8819379164230453,inf,yellow,False
69.9,3652.204880644,LIGHT_WAIT,3.2738350995145433,3.196489573281356,0.40550669528530103,1.3362631861869523e-06,0.0,0.0,-0.0158719690796935,0.13654265717586317,0.8819379164230453,inf,yellow,False
70.1,3652.403293825,LIGHT_WAIT,3.2738353721155424,3.196489845880661,0.40550669432435943,1.3362954123600048e-06,0.0,0.0,-0.015688810476906297,0.13601952373109089,0.8799862313368625,inf,yellow,False
70.2,3652.502744656,LIGHT_WAIT,3.2738355084185,3.1964899821827735,0.40550669384437205,1.3363113759320932e-06,0.0,0.0,-0.015688810476906297,0.13601952373109089,0.8799862313368625,inf,yellow,False
70.4,3652.75280867,LIGHT_WAIT,3.273835781029296,3.196490254791883,0.4055066928853642,1.3363432524642888e-06,0.0,0.0,-0.01576993187579826,0.13597748522599287,0.8812761189805277,inf,yellow,False
70.6,3652.952697978,LIGHT_WAIT,3.2738360082098983,3.1964904819710833,0.40550669208717594,1.3363695415472726e-06,0.0,0.0,-0.0158719690796935,0.13654265717586317,0.8819379164230453,inf,yellow,False
70.7,3653.104331779,LIGHT_WAIT,3.273836189957593,3.1964906637176584,0.4055066914492701,1.33639045922274e-06,0.0,0.0,-0.01576993187579826,0.13597748522599287,0.8812761189805277,inf,yellow,False
70.9,3653.353181802,LIGHT_WAIT,3.2738364625844465,3.196490936342837,0.40550669049348625,1.336421635160306e-06,0.0,0.0,-0.0158719690796935,0.13654265717586317,0.8819379164230453,inf,yellow,False
71.1,3653.552904834,LIGHT_WAIT,3.2738366897783298,3.1964911635353275,0.40550668969798515,1.3364474018982428e-06,0.0,0.0,-0.0158719690796935,0.13654265717586317,0.8819379164230453,inf,yellow,False
71.2,3653.652934437,LIGHT_WAIT,3.2738368260967565,3.1964912998529202,0.40550668922111455,1.3364628089274109e-06,0.0,0.0,-0.0158719690796935,0.13654265717586317,0.8819379164230453,inf,yellow,False
71.4,3653.9025983,LIGHT_WAIT,3.2738370987382996,3.1964915724927985,0.40550668826834113,1.33649334145145e-06,0.0,0.0,-0.01576993187579826,0.13597748522599287,0.8812761189805277,inf,yellow,False
71.6,3654.153228206,LIGHT_WAIT,3.2738373713860502,3.1964918451388886,0.4055066873168583,1.3365236220436304e-06,0.0,0.0,-0.0158719690796935,0.13654265717586317,0.8819379164230453,inf,yellow,False
71.7,3654.253110242,LIGHT_WAIT,3.2738375077122366,3.1964919814642463,0.40550668684160096,1.3365386999683718e-06,0.0,0.0,-0.01576993187579826,0.13597748522599287,0.8812761189805277,inf,yellow,False
71.9,3654.503237151,LIGHT_WAIT,3.2738377803692047,3.196492254119561,0.4055066858920545,1.336568650041899e-06,0.0,0.0,-0.01576993187579826,0.13597748522599287,0.8812761189805277,inf,yellow,False
72.1,3654.752750638,LIGHT_WAIT,3.2738380530322506,3.196492526780958,0.4055066849437991,1.3365982829181549e-06,0.0,0.0,-0.0158719690796935,0.13654265717586317,0.8819379164230453,inf,yellow,False
72.2,3654.852966466,LIGHT_WAIT,3.273838189366036,3.1964926631139208,0.40550668447015564,1.3366130419798014e-06,0.0,0.0,-0.0158719690796935,0.13654265717586317,0.8819379164230453,inf,yellow,False
72.4,3655.10376163,LIGHT_WAIT,3.273838462038108,3.19649293578435,0.40550668352383745,1.336642419897212e-06,0.0,0.0,-0.01579084768080153,0.1365846891653124,0.8806381293709562,inf,yellow,False
72.5,3655.204602628,FOLLOW,3.2738385983763805,3.1964930721218034,0.4055066830511628,1.3366568637771711e-06,0.07892356465911841,0.003704775571878821,-0.01576993187579826,0.13597748522599287,0.8812761189805277,inf,green,False
72.7,3655.452884076,FOLLOW,3.2852469638493806,3.207901375099272,0.4054689471031062,0.07877736865164134,0.07887209456483445,0.0037727226383916994,-0.015693191588236607,0.1360665984457031,0.8808478217845548,inf,green,False
72.9,3655.652878042,FOLLOW,3.2986549581430866,3.221309317941578,0.40543187299510186,0.07890375611460675,0.07888412643006106,0.0034981226771785816,-0.015881239963348642,0.1349849698355709,0.8792046249727412,inf,green,False
73.1,3655.903069381,FOLLOW,3.3180066112677857,3.240660932217504,0.40539360900274884,0.08373723941538859,0.0837148298087609,0.0055070372402790235,-0.007240036149215253,0.09241635837213441,0.8588031590869386,inf,green,False
73.2,3656.002796087,FOLLOW,3.3237007436404165,3.2463550605305316,0.4053868289535427,0.08373726844269114,0.08308617348987657,0.005689341623051293,-0.007135967860401039,0.09353115296658952,0.8542836457925181,inf,green,False
73.4,3656.252697979,FOLLOW,3.3436579392347907,3.266312252813478,0.4053760772452402,0.08943784881809874,0.09330508238759712,0.008236329226917374,0.0017827792405789127,0.04768649408358109,0.8702380252975634,inf,green,False
73.6,3656.453277833,FOLLOW,3.359380840140581,3.282035149584234,0.40538588237765966,0.09125538006829226,0.0918304755750747,0.006826020491297023,-0.00043338879032175925,0.0530282107495424,0.8667040842094927,inf,green,False
73.7,3656.552826164,FOLLOW,3.368728936364934,3.2913832334742104,0.4054009670359987,0.09185572482812288,0.10361889049230431,0.008343414558822471,0.00441725982859908,0.02491543548876542,0.9172763745500039,inf,green,False
73.9,3656.803239629,FOLLOW,3.389293194660105,3.311947403532282,0.4054602877682584,0.10284675627149371,0.0944911896637001,0.002559241142311568,0.006098343993107079,-0.022369217513484616,0.8314618716703183,inf,green,False
74.1,3657.052775938,FOLLOW,3.4091646155770414,3.3318186432605903,0.4055450091131479,0.09493124041934634,0.09491017185053516,0.0025730092952278,0.005903002859020271,-0.021050350536125778,0.8325408568148285,inf,green,False
74.2,3657.202623278,FOLLOW,3.422182635830871,3.3448365071819794,0.4056087412411743,0.09654235281521394,0.09651303561631565,0.009037290898117426,0.0010417511319273133,0.056229410155150934,0.9173351106565575,inf,green,False
74.4,3657.453332789,FOLLOW,3.437611051290152,3.360264649192108,0.4057005179720156,0.08521016226567299,0.09322001813537954,0.0008727571138576751,0.009120020236562304,-0.054426724253791116,0.8825347390862401,inf,green,False
74.6,3657.604692783,FOLLOW,3.453149821629135,3.3758031160235,0.40579763535072844,0.09323859178376638,0.08023843031629632,-0.005717440232517212,0.008395136549911697,-0.10370412957989525,0.8420089312776484,inf,green,False
74.7,3657.752877517,FOLLOW,3.464847663864983,3.3875007228597087,0.40587184461555326,0.08024821855296746,0.07985888214894143,-0.005924580602992682,0.008346213847706799,-0.10534098594875776,0.840749296706494,inf,green,False
74.9,3657.952920924,FOLLOW,3.47845643705797,3.4011092744604503,0.40594941731368894,0.0800179043896622,0.08000899432472915,-0.00583813344563907,0.008390244131218805,-0.10481640879274765,0.8414552747110229,inf,green,False
75.1,3658.205420098,FOLLOW,3.494804818325036,3.4174574784919427,0.406025355624161,0.08022530860559272,0.0743128937983036,-0.010736319622646982,0.007012338633465766,-0.1433817806370713,0.8412556782586621,inf,green,False
75.2,3658.302712123,FOLLOW,3.5027944690386645,3.4254470720071164,0.40605555204783234,0.0743149335164033,0.0743128937983036,-0.010736319622646982,0.007012338633465766,-0.1433817806370713,0.8412556782586621,inf,green,False
75.4,3658.553012859,FOLLOW,3.515443510176691,3.438096073116355,0.4060867383313764,0.07454783904272495,0.07437573327509697,-0.010174610736697122,0.0076541766359640995,-0.14248348259502466,0.8405751418256932,inf,green,False
75.6,3658.803786776,FOLLOW,3.530829361329362,3.4534819191551236,0.40609473200759383,0.07747686783606075,0.07780508178750335,-0.01316858157070133,0.00166044702626357,-0.12482775535945631,0.8507138839602979,inf,green,False
75.7,3658.952995573,FOLLOW,3.541387976767485,3.46404052055382,0.4060783253429139,0.07780318792951259,0.07828614190791323,-0.012782552281745251,0.0017159427014300371,-0.12120565188617867,0.8500662422243295,inf,green,False
75.9,3659.152934632,FOLLOW,3.554663012149365,3.4773154711850274,0.4060315825073781,0.07828482296224984,0.09816274172223377,-0.017453258498261518,-0.014442911538096638,-0.023916519322391274,0.8669334957923379,inf,green,False
76.1,3659.402989505,FOLLOW,3.5773025337471696,3.4999545446736837,0.4058910276990592,0.09863882006620651,0.09915294245425653,-0.01633188915693869,-0.013635808829473132,-0.02042692253192749,0.8684701345005913,inf,green,False
76.2,3659.502993049,FOLLOW,3.584009976888776,3.5066617371528146,0.40583307124830464,0.09863892047279141,0.10070273789827743,-0.015174378778952809,-0.01303209012593753,-0.01494775833544594,0.8705494864402537,inf,green,False
76.4,3659.753279685,FOLLOW,3.60789604231497,3.530546331442023,0.4055691043919859,0.10155468383783293,0.1024747841589924,-0.013661623782185143,-0.012211002704740702,-0.008663143497966548,0.8724514046601971,inf,green,False
76.6,3659.953138266,FOLLOW,3.625252816655078,3.5479014073613113,0.4053265627689418,0.10247308504193504,0.10371741866035951,-0.012827156606939389,-0.011703554027881648,-0.005520996996914954,0.8762414796061546,inf,green,False
76.7,3660.053116926,FOLLOW,3.635788020192821,3.5584352978825877,0.4051602794186524,0.10371684064372057,0.10383674320116568,-0.011903593338062452,-0.010907967295209901,-0.004712102101602139,0.8754997211735002,inf,green,False
76.9,3660.302894566,FOLLOW,3.660541201760204,3.5831845318519893,0.4047186576757542,0.10518854666649079,0.10519477815163328,-0.010325928095950319,-0.009738866941370439,-0.0013646269262028005,0.8796138101544784,inf,green,False
77.1,3660.503149311,FOLLOW,3.6784644760175533,3.6011041721280526,0.4043578678947566,0.10643171255182594,0.10643178445839187,-0.009919568208081271,-0.0060334646059205695,-0.022711484831783018,0.9372903675354816,inf,green,False
77.2,3660.602316738,FOLLOW,3.6857018258429495,3.6083398721328814,0.4042033479242755,0.10643151072265707,0.10670527601877916,-0.009706057124853718,-0.005734119254801603,-0.023193037103592058,0.9407693715284217,inf,green,False
77.4,3660.853336204,FOLLOW,3.711268266834892,3.633899648539152,0.4036198398045086,0.10840325267145844,0.10964610194200677,-0.006876754467344491,-0.004402512453067099,-0.012992086357189434,0.9433952583742179,inf,green,False
77.6,3661.056573683,FOLLOW,3.7335503167305455,3.6561749364193186,0.4030710149168267,0.10964898401380624,0.1107599379218697,-0.005849871037649785,-0.003955616089046928,-0.009284637733340921,0.944423772244162,inf,green,False
77.7,3661.202923202,FOLLOW,3.7448435155350963,3.6674644172998487,0.40278126114434837,0.11066384515465413,0.11065935759166193,-0.005669988342129652,-0.0036212989050195396,-0.010448022562685207,0.9462482187823897,inf,green,False
77.9,3661.403282402,FOLLOW,3.7637220455897267,3.6863363471203487,0.40228212540900393,0.1116486608581849,0.11127528306851243,-0.004580415921126449,-0.0028634220989728646,-0.008697656866727568,0.9474572386933933,inf,green,False
78.1,3661.602681102,FOLLOW,3.7865828030898547,3.709188554232846,0.40165695916521843,0.11285938223032625,0.11363510969936223,-0.002609168919369719,-0.0021245950473473027,-0.0013350803040641775,0.9501199140948894,inf,green,False
78.2,3661.75355698,FOLLOW,3.8020087279957067,3.7246084503642884,0.4012257286894041,0.11358372253224673,0.11357391743417383,-0.002313735929715909,-0.0017671463406310644,-0.00197045881939237,0.951111660436055,inf,green,False
78.4,3662.002682537,FOLLOW,3.821368323286394,3.7439602735346873,0.4006772164964167,0.11408392002311918,0.11364221690175973,-0.0011641788968635883,-0.0013296115423729322,0.001949171271502349,0.9516332271899716,inf,green,False
78.6,3662.252935779,FOLLOW,3.848497230354976,3.771078016460534,0.3998990057288628,0.1141298136842514,0.11403793459824477,-0.00023480066240261102,-0.00038063027545082786,0.0011477297582908686,0.9530428868835488,inf,green,False
78.7,3662.354437126,FOLLOW,3.856252778659657,3.778830338624594,0.39967533058885835,0.11405079588418159,0.11407835495252369,0.00014082244303078234,-0.0002169799916648743,0.002279773780335658,0.9560711421569598,inf,green,False
78.9,3662.603480729,FOLLOW,3.879508065978227,3.8020759314479298,0.3990039122991488,0.11384337734525427,0.11430835059517647,0.0011175139830380718,0.000704895565752523,0.0018997357844203495,0.957093664628215,inf,green,False
79.1,3662.854372698,FOLLOW,3.902787861295859,3.825346090208382,0.39833415142848005,0.11355639046571381,0.11421372235691922,0.0019839834110774216,0.0012847976241973744,0.0031601392297378175,0.959300420986712,inf,green,False
79.2,3663.002856816,FOLLOW,3.9144154444637786,3.8369689264550226,0.3980019352407087,0.1142285444076859,0.11459621475232706,0.002245120871489778,0.0016562909741299307,0.0021826299623688584,0.960179313183819,inf,green,False
79.4,3663.204296141,FOLLOW,3.9338815492662587,3.85642722752301,0.3974507982166142,0.11447987756941037,0.1144645847006881,0.002437709092791695,0.0017344301634233629,0.0028126753479061173,0.9605788665806494,inf,green,False
79.6,3663.453046165,FOLLOW,3.961047955804524,3.8835831064745827,0.39669458549705733,0.11410842035360826,0.11409176113830621,0.003287857097887105,0.002213276727483257,0.004697522767924504,0.9619302729354643,inf,green,False
79.7,3663.554502801,FOLLOW,3.9688073331528333,3.891339572872454,0.3964820632982845,0.11410855961783499,0.11488813679371389,0.0033713301793751515,0.0026028854426977705,0.0024557985779955632,0.9632791008427526,inf,green,False
79.9,3663.802694976,FOLLOW,3.9922211788396025,3.9147449136635513,0.3958510551598089,0.11442957180448965,0.11441126080063717,0.004028845181704333,0.002933556930715402,0.004213676732476043,0.9634707580796616,inf,green,False
80.1,3664.052930996,FOLLOW,4.015544094498934,3.938059830014393,0.3952402850955167,0.114351959044286,0.11433234212797339,0.004579392210596847,0.0032473719511065674,0.005389002334683809,0.9656057106218099,inf,green,False
80.2,3664.152681347,FOLLOW,4.027208005795526,3.949719937718638,0.3949424377389355,0.11435216772527407,0.11475192061551362,0.0046045078105416085,0.0035663363788920755,0.0033115068199816734,0.9641827086235358,inf,green,False
80.4,3664.453329308,FOLLOW,4.0545469937417025,3.9770505286915,0.39426495049326526,0.11491315936310456,0.11526309229966081,0.005092209097681787,0.004017560895726171,0.0030400290042293175,0.9678258346577595,inf,green,False
80.6,3664.653422389,FOLLOW,4.07022307955115,3.9927221296502386,0.39389000873966373,0.11528365866930404,0.11479784773365011,0.005361280749609583,0.004036709053306128,0.004615856040582934,0.9676881131743195,inf,green,False
80.7,3664.803603784,FOLLOW,4.085854825398533,4.008349651780382,0.3935266617222149,0.11481855518871745,0.07697893255532677,0.016479329330249058,0.0004082187975176857,0.14117119606310474,0.867891270888068,inf,green,False
80.9,3665.05265067,FOLLOW,4.100993357941945,4.023484519230098,0.393193800038031,0.07599515771894652,0.07718915894532875,0.016360354079495713,0.000321325607323536,0.14032358004484596,0.8688983896248058,inf,green,False
81.1,3665.303507206,FOLLOW,4.116752227097766,4.039240587829785,0.39289707035513466,0.07729048768755903,0.07728179176389836,0.015581542785713467,-0.0002227765148387975,0.13699627042278278,0.864584040600074,inf,green,False
81.2,3665.402879101,FOLLOW,4.122009713352773,4.044497340642588,0.3928092653329068,0.07731639785824099,0.07800088603285742,0.015064641003927163,-0.0005154555693182225,0.13325471651529475,0.8665487576956916,inf,green,False
81.4,3665.602792334,FOLLOW,4.137879051593746,4.060364971509717,0.39257688939352164,0.0780349885585877,0.07846736965604749,0.014421387811743227,-0.0009954355734888912,0.13016607677156403,0.8666820317735576,inf,green,False
81.6,3665.802755254,FOLLOW,4.153850139880198,4.076334978394047,0.39239163165439456,0.07807978612080622,0.0784738418799799,0.017680748201466572,0.002000498174296761,0.13825119049107196,0.8799716419647359,inf,green,False
81.7,3665.95388868,FOLLOW,4.164512537730552,4.086996973030404,0.39229917433783706,0.078512272084495,0.07887699953781244,0.016979938088959843,0.001671506992822036,0.13370463593550166,0.8770212567086026,inf,green,False
81.9,3666.152785376,FOLLOW,4.177913855790751,4.1003980414903465,0.39221809652222034,0.07891500429392148,0.078778535545545,0.016742251571764923,0.001430877264167657,0.13344556528580562,0.8755012588850246,inf,green,False
82.1,3666.404249028,FOLLOW,4.194068712414947,4.116552819782981,0.39217009098256433,0.07957294885547625,0.08278097480967027,0.01873069211640417,0.007357549912282647,0.1037051619804762,0.868691756779306,inf,green,False
82.2,3666.504515472,FOLLOW,4.199696356853668,4.1221804624213085,0.3921659476436643,0.0828223005146939,0.08219154631402643,0.01843374562852106,0.0062083611043506695,0.10994086945375837,0.8731839289400727,inf,green,False
82.4,3666.752723957,FOLLOW,4.219212531481938,4.14169658188311,0.39220577936113943,0.07929272955500632,0.0797625546573694,0.014192084185609218,0.007117521816030547,0.07271670638310636,0.785522752715295,1.4064834751530664,green,False
82.6,3667.002966109,FOLLOW,4.235527613725744,4.15801139949545,0.3922974852172828,0.0808678675292012,0.09080423331247822,0.018307783756480567,0.011869800788700154,0.05717908924294819,0.8648707642750618,1.3666743527768077,green,False
82.7,3667.102828302,FOLLOW,4.241221550292193,4.163705149713922,0.3923435204496269,0.08682581581009033,0.09080423331247822,0.018307783756480567,0.011869800788700154,0.05717908924294819,0.8648707642750618,1.372342903953388,green,False
82.9,3667.353345539,FOLLOW,4.262904820687103,4.185387152005024,0.3925765856295259,0.0984739025439371,0.0984469125958789,0.014704613937430553,0.014607557700207958,0.0035523965286393612,0.8276768231023421,1.3417020982169459,green,False
83.1,3667.602681011,FOLLOW,4.2826768722199215,4.20515725600562,0.39285366256287857,0.08875725178330302,0.08405844731009883,0.0052460966566394915,0.01586728451120962,-0.0635610305491151,0.8117962596130814,1.3330595513612047,green,False
83.2,3667.713113518,FOLLOW,4.288400496516731,4.210880214464315,0.3929409626108102,0.08408313710055818,0.08377151451068728,0.004509161076225177,0.015325455825546456,-0.06573636389814022,0.8128216784676622,1.3133441550982627,green,False
83.4,3667.952978683,FOLLOW,4.308352828325264,4.230829997173805,0.3932598304404033,0.08392558627918957,0.09802414916347935,0.011861035797862818,0.013113356891020975,-0.0056859055009982505,0.82847949404898,1.3038640000263695,green,False
83.6,3668.1525407,FOLLOW,4.324149361510683,4.24662421624308,0.39353014072754644,0.0817126869080673,0.07692187024383991,-0.0033978049794348556,0.01289272307718494,-0.11525754079992066,0.8257202853244072,1.2775752530277222,green,False
83.7,3668.262498291,FOLLOW,4.332002791009688,4.254476467750703,0.3936661578750759,0.07693413257129454,0.07644324271926116,-0.0039238708546629605,0.012652308299080116,-0.11844442622137835,0.8256577731268524,1.2801948610552363,green,False
83.9,3668.503223079,FOLLOW,4.347659528738171,4.270131002130319,0.393928794970963,0.0773444147718207,0.0824812063197755,0.002918444387996895,0.014539009412169117,-0.07291211346951297,0.8126325333791664,1.2552284762915165,green,False
84.1,3668.702835216,FOLLOW,4.364132399216953,4.286601675848643,0.3941978040451539,0.08250190647896412,0.07563414360244984,-0.0034474874067064267,0.013016352328434018,-0.11700922300128719,0.814657287838966,1.2253664119514007,green,False
84.2,3668.802656029,FOLLOW,4.369285060123779,4.291753639081282,0.39428259312556,0.0756462493034996,0.07617931063773448,-0.0034306426867007013,0.012774010288580592,-0.11505066408777852,0.8174209277857147,1.235855935267959,green,False
84.4,3669.057014057,FOLLOW,4.387485165885208,4.309951432223488,0.39457268845949495,0.07722734231714265,0.07882845683155558,-0.0052034957028750314,0.010818040645482134,-0.11616179054738698,0.8476716130054818,1.2205798039413618,green,False
84.6,3669.253072527,FOLLOW,4.404422773464693,4.326887108973665,0.394828411482009,0.09024082014055299,0.08906332236910253,0.006402708647465543,0.0021464861041325545,0.034214781525398585,0.8056793971755417,1.2111070692115757,green,False
84.7,3669.353049486,FOLLOW,4.410521502864837,4.332985113161561,0.39492245813801247,0.08908943934350869,0.08906332236910253,0.006402708647465543,0.0021464861041325545,0.034214781525398585,0.8056793971755417,1.1928399453743805,green,False
84.9,3669.603155119,FOLLOW,4.428131896940094,4.350593195991448,0.39520772265580967,0.08349048340581876,0.08346937228174288,0.002433260274966818,-0.010210403028835722,0.08752331309934197,0.8477763524399514,1.204508433112819,green,False
85.1,3669.853309035,FOLLOW,4.4479486616766,4.370407141703303,0.39554195209380555,0.08295438720970144,0.08343789401196113,0.0017307126882123458,-0.010732090761831788,0.08534099452540392,0.8436631346014679,inf,green,False
85.2,3669.95310879,FOLLOW,4.453623178634481,4.376080818703124,0.3956395839248789,0.0834583530642023,0.0812050386948475,0.00039467444855596827,-0.0171161588261134,0.1168535882821777,0.8743982424171879,inf,green,False
85.4,3670.15304654,FOLLOW,4.467510108359865,4.389965656740355,0.3958806018938767,0.08122366913931642,0.081483633401552,0.0048305468926945865,-0.011988248217455984,0.11937412435584709,0.8816768905679983,inf,green,False
85.6,3670.402553621,FOLLOW,4.486905547047283,4.409357955562879,0.3962295240970745,0.08146194997983366,0.08198920854951545,0.004228674713873174,-0.012632129983717807,0.11847523239555525,0.8856119574299516,inf,green,False
85.7,3670.502615472,FOLLOW,4.495251406908499,4.417702341731968,0.3963863527750267,0.08201268550575876,0.0822205122169543,0.0038055179269566195,-0.012736123180126284,0.11563460272069737,0.8832446073433641,inf,green,False
85.9,3670.75409169,FOLLOW,4.512004315087369,4.434452092912433,0.39671155077265363,0.08200054499179298,0.08731599113143078,0.006502425484502654,-0.0037220413135787694,0.07495432313639572,0.8639814055585884,inf,green,False
86.1,3670.953031675,FOLLOW,4.529821670341422,4.452265712508057,0.39707632340835836,0.0874070671894352,0.09762640752290902,0.008594394057306767,0.0062029438598469894,0.01809100962933983,0.8503484018278835,inf,green,False
86.2,3671.056955713,FOLLOW,4.536284417791528,4.458726982431812,0.39721450794130586,0.10332095664666169,0.09712601053023004,0.007756321766490634,0.0037155193995561213,0.029143409533880112,0.8683539023618013,inf,green,False
86.4,3671.303110173,FOLLOW,4.559469193919993,4.481905838018105,0.39773828225418106,0.09777255091167195,0.10875518471822686,0.007666387686471091,0.006320058444497134,0.0054604054990432735,0.9186650269994922,inf,green,False
86.6,3671.508780647,FOLLOW,4.581458191865506,4.503888343005205,0.3982725198877385,0.10878277510777445,0.10869276434886535,0.007506950656833544,0.005883291643362649,0.0074085856711472095,0.9225492790845525,inf,green,False
86.7,3671.603345742,FOLLOW,4.588851249283189,4.511279027395221,0.39845981996453533,0.10872026379800115,0.09040659776681792,0.000702201752176944,0.008223639519789463,-0.049540850979624455,0.8466970602972489,inf,green,False
86.9,3671.802612155,FOLLOW,4.60812399606247,4.530545323948663,0.39895840133739724,0.09034502064011386,0.09020885616696195,-0.00017478441981260288,0.007425913952880562,-0.050770274198350784,0.8471556422812714,inf,green,False
87.1,3672.053103018,FOLLOW,4.629612709530358,4.55202680036273,0.39951605495606085,0.09033206132033182,0.09089947397289998,-0.00036068064744863534,0.006802306334870219,-0.04799017283897347,0.8483764803352342,inf,green,False
87.2,3672.153524972,FOLLOW,4.635794312613266,4.558206325210344,0.3996763338750294,0.0909171667796686,0.077039709049837,-0.007512513428057989,0.00884551813990022,-0.12418203576672825,0.8413089900962498,inf,green,False
87.4,3672.353433855,FOLLOW,4.652644473881998,4.575050955670286,0.40010799513272594,0.07704785798886049,0.07690610773497632,-0.007653356960548571,0.008771800437322723,-0.12502979953924953,0.8412082984883031,inf,green,False
87.6,3672.552869515,FOLLOW,4.668327357473335,4.590729248150487,0.4004873856471776,0.07679766068546204,0.07726282554082196,-0.007506325165826499,0.008653038937046005,-0.12267750297569138,0.841323765135902,inf,green,False
87.7,3672.653470743,FOLLOW,4.673565074799017,4.595965557062492,0.40060884073143055,0.07727097079793507,0.0718737458570779,-0.01233174003319679,0.007068512206705749,-0.16168583398699027,0.8410513517396205,inf,green,False
87.9,3672.903133534,FOLLOW,4.690865219774205,4.613261633422065,0.4009837593267569,0.0719778902558469,0.07197638196042246,-0.01218684409584514,0.00723435192272983,-0.1612716734370889,0.8416313406431961,inf,green,False
88.1,3673.153116217,FOLLOW,4.705561610797191,4.627955360357458,0.40126339326215366,0.07207357541225123,0.0722863024212422,-0.011476151977792096,0.007768617636428769,-0.15776850700742148,0.8399796453871504,inf,green,False
88.2,3673.254818116,FOLLOW,4.712927425469823,4.635320081695076,0.40139027901632074,0.07228821663818023,0.0746668750163304,-0.015186232585897666,0.0014333660915698057,-0.1460822731395314,0.8494636841071457,inf,green,False
88.4,3673.453152426,FOLLOW,4.726980939632186,4.649371879436736,0.4016098350540825,0.09142756380799637,0.08994053144017088,-0.0004271358184424096,-0.003641496608834816,0.021067886010025638,0.7889806133360625,inf,green,False
88.6,3673.752865753,FOLLOW,4.747530489987388,4.669919057544989,0.4019220584572536,0.08063869296763873,0.08062802834253414,-0.004502980867090743,-0.022693886160031068,0.11310388696861454,0.8618865571077061,inf,green,False
88.7,3673.852927783,FOLLOW,4.753013918454324,4.675401894558072,0.40200259340858757,0.0806386196211001,0.08028200403441857,-0.0043540879930771175,-0.02276193779488471,0.11462752749536283,0.8607360258042828,inf,green,False
88.9,3674.053118898,FOLLOW,4.769418171201651,4.691804513470523,0.40223407824117524,0.0804775633889696,0.08046465580347886,-0.0043058550651839,-0.022606599544621672,0.11408700047596333,0.8617881988821097,inf,green,False
89.1,3674.353547802,FOLLOW,4.785925266612797,4.708310131064848,0.402454945653152,0.08137022795986576,0.08118633613975182,0.00029898347553162987,-0.01739191742225161,0.1178828284898006,0.8759376957245499,inf,green,False
89.2,3674.453218076,FOLLOW,4.791447316014825,4.713831690651142,0.402528493811844,0.0812034678251843,0.08144794715353355,0.000122245612663482,-0.01748143360782701,0.11701892945358595,0.8772943842398367,inf,green,False
89.4,3674.702972259,FOLLOW,4.810816494374029,4.733199137077092,0.4027875095465194,0.08145143428284103,0.08135354092432974,-0.0002025934519370788,-0.017966001057697405,0.11754798120478532,0.8771741847759946,inf,green,False
89.6,3674.953050347,FOLLOW,4.827965091590216,4.7503461789370975,0.40301846238317085,0.08679467694379484,0.08704175092951247,0.0026103625205968176,-0.00885054723182107,0.07908239352426157,0.8687535494136136,inf,green,False
89.7,3675.053552344,FOLLOW,4.836836039876766,4.759216277390617,0.4031412485721298,0.08706288974070671,0.0868289391652144,0.0025260465335036806,-0.009042735604674983,0.07975346842751141,0.8678434317581875,inf,green,False
89.9,3675.302834613,FOLLOW,4.854576245614876,4.776954680235842,0.4033941452613939,0.08731686136132796,0.08729605982889574,0.0021228422508130975,-0.009191245103167923,0.07753418698204462,0.8684761032734928,inf,green,False
90.1,3675.55311943,FOLLOW,4.873325117338096,4.795701499747494,0.40367152178188076,0.09682340334311672,0.09735523577604724,0.0029868111323179325,-0.001637948550021041,0.03161877337782374,0.8754239051576319,inf,green,False
90.2,3675.653076648,FOLLOW,4.879927229142291,4.802302843476113,0.40377222485039393,0.09737734821344597,0.09735523577604724,0.0029868111323179325,-0.001637948550021041,0.03161877337782374,0.8754239051576319,inf,green,False
90.4,3675.904242792,FOLLOW,4.904203407401266,4.826575976894738,0.4041566384933379,0.09322390034506925,0.09177735347202014,-0.0020091162571727133,0.00472471584414863,-0.04624203468806488,0.8532273531591666,inf,green,False
90.6,3676.15308698,FOLLOW,4.919809635838286,4.842180170557939,0.40440863913494685,0.0917920793827666,0.09199356264767909,-0.0019497959586166113,0.004547472010031112,-0.04459379130191798,0.8520784748521284,inf,green,False
90.7,3676.252781273,FOLLOW,4.929194196715013,4.8515635448928025,0.4045578662268656,0.09200816035170986,0.09185784206473742,-0.0020135349745070475,0.004608714392243514,-0.04548980026435144,0.8525360773777962,inf,green,False
90.9,3676.454174381,FOLLOW,4.944819720044556,4.8671871542762615,0.40480242112067377,0.09197804808965966,0.09244047607825763,-0.002089165246420134,0.00412465944540372,-0.042727180605533634,0.8526231530825058,inf,green,False
91.1,3676.702984864,FOLLOW,4.9663494272919815,4.888714358621159,0.4051306864622651,0.07897437446656347,0.0785232135949088,-0.00869845745810095,0.006368224816609577,-0.11674163406198251,0.8453377855173178,inf,green,False
91.2,3676.803571729,FOLLOW,4.974349508687253,4.896713599488621,0.40524663613096257,0.07852801555231528,0.07829242743880799,-0.008701197580763528,0.006560704019463785,-0.11824833011686266,0.8453108287699558,inf,green,False
91.4,3677.053491777,FOLLOW,4.990328614843072,4.912691311927986,0.40545753201005114,0.07824624000790374,0.0782184232185317,-0.008182014272014013,0.006878366815434495,-0.11598025766894318,0.8408158784740924,inf,green,False
91.6,3677.303474868,FOLLOW,5.006116645622801,4.928478294725157,0.40563928090476753,0.07301179654817433,0.0732781998708784,-0.01306103161701739,0.005247163254217216,-0.1542513737215418,0.846136311297418,inf,green,False
91.7,3677.402940633,FOLLOW,5.011090118600162,4.933451513571259,0.4056895461599158,0.07327712589864956,0.0732781998708784,-0.01306103161701739,0.005247163254217216,-0.1542513737215418,0.846136311297418,inf,green,False
91.9,3677.652621938,FOLLOW,5.028501040688179,4.950861850325002,0.40583151163638254,0.07306163024695676,0.07557121492341522,-0.015640550090377254,-0.0001449692687713125,-0.13815305451142984,0.8472683363369927,inf,green,False
92.1,3677.903142905,FOLLOW,5.043840402951638,4.9662010032357085,0.40591052752062173,0.07574854662109386,0.07629692044970027,-0.01495787476644461,0.00032694279881140265,-0.1339634824336898,0.8487451946310033,inf,green,False
92.2,3678.004090062,FOLLOW,5.051603113348554,4.973963681220403,0.4059327334299873,0.07629374411569687,0.09539500313327642,-0.020320114764688483,-0.01650113287093763,-0.03409295725458282,0.8627145628632117,inf,green,False
92.4,3678.203180796,FOLLOW,5.0672308696698645,4.989591427716443,0.40594497414176156,0.09538465746972999,0.09635070724751738,-0.019628417423146357,-0.016221483482060466,-0.029648173889454607,0.8624355296219434,inf,green,False
92.6,3678.454066267,FOLLOW,5.086954628361104,5.009315102140659,0.4058915782340951,0.09705023619921968,0.09675418615768488,-0.01885153136634391,-0.015531858637750934,-0.0282171369068207,0.8631625120873618,inf,green,False
92.8,3678.704012714,FOLLOW,5.106830983623384,5.029191028242102,0.4057626061825237,0.09813439192314269,0.0870071023666632,-0.012946075482791268,-0.0014779094015852298,-0.09044812496208236,0.8890097961273736,inf,green,False
92.9,3678.803851272,FOLLOW,5.116095842928749,5.038455518172507,0.40567992166857214,0.08700665627123444,0.08688640337479779,-0.01259288702677618,-0.0009276821227096541,-0.09149471732016264,0.8896710055346222,inf,green,False
93.1,3679.109178181,FOLLOW,5.130902656208439,5.053261505265925,0.40552375159182336,0.08798871819802911,0.08810127253801997,-0.011870708887049877,0.0007318467569446818,-0.09561930141308721,0.9096810656020304,inf,green,False
93.2,3679.30306658,FOLLOW,5.142886750031323,5.065244681602118,0.40537555670248393,0.08817646170015159,0.08903107370913506,-0.011241187204753027,0.0011820314818024452,-0.09290729869542493,0.9142513758733966,inf,green,False
93.4,3679.603888729,FOLLOW,5.157992551305592,5.08034897985652,0.4051626142299528,0.08904091415884728,0.08959881584541267,-0.010195746584521145,0.0018227937225811335,-0.08877888624144617,0.9123751961973593,inf,green,False
93.6,3679.852874212,FOLLOW,5.176245302205933,5.098599380911141,0.4048699304518306,0.08960046279745239,0.09057239594780801,-0.009404262609909703,0.002117204471072047,-0.08404079816108197,0.9133486422070529,inf,green,False
93.7,3679.953024152,FOLLOW,5.185482538321841,5.107835197168599,0.40470799469554536,0.09057278193785175,0.090926905602464,-0.008716451117082278,0.0026737118676286448,-0.08237501673340725,0.9137680752396982,inf,green,False
93.9,3680.203719188,FOLLOW,5.204076258168014,5.126425570707135,0.40435538167763707,0.09178269406971425,0.09238213506402636,-0.007734469388675878,0.0030726054313402022,-0.07686509836029813,0.9177878317508599,inf,green,False
94.1,3680.453483145,FOLLOW,5.2229219598117025,5.145267256639085,0.403966447432319,0.09238531829945323,0.09258926095490182,-0.006758429678386679,0.003816264149721818,-0.0745871593340799,0.9154515487797645,inf,green,False
94.2,3680.602638149,FOLLOW,5.232366179465151,5.154709238498236,0.4037608745749618,0.09259318528091436,0.09476753442060884,-0.0059825443806028325,0.003690090418515656,-0.06712005067514808,0.9222461558523676,inf,green,False
94.4,3680.854124852,FOLLOW,5.251232668166897,5.173570823313462,0.40333081795670783,0.09032590246004474,0.09032395423185008,-0.008351476899173902,0.004497267869052864,-0.09215845256731207,0.9261186988439177,inf,green,False
94.6,3681.103029969,FOLLOW,5.269686160108154,5.192018789720698,0.40287934991788926,0.09096196084135216,0.09154711748222943,-0.006786964779416908,0.005287659858940658,-0.08510096591923624,0.9251998982864854,2.945830819678936,green,False
94.7,3681.202392551,FOLLOW,5.278983550087598,5.201313121479224,0.4026409089862744,0.09155137474126913,0.09154711748222943,-0.006786964779416908,0.005287659858940658,-0.08510096591923624,0.9251998982864854,2.9391156870157538,green,False
94.9,3681.40296449,FOLLOW,5.294598740231301,5.216922792662646,0.402225813543596,0.09232299038219284,0.09312463320921115,-0.0051670043944127084,0.006032538871575368,-0.07751937256245406,0.9264336754202329,2.872439268734567,green,False
95.1,3681.653320447,FOLLOW,5.313436572517269,5.2357534001094175,0.4017041704838013,0.09114642656941503,0.09114158837202938,-0.006108612231692005,0.006327631499725206,-0.08721345152072069,0.9251126634961919,2.8209394454340075,green,False
95.2,3681.803302154,FOLLOW,5.325854775709364,5.248166485968187,0.4013477132069028,0.09182882426678912,0.09285991154216836,-0.004228032607644458,0.007100555570838857,-0.0779158353608939,0.9245671290877939,2.7929215190916623,green,False
95.4,3682.003265023,FOLLOW,5.341570174767174,5.263875040928826,0.4008839715195069,0.09286658324913744,0.09415541051015996,-0.0031195827182575243,0.007409398570595888,-0.07163871283204924,0.9251528462330219,2.7614654467301625,green,False
95.6,3682.254744779,FOLLOW,5.361548567399277,5.283844411696365,0.40028364167594815,0.10469787989953397,0.10454565924598323,0.006716668472031469,0.007507665325366114,-0.00667570635818453,0.8857537462612979,2.7796519370418284,green,False
95.7,3682.404764816,FOLLOW,5.372229924710697,5.294521158501392,0.39996984580910955,0.10503713072519666,0.10611264420971944,0.007758749422860929,0.00767387087515819,-0.0017910895173228187,0.8882315610122337,2.7693641605058033,green,False
95.9,3682.712683415,FOLLOW,5.392701783447826,5.314984768319446,0.3993887934286756,0.07248954955057507,0.08012863409239393,-0.009614264631318273,0.0065940944298763585,-0.12436471744148112,0.8753464286422911,2.8142121722565987,green,False
96.1,3683.00305836,FOLLOW,5.40953292092589,5.331808696259381,0.398896306429937,0.08663795988665064,0.08533162180062887,-0.011311394620163147,0.0011239299758608948,-0.09674631912157342,0.8830868548778458,2.731684765331954,green,False
96.2,3683.152979346,FOLLOW,5.41538147041576,5.337654492322371,0.39871686763513986,0.08532796603774154,0.0971312548190961,-0.012767183876049509,-0.005654215498186401,-0.05106229271286267,0.9127551352662245,2.711049223836665,green,False
96.4,3683.405341487,FOLLOW,5.434325366021265,5.35658844267951,0.398103262902938,0.09700101528088136,0.10035827444336558,-0.01308949565686479,-0.008081067842449781,-0.034227467539416585,0.9078816532951748,2.614996807964827,green,False
96.6,3683.703411568,FOLLOW,5.458390865949532,5.3806390173781935,0.3972560973377365,0.11040926454859522,0.11334579796501294,-0.013604102763258909,-0.010079895260613314,-0.013874502521032738,0.977311161367067,2.2463985845359757,green,False
96.7,3683.806808011,FOLLOW,5.466094121274628,5.388336943792238,0.3969696216046114,0.11333926900752739,0.11304568421869939,-0.013535244813427827,-0.00985738780971725,-0.01516111183077404,0.9777535822480381,2.2188338394473788,green,False
96.9,3684.052878978,FOLLOW,5.489015886765632,5.41124124537657,0.3960752019499702,0.11080789485506914,0.11005182272482884,-0.01255177791416045,-0.007620883648436667,-0.026224864730043013,0.9772254844621843,2.1955921880008415,green,False
97.1,3684.316755723,FOLLOW,5.515150471256133,5.4373529164089565,0.39498128718216485,0.10942741149621754,0.10804490921555333,-0.01207093077362651,-0.005855117707240282,-0.036409455769287044,0.9823295839458678,2.3685876941342143,green,False
97.2,3684.413059958,FOLLOW,5.522498999988577,5.444694408992927,0.39465978886014286,0.10804000056811483,0.10737762721759968,-0.012245292166460631,-0.005655481925602085,-0.03930395270427391,0.9827378347645326,2.3179615117593833,green,False
97.4,3684.707170741,FOLLOW,5.548012647402939,5.4701814810269305,0.3934957846581026,0.10706147522161968,0.1064448067859111,-0.012235493538678673,-0.004386413101019978,-0.04836059124926436,0.994284510540517,2.2542361906324904,green,False
97.6,3684.9030855,FOLLOW,5.566145819936303,5.4882936293835325,0.3926229083780743,0.10643831689915147,0.10556952405254608,-0.012668213916073694,-0.004407821710597176,-0.051626914066908926,0.9932924659867438,2.1897910084267407,green,False
97.7,3685.05270253,FOLLOW,5.580503433439611,5.502633252269899,0.3919044148360854,0.10556205685625226,0.10563356511777859,-0.012908743500062448,-0.004491335926522523,-0.0525588225804689,0.9959458719724826,2.164946279234249,green,False
97.9,3685.253718213,FOLLOW,5.598481304869497,5.520586793740254,0.39096948998247594,0.10594930276615559,0.10623919365681746,-0.013012641028737655,-0.004952807607059403,-0.04968021025416437,0.9952846446006367,2.095971018876833,green,False
98.1,3685.453525143,FOLLOW,5.616521025321997,5.538599986671452,0.3899916009543738,0.10623072385641197,0.1081060675767465,-0.01280602306044984,-0.005583546127811956,-0.0427662658204396,0.9972024969476697,2.0638100825422865,green,False
98.2,3685.602816591,FOLLOW,5.631156411658399,5.553212245699779,0.38916918488031244,0.10809786071729242,0.1081060675767465,-0.01280602306044984,-0.005583546127811956,-0.0427662658204396,0.9972024969476697,2.0595487620486983,green,False
98.4,3685.857607468,FOLLOW,5.649523147853117,5.571547895759368,0.38810109953099736,0.10779482955631108,0.10825545951424627,-0.013136506994644864,-0.006067889477606704,-0.04149414718135088,0.9957114953326545,2.0468000318641217,green,False
98.6,3686.103088323,FOLLOW,5.67519432221403,5.597171763144537,0.3865434669390329,0.10757483686001618,0.10888273309510507,-0.012928661047545205,-0.0060450178083488355,-0.03988504415003621,0.9978309553066022,2.0086692952201957,green,False
98.7,3686.204087122,FOLLOW,5.682506390943837,5.604469562457779,0.38608688078830533,0.10760155563065786,0.10888273309510507,-0.012928661047545205,-0.0060450178083488355,-0.03988504415003621,0.9978309553066022,1.9923600616770027,green,False
98.9,3686.402950543,FOLLOW,5.704558815141682,5.626476531311964,0.38467179273395,0.10804622382297333,0.11153907805006381,-0.008848425443846133,-0.0036221259921806895,-0.02940901692964548,0.9978309553066022,1.9937019455730058,green,False
99.1,3686.65268336,FOLLOW,5.727450077720461,5.649317556134535,0.383156065690776,0.1141354934601921,0.11495640561418097,-0.0010653401362739445,0.0015090460460841322,-0.016314341358254526,0.9970416726704188,2.123016030047526,green,False
99.2,3686.757204731,FOLLOW,5.73521129924032,5.657061497370889,0.3826384426872568,0.1141355948999964,0.1165155653975145,0.004148910807327765,0.005165005638388558,-0.010395911111046962,0.996198158748578,2.093845324007989,green,False
99.4,3687.004591731,FOLLOW,5.762854739836161,5.6846439662242725,0.38080346591914865,0.1169025404055996,0.11860905215945049,0.012696252260880515,0.010253249245139526,0.003940876713473223,0.9981467607383856,1.9382128921271167,green,False
99.6,3687.202950875,FOLLOW,5.786787034799075,5.708526476625446,0.3792607117455729,0.11632382871325872,0.11711960148153804,0.01748036142202631,0.013828631693773654,0.008668029431959358,0.9971465988607613,1.9204152553446543,green,False
99.7,3687.302974457,FOLLOW,5.794697061795316,5.716421101473796,0.3787673352335588,0.11632402042203505,0.11441809470952144,0.023106430652371966,0.017796301977208523,0.017953123313110508,0.9962791676537454,1.7581766318700702,green,False
99.9,3687.552873887,FOLLOW,5.8217129477635625,5.743389771897257,0.37717138086067087,0.11339711086676584,0.11295718088315,0.02873258052954081,0.02226697127349578,0.023812877981476552,0.9973480816408755,1.873569652904962,green,False
100.1,3687.754148245,FOLLOW,5.840692850805937,5.7623421008319395,0.37614900092188264,0.11080175895435243,0.11152825118502105,0.031828875348390004,0.02464275917046751,0.029144797855510232,0.997120183541134,1.971649058554069,green,False
100.2,3687.9031318,FOLLOW,5.855758768241096,5.777389670932673,0.37540590176103156,0.11075523177832479,0.10979377308344472,0.03452381844864191,0.02662074428317843,0.035834831163329445,0.9969156365543341,1.8462915242353752,green,False
100.4,3688.103034643,FOLLOW,5.874345429614402,5.7959579453926295,0.37457991491768466,0.10880191510275965,0.10959050126693605,0.03608967752317519,0.028098201580111865,0.036183730564645945,0.995866534938786,1.834654648304701,green,False
100.6,3688.352659059,FOLLOW,5.900282007082499,5.821876445869939,0.3736138426580827,0.10911185441872753,0.10988520649645951,0.03617114984283091,0.02825901783069668,0.035015805498269686,0.9958708670083549,1.7985845849836632,green,False
100.7,3688.454003729,FOLLOW,5.907700737772664,5.829291447312662,0.37337868625377807,0.10909861968081493,0.11123495021875807,0.03566942899934084,0.028086350223690194,0.03033754170583745,0.9972619797689907,1.7784525526383193,green,False
100.9,3688.703502029,FOLLOW,5.930345066880041,5.851927522613848,0.37276905243335484,0.11158703806126723,0.11273627485183906,0.03341397656202783,0.02662513085676773,0.023456247444353814,0.9945599979086467,1.7839714809515121,green,False
101.1,3688.952986161,FOLLOW,5.953273881572028,5.874851703666362,0.37231018619083783,0.11298303104595556,0.1152061889089928,0.03131876465522487,0.02521855170406483,0.016065177057864612,0.9986100705537893,2.038390589533414,green,False
101.2,3689.053069057,FOLLOW,5.964942295261716,5.886518779481105,0.3721337756586398,0.11441426370242361,0.1159367000153893,0.03038578771412989,0.02461282875002278,0.01344357205457169,0.9986100705537891,2.0421888166457833,green,False
101.4,3689.302888532,FOLLOW,5.988529870062522,5.910105015113996,0.3718856772185272,0.11663066142648991,0.11768631818745413,0.027409944397431985,0.022634843637311858,0.006747154352004773,0.9972619797689908,2.0256553906179358,green,False
101.6,3689.502951292,FOLLOW,6.008296900333065,5.929871755631751,0.3717817939238495,0.11425029853450322,0.1150482716477184,0.02613232194277287,0.021256690601641284,0.012011731326323244,0.9875257830766169,1.9951468811035156,green,False
101.7,3689.652699818,FOLLOW,6.022568256482093,5.944143091900548,0.3717605796736817,0.07418280614704315,0.07,0.01555028257642143,0.020380976937623987,0.014451470085735605,0.9838950107164994,1.985131588718866,green,False
101.9,3689.952925074,FOLLOW,6.034336494229533,5.955911325582962,0.37176540442741246,0.06918782381248353,0.11308242133926337,0.024539647203391475,0.019666079524191506,0.01572194124520777,0.9793925774972307,1.9739764151653691,green,False
102.1,3690.202641357,FOLLOW,6.056807227377973,5.9783819415795145,0.37183250287573866,0.1100697576931627,0.109638051180984,0.024027455411845873,0.01820970244461787,0.0268848897186555,0.9750589039033888,1.949540993073808,green,False
102.2,3690.352542227,FOLLOW,6.071588516152448,5.993162874626515,0.37193420434723146,0.10815316991794274,0.10895304957952417,0.023034827287455224,0.017467274295624814,0.026577978560945514,0.9682702426600812,1.9356261464213016,green,False
102.4,3690.602950413,FOLLOW,6.093501321863071,6.015074397778199,0.37216956645668947,0.10576255144260749,0.10656258710517114,0.022217132198963166,0.015815763971432334,0.03558770300142655,0.967028177979811,1.9170739315061687,green,False
102.6,3690.809480044,FOLLOW,6.111448295638868,6.03301937913335,0.37243632523845255,0.10527271035287772,0.10395254645577331,0.021270692777977294,0.013744585284960142,0.04674735266530685,0.9675109360819596,1.8916062531389053,green,False
102.7,3690.952679949,FOLLOW,6.1220446727701745,6.043614076875687,0.3726248712624159,0.10315206322991012,0.10331934746497036,0.021166114814277485,0.012943085018798246,0.052241481468420094,0.9734436408730968,1.8876481531022886,green,False
102.9,3691.152601572,FOLLOW,6.142958608566896,6.064523395995106,0.37306356423203874,0.10117947343962125,0.10197996159700477,0.021116499020803384,0.012341491593963711,0.05773286325157119,0.9724912461683807,1.8453766134149383,green,False
103.1,3691.353015585,FOLLOW,6.163572775464008,6.085131001351963,0.37358305017239896,0.10091689914190087,0.10094667862226195,0.020986862739478005,0.01073450256222097,0.06896833121045814,0.9862665711400129,1.8311771196688507,green,False
103.2,3691.452959549,FOLLOW,6.170409938349786,6.091965481150763,0.37377456128683384,0.10014668894010023,0.10094667862226195,0.020986862739478005,0.01073450256222097,0.06896833121045814,0.9862665711400129,1.8215133009268856,green,False
103.4,3691.702658414,FOLLOW,6.1944587204256685,6.116002593162319,0.37452294291434507,0.10173242951204776,0.10301886620982065,0.020840102023400878,0.01076675288133194,0.0649626504558307,0.9979151058306839,1.8097727720874421,green,False
103.6,3691.90356021,FOLLOW,6.211834754492823,6.133367781918009,0.37513651746199334,0.10221569335633052,0.10412420125080189,0.02056350835676291,0.011036743591307192,0.059920028860094905,0.997683450922982,1.7748046487021762,green,False
103.7,3692.052457072,FOLLOW,6.222296892545301,6.143822299742579,0.37553570782415074,0.10332075050405733,0.10428474216200874,0.02060189663747631,0.011193580520766112,0.058921498355921344,0.9970522943468746,1.7638397575102018,green,False
103.9,3692.256032793,FOLLOW,6.2434026158614575,6.164909985849692,0.37640772340878403,0.10368463418567679,0.1057744372942835,0.020113439350939972,0.011436040495180776,0.05230180198725203,0.9967076790081671,1.7556927965414473,green,False
104.1,3692.502824926,FOLLOW,6.264775682587531,6.1862609199412315,0.37737982728797625,0.10510621370723376,0.10590983244080997,0.019982333754042785,0.011342545414929257,0.051920989135784384,0.9971432549136672,1.7255477161707509,green,False
104.2,3692.652819622,FOLLOW,6.27907014818412,6.2005382849987,0.3780787371551638,0.10510652820159523,0.10714509282327464,0.019352085087547037,0.011295441495732835,0.04678050404521042,0.997298720365698,1.7252033206127946,green,False
104.4,3692.852999368,FOLLOW,6.29712864815586,6.218572413310242,0.37901647494707036,0.10707754424800636,0.1078817853314007,0.018981723737740423,0.011404615955123269,0.04289539240734156,0.9954238676657355,1.6930457509377501,green,False
104.6,3693.052588474,FOLLOW,6.319045416505254,6.240455388633181,0.3802328412854876,0.107801917392167,0.10949945998745757,0.018308410972013425,0.011392764598701604,0.03705207830523003,0.9970201366837231,1.6708751970905578,green,False
104.7,3693.20258599,FOLLOW,6.333796358203274,6.2551809130723335,0.3810983492929837,0.1086944263256004,0.10956993609875192,0.017746470672828113,0.010995520365312855,0.03615257392525749,0.9956085344645134,1.6604923833024905,green,False
104.9,3693.402933154,FOLLOW,6.34865390075198,6.270010665017509,0.38200660492950467,0.1097491568436565,0.10946188847858306,0.017721942238226155,0.01083868343585394,0.037153292775554424,0.9969088537883982,1.640925672659924,green,False
105.1,3693.653238985,FOLLOW,6.374537590649234,6.295840591804673,0.3836737315015332,0.10706173612618197,0.10629618975425335,0.017683532177741934,0.010370561058234667,0.043287268083722436,0.9816614075806654,1.622893537521781,green,False
105.2,3693.75310973,FOLLOW,6.381817782913355,6.303104366002048,0.38416238173768563,0.10706157118661969,0.10629618975425335,0.017683532177741934,0.010370561058234667,0.043287268083722436,0.9816614075806654,1.602516575215208,green,False
105.4,3693.954267531,FOLLOW,6.402995523327733,6.3242308702836425,0.38563446513425526,0.10207171433282837,0.10253714000811062,0.017183973330730268,0.00926231321591037,0.05148875865031233,0.9644659595378154,1.5753543751402745,green,False
105.6,3694.152873327,FOLLOW,6.423738138005224,6.344918124779362,0.38714879466864266,0.10232097892480088,0.09919212978790978,0.018376322851648086,0.009556192170920009,0.061482922656927924,0.9536557074810401,1.5508475281133578,green,False
105.7,3694.303191407,FOLLOW,6.437111452492356,6.3582523861392035,0.3881699999033533,0.09812070482153613,0.09932242678703533,0.017353989258378444,0.008504068393807959,0.06135050969015256,0.9546344212887837,1.6534875943020075,green,False
105.9,3694.50286501,FOLLOW,6.454000958538731,6.375088330187135,0.38951396100963614,0.09985424766004662,0.10022233458587025,0.008921636474835551,0.0006505120757131638,0.055717100648942974,0.9515214945362723,1.8784660205841064,green,False
106.1,3694.752769513,FOLLOW,6.474657450773652,6.395675946299018,0.3911993919244101,0.10230842099344954,0.1029565634178348,-0.0005901799969701527,-0.0072600061228418125,0.04450131858122804,0.9534235040795707,2.240832110728968,green,False
106.2,3694.852648795,FOLLOW,6.485158299484597,6.406141383739615,0.39206104311433,0.10295709076150072,0.10517300779741871,-0.005850072887140318,-0.011211564254125752,0.03717499695461038,0.9578960284071614,2.4744106589184183,green,False
106.4,3695.102807755,FOLLOW,6.506702181471437,6.427613614880274,0.3938166227756045,0.10683416780494788,0.10695697170239442,-0.011564390288297059,-0.015453768829872655,0.029990608889880747,0.9581352789027151,2.827638628794186,green,False
106.6,3695.302863478,FOLLOW,6.524668237408312,6.445522546893873,0.3952481297864099,0.10039861039729364,0.09694579168469732,-0.014559824670191866,-0.020727661047562997,0.0366769084726347,0.8819580958813684,2.8081969045311936,green,False
106.7,3695.402940316,FOLLOW,6.534559292463298,6.455383621712304,0.39601764743751344,0.0969254278593915,0.09660568933552521,-0.01783273376310254,-0.024375619898773775,0.03767034711663493,0.8808634496858566,2.796349428990979,green,False
106.9,3695.652901297,FOLLOW,6.554419594108813,6.475187749545569,0.3975101597789011,0.09830387352254788,0.09833664826833965,-0.022958094068386815,-0.028284367638946956,0.03052732328678018,0.8820127908325388,2.7643841691798516,green,False
107.1,3695.903141389,FOLLOW,6.577698030621567,6.498408664871309,0.3991451516506769,0.0986175593629218,0.09865795662041026,-0.027258449436621958,-0.03269238712303005,0.030715813690603423,0.8852821263085888,2.7298096510071677,green,False
107.2,3696.002550414,FOLLOW,6.584403997563699,6.50509987241215,0.39958981410499184,0.09861686541398879,0.09921891158733903,-0.029447479517863855,-0.03459891443728243,0.029414236726012528,0.8876252747513107,2.732698855343835,green,False
107.4,3696.20283248,FOLLOW,6.604536756266197,6.525193276756969,0.4008475509518287,0.0979474360148016,0.09797031048586065,-0.030579547523328143,-0.037325143634408725,0.03707949540574378,0.8921002889980004,2.7229960337445624,green,False
107.6,3696.453742286,FOLLOW,6.624239481522937,6.544864513273293,0.40196055766003885,0.09587962543604311,0.09488454426679083,-0.025688700389921666,-0.03609106014586411,0.0571146058128334,0.9036064802134256,2.629330946477838,green,False
107.7,3696.55250605,FOLLOW,6.630691769202813,6.551307810440177,0.40230104283952245,0.09486760337522933,0.0936828642558684,-0.023560219553671272,-0.03525426550498431,0.06463608610229492,0.9068424871395684,2.6203026887805128,green,False
107.9,3696.803059625,FOLLOW,6.653107619430874,6.573696660567663,0.4034003463265126,0.09426371588525619,0.09324553070559312,-0.020200309771412447,-0.0325406607519768,0.07024380384313296,0.9135027718827035,2.598238137345946,green,False
108.1,3697.05312308,FOLLOW,6.672002009546709,6.592572407263109,0.4042392306464384,0.09197455841480513,0.09133460969693354,-0.016070889270554563,-0.029897455347434623,0.08018689273931065,0.9137017172901715,2.583083918999384,green,False
108.2,3697.154876626,FOLLOW,6.681318529981515,6.601880828417324,0.4046276013566805,0.09133060333437418,0.09183766230960672,-0.015163461911511899,-0.028596650987224293,0.07887579808040925,0.9162257048406675,2.568419844158564,green,False
108.4,3697.352789804,FOLLOW,6.696915342769284,6.617465393827567,0.40524547495862745,0.09139348385179738,0.09130061384097543,-0.012129964053323967,-0.02548943586335155,0.07999943317981063,0.9130050602632704,2.5334030303891493,green,False
108.6,3697.606387064,FOLLOW,6.718661041570966,6.63919624527365,0.406048715751488,0.09139606755961895,0.09033158195074315,-0.009004781816570339,-0.022941923570477786,0.08541597729038479,0.9135081902668014,2.5105160186280453,green,False
108.7,3697.703177339,FOLLOW,6.724841329787935,6.645372712251569,0.4062660103513637,0.09033763206519359,0.09033158195074315,-0.009004781816570339,-0.022941923570477786,0.08541597729038479,0.9135081902668014,2.502416629293715,green,False
108.9,3697.953899427,FOLLOW,6.746479727807795,6.666998723073567,0.40699798317569824,0.09098889756085585,0.0908787846424274,-0.005896353144229927,-0.01891931345206271,0.08213917054702091,0.9128379551629433,2.466330736124451,green,False
109.1,3698.152960786,FOLLOW,6.761937785746568,6.682448672180154,0.4074985900907743,0.09088910613400433,0.09063775327306559,-0.004919798149162319,-0.017993160359056657,0.08311813697224928,0.9122654687632048,2.454738211382998,green,False
109.2,3698.303508966,FOLLOW,6.774266386168411,6.694771133006057,0.4078876177149259,0.09064917015640508,0.09147353537576446,-0.0035713300628057183,-0.016062129118688654,0.08055065854982228,0.9157847430146682,2.4438367437552757,green,False
109.4,3698.503298753,FOLLOW,6.789771139034165,6.71026846389853,0.408367295009739,0.09078392796707135,0.09128406252841342,-0.002198774328127846,-0.014505749145524948,0.08027281573926538,0.9133594529716725,2.4281069222047864,green,False
109.6,3698.702828442,FOLLOW,6.8089539004015345,6.729442331338845,0.408951364007103,0.09967552687869585,0.09965999482885855,-0.0013144173695201925,-0.013361433185174836,0.08000243597067093,0.9966050059724286,2.3931658081123146,green,False
109.7,3698.802647702,FOLLOW,6.8157318336426505,6.736217163927773,0.4091563576483485,0.09967543973314974,0.09949764489750386,-0.00033143883326314173,-0.012516746001491979,0.08101872787867224,0.9970881369900245,2.4077751316144647,green,False
109.9,3699.05404126,FOLLOW,6.839433808543245,6.759908337996679,0.4098718192105225,0.09977509923636677,0.09991412308164714,0.0019150349526563676,-0.010059878286767996,0.07983365443741128,0.9987949751703346,2.3833600814058804,green,False
110.1,3699.252736116,FOLLOW,6.8598092959334585,6.780274406803503,0.41049127323032053,0.09993386131410932,0.09944434480080627,0.002886266391040415,-0.009215191103085149,0.08084997399439234,0.9962043877366059,2.3447677671720393,green,False
110.2,3699.352673383,FOLLOW,6.866573541024709,6.787035464968461,0.4106988883337006,0.09946548715235948,0.09986506710002015,0.004160557906753861,-0.007603010572044013,0.07864835623941654,0.9958385461075767,2.3484720523069886,green,False
110.4,3699.602769684,FOLLOW,6.890367758709404,6.810818075984402,0.41144196522848125,0.10038631984081366,0.10019127184179162,0.005671826837827577,-0.005951501593000258,0.07773764885438823,0.9971904717797584,2.314500274958268,green,False
110.6,3699.803072036,FOLLOW,6.90741636429198,6.827857848175605,0.41199068810040923,0.10021701959540452,0.1004270405275032,0.006050632698877374,-0.005276482793412626,0.07570715680494326,0.9952887899098617,2.3123668771445405,green,False
110.7,3699.903025181,FOLLOW,6.91766229872273,6.8380982141718585,0.4123284360134346,0.10045350646822769,0.07,0.004744583623953462,-0.004232159828091584,0.07384188253349012,0.9955854752559217,2.312664438767745,green,False
110.9,3700.103374503,FOLLOW,6.9305845652363365,6.851013408575109,0.41275589212960445,0.06916163488540597,0.10161859566021171,0.007998148793698583,-0.0024278407875769036,0.06921909921353632,0.9933622066464399,2.245148570605152,green,False
111.1,3700.352452005,FOLLOW,6.950659229362081,6.871076705008954,0.4134313676167256,0.07078473947705975,0.10481662300712233,0.0003709656550346833,-0.008126870391561812,0.056507866104466634,0.9968669354428698,2.2418626770327617,green,False
111.2,3700.503151263,FOLLOW,6.961371291389709,6.88178296250368,0.413783958155734,0.10567666626683453,0.10492377705476746,-0.0018070079081560857,-0.00999046342997564,0.05492270509522741,0.9944210101367367,2.2160066251355097,green,False
111.4,3700.705625751,FOLLOW,6.983119063750804,6.903519154870302,0.41449355620503053,0.10836209028625184,0.10019597399452929,-0.00980426933978329,-0.01537573261957669,0.03640736439166298,0.9109637694501694,2.2124030563469166,green,False
111.6,3700.902694566,FOLLOW,7.004237979203765,6.924627648171763,0.41515686595714907,0.10103924174190948,0.10186692804212769,-0.014571966547469405,-0.019069711593830536,0.030463643220474183,0.9135418535144202,2.173181105064932,green,False
111.7,3701.003355133,FOLLOW,7.011219675474805,6.931606213751901,0.41536591688424074,0.10270317987436813,0.10416238324402978,-0.019295223494811657,-0.02190251670178231,0.020757635406725043,0.9130649598351469,2.2285335317679755,green,False
111.9,3701.252635678,FOLLOW,7.032479285099832,6.9528576254986225,0.41595583837313754,0.10499049848417026,0.10547661626904817,-0.02160813742961861,-0.023113962609866385,0.015515017663189886,0.913064959835147,2.1352752707901965,green,False
112.1,3701.503129601,FOLLOW,7.057876681780634,6.978248185222393,0.4165436583228531,0.1094139663579696,0.10888993878909567,-0.031201084965095143,-0.02957022264291332,0.0029111086972393413,0.9140201242393555,2.1273276836447037,green,False
112.2,3701.603418383,FOLLOW,7.069055953179302,6.98942552454138,0.4167512739954999,0.10969933467309465,0.10915965533970684,-0.033871762475787284,-0.03141189543115505,-0.0010679091894427919,0.9120923903111753,inf,green,False
112.4,3701.80270416,FOLLOW,7.0877406237211495,7.0081082805108466,0.41701706773453645,0.1099643668295558,0.10560528618194681,-0.037439601119366187,-0.0338102833212076,-0.015442896370741777,0.9140201242393555,2.0525579707819115,green,False
112.6,3702.002658607,FOLLOW,7.10801265034205,7.028379630897052,0.41717822478215166,0.08584865230762989,0.08268862679558629,-0.03061874929334119,-0.0342808569846689,-0.023161868473704356,0.7289723711738565,1.9890331521178246,green,False
112.7,3702.102548627,FOLLOW,7.116613405228297,7.036980338003517,0.4172059516392579,0.08351163108147015,0.08268862679558629,-0.03061874929334119,-0.0342808569846689,-0.023161868473704356,0.7289723711738565,2.0469257218937633,green,False
112.9,3702.352685376,FOLLOW,7.136761611588996,7.05712848869531,0.4171746801801097,0.10599155413799179,0.10517557657827273,-0.03574297220588402,-0.03225390334804387,-0.015722475600498564,0.9109135639131116,1.9650852915454462,green,False
113.1,3702.552946133,FOLLOW,7.158451197144928,7.078817271114588,0.41699329829725146,0.10666000583223821,0.10479035557863038,-0.032707042071270065,-0.02973610825729476,-0.01348807150731707,0.9026992091827896,1.9400424501567386,green,False
113.2,3702.703004157,FOLLOW,7.169163258632998,7.089528346252334,0.4168482461091641,0.10373301873968177,0.10291152803848307,-0.03142824858072492,-0.028190486382594776,-0.019182536710646403,0.8987232370820865,1.8974702855823165,green,False
113.4,3702.904635726,FOLLOW,7.190270147122894,7.110631673024371,0.4164622856066939,0.10319052383560494,0.1023038723806277,-0.02863257746579229,-0.025333302049220706,-0.020780968052517182,0.8968233844967021,1.8504465068161657,green,False
113.6,3703.103366906,FOLLOW,7.207730923366495,7.12808751768976,0.4160479950448222,0.10095577366558818,0.0997067970772222,-0.025942443253168357,-0.021946132086972346,-0.029916023955403097,0.8930322866826579,1.8152300928504628,green,False
113.7,3703.202965486,FOLLOW,7.218014610938704,7.138367322950672,0.415765548408575,0.10053430979676924,0.0997067970772222,-0.025942443253168357,-0.021946132086972346,-0.029916023955403097,0.8930322866826579,1.7236594375486627,green,False
113.9,3703.452920812,FOLLOW,7.241713441691851,7.162054151642914,0.41501245800032577,0.09883975961158699,0.08235471933799414,-0.018185149441359183,-0.019444308798834936,-0.01978849962390636,0.7202409180800932,1.7237565503621415,green,False
114.1,3703.654478832,FOLLOW,7.253994044266156,7.17432703239871,0.4145770461343228,0.060199779599012224,0.06811024512388539,-0.0014418228796128332,-0.032137631811071946,0.1973585483204693,0.8476299406865728,1.6838685900639976,green,False
114.2,3703.802759899,FOLLOW,7.260719324115175,7.181048060322555,0.41433793805714225,0.06896841457168763,0.06773992572744862,-0.0014746055671697035,-0.03192303380614238,0.19559303311206752,0.8405297463916105,1.6687219591568174,green,False
114.4,3704.052834548,FOLLOW,7.27699923392367,7.197317546208476,0.41375545218130827,0.06788251165481564,0.06636542433836386,-0.0014286284220108888,-0.032419441580470665,0.1989323445649756,0.8280916499380366,1.6625123189257516,green,False
114.6,3704.25318846,FOLLOW,7.288450504601968,7.208761363548955,0.41334236114095974,0.06722393529799012,0.09826810662589144,-0.01981630703184726,-0.019211339086741476,-0.00832307579534558,0.8359403239597704,1.647089664435028,green,False
114.7,3704.40337758,FOLLOW,7.298450534099066,7.218754510325839,0.41297144090123183,0.09910129607034229,0.09883068958951415,-0.02041593178213218,-0.01962300079754946,-0.008920301168060958,0.8419557364914848,1.63863313287401,green,False
114.9,3704.602741777,FOLLOW,7.312266856751771,7.23256006564323,0.41242620022700516,0.042759845818102896,0.0628987678942249,0.008390967831335758,0.02909002524495658,-0.10343385469191577,0.6596951911742033,1.6149196796922152,green,False
115.1,3704.852847027,FOLLOW,7.325882849286596,7.246164266080576,0.4118596699969514,0.060811562959760534,0.06349913525336352,0.00882620586334988,0.02916425424094537,-0.10017680821057917,0.6616832248991507,1.6238996469434879,green,False
115.2,3704.953705395,FOLLOW,7.332202075425353,7.252478344262734,0.41160465432633514,0.06437231143345755,0.0633663052122182,0.00865193092185069,0.029065618688998457,-0.10117362880863745,0.661615023487564,1.5903912149400874,green,False
115.4,3705.152761779,FOLLOW,7.345316120319066,7.265582402780951,0.41109300915107244,0.06423943277639119,0.03568919306179697,0.005016191621013376,0.08590830878203798,-0.44569320470868207,0.6287939177895404,1.596644187905774,green,False
115.6,3705.352673566,FOLLOW,7.352457951923336,7.272719168219334,0.4108240575509781,0.06748456139555899,0.07416270742000683,-0.014035810062263333,-0.02150991813239024,0.015417281061237863,0.6418431306783194,1.60358739791005,green,False
115.7,3705.452485993,FOLLOW,7.360098893820186,7.280354583738103,0.4105335163387969,0.07500485467010862,0.025793859167054987,0.018139180342377582,-0.04754808118638709,0.6772913266880034,0.5789062658850038,1.7047426050987908,green,False
115.9,3705.702696497,FOLLOW,7.366411259112723,7.286662524259464,0.4102972701809414,0.031083306191051024,0.030218681695112066,0.01519211194063728,-0.043511250253301714,0.5649599960376407,0.6074962285162097,1.5980612276877835,green,False
116.1,3705.95387645,FOLLOW,7.373797100101351,7.294044060695555,0.41004525733430974,0.030940504286463024,0.029776379010067248,0.014784095172558184,-0.045438813427431946,0.5709827961779304,0.6023406614843528,1.590971398704722,green,False
116.2,3706.052660129,FOLLOW,7.375882233684576,7.296128136524882,0.40997885154555824,0.030658304463748197,0.029894339300211334,0.01475412301509708,-0.04589531209787892,0.5716666950955438,0.6051527889562747,1.6569406884995372,green,False
116.4,3706.252909335,FOLLOW,7.381546891573099,7.301790217461459,0.40980803767183155,0.04400241876805256,0.04131172325032821,-0.003537831598664697,0.0504420974715335,-0.3754162694657461,0.6673704651660589,1.593677973181117,green,False
116.6,3706.502940374,FOLLOW,7.394356580777787,7.314593928034794,0.4094167588424894,0.0625211472745985,0.048123184504510065,-0.008003445248261406,0.02365650157859925,-0.2638311303654798,0.6655347493003221,1.5860473754139528,green,False
116.7,3706.603315739,FOLLOW,7.397707440131416,7.317943098199741,0.40931037725742536,0.04897273646882157,0.04783486243856375,-0.007921364256534641,0.024121053532179443,-0.2662651800393619,0.6639729840580788,1.5480687859950029,green,False
116.9,3706.853347251,FOLLOW,7.409688286506261,7.32991737141185,0.4089136225690744,0.05429013750255522,0.06093632651103219,-0.00978289966159765,0.02673276126399332,-0.2792354052163988,0.8622939672941612,1.7591002924372532,green,False
117.1,3707.052696014,FOLLOW,7.42008435179168,7.340307089536039,0.40855043195683516,0.06659550964809915,0.06574868836246874,-0.010236832413473132,0.019146925878142027,-0.22879296927459675,0.8612981871113925,1.4916724665985168,green,False
117.2,3707.203893426,FOLLOW,7.429068830503047,7.349285598608333,0.4082229879979937,0.06437925078081327,0.04725339901978454,-0.014351051506589831,0.014761184456630258,-0.2954652094040808,0.6846478134239383,1.488024284353497,green,False
117.4,3707.503027656,FOLLOW,7.438133574015062,7.35834365302709,0.4078748864154894,0.05882001573780027,0.058864120034713835,-0.015411344833366283,0.00923625744445472,-0.23451960593918378,0.7781341301746549,1.4871041502876055,green,False
117.6,3707.90557983,FOLLOW,7.452312765255361,7.372510582158086,0.40728550569612276,0.05926271397605197,0.07362992863283993,-0.016067745278924437,-0.010335480293091497,-0.07859196069825512,0.7341394148013219,1.5129722389477067,green,False
117.7,3708.003845671,FOLLOW,7.457312636491719,7.377505626064061,0.40706585393875977,0.07446742585879136,0.07328383787324996,-0.016019032548189715,-0.009972226963581209,-0.08124539290638956,0.7347397781458402,1.4856047083990833,green,False
117.9,3708.252734694,FOLLOW,7.469925476712,7.39010521504497,0.40648792401835454,0.0741212425089504,0.07921238723637604,-0.018595769229249423,-0.006555031810699927,-0.11470059901759162,0.8493888158370038,1.4113652890784754,green,False
118.1,3708.503732756,FOLLOW,7.487160798834114,7.407320417564435,0.4056554131210983,0.07100148136230557,0.07017553272649599,-0.02792641119502031,-0.0045932643008473745,-0.23571880558626257,0.9294147051305772,1.411330090750607,green,False
118.2,3708.603387939,FOLLOW,7.49440273961859,7.414553188311777,0.40529112906117937,0.07099919147392826,0.06363830653587607,0.012097458705551288,-0.009437417470166916,0.189177720273532,0.7811306743099098,1.3886540717012084,green,False
118.4,3708.853104621,FOLLOW,7.506531591492638,7.426667274352749,0.40469290702230104,0.058251479888763426,0.056859736664448074,0.008975567137046583,-0.022342254356783664,0.2502750495600856,0.770301418280154,1.386736296140382,green,False
118.6,3709.052798283,FOLLOW,7.516382042524288,7.4365066415605545,0.40422576647505265,0.057732111392735444,0.06297900821640462,0.008954525926305369,-0.025849425943179002,0.2622211227860058,0.8688756152711781,1.361465555911356,green,False
118.7,3709.203463136,FOLLOW,7.525057870199718,7.445173260037944,0.4038261397620093,0.0638516211035061,0.06297900821640462,0.008954525926305369,-0.025849425943179002,0.2622211227860058,0.8688756152711781,1.3812357574489578,green,False
118.9,3709.403486344,FOLLOW,7.535511128913561,7.455616074207357,0.40335899363629735,0.05784100993653317,0.062250277846862004,0.01407040700930967,-0.014682378599083348,0.24577773440829112,0.837496737379858,1.368755283679643,green,False
119.1,3709.603188644,FOLLOW,7.54831953377904,7.468412986806438,0.40281663092800735,0.06250259941377716,0.06565128020670014,0.01636299962789411,-0.006326091870145101,0.20789629831004247,0.8314410461868412,1.3664576743113488,green,False
119.2,3709.75313974,FOLLOW,7.557225881569521,7.477312241943984,0.4024612991540147,0.06653484968838799,0.06072475402292571,0.013108255534057044,-0.016747593517427203,0.2522160637911168,0.8251179175732581,1.3901511265080528,green,False
119.4,3709.957621574,FOLLOW,7.5678091203227105,7.487887953002148,0.4020622588754895,0.06480119022579488,0.05455107714974027,0.019889817360920808,-0.011732058800397682,0.31513959644617445,0.812742402053529,1.4413877485524147,green,False
119.6,3710.153273338,FOLLOW,7.57939947476632,7.499471287096415,0.40165912591433006,0.0554398546136491,0.04427311336048962,0.005251457223555221,0.07517145943593659,-0.3984954070947743,0.7364974515861928,1.661758520970373,green,False
119.7,3710.252808514,FOLLOW,7.58240304855297,7.5024732666473355,0.40156127805746733,0.04514206837119543,0.054881263329798764,0.018355013010835995,-0.0026001826581413534,0.23968329336894645,0.7313880681469597,1.4478885203995355,green,False
119.9,3710.502846898,FOLLOW,7.594831559440998,7.514895819829153,0.40117672038279895,0.055774743920749076,0.04129510204601877,0.016975342096859906,-0.04514153773949775,0.5262074399607609,0.7968298072700297,1.3665904087464078,green,False
120.1,3710.702660551,FOLLOW,7.603438023835672,7.523499050315542,0.4009409076467039,0.04402014193869121,0.043152178733904235,0.004388278816641581,0.030272615466775482,-0.13236021451629618,0.47859381515889193,1.3859093132048088,green,False
120.2,3710.802715346,FOLLOW,7.606431390303904,7.526491383417875,0.4008622605246161,0.04402007410376161,0.04259401357788258,0.0041869100777385945,0.029963557395919604,-0.13259085145878322,0.47260795746857204,1.6708876019194077,green,False
120.4,3711.002472796,FOLLOW,7.615485941635708,7.535543008631078,0.4006321451283153,0.045138300648375346,0.043551165897768314,0.015161146256788254,-0.030462796451744822,0.414111126668479,0.7386560153491252,1.646259274320989,green,False
120.6,3711.25407033,FOLLOW,7.624560788879557,7.544615528908593,0.4004268008715636,0.04421672360371499,0.03121831072510386,-0.0033140138108055887,0.06167762745881655,-0.4498584273216812,0.5527321761765904,1.4255231001685595,green,False
120.7,3711.352826829,FOLLOW,7.6284471108072065,7.548501034289719,0.40034714747831884,0.02512114244861164,0.03121831072510386,-0.0033140138108055887,0.06167762745881655,-0.4498584273216812,0.5527321761765904,1.4056877486555917,green,False
120.9,3711.608677089,FOLLOW,7.637761055104957,7.557812805605371,0.4001462161030036,0.0547087797445278,0.05597696896028297,-0.025530356367741716,-0.020761280682964567,-0.17107351117936745,0.6659784210276514,1.3777215140502763,green,False
121.1,3711.80313689,FOLLOW,7.646173091970551,7.566222144754737,0.3999333222896246,0.029335018802895567,0.019973511409921,0.017270980333361552,-0.06556825706798375,0.8072719405195827,0.5023637474759448,1.5376136412267394,green,False
121.2,3711.902849329,FOLLOW,7.648828917558877,7.568877030886543,0.39986268850500095,0.01909903866482649,0.019973511409921,0.017270980333361552,-0.06556825706798375,0.8072719405195827,0.5023637474759448,1.3361900751667923,green,False
121.4,3712.153462815,FOLLOW,7.656336918644855,7.5763826442725835,0.3996733943348025,0.055042043117718605,0.05397072111964692,-0.024984033064486173,-0.0300150499049296,-0.11532102043682402,0.579421814189327,1.3383608757444498,green,False
121.6,3712.353790722,FOLLOW,7.665639598688517,7.585681576395684,0.39940958052497877,0.05447368677586369,0.05443646038585868,-0.024573962076632882,-0.029744083698859527,-0.10919189853142956,0.5774709294417987,1.2515400316129042,green,False
121.7,3712.503833083,FOLLOW,7.673082439469097,7.593120604921323,0.39917148393877294,0.054876934987975017,0.054921306841404983,-0.024467628822120845,-0.029609250473375925,-0.1060047218653699,0.5789675123493284,1.2358927149215309,green,False
121.9,3712.702676819,FOLLOW,7.684318067346173,7.604348933957205,0.3987668486840316,0.055131610676183836,0.0553251373094175,-0.02421540288180311,-0.02926432492152854,-0.10290453183983722,0.5796512974493193,1.4975229509983345,green,False
122.1,3712.902927245,FOLLOW,7.693762173347361,7.613785358738054,0.3983861745667469,0.0560570032407155,0.057723222723691896,-0.02297571511528618,-0.027845430749397333,-0.08502040253068438,0.583269598350279,1.3844898704530293,green,False
122.2,3713.002570952,FOLLOW,7.699534177224595,7.619551892125731,0.39813496309336666,0.05771559636113414,0.057723222723691896,-0.02297571511528618,-0.027845430749397333,-0.08502040253068438,0.583269598350279,1.2469304340535723,green,False
122.4,3713.252733987,FOLLOW,7.712131035704723,7.632134739393671,0.39754124572980987,0.06588444013618665,0.0679781848016078,-0.0237155891777837,-0.020950132179851012,-0.09698401791848342,0.7038348211147548,1.1899216407428586,green,False
122.6,3713.452803963,FOLLOW,7.7261057644884055,7.646090621533711,0.3968159591680554,0.07137959752162881,0.07138400235039853,-0.020806848449275887,-0.018341997304899632,-0.075179125802636,0.7066705798574102,1.1526362926893727,green,False
122.7,3713.603158696,FOLLOW,7.735922729080751,7.655892411609701,0.39627038814623844,0.07472106964976967,0.07662114275508822,-0.01669967519024193,-0.014611473056131792,-0.05002102731486833,0.7183567786809163,1.1878130054489333,green,False
122.9,3713.802767383,FOLLOW,7.748880788087556,7.668828370847592,0.3955139886015732,0.07661749157350657,0.03529539345526793,0.018180012081868518,-0.02294186572193485,0.4679786170213207,0.6382426416359757,1.0759984803211338,green,False
123.1,3714.002583095,FOLLOW,7.757369430026505,7.6773023106003855,0.3950146233875302,0.09698411883442663,0.08833375136170467,-0.013253427651445514,-0.006845099515067265,-0.0556997245598445,0.8386180451013876,1.1438056861924084,green,False
123.2,3714.153095097,FOLLOW,7.7693935451195575,7.689305062370802,0.3942982045270077,0.08833515373853115,0.10312591115928177,-0.011010325260073145,-0.004869284961643679,-0.03962592945389291,0.9445171780037257,1.1087138861024826,green,False
123.4,3714.353493773,FOLLOW,7.78987538563166,7.7097479696132085,0.3930360013343662,0.07773953405472536,0.11077558264046455,-0.00286709913762935,-0.0006357507679935069,-0.013231865339860266,0.9536666801797711,1.1141460130214618,green,False
123.6,3714.552550136,FOLLOW,7.8056038691848375,7.72544651378328,0.3920660125908962,0.11079094013891097,0.055356594388987955,0.025702608832383116,0.006887141446673545,0.26463631125101944,0.7665000562107466,1.0807521916669576,green,False
123.7,3714.654295578,FOLLOW,7.813958761408544,7.733785477489141,0.391550350781787,0.056136678612063944,0.050335034028951654,0.03189069720814295,0.004725519350984822,0.38499670305703865,0.8231840783539771,0.975590236222025,green,False
123.9,3714.852584895,FOLLOW,7.824588106437979,7.7443967446538755,0.39093095954573065,0.050397746906710075,0.06489040929727094,0.023139654955726882,0.0011027510459350742,0.23073649597222154,0.8526822787992487,1.0423537812013002,green,False
124.1,3715.102807832,FOLLOW,7.837837046525999,7.757627270652153,0.3902329762859929,0.06366385872528932,0.05714939115979531,0.030867799309354106,0.009741526068294024,0.2962118282407818,0.8289183771293472,1.0469524532880603,green,False
124.2,3715.252645559,FOLLOW,7.84567564748905,7.765456902950795,0.38985822149784216,0.058730993449127356,0.058668707803461596,0.030963264102909914,0.01051579037156701,0.2834616597501335,0.8353710918906141,1.0471653077959375,green,False
124.4,3715.453153829,FOLLOW,7.8561838528315855,7.775955269743743,0.3894038140499994,0.06657736522713668,0.06540681263176133,0.025512344484545948,0.015784413250633483,0.15877071322724887,0.7614044030035482,1.0956824584421125,green,False
124.6,3715.702843851,FOLLOW,7.869884029026046,7.789645050864905,0.388870575874452,0.07366675182082655,0.07360613676673412,0.029158034477159235,0.016035987373950317,0.16123202865241248,0.8606275303929399,1.0509382837373957,green,False
124.7,3715.809270793,FOLLOW,7.877397044011593,7.797153488360113,0.3886084213417764,0.07366453405113114,0.07226176036460479,0.025818003066354244,0.014675102991472764,0.14391020533301688,0.8188314357841135,1.0613854991980247,green,False
124.9,3716.052878671,FOLLOW,7.890857694087831,7.810607711234001,0.38819302532944455,0.053098323767298276,0.062341962077630736,0.03315907545076999,0.012603916553995634,0.2732818230414879,0.8744522891585527,1.0552838666227167,green,False
125.1,3716.25252205,FOLLOW,7.902118504892895,7.821865060752056,0.3879143508611231,0.07796724702379111,0.08285786829116679,0.029525985054359667,0.020279176414711185,0.1065003193693767,0.8743236823279528,1.0670071472178757,green,False
125.2,3716.403394731,FOLLOW,7.913055224492201,7.832799477782285,0.38769024288365644,0.08291163950328681,0.08286112082670889,0.029161740241605758,0.01983967791814908,0.10639692611770177,0.8741795183606847,1.051635134471056,green,False
125.4,3716.609806251,FOLLOW,7.927150653856593,7.8468930598498385,0.3874628799732042,0.08291525602690196,0.07451611901356968,0.02478759858743567,0.013187074763594528,0.13703113938265735,0.8336974228381463,1.0542961697904325,green,False
125.6,3716.853088974,FOLLOW,7.942714102345651,7.86245552231765,0.3872891576283696,0.07641236020763396,0.06606698651521158,0.03135183618336276,0.009901482613108664,0.25253717912134505,0.8981492711184189,1.0785725004790865,green,False
125.7,3717.003211635,FOLLOW,7.952470713568645,7.872211911175617,0.38722418202868947,0.06612556156105934,0.06634049245777214,0.03058346856869589,0.009316035243595755,0.24732580080679,0.8946648417946701,1.0914913353933893,green,False
125.9,3717.202988692,FOLLOW,7.963761520182032,7.883502684310658,0.38720209619861723,0.06678653275724936,0.0667290579264086,0.030024955407927743,0.008721250304560307,0.24380674470583355,0.8950128658518357,1.0695139692103148,green,False
126.1,3717.452696403,FOLLOW,7.981346652333062,7.901087642752038,0.38727356991403894,0.0795152672557087,0.07946483285115633,0.024348651231392366,0.01114857762618093,0.1327093516609252,0.8819095747496516,1.066416369767243,green,False
126.2,3717.552881164,FOLLOW,7.98675369489904,7.906494521771724,0.3873155665460002,0.07951540563707907,0.09065188267090452,0.019984033513080413,0.017855891191683362,0.03012196850204266,0.8123201296422013,1.0554711172346907,green,False
126.4,3717.80304914,FOLLOW,8.004972396738077,7.9247121535653156,0.3875119856719693,0.09224695800897166,0.08603207820265986,0.009100720616264608,0.017936186068157528,-0.04809352304197999,0.8031336878427707,1.0490320323907967,green,False
126.6,3718.004651386,FOLLOW,8.02295773848788,7.942695785222117,0.38775975859790746,0.08606285399841393,0.08495622120518773,0.008260283922686263,0.017775671151938316,-0.05279375610695669,0.8014093021698008,1.050144487872787,green,False
126.7,3718.103768422,FOLLOW,8.028738116063604,7.948475511050099,0.3878465549248847,0.08498483364436854,0.0847163030708266,0.008700553386921106,0.017756946997446982,-0.04897937858525323,0.7924140230995772,1.039442842418684,green,False
126.9,3718.352874257,FOLLOW,8.04888497626906,7.968619681464438,0.3881755403344045,0.08443759581975889,0.07706434220257914,-0.0006333142353300818,0.01531411819825177,-0.10722841828788439,0.814358841704385,1.005985511901128,green,False
127.1,3718.552448711,FOLLOW,8.0598775688379,7.979610532974156,0.3883711692696112,0.07708054099858784,0.07952093530660767,0.002653363986398245,0.014703008312849302,-0.07535320888092455,0.7875110785668409,1.014226190692238,green,False
127.2,3718.653301298,FOLLOW,8.070524612105723,7.9902558603358615,0.3885623116426118,0.07954141945156712,0.07940189013346262,0.002184870413383061,0.014527091440388967,-0.07811359134508086,0.7908983927353617,0.9572083716235831,green,False
127.4,3718.853018774,FOLLOW,8.086595233812245,8.006323811162522,0.3888552861596386,0.07732466616553492,0.07731967921441754,-0.008758094943488283,0.008398339334923746,-0.13172945633798974,0.8565239790189585,0.9450352654189791,green,False
127.6,3719.102671265,FOLLOW,8.106131766572751,8.025857293024728,0.38920050886577584,0.08404359583898828,0.08410750451026174,0.004693954584561929,-0.007921372225575114,0.09024040286738201,0.8590186853183513,0.9542834465138976,green,False
127.7,3719.202735937,FOLLOW,8.111852556802818,8.03157712527962,0.3893051970331111,0.0841309298233017,0.0834708199731009,0.004501317968693721,-0.008269025236230038,0.0912784647725041,0.8543211727018143,0.9277082378290351,green,False
127.9,3719.402383012,FOLLOW,8.12897123063515,8.048692727532282,0.3896294366172185,0.08609525859752493,0.08602697819225168,0.005292637456526487,-0.0074979508554516745,0.09126805824348432,0.8804647194387929,0.9263273239184235,green,False
128.1,3719.603164701,FOLLOW,8.143623197562576,8.06334178833534,0.3899212202108489,0.08666758303197583,0.08447010466849096,0.0031974331372942298,-0.009117781483916423,0.08612415684986183,0.8554783002289531,0.9219544690930908,green,False
128.3,3719.852517061,FOLLOW,8.163760529235391,8.083474749519887,0.39034071925009645,0.08074101041666969,0.08072696685559794,-0.003259776323653214,-0.014710830876431113,0.07069526653824618,0.7916208579358299,0.8937282239682762,green,False
128.5,3720.053501628,FOLLOW,8.177951009784552,8.097662119686175,0.39063781038364365,0.08770802458716347,0.08754110589929938,0.007236688989661524,-0.004695843964189438,0.08690516986418213,0.8880045216249317,0.8649677917215415,green,False
128.7,3720.302868081,FOLLOW,8.198814536996847,8.118520521894,0.3911001029971559,0.08794866707482471,0.09204794523460821,0.009089582648959253,0.0004803503027443687,0.06340065155913652,0.8886474540916076,0.8552147049126293,green,False
128.8,3720.402916644,FOLLOW,8.20792031399851,8.12762380701919,0.3913131079782507,0.09207846329617989,0.09263996618815652,0.008692196998035615,0.0006795923135875098,0.05876361532762952,0.8854134544230843,0.8562373535493415,green,False
129.0,3720.602996082,FOLLOW,8.223648010327224,8.143346756585746,0.39169942987957557,0.0925069173699417,0.09202418277182321,0.007415337598812867,-0.00018299040572824013,0.05557226141667531,0.8734096885496032,0.8446222284781384,green,False
129.2,3720.802994561,FOLLOW,8.24245817186321,8.16215050058896,0.39219066985912526,0.09205202861033847,0.10769081785314662,0.009184898465251251,0.008087723122179731,0.003673473827916109,0.9056651362947722,0.8173206248118197,green,False
129.3,3720.902503935,FOLLOW,8.253385221902189,8.173073335171942,0.39249413557322704,0.10772093635712732,0.1123464155520303,0.008253967572025471,0.01140110845844451,-0.026396191242123404,0.9980017435643871,0.8102030888518839,green,False
129.5,3721.153392277,FOLLOW,8.280079355190233,8.199755974276949,0.3932772761888686,0.11349849641389094,0.1099948808051384,0.006612952113059295,0.005906784248074777,0.0012102336329526584,0.9193973297137158,0.8050716018935271,green,False
129.7,3721.352773484,FOLLOW,8.298905687963611,8.218573345475574,0.3938580590983291,0.11002125440554501,0.10156799085887462,0.0059716119161612605,0.0025770340072037486,0.02250902443331546,0.8940290152382295,0.7660688492219061,green,False
129.8,3721.452659755,FOLLOW,8.30927874310199,8.228941175767716,0.3941872472854779,0.10159358948618127,0.10760608738059478,0.005874348893980635,0.0035680729952371286,0.013066745859641467,0.9260103406039691,0.7695061802702774,green,False
130.0,3721.702723203,FOLLOW,8.33095739827129,8.250608261809663,0.39489535459477715,0.10665632650498125,0.10382921635723373,0.006118639501301413,0.0015642610094865183,0.02934780487484155,0.9287259609344437,0.762532356522607,green,False
130.2,3721.902553583,FOLLOW,8.352287502919797,8.271926112436907,0.39561823111911654,0.10231072087592873,0.10228407315850961,0.006128467216828961,0.0005028356087145632,0.03708150692601644,0.9313849339719227,0.7035293847102935,green,False
130.3,3722.00306861,FOLLOW,8.362723209231122,8.28235548094651,0.3959818730248945,0.10231095438508231,0.09956812563640956,0.006666970316399854,-0.0008188698969632015,0.05062335204902581,0.9347442194066128,0.7096979179326772,green,False
130.5,3722.202743063,FOLLOW,8.379515582534989,8.299137124133315,0.39658205794844476,0.09746052540644758,0.09621849102381864,0.007370639092404157,-0.002607204299793643,0.06899417103083282,0.9401231549073636,0.6977284491366382,green,False
130.7,3722.452931453,FOLLOW,8.402778278800637,8.322383659832663,0.39744892502270085,0.0997653813892766,0.09697138675166704,0.009262953440171095,-0.0014280681240065943,0.07389319727606376,0.9573766773341922,0.7008781958995209,green,False
130.8,3722.553621486,FOLLOW,8.40937804767701,8.328978523103563,0.3977033391692406,0.0970029047398323,0.09541688158849385,0.009686229520272918,-0.0018552270841940659,0.08075050961802005,0.9556607177048061,0.6559461612982571,green,False
131.0,3722.804820469,FOLLOW,8.429587473983664,8.3491718482338,0.39850979734845077,0.11648212425225256,0.10312208343803939,0.0045206546945499495,0.0005735081571129523,0.025764366050437894,0.9147022600166084,0.6577152867825795,green,False
131.2,3723.055836741,FOLLOW,8.450771642639456,8.3703377159177,0.3993901480658442,0.10275763687041854,0.09510019649984994,0.007569940738889508,0.00028409082193354106,0.05180666085579625,0.9141463128233877,0.6427244898831173,green,False
131.3,3723.153378122,FOLLOW,8.460501017140851,8.380058342864201,0.3998026234443058,0.09512862676280744,0.09131636322005797,0.007268748998513784,0.00028409082193354106,0.05180666085579625,0.9141463128233877,0.6290882159494298,green,False
131.5,3723.456480014,FOLLOW,8.478551573657754,8.398091816230709,0.40058771832055257,0.07896307874414368,0.0824778537825258,0.0030251599693846298,0.0023911757512753763,0.00881824098732003,0.8956869197990566,0.5744973723856908,green,False
131.7,3723.752849763,FOLLOW,8.494972826846606,8.414496442054624,0.40132649210358745,0.08378776595165716,0.07790795582052393,0.005535204580144925,0.002658115586730388,0.030239671367389795,0.895217676391311,0.5730174591327202,green,False
131.8,3723.853792869,FOLLOW,8.500434253048594,8.419952202960756,0.40157518659978614,0.08024780286950593,0.08021817090461275,0.006966324476799651,0.0029178906398674223,0.03916825273017098,0.890124064404488,0.5885891224035755,green,False
132.0,3724.153140211,FOLLOW,8.518351550464518,8.437850250513828,0.40240548519445196,0.06474228288296427,0.06979149213663288,0.008345645365310867,0.0034682673597794048,0.05758927739912304,0.9009350954930719,0.5584708819783608,green,False
132.2,3724.35295011,FOLLOW,8.529886083380523,8.449371623290915,0.4029563021698478,0.06505810696912497,0.06420437458476133,0.005955055939149255,0.0018477572583764645,0.05027381432099102,0.8331362131784482,0.5530184006348604,green,False
132.3,3724.553004583,FOLLOW,8.540862641967319,8.460335082795066,0.40349238497272333,0.06423093866283822,0.05542717039481373,0.004523902693532586,-0.0005299178715167802,0.05857702157150384,0.8554177214683398,0.5166624057502387,green,False
132.5,3724.752418193,FOLLOW,8.54942873151629,8.468890379601737,0.4039222044845453,0.04266182572064429,0.036951200381902055,0.01861398542154543,-0.004737306461029572,0.3597295637981648,0.9443058478322381,0.5167712618908986,green,False
132.7,3724.95288618,FOLLOW,8.555890713072897,8.475343113850224,0.404267736185207,0.0425308239298947,0.06770838698842455,-0.00100246075820509,-2.4018021451700875e-05,-0.009833428514300009,0.7782410947532904,0.5599935021743521,green,False
132.8,3725.055452829,FOLLOW,8.561046300216463,8.480490575159568,0.40455707172630356,0.06775386170192434,0.06238899383820983,-0.0005633546789760059,0.00017319126326850948,-0.00724956252833455,0.7806619004604185,0.5373189568171013,green,False
133.0,3725.303368681,FOLLOW,8.572841321265807,8.492266725462178,0.4052240087214128,0.04013563885662004,0.05457050045334778,0.001937913664852896,0.0009616018786438515,0.01755972121631042,0.782401058596971,0.5123605850580477,green,False
133.2,3725.553725985,FOLLOW,8.583380877145673,8.50278871404522,0.405832277297052,0.05733079883212261,0.022927483839476893,0.01280467651554559,-0.02024608596075045,0.47802271445778227,0.6690214017690275,0.5194062240297932,green,False
133.3,3725.702623281,FOLLOW,8.587604454669739,8.507005119273728,0.4060783109663069,0.02179018148834607,0.02294890645418347,0.012334237297104762,-0.029643083303452444,0.5149503451162966,0.7355627358543053,0.5081452998467597,green,False
133.5,3725.902879559,FOLLOW,8.590657173163095,8.510052362370029,0.4062610616243277,0.022517478034938577,0.016718416622218495,0.009672095977618022,-0.02436761274416427,0.5103429636956562,0.664018611591021,0.46712704642469344,green,False
133.7,3726.103246608,FOLLOW,8.594244833065698,8.513633189838911,0.4064823620744952,0.01728757413878144,0.019259419284280703,0.011373022038348633,-0.02420917019383495,0.5160209733091183,0.666527785900065,0.49299993094736866,green,False
133.8,3726.25282909,FOLLOW,8.596142260102525,8.51552681777422,0.4066023715841186,0.01929838339509168,0.018551645613642382,0.011023167936154966,-0.024282787385060567,0.5183698373322876,0.6685227652769975,0.48582778787538455,green,False
134.0,3726.452784497,FOLLOW,8.600122528028743,8.519498679894584,0.40686090069376585,0.02103211623871982,0.020653448641998872,0.01257414590737148,-0.023763427465918946,0.5236274680526809,0.6663860591690619,0.508732619360666,green,False
134.2,3726.652660692,FOLLOW,8.60428489186301,8.5236515912026,0.4071412428340133,0.018164520455807118,0.01990885661576437,0.012262749414551431,-0.02388915928221219,0.5280728601826844,0.6650729331361906,0.5025750361233166,green,False
134.3,3726.803175125,FOLLOW,8.606935322084253,8.526295632187063,0.40732516189311824,0.019959311245743634,0.02167846292349779,0.014284093872079958,-0.019991482773313862,0.5317493385076905,0.8501359184424725,0.4732471186794553,green,False
134.5,3727.002667967,FOLLOW,8.610511670837557,8.529862876027124,0.40758018439350807,0.023807931460450807,0.02654425874793212,0.017509842399919404,-0.019996998063214644,0.5321740372046178,0.8547327877841229,0.5110882444382157,green,False
134.7,3727.205104993,FOLLOW,8.61530437927247,8.534642438226676,0.40793489735018645,0.018608877464140635,0.02521068609728864,0.01665874260563049,-0.02181272929545619,0.5417171060598569,0.8677515540935615,0.49949707437532503,green,False
134.8,3727.303332513,FOLLOW,8.61678711401871,8.53612087931905,0.40804765433726636,0.025257647060524538,0.023901778044930808,0.015793841021654507,-0.02181272929545619,0.5417171060598569,0.8677515540935615,0.4891394297612907,green,False
135.0,3727.553686892,FOLLOW,8.62249504344825,8.541811243591317,0.40849506445998274,0.023157809842234322,0.02289885704747178,0.015386122664948198,-0.022489491295859837,0.5508987889437077,0.8658253663271392,0.48337688951957897,green,False
135.2,3727.803484473,FOLLOW,8.627407423502374,8.546707130952349,0.408897238382965,0.025235625274303175,0.023932328052826753,0.016456178359436326,-0.022338381859115408,0.5584101043616345,0.8662068256721118,0.49308188783139856,green,False
135.3,3727.903013128,FOLLOW,8.629858154783294,8.549149134437064,0.4091038820222484,0.023980218061519554,0.023794138636088827,0.016361157528859117,-0.022338381859115408,0.5584101043616345,0.8662068256721118,0.4919669994927805,green,False
135.5,3728.105893294,FOLLOW,8.633958312507302,8.553233915308079,0.409458632950249,0.02539189406016676,0.022250776523524356,0.015607567909122454,-0.02205933269186766,0.5642985809575847,0.8661815533605941,0.4806236341334725,green,False
135.7,3728.35268237,FOLLOW,8.639441464480791,8.558694919641892,0.409950925876336,0.02174256940892958,0.021336115030432392,0.015297890764197795,-0.021898364598544023,0.5716210763827698,0.8652126755367007,0.47470937284274645,green,False
135.8,3728.454407785,FOLLOW,8.640896011472805,8.560143274552331,0.4100849962586965,0.021383567125466654,0.022081068173490342,0.015911756931223996,-0.02140501220868357,0.5711669535282421,0.8636857793627628,0.4810443652605057,green,False
136.0,3728.702974346,FOLLOW,8.646510000821497,8.565732056388436,0.41061636576370514,0.025933445402825696,0.02163151022162533,0.015708986120037745,-0.022242495763751896,0.5779978809088604,0.8619762320021929,0.4789601236056263,green,False
136.2,3728.902918506,FOLLOW,8.650238160040796,8.569442286757493,0.41098154224937217,0.02204741882135875,0.020106158412205748,0.014904254269345973,-0.02124182362150437,0.5810895746235527,0.8607391097579251,0.46710637992954956,green,False
136.3,3729.003712043,FOLLOW,8.652361382256096,8.571554856628142,0.41119395772708645,0.02015502868357669,0.026408929910083142,0.01960324419979521,-0.021765781812481122,0.5840486269359493,0.863442800703239,0.5194626393340391,green,False
136.5,3729.252753325,FOLLOW,8.65739939135852,8.576566262363768,0.4117109882824242,0.02439745591436884,0.026161789552736,0.019701176273434852,-0.02158312428220721,0.5887131916431132,0.8580749970211614,0.5198058951760276,green,False
136.7,3729.453079205,FOLLOW,8.661836645589458,8.58097847753028,0.4121816958164973,0.025676982542200258,0.0247389757474875,0.018797692715204987,-0.02121231465561685,0.5904762345190152,0.8649368300672985,0.506570447843494,green,False
136.8,3729.602977176,FOLLOW,8.665269880772057,8.584391268908465,0.4125557986489857,0.02479434630414449,0.024190481697977363,0.01902879967726757,-0.01535315296426612,0.5771408924166579,0.8573656041883562,0.5010307326304557,green,False
137.0,3729.802837133,FOLLOW,8.670266150180046,8.589356040649498,0.41311590583738456,0.024497800183575464,0.022954026510154005,0.01809777650925761,-0.014984439094691687,0.5763638058751214,0.853906738174837,0.4913757549221737,green,False
137.2,3730.003661023,FOLLOW,8.674173105499378,8.593236850167944,0.4135671334543639,0.02291057836802365,0.02109497893592814,0.016777968690280715,-0.015171974195893334,0.5808620645328916,0.8583637933234753,0.4757690684047076,green,False
137.3,3730.153333987,FOLLOW,8.67717133563603,8.596214084999032,0.413921326823143,0.02114652656624595,0.0211383934830602,0.016873464212960432,-0.01471871694142557,0.5802576080808783,0.8587639403825876,0.4759402506953035,green,False
137.5,3730.402896826,FOLLOW,8.68157998557229,8.600590344213263,0.4144547412526035,0.022043794024337978,0.021227015490096507,0.01708346740492297,-0.01453554754540734,0.5828357087092142,0.8531883248249916,0.47830017398865937,green,False
137.7,3730.602890877,FOLLOW,8.685194053682528,8.604176471605395,0.4149032613106032,0.02114164121185882,0.02149207651295272,0.017381549607982705,-0.014227030825419512,0.5834636191967429,0.8536970028428825,0.4805343003329248,green,False
137.8,3730.754929442,FOLLOW,8.688113808381656,8.607072713874633,0.4152730513854232,0.02166211211485923,0.021840258676723342,0.01781183991455681,-0.013759576310651195,0.584853821399419,0.8580454833852807,0.4827873133892922,green,False
138.0,3730.952697335,FOLLOW,8.691771807453087,8.610700037203163,0.41574578140467416,0.02091836200847093,0.019200456049358244,0.015794095055781547,-0.013865557441502474,0.5890163803733405,0.8549476027942956,0.4619579745415096,green,False
138.2,3731.203612001,FOLLOW,8.696310080296069,8.615198309625757,0.4163469829548376,0.018296150021913652,0.021509111357922637,0.017774193601716795,-0.013178690624268102,0.5878126342463688,0.8557785048033384,0.48103497139907675,green,False
138.3,3731.302871979,FOLLOW,8.69777193508671,8.616646807867227,0.41654414300569514,0.021561126502223332,0.018675235153335634,0.01608187619510619,-0.016703309091842478,0.6215505381770505,0.845402600060349,0.4645466950213744,green,False
138.5,3731.507152147,FOLLOW,8.701640758737991,8.620479130155372,0.4170743219902247,0.018532819183959767,0.018420426466630363,0.015929970740390084,-0.016647048902445283,0.6231478149050673,0.841398643861959,0.463328908985212,green,False
138.7,3731.752919318,FOLLOW,8.705279886599277,8.624082333805195,0.4175843856212357,0.01717689003255496,0.016126080260092237,0.013974212177173897,-0.016181391404343326,0.6219855817024843,0.841165717960491,0.4428626915985589,green,False
138.8,3731.852831559,FOLLOW,8.706930873372801,8.625716499881106,0.41781945616700283,0.016171926023874805,0.019744915810612815,0.017182553620151475,-0.016231664881508706,0.6240535786002287,0.8461720048735693,0.47423930094631,green,False
139.0,3732.052671698,FOLLOW,8.710065370135846,8.628818135320028,0.41827213904234173,0.016591780805600625,0.01708381811944513,0.01489279900689658,-0.01612997787729778,0.6243731814200998,0.8485314874878312,0.45038412150763646,green,False
139.2,3732.303772615,FOLLOW,8.713990584611158,8.63270043096399,0.4188509949207895,0.01587178429454604,0.017525220493411795,0.015404976429098289,-0.015557405336274227,0.6255213663274302,0.8492219628688684,0.4543170076551421,green,False
139.3,3732.403222708,FOLLOW,8.715181884181428,8.6338783037019,0.4190293495662385,0.0175655402453111,0.016293802760345096,0.014322538626994888,-0.015557405336274227,0.6255213663274302,0.8492219628688684,0.4434738516553777,green,False
139.5,3732.602780863,FOLLOW,8.71811225913383,8.63677484157469,0.41947337777266896,0.01090834872850334,0.013377750597191132,0.0114434034927867,-0.01895324093403264,0.6285465681267232,0.6623832605058185,0.45146926322223085,green,False
139.7,3732.854836808,FOLLOW,8.720816469742442,8.639446802228054,0.41988976456559196,0.014233096262864297,0.012365847732363456,0.010635196427926052,-0.019053424368274258,0.6312891100400935,0.6628163891972262,0.44029361137083084,green,False
139.8,3732.952531229,FOLLOW,8.722086172273851,8.640701020889974,0.42008745097834105,0.012400230113469838,0.012678753495263748,0.010904309740971726,-0.019053424368274258,0.6312891100400935,0.6628163891972262,0.4438436049051307,green,False
140.0,3733.202881107,FOLLOW,8.72454705733898,8.64313126195567,0.4204745961030794,0.011505428507508438,0.012470326587371204,0.010776420848783172,-0.018228484103369635,0.6297494626607345,0.6626567829398381,0.4413017565428338,green,False
140.2,3733.402973907,FOLLOW,8.72714553850156,8.645696463240716,0.4208891365992379,0.013327625823622206,0.012067990606982366,0.01045997618252656,-0.018187067136584995,0.630858263068773,0.6665002493210289,0.4361007162344476,green,False
140.3,3733.502862862,FOLLOW,8.728011808446155,8.646551425843032,0.42102864479995145,0.012102349890597384,0.013648636074481912,0.011830006577934538,-0.018187067136584995,0.630858263068773,0.6665002493210289,0.4539269631421103,green,False
140.5,3733.752854677,FOLLOW,8.73109270941638,8.649591249467004,0.42153006062434334,0.016795755056853295,0.01593483366628662,0.005752276193387589,-0.009979669017370338,0.3022714005936459,0.7255938769651533,0.41245679830078574,green,False
140.7,3733.95383009,FOLLOW,8.735002994630072,8.653448213695848,0.4221736091529442,0.022477327815353818,0.02057400175561441,0.0075740401974127335,-0.009125485088636837,0.30157004488366135,0.7246811476545125,0.4452344531006272,green,False
140.8,3734.052747589,FOLLOW,8.736406682529353,8.654832529178444,0.4224060103747355,0.02060551358829245,0.01803534371984896,0.006796968407570774,-0.009271899929433045,0.3079379672374493,0.7232135510780509,0.42873003282102207,green,False
141.0,3734.302666539,FOLLOW,8.74021615294216,8.658588785618855,0.42304051785144214,0.019070710734160924,0.01683511306755006,0.006648363662869028,-0.008202690397087098,0.31277293908388143,0.7291503157421377,0.41999882107824305,green,False
141.2,3734.502949083,FOLLOW,8.743806696983578,8.66212828460824,0.4236438015074512,0.016821452827660007,0.019568115089326057,0.007778671550795095,-0.008109562278536805,0.313842711572277,0.7324994872415032,0.4390500039777709,green,False
141.3,3734.602556309,FOLLOW,8.745707688463158,8.664001887546169,0.4239653298441745,0.019600051749527513,0.01715635329769981,0.007024717355350568,-0.007641970813683688,0.31848922568116944,0.7302157326821819,0.4230894588075134,green,False
141.5,3734.852518396,FOLLOW,8.749650758366483,8.66788731908371,0.42463705775338134,0.02085916234187852,0.016294576687598185,0.00682511771637479,-0.006910033922521347,0.31996716253647317,0.7306184778362033,0.4170824837231427,green,False
141.7,3735.054265644,FOLLOW,8.753191443846239,8.671375259255754,0.42524592923828364,0.01950329589494419,0.0203509531300821,0.008341085282747216,-0.000626745918411109,0.27600036967691055,0.8205944963993005,0.4222446593306368,green,False
141.8,3735.152857728,FOLLOW,8.755239478171859,8.673392343777945,0.42560063247686847,0.020383862505604294,0.019970991439646094,0.008185353369659629,-0.000626745918411109,0.27600036967691055,0.8205944963993005,0.4199622951038044,green,False
142.0,3735.402867495,FOLLOW,8.759073654386103,8.677167733423346,0.4262694649090867,0.017910461903497706,0.019741980317414483,0.008878587926556684,-0.005084085032050309,0.3283087157806993,0.7348608299645517,0.44266844570485847,green,False
142.2,3735.604047249,FOLLOW,8.76351359552946,8.681538256025242,0.42705151764245464,0.025320078489806948,0.02300576122951154,-0.0015539878670394257,0.00851384428224039,-0.10200893529455368,0.7526597079376077,0.41188611512542744,green,False
142.3,3735.702903677,FOLLOW,8.765235368522221,8.683232977857445,0.42735552446612823,0.025320222079792256,0.02248653785112629,-0.0015189154857239635,0.00851384428224039,-0.10200893529455368,0.7526597079376077,0.409360926495055,green,False
142.5,3735.955878347,FOLLOW,8.770931107427467,8.688838921179592,0.4283629158896824,0.04293729132402934,0.02745317162661585,-0.0012752025129519437,0.005581370721190394,-0.06845923040538648,0.7951005077028784,0.4179421667116633,green,False
142.7,3736.152617908,FOLLOW,8.776332479508829,8.694154846712763,0.4293198673334391,0.024791546793842694,0.024747101434916693,-0.0015579265890423178,0.007162686032852441,-0.09000978347079226,0.7894564337662681,0.412002502976181,green,False
142.8,3736.253266651,FOLLOW,8.778858857316042,8.696641313050653,0.42976715914932256,0.02476806013109939,0.024506526425818423,-0.0016971342281541495,0.007925346056156378,-0.09926499540999928,0.7796517928418993,0.4144297637243914,green,False
143.0,3736.45405115,FOLLOW,8.782742195232661,8.700463416144862,0.4304540661701214,0.0202277704328834,0.014036917826019867,-0.001249832824165618,0.009653790507503736,-0.12384695495865564,0.7670115930231174,0.3699038443070267,green,False
143.2,3736.702900302,FOLLOW,8.787283917770049,8.704933731755862,0.4312562642606558,0.016196318200040898,0.01617543075998937,-0.0016595636997108207,0.01082301232023028,-0.14051178224624142,0.7609322172166576,0.383780289185721,green,False
143.3,3736.803108203,FOLLOW,8.788385268772872,8.70601780814576,0.43145056405920007,0.016196341513122974,0.01793821201604175,-0.00201176221125717,0.011557086023533912,-0.15162372606414928,0.7521321893403768,0.39593006117613405,green,False
143.5,3737.002435903,FOLLOW,8.791864359737716,8.709442454247805,0.4320636488129233,0.015366384002863899,0.020593695544955857,-0.0025719712015632927,0.01294684226225453,-0.16905147841603896,0.7416989187139642,0.4152086280699322,green,False
143.7,3737.202867158,FOLLOW,8.795049795377732,8.712578222872908,0.43262396591518953,0.01652950083532791,0.01584741706974053,-0.0021848088886614937,0.014377720999293485,-0.18679686895273473,0.7270785648017786,0.3932592119537224,green,False
143.8,3737.352934043,FOLLOW,8.797253693964352,8.71474787163844,0.43301099716894836,0.015867679268887734,0.013351398526888903,-0.0007352419484038408,0.016501462969874862,-0.14613744665055928,0.8173128469707497,0.36505298008743337,green,False
144.0,3737.55307426,FOLLOW,8.799571017675603,8.717029263579134,0.43341749439123645,0.012017038256120514,0.015296013195814214,-0.0011711554502801013,0.017043136785303815,-0.16383651483285758,0.7159784907263356,0.38783311373309165,green,False
144.2,3737.802815584,FOLLOW,8.802551875307614,8.719963955564278,0.4339400794663666,0.011834991411573285,0.013949177767172477,-0.0011143482095208553,0.0175381491409844,-0.16922751466764768,0.8086692325230129,0.37159626724410855,green,False
144.3,3737.902590612,FOLLOW,8.803974024144823,8.721364105771425,0.4341892515188292,0.013970741701079682,0.016828460734890936,-0.0014616937566725818,0.0183293251505018,-0.17891357825200369,0.8036157542202729,0.3883967899996401,green,False
144.5,3738.103395481,FOLLOW,8.806477225446137,8.723828631477396,0.43462757764610904,0.011489460320514186,0.008970648898142275,-0.0009212515998499311,0.0194316852282774,-0.19633914224059051,0.7998796599898991,0.34876624645076104,green,False
144.7,3738.303002879,FOLLOW,8.80849868398249,8.725818862179157,0.43498152165719334,0.012016006914112976,0.014395160095472257,-0.0015949147529699225,0.020120703758963077,-0.20600676361585446,0.7922301338429437,0.380291472004836,green,False
144.8,3738.402820958,FOLLOW,8.809802683906305,8.727102759687831,0.43520960713388707,0.014416077428508116,0.015970554426309187,-0.00176946089509913,0.020120703758963077,-0.20600676361585446,0.7922301338429437,0.3890785038247013,green,False
145.0,3738.602504027,FOLLOW,8.812615828473852,8.729872634181051,0.43570111258512145,0.010264270544815452,0.007178492109869028,-0.0009194629953594769,0.021159057556885047,-0.22377849309310877,0.7768661898313364,0.34202853097899283,green,False
145.2,3738.854352879,FOLLOW,8.81490974048511,8.73213135318197,0.4361013884536745,0.010081942739508897,0.008774371836865538,-0.0011373374298329038,0.023060921334843457,-0.2367811678378933,0.6832124183886947,0.3596317151953994,green,False
145.3,3738.952635977,FOLLOW,8.815553302979493,8.73276505825359,0.436213596146313,0.008795615567098614,0.011892846333410022,-0.0015415552855200373,0.023060921334843457,-0.2367811678378933,0.6832124183886947,0.38082525320352734,green,False
145.5,3739.152634553,FOLLOW,8.81737475918371,8.734558653379208,0.4365309590622312,0.006017584622620304,0.006169983945323414,0.004319948859278628,0.018789476308015807,0.3452825499237514,0.7371018005994812,0.34548878338465794,green,False
145.7,3739.353152653,FOLLOW,8.818849789121534,8.736011092057351,0.43678812658053073,0.01303157708713677,0.010382919575886152,-0.0020490723341594877,0.01737276193388794,-0.24431366971528892,0.7629962959903485,0.36393243014713056,green,False
145.8,3739.452463117,FOLLOW,8.820093141902733,8.737235387833936,0.4370049813361997,0.010403041801656143,0.011077689451282182,-0.002186185380242187,0.01737276193388794,-0.24431366971528892,0.7629962959903485,0.36821044908028755,green,False
146.0,3739.703275855,FOLLOW,8.822569467860244,8.73967389184191,0.43743612906502544,0.009782298627091832,0.010145857249457399,-0.002199732857400268,0.018248086577634118,-0.26217445645571386,0.752586318456388,0.3650926060638295,green,False
146.2,3739.903116569,FOLLOW,8.824140903324263,8.741221422382472,0.43770918332249736,0.007858098642225144,0.009849323236231087,-0.0022586454749822394,0.01872192873796044,-0.2730254571847277,0.7498901638874474,0.3644565463727708,green,False
146.3,3740.052445344,FOLLOW,8.825412035653777,8.742473275400524,0.4379297313057676,0.009869112797076515,0.00940031537381034,-0.0021789008402589276,0.01920407490095012,-0.2775590840806496,0.7508160314800307,0.3618561472533067,green,False
146.5,3740.253374063,FOLLOW,8.827167252695006,8.744201958909683,0.43823377103931144,0.010526604052983323,0.010507073019328942,-0.0024890561618255884,0.019895861929229194,-0.28502154989094336,0.8428169868366913,0.3622700925617594,green,False
146.7,3740.452969301,FOLLOW,8.829020683526563,8.746027483987477,0.43855418328050855,0.011485460568596943,0.006701218498764509,0.005291591272608918,0.023327118500854185,0.37660092643723075,0.7421878670696409,0.35112868693854676,green,False
146.8,3740.552901257,FOLLOW,8.829829641706269,8.746824289485492,0.43869387699668333,0.006729429819365848,0.0051824679124278395,0.004092315745417782,0.023327118500854185,0.37660092643723075,0.7421878670696409,0.33954098489885676,green,False
147.0,3740.752749525,FOLLOW,8.83085087824589,8.747830102836701,0.43887069201574724,0.008720746512399895,0.007269475671726437,-0.0010253128046752162,0.020309461461627987,-0.22673016730556092,0.6380275006673183,0.35206802393313374,green,False
147.2,3741.003121149,FOLLOW,8.832695566111546,8.749646920583167,0.4391901393401167,0.0073997731514979055,0.005406933594770321,-0.0005969959762006804,0.021365444258221858,-0.21369765659255796,0.7605170362665261,0.33181437242087447,green,False
147.3,3741.103084986,FOLLOW,8.833251917910342,8.750194873529338,0.4392864455849342,0.005428496315692094,0.010493505477977835,-0.0012897571058643534,0.021843126541361974,-0.2247845669342928,0.7555357742976503,0.36327361695252736,green,False
147.5,3741.302668061,FOLLOW,8.834959635628378,8.75187683751215,0.4395819061736382,0.008281883704721518,0.00937711816140678,-0.0011902959496626468,0.02226339549565695,-0.23002960652323484,0.755997738738159,0.35698186474282223,green,False
147.7,3741.503053534,FOLLOW,8.836467545306014,8.753362047475777,0.4398425648636357,0.004703844784562754,0.005288109657435475,0.004383885729186654,0.026358467980792666,0.3846476029860248,0.7348827820550254,0.3411702817874576,green,False
147.8,3741.652496068,FOLLOW,8.837123348674428,8.75400796083606,0.4399560284286803,0.004748811254620903,0.004727103201274771,-0.0006125596015116913,0.024557654458509118,-0.24616584997956853,0.6253066944620302,0.33561826939503037,green,False
148.0,3741.852366694,FOLLOW,8.837830478025285,8.754704405024397,0.44007849234229335,0.0032471056610910024,0.0031036182863887255,-0.0004635437191954667,0.024865081280494306,-0.26063029403169213,0.6214148801722876,0.3240586882948518,green,False
148.2,3742.053968659,FOLLOW,8.838506920507822,8.755370582001985,0.44019589192473485,0.0035822377789890766,0.005511306815092443,-0.0008501302861356828,0.02501158527537918,-0.26463410081335975,0.6183890904611107,0.34319188884779267,green,False
148.3,3742.153234903,FOLLOW,8.838814257273137,8.755673237305535,0.44024933024878915,0.005532718989707758,0.0039753017536740985,-0.0006131983812027996,0.02501158527537918,-0.26463410081335975,0.6183890904611107,0.3311542792375363,green,False
148.5,3742.402980819,FOLLOW,8.839829433243425,8.756672931693544,0.4404259466628242,0.0034509992028776363,0.006485721636515241,-0.001052709816650699,0.025237207424641903,-0.27111146108785433,0.61937257776581,0.35124220319816324,green,False
148.7,3742.652461703,FOLLOW,8.840959819952147,8.757786005841115,0.44062302544043275,0.0038284637201635888,0.004016845719022174,-0.0011458322736816525,0.0278850180893504,-0.36248991215530085,0.723468359225379,0.33086928132187915,green,False
148.8,3742.752412525,FOLLOW,8.841301658762022,8.75812258826909,0.44068274177869116,0.002118874040938228,0.002097859922117043,-0.0005984286608374256,0.0278850180893504,-0.36248991215530085,0.723468359225379,0.31612196052316666,green,False
149.0,3742.95303299,FOLLOW,8.841978652554824,8.758789176850136,0.44080097992337763,0.005265995678733778,0.0037509197017147433,-0.000696433228921702,0.026172488652455056,-0.29148430933508446,0.617102699708503,0.33064710508571826,green,False
149.2,3743.1525991,FOLLOW,8.842718019503033,8.759517187699542,0.4409300678268757,0.005135748263600979,0.005882130261018128,0.005539842254161175,0.027973467108766636,0.4480655106287348,0.7113244583986508,0.35113557037198134,green,False
149.3,3743.253041607,FOLLOW,8.843293507865878,8.760083795106139,0.4410307797653563,0.005910541775159455,0.00436845289796572,-0.0008860585961140942,0.026394044550080376,-0.30348395009829093,0.6174659958016054,0.33629072229891843,green,False
149.5,3743.503019706,FOLLOW,8.844501767589819,8.76127336507445,0.4412424749420892,0.005899947784498293,0.005496105199335445,-0.0012163344956681568,0.026657110576286377,-0.3164638644537515,0.6158691089234299,0.34662165797241096,green,False
149.7,3743.752846051,FOLLOW,8.845376317866762,8.762134411154612,0.44139556914063727,0.001746021473513723,0.0050823079092617,-0.001143604991247808,0.027305900494031712,-0.32263564303542724,0.6113439435123758,0.34380478415222004,green,False
149.8,3743.852629337,FOLLOW,8.845892327203869,8.762642461294066,0.4414858503216606,0.005103040323665495,0.0011613128093148361,0.0011069859855031294,0.02902685965581861,0.4496233271994191,0.8558428641690539,0.3084063683737321,green,False
150.0,3744.05292204,FOLLOW,8.846247668810319,8.76299231865174,0.4415480394397839,0.0034141547108225583,0.0014651267877797578,-0.0003415877731368595,0.027442032263768124,-0.3284156382035812,0.6129060514789177,0.31269659795188387,green,False
150.2,3744.303215664,FOLLOW,8.8467434863669,8.763480486386271,0.4416347995242297,0.004113805885585921,0.0036157855739187756,-0.0008671804587292854,0.0277365701758939,-0.3342416767595055,0.6085338964319968,0.3318114695882561,green,False
150.3,3744.452665248,FOLLOW,8.847271156110224,8.764000024905322,0.44172707674242256,0.003636711405499808,0.002719078795215305,-0.0006677760750962889,0.027991687492249354,-0.33924992244815483,0.6075205207332172,0.3241256451415686,green,False
150.5,3744.65283567,FOLLOW,8.847838361282127,8.764558497614921,0.4418262227939776,0.0027942250344742616,0.0029550823185326503,-0.0007251859567976851,0.027897256912714108,-0.3385771891340098,0.6075142642565234,0.3261960494288203,green,False
150.7,3744.903988977,FOLLOW,8.848448681059093,8.765159428067195,0.44193286622581524,0.003110073577028583,0.004397426957758135,-0.001109484205670185,0.028099453778115,-0.34394934246802905,0.6044591724601096,0.33946406642601296,green,False
150.8,3745.003391059,FOLLOW,8.848901856640644,8.76560561702895,0.4420121348700372,0.004418117073674695,0.004821192689484936,-0.001216401589579354,0.028099453778115,-0.34394934246802905,0.6044591724601096,0.3432670901366013,green,False
151.0,3745.203523365,FOLLOW,8.849722948469896,8.766414062039853,0.44215569132284854,0.005253586846010537,0.0025016474133150984,0.002330635725622356,0.03156050057940886,0.42187129927777833,0.725470102668846,0.32066508526745185,green,False
151.2,3745.452704361,FOLLOW,8.85057097199696,8.767248982429347,0.442304189889282,0.0045387922002278645,0.002191796805830589,-0.000613015341297351,0.029063783376549912,-0.36602775787228814,0.6031724498627052,0.3202969184587563,green,False
151.3,3745.552573398,FOLLOW,8.850765148918956,8.767440155029492,0.4423382150856542,0.0011319489542608503,0.0011151213159122627,-0.00031188405432631304,0.029063783376549912,-0.36602775787228814,0.6031724498627052,0.3103264711219958,green,False
151.5,3745.753154922,FOLLOW,8.85122881457858,8.767896649430423,0.4424194475036021,0.005202647847953669,0.002571276991290758,-0.0007213755384084205,0.029621762169926458,-0.3697810654696307,0.6020951966162474,0.32397053529297803,green,False
151.7,3746.002695908,FOLLOW,8.851925568943164,8.768582634208887,0.442541478345384,0.003738538644705279,0.0026199473386937333,0.0026043742542490827,0.032398157309705786,0.4575602417939039,0.7140819222544184,0.3229422479157309,green,False
151.8,3746.102778525,OBSTACLE_WAIT,8.852271274220891,8.76892297330491,0.4426021531969478,0.002648119470313137,0.0,0.0,0.08765607129712916,-0.7909460139581398,0.6964579665762874,0.28839321651241856,green,False
152.0,3746.302754837,OBSTACLE_WAIT,8.852455454049721,8.769104285203598,0.44263452918589713,1.6609913828544948e-06,0.0,0.0,0.03226160398908072,0.4583121804346974,0.858355740304595,0.3348403250280446,green,False
152.2,3746.502733168,OBSTACLE_WAIT,8.852455736005192,8.769104562763562,0.4426345787777657,1.6561522487122492e-06,0.0,0.0,0.03226160398908072,0.4583121804346974,0.858355740304595,0.3291006073156605,green,False
152.3,3746.652345333,OBSTACLE_WAIT,8.852456017184087,8.769104839558826,0.44263462823433364,1.6525764465559123e-06,0.0,0.0,0.03281129677020701,0.42452395708906654,0.7240926300199796,0.31718866935478746,green,False
152.5,3746.852860425,OBSTACLE_WAIT,8.852456298039254,8.769105116035183,0.44263467763524006,1.6515776041747932e-06,0.0,0.0,0.029914559453505365,-0.38640245190233835,0.5986423737986277,0.3201993844546933,green,False
152.7,3747.053075314,OBSTACLE_WAIT,8.852456634833441,8.769105447578113,0.4426347368772054,1.6503339621033665e-06,0.0,0.0,0.029884828196132487,-0.38216313523080164,0.6000322489411056,0.33465190800582784,green,False
152.8,3747.15645069,OBSTACLE_WAIT,8.85245674704193,8.769105558036987,0.4426347566150422,1.649921743391808e-06,0.0,0.0,0.029884828196132487,-0.38216313523080164,0.6000322489411056,0.33501836945870156,green,False
153.0,3747.352816822,OBSTACLE_WAIT,8.852457083499752,8.76910588924836,0.4426348158002868,1.6486920311445963e-06,0.0,0.0,0.029884828196132487,-0.38216313523080164,0.6000322489411056,0.33346319797840174,green,False
153.2,3747.602913613,OBSTACLE_WAIT,8.852457475718255,8.769106275350513,0.44263488479653157,1.647270186180308e-06,0.0,0.0,0.029860956115799725,-0.3851440053720239,0.5994715932659886,0.3119300623679239,green,False
153.3,3747.703136454,OBSTACLE_WAIT,8.852457587718657,8.769106385604271,0.44263490449928944,1.6468614019044922e-06,0.0,0.0,0.029884828196132487,-0.38216313523080164,0.6000322489411056,0.3384771045969842,green,False
153.5,3747.902434547,OBSTACLE_WAIT,8.852457923542529,8.769106716190763,0.4426349635775851,1.6455367965255075e-06,0.0,0.0,0.029884828196132487,-0.38216313523080164,0.6000322489411056,0.32916430532198493,green,False
153.7,3748.152609579,OBSTACLE_WAIT,8.852458314996928,8.769107101539777,0.44263503244473285,1.6440047935196149e-06,0.0,0.0,0.029884828196132487,-0.38216313523080164,0.6000322489411056,0.330795510879953,green,False
153.8,3748.253165549,OBSTACLE_WAIT,8.852458426774225,8.76910721157364,0.44263505210976106,1.6435695157386547e-06,0.0,0.0,0.029884828196132487,-0.38216313523080164,0.6000322489411056,0.3134906350074987,green,False
154.0,3748.453329453,OBSTACLE_WAIT,8.852458761929174,8.769107541500828,0.4426351110749261,1.6422713466701695e-06,0.0,0.0,0.029884828196132487,-0.38216313523080164,0.6000322489411056,0.33812123642910774,green,False
154.2,3748.652562765,OBSTACLE_WAIT,8.85245904102343,8.76910781624151,0.44263516017849097,1.6411977846808936e-06,0.0,0.0,0.029884828196132487,-0.38216313523080164,0.6000322489411056,0.32823495427416216,green,False
154.3,3748.752597828,OBSTACLE_WAIT,8.852459208392592,8.769107980999785,0.44263518962585996,1.6405572081969377e-06,0.0,0.0,0.029884828196132487,-0.38216313523080164,0.6000322489411056,0.33013664470829446,green,False
154.5,3749.002615895,OBSTACLE_WAIT,8.852459598684566,8.769108365203055,0.44263525829660993,1.6392259150925754e-06,0.0,0.0,0.02980526324528368,-0.383634408053775,0.5993588825310607,0.33467859563080593,green,False
154.7,3749.202863354,OBSTACLE_WAIT,8.852459877279808,8.769108639451835,0.4426353073161477,1.6383821556164234e-06,0.0,0.0,0.029860956115799725,-0.3851440053720239,0.5994715932659886,0.313461503013809,green,False
154.8,3749.303427182,OBSTACLE_WAIT,8.852460044369181,8.769108803934282,0.44263533671654764,1.6378852221209842e-06,0.0,0.0,0.029884828196132487,-0.38216313523080164,0.6000322489411056,0.3077629100280376,green,False
155.0,3749.503499039,OBSTACLE_WAIT,8.852460378396392,8.769109132749763,0.4426353954920348,1.636897519476533e-06,0.0,0.0,0.0297903976165972,-0.3815118204045428,0.6000490659429023,0.3292392860362224,green,False
155.2,3749.752597065,OBSTACLE_WAIT,8.852460767841285,8.769109516117851,0.4426354640211055,1.6357551996133345e-06,0.0,0.0,0.0298073527780941,-0.3838842735096426,0.6002269501112847,0.32342054310756885,green,False
155.3,3749.852601425,OBSTACLE_WAIT,8.852460879061455,8.76910962560249,0.44263548359252625,1.6354310651758353e-06,0.0,0.0,0.03281129677020701,0.42452395708906654,0.7240926300199796,0.327368163946745,green,False
155.5,3750.055156247,OBSTACLE_WAIT,8.852461212590098,8.769109953926376,0.44263554228478097,1.6344636654808813e-06,0.0,0.0,0.029884828196132487,-0.38216313523080164,0.6000322489411056,0.3359725099488057,green,False
155.7,3750.25249227,OBSTACLE_WAIT,8.852461490380437,8.769110227381518,0.4426355911699324,1.6336636068589518e-06,0.0,0.0,0.029884828196132487,-0.38216313523080164,0.6000322489411056,0.329831436505162,green,False
155.8,3750.352845446,OBSTACLE_WAIT,8.852461656989513,8.769110391390385,0.4426356204901612,1.6331861167038383e-06,0.0,0.0,0.029884828196132487,-0.38216313523080164,0.6000322489411056,0.32328601449930394,green,False
156.0,3750.602951649,OBSTACLE_WAIT,8.852462045555402,8.769110773891752,0.4426356888725721,1.6320799205234465e-06,0.0,0.0,0.029899693824818954,-0.3842846104644829,0.599343488932484,0.3188463784763859,green,False
156.2,3750.803029995,OBSTACLE_WAIT,8.852462378403237,8.769111101544336,0.44263574745128664,1.6311400039252013e-06,0.0,0.0,0.029860956115799725,-0.3851440053720239,0.5994715932659886,0.321213194932946,green,False
156.3,3750.903010227,OBSTACLE_WAIT,8.85246248931001,8.769111210719952,0.44263576697044116,1.6308286170569116e-06,0.0,0.0,0.029884828196132487,-0.38216313523080164,0.6000322489411056,0.3198580430291107,green,False
156.5,3751.152840235,OBSTACLE_WAIT,8.85246287731751,8.769111592670715,0.4426358352597913,1.6297450426757484e-06,0.0,0.0,0.029884828196132487,-0.38216313523080164,0.6000322489411056,0.3308946022333648,green,False
156.7,3751.35324482,OBSTACLE_WAIT,8.852463154308445,8.769111865337598,0.4426358840117037,1.6289774020814496e-06,0.0,0.0,0.029884828196132487,-0.38216313523080164,0.6000322489411056,0.32847406419817227,green,False
156.8,3751.453018963,OBSTACLE_WAIT,8.852463320444572,8.769112028880098,0.44263591325316054,1.6286879047865363e-06,0.0,0.0,0.029884828196132487,-0.38216313523080164,0.6000322489411056,0.3346138133599185,green,False
157.0,3751.703431718,OBSTACLE_WAIT,8.852463652683365,8.769112355931926,0.44263597173151775,1.6285561922766588e-06,0.0,0.0,0.029846090487113286,-0.38302400276681636,0.6001424471933949,0.3501873466678143,green,False
157.2,3751.90393426,OBSTACLE_WAIT,8.852463984895442,8.769112682957132,0.4426360302069532,1.628425809851327e-06,0.0,0.0,0.029899693824818954,-0.3842846104644829,0.599343488932484,0.3423808520591035,green,False
157.3,3752.003027738,OBSTACLE_WAIT,8.852464150991535,8.769112846459826,0.44263605944358697,1.628361124538498e-06,0.0,0.0,0.029899693824818954,-0.3842846104644829,0.599343488932484,0.3471539705435229,green,False
157.5,3752.252748752,OBSTACLE_WAIT,8.852464483163969,8.769113173445534,0.4426361179147128,1.6282321060904383e-06,0.0,0.0,0.029899693824818954,-0.3842846104644829,0.599343488932484,0.3395007083465234,green,False
157.7,3752.452639883,OBSTACLE_WAIT,8.852464815310231,8.76911350040516,0.44263617638301356,1.628104560093781e-06,0.0,0.0,0.029846090487113286,-0.38302400276681636,0.6001424471933949,0.309117194454834,green,False
157.8,3752.552669278,OBSTACLE_WAIT,8.852464981373618,8.769113663875261,0.44263620561611633,1.628041054184476e-06,0.0,0.0,0.029899693824818954,-0.3842846104644829,0.599343488932484,0.32405510083189887,green,False
158.0,3752.752674323,OBSTACLE_WAIT,8.852465258131575,8.769113936311124,0.44263625433641723,1.6279358698298457e-06,0.0,0.0,0.029884828196132487,-0.38216313523080164,0.6000322489411056,0.34477679601257644,green,False
158.2,3752.952573167,OBSTACLE_WAIT,8.852465590217628,8.769114263210739,0.4426363127982736,1.6278105010687918e-06,0.0,0.0,0.029884828196132487,-0.38216313523080164,0.6000322489411056,0.33588201242962384,green,False
158.3,3753.052971551,OBSTACLE_WAIT,8.852465756251101,8.769114426651022,0.44263634202818675,1.6277482042054166e-06,0.0,0.0,0.029884828196132487,-0.38216313523080164,0.6000322489411056,0.33651820205956257,green,False
158.5,3753.252440075,OBSTACLE_WAIT,8.852466088299046,8.769114753512644,0.4426364004860059,1.6276245596232497e-06,0.0,0.0,0.029884828196132487,-0.38216313523080164,0.6000322489411056,0.317586795586922,green,False
158.7,3753.503009795,OBSTACLE_WAIT,8.852466420321868,8.76911508034922,0.44263645894118253,1.6275017807258708e-06,0.0,0.0,0.029884828196132487,-0.38216313523080164,0.6000322489411056,0.32603948816392053,green,False
158.8,3753.602513463,OBSTACLE_WAIT,8.852466586323917,8.769115243758172,0.44263648816779033,1.6274407158815632e-06,0.0,0.0,0.029899693824818954,-0.3842846104644829,0.599343488932484,0.3341795610192186,green,False
159.0,3753.803049017,OBSTACLE_WAIT,8.852466918309386,8.769115570557501,0.44263654661906726,1.6273196805955011e-06,0.0,0.0,0.029884828196132487,-0.38216313523080164,0.6000322489411056,0.3227340655236077,green,False
159.2,3754.002383997,OBSTACLE_WAIT,8.852467250261414,8.769115897323593,0.4426366050662331,1.6270595448371784e-06,0.0,0.0,0.029846090487113286,-0.38302400276681636,0.6001424471933949,0.33481530390957454,green,False
159.3,3754.103328708,OBSTACLE_WAIT,8.852467360897478,8.769116006231169,0.4426366245464451,1.6269440505023619e-06,0.0,0.0,0.029899693824818954,-0.3842846104644829,0.599343488932484,0.3261136199365432,green,False
159.5,3754.352517351,OBSTACLE_WAIT,8.85246774806079,8.769116387345475,0.4426366927176659,1.6265013795523985e-06,0.0,0.0,0.029846090487113286,-0.38302400276681636,0.6001424471933949,0.3370606113554375,green,False
159.7,3754.55273981,OBSTACLE_WAIT,8.852468079819467,8.769116713920438,0.44263675113523543,1.626037686615398e-06,0.0,0.0,0.029846090487113286,-0.38302400276681636,0.6001424471933949,0.33056464820822773,green,False
159.8,3754.652996245,OBSTACLE_WAIT,8.852468190384723,8.769116822758049,0.4426367706044616,1.6258839353524043e-06,0.0,0.0,0.029884828196132487,-0.38216313523080164,0.6000322489411056,0.32809116096521956,green,False
160.0,3754.852642416,OBSTACLE_WAIT,8.852468522018023,8.76911714920917,0.44263682900231915,1.6254256037914157e-06,0.0,0.0,0.029899693824818954,-0.3842846104644829,0.599343488932484,0.3377441816912368,green,False
160.2,3755.102652905,OBSTACLE_WAIT,8.85246890880587,8.769117529952583,0.4426368971146759,1.6248954467284603e-06,0.0,0.0,0.029884828196132487,-0.38216313523080164,0.6000322489411056,0.34305006572755603,green,False
160.3,3755.203192633,OBSTACLE_WAIT,8.852469074533582,8.769117693090294,0.4426369262996433,1.6246699048300967e-06,0.0,0.0,0.029884828196132487,-0.38216313523080164,0.6000322489411056,0.35121221940461883,green,False
160.5,3755.404770617,OBSTACLE_WAIT,8.85246935069469,8.769117964935365,0.44263697493312487,1.6242693756276578e-06,0.0,0.0,0.029846090487113286,-0.38302400276681636,0.6001424471933949,0.33083507719036614,green,False
160.7,3755.60317181,OBSTACLE_WAIT,8.852469626781788,8.769118236707364,0.4426370235547993,1.6238171836963077e-06,0.0,0.0,0.029884828196132487,-0.38216313523080164,0.6000322489411056,0.3284748366252033,green,False
160.8,3755.752540081,OBSTACLE_WAIT,8.852469847596266,8.769118454070465,0.4426370624433008,1.6234575651890939e-06,0.0,0.0,0.03281129677020701,0.42452395708906654,0.7240926300199796,0.31946533906922564,green,False
161.0,3755.952856124,OBSTACLE_WAIT,8.852470178726621,8.769118780024922,0.4426371207614342,1.6229219391856178e-06,0.0,0.0,0.029846090487113286,-0.38302400276681636,0.6001424471933949,0.34560690914236125,green,False
161.2,3756.153375595,OBSTACLE_WAIT,8.85247050974814,8.769119105871928,0.4426371790621626,1.6223906041260537e-06,0.0,0.0,0.029884828196132487,-0.38216313523080164,0.6000322489411056,0.34476192954844015,green,False
161.3,3756.256130555,OBSTACLE_WAIT,8.85247062006462,8.769119214463876,0.44263719849189864,1.622214485971688e-06,0.0,0.0,0.029884828196132487,-0.38216313523080164,0.6000322489411056,0.3202232522347611,green,False
161.5,3756.453185938,OBSTACLE_WAIT,8.852470950942447,8.769119540169015,0.4426372567696642,1.621689145647974e-06,0.0,0.0,0.029884828196132487,-0.38216313523080164,0.6000322489411056,0.31061605383204194,green,False
161.7,3756.652884149,OBSTACLE_WAIT,8.852471281713532,8.769119865768765,0.442637315030388,1.621168004582882e-06,0.0,0.0,0.029884828196132487,-0.38216313523080164,0.6000322489411056,0.3124104141593968,green,False
161.8,3756.80253869,OBSTACLE_WAIT,8.852471502168722,8.769120082777144,0.44263735386147773,1.620823088815901e-06,0.0,0.0,0.029884828196132487,-0.38216313523080164,0.6000322489411056,0.33287551894117134,green,False
162.0,3757.003333995,OBSTACLE_WAIT,8.852471777674703,8.769120353975403,0.4426374023903377,1.6204653502249123e-06,0.0,0.0,0.029846090487113286,-0.38302400276681636,0.6001424471933949,0.32739168784503936,green,False
162.2,3757.202629853,OBSTACLE_WAIT,8.85247210821828,8.769120679350419,0.4426374606153748,1.6201598012770593e-06,0.0,0.0,0.029884828196132487,-0.38216313523080164,0.6000322489411056,0.32112556763045513,green,False
162.3,3757.302629238,OBSTACLE_WAIT,8.852472218385657,8.769120787795089,0.4426374800216753,1.6200586529884414e-06,0.0,0.0,0.029884828196132487,-0.38216313523080164,0.6000322489411056,0.3181587357683864,green,False
162.5,3757.552357371,OBSTACLE_WAIT,8.85247265898655,8.769121221505877,0.4426375576367384,1.6196562026086388e-06,0.0,0.0,0.029884828196132487,-0.38216313523080164,0.6000322489411056,0.32931785421341275,green,False
162.7,3757.752681284,OBSTACLE_WAIT,8.852472934306755,8.769121492520354,0.4426376061379808,1.619406717342082e-06,0.0,0.0,0.029884828196132487,-0.38216313523080164,0.6000322489411056,0.32232868991250047,green,False
162.8,3757.852852834,OBSTACLE_WAIT,8.852473099478592,8.769121655108966,0.44263763523573474,1.619258203627517e-06,0.0,0.0,0.029846090487113286,-0.38302400276681636,0.6001424471933949,0.31915038173012955,green,False
163.0,3758.052573943,OBSTACLE_WAIT,8.85247342977691,8.769121980241307,0.4426376934245632,1.6189625636795183e-06,0.0,0.0,0.029884828196132487,-0.38216313523080164,0.6000322489411056,0.3317625619361475,green,False
163.2,3758.253201553,OBSTACLE_WAIT,8.852473704979612,8.769122251139507,0.44263774190850186,1.6187180341855956e-06,0.0,0.0,0.029884828196132487,-0.38216313523080164,0.6000322489411056,0.3215040688834956,green,False
163.3,3758.353128867,OBSTACLE_WAIT,8.852473870081342,8.769122413658742,0.44263777099594087,1.6185721497395607e-06,0.0,0.0,0.029884828196132487,-0.38216313523080164,0.6000322489411056,0.32712002719942185,green,False
163.5,3758.603294456,OBSTACLE_WAIT,8.85247425526107,8.76912279281325,0.44263783885817354,1.6182342565683775e-06,0.0,0.0,0.029899693824818954,-0.3842846104644829,0.599343488932484,0.31808890347426455,green,False
163.7,3758.802601431,OBSTACLE_WAIT,8.852474585351384,8.769123117739747,0.4426378970164586,1.617947163544525e-06,0.0,0.0,0.03281129677020701,0.42452395708906654,0.7240926300199796,0.34785839640916055,green,False
163.8,3758.903293825,OBSTACLE_WAIT,8.852474695368505,8.76912322603573,0.44263791640065253,1.617851952197587e-06,0.0,0.0,0.029785457416588293,-0.38131411383379515,0.5991417582815933,0.3179311800646956,green,False
164.0,3759.102734545,OBSTACLE_WAIT,8.852475025381155,8.769123550885363,0.44263797454757314,1.6175679931342156e-06,0.0,0.0,0.0873910366297706,-0.7897098743694553,0.698367055729804,0.3220868707757721,green,False
164.2,3759.302828708,OBSTACLE_WAIT,8.85247535533612,8.769123875677902,0.44263803268606866,1.617286296046805e-06,0.0,0.0,0.03226160398908072,0.4583121804346974,0.858355740304595,0.3151797996420031,green,False
164.3,3759.403006875,OBSTACLE_WAIT,8.852475465308373,8.769123983929479,0.44263805206370943,1.617193163406459e-06,0.0,0.0,0.03223682671476577,0.457528264118718,0.8580504187809633,0.31144490053644813,green,False
164.5,3759.653048877,OBSTACLE_WAIT,8.852475850161467,8.769124362760707,0.44263811987819673,1.6168684567459782e-06,0.0,0.0,0.029884828196132487,-0.38216313523080164,0.6000322489411056,0.3246583423122579,green,False
164.7,3759.852621085,OBSTACLE_WAIT,8.852476179974317,8.769124687412582,0.4426381779959894,1.616592634753446e-06,0.0,0.0,0.029884828196132487,-0.38216313523080164,0.6000322489411056,0.3417537124760172,green,False
164.8,3759.952733402,OBSTACLE_WAIT,8.852476289899474,8.769124795617538,0.4426381973667751,1.6165012151929202e-06,0.0,0.0,0.029884828196132487,-0.38216313523080164,0.6000322489411056,0.33958046143747933,green,False
165.0,3760.152644808,OBSTACLE_WAIT,8.852476619637738,8.769125120195577,0.44263825547373387,1.6162285890595504e-06,0.0,0.0,0.029707981998549945,-0.38303642782845965,0.5993369732504925,0.3435473982254525,green,False
165.2,3760.40282291,OBSTACLE_WAIT,8.852476949320588,8.76912544471876,0.44263831357265954,1.6159579343920754e-06,0.0,0.0,0.029785457416588293,-0.38131411383379515,0.5991417582815933,0.3328847328921846,green,False
165.3,3760.502682153,OBSTACLE_WAIT,8.852477114141376,8.769125606959923,0.4426383426191349,1.6158235597142352e-06,0.0,0.0,0.029884828196132487,-0.38216313523080164,0.6000322489411056,0.33747201159622453,green,False
165.5,3760.702776957,OBSTACLE_WAIT,8.852477443676802,8.769125931337525,0.4426384006946747,1.6148716931083824e-06,0.0,0.0,0.029785457416588293,-0.38131411383379515,0.5991417582815933,0.3238133441681705,green,False
165.7,3760.90279185,OBSTACLE_WAIT,8.852477773008388,8.769126255514168,0.44263845873601493,1.6138757062700228e-06,0.0,0.0,0.029899693824818954,-0.3842846104644829,0.599343488932484,0.3332105867525688,green,False
165.8,3761.002641613,OBSTACLE_WAIT,8.852477882740537,8.769126363528638,0.44263847807557144,1.6135454758223618e-06,0.0,0.0,0.029899693824818954,-0.3842846104644829,0.599343488932484,0.32140706023879956,green,False
166.0,3761.252716562,OBSTACLE_WAIT,8.852478266626896,8.769126741405616,0.4426385457344753,1.612397117179496e-06,0.0,0.0,0.029884828196132487,-0.38216313523080164,0.6000322489411056,0.29617288765050415,green,False
166.2,3761.452413445,OBSTACLE_WAIT,8.852478595455754,8.769127065086634,0.44263860369150254,1.6114216038233061e-06,0.0,0.0,0.029800323045274732,-0.38343703885894326,0.5984529069365228,0.3116977401533221,green,False
166.3,3761.552630583,OBSTACLE_WAIT,8.85247875979576,8.76912722685377,0.44263863265754033,1.610936820943937e-06,0.0,0.0,0.03270998078668011,0.4259322187220146,0.7246705044429408,0.3200492577438729,green,False
166.5,3761.752587385,OBSTACLE_WAIT,8.852479088327955,8.769127550242311,0.44263869056483995,1.6099731018075387e-06,0.0,0.0,0.029846090487113286,-0.38302400276681636,0.6001424471933949,0.3266317755589271,green,False
166.7,3761.952569535,OBSTACLE_WAIT,8.852479361955199,8.769127819585284,0.4426387387958569,1.6091765254358565e-06,0.0,0.0,0.029785457416588293,-0.38131411383379515,0.5991417582815933,0.3170018474291016,green,False
166.8,3762.052346285,OBSTACLE_WAIT,8.852479526066698,8.769127981127136,0.44263876772360244,1.6087010676160088e-06,0.0,0.0,0.029884828196132487,-0.38216313523080164,0.6000322489411056,0.34299075460284345,green,False
167.0,3762.302647065,OBSTACLE_WAIT,8.852479854144718,8.769128304067904,0.4426388255548086,1.6077561172005927e-06,0.0,0.0,0.029884828196132487,-0.38216313523080164,0.6000322489411056,0.32005984466651605,green,False
167.2,3762.502973335,OBSTACLE_WAIT,8.852480182030758,8.769128626819395,0.4426388833538663,1.6068187879961763e-06,0.0,0.0,0.029884828196132487,-0.38216313523080164,0.6000322489411056,0.34736830908570954,green,False
167.3,3762.603331758,OBSTACLE_WAIT,8.852480291283715,8.769128734361432,0.4426389026131216,1.6065083929542929e-06,0.0,0.0,0.029899693824818954,-0.3842846104644829,0.599343488932484,0.30924095107728067,green,False
167.5,3762.852856672,OBSTACLE_WAIT,8.852480673503367,8.769129110595193,0.44263896999277447,1.6054277811941855e-06,0.0,0.0,0.029899693824818954,-0.3842846104644829,0.599343488932484,0.32168871715842423,green,False
167.7,3763.053424241,OBSTACLE_WAIT,8.85248100091641,8.769129432880339,0.4426390277126586,1.604510071196859e-06,0.0,0.0,0.02976652553626448,-0.3844942549891489,0.5994892346659038,0.31305805751164745,green,False
167.8,3763.154853183,OBSTACLE_WAIT,8.852481164552907,8.769129593953874,0.4426390565608853,1.6040534504467363e-06,0.0,0.0,0.029884828196132487,-0.38216313523080164,0.6000322489411056,0.29588904490067014,green,False
168.0,3763.352584327,OBSTACLE_WAIT,8.852481437177348,8.769129862308157,0.4426391046240215,1.6032980257549023e-06,0.0,0.0,0.032226592963696316,0.4605436899982657,0.7123028423355986,0.31449245817135074,green,False
168.2,3763.552818732,OBSTACLE_WAIT,8.85248176415778,8.769130184166771,0.4426391622715396,1.6023979109133871e-06,0.0,0.0,0.029860956115799725,-0.3851440053720239,0.5994715932659886,0.33847527562414026,green,False
168.3,3763.702648388,OBSTACLE_WAIT,8.852481982042997,8.769130398638868,0.44263920068620616,1.601801542159222e-06,0.0,0.0,0.029884828196132487,-0.38216313523080164,0.6000322489411056,0.31170605581569993,green,False
168.5,3763.903127605,OBSTACLE_WAIT,8.852482254285905,8.76913066661697,0.44263924868554855,1.60106131773539e-06,0.0,0.0,0.0328059006248997,0.4272138946440824,0.7227839154361705,0.32345136641769906,green,False
168.7,3764.15317018,OBSTACLE_WAIT,8.852482635215448,8.76913104157874,0.4426393158494453,1.6000330106717645e-06,0.0,0.0,0.029899693824818954,-0.3842846104644829,0.599343488932484,0.3313704172844914,green,False
168.8,3764.252802876,OBSTACLE_WAIT,8.85248274400764,8.76913114866648,0.44263933503164093,1.5997413538111917e-06,0.0,0.0,0.029746719707569078,-0.3821755689044438,0.5992521373958642,0.32697365227703795,green,False
169.0,3764.456171186,OBSTACLE_WAIT,8.852483070268567,8.769131469815672,0.4426393925589381,1.598909745119313e-06,0.0,0.0,0.029785457416588293,-0.38131411383379515,0.5991417582815933,0.3284030237752036,green,False
169.2,3764.702760703,OBSTACLE_WAIT,8.852483396359919,8.769131790797648,0.4426394500579869,1.5980697197586929e-06,0.0,0.0,0.029884828196132487,-0.38216313523080164,0.6000322489411056,0.3272004936380961,green,False
169.3,3764.80308609,OBSTACLE_WAIT,8.852483559341518,8.769131951225454,0.44263947879683047,1.5976523094898284e-06,0.0,0.0,0.02980526324528368,-0.383634408053775,0.5993588825310607,0.34471257697849206,green,False
169.5,3765.003012006,OBSTACLE_WAIT,8.852483830883209,8.769132218512135,0.4426395266791869,1.5969606382650602e-06,0.0,0.0,0.029884828196132487,-0.38216313523080164,0.6000322489411056,0.31942018085236024,green,False
169.7,3765.253183701,OBSTACLE_WAIT,8.852484210844871,8.769132592519522,0.4426395936817163,1.5960000397323676e-06,0.0,0.0,0.029899693824818954,-0.3842846104644829,0.599343488932484,0.3118173932953143,green,False
169.8,3765.352860502,OBSTACLE_WAIT,8.852484319363468,8.769132699337481,0.4426396128183209,1.5957273972651006e-06,0.0,0.0,0.029800323045274732,-0.38343703885894326,0.5984529069365228,0.3292637410317717,green,False
170.0,3765.552952329,OBSTACLE_WAIT,8.85248464480835,8.769133019681991,0.44263967020966893,1.5949136701620723e-06,0.0,0.0,0.029884828196132487,-0.38216313523080164,0.6000322489411056,0.334987003403905,green,False
170.2,3765.803680783,OBSTACLE_WAIT,8.852485024284574,8.769133393210694,0.4426397371313694,1.5939520903026398e-06,0.0,0.0,0.029846090487113286,-0.38302400276681636,0.6001424471933949,0.3194007373508596,green,False
170.3,3765.904131744,OBSTACLE_WAIT,8.852485132663272,8.769133499890703,0.4426397562446658,1.5936609375698257e-06,0.0,0.0,0.029884828196132487,-0.38216313523080164,0.6000322489411056,0.3220491540872995,green,False
170.5,3766.104135254,OBSTACLE_WAIT,8.852485457681068,8.769133819814089,0.4426398135647792,1.5927933059619761e-06,0.0,0.0,0.029884828196132487,-0.38216313523080164,0.6000322489411056,0.3169295504657755,green,False
170.7,3766.303072731,OBSTACLE_WAIT,8.852485782522562,8.769134139563645,0.44263987085542955,1.5919324966639977e-06,0.0,0.0,0.029884828196132487,-0.38216313523080164,0.6000322489411056,0.3362197969454603,green,False
170.8,3766.402705005,OBSTACLE_WAIT,8.852485890764136,8.76913424610845,0.44263988994580866,1.5916472105012608e-06,0.0,0.0,0.029884828196132487,-0.38216313523080164,0.6000322489411056,0.34366527447623524,green,False
171.0,3766.653612994,OBSTACLE_WAIT,8.852486269457424,8.769134618865186,0.4426399567367103,1.5906549306022282e-06,0.0,0.0,0.029746719707569078,-0.3821755689044438,0.5992521373958642,0.3119737603584585,green,False
171.2,3766.852921839,OBSTACLE_WAIT,8.852486593864528,8.769134938186433,0.44264001395480174,1.5898117966513637e-06,0.0,0.0,0.029884828196132487,-0.38216313523080164,0.6000322489411056,0.3312058729795463,green,False
171.3,3766.952784294,OBSTACLE_WAIT,8.852486756003774,8.76913509778365,0.4426400425531124,1.5893935893862357e-06,0.0,0.0,0.029846090487113286,-0.38302400276681636,0.6001424471933949,0.33017665450504424,green,False
171.5,3767.152915987,OBSTACLE_WAIT,8.852487026141148,8.769135363685633,0.4426400902011563,1.5886986094557425e-06,0.0,0.0,0.029746719707569078,-0.3821755689044438,0.5992521373958642,0.3232889721023491,green,False
171.7,3767.402726989,OBSTACLE_WAIT,8.85248735015084,8.769135682615024,0.4426401473529204,1.5878716186276733e-06,0.0,0.0,0.0297903976165972,-0.3815118204045428,0.6000490659429023,0.349265592939655,green,False
171.8,3767.502983372,OBSTACLE_WAIT,8.852487512092614,8.769135842017528,0.4426401759182824,1.5874615126709244e-06,0.0,0.0,0.029785457416588293,-0.38131411383379515,0.5991417582815933,0.34660800635332617,green,False
172.0,3767.752834644,OBSTACLE_WAIT,8.852487835850882,8.769136160699006,0.4426402330281138,1.5866442303310896e-06,0.0,0.0,0.029691026837053047,-0.3806623551928901,0.5991648055153025,0.3191248281077845,green,False
172.2,3767.953418784,OBSTACLE_WAIT,8.852488105523278,8.769136426142499,0.4426402805986139,1.5859912898638756e-06,0.0,0.0,0.029846090487113286,-0.38302400276681636,0.6001424471933949,0.3060826298957361,green,False
172.3,3768.110341572,OBSTACLE_WAIT,8.852488321184465,8.769136638421623,0.4426403186422902,1.5855017548956708e-06,0.0,0.0,0.029884828196132487,-0.38216313523080164,0.6000322489411056,0.3083136731960497,green,False
172.5,3768.353061826,OBSTACLE_WAIT,8.852488644557747,8.76913695672343,0.44264037568821835,1.5848374582123547e-06,0.0,0.0,0.029884828196132487,-0.38216313523080164,0.6000322489411056,0.3313163449303257,green,False
172.7,3768.602940225,OBSTACLE_WAIT,8.85248896779814,8.769137274894149,0.44264043271230474,1.5841899878461916e-06,0.0,0.0,0.029884828196132487,-0.38216313523080164,0.6000322489411056,0.32576914133742224,green,False
172.8,3768.702811832,OBSTACLE_WAIT,8.852489129368916,8.769137433930755,0.44264046121622813,1.583867763187676e-06,0.0,0.0,0.029884828196132487,-0.38216313523080164,0.6000322489411056,0.32780057646603267,green,False
173.0,3768.952484158,OBSTACLE_WAIT,8.852489452412302,8.769137751907126,0.4426405182079536,1.583228084333235e-06,0.0,0.0,0.029846090487113286,-0.38302400276681636,0.6001424471933949,0.30781984242242183,green,False
173.2,3769.153073544,OBSTACLE_WAIT,8.852489775325687,8.76913806975525,0.4426405751783406,1.582593406987452e-06,0.0,0.0,0.029785457416588293,-0.38131411383379515,0.5991417582815933,0.30569722883742717,green,False
173.3,3769.252352787,OBSTACLE_WAIT,8.852489936733976,8.76913822863156,0.4426406036555899,1.5822782920242843e-06,0.0,0.0,0.029785457416588293,-0.38131411383379515,0.5991417582815933,0.33142769320793325,green,False
173.5,3769.452562843,OBSTACLE_WAIT,8.852490205676531,8.769138493355108,0.4426406511059842,1.5817556331573776e-06,0.0,0.0,0.029884828196132487,-0.38216313523080164,0.6000322489411056,0.3051244536219443,green,False
173.7,3769.703028698,OBSTACLE_WAIT,8.852490528290787,8.769138810908128,0.4426407080273031,1.5811332718137296e-06,0.0,0.0,0.029746719707569078,-0.3821755689044438,0.5992521373958642,0.31337897142347726,green,False
173.8,3769.802946137,OBSTACLE_WAIT,8.852490689550432,8.769138969637796,0.44264073648018015,1.58082384906535e-06,0.0,0.0,0.029746719707569078,-0.3821755689044438,0.5992521373958642,0.3117698092272634,green,False
174.0,3770.052651392,OBSTACLE_WAIT,8.852491011975413,8.769139287004085,0.4426407933704825,1.5802093416999934e-06,0.0,0.0,0.029860956115799725,-0.3851440053720239,0.5994715932659886,0.3128848960715442,green,False
174.2,3770.302624507,OBSTACLE_WAIT,8.85249133427553,8.769139604247188,0.44264085024033417,1.579599635515133e-06,0.0,0.0,0.029884828196132487,-0.38216313523080164,0.6000322489411056,0.309145157907732,green,False
174.3,3770.402802002,OBSTACLE_WAIT,8.852491495379082,8.769139762822856,0.44264087866764734,1.5792967900644898e-06,0.0,0.0,0.029884828196132487,-0.38216313523080164,0.6000322489411056,0.3068643293346204,green,False
174.5,3770.652730186,OBSTACLE_WAIT,8.852491817493823,8.769140079883066,0.4426409355071589,1.5786947903105157e-06,0.0,0.0,0.029846090487113286,-0.38302400276681636,0.6001424471933949,0.3196090295095339,green,False
174.7,3770.853718181,OBSTACLE_WAIT,8.852492085829299,8.769140344007681,0.442640982858129,1.5781966379958985e-06,0.0,0.0,0.029785457416588293,-0.38131411383379515,0.5991417582815933,0.3126827113392202,green,False
174.8,3770.952926853,OBSTACLE_WAIT,8.852492246790058,8.769140502442466,0.4426410112620851,1.5778997374653702e-06,0.0,0.0,0.029785457416588293,-0.38131411383379515,0.5991417582815933,0.3029934156731028,green,False
175.0,3771.202694196,OBSTACLE_WAIT,8.85249262224779,8.769140872007826,0.44264107751879733,1.577211290038586e-06,0.0,0.0,0.0297903976165972,-0.3815118204045428,0.6000490659429023,0.3212765970822519,green,False
175.2,3771.402500784,OBSTACLE_WAIT,8.85249289033197,8.7691411358845,0.4426411248286977,1.5767236191547708e-06,0.0,0.0,0.02976652553626448,-0.3844942549891489,0.5994892346659038,0.3117387380398137,green,False
175.3,3771.50622193,OBSTACLE_WAIT,8.85249305114278,8.769141294171337,0.44264115320815633,1.5764326374886514e-06,0.0,0.0,0.029884828196132487,-0.38216313523080164,0.6000322489411056,0.30344026023675913,green,False
175.5,3771.752976796,OBSTACLE_WAIT,8.852493372675669,8.769141610657464,0.44264120995259093,1.5758542894819265e-06,0.0,0.0,0.029860956115799725,-0.3851440053720239,0.5994715932659886,0.3212937204509329,green,False
175.7,3771.955338697,OBSTACLE_WAIT,8.852493694091061,8.769141927027656,0.4426412666778542,1.5752807841529273e-06,0.0,0.0,0.029884828196132487,-0.38216313523080164,0.6000322489411056,0.3165057369034895,green,False
175.8,3772.052665116,OBSTACLE_WAIT,8.852493854755002,8.769142085169578,0.44264129503335037,1.5749956755640331e-06,0.0,0.0,0.029884828196132487,-0.38216313523080164,0.6000322489411056,0.3148922822867149,green,False
176.0,3772.252714615,OBSTACLE_WAIT,8.852494122463826,8.769142348675897,0.4426413422820117,1.5745232263357803e-06,0.0,0.0,0.029884828196132487,-0.38216313523080164,0.6000322489411056,0.328497126662385,green,False
176.2,3772.503330581,OBSTACLE_WAIT,8.852494497121867,8.76914271745221,0.4426414084082526,1.5738673273146118e-06,0.0,0.0,0.029785457416588293,-0.38131411383379515,0.5991417582815933,0.337031397061656,green,False
176.3,3772.603642871,OBSTACLE_WAIT,8.852494604138425,8.769142822788652,0.4426414272968063,1.5736811931220222e-06,0.0,0.0,0.0297903976165972,-0.3815118204045428,0.6000490659429023,0.32172338683856466,green,False
176.5,3772.802646754,OBSTACLE_WAIT,8.852494925112365,8.769143138723251,0.4426414839501399,1.5731256222859617e-06,0.0,0.0,0.029884828196132487,-0.38216313523080164,0.6000322489411056,0.2959919135968321,green,False
176.7,3773.053007884,OBSTACLE_WAIT,8.852495299439356,8.769143507172895,0.4426415500224924,1.5724831975615849e-06,0.0,0.0,0.029846090487113286,-0.38302400276681636,0.6001424471933949,0.350517476463549,green,False
176.8,3773.152971747,OBSTACLE_WAIT,8.852495406361912,8.76914361241658,0.44264156889575207,1.5723007825493278e-06,0.0,0.0,0.029884828196132487,-0.38216313523080164,0.6000322489411056,0.3302380795386581,green,False
177.0,3773.352569183,OBSTACLE_WAIT,8.852495727087343,8.769143928105873,0.44264162550910763,1.5721279220712543e-06,0.0,0.0,0.029846090487113286,-0.38302400276681636,0.6001424471933949,0.31330831546863286,green,False
177.2,3773.602682049,OBSTACLE_WAIT,8.852496047791373,8.769144243773823,0.44264168212023963,1.5720297772423796e-06,0.0,0.0,0.029899693824818954,-0.3842846104644829,0.599343488932484,0.3202779405058832,green,False
177.3,3773.704664231,OBSTACLE_WAIT,8.8524962081359,8.769144401600323,0.44264171042506534,1.5719809375431333e-06,0.0,0.0,0.029884828196132487,-0.38216313523080164,0.6000322489411056,0.31135891767447593,green,False
177.5,3773.902810487,OBSTACLE_WAIT,8.852496528810068,8.769144717238461,0.4426417670332538,1.5718840678891886e-06,0.0,0.0,0.029884828196132487,-0.38216313523080164,0.6000322489411056,0.313411065532197,green,False
177.7,3774.153884482,OBSTACLE_WAIT,8.85249684946454,8.769145032856935,0.44264182363951804,1.5717876579216963e-06,0.0,0.0,0.029884828196132487,-0.38216313523080164,0.6000322489411056,0.33009271882603114,green,False
177.8,3774.252940252,OBSTACLE_WAIT,8.852497009784447,8.769145190658854,0.4426418519419374,1.5717400915795418e-06,0.0,0.0,0.029884828196132487,-0.38216313523080164,0.6000322489411056,0.31088799573543807,green,False
178.0,3774.453387775,OBSTACLE_WAIT,8.852497276973475,8.76914545365125,0.4426418991115916,1.5716609215919953e-06,0.0,0.0,0.029846090487113286,-0.38302400276681636,0.6001424471933949,0.29035227750722337,green,False
178.2,3774.703699267,OBSTACLE_WAIT,8.852497651015595,8.769145821818114,0.4426419651469432,1.5715507714439502e-06,0.0,0.0,0.029705892465739472,-0.382786391427035,0.5984745107410037,0.3129910974067488,green,False
178.3,3774.803800181,OBSTACLE_WAIT,8.852497811311375,8.769145979595937,0.44264199344704536,1.5715042083489572e-06,0.0,0.0,0.029785457416588293,-0.38131411383379515,0.5991417582815933,0.3130734115941425,green,False
178.5,3775.002996762,OBSTACLE_WAIT,8.852498078460426,8.769146242548404,0.4426420406128772,1.5714264306082798e-06,0.0,0.0,0.029846090487113286,-0.38302400276681636,0.6001424471933949,0.32091220943300297,green,False
178.7,3775.253513162,OBSTACLE_WAIT,8.852498399021943,8.769146558074038,0.44264209721023606,1.5713340992792058e-06,0.0,0.0,0.029846090487113286,-0.38302400276681636,0.6001424471933949,0.33639960692361676,green,False
178.8,3775.402449758,OBSTACLE_WAIT,8.852498612719183,8.76914676841403,0.4426421349408291,1.571272888736496e-06,0.0,0.0,0.029884828196132487,-0.38216313523080164,0.6000322489411056,0.29598503950943134,green,False
179.0,3775.652773094,OBSTACLE_WAIT,8.852498933249505,8.769147083908495,0.4426421915352689,1.571181875555469e-06,0.0,0.0,0.029846090487113286,-0.38302400276681636,0.6001424471933949,0.31221151636362515,green,False
179.2,3775.853609446,OBSTACLE_WAIT,8.852499200343951,8.769147346806403,0.4426422386959896,1.5711064274580513e-06,0.0,0.0,0.029846090487113286,-0.38302400276681636,0.6001424471933949,0.3278048113491271,green,False
179.3,3775.952644209,OBSTACLE_WAIT,8.852499307178151,8.769147451961988,0.4426422575599477,1.5710765046056567e-06,0.0,0.0,0.029785457416588293,-0.38131411383379515,0.5991417582815933,0.3248947314741636,green,False
179.5,3776.202861083,OBSTACLE_WAIT,8.852499681081847,8.769147819990545,0.4426423235823339,1.570972107687936e-06,0.0,0.0,0.029785457416588293,-0.38131411383379515,0.5991417582815933,0.32854172988097885,green,False
179.7,3776.402807887,OBSTACLE_WAIT,8.852500001551054,8.769148135423926,0.44264238017115914,1.5708833891660494e-06,0.0,0.0,0.029884828196132487,-0.38216313523080164,0.6000322489411056,0.3463007697143692,green,False
179.8,3776.502983378,OBSTACLE_WAIT,8.852500108370114,8.769148240564379,0.44264239903373803,1.5708540847328116e-06,0.0,0.0,0.02976652553626448,-0.3844942549891489,0.5994892346659038,0.32776503045906397,green,False
180.0,3776.752649686,OBSTACLE_WAIT,8.852500482221142,8.76914860854028,0.4426424650513553,1.5707518251748931e-06,0.0,0.0,0.02976652553626448,-0.3844942549891489,0.5994892346659038,0.3299296753515057,green,False
180.2,3776.952741438,OBSTACLE_WAIT,8.852500749242758,8.769148871365378,0.44264251220547063,1.5706794410581527e-06,0.0,0.0,0.029800323045274732,-0.38343703885894326,0.5984529069365228,0.3255319999836228,green,False
180.3,3777.102925386,OBSTACLE_WAIT,8.852500962851217,8.769149081616622,0.44264254992797986,1.5706219044108752e-06,0.0,0.0,0.029884828196132487,-0.38216313523080164,0.6000322489411056,0.32513328970220273,green,False
180.5,3777.303332477,OBSTACLE_WAIT,8.852501229850814,8.7691493444197,0.4426425970801488,1.5705504248514907e-06,0.0,0.0,0.02976652553626448,-0.3844942549891489,0.5994892346659038,0.3114600372160052,green,False
180.7,3777.503146628,OBSTACLE_WAIT,8.852501496838299,8.769149607210664,0.44264264423125776,1.5704793493750007e-06,0.0,0.0,0.029884828196132487,-0.38216313523080164,0.6000322489411056,0.32307495665977576,green,False
180.8,3777.652634399,OBSTACLE_WAIT,8.852501710419622,8.769149817434766,0.44264268195139095,1.5704228728828798e-06,0.0,0.0,0.029846090487113286,-0.38302400276681636,0.6001424471933949,0.3317007785557696,green,False
181.0,3777.853144929,OBSTACLE_WAIT,8.852502030777258,8.769150132756563,0.4426427385303518,1.5703387641586508e-06,0.0,0.0,0.029899693824818954,-0.3842846104644829,0.599343488932484,0.32131805829531096,green,False
181.2,3778.102708794,OBSTACLE_WAIT,8.852502351117819,8.769150448061275,0.4426427951078499,1.5702554966863141e-06,0.0,0.0,0.029785457416588293,-0.38131411383379515,0.5991417582815933,0.2943487910504071,green,False
181.3,3778.202585228,OBSTACLE_WAIT,8.852502457894236,8.769150553159074,0.442642813966695,1.5702277805928256e-06,0.0,0.0,0.029761585336255503,-0.3842970228873556,0.598581085948096,0.31194286196589766,green,False
181.5,3778.452728783,OBSTACLE_WAIT,8.852502778212232,8.769150868441205,0.4426428705422787,1.5701452641273053e-06,0.0,0.0,0.029860956115799725,-0.3851440053720239,0.5994715932659886,0.3330360458302313,green,False
181.7,3778.704712475,OBSTACLE_WAIT,8.85250315189539,8.769151236249167,0.4426429365453514,1.57004988753485e-06,0.0,0.0,0.029785457416588293,-0.38131411383379515,0.5991417582815933,0.3072464950219906,green,False
181.8,3778.803264945,OBSTACLE_WAIT,8.852503258657848,8.769151341332993,0.4426429554030259,1.5700226983222088e-06,0.0,0.0,0.029785457416588293,-0.38131411383379515,0.5991417582815933,0.34547369347087276,green,False
182.0,3779.053011517,OBSTACLE_WAIT,8.85250357893421,8.769151656573447,0.44264301197514,1.5699418848708938e-06,0.0,0.0,0.029884828196132487,-0.38216313523080164,0.6000322489411056,0.34266300152648915,green,False
182.2,3779.256516396,OBSTACLE_WAIT,8.852503899194158,8.769151971797468,0.44264306854590835,1.5698619074812528e-06,0.0,0.0,0.029746719707569078,-0.3821755689044438,0.5992521373958642,0.3057314969755267,green,False
182.3,3779.402850392,OBSTACLE_WAIT,8.852504112691745,8.769152181937757,0.4426431062590183,1.5698088773143175e-06,0.0,0.0,0.029746719707569078,-0.3821755689044438,0.5992521373958642,0.306248495690743,green,False
182.5,3779.603063484,OBSTACLE_WAIT,8.852504379553617,8.769152444602991,0.4426431533995915,1.5697430311947118e-06,0.0,0.0,0.02980526324528368,-0.383634408053775,0.5993588825310607,0.3270284394228831,green,False
182.7,3779.853426007,OBSTACLE_WAIT,8.852504699773128,8.769152759786513,0.4426432099671006,1.5696645194480668e-06,0.0,0.0,0.029846090487113286,-0.38302400276681636,0.6001424471933949,0.3498627557573499,green,False
182.8,3779.952706414,OBSTACLE_WAIT,8.852504859876897,8.769152917372276,0.44264323825038043,1.5696253905521316e-06,0.0,0.0,0.029846090487113286,-0.38302400276681636,0.6001424471933949,0.33158760721361474,green,False
183.0,3780.202879106,OBSTACLE_WAIT,8.852505180072388,8.769153232531737,0.4426432948159764,1.569537687906248e-06,0.0,0.0,0.029899693824818954,-0.3842846104644829,0.599343488932484,0.3300782020349047,green,False
183.2,3780.40464456,OBSTACLE_WAIT,8.852505446884388,8.769153495147108,0.4426433419520559,1.5694280875845447e-06,0.0,0.0,0.02976652553626448,-0.3844942549891489,0.5994892346659038,0.322596694505595,green,False
183.3,3780.55293498,OBSTACLE_WAIT,8.852505660320636,8.769153705226124,0.44264337965933664,1.5693410647124115e-06,0.0,0.0,0.029899693824818954,-0.3842846104644829,0.599343488932484,0.33649149198736567,green,False
183.5,3780.752683784,OBSTACLE_WAIT,8.852505927099353,8.769153967808387,0.44264342679147756,1.56923285757844e-06,0.0,0.0,0.029884828196132487,-0.38216313523080164,0.6000322489411056,0.3125276215183368,green,False
183.7,3781.002615339,OBSTACLE_WAIT,8.852506300558819,8.769154335392976,0.44264349277285636,1.5690827387250572e-06,0.0,0.0,0.0297903976165972,-0.3815118204045428,0.6000490659429023,0.32523176129524484,green,False
183.8,3781.102792132,OBSTACLE_WAIT,8.852506407254982,8.769154440410635,0.4426435116239113,1.5690402256419866e-06,0.0,0.0,0.029884828196132487,-0.38216313523080164,0.6000322489411056,0.3209444692143659,green,False
184.0,3781.302865014,OBSTACLE_WAIT,8.85250672732613,8.769154755446364,0.4426435681750497,1.5689130993983938e-06,0.0,0.0,0.029751659907578054,-0.38237313875238416,0.6001615212889586,0.30434680331277997,green,False
184.2,3781.553870677,OBSTACLE_WAIT,8.852507100709843,8.769155122955578,0.44264363414757535,1.5687660494219968e-06,0.0,0.0,0.029785457416588293,-0.38131411383379515,0.5991417582815933,0.3016538602953548,green,False
184.3,3781.652994227,OBSTACLE_WAIT,8.852507207384495,8.769155227951831,0.4426436529961239,1.5687243366000943e-06,0.0,0.0,0.029846090487113286,-0.38302400276681636,0.6001424471933949,0.3376200164034589,green,False
184.5,3781.85319787,OBSTACLE_WAIT,8.852507527391474,8.769155542923702,0.4426437095398064,1.5685998445441604e-06,0.0,0.0,0.029860956115799725,-0.3851440053720239,0.5994715932659886,0.33061246279079115,green,False
184.7,3782.052808481,OBSTACLE_WAIT,8.85250779404463,8.769155805381024,0.44264375665731204,1.5684966686298172e-06,0.0,0.0,0.029785457416588293,-0.38131411383379515,0.5991417582815933,0.3362404317818612,green,False
184.8,3782.152370043,OBSTACLE_WAIT,8.852507954027947,8.769155962846884,0.4426437849268192,1.5684268419299036e-06,0.0,0.0,0.029884828196132487,-0.38216313523080164,0.6000322489411056,0.3229877895255837,green,False
185.0,3782.402514848,OBSTACLE_WAIT,8.852508327290339,8.769156330235443,0.44264385088485514,1.5682329070049567e-06,0.0,0.0,0.029884828196132487,-0.38216313523080164,0.6000322489411056,0.32153749601013376,green,False
185.2,3782.653202485,OBSTACLE_WAIT,8.852508647192945,8.769156645103605,0.44264390741552995,1.5680680644695017e-06,0.0,0.0,0.029846090487113286,-0.38302400276681636,0.6001424471933949,0.32954728753111967,green,False
185.3,3782.752897328,OBSTACLE_WAIT,8.852508753820327,8.769156750052884,0.4426439262582277,1.5680544869487797e-06,0.0,0.0,0.029846090487113286,-0.38302400276681636,0.6001424471933949,0.32093730054946285,green,False
185.5,3782.954731393,OBSTACLE_WAIT,8.852509073709816,8.769157064907764,0.44264398278865486,1.5681158087875753e-06,0.0,0.0,0.029884828196132487,-0.38216313523080164,0.6000322489411056,0.33947052851895315,green,False
185.7,3783.202586099,OBSTACLE_WAIT,8.852509446929755,8.769157432253397,0.44264404874552854,1.568185843939536e-06,0.0,0.0,0.0297903976165972,-0.3815118204045428,0.6000490659429023,0.32997244301313444,green,False
185.8,3783.302596909,OBSTACLE_WAIT,8.85250955356708,8.76915753721223,0.4426440675912765,1.5682057590517513e-06,0.0,0.0,0.029846090487113286,-0.38302400276681636,0.6001424471933949,0.32518722166097785,green,False
186.0,3783.502774422,OBSTACLE_WAIT,8.85250987348713,8.769157852096493,0.44264412413098303,1.5682650687701118e-06,0.0,0.0,0.029884828196132487,-0.38216313523080164,0.6000322489411056,0.32615959970981007,green,False
186.2,3783.752898488,OBSTACLE_WAIT,8.852510193419247,8.769158166992357,0.4426441806743717,1.568323937481424e-06,0.0,0.0,0.02980526324528368,-0.383634408053775,0.5993588825310607,0.3091109169449997,green,False
186.3,3783.852945483,OBSTACLE_WAIT,8.852510300065955,8.76915827196021,0.4426441995229832,1.5683433779849445e-06,0.0,0.0,0.0328059006248997,0.4272138946440824,0.7227839154361705,0.3253020865232075,green,False
186.5,3784.103252181,OBSTACLE_WAIT,8.85251067333979,8.769158639357645,0.4426442654963115,1.5684111165161416e-06,0.0,0.0,0.029884828196132487,-0.38216313523080164,0.6000322489411056,0.2955579565028031,green,False
186.7,3784.303154958,OBSTACLE_WAIT,8.852510993301589,8.769158954282029,0.4426443220488177,1.5684687817204973e-06,0.0,0.0,0.029846090487113286,-0.38302400276681636,0.6001424471933949,0.34845368992011894,green,False
186.8,3784.406045979,OBSTACLE_WAIT,8.85251109995813,8.769159059259328,0.4426443409004576,1.5684879024949566e-06,0.0,0.0,0.029846090487113286,-0.38302400276681636,0.6001424471933949,0.3257998401616225,green,False
187.0,3784.652934184,OBSTACLE_WAIT,8.852511473266208,8.769159426689656,0.4426444068843525,1.5685544004296025e-06,0.0,0.0,0.029846090487113286,-0.38302400276681636,0.6001424471933949,0.33337690684436166,green,False
187.2,3784.852645905,OBSTACLE_WAIT,8.85251173992448,8.769159689149154,0.44264445401869984,1.5686014333827968e-06,0.0,0.0,0.029691026837053047,-0.3806623551928901,0.5991648055153025,0.33104870923995217,green,False
187.3,3784.953164915,OBSTACLE_WAIT,8.852511899923273,8.769159846628527,0.44264448230050046,1.568629382957118e-06,0.0,0.0,0.029884828196132487,-0.38216313523080164,0.6000322489411056,0.3182629912757282,green,False
187.5,3785.203145828,OBSTACLE_WAIT,8.852512273264885,8.769160214091052,0.4426445482948322,1.568694530025385e-06,0.0,0.0,0.029785457416588293,-0.38131411383379515,0.5991417582815933,0.3215089606177906,green,False
187.7,3785.402716767,OBSTACLE_WAIT,8.852512539946913,8.769160476573353,0.4426445954365984,1.5687407323893936e-06,0.0,0.0,0.02976652553626448,-0.3844942549891489,0.5994892346659038,0.31217102634931054,green,False
187.8,3785.503063334,OBSTACLE_WAIT,8.852512699959876,8.769160634066326,0.4426446237228351,1.568768189426729e-06,0.0,0.0,0.029884828196132487,-0.38216313523080164,0.6000322489411056,0.31684580648325605,green,False
188.0,3785.752976759,OBSTACLE_WAIT,8.852513019996243,8.769160949062343,0.44264468029831205,1.5688511225422894e-06,0.0,0.0,0.029746719707569078,-0.3821755689044438,0.5992521373958642,0.3224334032658966,green,False
188.2,3785.952542259,OBSTACLE_WAIT,8.852513286707559,8.76916121157293,0.4426447274482596,1.568928673042465e-06,0.0,0.0,0.029846090487113286,-0.38302400276681636,0.6001424471933949,0.3073956892904175,green,False
188.3,3786.053195741,OBSTACLE_WAIT,8.85251344674068,8.769161369085422,0.4426447557398602,1.5689751228332052e-06,0.0,0.0,0.029884828196132487,-0.38216313523080164,0.6000322489411056,0.3203541181410204,green,False
188.5,3786.302800227,OBSTACLE_WAIT,8.852513820169618,8.769161736632332,0.4426448217583331,1.5690825345353889e-06,0.0,0.0,0.0297903976165972,-0.3815118204045428,0.6000490659429023,0.31676787736925516,green,False
188.7,3786.502782392,OBSTACLE_WAIT,8.852514086920165,8.769161999180957,0.44264486891842664,1.5691587119961726e-06,0.0,0.0,0.029800323045274732,-0.38343703885894326,0.5984529069365228,0.3462169613815003,green,False
188.8,3786.60264263,OBSTACLE_WAIT,8.852514246976687,8.769162156716137,0.44264489721609257,1.569203961013665e-06,0.0,0.0,0.029899693824818954,-0.3842846104644829,0.599343488932484,0.3083739168716773,green,False
189.0,3786.852946292,OBSTACLE_WAIT,8.852514620463078,8.769162524318789,0.44264496324921987,1.5693463851486807e-06,0.0,0.0,0.0297903976165972,-0.3815118204045428,0.6000490659429023,0.319246558599524,green,False
189.2,3787.052901485,OBSTACLE_WAIT,8.852514887261467,8.769162786913927,0.44264501042098325,1.569457285567634e-06,0.0,0.0,0.029899693824818954,-0.3842846104644829,0.599343488932484,0.2897327739677849,green,False
189.3,3787.152797086,OBSTACLE_WAIT,8.852515047349536,8.769162944479811,0.4426450387261526,1.5695236065541241e-06,0.0,0.0,0.029800323045274732,-0.38343703885894326,0.5984529069365228,0.3242181797775834,green,False
189.5,3787.402771784,OBSTACLE_WAIT,8.852515367545877,8.769163259631254,0.4426450953412182,1.5696553971259532e-06,0.0,0.0,0.032221750709795605,0.46076348723656896,0.7129647298209405,0.32615376665935986,green,False
189.7,3787.602830793,OBSTACLE_WAIT,8.852515634396608,8.769163522277369,0.44264514252523024,1.5697641992420905e-06,0.0,0.0,0.029884828196132487,-0.38216313523080164,0.6000322489411056,0.3095781158587247,green,False
189.8,3787.702951629,OBSTACLE_WAIT,8.852515794515913,8.769163679873673,0.44264517083771837,1.5698293008173408e-06,0.0,0.0,0.029860956115799725,-0.3851440053720239,0.5994715932659886,0.3453069319922051,green,False
190.0,3787.952495132,OBSTACLE_WAIT,8.852516168153294,8.769164047623375,0.4426452369062276,1.5699800110194767e-06,0.0,0.0,0.029705892465739472,-0.382786391427035,0.5984745107410037,0.3311772006611363,green,False
190.2,3788.152919371,OBSTACLE_WAIT,8.852516488442323,8.769164362865077,0.442645293543068,1.5701078119323705e-06,0.0,0.0,0.029884828196132487,-0.38216313523080164,0.6000322489411056,0.3304399359464902,green,False
190.3,3788.253314797,OBSTACLE_WAIT,8.852516595211119,8.769164467951278,0.44264531242337946,1.5701501979695604e-06,0.0,0.0,0.029785457416588293,-0.38131411383379515,0.5991417582815933,0.32583826161599616,green,False
190.5,3788.50388197,OBSTACLE_WAIT,8.852516915534753,8.769164783226671,0.4426453690683901,1.570276768000717e-06,0.0,0.0,0.029884828196132487,-0.38216313523080164,0.6000322489411056,0.34314962760135853,green,False
190.7,3788.753976011,OBSTACLE_WAIT,8.85251728927814,8.769165151079582,0.4426454351619229,1.570423014483806e-06,0.0,0.0,0.029884828196132487,-0.38216313523080164,0.6000322489411056,0.30962605320654984,green,False
190.8,3788.852719856,OBSTACLE_WAIT,8.85251739606835,8.769165256186628,0.4426454540473023,1.5704646789870575e-06,0.0,0.0,0.029785457416588293,-0.38131411383379515,0.5991417582815933,0.29100232356048555,green,False
191.0,3789.103132814,OBSTACLE_WAIT,8.852517769856235,8.769165624082852,0.4426455201513939,1.5706091342108707e-06,0.0,0.0,0.029800323045274732,-0.38343703885894326,0.5984529069365228,0.33105895569423216,green,False
191.2,3789.304153542,OBSTACLE_WAIT,8.852517983464697,8.769165834324241,0.4426455579288218,1.5706912471429963e-06,0.0,0.0,0.029785457416588293,-0.38131411383379515,0.5991417582815933,0.3410320725222591,green,False
191.3,3789.4526995,OBSTACLE_WAIT,8.852518197084287,8.769166044576458,0.4426455957088985,1.5707726734602994e-06,0.0,0.0,0.029884828196132487,-0.38216313523080164,0.6000322489411056,0.33096830625346524,green,False
191.5,3789.652730596,OBSTACLE_WAIT,8.852518464124316,8.769166307406854,0.4426456429377028,1.5708739646483962e-06,0.0,0.0,0.029899693824818954,-0.3842846104644829,0.599343488932484,0.32479841499756307,green,False
191.7,3789.95288215,OBSTACLE_WAIT,8.852518838009148,8.769166675397424,0.4426457090649138,1.5710147369940588e-06,0.0,0.0,0.029785457416588293,-0.38131411383379515,0.5991417582815933,0.3223034056579765,green,False
191.8,3790.053111839,OBSTACLE_WAIT,8.852518998255718,8.769166833117605,0.4426457374075931,1.571074398191323e-06,0.0,0.0,0.029705892465739472,-0.382786391427035,0.5984745107410037,0.31798437411478886,green,False
192.0,3790.252691995,OBSTACLE_WAIT,8.852519265346857,8.76916709599773,0.4426457846486362,1.5711735157091708e-06,0.0,0.0,0.029751659907578054,-0.38237313875238416,0.6001615212889586,0.3373926170453905,green,False
192.2,3790.502911683,OBSTACLE_WAIT,8.852519639302662,8.76916746405735,0.44264585079287627,1.5713113390414642e-06,0.0,0.0,0.029846090487113286,-0.38302400276681636,0.6001424471933949,0.33845671804070043,green,False
192.3,3790.603098862,OBSTACLE_WAIT,8.852519746153181,8.76916756922308,0.44264586969267694,1.5713505779857861e-06,0.0,0.0,0.029785457416588293,-0.38131411383379515,0.5991417582815933,0.31277695551283574,green,False
192.5,3790.852949786,OBSTACLE_WAIT,8.852520120150876,8.769167937323447,0.44264593584701195,1.5714864822299245e-06,0.0,0.0,0.029846090487113286,-0.38302400276681636,0.6001424471933949,0.3094528917664466,green,False
192.7,3791.052989204,OBSTACLE_WAIT,8.852520387311847,8.7691682002715,0.4426459831048798,1.571582871078604e-06,0.0,0.0,0.029846090487113286,-0.38302400276681636,0.6001424471933949,0.3193429819358389,green,False
192.8,3791.152634946,OBSTACLE_WAIT,8.852520547616272,8.769168358047958,0.4426460114614996,1.5716403617139203e-06,0.0,0.0,0.029846090487113286,-0.38302400276681636,0.6001424471933949,0.3102718486338277,green,False
193.0,3791.352946443,OBSTACLE_WAIT,8.852520814803318,8.76916862102137,0.44264605872568363,1.5717357105375168e-06,0.0,0.0,0.029884828196132487,-0.38216313523080164,0.6000322489411056,0.3072751121859388,green,False
193.2,3791.603283703,OBSTACLE_WAIT,8.852521188892286,8.769168989210504,0.44264612490212446,1.5718683313981486e-06,0.0,0.0,0.029691026837053047,-0.3806623551928901,0.5991648055153025,0.32379748812962283,green,False
193.3,3791.704686869,OBSTACLE_WAIT,8.85252129578062,8.769169094413012,0.442646143811083,1.571905751403813e-06,0.0,0.0,0.029884828196132487,-0.38216313523080164,0.6000322489411056,0.34248944922309205,green,False
193.5,3791.952532875,OBSTACLE_WAIT,8.85252166990984,8.76916946264128,0.4426462099973261,1.5720364062988604e-06,0.0,0.0,0.029785457416588293,-0.38131411383379515,0.5991417582815933,0.33773987816920664,green,False
193.7,3792.153554895,OBSTACLE_WAIT,8.85252193716399,8.76916972567993,0.4426462572778489,1.5721289600084383e-06,0.0,0.0,0.029800323045274732,-0.38343703885894326,0.5984529069365228,0.3298724054044893,green,False
193.8,3792.255911152,OBSTACLE_WAIT,8.852522097524016,8.769169883510449,0.4426462856480064,1.5721842318369512e-06,0.0,0.0,0.029846090487113286,-0.38302400276681636,0.6001424471933949,0.31994332058357944,green,False
194.0,3792.452853949,OBSTACLE_WAIT,8.852522418260927,8.769170199187869,0.44264634239245265,1.5722943621381278e-06,0.0,0.0,0.029884828196132487,-0.38216313523080164,0.6000322489411056,0.32960424877495237,green,False
194.2,3792.703600255,OBSTACLE_WAIT,8.852522739020163,8.769170514886987,0.4426463991423786,1.5724032832518935e-06,0.0,0.0,0.029761585336255503,-0.3842970228873556,0.598581085948096,0.31055477138224497,green,False
