sim_time,wall_time,state,distance_odom_m,x_odom,y_odom,speed_measured,command_v,command_w,lane_lateral_est_m,lane_heading_est_rad,lane_confidence,front_m,light,stop
0.0,3349.742038305,WAIT_SENSORS,0.0,0.0,0.0,0.0,0.0,0.0,0.0,0.0,0.0,nan,unknown,False
6.3,3349.819416249,FOLLOW,9.115866522811608e-08,3.326696546250785e-05,1.1146052044450636e-10,1.3405686736518044e-06,0.07984537793422904,0.04744648219737294,0.04165411729645392,0.1301102379100955,0.8818094227653259,inf,unknown,True
6.4,3349.917847886,FOLLOW,0.0011150540681086553,0.0011482298680334255,1.2390639437039636e-07,0.03401197557217015,0.07984537793422904,0.04744648219737294,0.04165411729645392,0.1301102379100955,0.8818094227653259,inf,unknown,True
6.6,3350.16823079,FOLLOW,0.014239595932852823,0.01427269668163578,3.58303927625907e-05,0.07995204167416664,0.08091357074915978,0.046630215719551185,0.04053201718610959,0.12490322552371,0.8848290473932268,inf,unknown,True
6.7,3350.370157623,FOLLOW,0.027971742218383062,0.028004067898892152,0.00017852559920192976,0.08099392363188375,0.08074713774076597,0.04540389002235061,0.03920402199899382,0.12383152850121439,0.8812061788509069,inf,unknown,True
6.9,3350.56751505,FOLLOW,0.0417742870183556,0.0418043184912486,0.0004284287282085704,0.08175366137380337,0.08224609684136679,0.04332076178974324,0.036773106516853324,0.11501191340406867,0.8824524938393465,inf,unknown,True
7.1,3350.8182875,FOLLOW,0.058590313766317854,0.058614482251946876,0.0008704963555172765,0.08324488949873045,0.08337797809752816,0.043400348430300564,0.03642786699026344,0.11297536781802002,0.8910593538021317,1.5873071423025744,unknown,True
7.2,3350.928793136,FOLLOW,0.064250978063392,0.06427226424784604,0.0010510730223516516,0.08324524615376772,0.08374424047307101,0.04214280576710557,0.03499479119841879,0.11040266786129234,0.8904850782390221,1.5873071423025744,unknown,True
7.4,3351.267530342,FOLLOW,0.0813250374587109,0.08133420495260876,0.001692912713027967,0.08382211747445749,0.08416016736612582,0.0412486089319518,0.03402932037779741,0.10767520377495565,0.8901256274444229,1.558827649116516,unknown,True
7.6,3351.518281921,FOLLOW,0.098563076470755,0.09855396234218397,0.0024855718142328424,0.0850494467011653,0.08497369670342513,0.03995434067636202,0.03225962868733041,0.10555876370248829,0.8949832719294544,1.542764793395996,unknown,True
7.7,3351.81867393,FOLLOW,0.10723813688134697,0.10721725505118614,0.00293717167470309,0.08504978151050768,0.08497369670342513,0.03995434067636202,0.03225962868733041,0.10555876370248829,0.8949832719294544,1.5404479264995796,unknown,True
7.9,3352.068549521,FOLLOW,0.12197292701079618,0.12192768918281909,0.0037835701725151476,0.08919248177847913,0.0905304371424164,0.03674097242658498,0.03202188048246582,0.0627043510515891,0.8726838993416347,inf,unknown,True
8.2,3352.567773242,FOLLOW,0.15263155793824743,0.15251698613297174,0.005841940831281229,0.09059884510467157,0.0905304371424164,0.03674097242658498,0.03202188048246582,0.0627043510515891,0.8726838993416347,1.540250821244053,unknown,True
8.3,3352.768788722,FOLLOW,0.1618726368802476,0.16173189111572725,0.0065369071509149435,0.09059877987182748,0.09939803897916274,0.03252414726495074,0.03020848132199844,0.02068502333015517,0.8711513822275156,inf,unknown,True
8.5,3352.968759298,FOLLOW,0.17850477306152662,0.178310730507765,0.00786708433471322,0.10057642587011521,0.10051692817276134,0.029999547803310864,0.028078415244302993,0.015181690195883755,0.8694330860846937,1.467500543627677,unknown,True
8.7,3353.268449969,FOLLOW,0.19908536217623143,0.19881566586686816,0.009629757958066329,0.10250298297119063,0.10244903442569382,0.02576653707618585,0.024729040817480535,0.005453311803424741,0.8653812562283466,1.4465591739379002,unknown,True
8.8,3353.418269892,FOLLOW,0.21302574291762627,0.21269909964701691,0.010888446193998933,0.10250285456461801,0.10331191330272424,0.023523359302180708,0.02323941169640363,-0.0008313860014290514,0.8627220291581339,inf,unknown,True
9.0,3353.618099682,FOLLOW,0.23046191235086227,0.2300581079512131,0.012526886061998829,0.10134654114085523,0.0986724683665029,0.015350447952407864,0.01842610908717187,-0.01770034333217755,0.8586567482108687,inf,unknown,True
9.2,3353.869410867,FOLLOW,0.25078197686916,0.2502811430694668,0.014510187422412987,0.09871314604393411,0.0986724683665029,0.015350447952407864,0.01842610908717187,-0.01770034333217755,0.8586567482108687,1.4072974927730622,unknown,True
9.3,3353.967883175,FOLLOW,0.2608507299856077,0.2602994107819165,0.015517204201074957,0.09871338522025085,0.09661945425768376,0.01039731223924045,0.017078524825103046,-0.041153552373553524,0.8880003223785677,1.3739514280056162,unknown,True
9.5,3354.168063393,FOLLOW,0.2773547108485409,0.27671759238029675,0.017197864864521947,0.09665412720418945,0.09538796612694807,0.00718158240191255,0.014907970039100528,-0.04851428451235358,0.8913096953857652,1.3747828151808499,unknown,True
9.7,3354.417884341,FOLLOW,0.300108010076083,0.299348189140013,0.019557648849883816,0.09541864817501701,0.09444004962613615,0.003685441197882233,0.012261453905789758,-0.05534313203054942,0.8958880830392781,inf,unknown,True
9.8,3354.517952684,FOLLOW,0.3065653946597156,0.30577000894618,0.020234439549691823,0.09446632122617526,0.09394809939932937,0.0025369462789749686,0.011641577353700291,-0.059312693404683745,0.898990720319936,inf,unknown,True
10.0,3354.769035253,FOLLOW,0.3257652472395802,0.32486310321574663,0.022256339532115987,0.0938254807739827,0.09351178147916724,7.702912683350648e-05,0.009685253180047159,-0.06392511442283436,0.9038013317209531,inf,unknown,True
10.2,3355.017488439,FOLLOW,0.3481084080921848,0.3470813749729797,0.024615414914559375,0.09424762859877188,0.07676775766322082,-0.005589753863607944,0.010968793659459637,-0.1216836552116752,0.8343434254198568,inf,unknown,True
10.3,3355.118394341,FOLLOW,0.353474905433205,0.35241776432505073,0.02518307591511093,0.06255068172844559,0.07676775766322082,-0.005589753863607944,0.010968793659459637,-0.1216836552116752,0.8343434254198568,inf,unknown,True
10.5,3355.317365001,FOLLOW,0.3691064458612161,0.3679604936827031,0.02684698614260242,0.07678073508822551,0.07636520836489634,-0.00797318642869382,0.008708546117515141,-0.12787021782825028,0.8398108161266156,inf,unknown,True
10.7,3355.568079352,FOLLOW,0.38470128495462347,0.38346879621635804,0.028487569068101307,0.07637473955008384,0.07625512511943457,-0.008931407487886114,0.007759339255797741,-0.13010441166559766,0.8421495466234249,inf,unknown,True
10.8,3355.718510583,FOLLOW,0.3950770404861413,0.39378842857616264,0.029565288676717934,0.07626322222165105,0.076343505248295,-0.009309955285428079,0.0071944403431813755,-0.12960939393818657,0.842338282201381,inf,unknown,True
11.0,3355.917711185,FOLLOW,0.4080626857172824,0.4067056465315488,0.030896615158271662,0.0765368266289325,0.07653011769639674,-0.00988685955709777,0.006379393531334959,-0.12908398672074925,0.8435595786462032,inf,unknown,True
11.2,3356.118668876,FOLLOW,0.42267044464988746,0.4212390856225656,0.03236824074150227,0.06654220338793133,0.06897524025875855,-0.014658788434363633,0.006662270409968751,-0.1860215014701802,0.8421036220980023,inf,unknown,True
11.3,3356.217909712,FOLLOW,0.42727484118411346,0.4258208911790083,0.03282378876522253,0.06897542099387372,0.06897524025875855,-0.014658788434363633,0.006662270409968751,-0.1860215014701802,0.8421036220980023,inf,unknown,True
11.5,3356.467880208,FOLLOW,0.4440057298747615,0.4424732709705579,0.03444262427091298,0.0721014865250425,0.07565236772204165,-0.012752433926569533,0.0035675443334571774,-0.13686886480806432,0.8461541828953073,inf,unknown,True
11.7,3356.719340624,FOLLOW,0.45691689293310106,0.4553271588052827,0.03565738350971551,0.07732193413158717,0.05949818015217366,-0.021012916852049018,0.006130764381218665,-0.27373692721671566,0.8351275223065013,1.1908131991909385,unknown,True
11.8,3356.817868705,FOLLOW,0.46480373885996,0.46318021187804403,0.036386691145087045,0.07732207676724355,0.05949818015217366,-0.021012916852049018,0.006130764381218665,-0.27373692721671566,0.8351275223065013,1.1652157581163887,unknown,True
12.0,3357.068193902,FOLLOW,0.47864263376919963,0.47696369660715726,0.037623699204955126,0.0594628063537167,0.06458116566285681,-0.022341185040864412,0.004966976592422262,-0.26189769131777374,0.8905442594761586,1.1700616086626,unknown,True
12.2,3357.26877016,FOLLOW,0.4892948622681436,0.4875772780182369,0.03853018772855901,0.05979948744443268,0.061388887550215446,-0.024383550657213645,0.0018926558140539562,-0.2756983455493102,0.864174369849859,1.157592705428485,unknown,True
12.3,3357.367998172,FOLLOW,0.49544593192356684,0.4937077838996912,0.03903271814997741,0.06137624841311173,0.061388887550215446,-0.024383550657213645,0.0018926558140539562,-0.2756983455493102,0.864174369849859,inf,unknown,True
12.5,3357.568466046,FOLLOW,0.5081117450354016,0.5063349616984938,0.04002110621180147,0.06281699846122385,0.06251863097054962,-0.018053239511038495,-0.0020538461208394407,-0.1800821673372215,0.7555404781740076,inf,red,True
12.7,3357.817152737,FOLLOW,0.5208661760839255,0.5190546271432219,0.04096208615891752,0.06223483143863724,0.06223941428086237,-0.018380062838322213,-0.004371380204384337,-0.16944076963684288,0.7383679160383454,1.1431857370859477,red,True
12.8,3357.970132002,FOLLOW,0.5286245202052764,0.5267935101641373,0.04151123394494544,0.040613040044019055,0.05640798191709778,-0.0038176552952170714,-0.025156786168419272,0.12141755680562233,0.6127523357406011,1.1180753198219646,red,True
13.0,3358.117764803,FOLLOW,0.5357398835861438,0.5338923387354815,0.04199602639658375,0.056422671667185176,0.05390719999738758,-0.0020510499366028956,-0.025629116509377915,0.14416941474080408,0.6111385306852891,1.0989083981768015,red,True
13.2,3358.368072061,FOLLOW,0.5480728106087792,0.5461970200285462,0.042830236522527106,0.048917287858810846,0.04124917674620013,0.010821826247582277,-0.034857512707694105,0.38917665311278216,0.6781851510046628,1.0918341922438388,red,True
13.3,3358.467732355,FOLLOW,0.5511491212839197,0.5492662361824622,0.04303904136502433,0.04128263518502001,0.04124917674620013,0.010821826247582277,-0.034857512707694105,0.38917665311278216,0.6781851510046628,1.0887597608808266,red,True
13.5,3358.6676238,FOLLOW,0.559455799470361,0.5575529278635616,0.04361489804734289,0.04014052898670407,0.03945169179348314,0.013690330178137729,-0.035274521952670224,0.4400521689688706,0.690447484595977,1.096835191022636,red,True
13.7,3358.917794714,FOLLOW,0.567485668766509,0.5655619492589237,0.04419311316409086,0.03922341706992783,0.039243482591398524,0.016205030541826187,-0.034733505099191264,0.4737850472437187,0.7143826727111087,inf,red,True
13.8,3359.017850719,FOLLOW,0.5714904956165209,0.5695557118522269,0.04449059479918918,0.03928427713196759,0.039243482591398524,0.016205030541826187,-0.034733505099191264,0.4737850472437187,0.7143826727111087,inf,red,True
14.0,3359.218385688,FOLLOW,0.5795651600140077,0.5776065232939936,0.045110736806928585,0.03988707870503362,0.03575087411355814,0.017225232866027125,-0.04538951925406104,0.5634279492511088,0.7175706527324973,inf,red,True
14.2,3359.467350878,FOLLOW,0.5882821491389867,0.5862951276350089,0.045813548628973175,0.036597554295906894,0.036548596634859126,0.018589471954791173,-0.041885369128537686,0.560161616797488,0.7310949924292828,1.056149901239972,red,True
14.3,3359.567962776,FOLLOW,0.5907706893146973,0.5887750055542706,0.04602100250850427,0.036594802267195595,0.03663700263119844,0.01948096018556323,-0.03981806605303673,0.5619438996590681,0.7342237746432203,1.045904497479091,red,True
14.5,3359.817586973,FOLLOW,0.5995389847989222,0.5975106019705418,0.046777458229965416,0.03695159531677532,0.036897530666712586,0.020979472655533467,-0.03654608656040145,0.5649972664704548,0.7417920048518213,1.060744847825497,red,True
14.7,3360.017724372,FOLLOW,0.6050775712236525,0.6030266216301943,0.04727689982778999,0.029573590023391584,0.029537159665288467,0.018778272475481913,-0.03107274211000463,0.5731649898407812,0.5988443684499164,inf,red,True
14.8,3360.180901164,FOLLOW,0.6080951590186549,0.6060312186706915,0.04755659688685284,0.029590192199283893,0.04284104879360254,0.026925772184384234,-0.022587042020640574,0.5283193732566472,0.8285453242861365,inf,red,True
15.0,3360.418685789,FOLLOW,0.6157614781093019,0.6136628662029567,0.048284851906129495,0.042980471515580605,0.042988825325355265,0.02936026205003442,-0.01871336291275008,0.5383554719659489,0.8403916557799058,1.0329790077061993,red,True
15.2,3360.617669702,FOLLOW,0.6245420927784737,0.6223995886521467,0.04916158481444228,0.04305578281758237,0.04403610322951584,0.031721989169737896,-0.013795427635527824,0.5342996435799856,0.8571440739997521,1.0099703814931047,red,True
15.3,3360.768237555,FOLLOW,0.6305033855010598,0.6283280408718656,0.04978641809927567,0.04410650073731761,0.04436615448823896,0.03252924262784461,-0.012037923882255191,0.5326027501359843,0.8619999518477,inf,red,True
15.5,3360.967434666,FOLLOW,0.6380852768643347,0.6358642214272919,0.05061763334355227,0.04485707567878056,0.04512275508926634,0.03535067921227168,-0.006720814195176061,0.5338960223160443,0.8779158644543099,inf,red,True
15.7,3361.167958871,FOLLOW,0.647305028451922,0.6450218164762193,0.0516862421294902,0.045367169444808016,0.04529110238310942,0.0359403517673832,-0.0054755792909385315,0.533333589764452,0.8806605660753508,0.9910363361902257,red,True
15.8,3361.31814262,FOLLOW,0.6519500445275165,0.649632554890285,0.052249486648268874,0.04590766723883142,0.04583132687968615,0.036691815452246763,-0.003549693331141579,0.5277006594638862,0.885786503549787,0.9927647780624,red,True
16.0,3361.518151669,FOLLOW,0.6612602121103872,0.658867603464947,0.05342961406823714,0.04536146310863667,0.04885963562197819,0.04220080375387963,0.007374276533524682,0.5087378348970188,0.9250124893536191,inf,red,True
16.1,3361.667658573,FOLLOW,0.6677900270031033,0.6653391697844653,0.05429979188933121,0.04894532259721413,0.04914022665098798,0.04309276594590798,0.008609080344483822,0.5101625905098072,0.9317832497271309,0.9683184846068793,red,True
16.3,3361.867865601,FOLLOW,0.6761488327006316,0.6736161441110693,0.05546642747925959,0.049229618955596625,0.05032035664601807,0.046054127763363574,0.013729862868042925,0.5066172811677918,0.9504438527043025,inf,red,True
16.5,3362.118418405,FOLLOW,0.6864698104374166,0.6838238080628707,0.05699136132654759,0.05099036850139014,0.050882678840408334,0.0478032242332872,0.01775247382911979,0.5005294685575062,0.9546114944778163,0.9557819502840703,red,True
16.6,3362.218194613,FOLLOW,0.6916696119813331,0.6889609456577201,0.05779616389528647,0.05097456733362504,0.05171199703878765,0.0494871321513073,0.020764470968867077,0.4956167026582091,0.9648776724114596,0.9493569493070719,red,True
16.8,3362.467777957,FOLLOW,0.7022399763961691,0.6993914828654528,0.05950951615766862,0.052285831114802984,0.052268441059627996,0.05128262330171614,0.02407616838437368,0.49329352117131736,0.9727304116727199,0.9316582280262824,red,True
17.0,3362.667566381,FOLLOW,0.7111356263794552,0.7081555197687538,0.061033907678319003,0.05235599720667205,0.053040890408395915,0.053509229040940694,0.027979709320522295,0.49022284507265895,0.9837127575947775,inf,red,True
17.1,3362.817621961,FOLLOW,0.7183417205655056,0.7152449392235749,0.062325306842665094,0.05255952038586835,0.05246976789802919,0.05323050695027227,0.028814946730321978,0.48942756998744275,0.9722512116531091,0.909813782299,red,True
17.3,3363.067916904,FOLLOW,0.7290961565420289,0.7258072712938518,0.06434864912979478,0.05288044637295365,0.05327764875902044,0.05564201040627658,0.03437386424722173,0.4793026413461124,0.9759828599691063,inf,red,True
17.5,3363.270935008,FOLLOW,0.740024524469733,0.7365167625300686,0.0665245995171505,0.05399453697150207,0.054307915510852095,0.05762619927878783,0.03915552457460375,0.4648294555722342,0.978480937594023,inf,red,True
17.6,3363.368150101,FOLLOW,0.7436961445692193,0.7401091491233378,0.0672832430858418,0.05399430678722322,0.054307915510852095,0.05762619927878783,0.03915552457460375,0.4648294555722342,0.978480937594023,inf,red,True
17.8,3363.568462809,FOLLOW,0.7528999106402711,0.7491010945607506,0.06924629690536661,0.053742081140227875,0.05506918289546597,0.0597615149993655,0.04360824751169182,0.45691148929882497,0.9831128235296485,inf,red,True
18.0,3363.818349396,FOLLOW,0.7659834743354439,0.7618492079687637,0.0721894981859602,0.055211471348598704,0.05511639805593784,0.05990604862756985,0.044177448593539614,0.45498015462871766,0.9817380527592438,inf,red,True
18.1,3363.918112913,FOLLOW,0.7697378458039018,0.7654994796489243,0.07306745440853553,0.0552112427278626,0.056236527445155435,0.06234151867814113,0.04879184872557836,0.44462091073060106,0.9895530630636172,inf,red,True
18.3,3364.16793533,FOLLOW,0.7812036193809094,0.7766244735094487,0.07584175778381509,0.056745346188370335,0.056647753588358885,0.06296646140784741,0.050655092124971976,0.4364972620927644,0.9872018912576622,2.999937749929303,red,True
18.5,3364.419487129,FOLLOW,0.7927535822883467,0.7877944949778612,0.07877952373057498,0.05648608352399084,0.05751092025527194,0.06482055211464871,0.05524681035388429,0.4219717808697954,0.9848406987851389,inf,red,True
18.6,3364.518300839,FOLLOW,0.798589965319685,0.7934241982944686,0.08031890619228606,0.05760932431218902,0.05791098482539231,0.06561489448371603,0.05748144109175152,0.41370076958656726,0.9817127691653698,2.9768740506274454,red,True
18.8,3364.767958332,FOLLOW,0.812415231069463,0.8067183687621418,0.08411352910454682,0.05902668495129782,0.05892745219990129,0.06665632724406059,0.05896298402321076,0.40405685212723186,0.9871046191610532,inf,red,True
19.0,3364.967598756,FOLLOW,0.8225448271701992,0.8164201760013471,0.08702601329133779,0.05997166294840804,0.0607150337538037,0.06898439973824678,0.06375165110494167,0.3804308824399627,0.9871643202052738,inf,red,True
19.1,3365.118115761,FOLLOW,0.830787259970326,0.8242893153548967,0.08947833398035232,0.06083782476012344,0.062038369214495404,0.0705026340944664,0.06548631252701426,0.3705948677805183,0.9959676858783972,2.952977023130093,red,True
19.3,3365.31801256,FOLLOW,0.8413852760273299,0.8343729477975441,0.09273977470888008,0.06265387404494267,0.06302447275986776,0.07156541254635368,0.0676604813843162,0.3572598068133901,0.9942895847219424,inf,red,True
19.5,3365.517704531,FOLLOW,0.8521309273297502,0.8445561822854993,0.09617042782268806,0.06398486721959816,0.0645200744071328,0.07311754340229534,0.069934985269297,0.342189436825718,0.9976274518371524,inf,red,True
19.6,3365.667614227,FOLLOW,0.8608788704856137,0.8528148632454872,0.09905488783033162,0.06465505951768132,0.0645200744071328,0.07311754340229534,0.069934985269297,0.342189436825718,0.9976274518371524,inf,red,True
19.8,3365.868119116,FOLLOW,0.8718704607875569,0.8631505026001566,0.10279495719809371,0.06465616715854762,0.06588095707836583,0.07421362600093129,0.07208316672602122,0.3243071078906688,0.9941259476354258,inf,red,True
20.0,3366.118691244,FOLLOW,0.8874865846171578,0.8777529837997707,0.10832891482897139,0.06602215956013816,0.06588095707836583,0.07421362600093129,0.07208316672602122,0.3243071078906688,0.9941259476354258,inf,red,True
20.1,3366.268449895,FOLLOW,0.8942208800244305,0.8840196923764114,0.1107944584790231,0.06602239601937644,0.06941913975271982,0.07393942726006891,0.07574961147374883,0.25512071880374637,0.947456598615407,inf,red,True
20.3,3366.518544109,FOLLOW,0.905915338123693,0.8948581032835708,0.11518620920488581,0.06951458597153283,0.0703493328522404,0.07366417768104438,0.07632626756435203,0.23769077383190823,0.9346066771896598,inf,red,True
20.3,3366.568502388,STOP_HOLD,0.9082801860264061,0.8970431163658911,0.11609076624181397,0.06956245521414935,0.0,0.0,0.0772776371296782,0.21369458705772343,0.9146200964051239,inf,red,True
20.5,3366.767959423,STOP_HOLD,0.9134346558362039,0.9017937886852793,0.11807966708752578,4.6321490031613316e-05,0.0,0.0,0.0785553691652002,0.18104934898432595,0.8807367558038406,inf,red,True
20.6,3366.868871374,STOP_HOLD,0.9134357963568585,0.9017927381317977,0.11807922310020007,9.731232143631096e-06,0.0,0.0,0.07919355936464186,0.1590909606187096,0.864054821073184,inf,red,True
20.8,3367.167805432,STOP_HOLD,0.9134381098760989,0.9017906072083756,0.11807832224691837,9.659533715771661e-06,0.0,0.0,0.07914681182451608,0.1589048222829299,0.8650358968550622,inf,green,True
21.0,3367.367494947,STOP_HOLD,0.9134400723326388,0.9017887997399565,0.11807755785593144,9.552167281289817e-06,0.0,0.0,0.0792013990542113,0.15700651581305794,0.8627760191902296,inf,green,True
21.1,3367.46830807,STOP_HOLD,0.9134406124646668,0.9017883022816398,0.11807734743295097,6.954109299354648e-06,0.0,0.0,0.0792013990542113,0.15700651581305794,0.8627760191902296,inf,green,True
21.3,3367.717837438,STOP_HOLD,0.9134436296146901,0.9017907523395159,0.11807838405006883,1.6839115091129802e-05,0.0,0.0,0.079187633686431,0.15623676566670058,0.8646794403001217,inf,green,True
21.5,3367.968337072,STOP_HOLD,0.9134470605515909,0.9017939120331167,0.11807972108573161,1.6798608518495935e-05,0.0,0.0,0.0791738683186507,0.15546682880844037,0.8665571006481173,inf,green,True
21.6,3368.068313391,STOP_HOLD,0.9134487730581003,0.9017954891250264,0.11808038851337059,1.6780143920623976e-05,0.0,0.0,0.0791738683186507,0.15546682880844037,0.8665571006481173,inf,green,True
21.8,3368.267300067,STOP_HOLD,0.9134521924477366,0.901798638077008,0.11808172130251321,1.674362347065459e-05,0.0,0.0,0.0791738683186507,0.15546682880844037,0.8665571006481173,inf,green,True
22.0,3368.518575609,STOP_HOLD,0.9134556044558662,0.9018017801619231,0.11808305137839799,1.670765966147677e-05,0.0,0.0,0.079187633686431,0.15623676566670058,0.8646794403001217,inf,green,True
22.1,3368.617555313,STOP_HOLD,0.9134567401651152,0.9018028260103407,0.11808349413858812,1.6695734075578947e-05,0.0,0.0,0.079187633686431,0.15623676566670058,0.8646794403001217,inf,green,True
22.3,3368.825618617,STOP_HOLD,0.9134601424420218,0.901805959044097,0.11808482063307643,1.6660142612434824e-05,0.0,0.0,0.07910013293137555,0.15582854086306155,0.8664723952020952,inf,green,True
22.5,3369.019591231,STOP_HOLD,0.9134635374763311,0.9018090853430362,0.11808614445817908,1.6624610123135477e-05,0.0,0.0,0.07910921522170153,0.15672562927863834,0.8643721503965518,inf,green,True
22.6,3369.167757484,STOP_HOLD,0.9134652322697916,0.9018106459604087,0.118086805365351,1.6606820149681557e-05,0.0,0.0,0.0791738683186507,0.15546682880844037,0.8665571006481173,inf,green,True
22.6,3369.217541711,FOLLOW,0.9134663611255466,0.9018116854363775,0.11808724559827317,1.6594998695910022e-05,0.07488249284000735,0.07218421846064545,0.0791738683186507,0.15546682880844037,0.8665571006481173,inf,green,True
22.8,3369.417673536,FOLLOW,0.9192878339629701,0.9071700763163267,0.12036258630974209,0.07494309611779623,0.07435294512689135,0.0717479499310148,0.07895507170913396,0.15765753952831618,0.8638225090863778,inf,green,True
23.0,3369.667816529,FOLLOW,0.9346008989018418,0.9212083471283561,0.12647919077735928,0.07551695939426954,0.06541533550989954,0.07092601454244916,0.07754302559348361,0.25865121176554334,0.8976227083676024,inf,green,True
23.1,3369.767631394,FOLLOW,0.9412739740657788,0.9272965233402913,0.12921119940458747,0.06550196189285609,0.06652851183587315,0.07084718199330654,0.07801514644985444,0.2407721390082307,0.8881170173772256,inf,green,True
23.3,3369.968373895,FOLLOW,0.9548877805245588,0.9396556960516346,0.13491939094627808,0.06974866119399746,0.06966441073535364,0.07041621639810486,0.07884728247314025,0.193671553945605,0.8616203953325476,inf,green,True
23.5,3370.226591855,FOLLOW,0.9668927151580611,0.9504872810657906,0.1400956410992124,0.0742964216908167,0.0773547618471941,0.06923744342952554,0.07982206794841529,0.09842076956323667,0.8032337485262372,inf,green,True
23.6,3370.368442349,FOLLOW,0.9773124566447853,0.9598403960091212,0.14468797289255517,0.0774351533719864,0.08121956907193915,0.06916789377752892,0.0803745803210299,0.06174601457416761,0.7813085900916505,inf,green,True
23.8,3370.567403516,FOLLOW,0.9937601687358245,0.9745182077090083,0.15210988478757695,0.08129818050912492,0.0912617235992119,0.07003899300082818,0.08065947029189269,-0.0032573651880404447,0.7667075458570292,inf,green,True
24.0,3370.818082632,FOLLOW,1.006697432556425,0.9859907091803298,0.15808928735942854,0.06048587950537773,0.05550346910651308,0.022690072358029358,0.0846824797915057,-0.2787780452944303,0.7848861722328906,inf,green,True
24.1,3370.992690239,FOLLOW,1.0127064226971725,0.9913031507669555,0.16089747255323492,0.05553977383454861,0.05550346910651308,0.022690072358029358,0.0846824797915057,-0.2787780452944303,0.7848861722328906,inf,green,True
24.3,3371.319795016,FOLLOW,1.0238635620742724,1.0011480242508812,0.16614723772485732,0.05293657789135001,0.052906188682263544,0.01637179576050546,0.08361845452421916,-0.33449533037106105,0.8095697611427679,inf,green,True
24.5,3371.56852857,FOLLOW,1.0359299715032575,1.0117710175308292,0.1718699925316863,0.06761624681364295,0.0676333671365158,0.031184492185260468,0.07701167240700646,-0.196200454690406,0.8400634216465391,inf,green,True
24.6,3371.717787863,FOLLOW,1.0405318707962834,1.0158136767531065,0.1740687143246967,0.0676762117203618,0.0676333671365158,0.031184492185260468,0.07701167240700646,-0.196200454690406,0.8400634216465391,inf,green,True
24.8,3372.018727148,FOLLOW,1.0566387333243985,1.0299261346417714,0.18183198541083653,0.06767555646454093,0.0676333671365158,0.031184492185260468,0.07701167240700646,-0.196200454690406,0.8400634216465391,inf,green,True
24.9,3372.229399052,WAIT_SENSORS,1.0658425781201954,1.0379642414244064,0.18631522960108068,0.06767510169394916,0.0,0.0,0.07701167240700646,-0.196200454690406,0.8400634216465391,inf,green,True
25.0,3372.270224259,WAIT_SENSORS,1.070444476269975,1.0419760991880478,0.18856966032070757,0.0676748515148841,0.0,0.0,0.07701167240700646,-0.196200454690406,0.8400634216465391,inf,green,True
25.0,3372.374789853,FOLLOW,1.0717642825278517,1.0431256394043646,0.18921807822565714,0.001989674750202021,0.060544821037955394,0.01276523319452388,0.062015302166873024,-0.26445456299375775,0.8381100542564568,inf,green,True
25.1,3372.452989053,FOLLOW,1.0717642825278517,1.0431256394043646,0.18921807822565714,0.001989674750202021,0.060544821037955394,0.01276523319452388,0.062015302166873024,-0.26445456299375775,0.8381100542564568,inf,green,True
25.3,3372.718082167,FOLLOW,1.0790581098001784,1.049471170322136,0.19281448510874216,0.06056947451655041,0.060544821037955394,0.01276523319452388,0.062015302166873024,-0.26445456299375775,0.8381100542564568,inf,green,True
25.5,3373.067612578,FOLLOW,1.0913891716192199,1.0601864812305992,0.19891670772908057,0.0597944324072622,0.059775529137529815,0.006223591690693572,0.05202223768192986,-0.2697583345931847,0.834065809262049,inf,green,False
25.6,3373.217334848,FOLLOW,1.0974881834254044,1.0654820611513798,0.20194239396731642,0.0597941566534534,0.05941912332106931,0.0006782356750429664,0.04331040419040928,-0.27396470981415205,0.834299837635329,inf,green,False
25.8,3373.468661496,FOLLOW,1.1096376767739469,1.0760268491902811,0.20797709619249463,0.05943285973015857,0.05941912332106931,0.0006782356750429664,0.04331040419040928,-0.27396470981415205,0.834299837635329,inf,green,False
26.0,3373.718945348,FOLLOW,1.121543107437572,1.0863586939159444,0.21389252210801657,0.056138891355338026,0.05612672108429851,-0.001034186800464205,0.03795941716118091,-0.25951332631810325,0.7711733441173778,inf,green,False
26.1,3373.818007936,FOLLOW,1.1272692725018432,1.0913282210546962,0.21673730089301022,0.05613885915639667,0.07709931377227572,0.006697277430858265,0.022210194516167344,-0.08917414838394047,0.7857289824070663,inf,green,False
26.3,3374.069461119,FOLLOW,1.142399862904357,1.104453754988904,0.22426425713498674,0.07711792274632318,0.07709931377227572,0.006697277430858265,0.022210194516167344,-0.08917414838394047,0.7857289824070663,inf,green,False
26.5,3374.26803975,FOLLOW,1.1581319149228853,1.1180898641870622,0.23210988962249998,0.07711789970897005,0.05809704545184741,-0.016121128867342967,0.013815756412814212,-0.2731423215892599,0.8147412511027775,inf,green,False
26.6,3374.367835994,FOLLOW,1.162260378790442,1.1216672481010297,0.23417060257296593,0.05809663487190345,0.05809704545184741,-0.016121128867342967,0.013815756412814212,-0.2731423215892599,0.8147412511027775,inf,green,False
26.8,3374.617566809,FOLLOW,1.1760873522343849,1.1336645041490598,0.2410445256566547,0.0580966903471332,0.05809704545184741,-0.016121128867342967,0.013815756412814212,-0.2731423215892599,0.8147412511027775,inf,green,False
27.0,3374.818282891,FOLLOW,1.1879391094989549,1.143968558551615,0.24690033418284243,0.0580970095512442,0.08437920463907798,0.005275086735972761,-0.0010019852433614893,0.04884795574292639,0.7890298647805042,inf,green,False
27.1,3374.91781851,FOLLOW,1.1966474008562302,1.1515439598118022,0.251195404535376,0.08439758249025583,0.08850212452654069,0.00039363694818088027,-0.0038581900531868083,0.02871561821930115,0.7904633964607805,inf,green,False
27.3,3375.117515643,FOLLOW,1.2117081349893848,1.1646414904180102,0.25863048382556675,0.09342586461983798,0.09341728017891211,-0.00668314871968269,-0.006801521681181524,-0.0029590848165876186,0.7842362859781078,inf,green,False
27.5,3375.317588996,FOLLOW,1.2264853314519373,1.1774966330168588,0.2659182012297475,0.048962972761383984,0.04917698454689442,-0.030319605842679228,0.028339532081720048,-0.550234238567391,0.9735344680408036,inf,green,False
27.6,3375.468909682,FOLLOW,1.2331715314596774,1.1833236240452119,0.26919713193769207,0.04916508422188661,0.04917698454689442,-0.030319605842679228,0.028339532081720048,-0.550234238567391,0.9735344680408036,inf,green,False
27.8,3375.667915345,FOLLOW,1.2390995516919892,1.1885010974014802,0.2720841994585717,0.025715142490844174,0.0261557614013805,-0.01716660576917902,0.028100409467760268,-0.5696396710411967,0.5283679975222213,inf,green,False
28.0,3375.867911658,FOLLOW,1.245323906506961,1.1939485244124362,0.27509552459289327,0.026155362328233817,0.0261557614013805,-0.01716660576917902,0.028100409467760268,-0.5696396710411967,0.5283679975222213,inf,green,False
28.1,3376.018083883,FOLLOW,1.247991755411136,1.1962871614665405,0.2763793442297167,0.02615540051915063,0.0261557614013805,-0.01716660576917902,0.028100409467760268,-0.5696396710411967,0.5283679975222213,inf,green,False
28.3,3376.217663189,FOLLOW,1.253327464456725,1.200971229591722,0.2789345874744235,0.026155472111360045,0.0261557614013805,-0.01716660576917902,0.028100409467760268,-0.5696396710411967,0.5283679975222213,inf,green,False
28.5,3376.417875006,FOLLOW,1.2579043219159936,1.204996356371105,0.2811131103103452,0.030170850580930164,0.03018008560605735,-0.027800245466630923,0.03863436577750812,-0.7375568107534816,0.7152408735477844,inf,green,False
28.6,3376.577190837,FOLLOW,1.2620075208006194,1.2086120134168017,0.28305301916068515,0.030170590966289223,0.030467788553601407,-0.028746424176949954,0.04109306038820276,-0.7557738102512228,0.7336223347192603,inf,green,False
28.8,3376.818051295,FOLLOW,1.2682330601301004,1.2141119999355787,0.2859697603746388,0.030846679951740962,0.030857651883543967,-0.029609962517787407,0.042931348718753315,-0.7687784233035744,0.7513699524020644,inf,green,False
29.0,3377.023760808,FOLLOW,1.2734850979793209,1.2187653585527676,0.2884049397964078,0.03109601797121189,0.03129577728883176,-0.030899595682561915,0.04632322368155817,-0.7913024837013167,0.7767236919489279,inf,green,False
29.1,3377.117893915,FOLLOW,1.2766629928357904,1.2215870080793099,0.2898668913810267,0.03128377774953687,0.03129577728883176,-0.030899595682561915,0.04632322368155817,-0.7913024837013167,0.7767236919489279,inf,green,False
29.3,3377.317830472,FOLLOW,1.2817364092087071,1.2261008035968373,0.29218317355704737,0.020126625451488637,0.020085771495804396,-0.021063684228794954,0.064632199824601,-0.8691440976937688,0.5310778821151229,inf,green,False
29.5,3377.567984315,FOLLOW,1.2858987472615908,1.2298123734863748,0.29406712709945815,0.02106658098195724,0.021231112620424437,-0.020683111021450422,0.06045971348392598,-0.8310284727746932,0.5445021696755961,inf,yellow,False
29.6,3377.667798272,FOLLOW,1.2880638078268674,1.2317460654713668,0.29504094484567744,0.021228537945491257,0.02900287138078609,-0.014852429766792147,0.04716793485051529,-0.5867348768257563,0.596211348323192,inf,yellow,False
29.8,3377.867428478,FOLLOW,1.2927184601222839,1.2359086767765861,0.2971238379840872,0.02900568402945439,0.026572981301779645,-0.016846922118994048,0.05034417869247182,-0.6578404334616316,0.5856244595550503,inf,yellow,False
30.0,3378.067982975,FOLLOW,1.298754712938605,1.2413152444058184,0.29980811156390413,0.03183573695567012,0.029917667593737818,-0.02283786791387114,0.010589785004646801,-0.541913712569347,0.5870804448881923,inf,red,False
30.1,3378.218191259,FOLLOW,1.3029565664552392,1.2450856356606637,0.3016627568657834,0.029913359515578313,0.0300668637872488,-0.0227528593865456,0.012027191901719025,-0.5453438969053694,0.5921567954241815,inf,red,False
30.3,3378.417816627,FOLLOW,1.3091486277650692,1.2506524810224429,0.304374175813233,0.03189769391276351,0.02972164702342364,-0.022447538861824635,0.014245729032740934,-0.5552918314434931,0.5915176378859045,inf,red,False
30.5,3378.668148671,FOLLOW,1.3157847782362109,1.2566313116276686,0.30725375734758537,0.029446783498167036,0.025426674657109835,-0.01648328750941931,0.047695479149748365,-0.6532079138603112,0.5579078119170728,inf,red,False
30.6,3378.768421695,FOLLOW,1.3185210784225834,1.259100693878924,0.3084325228374279,0.02542854778650209,0.018509703031216965,-0.014789287930763825,0.00406886262323905,-0.5293986309218751,0.35839359699965695,inf,red,False
30.8,3378.967829005,FOLLOW,1.3219136254219879,1.262165446230791,0.3098873980103564,0.01851322996478705,0.03191196114882832,-0.02251236186200023,0.02920997871666095,-0.5996041600571854,0.664569356665668,inf,red,False
31.0,3379.168057884,FOLLOW,1.328934995480367,1.268519957751379,0.31287398781920944,0.034264858221486845,0.03480716284124375,-0.025024301291281522,0.0204901441096548,-0.5659690219509415,0.7004716884717371,inf,red,False
31.1,3379.317829896,FOLLOW,1.3324656679381137,1.2717211712381196,0.31436324067566496,0.03480134476718399,0.03480716284124375,-0.025024301291281522,0.0204901441096548,-0.5659690219509415,0.7004716884717371,inf,red,False
31.3,3379.567976311,FOLLOW,1.3396002037264638,1.2782015632413273,0.31734753376685865,0.035066196598263856,0.03341480028016092,-0.025549563002032493,0.011258151466008143,-0.5458608838791768,0.6584531776591493,inf,red,False
31.5,3379.768563966,FOLLOW,1.3465782846942485,1.2845552536624183,0.32023268896245183,0.03412317093127212,0.03413039337134924,-0.02669066590187088,0.007626243561716317,-0.5375807554231813,0.6666666666666657,inf,red,False
31.6,3379.869891658,FOLLOW,1.3488986613572949,1.286671434437474,0.32118449024887613,0.03412320433701929,0.020366486711962,-0.017331987554719003,-0.004332627380289861,-0.5167896778847548,0.38899551650632885,inf,red,False
31.8,3380.117892494,FOLLOW,1.35571179238814,1.2928951076174944,0.323956588766648,0.04484038247604201,0.044857967352304656,-0.037709422236796915,-0.005028864077269851,-0.5072881142068911,0.8478979292963914,inf,red,False
32.0,3380.31802456,FOLLOW,1.3633421999127813,1.2998837764019926,0.3270195024863446,0.04495397342429678,0.040907074310616375,-0.03395862406460529,-0.004633962599477182,-0.5032245377953375,0.7697556934742916,inf,red,False
32.1,3380.467741918,FOLLOW,1.3690189118984064,1.3050955039965924,0.32926959125845556,0.040008331666537264,0.04002156421277941,-0.033235473594640366,-0.0025737394581427653,-0.5138748421314765,0.7619729307668445,inf,red,False
32.2,3380.567685558,FOLLOW,1.3730997660617363,1.3088485638220955,0.33087205770189915,0.04000840021158726,0.0383398740311541,-0.031496198381426484,0.0015457924850110494,-0.5294506771732292,0.7423962891873436,inf,red,False
32.4,3380.771107948,FOLLOW,1.3791446586085876,1.314417650056139,0.33322278855720633,0.03121727751005356,0.030192866560416247,-0.02348323114127904,0.028387645736907635,-0.631486347704047,0.6488235344816543,inf,red,False
32.5,3380.867510336,FOLLOW,1.3822604355474224,1.3172925220189091,0.33442410989877525,0.030189446424086483,0.029189326178281724,-0.022496401545152485,0.03238671201412463,-0.6452906541006371,0.6356527052844365,inf,red,False
32.6,3381.017882854,FOLLOW,1.3862313250645075,1.320960540642399,0.335945159401703,0.02918694701264461,0.03880753637678789,-0.03378137695908942,-0.02399292304531013,-0.42458210408688146,0.6666666666666656,inf,red,False
32.7,3381.117823167,FOLLOW,1.3906241207479337,1.325024012762342,0.3376139397302305,0.038793939176432105,0.02536908242499117,-0.018970839184607877,0.04692794444239004,-0.69440829934726,0.5784194656819802,inf,red,False
32.9,3381.318413838,FOLLOW,1.3954133105392144,1.3294610900467774,0.3394163434756088,0.0253703725578674,0.02536908242499117,-0.018970839184607877,0.04692794444239004,-0.69440829934726,0.5784194656819802,inf,red,False
33.0,3381.417701429,FOLLOW,1.3971384965445728,1.3310610187174003,0.3400617074802051,0.025370392577929272,0.02536908242499117,-0.018970839184607877,0.04692794444239004,-0.69440829934726,0.5784194656819802,inf,red,False
33.1,3381.567681286,FOLLOW,1.4005888723475315,1.3342633461782414,0.3413463031152207,0.025370427534857232,0.0351780927570437,-0.028890245299100347,-0.0011680668124665339,-0.5157285585046579,0.6711163369031412,inf,red,False
33.2,3381.667601408,FOLLOW,1.4041631421550211,1.3375843203310407,0.34266786552446227,0.03516940478849617,0.04012508127817068,-0.032258393800813856,0.009711174033615932,-0.559625165321775,0.8021882865648791,inf,red,False
33.4,3381.867871449,FOLLOW,1.4121656015458353,1.3450333368194056,0.34559212590471317,0.03478740004330753,0.018512654036255162,-0.017234057934481718,0.0730540777531064,-0.8531968649424917,0.483333333333332,inf,red,False
33.5,3381.967732345,FOLLOW,1.4151976216687634,1.3478605628591993,0.34668754122398576,0.018944425231660653,0.018512654036255162,-0.017234057934481718,0.0730540777531064,-0.8531968649424917,0.483333333333332,inf,red,False
33.6,3382.067535647,FOLLOW,1.4170868493719257,1.349623677427999,0.34736622195366784,0.018515870499219763,0.019239783206258635,-0.01863005624251193,0.11624395888802097,-0.9711934742074696,0.5496138578664231,inf,red,False
33.7,3382.16786329,FOLLOW,1.4190484472811165,1.3514556020939632,0.34806759016711347,0.01924156107574351,0.01858821980998039,-0.017329138883077674,0.07114148489649169,-0.8481023055012199,0.4833333333333328,inf,red,False
33.9,3382.418246797,FOLLOW,1.4228451581059491,1.3550049605085912,0.3494155715045524,0.01862262627582291,0.01864232175794089,-0.017369563238043065,0.06996737681775544,-0.8444801833826137,0.48333333333333267,inf,red,False
34.0,3382.518509126,FOLLOW,1.42474695750873,1.356784623119522,0.35008612436517494,0.018645410881133268,0.02442106812834485,-0.02272926744103376,0.0688196274147419,-0.8407447568114456,0.6312565049162288,inf,red,False
34.1,3382.618199178,FOLLOW,1.4262028134609621,1.3581477738936492,0.3505973349722903,0.024418748724087055,0.02442106812834485,-0.02272926744103376,0.0688196274147419,-0.8407447568114456,0.6312565049162288,inf,red,False
34.2,3382.717541915,FOLLOW,1.4286891506440589,1.3604773646325625,0.3514661716758075,0.024284927965254423,0.02428660334105648,-0.021897176304517034,0.02824659452961359,-0.6893525220342344,0.5511806791921863,inf,red,False
34.4,3382.968487219,FOLLOW,1.433655197957739,1.3651361008847211,0.35318598655931,0.024373501322133874,0.024469889356234197,-0.022133872338317356,0.03136403346215183,-0.7029158809353908,0.5622547828275538,inf,red,False
34.5,3383.067650515,FOLLOW,1.4361475819369331,1.3674771115934996,0.3540413487518432,0.024467939988180584,0.02447234300874951,-0.022127929250045017,0.030908562204650936,-0.7009952398733519,0.5613319408579398,inf,red,False
34.6,3383.16796025,FOLLOW,1.4378114813652767,1.369041012819156,0.3546094806747428,0.024470386137404043,0.02447234300874951,-0.022127929250045017,0.030908562204650936,-0.7009952398733519,0.5613319408579398,inf,red,False
34.7,3383.317852317,FOLLOW,1.4409951716308707,1.3720357163556167,0.3556900490270504,0.02004101591905275,0.020040077278982334,-0.019279905460055265,0.10548260386104352,-0.945880926667873,0.5619074537235944,inf,red,False
34.9,3383.51773321,FOLLOW,1.444715389057322,1.3755391181008114,0.3569415207521508,0.024746593775892247,0.018622735894026757,-0.018145761361381157,0.11919258382686687,-0.978895163005451,0.5349750092958644,inf,red,False
35.0,3383.667633658,FOLLOW,1.447673289426668,1.3783276272133729,0.35792812428139364,0.018624944073279942,0.0246279149166161,-0.022297554012919663,0.028768233719285635,-0.6931410574163803,0.5608705198731326,inf,red,False
35.1,3383.782200368,FOLLOW,1.450176531011303,1.3806896003215454,0.35875715934966246,0.0246256739103581,0.024752614262127055,-0.022298526460089535,0.02835245837507122,-0.6894235688757739,0.5617933618427466,inf,red,False
35.2,3383.867446499,FOLLOW,1.4527008888336759,1.3830733651067169,0.3595878491159206,0.024750352608824223,0.03191041731491842,-0.028100455303434465,0.008625669234150257,-0.5953157734651295,0.6616862852373561,inf,red,False
35.4,3384.067679253,FOLLOW,1.4578638056798185,1.3879544551469005,0.36127029591680965,0.031685005432144246,0.031693390657054746,-0.02793985140161238,0.010415255103567389,-0.6039495942241303,0.6628868060361865,inf,red,False
35.5,3384.168552725,FOLLOW,1.4610956745282033,1.3910137358720667,0.36231229955310135,0.03168497069621067,0.0320144225155084,-0.028287829585345384,0.011230872080641191,-0.6086725027130162,0.6727514100339542,inf,red,False
35.6,3384.318071595,FOLLOW,1.4654575331176711,1.3951472901633108,0.36370496527694124,0.03229880930128367,0.0323076923106728,-0.028318798434072204,0.010249724971286761,-0.6005816373748927,0.6734684098336922,2.3426405586400745,red,False
35.7,3384.418032468,FOLLOW,1.468752009500593,1.3982728059623775,0.364746463765036,0.032298769739272926,0.032431796906200565,-0.028339221533999155,0.009488378877210768,-0.5956915978175715,0.6727514100339544,2.3258547504011573,red,False
35.9,3384.61734515,FOLLOW,1.4743944812772698,1.4036326928044205,0.36650971150983025,0.0337229528585737,0.04238540897631261,-0.034568916778662084,-0.003289878421931125,-0.5016838310414612,0.7962132905420978,inf,red,False
36.0,3384.718385232,FOLLOW,1.4787039470566141,1.4077318437428232,0.3678395386896792,0.04236952220672737,0.04102721373836946,-0.021971679845486508,-0.00850505693367988,-0.30078386115087175,0.5989835261632633,inf,red,False
36.1,3384.81759337,FOLLOW,1.4829359800724173,1.4117614832094696,0.3691326359702986,0.04102518191733429,0.04102721373836946,-0.021971679845486508,-0.00850505693367988,-0.30078386115087175,0.5989835261632633,inf,red,False
36.2,3384.918334911,FOLLOW,1.4857256935429481,1.414419413978131,0.36997992826073567,0.04102520128241702,0.04136140184280704,-0.022078724052311153,-0.009490519599157796,-0.29365553329267097,0.5977201094375996,inf,red,False
36.4,3385.168101317,FOLLOW,1.497459862519215,1.4256130012015655,0.3735004205480647,0.053919901251123406,0.05310356753991781,-0.027602276810294084,-0.013673668155030086,-0.2586997688808928,0.7287355763603072,2.3047783086582383,red,False
36.5,3385.268017491,FOLLOW,1.5010715198953912,1.4290626277166083,0.37457006680892174,0.05309528582880964,0.05327334084910842,-0.0279692458573206,-0.013823687346895874,-0.26120728459006715,0.733848355080835,inf,red,False
36.6,3385.367812574,FOLLOW,1.506498519147796,1.4342498668358854,0.3761653266997165,0.053264615282866794,0.05278945461195515,-0.02842558323892739,-0.01427903821764194,-0.2672243103189058,0.7338001551161033,inf,red,False
36.7,3385.468135894,FOLLOW,1.511882787736571,1.4394007183908923,0.3777334654033231,0.052780174604432774,0.05397675934520219,-0.029289669483287595,-0.016304041654866097,-0.2573761844107584,0.7392299188584742,inf,red,False
36.9,3385.717868026,FOLLOW,1.5228499498984285,1.4499062206021933,0.38088191501726665,0.053966406764661176,0.03529524625783806,-0.0375663064016456,-0.016816408110221226,-0.5785233730697058,0.719525487948867,inf,red,False
37.0,3385.819061353,FOLLOW,1.5264552002792786,1.453364576813308,0.38190053627313914,0.035275365948539486,0.03535004470978479,-0.03764237262416759,-0.017140941912368285,-0.5772938506310779,0.7197371107167988,2.270830492658625,red,False
37.1,3385.918130149,FOLLOW,1.5288539209973424,1.455667677429363,0.38257104828619415,0.03527526333439865,0.03535004470978479,-0.03764237262416759,-0.017140941912368285,-0.5772938506310779,0.7197371107167988,2.267094318790376,red,False
37.2,3386.018245722,FOLLOW,1.5324574960659838,1.459130756164425,0.3835674544297073,0.035329849563783024,0.035617617998080574,-0.03769025583353385,-0.01725084888591652,-0.572944634033282,0.721957714755828,inf,red,False
37.4,3386.268284578,FOLLOW,1.5409407790447516,1.4672979097457033,0.38586162833111154,0.03577000282122818,0.03598450103529589,-0.03760178865671663,-0.01776563639411416,-0.5628351148099242,0.7218154413686866,inf,red,False
37.5,3386.367807543,FOLLOW,1.5433794616546084,1.4696494276375933,0.3865077971273437,0.03596395487141746,0.034845349940212385,-0.035913472013060194,-0.016683575379624616,-0.5597064323383639,0.696693884889647,2.2415949055843902,red,False
37.6,3386.46769469,FOLLOW,1.5470106742574576,1.4731538371582025,0.3874590096961068,0.034826571862699066,0.034845349940212385,-0.035913472013060194,-0.016683575379624616,-0.5597064323383639,0.696693884889647,2.249187599182129,red,False
37.7,3386.567841731,FOLLOW,1.5505629841755963,1.4765854764797797,0.3883770212403718,0.034826513227258195,0.034845349940212385,-0.035913472013060194,-0.016683575379624616,-0.5597064323383639,0.696693884889647,inf,red,False
37.9,3386.818359973,FOLLOW,1.55885165626064,1.4846052778367929,0.3904709351083854,0.03482619437276067,0.034845349940212385,-0.035913472013060194,-0.016683575379624616,-0.5597064323383639,0.696693884889647,inf,red,False
38.0,3386.917732059,FOLLOW,1.5612198340277998,1.4868998393266115,0.3910568117915579,0.034826098080936826,0.03242011869642903,-0.033469964041126295,-0.022356614652411178,-0.5331217143903546,0.6302482653906385,inf,red,False
38.1,3387.018028619,FOLLOW,1.564693039817457,1.4902676052934984,0.3919061054954972,0.03240351216760246,0.032607354504687665,-0.0335684932520062,-0.022278576528172944,-0.5317645643502776,0.6329661971807367,2.2317149877685107,red,False
38.2,3387.117922454,FOLLOW,1.5680106678085477,1.4934872879735936,0.3927062865599838,0.032590598312869826,0.032607354504687665,-0.0335684932520062,-0.022278576528172944,-0.5317645643502776,0.6329661971807367,2.224343498051909,red,False
38.4,3387.317759693,FOLLOW,1.5735520945560597,1.4988710618222636,0.39401865498847755,0.032605861247031506,0.03269316370434754,-0.03425747693063406,-0.029322073150809008,-0.507609492706886,0.6181797025976261,inf,green,False
38.5,3387.46798313,FOLLOW,1.5779911025493978,1.5031891444978518,0.3950476941038917,0.03267513119230868,0.032882176796354065,-0.03417953331529194,-0.02910379437552313,-0.5035054591474692,0.6189422134199613,inf,green,False
38.6,3387.569063981,FOLLOW,1.5802191771791156,1.5053582854425285,0.3955567545122724,0.0328641274751997,0.03299945636894711,-0.03417240093460059,-0.02903204920235497,-0.5014396074232447,0.6197295207167538,2.2054336096165748,green,False
38.7,3387.667922017,FOLLOW,1.5835751371153344,1.5086276506496488,0.39631418996644907,0.032981254246065954,0.03299945636894711,-0.03417240093460059,-0.02903204920235497,-0.5014396074232447,0.6197295207167538,2.212962787994355,green,False
38.9,3387.917889364,FOLLOW,1.5914317838156238,1.5162915268308352,0.398043808500472,0.033034020238640854,0.027530842717386265,-0.028259204123026852,-0.03458839446888147,-0.4666725109550986,0.4970880122205633,inf,green,False
39.0,3388.018531929,FOLLOW,1.5942461454418397,1.5190401381594336,0.39864859146290044,0.027519287058023353,0.02773275863930387,-0.028233844239798002,-0.03443037572303996,-0.46211458209396195,0.49810032551325356,inf,green,False
39.1,3388.118452375,FOLLOW,1.5961309107884503,1.520881819705807,0.3990492767625811,0.027721144448882632,0.027729525842677596,-0.028087117714512114,-0.034524802084645964,-0.45827383291059987,0.495823467287259,inf,green,False
39.2,3388.218483699,FOLLOW,1.5989583588137224,1.5236460386869886,0.3996438783644193,0.027717946653966236,0.02792394255518923,-0.028086981447581587,-0.034619475303023284,-0.45320505947395984,0.4963510222614097,2.1929588572698124,green,False
39.4,3388.468271339,FOLLOW,1.6055883509948092,1.5301342120280514,0.4010077881905795,0.027917663253504706,0.019998745019277377,-0.022330848182061176,-0.02337209602835008,-0.5782253082220414,0.4075683023028464,inf,green,False
39.5,3388.567631459,FOLLOW,1.6072272483541572,1.531739413781461,0.4013384109851137,0.019993778986035906,0.019998745019277377,-0.022330848182061176,-0.02337209602835008,-0.5782253082220414,0.4075683023028464,inf,green,False
39.6,3388.668118805,FOLLOW,1.6092666141293548,1.533737656435789,0.4017458880229034,0.01999373786373043,0.030983803039004915,-0.031372256081316885,-0.06667520934434873,-0.2717815326047594,0.43363222273889007,inf,green,False
39.7,3388.768223681,FOLLOW,1.6129126510578407,1.537312256042528,0.40246408730840283,0.030967428453091233,0.03150739607468787,-0.0314953432811268,-0.06691235128988028,-0.2606850120532325,0.4336763407368985,inf,green,False
39.9,3389.01793234,FOLLOW,1.6193179171008594,1.5435982151570218,0.403694542252901,0.03175253316060468,0.03199151879515829,-0.03169792029512389,-0.06745235471243283,-0.25075316219204585,0.4337204587349068,2.1779859241002257,green,False
40.0,3389.128804131,FOLLOW,1.6214843285201268,1.5457260047778785,0.40410178721502055,0.031974244998569434,0.03259898788880245,-0.03196741963060846,-0.06775671835317812,-0.24122507872803534,0.43548517865524217,inf,green,False
40.1,3389.267668684,FOLLOW,1.6258732783898013,1.5500393105329628,0.4049131116451459,0.032581118992715534,0.03277220677203168,-0.032083705340625636,-0.06829597069386857,-0.23660812060641687,0.43464693669308285,inf,green,False
40.2,3389.367563008,FOLLOW,1.629202195326175,1.55331311841754,0.4055163209779582,0.032754000230197096,0.03277220677203168,-0.032083705340625636,-0.06829597069386857,-0.23660812060641687,0.43464693669308285,inf,green,False
40.4,3389.617658815,FOLLOW,1.6359547095741374,1.559959668944305,0.4067078165966892,0.033456359068709,0.0338243548783411,-0.03224462299609577,-0.06722047033993633,-0.22419334760193155,0.43985286045807204,inf,green,False
40.5,3389.71767133,FOLLOW,1.6394023948386607,1.5633561469099893,0.40729981488010863,0.03380533826692438,0.03420605149349621,-0.032495525199462486,-0.06829897502131724,-0.2148755894149077,0.43817637653375346,inf,green,False
40.6,3389.81774488,FOLLOW,1.6417265789263096,1.5656468780758963,0.40769272812275087,0.034186581628674516,0.03456368925115081,-0.03244502965859034,-0.06722197250366062,-0.2132922820864027,0.4416175803784072,inf,green,False
40.7,3389.967783863,FOLLOW,1.64639977928376,1.5702553578232517,0.40846776621621295,0.034544012491808114,0.03496624928088572,-0.032706853652730586,-0.06830047718504151,-0.203930163059838,0.4399410964540887,inf,green,False
40.9,3390.117508345,FOLLOW,1.652340076230127,1.5761181225101062,0.40942434043866,0.03494590172971591,0.03472541176700934,-0.032439501663618614,-0.06769400314913729,-0.20689904825636107,0.4390587364939211,inf,green,False
41.0,3390.267516287,FOLLOW,1.6570940113776176,1.580813705907551,0.41016687839107746,0.03573665265936806,0.035757512286763424,-0.03292196761734832,-0.06830197934876574,-0.19293496191626233,0.441705816374424,inf,green,False
41.1,3390.367809215,FOLLOW,1.660739137252952,1.584416233734459,0.4107225088853667,0.03573643146095974,0.03684427373883228,-0.03342398455046805,-0.0689099555483943,-0.17889427191386614,0.44435289625492697,inf,green,False
41.2,3390.467898923,FOLLOW,1.6632416256696239,1.5868905210076591,0.4110971404714903,0.03682241845530086,0.03643413527868364,-0.03291140514873279,-0.06746136769477862,-0.18535275211566998,0.44430877825691856,inf,green,False
41.4,3390.668263344,FOLLOW,1.6707032354252038,1.5942728930825407,0.4121815786059971,0.0374185206294968,0.03744064188894963,-0.0333641060654726,-0.0683049836762144,-0.17080464490199204,0.4452352562150947,inf,green,False
41.5,3390.822116635,FOLLOW,1.6758185447907679,1.59933791575467,0.4128970466562508,0.03822648230467242,0.038825502067594886,-0.0338435321407006,-0.06837445861701463,-0.15584448044710741,0.4496029380179245,inf,green,False
41.6,3390.867580057,FOLLOW,1.677118243653352,1.6006253400211556,0.4130752484841498,0.038226408193603754,0.038825502067594886,-0.0338435321407006,-0.06837445861701463,-0.15584448044710741,0.4496029380179245,inf,green,False
41.7,3390.967399624,FOLLOW,1.6810753222316304,1.6045462579731047,0.4136089712736548,0.03880228057133366,0.038888968262104924,-0.03361510637237337,-0.06800437544477989,-0.152813640816941,0.44788233609559763,inf,green,False
41.9,3391.217487575,FOLLOW,1.6903925251221181,1.6137852556070982,0.4148134424193982,0.039938683257501564,0.039943860878902726,-0.03375169975445961,-0.06770301613148316,-0.14033481525979294,0.44964705601593286,inf,green,False
42.0,3391.317553737,FOLLOW,1.6931077496950937,1.616479439765168,0.4151508054911678,0.03992030602331391,0.04484934963041746,-0.036913872193771756,-0.05647172327942033,-0.19698593010650692,0.5578006396622227,inf,green,False
42.1,3391.418036345,FOLLOW,1.697339829282297,1.620680219101912,0.4156645510410042,0.04482171328219469,0.04587716190426047,-0.03704106001041403,-0.05643985926931395,-0.18583847726785474,0.5599293056533915,inf,green,False
42.2,3391.567397968,FOLLOW,1.7035390108018447,1.6268366602752202,0.41639119447032985,0.0458489998208583,0.04601664738671635,-0.03691551676983312,-0.055910817508157705,-0.18549779778630981,0.561305118883991,inf,green,False
42.4,3391.767744207,FOLLOW,1.711380573282075,1.6346291382919205,0.4172670947244202,0.046858727366706966,0.046886980630532905,-0.036972158055984035,-0.05558224311528053,-0.17772033288590627,0.5643242095393023,inf,green,False
42.5,3391.918038245,FOLLOW,1.717753349643636,1.640965871855598,0.4179438583987607,0.046858586096277945,0.04832072519272696,-0.0370209295452016,-0.055544228010923846,-0.16178514823497495,0.5655388701087001,inf,green,False
42.6,3392.018080895,FOLLOW,1.7226285252874765,1.6458156734477922,0.4184405857275312,0.0482921715204751,0.04843084280177733,-0.036887756964596584,-0.05524136653390285,-0.16050781268298292,0.5655388701087,inf,green,False
42.7,3392.128667374,FOLLOW,1.725915993846009,1.6490870469927286,0.41876548655048723,0.04840239806968036,0.04843084280177733,-0.036887756964596584,-0.05524136653390285,-0.16050781268298292,0.5655388701087,inf,green,False
42.9,3392.369766036,FOLLOW,1.7358737632166095,1.6590007900604906,0.4197005955457352,0.04965728587314047,0.050440820215740284,-0.03677891113931462,-0.05388458674056623,-0.1459131327885581,0.573673045508317,inf,green,False
43.0,3392.46771815,FOLLOW,1.74101482275505,1.6641217142917761,0.42015513010066374,0.05041223656207532,0.05119491729364691,-0.03677925403441118,-0.05389337470724242,-0.13813576138001638,0.5739544957625761,inf,green,False
43.1,3392.567803945,FOLLOW,1.746207155129462,1.6692953684141951,0.42059512043258007,0.05116622081170528,0.051946123094124996,-0.03656917814198229,-0.05324699977641777,-0.13199719055128478,0.5757331572105356,inf,green,False
43.2,3392.717749977,FOLLOW,1.7514762169130778,1.6745470825453452,0.42102230092571835,0.05191758348411357,0.0527492939565692,-0.03656499245183526,-0.05325578774309399,-0.12419031771899323,0.5760556074697205,inf,green,False
43.4,3392.917623975,FOLLOW,1.7603830585248001,1.6834280150232603,0.421700998034768,0.052720516979859224,0.05357475576591905,-0.03655722367542834,-0.05326457570977018,-0.11636819905185317,0.5763395864477189,inf,green,False
43.5,3393.020628448,FOLLOW,1.7658436609071,1.6888747008026894,0.4220905654786876,0.05354581804363293,0.054304132743140075,-0.03629094221200674,-0.05244761153251942,-0.11166716040025194,0.5788675291391839,inf,green,False
43.6,3393.168161812,FOLLOW,1.7732241607549577,1.6962385614936304,0.42258577630507477,0.05427529412167746,0.05500355814124988,-0.03620881329063271,-0.052104098078715806,-0.10678501785023656,0.5807287332174969,inf,green,False
43.7,3393.268279033,FOLLOW,1.7769615293656598,1.699968393433646,0.4228229950386223,0.054974686640817824,0.05650603424335806,-0.03623254426059119,-0.051846053784474155,-0.0962862920388754,0.5842327127595394,inf,green,False
43.9,3393.518067072,FOLLOW,1.7903698382739779,1.7133540739764024,0.42360097882197933,0.056774439474403526,0.057274361249329865,-0.035806167870786304,-0.05123417973618186,-0.08889039854161668,0.5833517770291958,inf,green,False
44.0,3393.617824189,FOLLOW,1.7962082458947153,1.7191845681925335,0.4239048015041174,0.05724519381401185,0.05872981898749204,-0.03551435067771794,-0.050150383298013315,-0.08151018565211098,0.5891459592496284,inf,green,False
44.1,3393.717792712,FOLLOW,1.800148510009526,1.7231200894775989,0.42409805779542215,0.058700849761875416,0.05872981898749204,-0.03551435067771794,-0.050150383298013315,-0.08151018565211098,0.5891459592496284,inf,green,False
44.2,3393.817625037,FOLLOW,1.8061359822079244,1.7291011965277947,0.42437400726570174,0.058700570751506254,0.059893219762598975,-0.03527751911997282,-0.049856309787668474,-0.07231733614602558,0.5893459585724842,inf,green,False
44.4,3394.017377024,FOLLOW,1.8184824596447489,1.741437390232828,0.4248772103031168,0.06121172895937063,0.06288084222166314,-0.03495448290218265,-0.04930419198308206,-0.052539946329228426,0.5928352700860026,inf,green,False
44.5,3394.167692906,FOLLOW,1.8269723728176122,1.7499221262073894,0.4251734507962884,0.0628513710689595,0.06396197401721873,-0.03477074502310266,-0.04867890720743416,-0.04803801492891281,0.5970290806168621,inf,green,False
44.6,3394.267702924,FOLLOW,1.833492088773316,1.7564387412916262,0.42537441266863035,0.06393246774275506,0.06473593519982979,-0.034388560099808084,-0.04814371435202766,-0.042858523690757135,0.597267931090357,inf,green,False
44.7,3394.367972803,FOLLOW,1.8378648096683399,1.7608097571273353,0.42549648719313066,0.06470674652320683,0.06968934222663203,-0.03603275676631966,-0.04075472627654828,-0.08198111152089063,0.6997697214073302,inf,green,False
44.9,3394.617922385,FOLLOW,1.8541528716203817,1.7770936231177967,0.42586414626882046,0.07126740961254728,0.07242080135764112,-0.03498817684590917,-0.039366367459520074,-0.06751026704037134,0.7053639204580935,inf,green,False
45.0,3394.667892915,FOLLOW,1.856575962832844,1.7795163269297578,0.42590747366687004,0.07126737066175179,0.07242080135764112,-0.03498817684590917,-0.039366367459520074,-0.06751026704037134,0.7053639204580935,inf,green,False
45.1,3394.768285135,FOLLOW,1.8639582835970974,1.7868977533821244,0.4260221625866536,0.07238991805770309,0.0742603257600455,-0.034231724808950315,-0.038431667987511076,-0.05829820613568856,0.7090286267266815,inf,yellow,False
45.2,3394.867999023,FOLLOW,1.8714022217011428,1.7943411506967732,0.4261116081649999,0.07423024529189523,0.0742603257600455,-0.034231724808950315,-0.038431667987511076,-0.05829820613568856,0.7090286267266815,inf,yellow,False
45.4,3395.118524321,FOLLOW,1.889257290534992,1.8121958215238443,0.42622375084566316,0.07646123570951223,0.07753225354073494,-0.032496586725246995,-0.03656537402291753,-0.04168563772041692,0.7134350593550118,inf,yellow,False
45.5,3395.217659314,FOLLOW,1.897090440071018,1.8200289658304665,0.4262294888957642,0.07750416627974076,0.07753225354073494,-0.032496586725246995,-0.03656537402291753,-0.04168563772041692,0.7134350593550118,inf,yellow,False
45.6,3395.317945782,FOLLOW,1.9049958623049683,1.8279343595625317,0.42620945884404815,0.07750412716227843,0.07939817801980767,-0.03161648139322369,-0.03560079157556104,-0.03362777230921979,0.7172761470862512,inf,yellow,False
45.7,3395.417375619,FOLLOW,1.9130892917872393,1.8360276518376808,0.42616285520615305,0.0793712560290945,0.08011017691185977,-0.030883288487026084,-0.03459690895137329,-0.0315506996414394,0.7202417269731785,inf,yellow,False
45.9,3395.617793146,FOLLOW,1.9268023635108573,1.8497400317729864,0.4260265647481524,0.08157891657814365,0.08293504413572403,-0.02926129139921497,-0.03314901230721961,-0.01867918768690758,0.7233995189483909,inf,yellow,False
46.0,3395.71771325,FOLLOW,1.9352122829743965,1.8581491266138117,0.42590899212264277,0.08291149338556893,0.08476592233981313,-0.02828822258604654,-0.03231221766633983,-0.011131442226198232,0.7260403313166934,inf,yellow,False
46.1,3395.818048388,FOLLOW,1.9437914556883027,1.866727070034709,0.42576391867520996,0.08474378083368173,0.08535500800443471,-0.027503455314581076,-0.03132596605444174,-0.00981672966426105,0.7287481300175886,inf,yellow,False
46.2,3395.967685443,FOLLOW,1.9553760336882366,1.8783092773462842,0.4255298732679368,0.08533401953735022,0.08630403751251939,-0.026982858198866595,-0.030907568734001856,-0.0060422422621406405,0.7300642689137348,inf,yellow,False
46.4,3396.168168942,FOLLOW,1.9700865251264754,1.8930154081335908,0.4251722087025068,0.08761440102433685,0.08728708680213207,-0.024413917759379702,-0.029234041802588966,0.0053445412454462965,0.7371113365929515,inf,yellow,False
46.5,3396.267677975,FOLLOW,1.979011931836613,1.9019373665924832,0.4249242073798876,0.0872701979064444,0.08728708680213207,-0.024413917759379702,-0.029234041802588966,0.0053445412454462965,0.7371113365929515,inf,yellow,False
46.6,3396.419068567,FOLLOW,1.9908545194225182,1.9137743802938514,0.42456106538119004,0.08647090563658248,0.08584767804092396,-0.021756069898235326,-0.027779272244609333,0.013571641877564359,0.7396701074741969,inf,yellow,False
46.7,3396.517447949,FOLLOW,1.996713707330546,1.9196303745071848,0.4243676489382138,0.08583411573982168,0.08584767804092396,-0.021756069898235326,-0.027779272244609333,0.013571641877564359,0.7396701074741969,inf,yellow,False
46.9,3396.717665321,FOLLOW,2.0095852644945116,1.9324937549855201,0.4239092140966268,0.0776145256117475,0.09989325616402309,-0.02240728916502904,-0.021804827473267906,-0.006432876823541814,0.8458313224586439,inf,yellow,False
47.0,3396.868394664,FOLLOW,2.0231049895819506,1.9460027854187862,0.4233716941477359,0.10047291540895764,0.10153918957154293,-0.020557622727293577,-0.020770924462860677,0.0015275690029471916,0.8493913322331467,inf,red,False
47.1,3396.967484543,FOLLOW,2.033423184419659,1.9563117159009669,0.4229345888407423,0.1015219844035495,0.10153918957154293,-0.020557622727293577,-0.020770924462860677,0.0015275690029471916,0.8493913322331467,inf,red,False
47.2,3397.067458223,FOLLOW,2.0403266699260945,1.9632084791594373,0.4226300189122893,0.1015217136836215,0.09987416581766874,-0.017603007387245823,-0.019269325633050623,0.009304208455846575,0.8516440913581016,inf,red,False
47.4,3397.26773145,FOLLOW,2.0606925325098566,1.983552126484628,0.4216792579078076,0.0988972657745647,0.09890876307673298,-0.015673931991260676,-0.018382409676495307,0.01544553863406012,0.8560667573342077,inf,red,False
47.5,3397.417839352,FOLLOW,2.0741370754495394,1.9969802101204233,0.4210142460028725,0.09873025251893514,0.06769613802644464,0.0038128943938842965,-0.02435934956324566,0.1977996072908447,0.8430984318190713,inf,red,False
47.6,3397.517606471,FOLLOW,2.07983006516114,2.0026658090413134,0.42072425418122666,0.06758082751957342,0.06769613802644464,0.0038128943938842965,-0.02435934956324566,0.1977996072908447,0.8430984318190713,inf,red,False
47.7,3397.618642879,FOLLOW,2.0867337598729545,2.0095604762303036,0.4203713171108696,0.06771078955360155,0.07155766215540703,0.003019333814521616,-0.022792919082977946,0.17851579701304557,0.8624424573796989,inf,red,False
47.9,3397.867885282,FOLLOW,2.1037161711446033,2.0265211234151286,0.4195118239898034,0.07110928970418615,0.07158683413547376,0.0036428050029552387,-0.02187297271224517,0.17826023684053632,0.8624129096217344,inf,red,False
48.0,3397.9686493,FOLLOW,2.111018891507549,2.0338146804460853,0.41914610541657316,0.07160169987408606,0.07184701142564219,0.003936905412157934,-0.02129857403116616,0.17710787180368273,0.8638224137355676,inf,red,False
48.1,3398.068044008,FOLLOW,2.115896326839428,2.0386860656025183,0.41890324333506584,0.07186238272301605,0.07184701142564219,0.003936905412157934,-0.02129857403116616,0.17710787180368273,0.8638224137355676,inf,red,False
48.2,3398.16801205,FOLLOW,2.1232263012822905,2.046007059267629,0.418540508529672,0.07186259330292465,0.07153070100872043,0.004208366483416146,-0.021291258728247824,0.1797013127461045,0.8638841932584236,inf,red,False
48.4,3398.368674557,FOLLOW,2.1353867566503255,2.0581529271202963,0.41794505622876926,0.07150337106947995,0.07165398615006566,0.004453301814411089,-0.020920345616373168,0.17947625160819783,0.8650371522297036,inf,red,False
48.5,3398.518032892,FOLLOW,2.145122385706144,2.067877173108387,0.41747440696130683,0.07167085426176548,0.0725791230315445,0.008870876472269104,-0.015093023126899613,0.18117483149866281,0.8787741582953874,inf,red,False
48.6,3398.61787516,FOLLOW,2.15246320273039,2.075209590218347,0.4171233332341959,0.07260192222891926,0.0725791230315445,0.008870876472269104,-0.015093023126899613,0.18117483149866281,0.8787741582953874,inf,red,False
48.7,3398.717754865,FOLLOW,2.1598686323364675,2.0826068158815123,0.416774855028035,0.07260236983940158,0.07256079202381734,0.009034166715582244,-0.01464302347701793,0.1797651863509423,0.876421273113759,inf,red,False
48.9,3398.925542597,FOLLOW,2.1722061164084043,2.094931304612262,0.4162087594834889,0.07256579745459797,0.07286703222532302,0.009038700763657998,-0.014538425227707374,0.1787880250740745,0.8786367848896596,inf,red,False
49.0,3399.017582445,FOLLOW,2.179640554320078,2.1023583103656804,0.4158764202421491,0.07289084688719859,0.07286703222532302,0.009038700763657998,-0.014538425227707374,0.1787880250740745,0.8786367848896596,inf,red,False
49.1,3399.170186134,FOLLOW,2.189553715566862,2.112262015224935,0.4154435401331479,0.07289092623850253,0.07689951926975948,0.012489128144713193,-0.004740782598271778,0.14044686800371606,0.8658355070902692,inf,red,False
49.2,3399.26755423,FOLLOW,2.1973950713902632,2.1200962991429235,0.415110599178857,0.07692814090975644,0.06797734781126849,0.015231462715997316,-0.011728061972274786,0.2258960110534979,0.8863906424389412,inf,red,False
49.4,3399.468484909,FOLLOW,2.211894098355253,2.1345834092089846,0.4145229915938838,0.06811817599935474,0.06786130713017287,0.01489221355238491,-0.011881369266884101,0.22388407512907121,0.8820331007491198,inf,red,False
49.5,3399.567761986,FOLLOW,2.2165187821401466,2.1392046594216945,0.41434481956590763,0.0678932909679306,0.06786130713017287,0.01489221355238491,-0.011881369266884101,0.22388407512907121,0.8820331007491198,inf,red,False
49.6,3399.718126746,FOLLOW,2.2237408490123607,2.1464217102024876,0.41407571213088634,0.07698495098354936,0.07717181532799461,0.016310997150111025,-0.00021007225645521682,0.14340115599207892,0.873651117900823,inf,red,False
49.7,3399.817752205,FOLLOW,2.2316005690694096,2.1542764236189216,0.4137952404615978,0.07720576569186763,0.07717181532799461,0.016310997150111025,-0.00021007225645521682,0.14340115599207892,0.873651117900823,inf,red,False
49.9,3400.068505025,FOLLOW,2.248202289495499,2.170868948933106,0.4132429523468882,0.08566648827149842,0.09593410327684163,0.015054830078848164,0.006945712568532552,0.05968365824890947,0.9187362405234845,inf,red,False
50.0,3400.167504531,FOLLOW,2.2570032666026725,2.1796655754256298,0.4129662602664522,0.09595581026759951,0.09042923188675558,0.012295397964021255,0.006498226250766478,0.04850424858724613,0.8449561395352323,inf,red,False
50.2,3400.368744924,FOLLOW,2.275838347247372,2.198492372887907,0.4124079005715761,0.09045786256219798,0.09020100555958693,0.012039041874306381,0.006372485291096883,0.04765365852413056,0.8412252112771776,inf,red,False
50.4,3400.567452139,FOLLOW,2.2942952448188096,2.2169424462877156,0.41190619974079073,0.09072405271947716,0.0968989958447764,0.014225998597804086,0.006611791383399306,0.05507255531458387,0.9186682009687425,inf,red,False
50.5,3400.668590269,FOLLOW,2.300667511533344,2.2233126274809165,0.4117431881862467,0.09693044786623646,0.0968989958447764,0.014225998597804086,0.006611791383399306,0.05507255531458387,0.9186682009687425,inf,red,False
50.6,3400.767953356,FOLLOW,2.310554462279602,2.2331966268663908,0.41150165833328345,0.09693109486838165,0.09000720338624972,0.011555874607123042,0.004652665307193753,0.05565924553672476,0.8544294664135226,inf,red,False
50.7,3400.867959595,FOLLOW,2.3197468358128104,2.2423865372836356,0.4112888921752199,0.09003595623235454,0.08949610962307675,0.011369176698403698,0.004369621204324282,0.05662767015005679,0.851383333847492,inf,red,False
50.9,3401.117550566,FOLLOW,2.341142460314813,2.263777323108122,0.4108341675991901,0.09022665591225187,0.09856574448927165,0.01342535792370489,0.007287474038791896,0.04341587209879208,0.9105336573286896,inf,red,False
51.0,3401.217657097,FOLLOW,2.347836121734569,2.270469709719833,0.41070354441063744,0.09859797602686572,0.09920008467849034,0.013096081474046941,0.007312748098132707,0.040416453766485005,0.9101947814049113,inf,red,False
51.1,3401.317499193,FOLLOW,2.3579138679045974,2.280545748886364,0.41051810097833696,0.09923223612392769,0.09920008467849034,0.013096081474046941,0.007312748098132707,0.040416453766485005,0.9101947814049113,inf,red,False
51.2,3401.41764976,FOLLOW,2.368035567626925,2.2906659697122054,0.4103451189482658,0.0992324740927854,0.09968790881951228,0.012503864456192301,0.006945665711127716,0.038409521317736874,0.9105026747235121,inf,red,False
51.4,3401.668221031,FOLLOW,2.388370572401765,2.3109986260602766,0.4100364081576297,0.09986016793667812,0.10034303092401015,0.011435577871433102,0.005540830006127703,0.04001667625075889,0.9198459781689596,inf,red,False
51.5,3401.768514549,FOLLOW,2.398573102716438,2.3212002403981944,0.4098997358015375,0.10037356204855112,0.10034303092401015,0.011435577871433102,0.005540830006127703,0.04001667625075889,0.9198459781689596,inf,red,False
51.6,3401.868208104,FOLLOW,2.408811204164975,2.3314375729333863,0.40977430147536814,0.10037353389146307,0.09917577683559584,0.006347439397166585,0.00793252251010576,-0.009672928254078,0.8464506439189897,inf,red,False
51.7,3401.969172935,FOLLOW,2.4155982810652117,2.338224212960023,0.40969730158828876,0.09919961379010764,0.0987701039142499,0.005910254187353345,0.007959362138088809,-0.01266343007966636,0.8491418723037383,inf,red,False
51.9,3402.217717089,FOLLOW,2.4391495987222696,2.361774257623532,0.4094526100191936,0.09911225302555457,0.09908948994840698,0.006035619573603844,0.007662812114584196,-0.009962572804944997,0.8463121299412222,inf,red,False
52.0,3402.318407918,FOLLOW,2.4458892287506306,2.368513583026042,0.4093885351013625,0.09911215999580102,0.09867875390298025,0.005706115890299861,0.007568461042788173,-0.011417310438318175,0.8457947401701841,inf,red,False
52.1,3402.417515717,FOLLOW,2.455957260777355,2.37858120447404,0.40929762348807797,0.09870084787561886,0.09836003545073235,0.005450684871997855,0.007617774801362608,-0.013372990241042503,0.8470704578017538,inf,red,False
52.2,3402.568135521,FOLLOW,2.46934195546145,2.3919654273417925,0.40918527169885033,0.09851507423604017,0.09849342414494382,0.005457236178795889,0.0074936724672836665,-0.01255154236714307,0.8465336259170371,inf,red,False
52.4,3402.817422615,FOLLOW,2.4872580096476926,2.409880950594923,0.40904736959273885,0.08296734781385647,0.08230210609020268,-0.0027367406189335356,0.009826783294315043,-0.08773271042625445,0.8362797766075771,inf,red,False
52.5,3402.917689351,FOLLOW,2.4928561208677102,2.4154788882422253,0.40900328749744713,0.08231258026842411,0.08261542093746377,-0.0024808153153506947,0.009944531280404564,-0.08635174995285083,0.837086553042227,inf,red,False
52.6,3403.068370903,FOLLOW,2.5040928731609253,2.4267152638244434,0.4089112859701946,0.08262620972458412,0.08288811512185602,-0.0026009307436251346,0.009921756067818786,-0.08710582215515406,0.8411517388192237,inf,red,False
52.7,3403.168025875,FOLLOW,2.5097296364275925,2.4323518238138107,0.4088634161007764,0.08289876637322513,0.08251455937379078,-0.0036342197771491182,0.009834232541613877,-0.09500685982703069,0.8509431859506511,inf,red,False
52.9,3403.367632532,FOLLOW,2.526174548816465,2.4487960611457167,0.40871449263274406,0.07667117870790453,0.07666589465270564,-0.007940207962147412,0.008562038735542059,-0.1263506233955746,0.8406904467423137,inf,red,False
53.0,3403.5176943,FOLLOW,2.5366031152667565,2.459224082872875,0.4086079476265125,0.0767105585223479,0.07670457299505277,-0.007514813544702856,0.009029414277919,-0.1256924641618845,0.8400628331303007,inf,red,False
53.1,3403.61754066,FOLLOW,2.5418194377526264,2.464440091016397,0.40855068590653254,0.0767106734512883,0.07877399022089077,-0.007507601129206911,0.008219356193680707,-0.11859740203370513,0.8510830557579676,inf,red,False
53.2,3403.717715665,FOLLOW,2.549781967414537,2.4724020848380377,0.40845832563624634,0.07878024163520513,0.08453841136954822,0.004454765396647629,-0.0020973298193493785,0.04951592769986571,0.7916950502719863,inf,red,False
53.4,3403.918631672,FOLLOW,2.5669803626564462,2.4895993342814515,0.4082598523913906,0.08389978803917182,0.08387812549947204,0.004894065557487287,-0.0022117606185039426,0.05408352218519841,0.7934932221060912,inf,red,False
53.5,3404.067943064,FOLLOW,2.5753118851765167,2.4979303645032083,0.4081692862904877,0.07698773492838105,0.07680710627452707,0.00076026051698488,-0.020383552036321688,0.14161734768040157,0.8666679413211683,inf,red,False
53.6,3404.167371535,FOLLOW,2.5831592453599166,2.5057772732850263,0.40808511736436703,0.07682332983011633,0.07680710627452707,0.00076026051698488,-0.020383552036321688,0.14161734768040157,0.8666679413211683,inf,red,False
53.8,3404.367659523,FOLLOW,2.596244376303235,2.518861661799396,0.40794572980003724,0.07720053439971179,0.07718441326563183,0.0006485140528501179,-0.02034132333220464,0.14035139420312276,0.8688896941423785,inf,red,False
53.9,3404.517769937,FOLLOW,2.6041188293969455,2.526735673713636,0.4078623758020542,0.07720049993378637,0.07749257810564796,0.0007310232899900357,-0.020083498754790992,0.13934858772675268,0.8707398450122146,inf,red,False
54.0,3404.617642425,FOLLOW,2.6120243192589823,2.534640724984629,0.40777910307445087,0.07750870209580783,0.07708213753727192,0.0008386311661802171,-0.02009992553985645,0.14041322487228156,0.8678376359701221,inf,red,False
54.1,3404.7174559,FOLLOW,2.619888883073792,2.5425048575625486,0.4076967454789055,0.07709829848516725,0.07729387941351662,0.005408854958896786,-0.014968940949016546,0.1459935040682631,0.8792074180003276,inf,red,False
54.2,3404.868255844,FOLLOW,2.6304035327075925,2.553018971896707,0.40759066819839435,0.07731612939084469,0.0774131740242183,0.005350317228453453,-0.015050062347908497,0.14595158441415665,0.8804967711052254,inf,red,False
54.4,3405.118247345,FOLLOW,2.646250871052138,2.5688656360324353,0.4074445605410304,0.07793859064082884,0.07834092207850074,0.004815109019734889,-0.01507501438945301,0.14105294592718534,0.8830538891088521,inf,red,False
54.5,3405.217560784,FOLLOW,2.6542144544824677,2.5768289332357375,0.40737705057168444,0.07836203443508534,0.07834092207850074,0.004815109019734889,-0.01507501438945301,0.14105294592718534,0.8830538891088521,inf,red,False
54.6,3405.31794985,FOLLOW,2.662207375272109,2.5848215979566334,0.4073130789661361,0.0783619201921555,0.08250265810217801,0.00820499162315344,-0.005458446735066586,0.10318510176439993,0.8648772586037071,inf,red,False
54.7,3405.41750824,FOLLOW,2.67061979005822,2.593233784364192,0.4072511199163522,0.08252822086112023,0.08267969741397006,0.007963737201334154,-0.005895990047402717,0.1039770662716438,0.8680973196441636,inf,red,False
54.9,3405.618034331,FOLLOW,2.681861426182605,2.604475187848958,0.40717887416655496,0.08270493600764046,0.08318333833468852,0.00763814641895265,-0.0058487263774549235,0.10065720297311401,0.8676320313460703,inf,red,False
55.0,3405.718223375,FOLLOW,2.693159979105737,2.6157735764359376,0.4071180110752544,0.08320820998871716,0.09191769032920923,0.010021679250754931,0.003858582395597129,0.04787830926822994,0.8576654111768116,inf,red,False
55.1,3405.817576079,FOLLOW,2.7025269354989745,2.6251404424330014,0.4070769376895949,0.09194594993859832,0.09162238602963235,0.009374483415479036,0.0018193255236169624,0.05690993454826888,0.8721495500824072,inf,red,False
55.2,3405.967928874,FOLLOW,2.711885685923091,2.634499138335947,0.4070450839178211,0.09164995761072856,0.09248437088214635,0.008962405865705863,0.0020801035964389553,0.05153050332584318,0.869989886128948,inf,red,False
55.4,3406.167566066,FOLLOW,2.727523354773668,2.6501367685784953,0.40701095753129485,0.09071056020493252,0.10282756358657671,0.009898111865611594,0.005240434331328271,0.030060265284310134,0.9212926932204677,inf,red,False
55.5,3406.317999116,FOLLOW,2.741309648264546,2.663923056807684,0.40699986453239906,0.09721122739099505,0.09642226744398669,0.004337530111792216,0.007893309045074494,-0.022250580326547646,0.8482157996796867,inf,red,False
55.6,3406.468442215,FOLLOW,2.751200102728928,2.6738135111802626,0.40699937622497745,0.09644403332782345,0.09621985774567508,0.004103178685846041,0.007729614708892252,-0.0227396408104239,0.8474155854632661,inf,red,False
55.7,3406.618003655,FOLLOW,2.7610238853960563,2.6836372930753223,0.4070031181189683,0.09624151686273558,0.0968967133546467,0.004007756064789692,0.007443809078059794,-0.021700816013901277,0.8512796477233251,inf,green,False
55.9,3406.818718509,FOLLOW,2.780687606921962,2.7033010049504997,0.40702213520168046,0.09566285188833062,0.09564131192510318,0.0036665375406582977,0.007627548285254179,-0.024966180484288,0.8467567296941143,inf,green,False
56.0,3406.968260139,FOLLOW,2.790452822441618,2.713066209393835,0.4070368162000294,0.09589517303605713,0.09576939034830108,0.003240901512523795,0.007342170576669332,-0.026098091999266822,0.8501490520696684,inf,green,False
56.1,3407.067907725,FOLLOW,2.79697369571554,2.71958707246372,0.4070483473077622,0.09589522633324873,0.09576939034830108,0.003240901512523795,0.007342170576669332,-0.026098091999266822,0.8501490520696684,inf,green,False
56.2,3407.217593422,FOLLOW,2.8097341844843764,2.7323475341705605,0.40707459423611153,0.08763554881571553,0.08060456712668271,-0.0044603419182979755,0.0095022229389925,-0.10036742385046042,0.8402479084116613,inf,green,False
56.4,3407.425563824,FOLLOW,2.8234814505696657,2.746094775689988,0.40710042958199855,0.08112050069122859,0.08101246147017054,-0.004273630210148591,0.009326291052793565,-0.09747847203342552,0.8396240739134831,inf,green,True
56.5,3407.517486408,FOLLOW,2.831749296149458,2.7543626141901627,0.4071112077402259,0.08102387269882855,0.08101246147017054,-0.004273630210148591,0.009326291052793565,-0.09747847203342552,0.8396240739134831,inf,green,True
56.6,3407.617640717,FOLLOW,2.8400137221201702,2.762627036860451,0.4071185341899776,0.08102369360075774,0.07525287495404215,-0.009444158621709949,0.007896640261540432,-0.13656830537865722,0.8412147414367165,inf,green,True
56.7,3407.767756899,FOLLOW,2.8502561216284796,2.7728694357247665,0.40711909557459336,0.07525682258661856,0.07499992159151445,-0.009379894677338681,0.008212685433535372,-0.13834785366428415,0.8411676419537792,inf,green,True
56.9,3407.967873566,FOLLOW,2.863032699829096,2.7856460010675335,0.4071018560424982,0.07578684071191932,0.07802903542602711,-0.012539487849211722,0.002272524521837564,-0.12314055888429386,0.8504198583744623,inf,green,True
57.0,3408.067936534,FOLLOW,2.8682595572619545,2.790872842849972,0.4070890988556588,0.07802855716591775,0.07802903542602711,-0.012539487849211722,0.002272524521837564,-0.12314055888429386,0.8504198583744623,inf,green,True
57.1,3408.218252615,FOLLOW,2.879446647371055,2.8020598619521446,0.4070494071467286,0.09570593728845095,0.08558003589966576,0.0033012074763120744,-0.002733513323678728,0.04423430108740275,0.7920330715608928,inf,green,True
57.2,3408.318411266,FOLLOW,2.888206477780349,2.8108196437443724,0.4070202317267076,0.08559924435927045,0.0853321930843579,0.0032399460088623246,-0.0027971862380339312,0.04424969712983053,0.7897666861072961,inf,green,False
57.4,3408.517599598,FOLLOW,2.9056353277782443,2.8282484222071997,0.4069703925211451,0.08535134102062066,0.0853321930843579,0.0032399460088623246,-0.0027971862380339312,0.04424969712983053,0.7897666861072961,inf,green,False
57.5,3408.617980224,FOLLOW,2.9143411683009544,2.8369542377731167,0.4069495599016414,0.08535142084844514,0.07800706717264445,-0.0010208799775703705,-0.021285908758428576,0.13229499461467417,0.8650577375118605,inf,green,False
57.6,3408.718067869,FOLLOW,2.9223085750628632,2.84492162363163,0.4069313107510731,0.07802114860037486,0.07805920814872246,-0.0012108239644058464,-0.021361275696200527,0.13118036171610936,0.8638233004106555,inf,green,False
57.7,3408.81904055,FOLLOW,2.927615717103076,2.850228750548865,0.40691864157841445,0.07807327615163952,0.07781156478296321,-0.0010697222668577483,-0.021472013543686913,0.1330758780780575,0.8641555879438703,inf,green,False
57.9,3409.017812278,FOLLOW,2.9435093184004093,2.8661223000759133,0.40687809115382345,0.07782573159690406,0.07860238673441701,0.003402149762334085,-0.016077377164326147,0.1355647229296428,0.8770138640213891,inf,green,False
58.0,3409.117780563,FOLLOW,2.95152768898068,2.8741406451808547,0.4068578913581622,0.07862239732587517,0.0788599025227531,0.0034848491000659928,-0.015983277167243883,0.13555029504839972,0.879863417990593,inf,green,False
58.1,3409.267604785,FOLLOW,2.9622462958280407,2.8848592275259706,0.4068350116605246,0.07888029859331339,0.0789981173377221,0.0031859809032526265,-0.01612187308038946,0.13389804726626248,0.8786862621733523,inf,green,False
58.2,3409.367760284,FOLLOW,2.967614671463734,2.890227594436116,0.4068253368651163,0.07901825544924737,0.07904006380268463,0.0030752786620323355,-0.016092481789249387,0.13276246428459842,0.8772828993485449,inf,green,False
58.4,3409.568564204,FOLLOW,2.9837400604398794,2.90635296742512,0.40680279391381924,0.07906037750970973,0.08377950109036157,0.006260362639832652,-0.006925884676159847,0.09632667449947677,0.8662916909875926,inf,green,False
58.5,3409.720522705,FOLLOW,2.992281882073332,2.9148947862533974,0.40679598321417604,0.08380432629648538,0.08426593244344445,0.006005990672005582,-0.00684493792593549,0.09348214766369181,0.8663277774390526,inf,green,False
58.6,3409.868259436,FOLLOW,3.0008569719362455,2.9234698758565076,0.40679442951863576,0.08429055125148208,0.08416594631719455,0.006099773763735308,-0.006980411829866074,0.0951800250591385,0.8682769876348855,inf,green,False
58.7,3409.967498866,FOLLOW,3.0094513436635815,2.9320642467277738,0.4067980058595053,0.08419073917149633,0.08416594631719455,0.006099773763735308,-0.006980411829866074,0.0951800250591385,0.8682769876348855,inf,green,False
58.9,3410.167792185,FOLLOW,3.0243779131528137,2.9469908038537773,0.40681664854742744,0.09340041466726909,0.09305205350602416,0.007325774581832867,0.00051140598924692,0.049707532007149266,0.871796027716486,inf,green,False
59.0,3410.318616544,FOLLOW,3.037047955969738,2.9596608123657564,0.40684593018530063,0.09307844273992169,0.0938936419948455,0.007052636638723849,0.0007341455979508506,0.04578945732625623,0.8720165773180825,inf,green,False
59.1,3410.419185234,FOLLOW,3.04343340175977,2.966046228836963,0.4068652660837982,0.09391958767478023,0.09535381471325638,0.0028281046347448345,0.007145325158987628,-0.02760772685115603,0.8494589157525392,inf,green,False
59.2,3410.56791009,FOLLOW,3.056303550643913,2.9789162917642953,0.40691224745890936,0.09537406048139181,0.09563465163992571,0.002765244965387803,0.006756266182163148,-0.025518001820725736,0.8477972056383829,inf,green,False
59.4,3410.817643693,FOLLOW,3.075800123373716,2.998412698760422,0.40699259218572775,0.09543815325608895,0.09541859751840302,0.002430738303748187,0.006721863427933801,-0.027609572288607602,0.8500397015254815,2.5504606909270264,green,False
59.5,3410.920077552,FOLLOW,3.082289922998363,3.0049024340613024,0.4070214853211346,0.0954382805132315,0.09507320565383011,0.0022938403658584296,0.0068089270701353795,-0.029098361874126146,0.8499116000870919,2.541223663994861,green,False
59.6,3411.067469891,FOLLOW,3.0952390899856552,3.0178514575793147,0.4070824291359564,0.09533415501866233,0.09531478989612469,0.00224749297629787,0.006519226256074697,-0.0275378081292225,0.8489724240518024,2.541223663994861,green,False
59.7,3411.167786683,FOLLOW,3.104963171379537,3.0275754176538086,0.40713099866596825,0.09533411727555438,0.09455039973833576,0.0016120247286456342,0.006441729419695919,-0.031426019354994776,0.8498229705736196,2.511992876476334,green,False
59.9,3411.367635633,FOLLOW,3.121066903696429,3.043678924716935,0.407216161824296,0.09456892218797576,0.08021507318986565,-0.005457722292316673,0.00869310560823982,-0.10351949552583523,0.8414552747110229,2.495321579693805,green,False
60.0,3411.468131595,FOLLOW,3.1289807006069332,3.0515926149003763,0.4072572479348454,0.08022401569669689,0.08031854258376675,-0.0055789705167732144,0.008369738316885852,-0.10233683255511596,0.8405617141035957,2.494449365100447,green,False
60.1,3411.618430499,FOLLOW,3.137170446532647,3.059782271574945,0.40729546318106946,0.08032739741807729,0.08065454918457005,-0.005421316444438631,0.008503245722555494,-0.10171756057325755,0.8430375763753812,2.460533207184672,green,False
60.2,3411.718391762,FOLLOW,3.1426551357041674,3.065266911993185,0.4073185836072093,0.08066368264007948,0.08056770414134562,-0.005329119946936666,0.008601758425505597,-0.10165099560338275,0.8420181040830169,2.466387753974136,green,False
60.4,3411.967509963,FOLLOW,3.161644574571578,3.084256238756382,0.40738346296756806,0.07464872529365646,0.07464602527543396,-0.01053941032120831,0.007204860477312787,-0.1424616221080524,0.8435959157256371,2.4551376209259033,green,False
60.5,3412.067984749,FOLLOW,3.169258725792528,3.09187037267008,0.40739955101512243,0.07464856085115591,0.07464627203892266,-0.010108131692253598,0.007489410594106467,-0.1404870924925501,0.8405280529109426,2.4282645092010497,green,False
60.6,3412.16748587,FOLLOW,3.174334851720246,3.0969464946117107,0.4074058525898336,0.07464945103935265,0.07464627203892266,-0.010108131692253598,0.007489410594106467,-0.1404870924925501,0.8405280529109426,2.429833286521585,green,False
60.7,3412.318240114,FOLLOW,3.184508067585815,3.1071197094952674,0.40740820989685556,0.07528818258412959,0.07752614804298569,-0.013272435843200725,0.001642011555419716,-0.12600719604007876,0.8495689948308114,2.4305740517680805,green,False
60.9,3412.518729697,FOLLOW,3.1975323957177975,3.12014402372762,0.40739066694518156,0.07752532257404662,0.08667552812884376,0.001907611052019585,-0.0035878031793770138,0.0387554734397575,0.7922783829127472,2.415354308132399,green,False
61.0,3412.668201672,FOLLOW,3.209088194689715,3.1316997988149193,0.4073672146439854,0.08593385277867564,0.08618182077694445,0.0020502782571410177,-0.004517066695394029,0.04613981790022573,0.801023788077831,2.402482255721959,green,False
61.1,3412.768115869,FOLLOW,3.2149404357449005,3.137552030469996,0.40735672738820267,0.08620089497775477,0.08618182077694445,0.0020502782571410177,-0.004517066695394029,0.04613981790022573,0.801023788077831,2.4015475120029794,green,False
61.1,3412.817532903,LIGHT_WAIT,3.2208020954167402,3.1434136820059932,0.4073469628063194,0.0862008757031838,0.0,0.0,-0.022053727527684273,0.13161354943772077,0.8627024176879757,2.3905240829906185,yellow,False
61.2,3412.868092952,LIGHT_WAIT,3.223732925128142,3.146344508084179,0.4073423479756228,0.08620087124428623,0.0,0.0,-0.022053727527684273,0.13161354943772077,0.8627024176879757,2.3905240829906185,yellow,False
61.4,3413.06735973,LIGHT_WAIT,3.225876250889705,3.148487831923427,0.4073394898011915,1.3485099239846004e-06,0.0,0.0,-0.01605511817953723,-0.006295083479239643,0.9557696028637079,2.3809533272900567,yellow,False
61.5,3413.217462415,LIGHT_WAIT,3.2258763884518427,3.148487969485506,0.4073394896739123,1.3486632771876256e-06,0.0,0.0,-0.01605511817953723,-0.006295083479239643,0.9557696028637079,2.3879493739964923,yellow,False
61.6,3413.318061727,LIGHT_WAIT,3.2258765260153477,3.1484881070489523,0.4073394895469636,1.3486603946612985e-06,0.0,0.0,-0.015987066544683605,-0.007838573547024311,0.9565620419617283,2.4172204391386085,yellow,False
61.7,3413.428863782,LIGHT_WAIT,3.2258766177241873,3.148488198757753,0.4073394894625155,1.3486584378611348e-06,0.0,0.0,-0.01605511817953723,-0.006295083479239643,0.9557696028637079,inf,yellow,False
61.9,3413.667980549,LIGHT_WAIT,3.2258768928499078,3.148488473883358,0.4073394892100565,1.348652571444659e-06,0.0,0.0,-0.015987066544683605,-0.007838573547024311,0.9565620419617283,inf,yellow,False
62.0,3413.769153591,LIGHT_WAIT,3.225877030412321,3.148488611445714,0.4073394890843249,1.3486496535781852e-06,0.0,0.0,-0.015987066544683605,-0.007838573547024311,0.9565620419617283,inf,yellow,False
62.1,3413.918768939,LIGHT_WAIT,3.2258772138284173,3.1484887948617337,0.40733948891719907,1.3486458249321239e-06,0.0,0.0,-0.015987066544683605,-0.007838573547024311,0.9565620419617283,inf,yellow,False
62.2,3414.018163751,LIGHT_WAIT,3.2258773513901473,3.1484889324234064,0.40733948879224197,1.3486429572133788e-06,0.0,0.0,-0.015987066544683605,-0.007838573547024311,0.9565620419617283,inf,yellow,False
62.4,3414.218603151,LIGHT_WAIT,3.2258775806590445,3.1484891616922104,0.4073394885847177,1.348638197975885e-06,0.0,0.0,-0.015941169683264898,-0.00781434509673363,0.9573711403216114,inf,yellow,False
62.5,3414.317928862,LIGHT_WAIT,3.225877718219995,3.148489299253105,0.40733948846064566,1.3486353869586852e-06,0.0,0.0,-0.015941169683264898,-0.00781434509673363,0.9573711403216114,inf,yellow,False
62.6,3414.467493077,LIGHT_WAIT,3.225877901634145,3.14848948266718,0.4073394882957326,1.348631602672262e-06,0.0,0.0,-0.01605511817953723,-0.006295083479239643,0.9557696028637079,inf,yellow,False
62.7,3414.517304108,LIGHT_WAIT,3.225877993341028,3.1484895743740267,0.4073394882134973,1.3486296908908114e-06,0.0,0.0,-0.01605511817953723,-0.006295083479239643,0.9557696028637079,inf,yellow,False
62.9,3414.768011652,LIGHT_WAIT,3.225878314314112,3.148489895346983,0.40733948792683544,1.3486231365319434e-06,0.0,0.0,-0.01605511817953723,-0.006295083479239643,0.9557696028637079,inf,yellow,False
63.0,3414.867607943,LIGHT_WAIT,3.225878406020421,3.1484899870532557,0.40733948784526397,1.3486212891400058e-06,0.0,0.0,-0.015987066544683605,-0.007838573547024311,0.9565620419617283,inf,yellow,False
63.1,3414.967487608,LIGHT_WAIT,3.22587854357965,3.14849012461243,0.4073394877231833,1.3486184735556493e-06,0.0,0.0,-0.016093030402681067,-0.007315149609042819,0.9559113555447573,inf,red,False
63.2,3415.117387582,LIGHT_WAIT,3.2258786811385938,3.14849026217132,0.4073394876014345,1.348615707540543e-06,0.0,0.0,-0.015941169683264898,-0.00781434509673363,0.9573711403216114,inf,red,False
63.4,3415.367414496,LIGHT_WAIT,3.2258789562556327,3.1484905372882523,0.4073394873589326,1.348610220090978e-06,0.0,0.0,-0.016161082037534698,-0.005771648545233172,0.955139698422478,inf,red,False
63.5,3415.467526437,LIGHT_WAIT,3.2258790938137314,3.1484906748462977,0.4073394872381795,1.3486074519475208e-06,0.0,0.0,-0.015987066544683605,-0.007838573547024311,0.9565620419617283,inf,red,False
63.6,3415.568925739,LIGHT_WAIT,3.2258792313715503,3.148490812404064,0.40733948711775814,1.3486047127647645e-06,0.0,0.0,-0.015987066544683605,-0.007838573547024311,0.9565620419617283,inf,red,False
63.7,3415.668855175,LIGHT_WAIT,3.2258793230766085,3.1484909041090874,0.40733948703766165,1.3486028823359074e-06,0.0,0.0,-0.015987066544683605,-0.007838573547024311,0.9565620419617283,inf,red,False
63.9,3415.917503289,LIGHT_WAIT,3.225879644043338,3.148491225075696,0.40733948675848536,1.3485965594949696e-06,0.0,0.0,-0.015987066544683605,-0.007838573547024311,0.9565620419617283,inf,red,False
64.0,3416.017597243,LIGHT_WAIT,3.2258797816000477,3.1484913626323534,0.40733948663939146,1.3485938598873061e-06,0.0,0.0,-0.015987066544683605,-0.007838573547024311,0.9565620419617283,inf,red,False
64.2,3416.267283281,LIGHT_WAIT,3.2258800567126427,3.1484916377448466,0.40733948640219925,1.3485884900428466e-06,0.0,0.0,-0.01605511817953723,-0.006295083479239643,0.9557696028637079,inf,red,False
64.4,3416.468437896,LIGHT_WAIT,3.225880285972305,3.1484918670044246,0.40733948620555294,1.3485840494561888e-06,0.0,0.0,-0.015987066544683605,-0.007838573547024311,0.9565620419617283,inf,red,False
64.6,3416.718007939,LIGHT_WAIT,3.225880561082902,3.1484921421149212,0.4073394859707941,1.3485787113045173e-06,0.0,0.0,-0.015987066544683605,-0.007838573547024311,0.9565620419617283,inf,red,False
64.7,3416.817211138,LIGHT_WAIT,3.2258806986377957,3.1484922796697656,0.40733948585391244,1.348576108536459e-06,0.0,0.0,-0.015987066544683605,-0.007838573547024311,0.9565620419617283,inf,red,False
64.9,3417.067811875,LIGHT_WAIT,3.2258809737467833,3.1484925547786546,0.4073394856211445,1.3485708711057832e-06,0.0,0.0,-0.01605511817953723,-0.006295083479239643,0.9557696028637079,inf,red,False
65.1,3417.268228651,LIGHT_WAIT,3.225881248854705,3.1484928298864787,0.40733948538970394,1.3485656753030326e-06,0.0,0.0,-0.01605511817953723,-0.006295083479239643,0.9557696028637079,inf,red,False
65.2,3417.367434735,LIGHT_WAIT,3.2258813864082683,3.148492967439994,0.40733948527448127,1.3485630613654475e-06,0.0,0.0,-0.015987066544683605,-0.007838573547024311,0.9565620419617283,inf,red,False
65.4,3417.617744348,LIGHT_WAIT,3.2258817073655583,3.148493288397172,0.4073394850069187,1.3485570509319287e-06,0.0,0.0,-0.015987066544683605,-0.007838573547024311,0.9565620419617283,inf,red,False
65.6,3417.817470355,LIGHT_WAIT,3.2258819824706717,3.148493563502191,0.4073394847790173,1.3485519576828837e-06,0.0,0.0,-0.015987066544683605,-0.007838573547024311,0.9565620419617283,inf,red,False
65.7,3417.917375056,LIGHT_WAIT,3.2258820741721457,3.148493655203634,0.4073394847033451,1.3485502562852109e-06,0.0,0.0,-0.016161082037534698,-0.005771648545233172,0.955139698422478,inf,red,False
65.9,3418.117647472,LIGHT_WAIT,3.2258823492758775,3.1484939303072723,0.4073394844772132,1.348545188314667e-06,0.0,0.0,-0.015941169683264898,-0.00781434509673363,0.9573711403216114,inf,red,False
66.1,3418.318397545,LIGHT_WAIT,3.22588262437858,3.148494205409883,0.4073394842524084,1.3485401354825956e-06,0.0,0.0,-0.015987066544683605,-0.007838573547024311,0.9565620419617283,inf,red,False
66.2,3418.417522226,LIGHT_WAIT,3.2258827160792523,3.148494297110525,0.40733948417776833,1.3485385173312758e-06,0.0,0.0,-0.016093030402681067,-0.007315149609042819,0.9559113555447573,inf,red,False
66.4,3418.667938609,LIGHT_WAIT,3.225883037030721,3.1484946180618882,0.40733948391768915,1.348532682005849e-06,0.0,0.0,-0.01605511817953723,-0.006295083479239643,0.9557696028637079,inf,red,False
66.6,3418.867640821,LIGHT_WAIT,3.2258832662809276,3.1484948473120205,0.4073394837330243,1.3485285767282933e-06,0.0,0.0,-0.015987066544683605,-0.007838573547024311,0.9565620419617283,inf,red,False
66.7,3419.017813476,LIGHT_WAIT,3.22588344968059,3.1484950307116244,0.4073394835859559,1.3485253649242067e-06,0.0,0.0,-0.016093030402681067,-0.007315149609042819,0.9559113555447573,inf,red,False
66.9,3419.268093519,LIGHT_WAIT,3.2258837247792527,3.148495305810199,0.40733948336645903,1.3485204114029701e-06,0.0,0.0,-0.015987066544683605,-0.007838573547024311,0.9565620419617283,inf,red,False
67.1,3419.468635831,LIGHT_WAIT,3.2258839540273794,3.1484955350582533,0.40733948318455865,1.3485163901281214e-06,0.0,0.0,-0.016093030402681067,-0.007315149609042819,0.9559113555447573,inf,red,False
67.2,3419.569037733,LIGHT_WAIT,3.2258840915759266,3.148495672606758,0.40733948307586076,1.3485140016885022e-06,0.0,0.0,-0.016009221318118518,-0.006270854501292842,0.9566265051955826,inf,red,False
67.4,3419.818046461,LIGHT_WAIT,3.225884366672284,3.14849594770303,0.4073394828594601,1.3485091652060884e-06,0.0,0.0,-0.015987066544683605,-0.007838573547024311,0.9565620419617283,inf,red,False
67.6,3420.018222729,LIGHT_WAIT,3.2258845959185045,3.14849617694918,0.40733948268013975,1.3485052059579145e-06,0.0,0.0,-0.015987066544683605,-0.007838573547024311,0.9565620419617283,inf,red,False
67.7,3420.173114002,LIGHT_WAIT,3.225884779314995,3.1484963603456153,0.40733948253734703,1.3485020429717807e-06,0.0,0.0,-0.015987066544683605,-0.007838573547024311,0.9565620419617283,inf,red,False
67.9,3420.36796894,LIGHT_WAIT,3.225885054408932,3.1484966354394697,0.40733948232426354,1.348497319174074e-06,0.0,0.0,-0.015987066544683605,-0.007838573547024311,0.9565620419617283,inf,red,False
68.1,3420.567802452,LIGHT_WAIT,3.225885283653149,3.1484968646836182,0.4073394821477075,1.3484934147363456e-06,0.0,0.0,-0.01605511817953723,-0.006295083479239643,0.9557696028637079,inf,red,False
68.2,3420.667772404,LIGHT_WAIT,3.2258854211993606,3.14849700222979,0.40733948204221615,1.34849111860892e-06,0.0,0.0,-0.015987066544683605,-0.007838573547024311,0.9565620419617283,inf,red,False
68.4,3420.926424241,LIGHT_WAIT,3.2258856962910736,3.148497277321423,0.4073394818322285,1.3484864969137031e-06,0.0,0.0,-0.01605511817953723,-0.006295083479239643,0.9557696028637079,inf,red,False
68.6,3421.117960228,LIGHT_WAIT,3.2258859713818486,3.148497552412118,0.40733948162356765,1.3484818936749529e-06,0.0,0.0,-0.015941169683264898,-0.00781434509673363,0.9573711403216114,inf,red,False
68.7,3421.26795361,LIGHT_WAIT,3.2258861089268835,3.1484976899571144,0.4073394815197347,1.3484796137300703e-06,0.0,0.0,-0.015987066544683605,-0.007838573547024311,0.9565620419617283,inf,red,False
68.9,3421.518591521,LIGHT_WAIT,3.2258863840162593,3.148497965046413,0.40733948131306386,1.3484751088575057e-06,0.0,0.0,-0.01605511817953723,-0.006295083479239643,0.9557696028637079,inf,red,False
69.1,3421.71869819,LIGHT_WAIT,3.2258866132567006,3.14849819428679,0.4073394811418517,1.3484713144434974e-06,0.0,0.0,-0.016009221318118518,-0.006270854501292842,0.9566265051955826,inf,red,False
69.2,3421.868979602,LIGHT_WAIT,3.225886796648594,3.1484983776786324,0.40733948100554523,1.3484683061225169e-06,0.0,0.0,-0.01605511817953723,-0.006295083479239643,0.9557696028637079,inf,red,False
69.4,3422.119042393,LIGHT_WAIT,3.2258870717356722,3.1484986527656362,0.40733948080219107,1.3484638549708739e-06,0.0,0.0,-0.01605511817953723,-0.006295083479239643,0.9557696028637079,inf,red,False
69.6,3422.319043293,LIGHT_WAIT,3.225887300974214,3.148498882004116,0.4073394806337427,1.3484601621231107e-06,0.0,0.0,-0.015987066544683605,-0.007838573547024311,0.9565620419617283,inf,red,False
69.7,3422.41765633,LIGHT_WAIT,3.225887438517039,3.1484990195469034,0.40733948053311586,1.348457980274943e-06,0.0,0.0,-0.015987066544683605,-0.007838573547024311,0.9565620419617283,inf,red,False
69.9,3422.667418329,LIGHT_WAIT,3.2258877136020154,3.1484992946318076,0.40733948033285716,1.3484536113558824e-06,0.0,0.0,-0.01605511817953723,-0.006295083479239643,0.9557696028637079,inf,red,False
70.1,3422.86753539,LIGHT_WAIT,3.225887988686101,3.1484995697158213,0.407339480133925,1.3484492281635023e-06,0.0,0.0,-0.016161082037534698,-0.005771648545233172,0.955139698422478,inf,red,False
70.2,3422.968391559,LIGHT_WAIT,3.2258881262278116,3.148499707257496,0.4073394800349564,1.3484470395743558e-06,0.0,0.0,-0.015987066544683605,-0.007838573547024311,0.9565620419617283,inf,red,False
70.4,3423.168620749,LIGHT_WAIT,3.225888355463508,3.1484999364931334,0.4073394798707457,1.34844354869076e-06,0.0,0.0,-0.016093030402681067,-0.007315149609042819,0.9559113555447573,inf,red,False
70.6,3423.41776664,LIGHT_WAIT,3.225888676392464,3.148500257422009,0.40733947964239825,1.3484385226245615e-06,0.0,0.0,-0.015987066544683605,-0.007838573547024311,0.9565620419617283,inf,red,False
70.7,3423.517995071,LIGHT_WAIT,3.225888813933084,3.148500394962594,0.4073394795450878,1.3484363914983102e-06,0.0,0.0,-0.015987066544683605,-0.007838573547024311,0.9565620419617283,inf,red,False
70.9,3423.717235007,LIGHT_WAIT,3.2258890890136764,3.148500670043118,0.4073394793514617,1.3484321986847349e-06,0.0,0.0,-0.01605511817953723,-0.006295083479239643,0.9557696028637079,inf,red,False
71.1,3423.918003853,LIGHT_WAIT,3.2258893182468484,3.1485008992762347,0.4073394791911199,1.348428723123757e-06,0.0,0.0,-0.015987066544683605,-0.007838573547024311,0.9565620419617283,inf,red,False
71.2,3424.01817694,LIGHT_WAIT,3.2258894557864664,3.1485010368158193,0.40733947909535695,1.3484266183604111e-06,0.0,0.0,-0.015987066544683605,-0.007838573547024311,0.9565620419617283,inf,red,False
71.4,3424.267686391,LIGHT_WAIT,3.225889730865068,3.1485013118943543,0.40733947890482586,1.3484224636671496e-06,0.0,0.0,-0.01605511817953723,-0.006295083479239643,0.9557696028637079,inf,red,False
71.6,3424.51839542,LIGHT_WAIT,3.2258900059428255,3.148501586972047,0.4073394787156211,1.3484183306640496e-06,0.0,0.0,-0.016115185176115994,-0.005747419414557467,0.9559718457902077,inf,red,False
71.7,3424.617697198,LIGHT_WAIT,3.225890143481391,3.1485017245105804,0.40733947862151615,1.3484163324185065e-06,0.0,0.0,-0.016093030402681067,-0.007315149609042819,0.9559113555447573,inf,red,False
71.9,3424.81805974,LIGHT_WAIT,3.225890418557899,3.1485019995870247,0.40733947843430096,1.3484122703184392e-06,0.0,0.0,-0.015987066544683605,-0.007838573547024311,0.9565620419617283,inf,red,False
72.1,3425.068652188,LIGHT_WAIT,3.2258907394794494,3.1485023205085017,0.40733947821755967,1.3484075051353829e-06,0.0,0.0,-0.01605511817953723,-0.006295083479239643,0.9557696028637079,inf,red,False
72.2,3425.16761009,LIGHT_WAIT,3.2258908311711156,3.1485024122001475,0.4073394781559651,1.3484062274110642e-06,0.0,0.0,-0.01605511817953723,-0.006295083479239643,0.9557696028637079,inf,red,False
72.4,3425.367720274,LIGHT_WAIT,3.2258911062455713,3.148502687274542,0.40733947797206577,1.3484022369428903e-06,0.0,0.0,-0.01605511817953723,-0.006295083479239643,0.9557696028637079,inf,red,False
72.4,3425.421332869,FOLLOW,3.225891152091236,3.1485027331201962,0.4073394779415448,1.3484015694671975e-06,0.11258125393788655,-0.01905591682648245,-0.015987066544683605,-0.007838573547024311,0.9565620419617283,inf,green,False
72.6,3425.568106168,FOLLOW,3.2292986535408605,3.15191023385482,0.4073372705499369,0.06833424508695055,0.11264924741981577,-0.019097828250956198,-0.016093030402681067,-0.007315149609042819,0.9559113555447573,inf,green,False
72.7,3425.718028974,FOLLOW,3.244212223429823,3.1668237873905207,0.4073170705488384,0.1126403837991177,0.07919439588173516,-0.015698157892549986,-0.014538884719453353,-0.03712483990463175,0.7212049504405731,inf,green,False
72.9,3425.918331468,FOLLOW,3.257701307315861,3.180312764911436,0.40726444768687464,0.0787659528338909,0.06444495747682774,0.006483394803840893,-0.020168992206452754,0.19970430552080423,0.8051649680824738,inf,green,False
73.1,3426.167467522,FOLLOW,3.2718575995492323,3.1944688175997022,0.4071821725563125,0.0644686641570304,0.07874026252767229,0.004312337349461708,-0.015530526127330593,0.13959602259014844,0.8851652599507516,inf,green,False
73.2,3426.27556103,FOLLOW,3.279885240937484,3.202496349913912,0.4071403353807387,0.07876090456332917,0.07871089556168277,0.0040707998792377485,-0.015569107602672473,0.1378292253723803,0.8819379164230452,inf,green,False
73.4,3426.517808373,FOLLOW,3.2959351067969314,3.2185460450653185,0.4070663983304348,0.07856125581772835,0.07661307738101361,-0.0037973198958516827,-0.025044804295382604,0.13272008773756663,0.8502776105053865,inf,green,False
73.6,3426.767581288,FOLLOW,3.312178359499378,3.2347891451227393,0.40699602104231886,0.08254292408113495,0.08251991645772133,0.006237715640981509,-0.006886600309531463,0.09664693131592025,0.853817985024446,inf,green,False
73.7,3426.917872268,FOLLOW,3.3206149549908592,3.243225683842452,0.4069651024684592,0.08306931878796522,0.0828843697097518,0.005952027060489467,-0.007264413460889317,0.09661292896258998,0.8575302001412086,inf,green,False
73.9,3427.167605424,FOLLOW,3.3380904485407896,3.2607011110709396,0.4069174158987261,0.09309223443669967,0.09205101451293629,0.008950689395539061,0.001602381543074266,0.054928019265090416,0.8724288688273376,inf,green,False
74.1,3427.420239252,FOLLOW,3.3567806111352496,3.2793912598293757,0.40689658006789375,0.09065185394224533,0.0911441282641723,0.007447240989924556,-0.00027262580936492087,0.056927753345872086,0.8676308699670053,inf,green,False
74.2,3427.517936684,FOLLOW,3.3629618799492187,3.2855725285902655,0.4068963386524305,0.09116985977583106,0.1028443769899752,0.008944877792161337,0.0046989000529996,0.0273976893363293,0.91573852264062,inf,green,False
74.4,3427.767581384,FOLLOW,3.3870006032581825,3.309611229386812,0.40692612102848,0.10334777789498503,0.09573437168529907,0.0031830423120250053,0.006075072658882339,-0.018054401507043696,0.8337953220531369,inf,green,False
74.6,3427.969089566,FOLLOW,3.4067738629519004,3.3293844168881193,0.40697942861893427,0.09532679202340896,0.09562394963809115,0.009768770285745555,0.001181911752913281,0.061037927615847185,0.9184639077414101,inf,green,False
74.7,3428.074462897,FOLLOW,3.4132666835568957,3.335877205592018,0.4069997713283981,0.09565355429848617,0.09605274419643121,0.009545972534016386,0.0012429205420279033,0.058762970641453006,0.9180300472045495,inf,green,False
74.9,3428.318256895,FOLLOW,3.4347471721607747,3.357357475167777,0.4070958404247853,0.07345514622266396,0.09471981321825097,0.0013426472277437251,0.008457217085954984,-0.04677911663799554,0.8816423849534605,inf,green,False
75.1,3428.518064587,FOLLOW,3.4502590865665494,3.3728691046522883,0.40718983678077575,0.09473903099333852,0.09333362617300953,0.0010010814451396417,0.009077552356842405,-0.05322670998811475,0.8812769233677855,inf,green,False
75.2,3428.617758123,FOLLOW,3.4598299729378907,3.3824398019471293,0.4072499958542013,0.09335220720518436,0.08039424899397993,-0.005843755183490398,0.008228055580083299,-0.10355991219948384,0.8434025200989996,inf,green,False
75.4,3428.868266476,FOLLOW,3.4768650887351127,3.399474607572847,0.40735267389059954,0.07986768569894229,0.08032334940181378,-0.005830440291006544,0.008304597740597684,-0.1039968151473834,0.8433898391767631,inf,green,False
75.6,3429.117750125,FOLLOW,3.493230789564938,3.4158401121849886,0.40743263564454035,0.08024729528425567,0.08026663553892285,-0.005636071790041344,0.00853540643485081,-0.10393505501371746,0.8426910707515229,inf,green,False
75.7,3429.218274967,FOLLOW,3.5014169249492055,3.4240261810319335,0.4074656169460159,0.08027531590672272,0.08026663553892285,-0.005636071790041344,0.00853540643485081,-0.10393505501371746,0.8426910707515229,inf,green,False
75.9,3429.418090016,FOLLOW,3.5150637145819927,3.4376728965227645,0.40751045970846383,0.08027515925979302,0.07444237461286572,-0.010546244870794226,0.007289546534730046,-0.1433318593862937,0.8426440378237368,inf,green,False
76.1,3429.668135744,FOLLOW,3.5329872061029115,3.4555963559190546,0.40754208233868855,0.0744441024231807,0.07444237461286572,-0.010546244870794226,0.007289546534730046,-0.1433318593862937,0.8426440378237368,inf,green,False
76.2,3429.767895198,FOLLOW,3.538049404759162,3.4606585544075252,0.4075430375180967,0.07444409642871876,0.07773907177848677,-0.013321793921656451,0.0015145552104923604,-0.1252816231347515,0.8507272042665099,inf,green,False
76.4,3430.018279965,FOLLOW,3.5563293311371766,3.4789384519427182,0.40751446290006843,0.07780328578671476,0.0980391646227888,-0.018175282878536463,-0.015260437638246142,-0.0236147348588148,0.8652257234887994,inf,green,False
76.6,3430.217880231,FOLLOW,3.5732541256686807,3.4958630890097937,0.4074427993228481,0.0976859813993919,0.09769386768173118,-0.017722909864771215,-0.014614855065668312,-0.025220569692610585,0.8654467098145885,inf,green,False
76.7,3430.36769299,FOLLOW,3.583290862267929,3.5058996047604714,0.40737638923624914,0.09991151410759053,0.09991762431244394,-0.016508495305945503,-0.014081364509458405,-0.01780111782726064,0.8697019818413199,inf,green,False
76.9,3430.617353964,FOLLOW,3.6071510312044466,3.5297587129780057,0.40715286009590423,0.10051462289695796,0.10078402357431644,-0.014961753102419153,-0.01297596063105938,-0.013810960883966094,0.8688652841050039,inf,green,False
77.1,3430.817496973,FOLLOW,3.6243298797976404,3.546936222794528,0.4069387329523429,0.10220351886627325,0.10220537630136804,-0.013744074294345755,-0.012111184813921599,-0.010112341081638478,0.873243461376747,inf,green,False
77.2,3430.968103527,FOLLOW,3.6382938639138365,3.560898721824447,0.40673520054577966,0.1031677262894742,0.10324190383949364,-0.01245483392280485,-0.01109884351694255,-0.007497891820537178,0.8764762117110892,inf,green,False
77.4,3431.167558693,FOLLOW,3.655869053494257,3.578471518916103,0.406445397733309,0.10405885546488214,0.10405821955325095,-0.011754562399205686,-0.010801193735684533,-0.004290281704512974,0.8764526436844561,inf,green,False
77.6,3431.418747127,FOLLOW,3.6772577402359055,3.5998564740909487,0.40604611964120396,0.10563781880530475,0.10563848818983078,-0.010316569944642686,-0.00992498208391782,0.00021473045540065918,0.8807933140960241,inf,green,False
77.7,3431.517532748,FOLLOW,3.684441109185604,3.607038385538934,0.4059014275751872,0.10563771912204552,0.10644916423325895,-0.009902138905921442,-0.00595972921864539,-0.023081909025463237,0.9382649087077555,inf,green,False
77.9,3431.769155575,FOLLOW,3.7098256169928696,3.6324169144886143,0.4053507754958078,0.10762363218400028,0.10860453688125798,-0.00814813074220771,-0.0051331221365283316,-0.01643448869298961,0.9422223913726169,inf,green,False
78.1,3431.968273051,FOLLOW,3.728296197878854,3.650882384553362,0.4049163553420749,0.10887727522777609,0.1098492327240257,-0.00670690652690972,-0.004241276310736449,-0.012944385748680544,0.9450338319205552,inf,green,False
78.2,3432.067867381,FOLLOW,3.7394667053532147,3.6620495198827796,0.4046419085255622,0.109852329404622,0.1098492327240257,-0.00670690652690972,-0.004241276310736449,-0.012944385748680544,0.9450338319205552,inf,green,False
78.4,3432.320450161,FOLLOW,3.7657527410176277,3.6883268834958054,0.40396684109287856,0.1109006670719414,0.11194566958109357,-0.004674111810335586,-0.0032325013074501192,-0.006635923632718022,0.948356890558147,inf,green,False
78.6,3432.567480945,FOLLOW,3.788598790835983,3.7111646976053474,0.4033534885805515,0.11209093079041793,0.11267646169085709,-0.0032848190484239333,-0.002274012724146123,-0.004518779457467109,0.9495780157660743,inf,green,False
78.7,3432.617729879,FOLLOW,3.796220978709864,3.7187840152585343,0.40314433266875865,0.112091061808107,0.11267646169085709,-0.0032848190484239333,-0.002274012724146123,-0.004518779457467109,0.9495780157660743,inf,green,False
78.9,3432.867830966,FOLLOW,3.819267280882511,3.741821343126548,0.4025012521075067,0.11312579374680477,0.11367392664316639,-0.0022311419635040056,-0.001720398800505302,-0.0017795350583651834,0.9514970290614604,inf,green,False
79.1,3433.06761411,FOLLOW,3.842471904372413,3.7650165890390443,0.40184162297880055,0.11389122470143945,0.11387935084950718,-0.0010100238207170526,-0.0010726113837917803,0.0011639780678860095,0.9517561126370165,inf,green,False
79.2,3433.167689591,FOLLOW,3.8502165062256846,3.7727580143273065,0.4016198294960758,0.11389117414391865,0.11391036332931775,-0.000406249130283445,-0.0006896216020779062,0.0021901569734985456,0.9544505605901366,inf,green,False
79.4,3433.468048118,FOLLOW,3.8773184917733,3.799848806251841,0.40084097568029203,0.11395395572159545,0.11264351219703803,0.0013889202704419881,0.00023261033441015328,0.006772129361813232,0.9545883607329695,inf,green,False
79.6,3433.667294531,FOLLOW,3.8965601360379614,3.8190825438547185,0.40028942243164023,0.11265776450583775,0.11355794804878634,0.001264326451821605,0.0004671614271066219,0.004400894336716676,0.9567278281244085,inf,green,False
79.7,3433.768526889,FOLLOW,3.9081432845168944,3.8306609826327866,0.39995914372747593,0.11357182409368902,0.11393952263824213,0.0018365675667806074,0.0010195327499908872,0.004083420613518248,0.9591890010569224,inf,green,False
79.9,3434.017744866,FOLLOW,3.9313568658341818,3.8538652781755625,0.39930262264566174,0.11346627706373406,0.11345103727080938,0.0024301485641251555,0.0013083495837955864,0.005736605074792347,0.9589841396764985,inf,green,False
80.1,3434.267641646,FOLLOW,3.9545039919761242,3.8770034264360294,0.39865800296707604,0.11346638318591674,0.11345103727080938,0.0024301485641251555,0.0013083495837955864,0.005736605074792347,0.9589841396764985,inf,green,False
80.2,3434.368969381,FOLLOW,3.966077570890626,3.888572626949929,0.39833968263345837,0.11346654587100183,0.11431413200116498,0.003606986203124605,0.002566042356745216,0.0041925662909120835,0.9626025495181031,inf,green,False
80.4,3434.617998471,FOLLOW,3.9893384199167006,3.911824929094876,0.39770918737624467,0.11424533757621422,0.11365341293131134,0.004470510415625788,0.0028767007650212055,0.007374789529943986,0.9645736494219328,inf,green,False
80.6,3434.817687974,FOLLOW,4.008702448038546,3.931182197161139,0.3971975787088302,0.11367266903182995,0.11387035123631507,0.004474508125066593,0.003035527355043071,0.006289104735053052,0.9638392304097602,inf,green,False
80.7,3434.92338444,FOLLOW,4.020318918848458,3.9427947875523777,0.39689735116507535,0.11388984888979221,0.11415607759319317,0.004628631069336088,0.0033007922292495584,0.005365842594402315,0.9640619704340985,inf,green,False
80.9,3435.168074544,FOLLOW,4.047537265293145,3.9700045605025127,0.39621429209925013,0.11484843895131296,0.11464690034559424,0.004948974636694061,0.003736659400695257,0.004229456330216663,0.9654927957634186,inf,green,False
81.1,3435.368219999,FOLLOW,4.07097447516139,3.993434985201568,0.39565041103857346,0.11505142219106973,0.11542383404789193,0.00536017209411525,0.004230227655636863,0.003148247225046217,0.9694357580083801,inf,green,False
81.2,3435.518420457,FOLLOW,4.082735937923933,4.005193252031959,0.39537624921832865,0.11544451484313559,0.07764934967321208,0.01638477989501058,0.0005496523962975688,0.1382031546390162,0.870648436453975,inf,green,False
81.4,3435.717966982,FOLLOW,4.096775101667707,4.019228735620973,0.3950548589332172,0.07768478784985587,0.07570182816154324,0.016483544805089134,7.686268289925496e-05,0.1457771146246483,0.8607567780378752,inf,green,False
81.6,3435.919023007,FOLLOW,4.112332150464615,4.034782574269644,0.3947391754805865,0.07677105154399279,0.07678408939060755,0.01617217574636272,9.694561595807033e-05,0.14090219695529677,0.8652642217206566,inf,green,False
81.7,3436.018111327,FOLLOW,4.120164383946982,4.0426135639542435,0.3945996422053386,0.07681938730878393,0.07678408939060755,0.01617217574636272,9.694561595807033e-05,0.14090219695529677,0.8652642217206566,inf,green,False
81.9,3436.268915947,FOLLOW,4.138573513011826,4.061020572626701,0.3943208943788874,0.07791768285620158,0.0759821665577729,0.019070970346580614,0.0038174699896076775,0.1435204738853234,0.8603721494648814,inf,green,False
82.1,3436.467895916,FOLLOW,4.151564081693876,4.074010213613527,0.39416607059113873,0.07602198060924864,0.07820311230316347,0.01808129820839843,0.002509499670710666,0.13886156937707078,0.8779302463719579,inf,green,False
82.2,3436.567403702,FOLLOW,4.159466400656267,4.081912182853967,0.3940918306286528,0.07824185091887789,0.07870994294241691,0.01728624538508845,0.0017136896832034496,0.13633142442969934,0.8794711628143089,inf,green,False
82.4,3436.768027328,FOLLOW,4.175508216645027,4.097953629303506,0.3939841108892528,0.07893222196819555,0.07894888122581502,0.01630653054678206,0.001019144902077558,0.13215156409265466,0.8752660547433893,inf,green,False
82.6,3437.017687862,FOLLOW,4.191742194650751,4.114187509619121,0.3939299245017117,0.08273930535340276,0.08269840194305118,0.018804576797691812,0.006190857566375187,0.11214549366086261,0.8823669560018415,1.4227182790260922,green,False
82.7,3437.118331479,FOLLOW,4.197368483215879,4.119813795031264,0.3939242363722564,0.08273969364016952,0.08229839194242725,0.01856834266110974,0.006721510189954125,0.10746381618426591,0.8700720008527618,1.4194610054513512,green,False
82.9,3437.317695219,FOLLOW,4.2138043632160285,4.136249651357058,0.3939470661166332,0.07861052137917401,0.07942938946152729,0.014515207456673352,0.007368705440897086,0.07429941087227764,0.7848606797405644,1.4017779506582018,green,False
83.1,3437.567572905,FOLLOW,4.2331937405556905,4.155638790279615,0.39404117412527584,0.08749863349027555,0.0805365305152969,0.02108720173615646,0.008426665953142901,0.12058991808714781,0.8734688713329479,1.3695355406408105,green,False
83.2,3437.66760955,FOLLOW,4.241421778321076,4.163866582912984,0.39410450943973063,0.08058252681073537,0.09041894801271494,0.018390089760634047,0.011625658008437343,0.059998833991891896,0.866512722012966,1.3771457413929602,green,False
83.4,3437.869062389,FOLLOW,4.256594114585595,4.179038108029173,0.3942609111823588,0.09799049270404155,0.0977932464558684,0.01520534972754008,0.014840205939357068,0.006146126801302571,0.8274655890703366,1.3431427256252486,green,False
83.6,3438.067389974,FOLLOW,4.276562768102414,4.199005014026141,0.3945245153532971,0.09783164433076898,0.08423987542824203,0.005326133627894743,0.01585192094192809,-0.06291029172049706,0.8124063606038718,1.333028748983157,green,False
83.7,3438.168031478,FOLLOW,4.284820618006458,4.207261937281695,0.39464821649099163,0.08426466606539486,0.0837569270681525,0.004719833069618462,0.015546893672171477,-0.06550867265956883,0.8122828321987496,1.33264346651416,green,False
83.9,3438.367577896,FOLLOW,4.301918319837926,4.224357520673048,0.3949173141738078,0.08395737759657003,0.08393410479563018,0.0043883473388681565,0.015208092989240647,-0.06599523284556076,0.8148519314150704,1.3054770935540578,green,False
84.1,3438.617746168,FOLLOW,4.319840520760831,4.242277176957892,0.3952192191805494,0.0776814407730413,0.07679278527042725,-0.0036452204440810517,0.012792525500299606,-0.11679426600692443,0.8267931478845376,1.2828773371146405,green,False
84.2,3438.717737163,FOLLOW,4.327721921743556,4.250157397492999,0.39535562061365603,0.0768047664409797,0.07679278527042725,-0.0036452204440810517,0.012792525500299606,-0.11679426600692443,0.8267931478845376,1.2817455317246196,green,False
84.4,3438.918529322,FOLLOW,4.3408210066796125,4.263254622164212,0.39557636347527547,0.07743870223703338,0.0768131931629599,-0.00332147812207241,0.012877070913242007,-0.11453410382253393,0.8233959897052243,1.2468210332576972,green,False
84.6,3439.168223876,FOLLOW,4.359503119976442,4.281934230553844,0.395882281312945,0.07614419016289845,0.07613182718420763,-0.0031894539364982857,0.013112273112455643,-0.11518389123608885,0.8171227286598655,1.2581932111912886,green,False
84.7,3439.26775356,FOLLOW,4.364680923870336,4.28711135806636,0.39596597009657036,0.07614417894812991,0.076116926104024,-0.00323768442673757,0.013018781042470458,-0.11499647345181478,0.816665594032599,1.2448721046900841,green,False
84.9,3439.517542366,FOLLOW,4.380245251978819,4.302673754764162,0.39621114603762797,0.0764663794291042,0.0773168434639576,-0.003564229901145564,0.012411429777908614,-0.11337476738445633,0.8269274276710347,1.2261942454301953,green,False
85.1,3439.767830571,FOLLOW,4.398849901077231,4.321276305494705,0.3964905092357069,0.08078821462728389,0.0807824886673147,-0.00833680204975351,0.006333544147579959,-0.11145779279910527,0.8607673614709066,inf,green,False
85.2,3439.867511639,FOLLOW,4.404343501821177,4.3267693623119365,0.3965678097025014,0.08078828679405312,0.0807824886673147,-0.00833680204975351,0.006333544147579959,-0.11145779279910527,0.8607673614709066,inf,green,False
85.4,3440.069763332,FOLLOW,4.420824340226012,4.343248813212408,0.39678152437575953,0.08078856122123036,0.0807824886673147,-0.00833680204975351,0.006333544147579959,-0.11145779279910527,0.8607673614709066,inf,green,False
85.6,3440.267485297,FOLLOW,4.437448828316459,4.359872178033009,0.3969747458201412,0.08221665700182754,0.08221753512769576,0.004114565197856533,-0.009258478625418738,0.09521893712506732,0.8482433408120914,inf,green,False
85.7,3440.367756135,FOLLOW,4.443041175957209,4.365464130880832,0.397041193691237,0.08224090493683583,0.08229525341673698,0.003914473841640536,-0.009308974663481257,0.09389380511371517,0.8467732469331186,inf,green,False
85.9,3440.618015926,FOLLOW,4.462738064594637,4.385159468034672,0.3972883334237119,0.08397512323850762,0.0827707043934855,0.007551644714716574,-0.006164594229479976,0.10234850053458698,0.8662445675053956,inf,green,False
86.1,3440.867586914,FOLLOW,4.479663722993261,4.402083493722118,0.3975233211129364,0.08258824673343013,0.08256068077644439,0.007295978664732054,-0.006392923969938277,0.10193901551229106,0.8633422256031882,inf,green,False
86.2,3440.967592205,FOLLOW,4.485279722546127,4.4076988733260745,0.39760676202279543,0.0825882443491845,0.08303633027340836,0.006662285566006997,-0.006878874969168974,0.09970267223894419,0.864447419386202,inf,green,False
86.4,3441.217582383,FOLLOW,4.505052845790464,4.427469490378224,0.3979214398285934,0.0831340338671827,0.08620271835317041,0.008657198851064985,-0.002272597139443649,0.08278481149737742,0.8670283985561852,inf,green,False
86.6,3441.41950036,FOLLOW,4.519497521868385,4.44191199365253,0.39817191007042824,0.08623154509413779,0.0860242908354982,0.008147003522332075,-0.002912676720979633,0.0831809687370964,0.8659437537670365,inf,green,False
86.7,3441.518854457,FOLLOW,4.528281194235739,4.45069416521604,0.39833426373263403,0.08605231760445736,0.08639384346882423,0.007586494837748283,-0.0034078432838808813,0.08183266968512289,0.8672370050612959,inf,green,False
86.9,3441.817796194,FOLLOW,4.5459347381579995,4.468344285316959,0.39868185318835864,0.08753928431752608,0.09660748869680026,0.009012865411903001,0.004752285061479389,0.03130885249390642,0.8680763560861449,inf,green,False
87.1,3442.067967863,FOLLOW,4.565599221672678,4.488004360075401,0.3990981055823836,0.09638457454690959,0.10745978983622304,0.00962451840006318,0.007689983529376367,0.009213389140902426,0.9161246832343736,inf,green,False
87.2,3442.167977689,FOLLOW,4.576544367316138,4.498946712297119,0.3993453549954316,0.10748985384750741,0.0921133193379994,0.0036436283480265454,0.009951494332397759,-0.03962018063254258,0.8436432101257161,inf,green,False
87.4,3442.467890092,FOLLOW,4.595281340759013,4.517678531511723,0.39978479618775264,0.09141054436016152,0.09114273487258032,0.002299554898135064,0.009171225507209554,-0.04408195318391915,0.843225910848741,inf,green,False
87.6,3442.718022505,FOLLOW,4.613887545462471,4.536279354782151,0.40023225682085706,0.09116487356904195,0.09104952856406626,0.0016959280408901072,0.008672975200651224,-0.04521593125320784,0.844514596871173,inf,green,False
87.7,3442.817846754,FOLLOW,4.620080401945156,4.542470377942079,0.40038293399688,0.0910696140380839,0.09131006515188857,0.0012451918447320884,0.008267382768365335,-0.045878633112744184,0.8481918133199936,inf,green,False
87.9,3443.118142305,FOLLOW,4.641811909014326,4.564195314483789,0.4009172807325238,0.09145939369223369,0.07756999792479684,-0.0058739416030444865,0.010044351049391498,-0.11754675780098152,0.8363771026793223,inf,green,False
88.1,3443.367987892,FOLLOW,4.657667209219603,4.580045947519995,0.4013019234458181,0.07752624521741296,0.07778218701749687,-0.006222640230623647,0.009792432062362195,-0.11873974721670669,0.8405981673212278,inf,green,False
88.2,3443.468202117,FOLLOW,4.662947687835502,4.585324971804535,0.4014258457230188,0.07779206351505691,0.07797757162211906,-0.006246718462464013,0.009627367177050476,-0.117726801735878,0.8410641408968763,inf,green,False
88.4,3443.717988216,FOLLOW,4.678843575386986,4.6012167804674755,0.40178588384897185,0.07798731886313404,0.07215821336074152,-0.011189287812740669,0.008190144392119132,-0.15806848697778944,0.8389421865260318,inf,green,False
88.6,3443.967717313,FOLLOW,4.693575886085585,4.615945862017775,0.40209418257415264,0.0719116546501321,0.07190863452172193,-0.010994269273607419,0.008516999375660292,-0.15875729923230864,0.8370723836841771,inf,green,False
88.7,3444.117583087,FOLLOW,4.7033784212273915,4.625746610861127,0.40228126898637273,0.07260151915500676,0.0725985357903936,-0.010853162550038058,0.008399697067625639,-0.1557502041299741,0.8405552309385099,inf,green,False
88.9,3444.317873027,FOLLOW,4.715903754542976,4.638270044709446,0.40249927975277155,0.07534557273458496,0.09065188571396367,1.9783109156924615e-05,-0.0028994491171008534,0.019474504817402996,0.792211559804765,inf,green,False
89.1,3444.517683617,FOLLOW,4.733428360107985,4.655792484350694,0.402774780262173,0.09066887896769367,0.08964649745624251,0.0005774338906881707,-0.002636645574905571,0.021921965544098695,0.7879963835600391,inf,green,False
89.2,3444.617719959,FOLLOW,4.742575402272971,4.664938391281501,0.4029188869853346,0.08966410018046747,0.08080859127953426,-0.00357131091708565,-0.021661118136898208,0.11407566451835895,0.8654527137670633,inf,green,False
89.4,3444.817571799,FOLLOW,4.756626650514101,4.678987922158164,0.4031385574734005,0.08082040820925918,0.08036708175736937,-0.0034478466743295354,-0.021826691482958724,0.11602676943748691,0.8639909493411189,inf,green,False
89.6,3445.067291729,FOLLOW,4.775790607836656,4.698149734470019,0.4034252453036079,0.08062530497652154,0.08061414886040143,-0.003633257238314815,-0.021965602948156297,0.11549586248685276,0.8657554207382536,inf,green,False
89.7,3445.16939023,FOLLOW,4.784014442272271,4.706372718669403,0.4035434952912171,0.08062585110299425,0.08154723222665065,0.0007768563049517426,-0.016755402726649042,0.11758809737793391,0.8793307661380969,inf,green,False
89.9,3445.367686706,FOLLOW,4.800614166940157,4.722970746742208,0.4037808184081414,0.08118528184098767,0.081453626776069,0.0005538444533612515,-0.016983259945676114,0.11727084944838634,0.8777830565231052,inf,green,False
90.1,3445.567720198,FOLLOW,4.814460881475948,4.736816011867177,0.40398116017120583,0.08167547628381973,0.08165774224129636,0.00044871297644758054,-0.016986735341705438,0.11642515495796724,0.8785440039683171,inf,green,False
90.2,3445.667887146,FOLLOW,4.822791788060625,4.745146035802315,0.40410242741214886,0.08167563928163518,0.0870933961839743,0.0033922712292500734,-0.007981604548843505,0.0793369597928879,0.8697309113513281,inf,green,False
90.4,3445.917382531,FOLLOW,4.843491932601502,4.765843851005287,0.4044129212863485,0.08685514920045775,0.08662654041738874,0.003211648699083258,-0.008348128869432769,0.0805069393207221,0.8671802874979644,inf,green,False
90.6,3446.117564928,FOLLOW,4.858256384532364,4.780606487860825,0.40464441392057643,0.08715692075323564,0.09668341320899311,0.00429340508386606,-0.0005443498748641772,0.03359396746095728,0.8733613483532175,inf,green,False
90.7,3446.268030653,FOLLOW,4.871071563141112,4.79341998600209,0.4048519328055966,0.09670728113519327,0.09699665058505202,0.004070972028890261,-0.0006432844798596061,0.032609433690688854,0.8742013766561039,inf,green,False
90.9,3446.467881304,FOLLOW,4.887821014690336,4.810167054977886,0.405134407760002,0.10486418746025054,0.10848321933028628,0.004739029774346061,0.0028532184369318317,0.010468014418902221,0.9276852424223517,inf,green,False
91.1,3446.717834904,FOLLOW,4.908147404186408,4.830490212565707,0.40549684188081564,0.0919394357204839,0.09192365665414456,-0.001467451928471592,0.005278335299553476,-0.04593228425160576,0.8539942955946458,inf,green,False
91.2,3446.817812897,FOLLOW,4.91752521282102,4.839866513397798,0.4056650006667194,0.09193919618386764,0.09176545553367703,-0.0015992710514146802,0.00512587802866693,-0.045904203519652284,0.8524708825075485,inf,green,False
91.4,3447.172204668,FOLLOW,4.933114746702733,4.855453593453706,0.40594158842667744,0.09157981736115486,0.09821711787856799,0.006515372345155237,-0.0006231436026363502,0.048902336762216975,0.9185394526195685,inf,green,False
91.6,3447.568597482,FOLLOW,4.952270009064187,4.874605782166021,0.40628472105927116,0.09231614220899981,0.0777257288622766,-0.008769554571880271,0.0069313882100399404,-0.12181050527322293,0.84496045521571,inf,green,False
91.7,3447.667850703,FOLLOW,4.961070967655569,4.883405351525053,0.40644108935835155,0.07349260589869114,0.0777257288622766,-0.008769554571880271,0.0069313882100399404,-0.12181050527322293,0.84496045521571,inf,green,False
91.9,3447.917813131,FOLLOW,4.979615571458268,4.901947381769966,0.4067498452576361,0.07810256774752052,0.07815661473185266,-0.0084490750349422,0.006954912679219015,-0.11881747234455055,0.8447711937955554,inf,green,False
92.1,3448.119288162,FOLLOW,4.992914130435841,4.915244454706899,0.40694857753412034,0.07850242858908461,0.05641186515365031,-0.01831381081191732,0.007991126361485357,-0.2670559712771002,0.7839556562837712,inf,green,False
92.2,3448.217588894,FOLLOW,5.000037837628063,4.9223674788724106,0.40704720743961487,0.050995888991432196,0.05641186515365031,-0.01831381081191732,0.007991126361485357,-0.2670559712771002,0.7839556562837712,inf,green,False
92.4,3448.467333424,FOLLOW,5.015540584312422,4.937869224652795,0.4072228029776748,0.07326746209197846,0.07326742065802647,-0.01225241768043929,0.0060538124206734115,-0.1522119028871699,0.842898787108407,inf,green,False
92.6,3448.667859895,FOLLOW,5.027999263181444,4.950327407299598,0.4073337673383837,0.07336549025691344,0.07336455988684282,-0.011716485399576008,0.006605026523965024,-0.15081807064779237,0.8418859443915663,inf,green,False
92.7,3448.768616807,FOLLOW,5.035482551620227,4.957810494953528,0.40738853364639155,0.07336563177648656,0.07580500895950144,-0.015105622529613163,0.000572125299748219,-0.1377152626264316,0.8491981312720275,inf,green,False
92.9,3448.968078662,FOLLOW,5.0509948747143145,4.973322600113347,0.4074697010107019,0.07631730056949676,0.09583183423196384,-0.01964759181020808,-0.016113437201869,-0.03125220513818223,0.8609935382285655,inf,green,False
93.1,3449.217655695,FOLLOW,5.069575570396207,4.991903247014903,0.407507923965173,0.09584105431973935,0.09585025276600011,-0.019497244934017152,-0.015745606528741445,-0.03261072897771194,0.8638718275374428,inf,green,False
93.2,3449.317808244,FOLLOW,5.079351359516722,5.001679032029973,0.40750063013049936,0.09584107021860724,0.0976212255308682,-0.018168882189558613,-0.01520685702131238,-0.0244655202144397,0.8632675891443982,inf,green,False
93.4,3449.5177603,FOLLOW,5.095944784388528,5.018272363608642,0.40744683769627205,0.09765666068874662,0.09766387578441649,-0.017934787668368313,-0.014661871124850158,-0.026415964471187388,0.8676132455542958,inf,green,False
93.6,3449.717602845,FOLLOW,5.114380742465028,5.036707948221736,0.4073304890327544,0.0862763867942273,0.0870284595213333,-0.012227446162146143,0.0011023799714372437,-0.10192680983340924,0.9100399385887252,inf,green,False
93.7,3449.817700584,FOLLOW,5.123231091410451,5.045557990771779,0.4072569059340248,0.08702842719326248,0.08761604606401968,-0.012052503761583898,0.0008248299441160067,-0.09812514782703732,0.9092449145345899,inf,green,False
93.9,3450.067980168,FOLLOW,5.141140483863245,5.063466459754992,0.4070754411308161,0.08846261681620567,0.08928580207863565,-0.01070279070105715,0.0014429233183792384,-0.09034484257154043,0.9121006784192149,inf,green,False
94.1,3450.317546001,FOLLOW,5.159326902505778,5.0816514788034075,0.4068500887807246,0.08930143185187475,0.0901479764417511,-0.009688444697552234,0.0020434639563202683,-0.08599699606511038,0.9127426198341536,inf,green,False
94.2,3450.417771074,FOLLOW,5.168463397551313,5.090787082832969,0.406722518194041,0.09015038129123841,0.09033573123148848,-0.00931569030832371,0.0023659180171978073,-0.0852114760723692,0.9131652811022365,inf,green,False
94.4,3450.617850851,FOLLOW,5.183814311018817,5.106136211639955,0.4064885434573396,0.09033857387111295,0.09082603052108451,-0.008751425353561552,0.002760400088234416,-0.08327896186994871,0.9144647862707918,inf,green,False
94.6,3450.867436242,FOLLOW,5.202412583903334,5.124731813585618,0.4061735081922015,0.09187939896989454,0.0922933983854664,-0.007299576985880069,0.003434003986548629,-0.07614916978790952,0.9155296878780128,inf,green,False
94.7,3450.967440952,FOLLOW,5.211797909633396,5.1341155751172085,0.40600217784961085,0.09229646479761822,0.0926605064366172,-0.006943169863090356,0.0037958365298198966,-0.07575333354212795,0.9184071838525508,inf,green,False
94.9,3451.217880127,FOLLOW,5.233820463569358,5.1561339334628205,0.4055724515094616,0.09257368173952199,0.08952486588372621,-0.00894405667496659,0.004464406437834686,-0.09692856180987794,0.9268221427046307,inf,green,False
95.1,3451.417578877,FOLLOW,5.252294984343769,5.174604320227131,0.40518175170511256,0.08952612184292115,0.09034714533729524,-0.008146650938317648,0.004748474600593536,-0.09228381825438688,0.9265924515630777,inf,green,False
95.2,3451.517984705,FOLLOW,5.261509556159956,5.183816564148611,0.4049746496739386,0.09034960150178988,0.09088529341283526,-0.007381224049396289,0.005057231365136583,-0.0883227472857442,0.9246115868172222,inf,green,False
95.4,3451.719347625,FOLLOW,5.27698144192228,5.199284165619963,0.404610612004235,0.09154650022742547,0.09233544411373214,-0.006060225745677531,0.0056882704937294,-0.08204893454957173,0.9272958845038772,2.982289974148348,green,False
95.6,3451.968807103,FOLLOW,5.298913614993207,5.221209533387483,0.40406437266124456,0.09265034681882181,0.09345582566045188,-0.00476232855323582,0.006275200133509285,-0.076088708939267,0.9269429871153698,2.9325686171573575,green,False
95.7,3452.067470407,FOLLOW,5.305240396343829,5.227534208090209,0.40390111871474443,0.09346274298373232,0.09345582566045188,-0.00476232855323582,0.006275200133509285,-0.076088708939267,0.9269429871153698,2.9058304438440907,green,False
95.9,3452.268400821,FOLLOW,5.324140812162895,5.246427995145271,0.40340062154036993,0.09181430318473145,0.09225286531519895,-0.004596108588037604,0.007117669073230828,-0.0809073688198102,0.9242725567670971,2.859235864389734,green,False
96.1,3452.467576759,FOLLOW,5.339809184411574,5.2620904685377,0.40297073407787315,0.09225921933019322,0.09411096099250053,-0.003008420502857321,0.007466184925586535,-0.0712325065865644,0.9239196676201336,2.807688193180163,green,False
96.2,3452.617660548,FOLLOW,5.352683655697628,5.274959871518707,0.4026095204473029,0.09646418854762796,0.10427750130521644,0.00619622180382099,0.007328940235825107,-0.00874336590435356,0.8879736848247873,2.788890630319084,green,False
96.4,3452.817952797,FOLLOW,5.374060379913961,5.29632841088664,0.4020180796257835,0.10539301588366058,0.08366326291277773,-0.008142735482388804,0.007662593487968071,-0.11628456039450773,0.8998760607102828,2.822832175406887,green,False
96.6,3453.017602215,FOLLOW,5.388737898853246,5.311000372540187,0.40161427984186043,0.083664036619906,0.08100083684357474,-0.008719561316657147,0.0067963716533038995,-0.1174707414154261,0.8732408978482205,2.793614956698378,green,False
96.7,3453.117678458,FOLLOW,5.397003449003842,5.319262505543708,0.4013766384142736,0.08100072785635973,0.08683102743576916,-0.010666293463188663,0.0028969207755496496,-0.10193844048828427,0.9079964686896957,2.7486652978970962,green,False
96.9,3453.368475486,FOLLOW,5.417716920271642,5.339966375458446,0.4007462101253977,0.09459795658527599,0.09778117613971903,-0.011812925770821976,-0.004888928111919865,-0.048974918853891714,0.9146103254743427,2.7056973995063567,green,False
97.1,3453.568251266,FOLLOW,5.4343379437726345,5.356578519398959,0.40020306608544043,0.09777678735720993,0.10121572401771722,-0.012279010606605373,-0.007679998558602189,-0.030739219207932048,0.908282956978272,2.238626955219817,green,False
97.2,3453.667333533,FOLLOW,5.444656975642679,5.366891473502561,0.3998489701117085,0.1012107734313529,0.10067562460361465,-0.011804145044056283,-0.0066894306892218754,-0.03458842057089869,0.9115095976348666,2.2465186638654537,green,False
97.4,3453.918494335,FOLLOW,5.465915184104997,5.38813576481002,0.39908000953030004,0.1145682880989311,0.11291379228236986,-0.01216060968596702,-0.008690222180468245,-0.014803111188440998,0.9757706736419249,2.207242974111267,green,False
97.6,3454.167553249,FOLLOW,5.48881048874838,5.411013997601642,0.39819616876571623,0.10995987747239788,0.10879003914260515,-0.01210576744002882,-0.006853390301078382,-0.029460940416336696,0.9733556774606936,2.1976264031764545,green,False
97.7,3454.267894074,FOLLOW,5.499987994638531,5.422182340009199,0.3977436740751434,0.10878550340693766,0.10757106899303452,-0.01193797419321442,-0.005664442257447406,-0.0371765289129592,0.9797405532048185,2.3897140932831418,green,False
97.9,3454.467515897,FOLLOW,5.518358780081964,5.44053681375232,0.3969697628940937,0.10756643925991305,0.10687441976339947,-0.011799527962705718,-0.0049804631260144646,-0.04134312469060529,0.9826727159973773,2.307013624518441,green,False
98.1,3454.71757444,FOLLOW,5.54378793714474,5.46594070908027,0.3958367521628189,0.10641349349588519,0.10628415615388559,-0.011706387074574786,-0.0040410629861959545,-0.04741581795258332,0.9906919304373086,2.254977714197516,green,False
98.2,3454.821128086,FOLLOW,5.5546285620722875,5.476769578135767,0.3953320430079196,0.10627874984776643,0.10633959505446478,-0.012224370530721295,-0.004147448871379161,-0.04995599848935069,0.996836222326769,2.2251089545588387,green,False
98.4,3455.01765059,FOLLOW,5.572701421645677,5.494821457687852,0.39446153287758934,0.10633294625878632,0.10667511772637642,-0.012293933040344379,-0.004369956322275227,-0.048672244973744505,0.9971284281902457,2.1630166516200924,green,False
98.6,3455.217835239,FOLLOW,5.594461423877329,5.5165537406095115,0.39336365618526714,0.10684101245319555,0.10684836453006358,-0.01239336828581556,-0.004560631772068106,-0.047905922206980395,0.9970419843988696,2.098296998573099,green,False
98.7,3455.318581826,FOLLOW,5.605359199094204,5.527436574795912,0.3927932084333475,0.10684086859841964,0.10724061762510208,-0.012437886882451848,-0.0047995960017089175,-0.046310199808991495,0.9971371141645616,2.066514560623268,green,False
98.9,3455.567850843,FOLLOW,5.627271123760973,5.549316216728092,0.39160432084964725,0.10750692915634365,0.10751488222645192,-0.012657015971967176,-0.005153906448378268,-0.04512907699028832,0.9970416726704188,2.070417378873219,green,False
99.1,3455.767825625,FOLLOW,5.649262056812492,5.571271587758478,0.3903542992012897,0.10809802124094069,0.1081060675767465,-0.01280602306044984,-0.005583546127811956,-0.0427662658204396,0.9972024969476697,2.0513339188045654,green,False
99.2,3455.867982448,FOLLOW,5.660283542101905,5.582274005707875,0.38970628535463453,0.10696777075760597,0.10839983202435334,-0.012872311126947986,-0.005806053578708025,-0.04148166742569,0.9970112206411713,2.0368319555360674,green,False
99.4,3456.118158601,FOLLOW,5.682224955735345,5.604175245112783,0.3883792098158894,0.10711904967295724,0.10999541681940027,-0.012537022957495493,-0.006246116649667705,-0.035330116480876826,0.9975899503406691,2.006926536305411,green,False
99.6,3456.367478734,FOLLOW,5.704477543018334,5.626383685649006,0.3869782903754237,0.11005490858752102,0.11088633384521285,-0.009086180536271993,-0.00364499766143856,-0.031019316074455714,0.9957114953326545,1.9872455724973626,green,False
99.7,3456.468124014,FOLLOW,5.715703157223215,5.637585854019874,0.3862531492910796,0.11005500345204684,0.11352681266799257,-0.0032923295442430353,0.00029760013800006046,-0.021556803749437452,0.9970416726704188,1.9763655293065105,green,False
99.9,3456.717540012,FOLLOW,5.738717896215164,5.660551277195234,0.38474731730343453,0.11310424509438011,0.11701778410629303,0.003828880911358,0.0046723509482338825,-0.009061220673791155,0.9972382834804663,1.9545185549308313,green,False
100.1,3456.917630239,FOLLOW,5.758525962736675,5.680316919626286,0.3834516076470239,0.11796304944706004,0.11876958105921162,0.009903821195009493,0.008759961270658527,-0.0020937877767098177,0.9949273066823203,1.9381981330706055,green,False
100.2,3457.018167629,FOLLOW,5.770558226402536,5.6923241598414,0.3826760166838821,0.11796342277213084,0.11838898117107349,0.015298085068794615,0.012469715011139228,0.004165104790218347,0.9968478121044606,1.939325058450006,green,False
100.4,3457.267817514,FOLLOW,5.7982776924637465,5.71999004893086,0.3809536928004929,0.11493624998239779,0.11441567118832106,0.022761109726920296,0.017464463537638666,0.01811847986390303,0.9966522189556036,1.9072719584477085,green,False
100.6,3457.467786338,FOLLOW,5.817512908882686,5.739192790708238,0.37983664849872956,0.11238308041681426,0.11221904146537372,0.028424871605184684,0.021673099675875412,0.027041287514463778,0.9983784156460874,1.8954298390167117,green,False
100.7,3457.574214274,FOLLOW,5.828913005669652,5.750575861451933,0.37921388657642613,0.11143982040399429,0.11199345592625025,0.030830135575761485,0.02388956544187511,0.02726535398850072,0.9968942414734348,1.920706984760044,green,False
100.9,3457.817957958,FOLLOW,5.851575255494817,5.773209481939367,0.3780758106595707,0.11017873239336408,0.11059948763347359,0.03489475638330482,0.027214615880798796,0.03260811523613428,0.9967965810666489,1.8505208133319317,green,False
101.1,3458.017719525,FOLLOW,5.873962987750058,5.795575833638056,0.3770986221145733,0.1089508205387315,0.10973934755774917,0.035977965185815405,0.028004706499860338,0.035802376175219044,0.9963472588663607,1.8077930211908892,green,False
101.2,3458.167734725,FOLLOW,5.885076004676216,5.806680680980598,0.3766727212597433,0.10895148338804697,0.10913210332874629,0.03760013469968818,0.029349437922968645,0.03829600572749098,0.9965034372006109,1.8801292848301598,green,False
101.4,3458.368146091,FOLLOW,5.903557155633772,5.825151506942222,0.37605591473257466,0.11022501252272361,0.11135808542887199,0.03517173258743582,0.0278365767648518,0.028697024699723392,0.9945599979086467,1.797467075309731,green,False
101.6,3458.621014693,FOLLOW,5.929904975560024,5.851490303642317,0.37536925356974216,0.11228066935008199,0.11377262908873781,0.033147188691428464,0.026429997612148898,0.02130768859350135,0.9986100705537893,1.7717200703161031,green,False
101.7,3458.718454422,FOLLOW,5.93754006150708,5.85912373013301,0.37521013548997234,0.112280746099672,0.11377262908873781,0.033147188691428464,0.026429997612148898,0.02130768859350135,0.9986100705537893,2.065632509160848,green,False
101.9,3458.9678366,FOLLOW,5.960742905956186,5.8823234095445045,0.3748292919941731,0.11452414693400893,0.11495341517123535,0.030800501485197116,0.024936709637667902,0.01527503778044586,0.9945267464213758,2.0422638588353617,green,False
102.1,3459.218059,FOLLOW,5.984205589031011,5.905784843651745,0.3745905835091067,0.11588253113133501,0.11742602094109467,0.028481243464012113,0.023401382841938708,0.00819984363284377,0.9986100705537893,2.0143753395080566,green,False
102.2,3459.317978364,FOLLOW,5.99610097188253,5.917680024528291,0.374521882286059,0.11663093366219185,0.11818517753903753,0.02750923665637483,0.02279565988789667,0.005577792280670119,0.9986100705537893,2.010737585490762,green,False
102.4,3459.568955447,FOLLOW,6.0198132373814515,5.9413922303496465,0.37448272006517425,0.11337137465496251,0.1139505199598456,0.025313754072939277,0.020380976937623987,0.014451470085735605,0.9838950107164994,1.9925572344344298,green,False
102.6,3459.817453445,FOLLOW,6.042809891782816,5.964388721318009,0.3745630426989732,0.11162885017896335,0.1113598386054337,0.02302043835346442,0.018236284697326556,0.018262727199809495,0.9703681207424862,1.9600559887775453,green,False
102.7,3459.967876902,FOLLOW,6.05412470476695,5.975703245202268,0.37464360912946776,0.11055939876756254,0.11032017232874097,0.02251690175069563,0.01739208108999575,0.02211186958976828,0.9701552957322974,1.948650639721237,green,False
102.9,3460.220210738,FOLLOW,6.076419562340548,5.997996849236045,0.37487831645484315,0.10826262813550473,0.10799751736740057,0.02138249906962144,0.015580313066090517,0.030032181109262368,0.9675501655810148,1.9196542117371462,green,False
103.1,3460.518136327,FOLLOW,6.101900003848184,6.023474301565778,0.3752669141938622,0.10560406701803045,0.1058555943433419,0.02069242745568615,0.014233110445907311,0.03729910105461318,0.9643865884988585,1.891809312188618,green,False
103.2,3460.567684128,FOLLOW,6.1054725607815135,6.0270462748724665,0.3753314877037894,0.10505416728447729,0.1058555943433419,0.02069242745568615,0.014233110445907311,0.03729910105461318,0.9643865884988585,1.8860062366183827,green,False
103.4,3460.869892839,FOLLOW,6.130280541158826,6.05184886245342,0.3758476244072671,0.10311883623826534,0.1024812982686021,0.02006368135433601,0.011642273559670152,0.05473832940382777,0.9708786327041565,1.877442123439207,green,False
103.6,3461.067861258,FOLLOW,6.147616881624224,6.069179838648053,0.37627854946858486,0.10167976568622628,0.1018123914513211,0.020108076969636974,0.01093426837375977,0.06060821707770548,0.9769921688085507,1.842844987013299,green,False
103.7,3461.217495674,FOLLOW,6.161342214408229,6.08289984261389,0.3766608427564307,0.10061190296436429,0.10141236431237256,0.020045136081459188,0.010298962013672315,0.06493406289652662,0.9822929701602937,1.846302052545011,green,False
103.9,3461.417809556,FOLLOW,6.178468218038709,6.100017709451011,0.37718846152807733,0.10094068444817803,0.10254131234070867,0.01996064581378289,0.009884252958841211,0.06565868832493578,0.9947761042435823,1.824493691186128,green,False
104.1,3461.672556208,FOLLOW,6.199217473259629,6.120754584039245,0.3779047288070955,0.10248926244936353,0.10360076258158071,0.019941625662345492,0.010161029927289907,0.0623510859020357,0.9979151058306839,1.797632742944874,green,False
104.2,3461.768061006,FOLLOW,6.20968141933175,6.1312111398630655,0.37829788785354207,0.10279640234666401,0.10360076258158071,0.019941625662345492,0.010161029927289907,0.0623510859020357,0.9979151058306839,1.7692126987643917,green,False
104.4,3462.017522489,FOLLOW,6.230668868814295,6.152181243612896,0.3791506417858449,0.10296509125806255,0.10488202777384599,0.019690843844882594,0.010587857566724073,0.056308017154720454,0.9970522943468746,1.770606581371379,green,False
104.6,3462.217810258,FOLLOW,6.251913766435177,6.1734049053654605,0.380099990536681,0.10452160650462303,0.10532615210978981,0.01948572242275531,0.010721143081748308,0.05356900481525086,0.9952641248636895,1.7525691944450565,green,False
104.7,3462.317864567,FOLLOW,6.262574979090483,6.184053987030205,0.3806084012844467,0.10452179915028387,0.10638961828290322,0.01918613116524367,0.010830317541138747,0.04968643900172923,0.9967076790081671,1.7299493993676498,green,False
104.9,3462.57301192,FOLLOW,6.280527525164953,6.201983783087417,0.38151175502359863,0.10572182440909299,0.10785312480275036,0.018506738671720348,0.01081846618471707,0.043846568985480554,0.9972966541263246,1.7115824613416128,green,False
105.1,3462.769919537,FOLLOW,6.302318528315153,6.223743141201794,0.3826854666339086,0.10704827936065478,0.1086915680775683,0.017895315361592667,0.01070539792082971,0.03989651334480364,0.9961050380687845,1.6930588784130411,green,False
105.2,3462.86800547,FOLLOW,6.3132648543019565,6.234671857648911,0.3833060937306067,0.1078860495855189,0.1086915680775683,0.017895315361592667,0.01070539792082971,0.03989651334480364,0.9961050380687845,1.6730337559768589,green,False
105.4,3463.118739258,FOLLOW,6.339017593865274,6.260378558133367,0.38484497867815476,0.10844916091930909,0.11015953877421283,0.017336166478052934,0.010787041644659563,0.034433251022484436,0.9970201366837231,1.6560346093391414,green,False
105.6,3463.369720191,FOLLOW,6.357608766074005,6.278932383766656,0.3860226871737176,0.10942432838343619,0.1086664372189678,0.01703264212223213,0.010123786022421461,0.03842223947434413,0.9925371408591268,1.6299598798008084,green,False
105.7,3463.46778672,FOLLOW,6.3686124344844215,6.2899122912142955,0.3867454067244512,0.1078589678161922,0.10722480257106513,0.017307525832518628,0.010014611563031019,0.04230883277572905,0.9880516097878294,1.6218427420138248,green,False
105.9,3463.717727864,FOLLOW,6.39027200727357,6.3115212479415765,0.3882251383469169,0.10484291703115695,0.10357529218922747,0.016882520188913612,0.009053834495257079,0.04977170146963589,0.9705257374617401,1.5921227769666606,green,False
106.1,3463.967810481,FOLLOW,6.41469874805106,6.3358844260078495,0.3899859465731267,0.10063299096705555,0.10043288520119116,0.016782417407450744,0.008438241343087452,0.056637367721027385,0.9554460068937513,1.582566866425249,green,False
106.2,3464.068006914,FOLLOW,6.418134881030899,6.339311082923488,0.39024096076419607,0.10149167227541347,0.09884896574119134,0.01797102912268247,0.009243076862874226,0.061225858642774036,0.9498270645818987,1.5450134376983813,green,False
106.4,3464.367950311,FOLLOW,6.441751109089172,6.362857073346587,0.3920606367912946,0.10021401729422261,0.10025080184113833,0.013042798999468265,0.00474033895902843,0.056232418299165574,0.9528680366752705,1.689993955174827,green,False
106.6,3464.621862034,FOLLOW,6.462202281869514,6.383241270884961,0.3937143416223377,0.10002527806225847,0.10247544323831406,0.0027756770670586944,-0.004229247455178975,0.04644546545968569,0.9531186865565984,1.9887892462717032,green,False
106.7,3464.718234998,FOLLOW,6.472485136139667,6.393489126225301,0.39456201410569974,0.10248135703710792,0.10247544323831406,0.0027756770670586944,-0.004229247455178975,0.04644546545968569,0.9531186865565984,2.1695412432670147,green,False
106.9,3464.924557803,FOLLOW,6.489991786809047,6.4109355958059995,0.39601236424850933,0.10375318164853217,0.1048665198149196,-0.007127285555821463,-0.012601237334270828,0.03810248138566963,0.9571308863582451,2.6685849920750826,green,False
107.1,3465.176247974,FOLLOW,6.515010375562393,6.435869679924351,0.3980668897255195,0.10694159982353767,0.09636795196459444,-0.013525213865702452,-0.020121938093520947,0.03929530242439081,0.8819580958813684,2.825800888209274,green,False
107.2,3465.267649657,FOLLOW,6.521987249363788,6.442823819900983,0.398629653601101,0.097911579757225,0.09636795196459444,-0.013525213865702452,-0.020121938093520947,0.03929530242439081,0.8819580958813684,2.822240860949255,green,False
107.4,3465.56771968,FOLLOW,6.545078099210493,6.465843564258698,0.40044017909647245,0.09747612879456515,0.09785315498730925,-0.022141097592918997,-0.027713906709484263,0.0316195972159737,0.8799029029569723,2.791220656853425,green,False
107.6,3465.76816273,FOLLOW,6.5650023081064806,6.485712992540275,0.40191641998381217,0.09759291069594352,0.09822178988297288,-0.02643350406090903,-0.03212192619356736,0.03180807478234133,0.8836033748133786,2.748221335955275,green,False
107.7,3465.867587578,FOLLOW,6.571657907787473,6.492351838047852,0.4023883616542086,0.09818296608872333,0.09822178988297288,-0.02643350406090903,-0.03212192619356736,0.03180807478234133,0.8836033748133786,2.759932647296711,green,False
107.9,3466.068584257,FOLLOW,6.588485651929568,6.509140911381641,0.40352831688635804,0.10035306522343189,0.09816385576211235,-0.030681135984555696,-0.03685037581661445,0.033631284608498124,0.8868108099218355,2.705939495642996,green,False
108.1,3466.317846437,FOLLOW,6.607199107653784,6.527817593029151,0.4047005868712205,0.07751809663417489,0.09684125814673508,-0.02899506370177279,-0.03715892647358164,0.0446703154587676,0.8971340168652634,2.7311149435813427,green,False
108.2,3466.418031429,FOLLOW,6.6157263799783825,6.536330028060497,0.40520337514245286,0.09664409885805693,0.09722244229279159,-0.028047809368327032,-0.036286994508815854,0.04632118173437783,0.9040090694837729,2.6989971480799544,green,False
108.4,3466.670949662,FOLLOW,6.638754089045137,6.55932310345475,0.4064651167821056,0.09475818080053534,0.09323042872941845,-0.022519341154346527,-0.03507741494638683,0.07020656181367482,0.913282486443223,2.639464943166991,green,False
108.6,3466.918844114,FOLLOW,6.6578277692394545,6.578373592565651,0.40740507912022916,0.09330749727882832,0.09229401405744916,-0.01911586360574707,-0.032309589065139074,0.07514508273349677,0.9136051446902749,2.6168552588387137,green,False
108.7,3467.018691618,FOLLOW,6.667311701478287,6.587847486677596,0.4078412811837091,0.09228565369620914,0.09229401405744916,-0.01911586360574707,-0.032309589065139074,0.07514508273349677,0.9136051446902749,2.581868915379515,green,False
108.9,3467.267660724,FOLLOW,6.6862130422203645,6.606731217177478,0.4086567800087213,0.09284318469326587,0.09183766230960672,-0.015163461911511899,-0.028596650987224293,0.07887579808040925,0.9162257048406675,2.556181015571511,green,False
109.1,3467.467813086,FOLLOW,6.70180201383437,6.622307619200325,0.40928257229724435,0.09147144322311196,0.09130061384097543,-0.012129964053323967,-0.02548943586335155,0.07999943317981063,0.9130050602632704,2.5421249186392227,green,False
109.2,3467.617909003,FOLLOW,6.714230830659867,6.634727453119921,0.4097549868128919,0.09130247781251398,0.09056732761385379,-0.010182457406085338,-0.023957559816303448,0.08358320534325421,0.9124341372266673,2.530970642656426,green,False
109.4,3467.817930083,FOLLOW,6.729653822851362,6.6501403050915995,0.41031411535477924,0.0905720039463541,0.0914070587092112,-0.008885911618487384,-0.022026528575935452,0.08101592338073255,0.9160052239276678,2.4768896508115406,green,False
109.6,3468.021503749,FOLLOW,6.745156805957873,6.665633995390382,0.41085077526442004,0.09118193952751175,0.09097972881072772,-0.006825881667033434,-0.01989968767330904,0.08182422340284179,0.9132549412422922,2.4614402513347593,green,False
109.7,3468.167585675,FOLLOW,6.7575446670496655,6.678014934460759,0.411264827445031,0.09098885453100854,0.09039059856594997,-0.004973268726532851,-0.018313590498020678,0.08474313195141073,0.9128379551629433,2.4375934248018467,green,False
109.9,3468.418111175,FOLLOW,6.77605069996581,6.696511245108625,0.41186459329830527,0.09105159945520752,0.09147353537576446,-0.0035713300628057183,-0.016062129118688654,0.08055065854982228,0.9157847430146682,2.4531923192381258,green,False
110.1,3468.668078983,FOLLOW,6.794650960112278,6.715102253845231,0.41245115734737803,0.09099443584885235,0.09128406252841342,-0.002198774328127846,-0.014505749145524948,0.08027281573926538,0.9133594529716725,2.4160609135495696,green,False
110.2,3468.767501781,FOLLOW,6.800858864942933,6.721307146040416,0.41264453568978293,0.09129857342851519,0.09105874615171337,-0.0015328558306130153,-0.013935288216062245,0.08135901976966367,0.9131655997717371,2.4047335757267168,green,False
110.4,3468.976005213,FOLLOW,6.819704848425797,6.740144122883876,0.41322711135052337,0.09899765350321639,0.0991101635510272,0.00038874253362045015,-0.011933894716707815,0.08202243475464276,0.9952775488291038,2.387294798261839,green,False
110.6,3469.217892503,FOLLOW,6.839917893646241,6.760347577257107,0.4138497094155105,0.09912772273880564,0.09991412308164714,0.0019150349526563676,-0.010059878286767996,0.07983365443741128,0.9987949751703346,2.3801288002271774,green,False
110.7,3469.317654365,FOLLOW,6.85004239881742,6.770467239191435,0.4141628340669641,0.09993377069746977,0.09991412308164714,0.0019150349526563676,-0.010059878286767996,0.07983365443741128,0.9987949751703346,2.3502793225816836,green,False
110.9,3469.567835346,FOLLOW,6.87045026302085,6.790865143581179,0.41480033734778493,0.10020139483035215,0.10017948963570332,0.0034471700461476745,-0.008185861856828187,0.0776441072959855,0.996877977008603,2.3598522370741226,green,False
111.1,3469.775442788,FOLLOW,6.887457984831561,6.807864253795163,0.41534148726207926,0.09980393706340365,0.10074098842315876,0.004709323664771748,-0.006557224547042297,0.07513076250922467,0.9971904717797584,2.3432809112532107,green,False
111.2,3469.91756581,FOLLOW,6.901128114521165,6.821527168044339,0.4157855750831458,0.10076528802685847,0.09982911783063775,0.00550707817088774,-0.006322268818414349,0.07922443705247914,0.9966781832048538,2.331559125742638,green,False
111.4,3470.117874712,FOLLOW,6.918382052476139,6.8387716652402615,0.4163562646588656,0.07002363223844207,0.07,0.004724859620184586,-0.0046936315086284625,0.07671170661737423,0.9985539702044015,2.300049492288961,green,False
111.6,3470.367529441,FOLLOW,6.931133048282223,6.851515607099324,0.4167803376015634,0.09810422153292545,0.10192221632788592,0.006646357116099856,-0.003708582541206557,0.06864216387908816,0.9951051668177707,2.244649468600054,green,False
111.7,3470.519336847,FOLLOW,6.945059048462286,6.865433453579285,0.4172567833119049,0.10278994682173345,0.07,0.0030102650710978262,-0.005703978575393665,0.06695655879654998,0.9968669354428698,2.2190155040171238,green,False
111.9,3470.717472783,FOLLOW,6.960484429499531,6.880849501305024,0.4177933002298342,0.07085835457571589,0.07,-0.001307376238131484,-0.01012226642574893,0.054819730345774705,0.9952887899098617,2.218071276259981,green,False
112.1,3470.967446282,FOLLOW,6.978326221155943,6.898680745867489,0.4184066619863331,0.10666367998126168,0.09811763090376817,-0.007198610176850184,-0.014509220776572254,0.04715682877709979,0.9140410142093945,2.2693842196972898,green,False
112.2,3471.068184899,FOLLOW,6.985065154331427,6.905415866738102,0.4186333038092121,0.0989661120180848,0.10112253404802456,-0.011229624809893052,-0.01633714773716209,0.03389594263520735,0.9140970256755931,2.196244658654481,green,False
112.4,3471.419496916,FOLLOW,7.009149058347559,6.929487220765093,0.41941050808032987,0.10270369033339732,0.10320349946712523,-0.017835855000325068,-0.02126153172316094,0.024906491086893464,0.9135799338846722,2.347865234375,green,False
112.6,3471.723594248,FOLLOW,7.026787980454287,6.947118474040936,0.41993037678107625,0.10403418472308797,0.10530711697600949,-0.02286454063682278,-0.02463508055845075,0.017323024719135393,0.9155642621016685,2.1507957024608704,green,False
112.7,3471.832281675,FOLLOW,7.033979862728484,6.954307687323126,0.420126273997989,0.1061304952300885,0.10530711697600949,-0.02286454063682278,-0.02463508055845075,0.017323024719135393,0.9155642621016685,2.1385400018668963,green,False
112.9,3472.118548108,FOLLOW,7.059370965297209,6.979691618797752,0.42072827705526966,0.10811138348198683,0.10799088505801659,-0.03004566754471423,-0.029184813277245304,0.006022293522175401,0.9134730589738649,2.1205064643877996,green,False
113.1,3472.368397418,FOLLOW,7.07793652680021,6.998254119869604,0.4210642288967247,0.109852396359579,0.10825445856569568,-0.035772728618641336,-0.03294377147820314,-0.004675733745245543,0.9126656760680664,2.117133601519142,green,False
113.2,3472.517944422,FOLLOW,7.092755310479579,7.013071627660562,0.4212576656493854,0.10784416475960028,0.10699213125054864,-0.03707764201927659,-0.03379952522274386,-0.010027434741629423,0.9139522732125456,2.207323839233223,green,False
113.4,3472.769280931,FOLLOW,7.112105779038664,7.0324215222332365,0.421403225963674,0.08463451495382965,0.08341012058718138,-0.031184050869865136,-0.03502764013598202,-0.02064917550335644,0.7309666344506955,1.993012890211832,green,False
113.6,3473.018067019,FOLLOW,7.1292760434694,7.049591743740013,0.4214265903325134,0.08402783987342108,0.10488709876524148,-0.03669052587555519,-0.033234277569290205,-0.016039469063892243,0.9091077683738145,1.9484817681009652,green,False
113.7,3473.117824601,FOLLOW,7.136394826337367,7.0567104930054265,0.4214051824463202,0.10570167332384271,0.10654620907128054,-0.03535736634206876,-0.032243145249580135,-0.010307052962910965,0.9107637718418184,1.946223325583376,green,False
113.9,3473.370215805,FOLLOW,7.158077082969298,7.078392041750432,0.42123544988252953,0.10494905407758942,0.10410586195238326,-0.0323152652964034,-0.029141143401716467,-0.016281626642156186,0.9028616157608721,1.9745673049051606,green,False
114.1,3473.61816927,FOLLOW,7.17931016758156,7.099622841157223,0.4209263516061871,0.10321241956108307,0.10132098758627431,-0.029199721255082377,-0.025718711414888736,-0.023890663041948347,0.8947712626668924,2.022885747081055,green,False
114.2,3473.76942854,FOLLOW,7.189806304490483,7.110117032435073,0.42072444432535855,0.1021450695505113,0.10017149861894831,-0.028364885102009962,-0.02476805439576705,-0.026790622423524497,0.8906720050974618,1.849986995322668,green,False
114.4,3473.96802126,FOLLOW,7.2104150932887485,7.130720054708848,0.42023810547154616,0.09992955954077536,0.09972443632178224,-0.026204926066668587,-0.021981394111551693,-0.031443433004273456,0.8963636075226207,1.7766400571329626,green,False
114.6,3474.218049574,FOLLOW,7.230870172724211,7.151166462797558,0.41964335473276415,0.0994685004376887,0.09813708958915594,-0.02409366657834663,-0.019509619143845636,-0.036148365858591394,0.8917152344672613,inf,green,False
114.7,3474.317917682,FOLLOW,7.240999520636247,7.161290302046612,0.41930940955951057,0.09896645035840172,0.09813708958915594,-0.02409366657834663,-0.019509619143845636,-0.036148365858591394,0.8917152344672613,1.669589207448337,green,False
114.9,3474.517785207,FOLLOW,7.257408493479403,7.177688472198763,0.41871440962325335,0.057162026070159216,0.0669512880094112,-0.0009344554398732183,-0.03178810526193331,0.19979773650750823,0.8366089792563982,1.669904764732233,green,False
115.1,3474.719813259,FOLLOW,7.268504001836253,7.188776144936593,0.4182974937880182,0.0678759585203947,0.06672566947556735,-0.0008363350053183956,-0.03192190351026554,0.2015768614980961,0.8362628921764816,1.6618563919153961,green,False
115.2,3474.870115123,FOLLOW,7.277705787101303,7.197971389661965,0.4179506128082672,0.0675845905267777,0.06459602032864044,-0.0004581646334156128,-0.03236746931325085,0.20794545356348132,0.818142851606066,1.766761098502175,green,False
115.4,3475.070669643,FOLLOW,7.2889083215366774,7.209165914766013,0.4175270736819037,0.06545565649177372,0.10019914493140233,-0.019296492903575855,-0.01932138264774826,-0.0014282245279574296,0.8379742676881734,1.8244420367856296,green,False
115.6,3475.317731156,FOLLOW,7.312582663615807,7.232821512546189,0.41658565201702874,0.09839893067383235,0.04220737146852816,-0.016492905621798906,-0.07074488059206961,0.2029654872535522,0.5301997563169325,1.6117595955000632,green,False
115.7,3475.418112481,FOLLOW,7.321521872801703,7.2417524939432045,0.4162022251032728,0.06514629967062764,0.06396898305346735,0.009384967107157282,0.02950423021596077,-0.09724891754415767,0.6626772412445251,1.6035630603467697,green,False
115.9,3475.617809956,FOLLOW,7.331740264997979,7.251961157653165,0.415756453486319,0.06484251427208758,0.06355411095966361,0.009728674230137225,0.030301471153040653,-0.09824265807854765,0.6596951911742033,1.6000330451927594,green,False
116.1,3475.817969831,FOLLOW,7.343955892739915,7.264165974129481,0.41524266734019316,0.03549059945576247,0.035920352422906435,0.0055177292267883015,0.08656862694535622,-0.4420711600158986,0.6301561006861816,1.8685437545776367,green,False
116.2,3475.967471955,FOLLOW,7.347704875304504,7.267911821981363,0.4150893903817838,0.0367889000866048,0.0731249970566376,-0.012456674414354491,-0.020237481166693765,0.019759860653464235,0.6394778869745663,1.5877393703011176,green,False
116.4,3476.219525477,FOLLOW,7.36259174160207,7.282785943529839,0.41447359592239474,0.0739689677708181,0.030533728844375285,0.01560357787439801,-0.04055731114178726,0.555003534530624,0.6074962285162097,1.4992585951008064,green,False
116.6,3476.417483523,FOLLOW,7.369526270569012,7.289714209049606,0.4141789465011329,0.030496073881800628,0.02961340801030158,0.01601679180102794,-0.04286669732766879,0.5808845324319484,0.6051527889562747,1.4971387550651805,green,False
116.7,3476.567749988,FOLLOW,7.373674884857222,7.293859465918845,0.4140120938764093,0.030530667166184047,0.02964814195754568,0.015729432435393025,-0.042902543014773614,0.575941386561668,0.6028093493963397,1.5728375396645893,green,False
116.9,3476.768672233,FOLLOW,7.379813632983089,7.29999375098671,0.413778065568297,0.04276448578351679,0.04172746064887112,-0.0018545373083307007,0.05335182751180095,-0.36810230418152995,0.6677283056675422,1.5688375127397198,green,False
117.1,3477.01756704,FOLLOW,7.391465980519991,7.311637514979374,0.41333090449034254,0.06356551688997054,0.04879645545602412,-0.005955627527757196,0.027054538905254596,-0.2569981776222348,0.6678996314381751,1.563388035521741,green,False
117.2,3477.118188545,FOLLOW,7.397571764874314,7.317738636462011,0.41309232914206195,0.05202950196324518,0.048239382173828296,-0.005980786247998766,0.027213222833250325,-0.2592084530523545,0.6624960103960559,1.4920553817410844,green,False
117.4,3477.317904712,FOLLOW,7.4059399365685925,7.326100069351792,0.41275657363021273,0.04909180406545754,0.05448671396437604,-0.0068456770214839705,0.03165346284570221,-0.2876888402014214,0.7806230235947574,1.5489315229333291,green,False
117.6,3477.567689866,FOLLOW,7.419094090767321,7.339242924030701,0.41221149827548176,0.055277352471673515,0.08825259867522268,0.006157343892211722,0.015465703533072566,-0.055940209736519406,0.8382897572869563,1.4643110405044226,green,False
117.7,3477.667909318,FOLLOW,7.424948263002507,7.345091839010784,0.41196345369843423,0.08912002717184107,0.059868194070530796,-0.01828488029922872,0.017889867058401274,-0.31550342735595355,0.89241454264742,1.526313616258604,green,False
117.9,3477.869790173,FOLLOW,7.43556744281629,7.355700711407779,0.41149574713094456,0.06515098985190183,0.06043767563520937,-0.012924036956567788,0.01112484887265569,-0.21544727178396994,0.7749208871386274,1.4545317124885595,green,False
118.1,3478.117866551,FOLLOW,7.451181396021868,7.371297639730711,0.41076699670951144,0.07615765229482067,0.07531856466839068,-0.013974244515833659,-0.007994433000172198,-0.07203419424422444,0.7406862080182357,1.4267442325605033,green,False
118.2,3478.217696431,OBSTACLE_WAIT,7.456360169496454,7.376470157344521,0.41051252716802533,0.07615855435853246,0.0,0.0,-0.008189220656902137,0.02289239310549593,0.8483320889228942,0.10058297844914249,green,False
118.4,3478.471803932,OBSTACLE_WAIT,7.460451551497283,7.380556381350152,0.4103071603074413,0.0008559898256659375,0.0,0.0,-0.0051456642855196195,-0.10177074425437192,0.8550610033990713,1.4353112922404567,green,False
118.6,3478.667697942,OBSTACLE_WAIT,7.4605970657273,7.380701699431576,0.4102996074043437,0.000855962037622033,0.0,0.0,-0.004247655829373923,-0.09753924572643825,0.8555258872183837,1.4298485591604466,green,False
118.7,3478.817501904,OBSTACLE_WAIT,7.460713476277008,7.380817952831872,0.41029356066952094,0.0008559578420892081,0.0,0.0,-0.004247655829373923,-0.09753924572643825,0.8555258872183837,1.4114471814843912,green,False
118.9,3479.017775205,FOLLOW,7.460858988661893,7.380963268491004,0.4102859967180029,0.0008559525994808925,0.08253669019923165,-0.015400087179372308,-0.004247655829373923,-0.09753924572643825,0.8555258872183837,1.4126676272096037,green,False
119.1,3479.268077308,FOLLOW,7.472322253719015,7.39241022821864,0.4096748282565957,0.048403100088335746,0.06346783277721778,0.01308359012879765,-0.01030989569900656,0.20524968575332406,0.800289288413658,1.4209828470016101,green,False
119.2,3479.369097097,FOLLOW,7.476723375370922,7.396805255695131,0.40944330016362007,0.06434312276820964,0.07459578781727604,-0.02506922529494853,-0.0032705968735842472,-0.20349736034972563,0.9378825216861314,1.4433522054284964,green,False
119.4,3479.567565144,FOLLOW,7.491358968436405,7.411420094808362,0.4086643733013151,0.07541930884439499,0.06331527079139027,0.012495173453799207,-0.011151000382805337,0.20489753407539382,0.7979010660630789,1.3751802229009429,green,False
119.6,3479.767554077,FOLLOW,7.504305858483082,7.424347389063654,0.40795236783295213,0.06270004558047304,0.06145007059300667,0.01463223060344124,-0.008069749469608659,0.21176707223505153,0.7831902036525193,1.3660247467298572,green,False
119.7,3479.869071525,FOLLOW,7.508557325475083,7.428592821623769,0.4077259325030268,0.06232934254629225,0.06148807900362543,0.012629844929329257,-0.012661215581984214,0.21974590468161959,0.7938955239424321,1.4081165187511302,green,False
119.9,3480.117587381,FOLLOW,7.523101684450302,7.443117747688567,0.4069743896176463,0.05759074665717118,0.05506638231991903,0.01049279658764089,-0.021987001350428137,0.2687727144104245,0.7672269578511346,1.409430391008796,green,False
120.1,3480.317960537,FOLLOW,7.532755407997224,7.452757493881506,0.40645510325440914,0.056859851922937694,0.055979808777751314,0.01503095918234008,-0.015416259896543813,0.27734644153612387,0.7899525890308859,1.2611076948257205,green,False
120.2,3480.468688194,FOLLOW,7.540650147779635,7.460641462657434,0.4060428758236942,0.061808342547202015,0.06027895263271856,0.01715906352740059,-0.011831543642856837,0.2654053983339235,0.8356237601609543,1.2694992842287758,green,False
120.4,3480.670358478,FOLLOW,7.5510572669853495,7.471035707343802,0.405525443329086,0.060085376422033994,0.059203555016471655,0.01565279678826411,-0.018313124126725214,0.29254491549093276,0.8541900209509408,1.3509400707498396,green,False
120.6,3480.86872671,FOLLOW,7.563375668847111,7.483340653057207,0.40494993645247385,0.06069116687301845,0.06506400794194671,0.021266987267870352,0.0038723854463779336,0.19356836448157272,0.8045820162649451,1.34228732625154,green,False
120.7,3480.967828725,FOLLOW,7.569917090555693,7.489875694247265,0.40466110793157695,0.06595376661707669,0.06506400794194671,0.021266987267870352,0.0038723854463779336,0.19356836448157272,0.8045820162649451,1.65347271670447,green,False
120.9,3481.167604795,FOLLOW,7.581851328481118,7.501799437980996,0.40416077406359635,0.05404135275697952,0.05270540946108405,0.021070431267611628,-0.0003494475316911244,0.2678071982596407,0.7332719130277854,1.334020933769573,green,False
121.1,3481.417777335,FOLLOW,7.592001923011187,7.511942229383478,0.40376297140887624,0.04229195334384553,0.03768043744507864,0.019577066035604756,-0.051248670374371114,0.6089019618675882,0.7919972346326827,1.2658494815568904,green,False
121.2,3481.519132477,FOLLOW,7.596067007338669,7.516004508397433,0.40361198656892366,0.03856818946224685,0.053010061107105225,0.02047170717061693,-0.0017450563852422912,0.2677220343744253,0.7374163717656022,1.3374868431921636,green,False
121.4,3481.76764217,OBSTACLE_WAIT,7.605283425099094,7.525215439495307,0.4032941098536008,0.030343540312340878,0.0,0.0,-0.007976408612363595,0.1843738856775021,0.350287518138925,0.1014196987897443,green,False
121.6,3481.967482979,OBSTACLE_WAIT,7.606462200816259,7.526393558025362,0.40325475373324554,0.0008595735102098398,0.0,0.0,0.03863694332990679,-0.061654535247052,0.7354616625525052,1.2785250357162978,green,False
121.7,3482.067718545,OBSTACLE_WAIT,7.606520651728764,7.526451975679269,0.40325278221487715,0.0008595710678520816,0.0,0.0,0.033816846461094084,-0.022756395982091646,0.755514396789223,1.4328724219126692,green,False
121.9,3482.319633471,OBSTACLE_WAIT,7.6067252286555656,7.526656436037807,0.4032458770891635,0.0008595628010985127,0.0,0.0,0.029237754435721987,0.014262536648460954,0.7745644943141051,1.279636061195873,green,False
122.1,3482.567382961,FOLLOW,7.606900578738784,7.526831686002992,0.40323995244700145,0.0008595556932314011,0.084545905644768,0.026955103329921504,0.0246432043411164,0.05198897004253083,0.7961211836185766,1.338604301217317,green,False
122.2,3482.668062288,FOLLOW,7.6103624282684645,7.530291501455636,0.40312129848653855,0.06864605882307631,0.06611455439282167,0.023135708468803584,0.01047030496414253,0.1663347425781132,0.780061857140111,1.2818064282999484,green,False
122.4,3482.867899855,FOLLOW,7.62232065017099,7.542243337280254,0.40273078116891103,0.06700713588874523,0.04282112923244809,0.017945862372685972,-0.02839090371686226,0.4432188554195156,0.752241324565751,1.2634685944023951,green,False
122.6,3483.117502872,FOLLOW,7.630724078822296,7.550643115877636,0.40248316821013863,0.023866520296487146,0.03311237340312289,0.021142476511533788,-0.029249515835253093,0.5659515493647882,0.6663530914977491,1.3446565174044554,green,False
122.7,3483.217915235,FOLLOW,7.632903021156316,7.552821144958382,0.402420093616343,0.03400216310725085,0.06479440571514931,-0.025323561660631537,-0.02154478187298977,-0.12164656188704889,0.7041620618921289,1.276623022541662,green,False
122.9,3483.468028733,FOLLOW,7.644949798471335,7.564862797699276,0.4020690220088854,0.06526535988684863,0.06489705810215166,-0.02547957143043998,-0.021821440051224675,-0.12104533757858014,0.7044647822227572,1.264992617643805,green,False
123.1,3483.667777267,FOLLOW,7.6560911471432345,7.575997890594846,0.4016959622989133,0.06572450346950887,0.06495105816784252,-0.02490032309828279,-0.021194146858984908,-0.11887232901488458,0.7021105588235352,1.2461602981671476,green,False
123.2,3483.817892074,FOLLOW,7.665034725028882,7.584935240233275,0.40136234791343467,0.0658901013317316,0.06594311169045904,-0.024678351137221888,-0.021094159824939063,-0.11331168301775689,0.7051952009428635,1.2305170026452767,green,False
123.4,3484.020370846,FOLLOW,7.678533437050921,7.598422416252349,0.4008047015198605,0.06593206811487214,0.06649394971265306,-0.024313532592457606,-0.02096550018592372,-0.10831198237621145,0.7041598207179749,1.2095523989051251,green,False
123.6,3484.218393979,FOLLOW,7.692077791614621,7.611952387914036,0.4001809359349917,0.06648104074040269,0.06683478990873773,-0.023791760632847152,-0.020359777231881683,-0.10571972232748728,0.7041598207179749,1.1796151467688216,green,False
123.7,3484.317568176,FOLLOW,7.698893460585821,7.61875966382108,0.3998428257455372,0.06682592864615708,0.08355430618765768,-0.027044748962273577,-0.01968536593005138,-0.08818927288057452,0.8497982496623644,1.176522867421475,green,False
123.9,3484.517848735,FOLLOW,7.71228321698094,7.632130728361214,0.399135730922246,0.08519454529282779,0.08520605596876002,-0.025823094719956557,-0.01867881475482466,-0.080828095223404,0.8535305331866174,1.16817302721943,green,False
124.1,3484.718465311,FOLLOW,7.72859861510442,7.648419420441782,0.3982028355938293,0.07420054527360107,0.07769345906686653,-0.015160010699326687,-0.012796085464675847,-0.04662382800221141,0.722911460399522,1.085952850283202,green,False
124.2,3484.820026009,FOLLOW,7.736518654675315,7.656325193861058,0.39772769130217367,0.07769143148292175,0.07934815886816941,-0.013132860551443802,-0.010986018969321498,-0.03861482787140275,0.7250683134140593,1.0612129973740134,green,False
124.4,3485.067343677,FOLLOW,7.756310338987509,7.676078278397537,0.39649234318445564,0.09010973374757414,0.09381627374526555,-0.007657966196510532,-0.0030994424637019327,-0.03444043119892385,0.8491163004035303,1.3501506337384714,green,False
124.6,3485.268264017,FOLLOW,7.772162428648405,7.691897157631405,0.39546678594023527,0.09483331821989804,0.043960677197654216,0.02664897379183192,-0.0019704132292298893,0.4062927559565476,0.7384411577377663,0.9732063798946993,green,False
124.7,3485.367504798,FOLLOW,7.7786110976226315,7.698331945387029,0.39504389410656143,0.09483337784252788,0.043960677197654216,0.02664897379183192,-0.0019704132292298893,0.4062927559565476,0.7384411577377663,0.9850621171332259,green,False
124.9,3485.619401655,FOLLOW,7.790562246124936,7.710258666148372,0.3942804648199143,0.07788749040022735,0.11445124582898221,0.002777085538690165,0.0031257578282487732,-0.0044594288415690745,0.9643934482957532,0.9599053606237797,green,False
125.1,3485.817794111,FOLLOW,7.808530476447127,7.728194826580139,0.3932075068570615,0.054977565263369804,0.05112275481691234,0.0333172138290535,0.007071893603273302,0.38278625796418025,0.8337122904156475,0.968804165203947,green,False
125.2,3485.917442487,FOLLOW,7.814014072779553,7.733669814530505,0.3929003954048459,0.05118715801777936,0.05112275481691234,0.0333172138290535,0.007071893603273302,0.38278625796418025,0.8337122904156475,0.9771116538573295,green,False
125.4,3486.117469625,FOLLOW,7.8260990744706245,7.745738866658127,0.3922799503039762,0.11536622997356541,0.06351912741562213,0.02948949442247365,0.01730264879368991,0.19885839815298226,0.7924783936707219,0.9715144514578204,green,False
125.6,3486.369446507,FOLLOW,7.844110014600117,7.763728668793858,0.3914080247253857,0.05034329077017656,0.0630919526731853,0.027385221386250408,0.017479763467761547,0.17741749369602144,0.7589666080195555,1.0532110129672914,green,False
125.7,3486.468505914,FOLLOW,7.847948407563427,7.767563458602228,0.3912417614225693,0.0630188944534639,0.0630919526731853,0.027385221386250408,0.017479763467761547,0.17741749369602144,0.7589666080195555,1.0948901697804483,green,False
125.9,3486.667617443,FOLLOW,7.861014289284215,7.780619069792278,0.3907242014658943,0.0649714755015955,0.0710620680390075,0.03140364993276246,0.019712131464524732,0.1682830377446141,0.8413201644504508,1.081798779386616,green,False
126.1,3486.917737424,FOLLOW,7.875594649642679,7.7951910613354825,0.39023092202231974,0.07398319119111321,0.05343598929035525,0.03205239869454413,0.011361292979665982,0.3248657079952436,0.8069565876954087,1.052573865327304,green,False
126.2,3487.019215407,FOLLOW,7.882109366508376,7.8017029522613734,0.39003912060836676,0.042594634889111124,0.06162356459531842,0.03821959929314804,0.014950111178596584,0.31645632128448226,0.9198040082166354,1.0620134435943234,green,False
126.4,3487.219461761,FOLLOW,7.892282883655852,7.811873349042665,0.38978780044371425,0.06168838813237373,0.07238445917188734,0.033699044349464566,0.01953600716623364,0.1853831553941431,0.8827633981570403,1.0490474891205817,green,False
126.6,3487.467748213,FOLLOW,7.909471560501866,7.82905936435449,0.38948765661823587,0.08163238352843868,0.08373042068911406,0.02998418537524609,0.021077870639593436,0.1024311805485919,0.8764327940554545,1.0536528866546528,green,False
126.7,3487.567494524,FOLLOW,7.917868510719784,7.837455676382085,0.3893843791446467,0.08378582057749862,0.08373042068911406,0.02998418537524609,0.021077870639593436,0.1024311805485919,0.8764327940554545,1.0482702869901008,green,False
126.9,3487.767487576,FOLLOW,7.934560850364966,7.8541474744938125,0.3892525980596797,0.0798137774384633,0.07692479017880498,0.029068965308914164,0.01568613166071542,0.1512083755259599,0.8833664298361337,1.1041543529655244,green,False
127.1,3487.967136629,FOLLOW,7.946987800965912,7.8665743600647575,0.38921589962614583,0.053703393269376884,0.0666475575022255,0.03185462736036929,0.010930585412155774,0.2483357909338937,0.9002082688961985,1.074915447323459,green,False
127.2,3488.067660748,FOLLOW,7.953772118025968,7.873358668852904,0.38922468275629446,0.06670758071989902,0.06719577480388643,0.03078595727343862,0.010053214580628494,0.24082375579197898,0.8970968496495528,1.0848564843812092,green,False
127.4,3488.317629195,FOLLOW,7.970864593763655,7.890450743034179,0.3893368502759664,0.078275675771302,0.07904775213336826,0.02521540492939562,0.012105329722510091,0.13491195315208662,0.8809080726237924,1.0537213210307996,green,False
127.6,3488.517964728,FOLLOW,7.984346889858754,7.903932082880382,0.3894966193325554,0.08021213004558661,0.07396200850772937,0.020515521198088648,0.008360028532640201,0.1314697058081497,0.8189284771371417,1.0692335062584166,green,False
127.7,3488.61774379,FOLLOW,7.992325537549495,7.911909820225399,0.3896170374809046,0.07400828216154395,0.07396200850772937,0.020515521198088648,0.008360028532640201,0.1314697058081497,0.8189284771371417,1.0631662088614855,green,False
127.9,3488.819206611,FOLLOW,8.0095538685608,7.929135220997097,0.389934164592842,0.09403279953510424,0.08442996965660479,0.008618555329443816,0.018625288265061032,-0.05517259904193212,0.800629348450589,1.0509861878006985,green,False
128.1,3489.067658742,FOLLOW,8.0272169053135,7.946794207394449,0.3903122412650192,0.08373577503096506,0.08370741044529657,0.0077886717711044195,0.01807331414335891,-0.05759114454723144,0.7979952031822529,1.0569056113123096,green,False
128.3,3489.267526086,FOLLOW,8.04427645617133,7.963849168467726,0.39070786179435585,0.08351194941396824,0.08282828947841708,0.006958363830585474,0.017523563848537354,-0.06002487242782701,0.7938140270984155,1.0312295373780327,green,False
128.5,3489.467779737,FOLLOW,8.062027724304496,7.981594942073107,0.39114938062003646,0.09300293068666377,0.0786950757092822,0.0018354320329634587,0.014597618795873197,-0.08139355109737265,0.7892354572826656,1.0259138382156794,green,False
128.7,3489.717882898,FOLLOW,8.07870871790479,7.998270031886743,0.3915931219859277,0.07792735780139355,0.07558462306264062,-0.009674625519314965,0.008474405521762554,-0.14200370673703291,0.8534822056723467,0.9737228546414971,green,False
128.8,3489.818484636,FOLLOW,8.08642196517594,8.005980588700014,0.3917968203894699,0.07558865077645664,0.08020237379942108,-0.007380265768458092,0.007795199911066149,-0.11361708797862911,0.8581939516631699,0.9795452866298353,green,False
129.0,3490.017436496,FOLLOW,8.099894427827437,8.01944875599479,0.3921369632250724,0.08020950061370344,0.08538094471259561,0.00371046255704837,-0.007976775776868877,0.08232876759020123,0.8579517883106947,0.9673251105007108,green,False
129.2,3490.267975236,FOLLOW,8.120091067498032,8.039639032743642,0.39264386466079493,0.08449463095485055,0.08659434809361843,0.004768181718202838,-0.007611341279038522,0.08769033517899837,0.8798172217996589,0.941251431861611,green,False
129.3,3490.367474592,FOLLOW,8.128851162890433,8.048396211265942,0.3928699051824651,0.08661846289533369,0.08659434809361843,0.004768181718202838,-0.007611341279038522,0.08769033517899837,0.8798172217996589,0.9321910597655281,green,False
129.5,3490.568811177,FOLLOW,8.143621523617352,8.063161407751261,0.39326044197414817,0.08706747133198214,0.08524020802552855,0.002259927936235562,-0.009418769285935446,0.08051391601464812,0.8533147116718742,0.9184082209797386,green,False
129.7,3490.767841015,FOLLOW,8.161148081661581,8.080681503273661,0.3937363407035643,0.08550850815102444,0.08548232215418455,0.005948893205365023,-0.006274646203541703,0.0885847112065081,0.8701115767284155,0.9080298909970899,green,False
129.8,3490.91777071,FOLLOW,8.172883150961466,8.092411987339842,0.3940643459152672,0.0887468556904612,0.08871944804541429,0.00655872853672579,-0.004794518895727056,0.0816955026144981,0.8903283149565977,0.876672082508789,green,False
130.0,3491.119105985,FOLLOW,8.188010236583969,8.107532741829747,0.39450193288553803,0.08914516413476592,0.084584118176892,0.0037797239250349605,-0.011366802569699512,0.10555103099265897,0.8908664197902636,0.8500567028860804,green,False
130.2,3491.317622553,FOLLOW,8.202708005415818,8.122223942854143,0.39494126197663804,0.08460787591154034,0.09375414104224791,0.007493910644108956,-0.0002335810351525823,0.05547147581809629,0.8896320205118877,0.8547800807085681,green,False
130.3,3491.417799343,FOLLOW,8.211949814823436,8.131461438525788,0.3952235949523484,0.09378280184269737,0.09409905202313595,0.006921680591848928,-0.0004040318908071598,0.05231062479805991,0.8867083544477035,0.852893756520986,green,False
130.5,3491.667666207,FOLLOW,8.23431172136778,8.153812054294892,0.3959340365062729,0.09388001605079736,0.0938538264848713,0.00589694279817473,-0.0005585443099105133,0.04611041950068226,0.8722743730189622,0.8437652403559719,green,False
130.7,3491.867447497,FOLLOW,8.250291818174938,8.169783402545734,0.3964627186019409,0.09408358762200424,0.09635087407418862,0.0062636221777608025,0.014937913170167544,-0.055638500036139626,0.914607661256964,0.83663743860636,green,False
130.8,3491.971325946,FOLLOW,8.260119310270348,8.17960522464137,0.3967964978329912,0.09637711352798943,0.11202994265953188,0.005890881904961075,0.008660791056616452,-0.022236377790079972,0.9854816081789812,0.8211305819997494,green,False
131.0,3492.21806957,FOLLOW,8.285688999304783,8.205159080162135,0.3976961253801266,0.10855371331935391,0.10852928341370595,0.005041932828894757,0.005679319990027092,-0.006500214912756455,0.9191078548333109,0.8042696384040249,green,False
131.2,3492.417833909,FOLLOW,8.302644817538106,8.22210372969362,0.3983114386373735,0.09251478278057218,0.10918348309669833,0.004741549188434021,0.003287669414043815,0.007398328516320819,0.926691010733018,0.7683594482775626,green,False
131.3,3492.517656097,FOLLOW,8.3127346303125,8.232186671758283,0.3986837279231256,0.11262659826216333,0.10918348309669833,0.004741549188434021,0.003287669414043815,0.007398328516320819,0.926691010733018,0.7636052434887171,green,False
131.5,3492.769598678,FOLLOW,8.338535894191807,8.257969580085948,0.3996567588770205,0.10710584972725704,0.10533821239232835,0.004645231432519544,0.0009137607645090832,0.023673091988079646,0.9297701280990582,0.7103780609673684,green,False
131.7,3492.96779406,FOLLOW,8.356447780645016,8.275868074013292,0.40034927203960236,0.10348717988062313,0.10346207084241563,0.00482150572618236,-0.0003470374397437515,0.033760340134436344,0.9349529799920699,0.6957754045766358,green,False
131.8,3493.118001616,FOLLOW,8.36700348632687,8.286415613008984,0.4007644123286005,0.10348741268743133,0.1004310634420505,0.005379640646578361,-0.001612636023751557,0.04687850613486631,0.9350100750108232,0.7190517342991996,green,False
132.0,3493.367710056,FOLLOW,8.387343495133198,8.306739217291454,0.40158112624306214,0.09929044094784942,0.10151739993921012,0.006854079137002315,-0.000951349893739125,0.05187976131072288,0.9557012177794889,0.6936065201927764,green,False
132.2,3493.668084073,FOLLOW,8.407732746089545,8.32711095884042,0.4024258905911871,0.09909841653895474,0.09532218303951706,0.008918753011220826,-0.0024624533748944973,0.07943278578593814,0.9520954117048495,0.6704225850614778,green,False
132.3,3493.767886412,FOLLOW,8.41760350882588,8.336972748626984,0.40284666816507536,0.09535323940732077,0.09532218303951706,0.008918753011220826,-0.0024624533748944973,0.07943278578593814,0.9520954117048495,0.687961653414833,green,False
132.5,3493.967901165,FOLLOW,8.43508249093843,8.35443498677746,0.4036115370881213,0.1057267314327789,0.10319670757935394,0.004257501960385809,0.00010656794976809068,0.0271332080603466,0.9183070993673945,0.6545957002185985,green,False
132.7,3494.217844518,FOLLOW,8.455831348433758,8.375163324559713,0.40453407244161776,0.09599165079385481,0.08658608578243875,0.00677719137296937,-0.00021470335299815513,0.05422755234841029,0.914081752983334,0.6137352728892598,green,False
132.8,3494.317788867,FOLLOW,8.464996495659001,8.38431905302529,0.40494947223654615,0.08661350120894373,0.08267795204975888,0.008456095907789991,0.00011628059497312965,0.06819281939909252,0.9109617610666036,0.6098425933435279,green,False
133.0,3494.567840593,FOLLOW,8.482328965512696,8.401632800658405,0.40575481828181637,0.0855490431179245,0.10277241368556103,0.003182440043372143,0.0015972961772400991,0.010253995090077038,0.8962084133830277,0.6430418972696053,green,False
133.2,3494.817888404,FOLLOW,8.502432150015403,8.421713040873234,0.40671501094741663,0.08869822193378772,0.08192437422550508,0.0066401367232129345,0.0025526846155320207,0.03769256886925091,0.8933594261419576,0.5926731546832325,green,False
133.3,3494.917969961,FOLLOW,8.511054983245092,8.430325783129735,0.4071320508397462,0.08195129044105817,0.07456117930051148,0.008377187747854222,0.0026882987585390462,0.05790016200357177,0.8926377249571255,0.5788914083464101,green,False
133.5,3495.126901013,FOLLOW,8.526415113031971,8.44566716563678,0.4078906815581634,0.06910193917470989,0.0667246534884007,0.00441675789058767,0.001374664651841228,0.035511359815545485,0.8270393356308291,0.5562043243365971,green,False
133.7,3495.317966362,FOLLOW,8.539890079388005,8.459124726771377,0.4085753351150343,0.0636253245904456,0.05805682814755146,0.005864043325994909,0.0034843122820193157,0.044954723536798004,0.8654555776896591,0.5176462317533621,green,False
133.8,3495.417440741,FOLLOW,8.54421660467099,8.463445508592315,0.40879819233331915,0.06362541998609843,0.06600461944978943,0.006666811820750415,0.0034843122820193157,0.044954723536798004,0.8654555776896591,0.5474412943306344,green,False
134.0,3495.619560317,FOLLOW,8.555601173165533,8.474814362750141,0.40939609962958334,0.03952173097343504,0.06239069880639694,-0.0008750901596408016,-0.00023294904900495296,-0.007914466099983242,0.7785370514164545,0.5383617022310072,green,False
134.2,3495.868152891,FOLLOW,8.567362476934775,8.486557918806248,0.4100419756129411,0.060758985751967955,0.05537221278573927,0.0013999419393947753,0.001495393340753217,0.007096758177314918,0.7783190714757325,0.5111828554773454,green,False
134.3,3495.967644204,FOLLOW,8.573384398778437,8.49257073629028,0.41037298706073655,0.05539337812473446,0.06079778958817855,0.0015371134940251208,0.001495393340753217,0.007096758177314918,0.7783190714757325,0.5318753426312246,green,False
134.5,3496.217695863,FOLLOW,8.584837363854918,8.504006231744922,0.4110053246650484,0.05016593036019934,0.02430203523299014,0.014710440621320844,-0.006124503593920361,0.42890236823763456,0.7767684279415142,0.4890955324637692,green,False
134.7,3496.417682579,FOLLOW,8.589983900821707,8.509144510643946,0.41129672937649553,0.02178007391295082,0.022189154665962354,0.013133222498244881,-0.023709075606679092,0.5142296956346237,0.6648626321825066,0.5224799936467468,green,False
134.8,3496.517391648,FOLLOW,8.591479637101843,8.510637691731345,0.4113841202283515,0.022229781014105575,0.020772348515824223,0.012294649299456516,-0.023709075606679092,0.5142296956346237,0.6648626321825066,0.5082743590461223,green,False
135.0,3496.767743126,FOLLOW,8.596652502926302,8.515801123085383,0.4116963659353016,0.022472527986697452,0.0177978672722707,0.010702176934127965,-0.02376131156853495,0.5195868435120544,0.6673702388004716,0.4788218915113858,green,False
135.2,3496.96792653,FOLLOW,8.599805660927457,8.518948054405934,0.4118944211729804,0.016609775376315108,0.019415187404465205,0.011960462297838441,-0.02389991056529117,0.5281755051565276,0.6677331994719024,0.49678660225886667,green,False
135.3,3497.117765122,FOLLOW,8.602351064511796,8.521488155607916,0.4120586286431903,0.0194550111260804,0.01929413551402473,0.012015958781417426,-0.02350205066767469,0.5298014887492547,0.6662431917371185,0.49634036076111493,green,False
135.5,3497.319748976,FOLLOW,8.605638024124016,8.52476788615809,0.41227649904730324,0.019334236615749012,0.0209943699244069,0.013208427985340339,-0.02322268631740748,0.531814637213708,0.6647172091530394,0.5145963139112189,green,False
135.7,3497.517941792,FOLLOW,8.61054446184977,8.52966268464264,0.41261422614995924,0.028684846091585264,0.022485952959101146,0.01512646713245045,-0.01982008545365066,0.5382991337382584,0.8554299031933912,0.47984360203990256,green,False
135.8,3497.66770835,FOLLOW,8.61382399451096,8.532933821256663,0.4128487379467542,0.022530670685029487,0.024094383937253976,0.016240218931359886,-0.0205244857109676,0.5424550478829812,0.8632329143338254,0.4918117850587799,green,False
136.0,3497.867524686,FOLLOW,8.617727181612596,8.536826339870748,0.4131371131077752,0.021147711580656217,0.02266098991532276,0.015376961306910145,-0.021943715451941043,0.5517594699551636,0.8703771665647049,0.4806863737413197,green,False
136.2,3498.118061964,FOLLOW,8.623091225646418,8.542174475088192,0.41354989380003515,0.024909092570998916,0.024861554814765444,0.016925060399441385,-0.02211581172387536,0.5537517657051961,0.8694644777234622,0.49885595634815877,green,False
136.3,3498.218013002,FOLLOW,8.624785051191786,8.543862964916265,0.41368423235391305,0.02490926160383728,0.021350165623365034,0.014697383637465384,-0.021907160830861694,0.5567508892772517,0.8661206348702021,0.47196835794274444,green,False
136.5,3498.417813675,FOLLOW,8.629291023531009,8.548353984622134,0.41405099298667464,0.021654812301954512,0.021518183065430248,0.015061915748298087,-0.022155803210619773,0.5639879964892213,0.8686494747499959,0.47412433453944564,green,False
136.7,3498.667656717,FOLLOW,8.633817191014229,8.552863973104502,0.41443332770600577,0.02279492944160935,0.022222009093491233,0.015714091682818107,-0.02186341040082737,0.5663371820554549,0.8675607349150274,0.48048409259188135,green,False
136.8,3498.768208475,FOLLOW,8.6360893074986,8.555127511252389,0.41463057733531244,0.022269032383757496,0.023977110521591675,0.017152523842260063,-0.021664808354313142,0.569675599915166,0.8635084949691537,0.49632857087416654,green,False
137.0,3499.018108688,FOLLOW,8.640712639574073,8.559732399775516,0.4150431092606692,0.020829440164606017,0.022276629171711818,0.01620851212646884,-0.021210412589896616,0.57387796362149,0.8654332846023336,0.48278780900923896,green,False
137.2,3499.267793989,FOLLOW,8.645680482532738,8.564678880015215,0.415503295571968,0.0269866820727067,0.020201988474998666,0.014920364306883893,-0.021642898110260073,0.5815578008933472,0.8632790333714754,0.4674887385559576,green,False
137.3,3499.368001843,FOLLOW,8.647754493532105,8.566743479490903,0.41570065289413505,0.02024910695335193,0.026074565735516926,0.01930340282281611,-0.021755503335172677,0.5829841176136696,0.8624932886502619,0.5166879034292016,green,False
137.5,3499.56795425,FOLLOW,8.651805250386815,8.570774986015927,0.41609508265391737,0.020571081106122453,0.019893695489850746,0.014966794319000819,-0.02095230578702778,0.5854327672780285,0.8618740888733982,0.46585380813985294,green,False
137.7,3499.817901031,FOLLOW,8.65711987230218,8.576062547552464,0.4166306793452872,0.02515171634577648,0.025065257013386234,0.019020235084712206,-0.020980041642750108,0.5888886775106765,0.85960864046078,0.5102546460404149,green,False
137.8,3499.917918346,FOLLOW,8.65882910751128,8.57776262764509,0.41680734961398874,0.025118631381636763,0.023388571962460677,0.017747918434833244,-0.020980041642750108,0.5888886775106765,0.85960864046078,0.4961901255084556,green,False
138.0,3500.117811209,FOLLOW,8.6636738317691,8.582580163998527,0.4173198647783238,0.02352622426732913,0.023638395832191034,0.01865474528013821,-0.014882439318987473,0.576271681817177,0.8555597091782013,0.49668225355003875,green,False
138.2,3500.367857386,FOLLOW,8.668744783679696,8.587620612649701,0.417875201502796,0.023421574663415646,0.023367675657159616,0.01851290439334792,-0.0148119090259686,0.5775532121565271,0.8568198985777302,0.49439862383911043,green,False
138.3,3500.467540054,FOLLOW,8.670337483464804,8.589203279660738,0.41805368818848115,0.023422390050894144,0.023813063585975597,0.018925321840658833,-0.015130446168854061,0.5803505865259682,0.8569598974279359,0.49863830129930026,green,False
138.5,3500.667753115,FOLLOW,8.675163311046509,8.593997346681212,0.41860641498243234,0.02322694854759635,0.022704074184497856,0.018134491245032705,-0.015032507622985969,0.5819779793375852,0.8593935785448064,0.48916476654923563,green,False
138.7,3500.867765681,FOLLOW,8.679045314056197,8.59785227736869,0.4190640673888593,0.022654753238337426,0.021165229838533084,0.017027031485956783,-0.014135259744599782,0.5808071496283066,0.8579486475598661,0.4764298743984286,green,False
138.8,3501.017756602,FOLLOW,8.681977908265363,8.600763486729244,0.41941757166308546,0.02110428931754585,0.021069301255378602,0.017147223297543448,-0.01409253426399018,0.5855072382115531,0.855362551399146,0.47700540402538655,green,False
139.0,3501.21804813,FOLLOW,8.686405008349576,8.605156727940033,0.4199640395044882,0.022244456290515243,0.021789627471088358,0.01781224199960298,-0.013775659849905586,0.5859280643848952,0.8537157906250585,0.4834883633418701,green,False
139.2,3501.418482238,FOLLOW,8.690200148211902,8.608921285302673,0.42044485527068215,0.023004317880583616,0.020588923478843228,0.01697544006210846,-0.014048610649746912,0.5908499582963319,0.8582150831609633,0.4733293861325762,green,False
139.3,3501.519412672,FOLLOW,8.69238530507567,8.611088163882567,0.42072689543091535,0.020642467854031968,0.020865495981085367,0.017258402616061354,-0.01349663461987785,0.5896802539872419,0.8564703958507207,0.4758077714400201,green,False
139.5,3501.767738852,FOLLOW,8.697210154496167,8.615870876255853,0.42136313867535996,0.020167314957910007,0.019323765795290496,0.016704982751459402,-0.016278340381500916,0.6213633846482122,0.8470775959536095,0.4698930688750583,green,False
139.7,3501.967425659,FOLLOW,8.700296690468441,8.618929125537655,0.4217800446074053,0.017004915163846966,0.018895453454355313,0.01639283880192766,-0.016189232505371548,0.6225215488812983,0.845590932143087,0.4666081636788502,green,False
139.8,3502.067852662,FOLLOW,8.702226894668236,8.62084108594822,0.42204479903848313,0.018949187615325283,0.017951025261252876,0.015651456115061815,-0.016473170322899022,0.6259522933956986,0.8415376546053436,0.459576773000486,green,False
140.0,3502.267312492,FOLLOW,8.7058548047307,8.62443352453799,0.4225508685035734,0.01688598890410587,0.01718182859239731,0.015054495087977618,-0.015921169066812374,0.6256904538528061,0.846775965041205,0.45175533934702067,green,False
140.2,3502.517671544,FOLLOW,8.709396322657323,8.627938891113839,0.42305559125161757,0.01769402272829134,0.019222640397073585,0.016880338931505662,-0.015615901290826906,0.6253402608669235,0.8486898376301789,0.46933972778492966,green,False
140.3,3502.617844082,FOLLOW,8.711365736175845,8.62988753160894,0.4233408788179637,0.019272959210787893,0.017323799435541888,0.015237698300126185,-0.014944124529508496,0.6231144625911293,0.8494507629639442,0.45214439834752634,green,False
140.5,3502.817145098,FOLLOW,8.714292489057163,8.632782503153821,0.4237710156301096,0.01660172212679539,0.013429278475427246,0.011517193683976792,-0.019237985240383587,0.6308861576863796,0.6599543180195273,0.45295945234741447,green,False
140.7,3503.067538367,FOLLOW,8.71738817810393,8.63584336213505,0.42423407841593924,0.012563712747555758,0.013021386601956224,0.011196181966437659,-0.018780329959980552,0.6299943752382654,0.662089273499272,0.4477074298211878,green,False
140.8,3503.167103254,FOLLOW,8.718719264037675,8.637159080498494,0.4244357582868192,0.013056375518615087,0.010198911261860854,0.008769666311046012,-0.018414588479777505,0.6284168657777027,0.664290921338108,0.4151307922877309,green,False
141.0,3503.368149715,FOLLOW,8.720654929887854,8.639071973284246,0.424731803197113,0.013187775848186332,0.01549043346957239,0.013393237367103187,-0.01852796531637499,0.6312751710849807,0.6660584254280585,0.47488502090008383,green,False
141.2,3503.620456602,FOLLOW,8.723597277659447,8.641978724505476,0.42518809588097906,0.014581098186551048,0.012127085803734654,0.010540940393563836,-0.018379164371026768,0.6329114866586525,0.6670571384154234,0.43692518247777395,green,False
141.3,3503.717511664,FOLLOW,8.725005538894868,8.643369526986978,0.4254091568180759,0.012161490715504023,0.012870913757629427,0.01118748039929685,-0.018379164371026768,0.6329114866586525,0.6670571384154234,0.4453236369760299,green,False
141.5,3503.968515343,FOLLOW,8.727970656543894,8.646296972132532,0.42588030706925883,0.012111514638499611,0.021329837460982572,0.007762671590545063,-0.009581037867842507,0.3016994177293043,0.72360323087688,0.45082209595872963,green,False
141.7,3504.168825775,FOLLOW,8.731559471633132,8.649839035698422,0.42645769561684405,0.02096220033241384,0.019991954992661456,0.007519902783976783,-0.009218962759696123,0.30716436970534633,0.7267467159215155,0.44184674200685387,green,False
141.8,3504.269053665,FOLLOW,8.732954237623993,8.651215417695362,0.42668340501455354,0.020023306899540728,0.020389625383985706,0.007720797556093671,-0.008793854245103941,0.30616670506423116,0.7249795819220777,0.44481632273052557,green,False
142.0,3504.517440959,FOLLOW,8.7377903992539,8.655986875451594,0.42747184858682546,0.020528379691128387,0.01884138195590522,0.007422484189440725,-0.008270187379819716,0.3125764797418611,0.726551869338364,0.434742443725519,green,False
142.2,3504.767407831,FOLLOW,8.7418089416329,8.65995047750553,0.42813407062841996,0.01994248296367623,0.01661727583116772,0.006848048008865196,-0.007438017239863759,0.3189195285190239,0.7328539944185637,0.41886375813143567,green,False
142.3,3504.867676284,FOLLOW,8.743511414684145,8.661629339255015,0.42841662611113024,0.01664790082489547,0.020201859313565135,0.008377705177746985,-0.007586724082107504,0.3214333559615764,0.7307371025614336,0.44542973368251243,green,False
142.5,3505.067214633,FOLLOW,8.747399308741796,8.665462532613056,0.4290665072134975,0.016707590889608565,0.013336114641140956,0.005621256273966381,-0.00670608034870139,0.3203970449243123,0.7334539664158495,0.3955113950101036,green,False
142.7,3505.267857802,FOLLOW,8.749918985465069,8.667946163479348,0.42949118102624567,0.01538950919606157,0.02343339750908805,0.009550684934853098,-0.0003865520381931692,0.2730440575437396,0.8238769530711453,0.43958643209619225,green,False
142.8,3505.417629698,FOLLOW,8.752827334066916,8.670812313110941,0.4299848174096965,0.023532504284341244,0.02319143248153282,0.00977292644326047,-0.00015270527436837822,0.28047520851867447,0.822105754372293,0.4399713015789393,green,False
143.0,3505.61755913,FOLLOW,8.757530682541919,8.675446116740634,0.43079063586621485,0.02254175969520408,0.021396535656296862,0.009350304360625693,0.0002632445810837464,0.2879015549735272,0.8258213641039195,0.4299602224342334,green,False
143.2,3505.818920115,FOLLOW,8.761138074521043,8.678999032231784,0.431415188235949,0.019278185871096344,0.02277067589124058,0.010063023760150227,0.0013539402322339245,0.28436388303213916,0.8305256525715637,0.4368159591504041,green,False
143.3,3505.917889132,FOLLOW,8.76321963324789,8.681048694012397,0.4317781937942139,0.022805931110763924,0.02013154470506489,0.008896714953179083,0.0013539402322339245,0.28436388303213916,0.8305256525715637,0.42095893029957104,green,False
143.5,3506.117426456,FOLLOW,8.767767524606613,8.68552583487875,0.4325772696087138,0.03485873073920375,0.028376623743688826,0.0007825214578574446,0.008016434434267623,-0.034814124855289244,0.8111940836620044,0.4109088999627307,green,False
143.7,3506.367450452,FOLLOW,8.774693833664907,8.692343705130297,0.433798089914766,0.02815537302626297,0.026265865754633563,-0.0012113630832639776,0.006647028222709933,-0.0753047254586219,0.791799977852811,0.4149675228704021,green,False
143.8,3506.467999247,FOLLOW,8.777377647861252,8.69498550220523,0.43427112992557065,0.026287287326636828,0.024827300061841008,-0.0014870361046512624,0.008460184939574726,-0.09653682890046715,0.7815332435042351,0.4150165430918752,green,False
144.1,3506.768025248,FOLLOW,8.783986074551422,8.701490668269038,0.43543479545966485,0.022538817637759563,0.016527418032026786,-0.0013583512435180738,0.01013891734475314,-0.12247245681019943,0.7672389318750755,0.3820662497477187,green,False
144.3,3506.967547079,FOLLOW,8.787458479904261,8.704908978340999,0.43604533222850567,0.013828618078506409,0.02235334141955151,-0.0019816598565005894,0.011331182179561375,-0.1345863427869227,0.761374201828095,0.4144429280374638,green,False
144.5,3507.21853912,FOLLOW,8.792070340577439,8.709449205330984,0.43685502201209614,0.01695929690702369,0.014090435103079666,-0.0005001992069693364,0.014118072598704588,-0.11753967363268306,0.7281576384288038,0.3730246440899446,green,False
144.7,3507.417821563,FOLLOW,8.79474344019351,8.712080881443347,0.4373237888938815,0.016526200324604435,0.016733349972461273,-0.0007640843623991953,0.015396083248343823,-0.13268178765074812,0.7251488674093949,0.38962937680978127,green,False
144.8,3507.567738581,FOLLOW,8.797037911485283,8.71433984096332,0.4377259087700946,0.01675546686420312,0.0167598840041959,-0.0008615197075660593,0.016208558936917458,-0.14180105554922584,0.7219166254560927,0.391717164289247,green,False
145.0,3507.768070979,FOLLOW,8.799840732383146,8.717099314254709,0.4382169404751155,0.016030793974357742,0.01282177731065733,-0.00168476886327991,0.016835592858923505,-0.1983658326197303,0.8072591214005266,0.3692993023777591,green,False
145.2,3507.967535522,FOLLOW,8.802901779098134,8.720113092915085,0.43875279971808384,0.016144321282382836,0.017281302246460652,-0.0012737877524800125,0.017950142319081416,-0.167840870930798,0.8067940308644981,0.3886884867260976,green,False
145.3,3508.067975468,FOLLOW,8.804066586580483,8.721259949321068,0.4389565074859633,0.01730274877858468,0.013330575264760643,-0.0010226965799345913,0.019006793831256086,-0.1766513838045581,0.8029790380526091,0.3698047263213808,green,False
145.5,3508.319254737,FOLLOW,8.807748776259427,8.72488547257696,0.43960001498993645,0.01697610537072816,0.016694661536132752,0.0006217146115479655,0.01717481095371356,-0.08912303789234978,0.7459273747628793,0.37982262374534004,green,False
145.7,3508.51763265,FOLLOW,8.810461229533141,8.727556206895041,0.4400739147251175,0.012561852473681967,0.012650243003149089,-0.0014067496546814565,0.02079844671252809,-0.2105960356837514,0.7851502310884407,0.371734304595755,green,False
145.8,3508.667616489,FOLLOW,8.81216569870418,8.729234484922102,0.4403715689115866,0.012671382914585895,0.008589017100954261,-0.0010022405513923855,0.021273888555985623,-0.21716555106377144,0.7833189273165391,0.3493438839365878,green,False
146.0,3508.867783249,FOLLOW,8.813594797044393,8.730641656366585,0.44062094931863444,0.005217638445928753,0.007863925358320546,-0.0008878592291509877,0.02308169590670532,-0.22619812944853743,0.685210764433307,0.35240271381291577,green,False
146.2,3509.068633125,FOLLOW,8.815075621823672,8.73209980615806,0.44087909890774507,0.011404709943102626,0.004466854567999703,0.00340687409182492,0.017540264884805076,0.39252857240670336,0.8514716983443416,0.33031610001158085,green,False
146.3,3509.217329662,FOLLOW,8.815913493829381,8.732924808700263,0.441025387251443,0.004171146064405051,0.007772373222213523,0.005378825502861419,0.01870984167434983,0.3405077772091257,0.7383430285743331,0.35683971599491016,green,False
146.5,3509.417701723,FOLLOW,8.817660809437163,8.734645054161174,0.44133176497595966,0.011821932923909732,0.011658742158860525,-0.002198915765417135,0.017368928159609,-0.23869350413643295,0.7661930215457619,0.37086516647498613,green,False
146.7,3509.617532432,FOLLOW,8.819559147692239,8.736514017275429,0.44166442844555276,0.008858613256324427,0.010594098699974509,-0.00208839816428643,0.017854601812378135,-0.24719407158833945,0.7606059276065691,0.36573030484248364,green,False
146.8,3509.71760633,FOLLOW,8.820874839733154,8.737809406014497,0.44189467517324005,0.010614235920354886,0.006912955407980598,0.005083678419062512,0.020002955223251337,0.3608909514506231,0.7404159186402708,0.35180089156231775,green,False
147.0,3509.917842357,FOLLOW,8.822313476334068,8.739225803313852,0.44214665497087646,0.008222346208740506,0.008843195256162468,-0.001889557682423517,0.018347959189584068,-0.2608056105280533,0.7518553859427127,0.35667289886940456,green,False
147.2,3510.167633122,FOLLOW,8.824160135723655,8.741043799286087,0.44247075606357067,0.009077125590117334,0.004679317802047716,-0.0010827738503195864,0.018727680196691576,-0.2743703579431594,0.7503982104502482,0.3306630980503328,green,False
147.3,3510.267503429,FOLLOW,8.824648562147289,8.741524661255204,0.4425563839671807,0.0047004180494616965,0.010285040966915581,-0.002379913884790744,0.018727680196691576,-0.2743703579431594,0.7503982104502482,0.36739683709497406,green,False
147.5,3510.467558955,FOLLOW,8.82665732703598,8.743502395984969,0.4429080964461312,0.009451421004367614,0.0063248034858359795,-0.0030841411769003085,0.020605849749740057,-0.43983638109778206,0.7251135333919633,0.3534149119163906,green,False
147.7,3510.717916207,FOLLOW,8.828170209064233,8.74499202013261,0.44317235367427865,0.007978667476570032,0.007134560886421216,-0.0013445805104354467,0.018648028464692185,-0.24663478376125908,0.617627631683801,0.354466115239945,green,False
147.8,3510.821309834,FOLLOW,8.828932806841799,8.745742931661535,0.44330534707816943,0.007155372055517646,0.007360232313810927,-0.0014249032308231305,0.01897909127673006,-0.25198057703796306,0.6135335986234229,0.3570314792950542,green,False
148.0,3511.017915638,FOLLOW,8.830211794769566,8.747002352175018,0.4435282149432124,0.007863967568381869,0.009137281112804766,-0.0018239710111440386,0.019418767410238583,-0.2585540893468542,0.611237466112699,0.37178360708074476,green,False
148.2,3511.267696438,FOLLOW,8.831556263944206,8.748326298754266,0.4437622294921597,0.0020464383943762476,0.006674279172829999,0.0058348705092281985,0.023720641784591517,0.4284614660398445,0.8577478999868421,0.3470049748865694,green,False
148.3,3511.368028146,FOLLOW,8.831916995519377,8.748681534499573,0.44382495775089065,0.006703017418565137,0.004277841250712647,-0.00035775087702792044,0.022795705324353474,-0.2054984146012288,0.630800680205689,0.32994141552210055,green,False
148.5,3511.617857248,FOLLOW,8.833040505506517,8.749787865182238,0.4440206797714148,0.006720143410296437,0.005858280270063487,-0.0005798809633346243,0.023505364402903878,-0.21993424005814646,0.6279763428496384,0.34216958167219846,green,False
148.7,3511.87076684,FOLLOW,8.834264486995592,8.750993117782075,0.4442339796699088,0.005374024259940424,0.007137539702777813,-0.0007736659400858083,0.024118589270325494,-0.22986414653634898,0.6309743428864384,0.3519529881768109,green,False
148.8,3511.967644737,FOLLOW,8.834980832237987,8.751698449088735,0.44435911261219563,0.007158991284784432,0.009460859966129487,-0.0010254997414399127,0.024118589270325494,-0.22986414653634898,0.6309743428864384,0.3688640577048556,green,False
149.0,3512.218324365,FOLLOW,8.836273546258422,8.75297129356597,0.4445848923154166,0.00117163244804175,0.006068089517069724,-0.0007863307269261881,0.024557654458509118,-0.24616584997956853,0.6253066944620302,0.3457224727130695,green,False
149.2,3512.41794777,FOLLOW,8.8371408243447,8.753825249116598,0.44473632281553194,0.0024302401159475902,0.003160355347416346,-0.0004653574856841576,0.02471926017236052,-0.25838886044308,0.6212484117813231,0.3244219257651388,green,False
149.3,3512.517744818,FOLLOW,8.837328584127293,8.754010124978356,0.4447691046961748,0.0031818470587455364,0.006820011450080211,0.005657200458158342,0.02673958036318015,0.38278229348635334,0.7365829331869366,0.35284832805275507,green,False
149.5,3512.717533571,FOLLOW,8.838445478701455,8.755109807229351,0.4449644310205002,0.006053094516222466,0.0009972913047768706,-0.00014012528579625952,0.024874087732140657,-0.2550832624127231,0.6228004446919888,0.3076488550116984,green,False
149.7,3512.970204215,FOLLOW,8.83935673589224,8.756006976776364,0.44512404452717225,0.005883943263982465,0.0037918862132969825,0.003313826335304898,0.027108102117005775,0.40942055212830625,0.7223710508610207,0.33098104037768744,green,False
149.8,3513.068021235,FOLLOW,8.839623937827422,8.756270048364764,0.44517084424391656,0.003817313015535578,0.003138004328169514,0.0027423822335500155,0.027108102117005775,0.40942055212830625,0.7223710508610207,0.32563859602523454,green,False
150.0,3513.270808137,FOLLOW,8.840442608365088,8.757076012568662,0.44531452146533285,0.00504269565547231,0.0045447428817369335,-0.0007937270590859122,0.025851753036906025,-0.2826397656541441,0.6193319967950612,0.3365261746099902,green,False
150.2,3513.519920038,FOLLOW,8.841283682682679,8.757904030812872,0.44546214190636785,0.0012832772306597966,0.005134936607251192,-0.0009558506634748506,0.02627185943199925,-0.29238848733794714,0.6179885425635715,0.3419499365285835,green,False
150.3,3513.670429844,FOLLOW,8.841497422305363,8.758114453788684,0.4454996492063954,0.005156019232030242,0.005164856641389779,-0.0009599239871094957,0.026266919231990288,-0.29217803570060863,0.6170831760601004,0.3422434312137027,green,False
150.5,3513.868915752,FOLLOW,8.842669992318243,8.7592688450339,0.44570532197081375,0.0033672240057312465,0.0038846606008684213,-0.0007344297393295496,0.026885531095891757,-0.2979425947607042,0.6174351483623968,0.33201903529713567,green,False
150.7,3514.11752133,FOLLOW,8.843534302574641,8.760119771699081,0.44585683444319174,0.004734018143247523,0.0052568329034133774,-0.0010402577388817407,0.02687652464424549,-0.3033551319403942,0.6161008348965284,0.3437596503022939,green,False
150.8,3514.217833756,FOLLOW,8.844053416904819,8.760630855106829,0.4459477928844376,0.00527774282254779,0.004094890118482948,-0.0008376128789350638,0.027240255282071565,-0.3096731666063618,0.6173564949037599,0.33432348858423333,green,False
151.0,3514.417875831,FOLLOW,8.844781232373316,8.76134742108231,0.4460752627186906,0.003756963324253007,0.004682990272816032,-0.000992832124500464,0.027631951164634447,-0.3166229204570072,0.6149203304909437,0.33979439489218893,green,False
151.2,3514.617419293,FOLLOW,8.845691932785856,8.762244061306069,0.4462346727232431,0.005217265075284548,0.0036780443618605768,-0.0007719768050818212,0.027935495528406504,-0.31714901711042576,0.6118414370449693,0.3314350598303328,green,False
151.3,3514.717817289,OBSTACLE_WAIT,8.84612289451528,8.762668376326618,0.4463100701736436,0.0036991177257377906,0.0,0.0,0.02788775136774098,-0.3233949545201901,0.6108434729399762,0.29436208095271527,green,False
151.5,3514.967804828,OBSTACLE_WAIT,8.846253059690396,8.76279653473234,0.44633283848179217,1.7651451287951622e-06,0.0,0.0,0.02808649292682934,-0.32516645903382735,0.6126120476234412,0.3393650646425352,green,False
151.7,3515.167979428,OBSTACLE_WAIT,8.846253359557444,8.762796829976168,0.44633289093490863,1.7627194005873614e-06,0.0,0.0,0.02808649292682934,-0.32516645903382735,0.6126120476234412,0.3296089042612272,green,False
151.8,3515.267950818,OBSTACLE_WAIT,8.84625353928023,8.762797006927936,0.4463329223729656,1.761271901674948e-06,0.0,0.0,0.02808649292682934,-0.32516645903382735,0.6126120476234412,0.31976014934082286,green,False
152.0,3515.467759771,OBSTACLE_WAIT,8.846253838488424,8.762797301522639,0.44633297471324135,1.7588058728900105e-06,0.0,0.0,0.02810135855551578,-0.3273793861378147,0.6117970893852167,0.30688096065937603,green,False
152.2,3515.717554086,OBSTACLE_WAIT,8.846254256661114,8.762797713247075,0.4463330478664136,1.7552631231912366e-06,0.0,0.0,0.02808649292682934,-0.32516645903382735,0.6126120476234412,0.32800536309169653,green,False
152.3,3515.81843709,OBSTACLE_WAIT,8.846254435609334,8.76279788943574,0.44633307917167225,1.7534860384395089e-06,0.0,0.0,0.02808649292682934,-0.32516645903382735,0.6126120476234412,0.34581419585816725,green,False
152.5,3516.017975949,OBSTACLE_WAIT,8.846254733438478,8.762798182671862,0.44633313127519386,1.7504078704622633e-06,0.0,0.0,0.0279871221472852,-0.3242809705036432,0.6117294874086725,0.3283935211061603,green,False
152.7,3516.267410636,OBSTACLE_WAIT,8.846255149523806,8.762798592340014,0.44633320406946203,1.7461232884956378e-06,0.0,0.0,0.027948384438265972,-0.32517942732024246,0.6120225195005711,0.3275704859032046,green,False
152.8,3516.3681156,OBSTACLE_WAIT,8.846255327533282,8.762798767603938,0.4463332352131647,1.7442778903227986e-06,0.0,0.0,0.02808649292682934,-0.32516645903382735,0.6126120476234412,0.33436530999062875,green,False
153.0,3516.567599054,OBSTACLE_WAIT,8.84625562379768,8.762799059298654,0.44633328704736774,1.7411992791497592e-06,0.0,0.0,0.02808649292682934,-0.32516645903382735,0.6126120476234412,0.31881587134867934,green,False
153.2,3516.817610959,OBSTACLE_WAIT,8.846256037695113,8.762799466811558,0.44633335946503494,1.736992158431773e-06,0.0,0.0,0.02804775521781018,-0.3260643797333601,0.6129060514789179,0.35326841274416143,green,False
153.3,3516.917804827,OBSTACLE_WAIT,8.846256155768735,8.762799583063755,0.446333380124342,1.7357798048645542e-06,0.0,0.0,0.02808649292682934,-0.32516645903382735,0.6126120476234412,0.32913919308131445,green,False
153.5,3517.117917672,OBSTACLE_WAIT,8.846256509503418,8.76279993134141,0.4463334420185981,1.7322645830089608e-06,0.0,0.0,0.02808649292682934,-0.32516645903382735,0.6126120476234412,0.32883581968747855,green,False
153.7,3517.318137031,OBSTACLE_WAIT,8.846256862533066,8.762800278924539,0.4463335037915837,1.7288320724817413e-06,0.0,0.0,0.02808649292682934,-0.32516645903382735,0.6126120476234412,0.3464955818892261,green,False
153.8,3517.41828838,OBSTACLE_WAIT,8.846256980054374,8.762800394632652,0.44633352435587814,1.7276941917660888e-06,0.0,0.0,0.0279871221472852,-0.3242809705036432,0.6117294874086725,0.33339276918517785,green,False
154.0,3517.667542704,OBSTACLE_WAIT,8.846257390689818,8.762800798932226,0.446333596212141,1.7229609062455942e-06,0.0,0.0,0.02810135855551578,-0.3273793861378147,0.6117970893852167,0.3302290698034557,green,False
154.2,3517.868013013,OBSTACLE_WAIT,8.846257683299797,8.762801087027094,0.4463336474170905,1.7195336062005426e-06,0.0,0.0,0.02808649292682934,-0.32516645903382735,0.6126120476234412,0.3245397917235311,green,False
154.3,3518.020225558,OBSTACLE_WAIT,8.846257858586835,8.76280125960925,0.446333678091933,1.7174886374761185e-06,0.0,0.0,0.02804775521781018,-0.3260643797333601,0.6129060514789179,0.33321074382487936,green,False
154.5,3518.319757002,OBSTACLE_WAIT,8.84625826678819,8.762801661511226,0.4463337495282559,1.7128430278187213e-06,0.0,0.0,0.02808649292682934,-0.32516645903382735,0.6126120476234412,0.3415405502021272,green,False
154.7,3518.568204974,OBSTACLE_WAIT,8.84625855769418,8.76280194792764,0.4463338004392798,1.7096030578288436e-06,0.0,0.0,0.02808649292682934,-0.32516645903382735,0.6126120476234412,0.32822559497770737,green,False
154.8,3518.768558001,OBSTACLE_WAIT,8.846258847955514,8.762802233709097,0.4463338512388935,1.7051063257343131e-06,0.0,0.0,0.02804775521781018,-0.3260643797333601,0.6129060514789179,0.3378285363237414,green,False
155.0,3518.971728572,OBSTACLE_WAIT,8.846259137418,8.762802518703786,0.4463339019000994,1.7003683933211422e-06,0.0,0.0,0.02804775521781018,-0.3260643797333601,0.6129060514789179,0.3307681477288627,green,False
155.2,3519.175185577,OBSTACLE_WAIT,8.846259426077847,8.762802802907979,0.4463339524222215,1.6956629205634367e-06,0.0,0.0,0.02806262084649659,-0.32827596157936695,0.6121094532007477,0.3251487567134867,green,False
155.3,3519.267520638,OBSTACLE_WAIT,8.84625954131829,8.762802916369541,0.4463339725923412,1.693790252456316e-06,0.0,0.0,0.027948384438265972,-0.32517942732024246,0.6120225195005711,0.3402421279496124,green,False
155.5,3519.568238148,OBSTACLE_WAIT,8.84625994361565,8.762803312456626,0.44633404300673174,1.6866621192642709e-06,0.0,0.0,0.02806262084649659,-0.32827596157936695,0.6121094532007477,0.33565010442338145,green,False
155.7,3519.767996159,OBSTACLE_WAIT,8.846260229891994,8.762803594313425,0.44633409311551814,1.6813324645686104e-06,0.0,0.0,0.02808649292682934,-0.32516645903382735,0.6126120476234412,0.33695338193152,green,False
155.8,3519.867968671,OBSTACLE_WAIT,8.846260401242189,8.762803763018193,0.44633412310869247,1.678615518231915e-06,0.0,0.0,0.02981441516574382,-0.3899887490742794,0.7278097234419577,0.34194108120440614,green,False
156.0,3520.118181219,OBSTACLE_WAIT,8.846260799971093,8.762804155590901,0.4463341929041653,1.6720831141035457e-06,0.0,0.0,0.02810135855551578,-0.3273793861378147,0.6117970893852167,0.32959460917984224,green,False
156.2,3520.318172579,OBSTACLE_WAIT,8.84626108382512,8.762804435062066,0.44633424259297133,1.6673097619009767e-06,0.0,0.0,0.02810135855551578,-0.3273793861378147,0.6117970893852167,0.3482796725945591,green,False
156.3,3520.468470238,OBSTACLE_WAIT,8.846261310304302,8.762804658044116,0.44633428223922744,1.6632996560966097e-06,0.0,0.0,0.02808649292682934,-0.32516645903382735,0.6126120476234412,0.35546729055823645,green,False
156.5,3520.670465342,OBSTACLE_WAIT,8.846261592644378,8.762804936024288,0.44633433166537584,1.6583497022480476e-06,0.0,0.0,0.02810135855551578,-0.3273793861378147,0.6117970893852167,0.3267346891908133,green,False
156.7,3520.917779167,OBSTACLE_WAIT,8.84626198669407,8.762805323988664,0.4463344006494533,1.6542367447351154e-06,0.0,0.0,0.02808649292682934,-0.32516645903382735,0.6126120476234412,0.34231951447157377,green,False
156.8,3521.018259741,OBSTACLE_WAIT,8.846262155397895,8.762805490087057,0.44633443018425023,1.6536862113432559e-06,0.0,0.0,0.02804775521781018,-0.3260643797333601,0.6129060514789179,0.33908078984306533,green,False
157.0,3521.217731825,OBSTACLE_WAIT,8.846262436446414,8.762805766794932,0.44633447938814813,1.6527733704543142e-06,0.0,0.0,0.02808649292682934,-0.32516645903382735,0.6126120476234412,0.3306863228017782,green,False
157.2,3521.46821984,OBSTACLE_WAIT,8.846262773500635,8.762806098643226,0.4463345383987932,1.6516864934228128e-06,0.0,0.0,0.02806262084649659,-0.32827596157936695,0.6121094532007477,0.3256582312232288,green,False
157.3,3521.569211201,OBSTACLE_WAIT,8.846262941944822,8.76280626448561,0.44633456789028614,1.651146266018709e-06,0.0,0.0,0.02806262084649659,-0.32827596157936695,0.6121094532007477,0.3309136122803029,green,False
157.5,3521.81785005,OBSTACLE_WAIT,8.846263278668495,8.762806596007975,0.4463346268458116,1.6500729190583506e-06,0.0,0.0,0.02808649292682934,-0.32516645903382735,0.6126120476234412,0.3298097200309508,green,False
157.7,3522.019281126,OBSTACLE_WAIT,8.846263615172361,8.762806927313603,0.44633468576468166,1.6489558591591032e-06,0.0,0.0,0.02810135855551578,-0.3273793861378147,0.6117970893852167,0.32908050656903876,green,False
157.8,3522.117524353,OBSTACLE_WAIT,8.84626372728744,8.76280703769668,0.4463347053954537,1.6485524215786502e-06,0.0,0.0,0.02810135855551578,-0.3273793861378147,0.6117970893852167,0.3264056284668259,green,False
158.0,3522.36860045,OBSTACLE_WAIT,8.846264119475014,8.762807423825292,0.44633477406707217,1.6471494527626893e-06,0.0,0.0,0.02806262084649659,-0.32827596157936695,0.6121094532007477,0.32226624392341835,green,False
158.2,3522.568131108,OBSTACLE_WAIT,8.846264399405344,8.762807699430663,0.4463348230840897,1.6461555018061135e-06,0.0,0.0,0.02808649292682934,-0.32516645903382735,0.6126120476234412,0.34134118126807733,green,False
158.3,3522.667544233,OBSTACLE_WAIT,8.846264567282658,8.762807864714144,0.4463348524807437,1.6455626705270144e-06,0.0,0.0,0.02808649292682934,-0.32516645903382735,0.6126120476234412,0.344160253250966,green,False
158.5,3522.969848613,OBSTACLE_WAIT,8.846264902856449,8.762808195102819,0.4463349112437492,1.644383930437489e-06,0.0,0.0,0.02806262084649659,-0.32827596157936695,0.6121094532007477,0.34337887136266604,green,False
158.7,3523.221473138,OBSTACLE_WAIT,8.84626523819078,8.762808525255414,0.44633496996663924,1.6432148309178066e-06,0.0,0.0,0.02808649292682934,-0.32516645903382735,0.6126120476234412,0.33180439628470954,green,False
158.8,3523.367518827,OBSTACLE_WAIT,8.846265405768762,8.762808690243785,0.4463349993131468,1.6426340606960002e-06,0.0,0.0,0.02804775521781018,-0.3260643797333601,0.6129060514789179,0.2981126925400226,green,False
159.0,3523.568693427,OBSTACLE_WAIT,8.846265684934131,8.762808965094987,0.44633504820201203,1.6416712633407964e-06,0.0,0.0,0.02804775521781018,-0.3260643797333601,0.6129060514789179,0.29963935032127204,green,False
159.2,3523.867501349,OBSTACLE_WAIT,8.846266019715829,8.762809294702734,0.44633510683235056,1.6404837416877683e-06,0.0,0.0,0.02804775521781018,-0.3260643797333601,0.6129060514789179,0.30933652684389135,green,False
159.3,3523.971875869,OBSTACLE_WAIT,8.846266242764422,8.762809514304001,0.44633514589586754,1.6396495567931078e-06,0.0,0.0,0.0279871221472852,-0.3242809705036432,0.6117294874086725,0.32753474819974226,green,False
159.5,3524.220574575,OBSTACLE_WAIT,8.84626657712535,8.76280984349695,0.4463352044555256,1.638407357136866e-06,0.0,0.0,0.02808649292682934,-0.32516645903382735,0.6126120476234412,0.3300021833105932,green,False
159.7,3524.418065333,OBSTACLE_WAIT,8.846266855575719,8.762810117643262,0.44633525322444084,1.6374890214576922e-06,0.0,0.0,0.02804775521781018,-0.3260643797333601,0.6129060514789179,0.32077464948606754,green,False
159.8,3524.568116156,OBSTACLE_WAIT,8.846267078224342,8.762810336850206,0.4463352922209122,1.6367616128084055e-06,0.0,0.0,0.02808649292682934,-0.32516645903382735,0.6126120476234412,0.31264836167501897,green,False
160.0,3524.767633164,OBSTACLE_WAIT,8.846267356396481,8.762810610722193,0.44633534094333943,1.6358579404996999e-06,0.0,0.0,0.02808649292682934,-0.32516645903382735,0.6126120476234412,0.3359263574337004,green,False
160.2,3525.021012046,OBSTACLE_WAIT,8.846267690001065,8.76281093916942,0.44633539937652095,1.6347819164794692e-06,0.0,0.0,0.02808649292682934,-0.32516645903382735,0.6126120476234412,0.33378874838530953,green,False
160.3,3525.118059812,OBSTACLE_WAIT,8.846267856721262,8.762811103312089,0.44633542857940467,1.6342471806766076e-06,0.0,0.0,0.02808649292682934,-0.32516645903382735,0.6126120476234412,0.3100834146373311,green,False
160.5,3525.367693778,OBSTACLE_WAIT,8.846268245524389,8.762811486103928,0.4463354966843053,1.6330358431198534e-06,0.0,0.0,0.02806262084649659,-0.32827596157936695,0.6121094532007477,0.32717257875277717,green,False
160.7,3525.568234318,OBSTACLE_WAIT,8.846268523073455,8.762811759361544,0.44633554530282127,1.6322527194988043e-06,0.0,0.0,0.02808649292682934,-0.32516645903382735,0.6126120476234412,0.30862779326606754,green,False
160.8,3525.668682859,OBSTACLE_WAIT,8.846268634055873,8.762811868627894,0.4463355647440576,1.6319408560922554e-06,0.0,0.0,0.02804775521781018,-0.3260643797333601,0.6129060514789179,0.3434151182372381,green,False
161.0,3525.917517705,OBSTACLE_WAIT,8.846269022327983,8.762812250896065,0.4463356327608055,1.6308562491633549e-06,0.0,0.0,0.02808649292682934,-0.32516645903382735,0.6126120476234412,0.34911728534689757,green,False
161.2,3526.117721928,OBSTACLE_WAIT,8.846269299542593,8.76281252382378,0.4463356813242025,1.6306018082388865e-06,0.0,0.0,0.02808649292682934,-0.32516645903382735,0.6126120476234412,0.3394458384406392,green,False
161.3,3526.217577653,OBSTACLE_WAIT,8.846269465860516,8.762812687569626,0.44633571046093623,1.6305346835832968e-06,0.0,0.0,0.028116224184202232,-0.3295889921706907,0.610970045459708,0.34629195665526175,green,False
161.5,3526.467824856,OBSTACLE_WAIT,8.846269798475896,8.762813015040932,0.4463357687321543,1.6304013480105736e-06,0.0,0.0,0.02808649292682934,-0.32516645903382735,0.6126120476234412,0.32848810963317865,green,False
161.7,3526.717404804,OBSTACLE_WAIT,8.846270131064172,8.762813342485234,0.44633582700040697,1.6302689917138634e-06,0.0,0.0,0.028186546593124598,-0.3277499135356152,0.6104146990362773,0.33699912064643,green,False
161.8,3526.867931756,OBSTACLE_WAIT,8.84627035277474,8.762813560766542,0.4463358658442801,1.6301812610016701e-06,0.0,0.0,0.028001987775971612,-0.32649522115226803,0.610915191164924,0.3446202167749222,green,False
162.0,3527.067982678,OBSTACLE_WAIT,8.846270629896258,8.762813833601545,0.4463359143973106,1.6300724720617332e-06,0.0,0.0,0.02808649292682934,-0.32516645903382735,0.6126120476234412,0.341595971841605,green,False
162.2,3527.269981192,OBSTACLE_WAIT,8.84627096241776,8.762814160979314,0.4463359726583205,1.6299430716691983e-06,0.0,0.0,0.0279871221472852,-0.3242809705036432,0.6117294874086725,0.34705007910784674,green,False
162.3,3527.370754474,OBSTACLE_WAIT,8.846271073252392,8.762814270099389,0.44633599207802527,1.6298997239660652e-06,0.0,0.0,0.027948384438265972,-0.32517942732024246,0.6120225195005711,0.34912561812695686,green,False
162.5,3527.617509794,OBSTACLE_WAIT,8.846271405738834,8.762814597442217,0.44633605033527013,1.6297718547458862e-06,0.0,0.0,0.02804775521781018,-0.3260643797333601,0.6129060514789179,0.3203037647621016,green,False
162.7,3527.867635033,OBSTACLE_WAIT,8.846271793606782,8.762814979309391,0.4463361182985453,1.6296236826997913e-06,0.0,0.0,0.02806262084649659,-0.32827596157936695,0.6121094532007477,0.3315320440618192,green,False
162.8,3527.967897042,OBSTACLE_WAIT,8.846271904419732,8.762815088407855,0.4463361377159377,1.6295815611218423e-06,0.0,0.0,0.02804775521781018,-0.3260643797333601,0.6129060514789179,0.3218669948975352,green,False
163.0,3528.217204803,OBSTACLE_WAIT,8.846272292242606,8.762815470230096,0.4463362056744365,1.6294349115599615e-06,0.0,0.0,0.02804775521781018,-0.3260643797333601,0.6129060514789179,0.3320555600610325,green,False
163.2,3528.46753735,OBSTACLE_WAIT,8.846272624634596,8.762815797478769,0.44633626392167136,1.6293108262098853e-06,0.0,0.0,0.02804775521781018,-0.3260643797333601,0.6129060514789179,0.3469578568376753,green,False
163.3,3528.567679134,OBSTACLE_WAIT,8.846272790821105,8.762815961093649,0.44633629304429545,1.6292490641683426e-06,0.0,0.0,0.027948384438265972,-0.32517942732024246,0.6120225195005711,0.3173671661756055,green,False
163.5,3528.76756633,OBSTACLE_WAIT,8.84627306778392,8.762816233770465,0.4463363415804178,1.6291053029745226e-06,0.0,0.0,0.02810135855551578,-0.3273793861378147,0.6117970893852167,0.2922746227881465,green,False
163.7,3529.017896911,OBSTACLE_WAIT,8.846273455460453,8.762816615447331,0.44633640952055537,1.62868301334792e-06,0.0,0.0,0.02810135855551578,-0.3273793861378147,0.6117970893852167,0.2955860189537215,green,False
163.8,3529.11775296,OBSTACLE_WAIT,8.84627356620675,8.762816724479645,0.44633642892923997,1.628562966553379e-06,0.0,0.0,0.02804775521781018,-0.3260643797333601,0.6129060514789179,0.34059543830842315,green,False
164.0,3529.317881833,OBSTACLE_WAIT,8.846273898396834,8.762817051528321,0.4463364871479256,1.628205051650212e-06,0.0,0.0,0.02808649292682934,-0.32516645903382735,0.6126120476234412,0.3460907799086424,green,False
164.2,3529.567444132,OBSTACLE_WAIT,8.846274230514183,8.762817378505073,0.44633654535564454,1.627849874865334e-06,0.0,0.0,0.029685460819213097,-0.39190043350529463,0.7266146786197762,0.33576240979636013,green,False
164.3,3529.667556169,OBSTACLE_WAIT,8.846274341203912,8.762817487481447,0.44633656475579864,1.6277321434547033e-06,0.0,0.0,0.02808649292682934,-0.32516645903382735,0.6126120476234412,0.33640915191478615,green,False
164.5,3529.917557062,OBSTACLE_WAIT,8.846274728555196,8.762817868836684,0.4463366326468899,1.6273229395199505e-06,0.0,0.0,0.02808649292682934,-0.32516645903382735,0.6126120476234412,0.32441935155508095,green,False
164.7,3530.117632868,OBSTACLE_WAIT,8.846275005175265,8.76281814117452,0.4463366811315931,1.6270329611453761e-06,0.0,0.0,0.02808649292682934,-0.32516645903382735,0.6126120476234412,0.3052200837392895,green,False
164.8,3530.217993745,OBSTACLE_WAIT,8.846275171123716,8.76281830455389,0.4463367102188701,1.626859953607519e-06,0.0,0.0,0.02804775521781018,-0.3260643797333601,0.6129060514789179,0.327633033730567,green,False
165.0,3530.471055982,OBSTACLE_WAIT,8.84627550296785,8.762818631260444,0.44633676838550435,1.6265124628723413e-06,0.0,0.0,0.02808649292682934,-0.32516645903382735,0.6126120476234412,0.3186660340380207,green,False
165.2,3530.717965254,OBSTACLE_WAIT,8.846275834728438,8.762818957884429,0.4463368265392662,1.6260497935407777e-06,0.0,0.0,0.0279871221472852,-0.3242809705036432,0.6117294874086725,0.31268890732295274,green,False
165.3,3530.817700601,OBSTACLE_WAIT,8.846276000573818,8.76281912116193,0.44633685561069053,1.6258226514531525e-06,0.0,0.0,0.02808649292682934,-0.32516645903382735,0.6126120476234412,0.3288458700607894,green,False
165.5,3531.070797641,OBSTACLE_WAIT,8.846276387456577,8.762819502054057,0.4463369234299911,1.6252960982404461e-06,0.0,0.0,0.0279871221472852,-0.3242809705036432,0.6117294874086725,0.3171991852767258,green,False
165.7,3531.268656246,OBSTACLE_WAIT,8.846276663724966,8.762819774044345,0.4463369718604213,1.624922967488084e-06,0.0,0.0,0.02804775521781018,-0.3260643797333601,0.6129060514789179,0.34522441039113955,green,False
165.8,3531.369166224,OBSTACLE_WAIT,8.846276829455638,8.762819937208521,0.446337000913945,1.624700372333719e-06,0.0,0.0,0.02808649292682934,-0.32516645903382735,0.6126120476234412,0.3266856422736477,green,False
166.0,3531.570061178,OBSTACLE_WAIT,8.846277160849093,8.762820263469798,0.44633705901041376,1.6242579318160271e-06,0.0,0.0,0.028001987775971612,-0.32649522115226803,0.610915191164924,0.32129469870829686,green,False
166.2,3531.767738848,OBSTACLE_WAIT,8.846277436941607,8.762820535286323,0.44633710741344107,1.6238920000089976e-06,0.0,0.0,0.027963250066952397,-0.32739233501766934,0.6112264735163334,0.3363652681690568,green,False
166.3,3531.92017217,OBSTACLE_WAIT,8.846277657770973,8.762820752695433,0.44633714612891423,1.6236011150740952e-06,0.0,0.0,0.0281809235063646,-0.3258454448749951,0.6126082230652173,0.3254701769629407,green,False
166.5,3532.11770286,OBSTACLE_WAIT,8.846277988941129,8.762821078736087,0.44633720419063355,1.6231678326986558e-06,0.0,0.0,0.0279871221472852,-0.3242809705036432,0.6117294874086725,0.3408001084987638,green,False
166.7,3532.367851642,OBSTACLE_WAIT,8.846278320023199,8.762821404689706,0.4463372622386668,1.6227326280936898e-06,0.0,0.0,0.0279871221472852,-0.3242809705036432,0.6117294874086725,0.3267259533077447,green,False
166.8,3532.418601867,OBSTACLE_WAIT,8.846278430363087,8.762821513320365,0.44633728158475494,1.622560684144064e-06,0.0,0.0,0.0279871221472852,-0.3242809705036432,0.6117294874086725,0.3101990186496034,green,False
167.0,3532.668141751,OBSTACLE_WAIT,8.84627881646079,8.76282189343691,0.4463373492814818,1.6219613046575895e-06,0.0,0.0,0.02804775521781018,-0.3260643797333601,0.6129060514789179,0.3047656300728038,green,False
167.2,3532.867868979,OBSTACLE_WAIT,8.846279092157868,8.762822164862822,0.4463373976224939,1.6215368377376392e-06,0.0,0.0,0.02806262084649659,-0.32827596157936695,0.6121094532007477,0.3168194892931968,green,False
167.3,3533.01880509,OBSTACLE_WAIT,8.846279312663718,8.762822381952386,0.4463374362870943,1.6211992344733684e-06,0.0,0.0,0.02806262084649659,-0.32827596157936695,0.6121094532007477,0.3313377327819763,green,False
167.5,3533.217841008,OBSTACLE_WAIT,8.846279533124196,8.762822598997143,0.4463374749445167,1.6208832615505733e-06,0.0,0.0,0.02810135855551578,-0.3273793861378147,0.6117970893852167,0.32878184878336586,green,False
167.7,3533.468666074,OBSTACLE_WAIT,8.84627991883919,8.762822978735699,0.4463375425809442,1.6204220626181096e-06,0.0,0.0,0.028001987775971612,-0.32649522115226803,0.610915191164924,0.3360455870632789,green,False
167.8,3533.567724284,OBSTACLE_WAIT,8.846280084112124,8.76282314144769,0.44633757156283865,1.6202258130957654e-06,0.0,0.0,0.028001987775971612,-0.32649522115226803,0.610915191164924,0.3291705765358492,green,False
168.0,3533.817431619,OBSTACLE_WAIT,8.846280414598144,8.762823466812522,0.4463376295174428,1.61983580646254e-06,0.0,0.0,0.02806262084649659,-0.32827596157936695,0.6121094532007477,0.31110534432268633,green,False
168.2,3534.018152304,OBSTACLE_WAIT,8.846280689942597,8.762823737890018,0.44633767780365796,1.6195132542893582e-06,0.0,0.0,0.02973108965686945,-0.3907785660833794,0.7287044398859042,0.33052806156315057,green,False
168.3,3534.172304526,OBSTACLE_WAIT,8.846280855123016,8.762823900510567,0.4463377067713639,1.6193207461594065e-06,0.0,0.0,0.02810135855551578,-0.3273793861378147,0.6117970893852167,0.3117773639793583,green,False
168.5,3534.417609188,OBSTACLE_WAIT,8.846281240470308,8.76282427988567,0.4463377743514475,1.6189198245426163e-06,0.0,0.0,0.02810135855551578,-0.3273793861378147,0.6117970893852167,0.33657828584790633,green,False
168.7,3534.617770486,OBSTACLE_WAIT,8.846281515665773,8.762824550815841,0.44633782261516025,1.6186756422882483e-06,0.0,0.0,0.027948384438265972,-0.32517942732024246,0.6120225195005711,0.34846177226712904,green,False
168.8,3534.768240467,OBSTACLE_WAIT,8.846281735792324,8.762824767530466,0.4463378612217703,1.6184812462681062e-06,0.0,0.0,0.02806262084649659,-0.32827596157936695,0.6121094532007477,0.32433087595034055,green,False
169.0,3534.967906373,OBSTACLE_WAIT,8.846282010913486,8.7628250383871,0.44633790947462415,1.6182399489114247e-06,0.0,0.0,0.02806262084649659,-0.32827596157936695,0.6121094532007477,0.3244389593678618,green,False
169.2,3535.169363495,OBSTACLE_WAIT,8.846282285993766,8.76282530920327,0.44633795772151375,1.6180002721663458e-06,0.0,0.0,0.02804775521781018,-0.3260643797333601,0.6129060514789179,0.323803321180073,green,False
169.3,3535.319058314,OBSTACLE_WAIT,8.846282506028743,8.762825525827258,0.44633799631476334,1.617809842464843e-06,0.0,0.0,0.02810135855551578,-0.3273793861378147,0.6117970893852167,0.3286724668896603,green,False
169.5,3535.570155059,OBSTACLE_WAIT,8.846282836032813,8.762825850715338,0.4463380541975934,1.6175261316904176e-06,0.0,0.0,0.029834368431403094,-0.3922825651511777,0.7269096159958776,0.3118978867331025,green,False
169.7,3535.767586241,OBSTACLE_WAIT,8.846283110992145,8.762826121411793,0.4463381024268806,1.6172913734430665e-06,0.0,0.0,0.029801037825073845,-0.39177110362033496,0.7274902758656401,0.34256873334049337,green,False
169.8,3535.867669601,OBSTACLE_WAIT,8.846283275933766,8.762826283796112,0.44633813135906947,1.6168219084445853e-06,0.0,0.0,0.028001987775971612,-0.32649522115226803,0.610915191164924,0.3347584477627533,green,False
170.0,3536.11794395,OBSTACLE_WAIT,8.846283660595336,8.76282666249348,0.44633819883372217,1.615635219314749e-06,0.0,0.0,0.02806262084649659,-0.32827596157936695,0.6121094532007477,0.3423104392586463,green,False
170.2,3536.317836893,OBSTACLE_WAIT,8.846283935181333,8.762826932821744,0.44633824700112146,1.6147942809179122e-06,0.0,0.0,0.02808649292682934,-0.32516645903382735,0.6126120476234412,0.31238242353113155,green,False
170.3,3536.468521802,OBSTACLE_WAIT,8.846284154747531,8.762827148983195,0.4463382855179023,1.6141257693536385e-06,0.0,0.0,0.02806262084649659,-0.32827596157936695,0.6121094532007477,0.32963168875876026,green,False
170.5,3536.667480772,OBSTACLE_WAIT,8.84628442907786,8.762827419059374,0.446338333642599,1.613295533801573e-06,0.0,0.0,0.02810135855551578,-0.3273793861378147,0.6117970893852167,0.3366717219319837,green,False
170.7,3536.868202034,OBSTACLE_WAIT,8.84628475808866,8.76282774296779,0.4463383913612454,1.6123066535324355e-06,0.0,0.0,0.02806262084649659,-0.32827596157936695,0.6121094532007477,0.33123657180374655,green,False
170.8,3537.017588091,OBSTACLE_WAIT,8.846284922518615,8.76282790484761,0.4463384202079746,1.6118153225479658e-06,0.0,0.0,0.02810135855551578,-0.3273793861378147,0.6117970893852167,0.312049144827204,green,False
171.0,3537.21821914,OBSTACLE_WAIT,8.8462851964575,8.762828174537825,0.44633846826732454,1.6110008324757337e-06,0.0,0.0,0.02810135855551578,-0.3273793861378147,0.6117970893852167,0.34414608439911043,green,False
171.2,3537.470294397,OBSTACLE_WAIT,8.846285579740377,8.7628285518758,0.4463385355117719,1.609870130937505e-06,0.0,0.0,0.02808649292682934,-0.32516645903382735,0.6126120476234412,0.311645536272839,green,False
171.3,3537.568352191,OBSTACLE_WAIT,8.846285743922328,8.762828713511084,0.4463385643171184,1.6093890230666707e-06,0.0,0.0,0.02804775521781018,-0.3260643797333601,0.6129060514789179,0.3083076402645207,green,False
171.5,3537.770441425,OBSTACLE_WAIT,8.846286017450158,8.762828982795988,0.4463386123078883,1.6085913404063398e-06,0.0,0.0,0.02808649292682934,-0.32516645903382735,0.6126120476234412,0.34481470286666865,green,False
171.7,3538.067920688,OBSTACLE_WAIT,8.846286400162311,8.762829359571212,0.4463386794571439,1.6074839272078974e-06,0.0,0.0,0.029789417714471245,-0.39063977240612413,0.727954077505049,0.3301651000758978,green,False
171.8,3538.1674943,OBSTACLE_WAIT,8.846286509460354,8.762829467173662,0.4463386986345947,1.6071692638351684e-06,0.0,0.0,0.029789417714471245,-0.39063977240612413,0.727954077505049,0.32555961706984343,green,False
172.0,3538.420495166,OBSTACLE_WAIT,8.846286891835724,8.762829843616801,0.44633876572770803,1.6060754765287268e-06,0.0,0.0,0.02810135855551578,-0.3273793861378147,0.6117970893852167,0.3165229074322794,green,False
172.2,3538.668242645,OBSTACLE_WAIT,8.846287164802238,8.76283011234822,0.4463388136249047,1.6053010628247536e-06,0.0,0.0,0.02810135855551578,-0.3273793861378147,0.6117970893852167,0.3005735579211512,green,False
172.3,3538.818066185,OBSTACLE_WAIT,8.84628732851908,8.762830273524887,0.4463388423527167,1.604838205266302e-06,0.0,0.0,0.029834368431403094,-0.3922825651511777,0.7269096159958776,0.3417131600568871,green,False
172.5,3539.117863397,OBSTACLE_WAIT,8.846287655811812,8.762830595739228,0.44633889978485725,1.6039192298425426e-06,0.0,0.0,0.02808649292682934,-0.32516645903382735,0.6126120476234412,0.3229307416098443,green,False
172.7,3539.317903795,OBSTACLE_WAIT,8.846287982917842,8.762830917769465,0.4463389571859074,1.6030082336592536e-06,0.0,0.0,0.02810135855551578,-0.3273793861378147,0.6117970893852167,0.326620848858788,green,False
172.8,3539.417441587,OBSTACLE_WAIT,8.846288146401344,8.762831078716038,0.44633898587485876,1.602555546281981e-06,0.0,0.0,0.02808649292682934,-0.32516645903382735,0.6126120476234412,0.341784885424056,green,False
173.0,3539.617571834,OBSTACLE_WAIT,8.846288418771515,8.762831346859421,0.44633903367274486,1.6018048857685286e-06,0.0,0.0,0.02810135855551578,-0.3273793861378147,0.6117970893852167,0.32001397443410273,green,False
173.2,3539.918062617,OBSTACLE_WAIT,8.846288799876376,8.762831722049741,0.4463391005542729,1.6007629781767565e-06,0.0,0.0,0.02810135855551578,-0.3273793861378147,0.6117970893852167,0.34474329368895285,green,False
173.3,3540.017492719,OBSTACLE_WAIT,8.846288963131078,8.762831882770696,0.44633912920514685,1.6003074047660953e-06,0.0,0.0,0.02810135855551578,-0.3273793861378147,0.6117970893852167,0.3106321940035341,green,False
173.5,3540.218581906,OBSTACLE_WAIT,8.846289289515605,8.762832204089444,0.44633918648621435,1.5995486606421533e-06,0.0,0.0,0.02808649292682934,-0.32516645903382735,0.6126120476234412,0.303069099070888,green,False
173.7,3540.472718204,OBSTACLE_WAIT,8.846289615746644,8.762832525256792,0.4463392437419961,1.5987995893077387e-06,0.0,0.0,0.02808649292682934,-0.32516645903382735,0.6126120476234412,0.3272031680361238,green,False
173.8,3540.567540836,OBSTACLE_WAIT,8.84628972445645,8.762832632279162,0.4463392628216767,1.5985511776348837e-06,0.0,0.0,0.02808649292682934,-0.32516645903382735,0.6126120476234412,0.323729381103944,green,False
174.0,3540.817463008,OBSTACLE_WAIT,8.846290104808253,8.76283300672674,0.44633932957874806,1.5976878019375105e-06,0.0,0.0,0.02808649292682934,-0.32516645903382735,0.6126120476234412,0.32447179423870576,green,False
174.2,3541.017471928,OBSTACLE_WAIT,8.846290322060222,8.762833220606115,0.4463393677105091,1.5971977202794327e-06,0.0,0.0,0.02810135855551578,-0.3273793861378147,0.6117970893852167,0.33110575067963816,green,False
174.3,3541.117545933,OBSTACLE_WAIT,8.846290484955551,8.76283338097259,0.4463393963021526,1.596832054485224e-06,0.0,0.0,0.02810135855551578,-0.3273793861378147,0.6117970893852167,0.33110575067963816,green,False
174.5,3541.367661813,OBSTACLE_WAIT,8.846290864900219,8.762833755018555,0.4463394629922297,1.5959850137304444e-06,0.0,0.0,0.02810135855551578,-0.3273793861378147,0.6117970893852167,0.32654417026132093,green,False
174.7,3541.568769905,OBSTACLE_WAIT,8.846291136166323,8.762834022072967,0.4463395106077817,1.5953849785858274e-06,0.0,0.0,0.02810135855551578,-0.3273793861378147,0.6117970893852167,0.3474162646939236,green,False
174.8,3541.717789212,OBSTACLE_WAIT,8.846291353105968,8.762834235644249,0.44633954868818704,1.5949081157304042e-06,0.0,0.0,0.02806262084649659,-0.32827596157936695,0.6121094532007477,0.3470325357974521,green,False
175.0,3541.918268189,OBSTACLE_WAIT,8.846291678392728,8.762834555880126,0.4463396057886122,1.5941605902849138e-06,0.0,0.0,0.02804775521781018,-0.3260643797333601,0.6129060514789179,0.33375386482750374,green,False
175.2,3542.117808596,OBSTACLE_WAIT,8.846291949343524,8.76283482262352,0.4463396533522168,1.5935004373654607e-06,0.0,0.0,0.02810135855551578,-0.3273793861378147,0.6117970893852167,0.3416153928641,green,False
175.3,3542.268922804,OBSTACLE_WAIT,8.846292111860292,8.762834982616582,0.44633968188149314,1.5931069311874684e-06,0.0,0.0,0.02810135855551578,-0.3273793861378147,0.6117970893852167,0.32819952156199345,green,False
175.5,3542.518618515,OBSTACLE_WAIT,8.846292490910495,8.762835355780275,0.44633974842407265,1.592194266776663e-06,0.0,0.0,0.02804775521781018,-0.3260643797333601,0.6129060514789179,0.3251697885573634,green,False
175.7,3542.771401798,OBSTACLE_WAIT,8.846292761528195,8.762835622195142,0.44633979593258916,1.5915476242600504e-06,0.0,0.0,0.02806262084649659,-0.32827596157936695,0.6121094532007477,0.327040356868505,green,False
175.8,3542.870600836,OBSTACLE_WAIT,8.846292923846201,8.762835781992168,0.4463398244290023,1.591162048028219e-06,0.0,0.0,0.02808649292682934,-0.32516645903382735,0.6126120476234412,0.3359923447714958,green,False
176.0,3543.11803804,OBSTACLE_WAIT,8.846293248364615,8.762836101470231,0.4463398814023963,1.590395632130679e-06,0.0,0.0,0.02806262084649659,-0.32827596157936695,0.6121094532007477,0.3211785580183476,green,False
176.2,3543.324106329,OBSTACLE_WAIT,8.846293518677612,8.762836367584566,0.44633992886056506,1.5897613875291351e-06,0.0,0.0,0.02806262084649659,-0.32827596157936695,0.6121094532007477,0.3249732722661406,green,False
176.3,3543.467696352,OBSTACLE_WAIT,8.846293734850633,8.762836580399714,0.4463399668143228,1.5892573699215926e-06,0.0,0.0,0.02808649292682934,-0.32516645903382735,0.6126120476234412,0.34395786059579714,green,False
176.5,3543.668797066,OBSTACLE_WAIT,8.846294058982117,8.762836899496138,0.4463400237238213,1.5885065769980873e-06,0.0,0.0,0.02810135855551578,-0.3273793861378147,0.6117970893852167,0.3183970966656555,green,False
176.7,3543.921345978,OBSTACLE_WAIT,8.846294382961087,8.762837218442131,0.4463400806081475,1.5877622280951e-06,0.0,0.0,0.0279871221472852,-0.3242809705036432,0.6117294874086725,0.3077535870181685,green,False
176.8,3544.018076424,OBSTACLE_WAIT,8.846294490920394,8.762837324724238,0.4463400995640336,1.587515514659766e-06,0.0,0.0,0.0279871221472852,-0.3242809705036432,0.6117294874086725,0.3195908181169379,green,False
177.0,3544.27040025,OBSTACLE_WAIT,8.84629486864632,8.762837696581762,0.4463401658879149,1.5866567911932786e-06,0.0,0.0,0.028001987775971612,-0.32649522115226803,0.610915191164924,0.3618594252584374,green,False
177.2,3544.467952835,OBSTACLE_WAIT,8.846295138325905,8.762837962071327,0.44634021324157064,1.5860482430499393e-06,0.0,0.0,0.0279871221472852,-0.3242809705036432,0.6117294874086725,0.33889444358529824,green,False
177.3,3544.567840572,OBSTACLE_WAIT,8.846295300082692,8.7628381213148,0.4463402416453495,1.5856557242621648e-06,0.0,0.0,0.02810135855551578,-0.3273793861378147,0.6117970893852167,0.32249860745895703,green,False
177.5,3544.767595742,OBSTACLE_WAIT,8.84629562347594,8.762838439683076,0.4463402984329777,1.5848710065765452e-06,0.0,0.0,0.02806262084649659,-0.32827596157936695,0.6121094532007477,0.3172809301386684,green,False
177.7,3545.017776928,OBSTACLE_WAIT,8.846295946709796,8.762838757894151,0.4463403551942146,1.5840931328004562e-06,0.0,0.0,0.02806262084649659,-0.32827596157936695,0.6121094532007477,0.3069593615938861,green,False
177.8,3545.117692795,OBSTACLE_WAIT,8.846296054419224,8.762838863929803,0.4463403741088012,1.5838351972553602e-06,0.0,0.0,0.02806262084649659,-0.32827596157936695,0.6121094532007477,0.3565119502522595,green,False
178.0,3545.367630437,OBSTACLE_WAIT,8.846296431264612,8.76283923491886,0.4463404402870835,1.5829381360647273e-06,0.0,0.0,0.028001987775971612,-0.32649522115226803,0.610915191164924,0.3199252737279613,green,False
178.2,3545.567263594,OBSTACLE_WAIT,8.84629670030968,8.762839499782624,0.4463404875357436,1.5823024831793119e-06,0.0,0.0,0.028001987775971612,-0.32649522115226803,0.610915191164924,0.3428452346309295,green,False
178.3,3545.72125508,OBSTACLE_WAIT,8.84629691546818,8.762839711597143,0.4463405253218464,1.5817972276706553e-06,0.0,0.0,0.02804775521781018,-0.3260643797333601,0.6129060514789179,0.3257559142793592,green,False
178.5,3545.917907843,OBSTACLE_WAIT,8.846297184321125,8.762839976271414,0.4463405725387501,1.5811972406555018e-06,0.0,0.0,0.02806262084649659,-0.32827596157936695,0.6121094532007477,0.32599567689569003,green,False
178.7,3546.167435731,OBSTACLE_WAIT,8.846297560551525,8.762840346653887,0.44634063861551004,1.5804073405420914e-06,0.0,0.0,0.02806262084649659,-0.32827596157936695,0.6121094532007477,0.3174368889288738,green,False
178.8,3546.267669393,OBSTACLE_WAIT,8.846297668011484,8.762840452443475,0.4463406574889315,1.5801829978034776e-06,0.0,0.0,0.02804775521781018,-0.3260643797333601,0.6129060514789179,0.31956044791529825,green,False
179.0,3546.517961227,OBSTACLE_WAIT,8.846297990300164,8.762840769722267,0.44634071409422993,1.5795139235649825e-06,0.0,0.0,0.02806262084649659,-0.32827596157936695,0.6121094532007477,0.3252684368459568,green,False
179.2,3546.767885147,OBSTACLE_WAIT,8.846298312452907,8.762841086866958,0.4463407706772323,1.5788505085015556e-06,0.0,0.0,0.02806262084649659,-0.32827596157936695,0.6121094532007477,0.33025701118480755,green,False
179.3,3546.869054283,OBSTACLE_WAIT,8.846298473478665,8.762841245389371,0.44634079896043416,1.5785207790462839e-06,0.0,0.0,0.02973108965686945,-0.3907785660833794,0.7287044398859042,0.35045951684954063,green,False
179.5,3547.118500039,OBSTACLE_WAIT,8.846298741780414,8.762841509519879,0.4463408460868902,1.577974239079085e-06,0.0,0.0,0.02810135855551578,-0.3273793861378147,0.6117970893852167,0.3135314836485944,green,False
179.7,3547.317530882,OBSTACLE_WAIT,8.846299063626626,8.762841826362147,0.4463409026197239,1.5773854179072755e-06,0.0,0.0,0.02973108965686945,-0.3907785660833794,0.7287044398859042,0.34184210019771305,green,False
179.8,3547.46956077,OBSTACLE_WAIT,8.846299224504879,8.76284198473902,0.44634093087885157,1.5770932221106417e-06,0.0,0.0,0.02810135855551578,-0.3273793861378147,0.6117970893852167,0.333434700938292,green,False
180.0,3547.669428069,OBSTACLE_WAIT,8.84629954617224,8.762842301404799,0.44634098738262545,1.5765121216820422e-06,0.0,0.0,0.027963250066952397,-0.32739233501766934,0.6112264735163334,0.3453435395161409,green,False
180.2,3547.918568141,OBSTACLE_WAIT,8.846299867721573,8.762842617954105,0.44634104386723294,1.5759358733367818e-06,0.0,0.0,0.027963250066952397,-0.32739233501766934,0.6112264735163334,0.3418128307305722,green,False
180.3,3548.068585928,OBSTACLE_WAIT,8.846300082022704,8.762842828922741,0.4463410815130737,1.5755545008524272e-06,0.0,0.0,0.02804775521781018,-0.3260643797333601,0.6129060514789179,0.3491799362992475,green,False
180.5,3548.26750877,OBSTACLE_WAIT,8.846300403377484,8.762843145280053,0.4463411379661127,1.574986192333544e-06,0.0,0.0,0.02804775521781018,-0.3260643797333601,0.6129060514789179,0.3396310554080131,green,False
180.7,3548.470245543,OBSTACLE_WAIT,8.846300724616816,8.762843461523435,0.4463411944004317,1.574422464995449e-06,0.0,0.0,0.02806262084649659,-0.32827596157936695,0.6121094532007477,0.32532492579116734,green,False
180.8,3548.567577765,OBSTACLE_WAIT,8.846300831671103,8.76284356691274,0.4463412132077405,1.574235864833092e-06,0.0,0.0,0.02806262084649659,-0.32827596157936695,0.6121094532007477,0.32627768474990937,green,False
181.0,3548.767993779,OBSTACLE_WAIT,8.846301152757986,8.762843883005672,0.44634126961735754,1.5736784117169043e-06,0.0,0.0,0.02801685340465805,-0.3287061563968974,0.6100888776472202,0.3315637999090506,green,False
181.2,3548.96779184,OBSTACLE_WAIT,8.846301473731664,8.76284419898688,0.44634132600863863,1.5731255666113198e-06,0.0,0.0,0.028001987775971612,-0.32649522115226803,0.610915191164924,0.3130473232415846,green,False
181.3,3549.067329344,OBSTACLE_WAIT,8.846301580697894,8.76284430428928,0.44634134480168586,1.5729424968700066e-06,0.0,0.0,0.029685460819213097,-0.39190043350529463,0.7266146786197762,0.3130473232415846,green,False
181.5,3549.317961573,OBSTACLE_WAIT,8.846301955014102,8.762844672782863,0.4463414105671943,1.5726785282186427e-06,0.0,0.0,0.0279871221472852,-0.3242809705036432,0.6117294874086725,0.32800812899824805,green,False
181.7,3549.518072599,OBSTACLE_WAIT,8.846302222362365,8.762844935972197,0.4463414575402572,1.5725957479368912e-06,0.0,0.0,0.027963250066952397,-0.32739233501766934,0.6112264735163334,0.326745813889558,green,False
181.8,3549.617232513,OBSTACLE_WAIT,8.846302382764602,8.762845093879088,0.44634148572343196,1.5725463192765094e-06,0.0,0.0,0.027963250066952397,-0.32739233501766934,0.6112264735163334,0.326745813889558,green,False
182.0,3549.871567945,OBSTACLE_WAIT,8.846302757017018,8.762845462309064,0.4463415514822631,1.5724324184522172e-06,0.0,0.0,0.02806262084649659,-0.32827596157936695,0.6121094532007477,0.3411679093330051,green,False
182.2,3550.067695945,OBSTACLE_WAIT,8.8463030243236,8.762845725456788,0.44634159845123994,1.572351404716442e-06,0.0,0.0,0.028001987775971612,-0.32649522115226803,0.610915191164924,0.34130289095668104,green,False
182.3,3550.217749418,OBSTACLE_WAIT,8.846303238158997,8.762845935965112,0.4463416360254645,1.5722871665150985e-06,0.0,0.0,0.027948384438265972,-0.32517942732024246,0.6120225195005711,0.342540374233782,green,False
182.5,3550.418746846,OBSTACLE_WAIT,8.846303505440986,8.762846199088278,0.44634168299206173,1.5722072611228947e-06,0.0,0.0,0.027948384438265972,-0.32517942732024246,0.6120225195005711,0.3217467190403654,green,False
182.7,3550.677682487,OBSTACLE_WAIT,8.846303826161519,8.762846514818246,0.4463417393502655,1.5721122645937936e-06,0.0,0.0,0.028023883137477376,-0.32917198977485357,0.6123944701145441,0.33783103649714613,green,False
182.8,3550.770645632,OBSTACLE_WAIT,8.846303986514528,8.762846672675982,0.446341767528675,1.5720650318879352e-06,0.0,0.0,0.02806262084649659,-0.32827596157936695,0.6121094532007477,0.323767966869598,green,False
183.0,3550.968023794,OBSTACLE_WAIT,8.846304307206136,8.76284698837706,0.4463418238841275,1.571971105817762e-06,0.0,0.0,0.02810135855551578,-0.3273793861378147,0.6117970893852167,0.3320234392546698,green,False
183.2,3551.222311523,OBSTACLE_WAIT,8.846304574434557,8.762847251446722,0.4463418708456278,1.5718933408027047e-06,0.0,0.0,0.02806262084649659,-0.32827596157936695,0.6121094532007477,0.3299467952246875,green,False
183.3,3551.318403336,OBSTACLE_WAIT,8.846304734765285,8.7628474092822,0.44634189902193455,1.5718469672809027e-06,0.0,0.0,0.027963250066952397,-0.32739233501766934,0.6112264735163334,0.3299467952246875,green,False
183.5,3551.567423888,OBSTACLE_WAIT,8.846305055412607,8.762847724939034,0.4463419553732292,1.5717547944276236e-06,0.0,0.0,0.028001987775971612,-0.32649522115226803,0.610915191164924,0.3021652463562247,green,False
183.7,3551.822040166,OBSTACLE_WAIT,8.846305376041204,8.762848040577156,0.44634201172278826,1.571663373029092e-06,0.0,0.0,0.027963250066952397,-0.32739233501766934,0.6112264735163334,0.3408674076312471,green,False
183.8,3551.967496857,OBSTACLE_WAIT,8.846305536348542,8.76284819838926,0.44634203989692584,1.5716180388107053e-06,0.0,0.0,0.027963250066952397,-0.32739233501766934,0.6112264735163334,0.34102837590718194,green,False
184.0,3552.218584766,OBSTACLE_WAIT,8.846305856949353,8.762848513999614,0.4463420962439316,1.5715277708993803e-06,0.0,0.0,0.02806262084649659,-0.32827596157936695,0.6121094532007477,0.31443971425037875,green,False
184.2,3552.418150125,OBSTACLE_WAIT,8.84630617753183,8.76284882959164,0.4463421525892693,1.5714381496441204e-06,0.0,0.0,0.02806262084649659,-0.32827596157936695,0.6121094532007477,0.3028100362949143,green,False
184.3,3552.572149016,OBSTACLE_WAIT,8.846306284388605,8.762848934784932,0.44634217137068205,1.5714086635154023e-06,0.0,0.0,0.02808649292682934,-0.32516645903382735,0.6126120476234412,0.3268926471015955,green,False
184.5,3552.868078231,OBSTACLE_WAIT,8.84630671179561,8.762849355538016,0.4463422464945297,1.5712906614714151e-06,0.0,0.0,0.02806262084649659,-0.32827596157936695,0.6121094532007477,0.32952836434867333,green,False
184.7,3553.067738582,OBSTACLE_WAIT,8.846306978908768,8.762849618492474,0.44634229344548715,1.5712176212033457e-06,0.0,0.0,0.027963250066952397,-0.32739233501766934,0.6112264735163334,0.3430088678386713,green,False
184.8,3553.168346419,OBSTACLE_WAIT,8.846307085750567,8.762849723670794,0.4463423122255632,1.571188686722039e-06,0.0,0.0,0.02806262084649659,-0.32827596157936695,0.6121094532007477,0.3430088678386713,green,False
185.0,3553.368933871,OBSTACLE_WAIT,8.846307406264145,8.762850039193932,0.44634236856474924,1.5711019304545622e-06,0.0,0.0,0.028001987775971612,-0.32649522115226803,0.610915191164924,0.3216246905295392,green,False
185.2,3553.61837223,OBSTACLE_WAIT,8.846307726760102,8.762850354699445,0.44634242490239345,1.571015912929779e-06,0.0,0.0,0.027963250066952397,-0.32739233501766934,0.6112264735163334,0.3370412730929816,green,False
185.3,3553.722528393,OBSTACLE_WAIT,8.846307887001526,8.762850512445644,0.44634245307064624,1.5709733367380689e-06,0.0,0.0,0.02804775521781018,-0.3260643797333601,0.6129060514789179,0.3381197371715129,green,False
185.5,3554.018141536,OBSTACLE_WAIT,8.846308207471347,8.762850827925012,0.44634250940602666,1.5708881422734051e-06,0.0,0.0,0.02806262084649659,-0.32827596157936695,0.6121094532007477,0.34529058164725185,green,False
185.7,3554.267224315,OBSTACLE_WAIT,8.846308527923917,8.762851143387119,0.4463425657399275,1.5708041426616027e-06,0.0,0.0,0.02808649292682934,-0.32516645903382735,0.6126120476234412,0.3248671545642888,green,False
185.8,3554.417960494,OBSTACLE_WAIT,8.846308741549445,8.762851353685665,0.44634260329505243,1.5707482703834127e-06,0.0,0.0,0.02808649292682934,-0.32516645903382735,0.6126120476234412,0.3277839810267237,green,False
186.0,3554.618105363,OBSTACLE_WAIT,8.846308955167409,8.762851563976643,0.4463426408495384,1.5706927432026568e-06,0.0,0.0,0.02804775521781018,-0.3260643797333601,0.6129060514789179,0.3377659199948249,green,False
186.2,3554.874658587,OBSTACLE_WAIT,8.846309275580275,8.762851879399015,0.4463426971800873,1.5706102969077677e-06,0.0,0.0,0.02806262084649659,-0.32827596157936695,0.6121094532007477,0.32717649713272756,green,False
186.3,3554.968141592,OBSTACLE_WAIT,8.846309435780404,8.762852037103892,0.4463427253448365,1.5705692115861951e-06,0.0,0.0,0.02804775521781018,-0.3260643797333601,0.6129060514789179,0.32105713198221575,green,False
186.5,3555.219256392,OBSTACLE_WAIT,8.846309756168136,8.762852352501106,0.44634278167330055,1.5704875069215208e-06,0.0,0.0,0.02808649292682934,-0.32516645903382735,0.6126120476234412,0.3064748344793378,green,False
186.7,3555.46752617,OBSTACLE_WAIT,8.846310129932892,8.762852720443567,0.4463428473881254,1.5703931970759833e-06,0.0,0.0,0.02804775521781018,-0.3260643797333601,0.6129060514789179,0.33814886409629835,green,False
186.8,3555.567521063,OBSTACLE_WAIT,8.84631023671871,8.762852825565865,0.446342866163455,1.570366465573571e-06,0.0,0.0,0.027963250066952397,-0.32739233501766934,0.6112264735163334,0.3249736282739145,green,False
187.0,3555.817852751,OBSTACLE_WAIT,8.846310610454786,8.762853193479607,0.4463429318759578,1.5702732338901673e-06,0.0,0.0,0.028001987775971612,-0.32649522115226803,0.610915191164924,0.3439948543332485,green,False
187.2,3556.01805442,OBSTACLE_WAIT,8.846310877395599,8.762853456261588,0.44634297881237656,1.570207350642168e-06,0.0,0.0,0.029965930551064196,0.4531532058566664,0.710396633631107,0.35498636522967614,green,False
187.3,3556.167911367,OBSTACLE_WAIT,8.846311037554715,8.762853613925397,0.4463430069738019,1.5701679285382277e-06,0.0,0.0,0.02804775521781018,-0.3260643797333601,0.6129060514789179,0.32168022774227606,green,False
187.5,3556.370375852,OBSTACLE_WAIT,8.846311357860948,8.762853929240993,0.4463430632957077,1.570089531201871e-06,0.0,0.0,0.02808649292682934,-0.32516645903382735,0.6126120476234412,0.3304732761843181,green,False
187.7,3556.617934491,OBSTACLE_WAIT,8.846311678151274,8.762854244540655,0.44634311961637135,1.5700120515028138e-06,0.0,0.0,0.02806262084649659,-0.32827596157936695,0.6121094532007477,0.3274603151897724,green,False
187.8,3556.717741826,OBSTACLE_WAIT,8.846311838290514,8.762854402184551,0.4463431477762449,1.569973463526128e-06,0.0,0.0,0.02806262084649659,-0.32827596157936695,0.6121094532007477,0.3295308823100466,green,False
188.0,3556.968960397,OBSTACLE_WAIT,8.846312158557241,8.762854717460563,0.4463432040950918,1.5698969365472575e-06,0.0,0.0,0.02806262084649659,-0.32827596157936695,0.6121094532007477,0.3407628231706652,green,False
188.2,3557.167992226,OBSTACLE_WAIT,8.84631247880839,8.762855032720962,0.4463432604127537,1.5698207896808761e-06,0.0,0.0,0.028001987775971612,-0.32649522115226803,0.610915191164924,0.3469340011856006,green,False
188.3,3557.271147234,OBSTACLE_WAIT,8.846312638928165,8.762855190345348,0.4463432885711476,1.5697829840368373e-06,0.0,0.0,0.02808649292682934,-0.32516645903382735,0.6126120476234412,0.31066638061553187,green,False
188.5,3557.519007311,OBSTACLE_WAIT,8.846312959156196,8.762855505582573,0.4463433448870756,1.5697079048014444e-06,0.0,0.0,0.027963250066952397,-0.32739233501766934,0.6112264735163334,0.32810715392983414,green,False
188.7,3557.767605112,OBSTACLE_WAIT,8.846313279368964,8.762855820804496,0.44634340120187527,1.5696333631759651e-06,0.0,0.0,0.02808649292682934,-0.32516645903382735,0.6126120476234412,0.31099017511628996,green,False
188.8,3557.870435109,OBSTACLE_WAIT,8.846313439469666,8.76285597840976,0.44634342935885907,1.5695964191171713e-06,0.0,0.0,0.02810135855551578,-0.3273793861378147,0.6117970893852167,0.3326603167599722,green,False
189.0,3558.068087307,OBSTACLE_WAIT,8.846313706295817,8.762856241076824,0.44634347628655957,1.5695350549905176e-06,0.0,0.0,0.02981441516574382,-0.3899887490742794,0.7278097234419577,0.32622154506247814,green,False
189.2,3558.271065326,OBSTACLE_WAIT,8.84631402647349,8.76285655626355,0.4463435325988142,1.5694620898753001e-06,0.0,0.0,0.02806262084649659,-0.32827596157936695,0.6121094532007477,0.324780726830858,green,False
189.3,3558.418304236,OBSTACLE_WAIT,8.84631418655676,8.76285671385133,0.44634356075454507,1.5694259144352245e-06,0.0,0.0,0.02806262084649659,-0.32827596157936695,0.6121094532007477,0.33423625950308405,green,False
189.5,3558.618801443,OBSTACLE_WAIT,8.846314453353997,8.762856976489388,0.4463436076801836,1.5693657050366085e-06,0.0,0.0,0.02806262084649659,-0.32827596157936695,0.6121094532007477,0.313020066348235,green,False
189.7,3558.869089655,OBSTACLE_WAIT,8.84631482685304,8.762857344165525,0.44634367337488473,1.5692819226037477e-06,0.0,0.0,0.02804775521781018,-0.3260643797333601,0.6129060514789179,0.3384130207400868,green,False
189.8,3558.968088387,OBSTACLE_WAIT,8.846314933563399,8.762857449212182,0.4463436921445456,1.569258345976588e-06,0.0,0.0,0.02804775521781018,-0.3260643797333601,0.6129060514789179,0.3384130207400868,green,False
190.0,3559.218045005,OBSTACLE_WAIT,8.846315307037003,8.762857816862791,0.4463437578374934,1.5691757816168827e-06,0.0,0.0,0.02806262084649659,-0.32827596157936695,0.6121094532007477,0.3442930402384625,green,False
190.2,3559.417589165,OBSTACLE_WAIT,8.846315573797538,8.76285807946391,0.4463438047612106,1.5692265656673722e-06,0.0,0.0,0.02806262084649659,-0.32827596157936695,0.6121094532007477,0.3304120304140548,green,False
190.3,3559.518614801,OBSTACLE_WAIT,8.846315733861582,8.762858237032091,0.4463438329173182,1.5692784049471774e-06,0.0,0.0,0.02804775521781018,-0.3260643797333601,0.6129060514789179,0.3463273356869014,green,False
190.5,3559.767910538,OBSTACLE_WAIT,8.846316107362853,8.762858604709125,0.44634389861966833,1.5693869970716468e-06,0.0,0.0,0.02806262084649659,-0.32827596157936695,0.6121094532007477,0.3320036971032334,green,False
190.7,3559.967771105,OBSTACLE_WAIT,8.846316374165228,8.762858867350856,0.4463439455539835,1.5694638653068121e-06,0.0,0.0,0.02806262084649659,-0.32827596157936695,0.6121094532007477,0.33737010009097435,green,False
190.8,3560.118343471,OBSTACLE_WAIT,8.846316587616517,8.76285907747334,0.4463439831038645,1.5695251294259042e-06,0.0,0.0,0.028001987775971612,-0.32649522115226803,0.610915191164924,0.33544625998488103,green,False
191.0,3560.318000912,OBSTACLE_WAIT,8.84631690780897,8.762859392672116,0.4463440394327098,1.5696162121599627e-06,0.0,0.0,0.029801037825073845,-0.39177110362033496,0.7274902758656401,0.3319675105341016,green,False
191.2,3560.518093765,OBSTACLE_WAIT,8.846317174650148,8.762859655351464,0.44634408637708634,1.5696915628679554e-06,0.0,0.0,0.02806262084649659,-0.32827596157936695,0.6121094532007477,0.3192800233302757,green,False
191.3,3560.618173299,OBSTACLE_WAIT,8.846317334760991,8.76285981296502,0.4463441145453086,1.5697363690596913e-06,0.0,0.0,0.02806262084649659,-0.32827596157936695,0.6121094532007477,0.31034766790844914,green,False
191.5,3560.820620771,OBSTACLE_WAIT,8.846317601622546,8.76286007566412,0.44634416149499423,1.5698108181156412e-06,0.0,0.0,0.027963250066952397,-0.32739233501766934,0.6112264735163334,0.34546540874807624,green,False
191.7,3561.068187862,OBSTACLE_WAIT,8.846317921873052,8.762860390919165,0.44634421783896727,1.5698994437420839e-06,0.0,0.0,0.02808649292682934,-0.32516645903382735,0.6126120476234412,0.3405763129872601,green,False
191.8,3561.168035834,OBSTACLE_WAIT,8.846318082005077,8.76286054855325,0.4463442460127254,1.5699436018276453e-06,0.0,0.0,0.02808649292682934,-0.32516645903382735,0.6126120476234412,0.3300859820635394,green,False
192.0,3561.418079811,OBSTACLE_WAIT,8.846318455663875,8.76286091638298,0.44634431175606565,1.5700457326829253e-06,0.0,0.0,0.02810135855551578,-0.3273793861378147,0.6117970893852167,0.31789680706181395,green,False
192.2,3561.619484451,OBSTACLE_WAIT,8.846318775962118,8.762861231684278,0.44634436811256945,1.5701325636655158e-06,0.0,0.0,0.02804775521781018,-0.3260643797333601,0.6129060514789179,0.29039362986044986,green,False
192.3,3561.717811971,OBSTACLE_WAIT,8.84631893611786,8.76286138934134,0.44634439629256767,1.5701756671074897e-06,0.0,0.0,0.02804775521781018,-0.3260643797333601,0.6129060514789179,0.3252507392481179,green,False
192.5,3561.92009332,OBSTACLE_WAIT,8.846319203053834,8.762861652112543,0.4463444432618052,1.5702472061899443e-06,0.0,0.0,0.02810135855551578,-0.3273793861378147,0.6117970893852167,0.3314167665077942,green,False
192.7,3562.167909336,OBSTACLE_WAIT,8.846319523392987,8.762861967453468,0.44634449962912043,1.5703322942850715e-06,0.0,0.0,0.028001987775971612,-0.32649522115226803,0.610915191164924,0.32969453782346986,green,False
192.8,3562.26772229,OBSTACLE_WAIT,8.846319683569057,8.762862125130217,0.4463445278145013,1.5703744589901662e-06,0.0,0.0,0.028001987775971612,-0.32649522115226803,0.610915191164924,0.32905180686541535,green,False
193.0,3562.520584725,OBSTACLE_WAIT,8.846320003934101,8.762862440496216,0.44634458418869405,1.5704586244159835e-06,0.0,0.0,0.02806262084649659,-0.32827596157936695,0.6121094532007477,0.31337122644381166,green,False
193.2,3562.767245217,OBSTACLE_WAIT,8.84632032431623,8.762862755878754,0.4463446405674392,1.5705420135132821e-06,0.0,0.0,0.02973108965686945,-0.3907785660833794,0.7287044398859042,0.3365339264669804,green,False
193.3,3562.869336902,OBSTACLE_WAIT,8.84632043111404,8.762862861009914,0.4463446593613617,1.5705696076643457e-06,0.0,0.0,0.02808649292682934,-0.32516645903382735,0.6126120476234412,0.3365339264669804,green,False
193.5,3563.217994838,OBSTACLE_WAIT,8.84632085832401,8.762863281552683,0.4463447345420623,1.5706793857967617e-06,0.0,0.0,0.027948384438265972,-0.32517942732024246,0.6120225195005711,0.3238873663999396,green,False
193.7,3563.418277015,OBSTACLE_WAIT,8.846321071940165,8.76286349183488,0.44634477213540763,1.5707339402454508e-06,0.0,0.0,0.02806262084649659,-0.32827596157936695,0.6121094532007477,0.30914311975518843,green,False
193.8,3563.617771955,OBSTACLE_WAIT,8.846321285563704,8.762863702124221,0.4463448097307394,1.5707882223908095e-06,0.0,0.0,0.02804775521781018,-0.3260643797333601,0.6129060514789179,0.32753296816087246,green,False
194.0,3563.818551511,OBSTACLE_WAIT,8.846321606009992,8.762864017568813,0.44634486612695656,1.5708374433008882e-06,0.0,0.0,0.027948384438265972,-0.32517942732024246,0.6120225195005711,0.35017239468742756,green,False
194.2,3564.019092067,OBSTACLE_WAIT,8.846321873055446,8.762864280445868,0.446344913126196,1.5708737073209851e-06,0.0,0.0,0.02804775521781018,-0.3260643797333601,0.6129060514789179,0.32440678174213905,green,False
194.3,3564.172786531,OBSTACLE_WAIT,8.846322086696256,8.762864490751753,0.4463449507271401,1.570902672501182e-06,0.0,0.0,0.029710458270485643,-0.3912500865387678,0.7264382231987172,0.33217655523811046,green,False
194.5,3564.367848422,OBSTACLE_WAIT,8.846322353752777,8.762864753639358,0.4463449977302545,1.5709385862161644e-06,0.0,0.0,0.02973108965686945,-0.3907785660833794,0.7287044398859042,0.3108394605295334,green,False
194.7,3564.617806613,OBSTACLE_WAIT,8.846322674228634,8.762865069112136,0.44634505413681913,1.5709813650504424e-06,0.0,0.0,0.02810135855551578,-0.3273793861378147,0.6117970893852167,0.3482309522494605,green,False
194.8,3564.717409004,OBSTACLE_WAIT,8.846322834469824,8.762865226851632,0.4463450823412543,1.5710025049565184e-06,0.0,0.0,0.027963250066952397,-0.32739233501766934,0.6112264735163334,0.32859912928822566,green,False
195.0,3564.919921918,OBSTACLE_WAIT,8.846323154958695,8.762865542336808,0.4463451387524208,1.5710449025573963e-06,0.0,0.0,0.02806262084649659,-0.32827596157936695,0.6121094532007477,0.33601910385078576,green,False
195.2,3565.118269529,OBSTACLE_WAIT,8.846323422039305,8.76286580524736,0.4463451857640579,1.5710796789999917e-06,0.0,0.0,0.02808649292682934,-0.32516645903382735,0.6126120476234412,0.31176543399313644,green,False
195.3,3565.274421003,OBSTACLE_WAIT,8.846323635708057,8.762866015579862,0.44634522337488813,1.5711076204237289e-06,0.0,0.0,0.029801037825073845,-0.39177110362033496,0.7274902758656401,0.3249525142743977,green,False
195.5,3565.467940413,OBSTACLE_WAIT,8.846323902799295,8.76286627850053,0.44634527039032046,1.5711420477185211e-06,0.0,0.0,0.027948384438265972,-0.32517942732024246,0.6120225195005711,0.3331183093090381,green,False
