sim_time,wall_time,state,distance_odom_m,x_odom,y_odom,speed_measured,command_v,command_w,lane_lateral_est_m,lane_heading_est_rad,lane_confidence,front_m,light,stop
5.1,3804.425485049,WAIT_SENSORS,0.0,3.2726552583583246e-05,-1.9206026563311329e-10,1.3634996428179197e-06,0.0,0.0,0.0,0.0,0.0,1.6167038270720693,unknown,False
5.2,3804.51560336,WAIT_SENSORS,1.3907722983004827e-07,3.286562981280549e-05,-1.7905814664562582e-10,1.3635047921668445e-06,0.0,0.0,0.0,0.0,0.0,1.589825172437958,unknown,False
5.2,3804.565890866,FOLLOW,1.85436415144453e-07,3.2911988997910264e-05,-1.7464945207006003e-10,1.3635059575213713e-06,0.08345208843185649,0.043150458958619305,0.03612739601742171,0.1125507785538745,0.8911131853686424,1.589825172437958,unknown,True
5.4,3804.71585367,FOLLOW,0.0033847622070373724,0.0034174887349967334,4.080892605023679e-07,0.0680132494847453,0.08345208843185649,0.043150458958619305,0.03612739601742171,0.1125507785538745,0.8911131853686424,1.5970313441673512,unknown,True
5.6,3804.965656955,FOLLOW,0.02040200864696673,0.02043451612343312,7.583895789838888e-05,0.0835394968772149,0.08391498820377873,0.041739686397406855,0.03458953487900221,0.10903104827382652,0.8899028002344849,inf,unknown,True
5.7,3805.065664292,FOLLOW,0.028968542563911744,0.02900053798149916,0.00016898949238812886,0.08399145297169253,0.08477553743072684,0.03989804438415709,0.03262199991562711,0.10346981965783299,0.8892067612842482,inf,unknown,True
5.9,3805.315473027,FOLLOW,0.046279335886650334,0.04630876988466111,0.0004641346736443691,0.08581730003518603,0.08574490444426185,0.0377467850841289,0.030276047013955053,0.09796878229503524,0.8895476177940256,1.5482783422470092,unknown,True
6.1,3805.565560445,FOLLOW,0.0642476548863504,0.06427148400745093,0.0009111404402389972,0.08995483155351494,0.09012742867055898,0.0373341712770775,0.03272697791070715,0.06381585091061807,0.8708860420671115,inf,unknown,True
6.2,3805.665809211,FOLLOW,0.07343113931519565,0.07345065286163112,0.0011924846571547876,0.0902019882450841,0.09145074397718819,0.035192443128609315,0.030568306119619644,0.05787994569856578,0.8723637851326745,1.51213405100568,unknown,True
6.4,3805.865614066,FOLLOW,0.09205947891567164,0.09206678665977124,0.0018656720719023748,0.0915945969908188,0.09152888952565907,0.0341483827944546,0.02941492021586519,0.057472034793882944,0.8723314027859952,1.4819238172609972,unknown,True
6.6,3806.11536342,FOLLOW,0.11173608784368938,0.11172498980077984,0.0027156546716134945,0.09944383959062499,0.09937955844852658,0.032971392133447075,0.03066912374760486,0.020744584584975627,0.8711127299096588,inf,unknown,True
6.7,3806.21576824,FOLLOW,0.12187935664013172,0.12185644479258537,0.0032049770676147956,0.09944379089550864,0.10089430435610262,0.0290217482061909,0.027353831688749483,0.012621031603352576,0.867314832214952,inf,unknown,True
6.9,3806.466389259,FOLLOW,0.14245650387074635,0.14240466371561256,0.004295155190364869,0.10205167923478634,0.10278672011458562,0.0252912896544346,0.024251605549326104,0.00492259958791874,0.8670972064982045,1.463847534515424,unknown,True
7.1,3806.665507274,FOLLOW,0.1598871775859794,0.15980597314935582,0.005306281736948143,0.102094595311989,0.10204472453431186,0.02249137790499385,0.023116776639936023,-0.004969340246772762,0.8609371827150822,inf,unknown,True
7.2,3806.765449662,FOLLOW,0.17028673245397455,0.1701860322633012,0.005942735545946013,0.10166335820486969,0.10161535037862655,0.021268173921662463,0.022302885505129787,-0.007093033131287004,0.8618104416319492,inf,unknown,True
7.4,3807.015739348,FOLLOW,0.19099092330329934,0.19084716980110736,0.007277011885533164,0.10113636583844554,0.09816831590966126,0.014329799117582167,0.017730930816164066,-0.0195662732475519,0.858085717858436,inf,unknown,True
7.6,3807.21570718,FOLLOW,0.21122823567877527,0.21103731082430854,0.008657836448931597,0.09820696828153527,0.09694568896417964,0.011439961588658055,0.015655388694488095,-0.024655452349632297,0.8576774041756348,1.3745627386043278,unknown,True
7.7,3807.321304672,FOLLOW,0.2211219068707085,0.22090647116030676,0.009353820603565313,0.09698061167529724,0.09669755076937805,0.01057525293865278,0.01488377912976007,-0.025354153535232477,0.8568896845091452,1.3821099725906392,unknown,True
7.9,3807.56532212,FOLLOW,0.2375140650643988,0.2372563218362978,0.010530753937718275,0.09620970857528895,0.09534882156146576,0.0066936263738271344,0.014462722354397044,-0.04898112729090356,0.891871278969294,1.367898905564986,unknown,True
8.1,3807.817821179,FOLLOW,0.25694756500687066,0.2566375567060391,0.01195504453945824,0.09513239494350416,0.09487719137163166,0.004082916188681527,0.012423919555872204,-0.0537239151356564,0.8968343901294091,inf,unknown,True
8.3,3808.065623075,FOLLOW,0.2762554617392786,0.2758919880211812,0.013390917851992694,0.09430254213097532,0.09459213796486518,0.001975414481991447,0.0107733362892962,-0.05766158063855232,0.9018997370204211,inf,unknown,True
8.5,3808.266743515,FOLLOW,0.29551353207402403,0.2950958587258634,0.014834738325559775,0.0936208699346932,0.07728988965028272,-0.0048619173675722655,0.011568643380135794,-0.11902832135544128,0.8357425350611152,inf,unknown,True
8.7,3808.515818733,FOLLOW,0.31412899293830765,0.31365775287084563,0.016245914546410015,0.07700722045250391,0.0769946004968538,-0.00645426060224596,0.009982486080541524,-0.12253656567507855,0.8381769608156392,inf,unknown,True
8.8,3808.616408426,FOLLOW,0.32197356225210627,0.32148011447042674,0.016835766075733203,0.0766959884662114,0.07668407729763024,-0.006964139139712015,0.009493630720802719,-0.12397813503966415,0.837099579367703,inf,unknown,True
9.0,3808.865629329,FOLLOW,0.33757489506806004,0.3370384713769561,0.01799295093677296,0.07602640222143726,0.07681866615724604,-0.008351416658097587,0.008039473264035618,-0.12634709814559272,0.8423600419850314,inf,unknown,True
9.2,3809.065774811,FOLLOW,0.35060556913074925,0.35003460818899007,0.018941037819822506,0.07653919701106504,0.07645140067821979,-0.009095031496621702,0.007499571860926153,-0.12962512531646414,0.8435538055171119,inf,unknown,True
9.3,3809.165707238,FOLLOW,0.35840458985014245,0.3578135994387746,0.019499621447073793,0.07645976966631703,0.07653033103769462,-0.009291150336476095,0.00725752484386992,-0.12966143820160986,0.8444826084056383,inf,unknown,True
9.5,3809.365094416,FOLLOW,0.3714133225306057,0.37079004054926096,0.020415629303920227,0.07653812995259457,0.06908786746753068,-0.0141893614425673,0.007329653127679539,-0.1856320434229288,0.842918104182135,inf,unknown,True
9.7,3809.615296668,FOLLOW,0.38565773220660127,0.3850012380765706,0.021387710959447487,0.07048661612148792,0.07346547624072404,-0.013019999711368396,0.005176066509788767,-0.1531176082649609,0.8465635105899082,inf,unknown,True
9.8,3809.719169793,FOLLOW,0.39314752925678215,0.3924745989431922,0.02188362449598001,0.0734678390997783,0.07524713376073862,-0.012355899964871056,0.004283305637546524,-0.13864961647885657,0.8444133279448975,inf,unknown,True
10.0,3809.965420915,FOLLOW,0.41123399665616234,0.4105238400515761,0.02304335526817847,0.07703047663687058,0.05927655351564611,-0.020625583724615534,0.006402037061678537,-0.27208812520732706,0.8299805775225498,1.1655804496417883,unknown,True
10.2,3810.165406117,FOLLOW,0.4233916729277342,0.42265897729700874,0.023783180222241372,0.05975437342381046,0.05976287294644223,-0.020825484058970924,0.005803445617252018,-0.26871013003276867,0.8325841362322337,1.164067884398715,unknown,True
10.3,3810.266169473,FOLLOW,0.427454968275323,0.42671540672938657,0.02401928898809639,0.05975431805601548,0.0601971014210699,-0.020697855364997672,0.00569228988831863,-0.2650562860295674,0.8340512646008738,1.1637853198813197,unknown,True
10.5,3810.515645723,FOLLOW,0.4392080840377989,0.43845050280303405,0.024669702416381546,0.054976752856370735,0.05637811107937201,-0.02184638749422819,0.0001219520472281882,-0.2584785114489404,0.7734119721218312,inf,unknown,True
10.7,3810.715647254,FOLLOW,0.4509824034728539,0.4502095579151366,0.02526888774221441,0.05912008511983154,0.06067980352745912,-0.018997045604616795,-0.0010636834269410686,-0.20247721518513204,0.761629146816761,inf,unknown,True
10.8,3810.817227822,FOLLOW,0.4551061541530879,0.45432850972113903,0.025467769589618935,0.06067354390210856,0.07861517027156253,-0.017301886535419968,-0.021981307575172276,-0.0023802493481565657,0.6590248295087318,inf,unknown,True
11.0,3811.066528352,FOLLOW,0.4721084825517502,0.4713131625813745,0.026242648950424333,0.06562322796176755,0.06668250384353358,-0.01011459828318969,-0.023615744353004144,0.05487762095217987,0.6319245564058573,inf,unknown,True
11.2,3811.265553255,FOLLOW,0.4817928624995237,0.4809885062696667,0.02666086119787725,0.042433343517969714,0.053534228967112935,-0.002018943843527856,-0.02599718296768401,0.14679281273506123,0.6098360757193849,1.1257058276056489,unknown,True
11.3,3811.415494725,FOLLOW,0.4882687203174391,0.4874591176071467,0.026921463134014625,0.05355140259695344,0.050832202330375297,0.00028110464544905793,-0.02617578141247555,0.17638571188930519,0.6103948984811367,1.1231021681728404,unknown,True
11.5,3811.615406747,FOLLOW,0.4970088723054814,0.49619233504298665,0.027269557912670203,0.050852456944870034,0.04125147259940575,0.01131116081816125,-0.03478484244350358,0.39566613108315624,0.6837999917635834,1.104456407255066,unknown,True
11.7,3811.86571425,FOLLOW,0.5067890241316945,0.5059641490757897,0.027673236947198646,0.04008366894231125,0.04004665935200645,0.012743745065950768,-0.03515900613938891,0.42310847991798123,0.686723852187984,1.0834404669103535,unknown,True
11.8,3811.966701254,FOLLOW,0.509514717726429,0.5086873011620162,0.02779091419925768,0.04008375573222355,0.039428686020295374,0.013735743215943176,-0.03575399402558799,0.44342548602623155,0.6928158056259024,1.111051383563735,unknown,True
12.0,3812.215666162,FOLLOW,0.5189079340351487,0.5180708874670876,0.02821604993180562,0.039459796413985684,0.03942050183688401,0.014344969086108442,-0.035405814119556955,0.450229193094711,0.6982596139200513,inf,unknown,True
12.2,3812.417384842,FOLLOW,0.5256259743734147,0.5247811172808182,0.028539867437025336,0.03960834129963279,0.039727944352062824,0.017443223243837003,-0.0340638862230864,0.4845540381068408,0.7321148667146048,inf,unknown,True
12.3,3812.566295897,FOLLOW,0.5296768813016445,0.5288268731988315,0.028744078665479147,0.039771308733206986,0.035888847931689824,0.016955233998949926,-0.0453628036084846,0.5586000713262718,0.7167302538986581,1.0775955244982731,red,True
12.5,3812.815568678,FOLLOW,0.5374035649473402,0.536542685283726,0.02915374237674019,0.03593148267953186,0.03630260944663702,0.01798488920469781,-0.04320968189168942,0.5598437688399133,0.7259340306246568,1.0753142980701376,red,True
12.7,3813.015629876,FOLLOW,0.5436289164598054,0.5427581378511175,0.029504627007128945,0.037050669978090145,0.03703854036834385,0.020109333846085393,-0.03816107118786308,0.5596940140999833,0.7405346975520872,1.0512826262568902,red,True
12.8,3813.174618011,FOLLOW,0.5486693925270151,0.547789739746107,0.029803569878971262,0.036979627785815476,0.037347399675966696,0.02140146616969537,-0.03487967449374407,0.559307167032851,0.7464089203999006,inf,red,True
13.0,3813.365494699,FOLLOW,0.55499834729839,0.5541063542250678,0.030198551419141476,0.037399994962862275,0.037051594398141624,0.02193616374502826,-0.032387994443940915,0.5570908500441696,0.7387862912085241,inf,red,True
13.2,3813.615735899,FOLLOW,0.5625834842948702,0.561674767568976,0.030701871830587032,0.0371557551228083,0.03640502739105458,0.022594876344453358,-0.02057182248305614,0.513976423169497,0.6931945150054923,1.035485455650809,red,True
13.3,3813.715867987,FOLLOW,0.5663506445492273,0.5654327652278314,0.030964444950862213,0.03646222300957118,0.043159264250890395,0.028882789240329252,-0.01899938995697681,0.532378236858546,0.8383491397157764,1.0322499716187148,red,True
13.5,3813.968668104,FOLLOW,0.5746996696183896,0.5737592233893682,0.03157775571187117,0.043225946284860775,0.04402027204441787,0.031053968682073153,-0.014834389237847079,0.5313373034303479,0.8541191971274682,1.037150397165671,red,True
13.7,3814.215761365,FOLLOW,0.5836822603599843,0.5827135564054544,0.03228951866648031,0.04409020026837113,0.04492672108857223,0.033468161754108564,-0.00991649119578833,0.5285214047465601,0.8690712953295415,inf,red,True
13.8,3814.315191952,FOLLOW,0.588239978969603,0.5872551867552347,0.03267211026879529,0.04499888002685075,0.04492672108857223,0.033468161754108564,-0.00991649119578833,0.5285214047465601,0.8690712953295415,1.0310160669099087,red,True
14.0,3814.565402477,FOLLOW,0.5958855788185193,0.5948708475158957,0.033347947955375754,0.044957497261192254,0.04526429296265355,0.035261525392272224,-0.006537174555412306,0.5305430722778675,0.8775077966240227,1.002288244653656,red,True
14.2,3814.868200229,FOLLOW,0.6067160152579092,0.6056518815615357,0.03438089698545871,0.04575281193400582,0.04558945884920817,0.038443515619424856,0.00012886395958475183,0.5333684517049125,0.8864950545864636,inf,red,True
14.3,3814.965982436,FOLLOW,0.6098272411917359,0.6087472352182803,0.03469475796595219,0.04575383325148736,0.04558945884920817,0.038443515619424856,0.00012886395958475183,0.5333684517049125,0.8864950545864636,0.9813777753233621,red,True
14.5,3815.21563332,FOLLOW,0.6211327437624306,0.6199880271698823,0.0359022583434658,0.0489060618222635,0.04993947868272006,0.04467830049048171,0.011821197903171293,0.5041930654896011,0.9407277149808592,0.9620799661591044,red,True
14.7,3815.466092529,FOLLOW,0.6312603003312367,0.6300473830451971,0.03707533751796709,0.05002137197863234,0.05037169240840712,0.04589395915894314,0.013735288416157065,0.5041507089643052,0.9488250292248585,0.9557559309519958,red,True
14.8,3815.565428038,FOLLOW,0.6364063670742107,0.6351546645737763,0.03770592144071331,0.05045130239036752,0.05103961468490559,0.04738128611930933,0.016671840328665755,0.499376461004078,0.9563297505483784,0.9557559309519958,red,True
15.0,3815.772688588,FOLLOW,0.6451072739805617,0.6437830372811706,0.03882689077440835,0.051460908720754026,0.051831477863866354,0.04965318185604272,0.021109531887806066,0.4944429121307328,0.9658395416790883,inf,red,True
15.2,3816.016157186,FOLLOW,0.6556897985524579,0.6542645438668847,0.04028528900274261,0.05262716817899282,0.05254076044529374,0.051049946487745745,0.02354547076582439,0.4901901028066218,0.9744013529652943,0.9381069880750799,red,True
15.3,3816.166177035,FOLLOW,0.6610577813697056,0.6595754778340412,0.04106577749992771,0.05262735105052897,0.05270322483597704,0.05306258251562819,0.028255971316405643,0.4875317466168795,0.9744955248128501,inf,red,True
15.5,3816.416017109,FOLLOW,0.6718504426671391,0.6702405139304379,0.042720298545716594,0.05279231149797345,0.05331368579945796,0.05473273427254725,0.03179014576788056,0.4815413624954161,0.9791295670688893,0.9157007000839306,red,True
15.7,3816.665905861,FOLLOW,0.6845671263222024,0.6827827315720356,0.04481900988096718,0.0539850755322947,0.05389252513570426,0.056041768331093554,0.03542344333883052,0.47088272588626934,0.9777931082307587,inf,red,True
15.8,3816.765549544,FOLLOW,0.6882381124757239,0.6863981419610433,0.045455354796182255,0.05398507450240206,0.05419701691122276,0.05692084560545035,0.03701586529136543,0.4691472897306291,0.9813581324973819,inf,red,True
16.0,3817.015534205,FOLLOW,0.6992995256118223,0.6972769887620179,0.047456409878781074,0.054197664636333194,0.05410391994827862,0.05732265196175893,0.03866534944889885,0.4663878283695942,0.9765620356306559,inf,red,True
16.1,3817.165916793,FOLLOW,0.7048276767763385,0.7027049812397405,0.04850391910527851,0.05419745236725262,0.05410391994827862,0.05732265196175893,0.03866534944889885,0.4663878283695942,0.9765620356306559,inf,red,True
16.3,3817.416040463,FOLLOW,0.716047522090989,0.7137021071563209,0.05072802984100624,0.055412432550310246,0.055169163463580105,0.06042796803473418,0.046769643138600464,0.44662950326903295,0.9730800303945605,inf,red,True
16.5,3817.615665379,FOLLOW,0.7254912073527626,0.7229368216443501,0.052703499139845705,0.05659571887072638,0.056497999678229424,0.06214548812908355,0.04813937823141058,0.4423257283667091,0.9914524735463895,inf,red,True
16.6,3817.773712037,FOLLOW,0.7312639467730632,0.7285715619977128,0.05395813938897757,0.05659520420904692,0.05676134287323875,0.06303417570086478,0.05129458706948038,0.43228008936192275,0.9841944899758727,3.02456938660281,red,True
16.8,3818.218059691,FOLLOW,0.7428797410868707,0.7398848251305158,0.056591566244179,0.05767341976575975,0.05809098287215848,0.06499186458203819,0.05505946381431058,0.4171962348652414,0.9889944267239403,inf,red,True
17.0,3818.665588406,FOLLOW,0.7547123255404132,0.7513731597256993,0.05942462636303707,0.057891916481348504,0.057794202040342045,0.0648853786656775,0.05598209891686881,0.4147892340503914,0.9810436169375807,inf,red,True
17.1,3818.815617972,FOLLOW,0.7606172653157994,0.757091975603816,0.06089545770652779,0.0578912502947404,0.05931085212666477,0.06693093001205949,0.059890327341893285,0.3968982529746723,0.9846815508787143,inf,red,True
17.3,3819.077715835,FOLLOW,0.772631359851983,0.7686965183847414,0.06400526493849149,0.059408883353618845,0.060872457005251596,0.06888250134367699,0.06324162352016488,0.3800064193422382,0.989185567192305,inf,red,True
17.5,3819.315583794,FOLLOW,0.7829551305443955,0.7786338079472328,0.06680336237615153,0.060971543171432635,0.060872457005251596,0.06888250134367699,0.06324162352016488,0.3800064193422382,0.989185567192305,2.959512520060874,red,True
17.6,3819.52804249,FOLLOW,0.7912486599238764,0.786592691227899,0.06913538530436558,0.060996236348490315,0.06302743055959766,0.07131727724703152,0.0669519768883014,0.3584498585577121,0.9958988706913097,inf,red,True
17.8,3819.716223049,FOLLOW,0.8019069676104006,0.796788132972362,0.07224201746108672,0.06315998623941396,0.0637892484143382,0.07199497574077152,0.06821052867152064,0.3489238652955467,0.9952768851409164,inf,red,True
18.0,3819.965627319,FOLLOW,0.814945117975716,0.8092079904558767,0.07620907228560088,0.0639237344785356,0.0656999202142189,0.07377121554874282,0.0711124189886686,0.32737766051750855,0.9955969637834482,2.9351216723839815,red,True
18.1,3820.115529747,FOLLOW,0.823852713476193,0.8176590332458127,0.0790241230258769,0.06583971680538152,0.06609496268181585,0.0740058042932335,0.0716513469775231,0.32176676533769044,0.9938572379160331,inf,red,True
18.3,3820.366073162,FOLLOW,0.8373608515105478,0.8304200733818777,0.08345382593152414,0.06697458887852623,0.06687390991020993,0.07457591593445165,0.0724417531732796,0.31359686703041684,0.9941877624583364,inf,red,True
18.5,3820.566079398,FOLLOW,0.8488452851825387,0.8412158083801031,0.08737079029052049,0.06843391058201487,0.06829228241230613,0.07504107142771922,0.07342784400433491,0.29520495067753894,0.9891069338771635,inf,red,True
18.6,3820.715958532,FOLLOW,0.8558258620557019,0.8477532340184399,0.08981830085768464,0.06843777093295811,0.07068801465364719,0.07376669431673243,0.07589067966834238,0.2376958092093441,0.9391135563741566,inf,red,True
18.6,3820.765533339,STOP_HOLD,0.8582294777055166,0.8499999492141178,0.09067248995943222,0.07078248052491849,0.0,0.0,0.07660967522014227,0.21345786168267303,0.9101168749921025,inf,red,True
18.8,3820.966602814,STOP_HOLD,0.8634179518017223,0.8548349332407311,0.0925327508171741,3.908008362355803e-05,0.0,0.0,0.0781610703703123,0.17565398217548278,0.8790304233147492,inf,red,True
19.0,3821.265859132,STOP_HOLD,0.8634256621539838,0.8548277454690963,0.09252996057154307,1.4225701290457773e-05,0.0,0.0,0.07887541064364795,0.15516383618357862,0.8643364898947241,inf,red,True
19.1,3821.41740426,STOP_HOLD,0.8634270647396158,0.8548264380485632,0.09252945273495172,1.3298295272674545e-05,0.0,0.0,0.07885778436226057,0.1555052837443615,0.8635844770865688,inf,red,True
19.3,3821.666053843,STOP_HOLD,0.8634295968550721,0.8548240778635209,0.09252853560070179,1.1585570836683029e-05,0.0,0.0,0.07865221023211293,0.15637851073806652,0.8638225090863778,inf,red,True
19.5,3821.868995878,STOP_HOLD,0.8634317979366397,0.8548220263786759,0.09252773799805296,1.0001554419823744e-05,0.0,0.0,0.07865221023211293,0.15637851073806652,0.8638225090863778,inf,red,True
19.6,3822.015445463,STOP_HOLD,0.8634327789633234,0.8548211120743373,0.09252738238459696,9.351616687699068e-06,0.0,0.0,0.0787306286968424,0.15588959363396995,0.8641148543389863,inf,red,True
19.8,3822.215645653,STOP_HOLD,0.8634343908784744,0.8548196098555662,0.09252679791114722,9.596798241374241e-06,0.0,0.0,0.07865221023211293,0.15637851073806652,0.8638225090863778,inf,red,True
20.0,3822.465651225,STOP_HOLD,0.8634367364048757,0.8548174240868345,0.0925259470826477,1.0118012073155254e-05,0.0,0.0,0.07858163145695295,0.154781439808779,0.8622256326658808,inf,red,True
20.1,3822.565691726,STOP_HOLD,0.8634374235534571,0.8548167837694306,0.09252569774994805,1.0055063919246367e-05,0.0,0.0,0.07866004992168238,0.15429227807178236,0.862534723300429,inf,red,True
20.3,3822.815443744,STOP_HOLD,0.86343945144072,0.8548148941595989,0.09252496174626028,9.950640504119003e-06,0.0,0.0,0.07844153258760167,0.15537999622168683,0.8622166777891337,inf,green,True
20.5,3823.065279074,STOP_HOLD,0.8634414958459192,0.8548129892609272,0.09252421948373075,1.009243960682605e-05,0.0,0.0,0.07842748794438537,0.1557139208806465,0.8616708746996182,inf,green,True
20.6,3823.216350885,STOP_HOLD,0.863442868520716,0.854811710309449,0.09252372096671717,1.005511186768668e-05,0.0,0.0,0.07849214104133453,0.15445472073824623,0.8638539482777804,inf,green,True
20.8,3823.415398327,STOP_HOLD,0.8634445690881771,0.8548101259110683,0.09252310321963386,9.971655399967851e-06,0.0,0.0,0.07835403183254619,0.15497166166259854,0.8640095113296069,inf,green,True
21.0,3823.665681918,STOP_HOLD,0.8634465971240024,0.8548082364946872,0.09252236631051947,9.87836582960396e-06,0.0,0.0,0.07835403183254619,0.15497166166259854,0.8640095113296069,inf,green,True
21.0,3823.715791591,FOLLOW,0.8634469000705887,0.854807954262275,0.0925222562128372,7.17365879639539e-06,0.07472896259166975,0.07146914820044215,0.07835403183254619,0.15497166166259854,0.8640095113296069,inf,green,True
21.1,3823.765715401,FOLLOW,0.8645401019664837,0.8558258438279194,0.09291950971483998,0.034016124364539546,0.0746358500972362,0.07140369163015535,0.0783399871893299,0.15530562902904427,0.8634522434658999,inf,green,True
21.3,3823.966203951,FOLLOW,0.8768827063549249,0.8673041979698621,0.09745666829746907,0.07472482438321601,0.07475406686030282,0.07149499703642238,0.07878528602795312,0.15218280636369028,0.8599564672087698,inf,green,True
21.5,3824.215501813,FOLLOW,0.8915269756485863,0.8808532493247541,0.10301313081222371,0.06553617947620186,0.06653262446809749,0.07086069499744603,0.07706130212592732,0.2468663837002873,0.8966191289118225,inf,green,True
21.6,3824.416253977,FOLLOW,0.9006777648358666,0.8892765961383394,0.10658854258734046,0.06800565006664996,0.07158437207378855,0.070245330999961,0.07835976782450232,0.17407836202088506,0.8561466472169608,inf,green,True
21.8,3824.615834977,FOLLOW,0.9150434455107642,0.9024317903058823,0.11236004581353858,0.07166729960833484,0.08757179463864506,0.0662637700737266,0.08374992442120609,-0.03183264045122934,0.7878408189137274,inf,green,True
22.0,3824.815180062,FOLLOW,0.9325291327834647,0.9183460132565048,0.11960450635795879,0.08059377777086177,0.08051404289834797,0.06895988565328924,0.07988259117624288,0.06870599337130222,0.7861961345210381,inf,green,True
22.1,3824.915216568,FOLLOW,0.9380094862622131,0.9233123475093592,0.12192178002146498,0.08059313507678041,0.08769038789082836,0.07001790473744901,0.08046487616570853,0.021147978633879745,0.7693881167884002,inf,green,True
22.3,3825.115310907,FOLLOW,0.9551696588969623,0.9387959890641396,0.1293193519500534,0.06511705964870095,0.058558144422507646,0.027368810299810416,0.08477770353240582,-0.2413387914607898,0.7824085327941135,inf,green,True
22.5,3825.315460203,FOLLOW,0.966950581847076,0.9493797076301049,0.13449378160606978,0.053909633979649596,0.05387639634691264,0.01971187794666768,0.08442052612665427,-0.3043810360594945,0.7906148307914643,inf,green,True
22.6,3825.415586411,FOLLOW,0.9706164325769271,0.9526679063989648,0.13611433980079785,0.05390951500891858,0.05296928115003893,0.01591984027212888,0.08366278228582631,-0.34018524952962764,0.8168141788634702,inf,green,True
22.8,3825.665809867,FOLLOW,0.9851742007931531,0.9657041858561873,0.1425937974440239,0.06834179139779047,0.06619386952630789,0.030370115461761365,0.07633274300043119,-0.19337178463604004,0.8182828019331354,inf,green,True
23.0,3825.865837229,FOLLOW,0.9963631375190137,0.9756941724348117,0.1476328658588626,0.06394254474081315,0.06390405671144118,0.02678488041763642,0.07460871702899723,-0.20881938897499797,0.8105422658350675,inf,green,True
23.1,3826.016274405,FOLLOW,1.0049585284741307,0.9833517921288675,0.15153690649193743,0.06083606584825446,0.060802253019462155,0.021621301678370036,0.0709954267965235,-0.22769760149138338,0.7951130913664295,inf,green,True
23.3,3826.265708604,FOLLOW,1.0173690449880244,0.9943860309298747,0.15721724499128498,0.0608357573506796,0.06154759000577165,0.014390801418773306,0.06345263992963347,-0.25881461092517216,0.8447594075632181,inf,green,True
23.5,3826.465361729,FOLLOW,1.0298789692453012,1.0054848095122668,0.1629891747199036,0.061574755414357356,0.060260368410015766,0.009810640474035839,0.05742172875576913,-0.26629260221349704,0.8364799516302796,inf,green,False
23.6,3826.565700684,FOLLOW,1.0340242028998357,1.0091585427917935,0.16490923853666706,0.06028368886488686,0.060260368410015766,0.009810640474035839,0.05742172875576913,-0.26629260221349704,0.8364799516302796,inf,green,False
23.8,3826.825235635,FOLLOW,1.0483667868569153,1.0218602186787784,0.1715708516759069,0.06024673089444885,0.06022731755128431,0.005336085288384356,0.050097907958772725,-0.2675831349177096,0.8376404470535578,inf,green,True
24.0,3827.015728335,FOLLOW,1.0586087298131122,1.0309243548556255,0.17633937586046883,0.06024670339826814,0.06022731755128431,0.005336085288384356,0.050097907958772725,-0.2675831349177096,0.8376404470535578,inf,green,True
24.1,3827.115542244,FOLLOW,1.0647538909967256,1.0363605982593567,0.17920473145272064,0.06024664898888046,0.05695638097145326,-0.0013346525052043202,0.03658543452194253,-0.2541062723212891,0.7761567925447602,inf,green,False
24.3,3827.365816158,FOLLOW,1.078804555797828,1.0487835648574921,0.18576910250883577,0.07735482899844445,0.0773335377014879,0.008866175339295724,0.025090355248001947,-0.08958926171637992,0.788784783941402,inf,green,False
24.5,3827.615878888,FOLLOW,1.0945849022548444,1.062720132857115,0.193171219843813,0.07735448415248719,0.0773335377014879,0.008866175339295724,0.025090355248001947,-0.08958926171637992,0.788784783941402,inf,green,False
24.6,3827.715400224,FOLLOW,1.102475051752174,1.0696833827271774,0.19688169239933204,0.07735433247627269,0.05848337917843386,-0.01596662864222368,0.013998572467784284,-0.27143824841275843,0.8180828682672254,inf,green,False
24.8,3827.965358031,FOLLOW,1.1157032802273958,1.0813557554268651,0.20310597373075673,0.05810196375314566,0.05810587420483247,-0.020335108931548076,0.006378971883094053,-0.2732284681698958,0.8149693475540006,inf,green,False
25.0,3828.165543054,FOLLOW,1.1266438923514994,1.0910268786080815,0.2082212681174432,0.04902586559737189,0.059894655091872605,-0.012497815567823013,0.013234161708064171,-0.22548639373141569,0.7804852461917161,inf,green,False
25.1,3828.265326224,FOLLOW,1.1326837489770898,1.0963732162364976,0.21103134599227913,0.05989741843145869,0.059894655091872605,-0.012497815567823013,0.013234161708064171,-0.22548639373141569,0.7804852461917161,inf,green,False
25.3,3828.515749587,FOLLOW,1.1449028513685473,1.1071998549253903,0.21669617448475798,0.05989763186385304,0.059894655091872605,-0.012497815567823013,0.013234161708064171,-0.22548639373141569,0.7804852461917161,inf,green,False
25.5,3828.76678866,FOLLOW,1.1572699304455651,1.1181700530463061,0.22240576084241587,0.08815159427906827,0.09404767708919837,-0.00553777784265421,-0.006319051213294347,0.002374226059211545,0.7883825266965174,inf,green,False
25.6,3828.865665406,FOLLOW,1.1666538285352417,1.1264955813920194,0.22673509334712125,0.09405647264727815,0.09404767708919837,-0.00553777784265421,-0.006319051213294347,0.002374226059211545,0.7883825266965174,inf,green,False
25.8,3829.115427241,FOLLOW,1.1890393255223606,1.146366085936881,0.23704399464221507,0.09405695970303156,0.09404767708919837,-0.00553777784265421,-0.006319051213294347,0.002374226059211545,0.7883825266965174,inf,green,False
26.0,3829.317408778,FOLLOW,1.2050290359253917,1.1605681037645295,0.24439066112101315,0.09405725764254647,0.03275409611520465,-0.024094270445257204,0.05096504311109046,-0.704904492224908,0.753961415342834,inf,green,False
26.1,3829.428821658,FOLLOW,1.2136391971871776,1.168218534016783,0.24834107793198348,0.06369711560947042,0.03275409611520465,-0.024094270445257204,0.05096504311109046,-0.704904492224908,0.753961415342834,inf,green,False
26.3,3829.666523857,FOLLOW,1.2201031085355978,1.1739692675767823,0.2512925378655764,0.030035006500005373,0.030201869153621656,-0.012048659940737151,0.015034556396066795,-0.3558906653770973,0.4756106452117313,inf,green,False
26.5,3829.915368063,FOLLOW,1.2262669237095116,1.1794660532872934,0.2540814338937737,0.030452888082451085,0.030448964401940948,-0.012504982906538734,0.016137085119631106,-0.36942548789897206,0.48808769356212184,inf,green,False
26.6,3830.018071723,FOLLOW,1.229373118605469,1.1822388678299378,0.2554814142610311,0.030452905429818655,0.030448964401940948,-0.012504982906538734,0.016137085119631106,-0.36942548789897206,0.48808769356212184,inf,green,False
26.8,3830.215713743,FOLLOW,1.2344129422701884,1.1867416386393912,0.2577452315785176,0.02622909988218659,0.026221420179808143,-0.008109088633663351,0.035764886398348295,-0.42135592447229525,0.44868997526589194,inf,green,False
27.0,3830.466157473,FOLLOW,1.2397637117663949,1.1915266294495297,0.2601399320399821,0.02622927266579701,0.026221420179808143,-0.008109088633663351,0.035764886398348295,-0.42135592447229525,0.44868997526589194,inf,green,False
27.1,3830.615406965,FOLLOW,1.2434722639905231,1.1948455792796446,0.261794600902622,0.030579719422697188,0.030586896091538404,-0.02573640495862824,0.014032651677952618,-0.5995459132745532,0.6369376455843878,inf,green,False
27.3,3830.815401114,FOLLOW,1.2487107514740043,1.1995413555601966,0.26411653829683884,0.031181256975635382,0.03202428956365821,-0.02663044555776513,0.0160547828732355,-0.6036450759942839,0.6696045944329311,inf,green,False
27.5,3831.065861578,FOLLOW,1.2552123413522456,1.2053835111511824,0.26696956961465185,0.032015933256609924,0.03202428956365821,-0.02663044555776513,0.0160547828732355,-0.6036450759942839,0.6696045944329311,inf,green,False
27.6,3831.165601744,FOLLOW,1.258477968165588,1.2083237464054517,0.26839060066503884,0.03201596727764943,0.03976590786961537,-0.033063124628127494,0.016873188013726698,-0.6072693259168688,0.8344787336312455,inf,green,False
27.8,3831.417520167,FOLLOW,1.2663180209669649,1.215398342901907,0.2717694021670329,0.03992046365642478,0.030080171992719097,-0.024202728016100003,0.02749123958986982,-0.6405872678874397,0.6521050831559968,inf,green,False
28.0,3831.680496351,FOLLOW,1.2726309774811482,1.2211103424926348,0.2744575994129641,0.031100388002737966,0.03110685222902609,-0.024794829681084377,0.03236934198534336,-0.657649643902896,0.6854198163118637,inf,green,False
28.1,3831.815887779,FOLLOW,1.275891901844214,1.224066116452432,0.2758349237436339,0.0338297063653434,0.033840639889782774,-0.029958718571593077,0.0014254747553416047,-0.5642413563723232,0.6798030105798226,inf,yellow,False
28.3,3832.066427619,FOLLOW,1.2828437268283286,1.230380457893496,0.27874298397284436,0.034333068479096916,0.0351807262334637,-0.030980164905390573,0.004104147688916787,-0.5743589276557736,0.7141386393122716,inf,yellow,False
28.5,3832.273549563,FOLLOW,1.2888246639059264,1.2358271527584819,0.28121382263869865,0.03527653327391185,0.035288437662519156,-0.031044363765848293,0.005124581109141602,-0.5786724545729289,0.7194962896921127,inf,yellow,False
28.6,3832.415417551,FOLLOW,1.292989804655568,1.2396276211436303,0.2829181775340339,0.015843662746578932,0.027995796924809486,0.048170262081706924,0.012928504800482188,0.9283929887126087,0.7747795905903945,inf,yellow,False
28.6,3832.466077179,LANE_GRACE,1.293922999448246,1.2404785446502236,0.2833012985423441,0.02795470262192658,0.01085378289778402,0.018633654086498353,0.0516640818879166,-0.7123825076038544,0.28265241505206073,inf,yellow,False
28.7,3832.566421545,FOLLOW,1.2952689294788318,1.2417047315502756,0.283856269561464,0.010729494529251413,0.02332403740896918,-0.021050232362720887,0.005959225244286048,-0.594681992367174,0.48333333333333256,inf,yellow,False
28.8,3832.615269366,FOLLOW,1.296009901062717,1.2423792290219609,0.28416301374911473,0.010899917287773942,0.02332403740896918,-0.021050232362720887,0.005959225244286048,-0.594681992367174,0.48333333333333256,inf,yellow,False
29.0,3832.865990114,FOLLOW,1.3010687288195293,1.2469875700664075,0.2862498503467768,0.028233084836655386,0.02854691457039364,-0.026683197899760567,-0.0038439676808400547,-0.5664650362450546,0.5747832255199994,inf,yellow,False
29.1,3832.967146552,FOLLOW,1.3039792482786903,1.2496433389449741,0.28744065281396747,0.028539052005100114,0.02915019862427934,-0.027088354115646442,-0.002362010361528444,-0.5704668777517332,0.5893604634322341,inf,yellow,False
29.3,3833.215509104,FOLLOW,1.3108934977435074,1.255965309290692,0.29024054114080183,0.02913763496661738,0.0291457409967873,-0.027076124357835123,-0.0009274935483077895,-0.5770601874884549,0.5932738158918947,inf,yellow,False
29.5,3833.415342467,FOLLOW,1.3156771540812093,1.2603496592591823,0.2921538649778894,0.023917934596426955,0.023917407605532386,-0.017641691449685637,0.0666365732935768,-0.7632492256603379,0.5796230391028797,inf,yellow,False
29.6,3833.565646851,FOLLOW,1.3187647624399723,1.263183497567771,0.29337970434666505,0.01883613125519868,0.02326416024266217,-0.021356216928524283,-0.005750530624656636,-0.5479360693965958,0.4594361795467028,inf,yellow,False
29.8,3833.765643415,FOLLOW,1.3225622405185482,1.266672653224017,0.29487857703991144,0.023261619663968492,0.02326416024266217,-0.021356216928524283,-0.005750530624656636,-0.5479360693965958,0.4594361795467028,inf,yellow,False
30.0,3833.965869742,FOLLOW,1.3265167231259645,1.2703115837050725,0.2964265114798583,0.0232617056349216,0.014291211266364057,-0.0052358723475701,0.20643491443728568,-1.019206235498547,0.4225453362927283,inf,yellow,False
30.1,3834.065853076,FOLLOW,1.3282880041428449,1.2719432236236068,0.2971158498745392,0.014304239947820688,0.028245076226228884,-0.02262280809209551,0.04265279248997034,-0.7008787972235565,0.647800115487886,inf,yellow,False
30.3,3834.315403759,FOLLOW,1.3339005357831846,1.2771180553338135,0.2992887701386465,0.024099330939466028,0.024100185522572783,-0.01971101853393434,0.03772278398282153,-0.6889862361664988,0.5467660483987684,inf,red,False
30.5,3834.516416177,FOLLOW,1.3376830139159654,1.2806108439461241,0.3007405141541283,0.020971995540864305,0.020965733482552876,-0.012499161819179897,0.12515472785947657,-0.8938223965878345,0.565123657096216,inf,red,False
30.6,3834.615531432,FOLLOW,1.3398221599634221,1.2825876861917695,0.30155785128428947,0.02097204438096894,0.020965733482552876,-0.012499161819179897,0.12515472785947657,-0.8938223965878345,0.565123657096216,inf,red,False
30.8,3834.86583771,FOLLOW,1.3446366613116494,1.2870408217585727,0.3033878755138346,0.019212369603173764,0.0237934836566548,-0.020220837042105932,0.029530229233573208,-0.6705685765425313,0.5306782485269357,inf,red,False
31.0,3835.065760881,FOLLOW,1.3485224055632206,1.2906396216353597,0.304853356629589,0.023900341415216665,0.023901296772309472,-0.020225813852103796,0.03169599048914884,-0.6777015565814132,0.5366346819965048,inf,red,False
31.1,3835.165494244,FOLLOW,1.350960243401483,1.29289989402983,0.30576671315549847,0.02390040131822888,0.02425159101744997,-0.020193841962873833,0.03574008739457585,-0.6877592351439071,0.5495810853367549,inf,red,False
31.3,3835.415833757,FOLLOW,1.3559283688530024,1.297511916352576,0.30761373406527015,0.024573856824439237,0.024507893059802627,-0.020318652798129954,0.03591491151644585,-0.6868243094346645,0.5549119573003876,inf,red,False
31.5,3835.666565902,LANE_GRACE,1.3609471739522538,1.3021786996328175,0.30946021800934764,0.025029487294103026,0.013428494155366648,-0.011041158281558994,-0.010653980872596211,-0.3875232325892681,0.29999999999999966,inf,red,False
31.6,3835.765497212,LANE_GRACE,1.3623708704573012,1.3035039198463874,0.30998050926239706,0.01649292999921756,0.01344169731056292,-0.010995594519614559,-0.010653980872596211,-0.3875232325892681,0.29999999999999966,inf,red,False
31.8,3836.015835426,LANE_GRACE,1.3655784504626687,1.306491748794865,0.31114731764319126,0.013474084755468983,0.01347488940485718,-0.010880754328148098,-0.01125970382663824,-0.3897688838985536,0.29999999999999977,inf,red,False
32.0,3836.215316224,LANE_LOST,1.3678711201133789,1.3086292225853156,0.311976497029966,0.013493138467589589,0.0,0.0,-0.013607919984110692,-0.3755765932353791,0.29999999999999966,inf,red,False
32.1,3836.365322134,LANE_LOST,1.3684518641431547,1.309170897442279,0.312185905663051,4.720150760717081e-06,0.0,0.0,-0.013607919984110692,-0.3755765932353791,0.29999999999999966,inf,red,False
32.2,3836.51653881,LANE_LOST,1.368452184835427,1.309171196576518,0.3121860212582097,4.712928788407771e-06,0.0,0.0,-0.01273667338239548,-0.3838207624878453,0.2999999999999998,inf,red,False
32.4,3836.765633812,LANE_LOST,1.3684531441217271,1.3091720913819438,0.3121863670232397,4.691968720345317e-06,0.0,0.0,0.0688696956847889,-0.8524605300311283,0.3231468038803766,inf,red,False
32.5,3836.915629907,LANE_LOST,1.3684537812783568,1.309172685715104,0.31218659666788995,4.678097932479389e-06,0.0,0.0,-0.01273667338239548,-0.3838207624878453,0.2999999999999998,inf,red,False
32.6,3837.015554157,LANE_LOST,1.3684540991507137,1.3091729822245484,0.3121867112322152,4.671194183080617e-06,0.0,0.0,-0.01273667338239548,-0.3838207624878453,0.2999999999999998,inf,red,False
32.7,3837.115331244,LANE_LOST,1.3684545750808281,1.3091734261710308,0.3121868827577075,4.660877850231354e-06,0.0,0.0,-0.01273667338239548,-0.3838207624878453,0.2999999999999998,inf,red,False
32.9,3837.316014171,LANE_LOST,1.3684555238048817,1.3091743111446275,0.3121872246627576,4.64051877728413e-06,0.0,0.0,-0.01273667338239548,-0.3838207624878453,0.2999999999999998,inf,red,False
33.0,3837.415349201,LANE_LOST,1.3684558391282229,1.309174605281275,0.3121873382956852,4.633799460339907e-06,0.0,0.0,-0.01273667338239548,-0.3838207624878453,0.2999999999999998,inf,red,False
33.1,3837.565676394,LANE_LOST,1.3684564684076788,1.3091751922818309,0.3121875650620428,4.620422133259509e-06,0.0,0.0,-0.01273667338239548,-0.3838207624878453,0.2999999999999998,inf,red,False
33.2,3837.665947588,LANE_LOST,1.3684569391763959,1.309175631423657,0.3121877347017833,4.610442394631401e-06,0.0,0.0,-0.01273667338239548,-0.3838207624878453,0.2999999999999998,inf,red,False
33.4,3837.865459546,LANE_LOST,1.3684577215363352,1.3091763612278495,0.31218801661119194,4.5939103699844225e-06,0.0,0.0,-0.01273667338239548,-0.3838207624878453,0.2999999999999998,inf,red,False
33.5,3838.015671982,LANE_LOST,1.368458501096525,1.3091770884256324,0.31218829749813376,4.577503413607569e-06,0.0,0.0,-0.01273667338239548,-0.3838207624878453,0.2999999999999998,inf,red,False
33.6,3838.117228234,LANE_LOST,1.3684588121414227,1.30917737857936,0.3121884095683929,4.57097544750477e-06,0.0,0.0,-0.01273667338239548,-0.3838207624878453,0.2999999999999998,inf,red,False
33.7,3838.21533269,LANE_LOST,1.3684592778977547,1.3091778130549505,0.312188577377576,4.562088261678169e-06,0.0,0.0,-0.01273667338239548,-0.3838207624878453,0.2999999999999998,inf,red,False
33.9,3838.415447578,LANE_LOST,1.3684600523597725,1.3091785355072605,0.31218885640101046,4.549321247919867e-06,0.0,0.0,-0.01273667338239548,-0.3838207624878453,0.2999999999999998,inf,red,False
34.0,3838.515776677,LANE_LOST,1.3684605159981884,1.3091789680120265,0.31218902343456406,4.541708603813547e-06,0.0,0.0,-0.01273667338239548,-0.3838207624878453,0.2999999999999998,inf,red,False
34.1,3838.666029534,LANE_LOST,1.368461132978327,1.3091795435642894,0.3121892457048586,4.53161350173422e-06,0.0,0.0,-0.11092079499830762,0.3798389487830552,0.31565648753426884,inf,red,False
34.2,3838.765313152,LANE_LOST,1.3684615948147885,1.309179974392248,0.31218941207849593,4.524083171169129e-06,0.0,0.0,0.0688696956847889,-0.8524605300311283,0.3231468038803766,inf,red,False
34.4,3838.966077504,LANE_LOST,1.3684623628411228,1.3091806908558385,0.3121896887450348,4.51161030287139e-06,0.0,0.0,0.11763519446048737,-0.9734963551120377,0.2716145913975108,inf,red,False
34.5,3839.065801785,LANE_LOST,1.3684628226420499,1.3091811197895553,0.31218985437341185,4.50417282197241e-06,0.0,0.0,-0.01273667338239548,-0.3838207624878453,0.2999999999999998,inf,red,False
34.6,3839.165614837,LANE_LOST,1.3684632816861377,1.3091815480189457,0.31219001972474575,4.496769908886239e-06,0.0,0.0,-0.01273667338239548,-0.3838207624878453,0.2999999999999998,inf,red,False
34.7,3839.31535568,LANE_LOST,1.3684638925736854,1.309182117901477,0.31219023976450627,4.486952799306655e-06,0.0,0.0,-0.01273667338239548,-0.3838207624878453,0.2999999999999998,inf,red,False
34.9,3839.515764523,LANE_LOST,1.3684646543225967,1.309182828523165,0.3121905141332736,4.4749420192286805e-06,0.0,0.0,-0.11092079499830762,0.3798389487830552,0.31565648753426884,inf,red,False
35.0,3839.615344989,LANE_LOST,1.3684651104000762,1.3091832539917323,0.3121906783988075,4.467828857838538e-06,0.0,0.0,-0.11092079499830762,0.3798389487830552,0.31565648753426884,inf,red,False
35.1,3839.715411107,LANE_LOST,1.3684655657537221,1.309183678786669,0.3121908423994306,4.460748766069952e-06,0.0,0.0,0.0688696956847889,-0.8524605300311283,0.3231468038803766,inf,red,False
35.2,3839.815615311,LANE_LOST,1.3684660203868886,1.3091841029110864,0.31219100613639883,4.4537015494557484e-06,0.0,0.0,-0.01273667338239548,-0.3838207624878453,0.2999999999999998,inf,red,False
35.4,3840.01556679,LANE_LOST,1.3684667765186294,1.3091848083051554,0.31219127844948485,4.44203575484966e-06,0.0,0.0,-0.01273667338239548,-0.3838207624878453,0.2999999999999998,inf,red,False
35.5,3840.16560683,LANE_LOST,1.3684673799976985,1.3091853712929318,0.31219149577815436,4.432967058555853e-06,0.0,0.0,-0.01273667338239548,-0.3838207624878453,0.2999999999999998,inf,red,False
35.6,3840.274273758,LANE_LOST,1.368467681346815,1.309185652423631,0.31219160429921233,4.4302961682618495e-06,0.0,0.0,-0.01273667338239548,-0.3838207624878453,0.2999999999999998,inf,red,False
35.7,3840.365598049,LANE_LOST,1.3684681330326158,1.3091860738057546,0.31219176695580964,4.426330314330635e-06,0.0,0.0,-0.01273667338239548,-0.3838207624878453,0.2999999999999998,inf,red,False
35.9,3840.615391612,LANE_LOST,1.3684690351957105,1.309186915447125,0.3121920918220169,4.418457565050677e-06,0.0,0.0,-0.01273667338239548,-0.3838207624878453,0.2999999999999998,inf,red,False
36.0,3840.715817584,LANE_LOST,1.3684694856769948,1.3091873357100638,0.31219225403314393,4.4145502953921e-06,0.0,0.0,-0.01273667338239548,-0.3838207624878453,0.2999999999999998,inf,red,False
36.1,3840.815704355,LANE_LOST,1.3684699357607477,1.3091877556036176,0.3121924160972926,4.4106625476210155e-06,0.0,0.0,-0.01273667338239548,-0.3838207624878453,0.2999999999999998,inf,red,False
36.2,3840.916315061,LANE_LOST,1.368470385448932,1.3091881751296017,0.31219257801520844,4.406793941729626e-06,0.0,0.0,-0.01273667338239548,-0.3838207624878453,0.2999999999999998,inf,red,False
36.4,3841.179687648,LANE_LOST,1.3684712836464048,1.309189013086087,0.3121929014153143,4.399113960367673e-06,0.0,0.0,-0.01273667338239548,-0.3838207624878453,0.2999999999999998,inf,red,False
36.5,3841.315626172,LANE_LOST,1.3684717321595687,1.309189431520173,0.3121930628989784,4.3953022461147645e-06,0.0,0.0,-0.01273667338239548,-0.3838207624878453,0.2999999999999998,inf,red,False
36.6,3841.415839679,LANE_LOST,1.368472180284917,1.3091898495938623,0.31219322423935797,4.391509448468045e-06,0.0,0.0,-0.01273667338239548,-0.3838207624878453,0.2999999999999998,inf,red,False
36.7,3841.515307938,LANE_LOST,1.3684726280243569,1.3091902673089189,0.31219338543717917,4.387735327229277e-06,0.0,0.0,-0.01273667338239548,-0.3838207624878453,0.2999999999999998,inf,red,False
36.9,3841.716182216,LANE_LOST,1.3684733734230408,1.3091909627259368,0.31219365379211017,4.381766427974792e-06,0.0,0.0,-0.01273667338239548,-0.3838207624878453,0.2999999999999998,inf,red,False
37.0,3841.865614137,LANE_LOST,1.3684739690224785,1.309191518391011,0.3121938682099631,4.3770884466094646e-06,0.0,0.0,-0.01273667338239548,-0.3838207624878453,0.2999999999999998,inf,red,False
37.1,3841.965166171,LANE_LOST,1.3684744153057131,1.3091919347529566,0.31219402886940306,4.373600287890426e-06,0.0,0.0,-0.01273667338239548,-0.3838207624878453,0.2999999999999998,inf,red,False
37.2,3842.066307268,LANE_LOST,1.3684747126308936,1.309192212144557,0.31219413590286965,4.371386801471999e-06,0.0,0.0,-0.01273667338239548,-0.3838207624878453,0.2999999999999998,inf,red,False
37.4,3842.318349138,LANE_LOST,1.368475604539075,1.3091930442600237,0.3121944569699249,4.372892101291268e-06,0.0,0.0,-0.01273667338239548,-0.3838207624878453,0.2999999999999998,inf,red,False
37.5,3842.468844339,LANE_LOST,1.3684761993254013,1.3091935991753045,0.3121946710722487,4.373957683599562e-06,0.0,0.0,-0.01273667338239548,-0.3838207624878453,0.2999999999999998,inf,red,False
37.6,3842.515675623,LANE_LOST,1.3684764967728973,1.309193876684492,0.3121947781407491,4.37449026977474e-06,0.0,0.0,-0.01273667338239548,-0.3838207624878453,0.2999999999999998,inf,red,False
37.7,3842.715493663,LANE_LOST,1.3684770917832811,1.3091944318122188,0.3121949923148921,4.375828977795944e-06,0.0,0.0,-0.01273667338239548,-0.3838207624878453,0.2999999999999998,inf,red,False
37.9,3842.915977273,LANE_LOST,1.368477835869934,1.309195126027,0.3121952601409268,4.378116891158373e-06,0.0,0.0,-0.01273667338239548,-0.3838207624878453,0.2999999999999998,inf,red,False
38.0,3843.015707055,LANE_LOST,1.3684782825083772,1.3091955427314808,0.31219542089936253,4.3794857830415605e-06,0.0,0.0,-0.01273667338239548,-0.3838207624878453,0.2999999999999998,inf,red,False
38.1,3843.165573676,LANE_LOST,1.3684788782432329,1.309196098541758,0.3121956353170718,4.381306611518341e-06,0.0,0.0,-0.01273667338239548,-0.3838207624878453,0.2999999999999998,inf,red,False
38.2,3843.215253533,LANE_LOST,1.3684791762034356,1.3091963765342653,0.31219574255721455,4.3822151277562205e-06,0.0,0.0,-0.01273667338239548,-0.3838207624878453,0.2999999999999998,inf,red,False
38.4,3843.415458305,LANE_LOST,1.3684799213738357,1.309197071769681,0.31219601074864217,4.384480796768428e-06,0.0,0.0,-0.01273667338239548,-0.3838207624878453,0.2999999999999998,inf,red,False
38.5,3843.565435364,LANE_LOST,1.3684805177870405,1.3091976282187252,0.3121962253952636,4.3862874439231195e-06,0.0,0.0,-0.01273667338239548,-0.3838207624878453,0.2999999999999998,inf,green,False
38.6,3843.665274738,LANE_LOST,1.368480816091853,1.3091979065356616,0.3121963327518846,4.38739537895901e-06,0.0,0.0,-0.01273667338239548,-0.3838207624878453,0.2999999999999998,inf,green,False
38.7,3843.815689175,LANE_LOST,1.3684814129333793,1.3091984633874512,0.31219654754455717,4.389855553695702e-06,0.0,0.0,-0.01273667338239548,-0.3838207624878453,0.2999999999999998,inf,green,False
38.9,3844.015669399,LANE_LOST,1.36848231003643,1.3091993003864062,0.3121968703860549,4.4052798940582014e-06,0.0,0.0,-0.01273667338239548,-0.3838207624878453,0.2999999999999998,inf,green,False
39.0,3844.129084309,LANE_LOST,1.3684826097732745,1.3091995800425,0.31219697825006687,4.41043165190494e-06,0.0,0.0,-0.01273667338239548,-0.3838207624878453,0.2999999999999998,inf,green,False
39.1,3844.216251763,LANE_LOST,1.3684830600342737,1.3092000001393838,0.3121971402796187,4.4181350783816405e-06,0.0,0.0,-0.01273667338239548,-0.3838207624878453,0.2999999999999998,inf,green,False
39.2,3844.315267432,LANE_LOST,1.368483511079523,1.3092004209691,0.31219730258848116,4.425809367871723e-06,0.0,0.0,-0.01273667338239548,-0.3838207624878453,0.2999999999999998,inf,green,False
39.4,3844.566236141,LANE_LOST,1.3684844155109304,1.3092012648159521,0.31219762803995266,4.441071148198315e-06,0.0,0.0,-0.01273667338239548,-0.3838207624878453,0.2999999999999998,inf,green,False
39.5,3844.665708931,LANE_LOST,1.368484868891198,1.3092016878275778,0.3121977911804797,4.448658844929484e-06,0.0,0.0,-0.01273667338239548,-0.3838207624878453,0.2999999999999998,inf,green,False
39.6,3844.815767877,LANE_LOST,1.3684854745993327,1.3092022529654221,0.31219800912900847,4.458731172451214e-06,0.0,0.0,-0.01273667338239548,-0.3838207624878453,0.2999999999999998,inf,green,False
39.7,3844.915420284,LANE_LOST,1.3684859297774818,1.309202677657022,0.3121981729099369,4.466252097309367e-06,0.0,0.0,-0.01273667338239548,-0.3838207624878453,0.2999999999999998,inf,green,False
39.9,3845.117512557,LANE_LOST,1.3684865378722186,1.3092032450249405,0.3121983917085977,4.476235677962185e-06,0.0,0.0,-0.01273667338239548,-0.3838207624878453,0.2999999999999998,inf,green,False
40.0,3845.266155356,LANE_LOST,1.368487147321275,1.3092038136583428,0.3121986109897088,4.486168996625328e-06,0.0,0.0,-0.01273667338239548,-0.3838207624878453,0.2999999999999998,inf,green,False
40.1,3845.365378853,LANE_LOST,1.368487605295319,1.3092042409624396,0.3121987757666303,4.494135683704764e-06,0.0,0.0,-0.01273667338239548,-0.3838207624878453,0.2999999999999998,inf,green,False
40.2,3845.465626669,LANE_LOST,1.3684880645447035,1.3092046694575004,0.31219894099973877,4.510648566282279e-06,0.0,0.0,-0.01273667338239548,-0.3838207624878453,0.2999999999999998,inf,green,False
40.4,3845.665286061,LANE_LOST,1.3684888337089505,1.3092053871157836,0.3121992177310655,4.538150440200704e-06,0.0,0.0,-0.01273667338239548,-0.3838207624878453,0.2999999999999998,inf,green,False
40.5,3845.8153946,LANE_LOST,1.368489452396867,1.3092059643761922,0.3121994403184837,4.560021099900152e-06,0.0,0.0,-0.01273667338239548,-0.3838207624878453,0.2999999999999998,inf,green,False
40.6,3845.915421245,LANE_LOST,1.3684899183604189,1.309206399139871,0.3121996079567112,4.5763481667274016e-06,0.0,0.0,-0.01273667338239548,-0.3838207624878453,0.2999999999999998,inf,green,False
40.7,3846.015583925,LANE_LOST,1.3684902299265387,1.3092066898447758,0.31219972004643065,4.587196936288162e-06,0.0,0.0,-0.01273667338239548,-0.3838207624878453,0.2999999999999998,inf,green,False
40.9,3846.215246366,LANE_LOST,1.368491169037423,1.309207566079205,0.3122000578962172,4.6195709177107556e-06,0.0,0.0,-0.01273667338239548,-0.3838207624878453,0.2999999999999998,inf,green,False
41.0,3846.315487388,LANE_LOST,1.368491641062866,1.3092080065025138,0.31220022770589917,4.6356615392123985e-06,0.0,0.0,-0.01273667338239548,-0.3838207624878453,0.2999999999999998,inf,green,False
41.1,3846.465532659,LANE_LOST,1.3684922729769262,1.3092085961113908,0.3122004550311098,4.657016437398644e-06,0.0,0.0,-0.01273667338239548,-0.3838207624878453,0.2999999999999998,inf,green,False
41.2,3846.566109199,LANE_LOST,1.368492590021104,1.3092088919308345,0.312200569083148,4.667651240884834e-06,0.0,0.0,-0.01273667338239548,-0.3838207624878453,0.2999999999999998,inf,green,False
41.4,3846.765215168,LANE_LOST,1.3684935455486806,1.3092097834925138,0.3122009128137424,4.7033728216998e-06,0.0,0.0,-0.01273667338239548,-0.3838207624878453,0.2999999999999998,inf,green,False
41.5,3846.865441063,LANE_LOST,1.3684940267452204,1.3092102324777202,0.31220108591023105,4.731559235584973e-06,0.0,0.0,-0.01273667338239548,-0.3838207624878453,0.2999999999999998,inf,green,False
41.6,3847.015998327,LANE_LOST,1.3684945108258098,1.3092106841548514,0.31220126004175097,4.760088341241152e-06,0.0,0.0,-0.01273667338239548,-0.3838207624878453,0.2999999999999998,inf,green,False
41.7,3847.115661352,LANE_LOST,1.3684949978316328,1.3092111385623348,0.31220143522311594,4.788745056193072e-06,0.0,0.0,-0.01273667338239548,-0.3838207624878453,0.2999999999999998,inf,green,False
41.9,3847.36525063,LANE_LOST,1.3684959805825563,1.3092120555343731,0.312201788722279,4.845711410540201e-06,0.0,0.0,-0.01273667338239548,-0.3838207624878453,0.2999999999999998,inf,green,False
42.0,3847.465727508,LANE_LOST,1.3684964763040703,1.30921251807692,0.3122019670315942,4.874021615666272e-06,0.0,0.0,-0.01273667338239548,-0.3838207624878453,0.2999999999999998,inf,green,False
42.1,3847.565847122,LANE_LOST,1.3684968083867644,1.309212827933604,0.3122020864792864,4.892831408720207e-06,0.0,0.0,-0.01273667338239548,-0.3838207624878453,0.2999999999999998,inf,green,False
42.2,3847.665829271,LANE_LOST,1.3684973089047023,1.309213294953056,0.312202266509944,4.920951059569414e-06,0.0,0.0,-0.01273667338239548,-0.3838207624878453,0.2999999999999998,inf,green,False
42.4,3847.916839711,LANE_LOST,1.3684984878912068,1.3092143950362538,0.31220269056906186,4.986121987840437e-06,0.0,0.0,-0.01273667338239548,-0.3838207624878453,0.2999999999999998,inf,green,False
42.5,3848.016376682,LANE_LOST,1.3684989978908406,1.3092148709057954,0.3122028740024444,5.011157415440096e-06,0.0,0.0,-0.01273667338239548,-0.3838207624878453,0.2999999999999998,inf,green,False
42.6,3848.116260554,LANE_LOST,1.3684993384604769,1.3092151886843846,0.3122029964950788,5.005656018961457e-06,0.0,0.0,-0.01273667338239548,-0.3838207624878453,0.2999999999999998,inf,green,False
42.7,3848.215192863,LANE_LOST,1.3684998486737316,1.309215664754701,0.31220318000153424,4.999401094575881e-06,0.0,0.0,-0.01273667338239548,-0.3838207624878453,0.2999999999999998,inf,green,False
42.9,3848.465446196,LANE_LOST,1.3685010371615969,1.3092167737135474,0.31220360745174514,4.9879568184884545e-06,0.0,0.0,-0.01273667338239548,-0.3838207624878453,0.2999999999999998,inf,green,False
43.0,3848.565516743,LANE_LOST,1.3685013762336695,1.3092170900970814,0.3122037293998073,4.984833147653839e-06,0.0,0.0,-0.01273667338239548,-0.3838207624878453,0.2999999999999998,inf,green,False
43.1,3848.665415568,LANE_LOST,1.3685018844257446,1.3092175642848944,0.312203912170437,4.9793406875600385e-06,0.0,0.0,-0.01273667338239548,-0.3838207624878453,0.2999999999999998,inf,green,False
43.2,3848.765892191,LANE_LOST,1.3685023919855148,1.309218037883557,0.3122040947114656,4.972878865500155e-06,0.0,0.0,-0.01273667338239548,-0.3838207624878453,0.2999999999999998,inf,green,False
43.4,3849.015451292,LANE_LOST,1.3685034051336027,1.3092189832438628,0.31220445907795735,4.960023904810581e-06,0.0,0.0,-0.01273667338239548,-0.3838207624878453,0.2999999999999998,inf,green,False
43.5,3849.115397411,LANE_LOST,1.3685039107266033,1.3092194550098668,0.3122046409051272,4.953630879731743e-06,0.0,0.0,-0.01273667338239548,-0.3838207624878453,0.2999999999999998,inf,green,False
43.6,3849.217003569,LANE_LOST,1.3685044156686939,1.3092199261693422,0.31220482249605075,4.947260668631312e-06,0.0,0.0,-0.01273667338239548,-0.3838207624878453,0.2999999999999998,inf,green,False
43.7,3849.31551908,LANE_LOST,1.3685047519362838,1.3092202399397663,0.3122049434258362,4.9430266355579475e-06,0.0,0.0,-0.01273667338239548,-0.3838207624878453,0.2999999999999998,inf,green,False
43.9,3849.565937179,LANE_LOST,1.3685059266126949,1.3092213360301923,0.31220536585979386,4.928286288811172e-06,0.0,0.0,-0.01273667338239548,-0.3838207624878453,0.2999999999999998,inf,green,False
44.0,3849.666450858,LANE_LOST,1.3685064289743014,1.309221804785117,0.31220554651417154,4.9220065528182e-06,0.0,0.0,-0.01273667338239548,-0.3838207624878453,0.2999999999999998,inf,green,False
44.1,3849.765861235,LANE_LOST,1.3685067635266912,1.3092221169572775,0.31220566682146017,4.917832696429953e-06,0.0,0.0,-0.01273667338239548,-0.3838207624878453,0.2999999999999998,inf,green,False
44.2,3849.866725333,LANE_LOST,1.3685072648239502,1.309222584720414,0.31220584708956606,4.911590296735364e-06,0.0,0.0,-0.01273667338239548,-0.3838207624878453,0.2999999999999998,inf,green,False
44.4,3850.117195533,LANE_LOST,1.368508432049808,1.3092236738682088,0.31220626681957936,4.897111370404251e-06,0.0,0.0,-0.01273667338239548,-0.3838207624878453,0.2999999999999998,inf,green,False
44.5,3850.215761534,LANE_LOST,1.3685089312373129,1.309224139665407,0.3122064463220451,4.890942963343583e-06,0.0,0.0,-0.01273667338239548,-0.3838207624878453,0.2999999999999998,inf,green,False
44.6,3850.317140099,LANE_LOST,1.3685094297967748,1.3092246048773712,0.3122066255965983,4.884796622515989e-06,0.0,0.0,-0.01273667338239548,-0.3838207624878453,0.2999999999999998,inf,green,False
44.7,3850.415558602,LANE_LOST,1.3685097618219486,1.3092249146945865,0.31220674498675394,4.880711357245057e-06,0.0,0.0,-0.01273667338239548,-0.3838207624878453,0.2999999999999998,inf,green,False
44.9,3850.666068088,LANE_LOST,1.3685107562353072,1.3092258425973584,0.31220710255405315,4.868513602320862e-06,0.0,0.0,-0.01273667338239548,-0.3838207624878453,0.2999999999999998,inf,green,False
45.0,3850.765455684,LANE_LOST,1.3685112525110925,1.3092263056812963,0.3122072809999041,4.862447421341018e-06,0.0,0.0,-0.01273667338239548,-0.3838207624878453,0.2999999999999998,inf,green,False
45.1,3850.865048535,LANE_LOST,1.3685117481692415,1.3092267681896912,0.3122074592216343,4.856402722319634e-06,0.0,0.0,-0.01273667338239548,-0.3838207624878453,0.2999999999999998,inf,green,False
45.2,3850.965323673,LANE_LOST,1.3685120782659599,1.3092270762098845,0.3122075779120046,4.852384992702732e-06,0.0,0.0,-0.01273667338239548,-0.3838207624878453,0.2999999999999998,inf,green,False
45.4,3851.215609107,LANE_LOST,1.368513231459848,1.3092281522820879,0.31220799255010745,4.8383981928379124e-06,0.0,0.0,-0.01273667338239548,-0.3838207624878453,0.2999999999999998,inf,yellow,False
45.5,3851.315510938,LANE_LOST,1.3685137246753105,1.3092286125142678,0.3122081698854758,4.832646769896963e-06,0.0,0.0,-0.01273667338239548,-0.3838207624878453,0.2999999999999998,inf,yellow,False
45.6,3851.415534983,LANE_LOST,1.3685142173185825,1.3092290722132922,0.3122083470131142,4.827083092610587e-06,0.0,0.0,-0.01273667338239548,-0.3838207624878453,0.2999999999999998,inf,yellow,False
45.7,3851.515441676,LANE_LOST,1.3685145454326009,1.309229378385959,0.3122084649839038,4.823384998764455e-06,0.0,0.0,-0.01273667338239548,-0.3838207624878453,0.2999999999999998,inf,yellow,False
45.9,3851.715455233,LANE_LOST,1.3685155282700465,1.3092302955020025,0.3122088183500127,4.812343442627867e-06,0.0,0.0,-0.01273667338239548,-0.3838207624878453,0.2999999999999998,inf,yellow,False
46.0,3851.816601399,LANE_LOST,1.3685160188461107,1.3092307532748553,0.3122089947271373,4.806852204799465e-06,0.0,0.0,-0.01273667338239548,-0.3838207624878453,0.2999999999999998,inf,yellow,False
46.1,3851.966928104,LANE_LOST,1.368516672078171,1.30923136282861,0.3122092295810158,4.799560981098833e-06,0.0,0.0,-0.01273667338239548,-0.3838207624878453,0.2999999999999998,inf,yellow,False
46.2,3852.065318345,LANE_LOST,1.3685169983229428,1.309231667259557,0.3122093468731713,4.79592835868168e-06,0.0,0.0,-0.01273667338239548,-0.3838207624878453,0.2999999999999998,inf,yellow,False
46.4,3852.315328873,LANE_LOST,1.3685179755792964,1.309232579175261,0.3122096982130765,4.785082256440145e-06,0.0,0.0,-0.01273667338239548,-0.3838207624878453,0.2999999999999998,inf,yellow,False
46.5,3852.415558003,LANE_LOST,1.3685184633797358,1.309233034361842,0.3122098735825293,4.779688165459565e-06,0.0,0.0,-0.01273667338239548,-0.3838207624878453,0.2999999999999998,inf,yellow,False
46.6,3852.515768556,LANE_LOST,1.368518950630975,1.3092334890366872,0.3122100487526041,4.774313483504859e-06,0.0,0.0,-0.01273667338239548,-0.3838207624878453,0.2999999999999998,inf,yellow,False
46.7,3852.665154725,LANE_LOST,1.3685195994483665,1.3092340944769332,0.3122102820037914,4.7671769157170186e-06,0.0,0.0,-0.01273667338239548,-0.3838207624878453,0.2999999999999998,inf,yellow,False
46.9,3852.915726754,LANE_LOST,1.3685202472975049,1.3092346990149735,0.3122105149034779,4.7600742132412484e-06,0.0,0.0,-0.01273667338239548,-0.3838207624878453,0.2999999999999998,inf,yellow,False
47.0,3853.065920045,LANE_LOST,1.368521055754333,1.3092354534253283,0.31221080553633784,4.75124325587753e-06,0.0,0.0,-0.01273667338239548,-0.3838207624878453,0.2999999999999998,inf,yellow,False
47.1,3853.168367069,LANE_LOST,1.3685213787174686,1.3092357547984952,0.31221092163716113,4.7477255607944795e-06,0.0,0.0,-0.01273667338239548,-0.3838207624878453,0.2999999999999998,inf,yellow,False
47.2,3853.265592828,LANE_LOST,1.368521701441691,1.309236055949045,0.3122110376512554,4.7442162363959196e-06,0.0,0.0,-0.01273667338239548,-0.3838207624878453,0.2999999999999998,inf,yellow,False
47.4,3853.515885392,LANE_LOST,1.3685228291032232,1.309237108230493,0.312211443020575,4.731999337066918e-06,0.0,0.0,-0.01273667338239548,-0.3838207624878453,0.2999999999999998,inf,red,False
47.5,3853.615661656,LANE_LOST,1.3685231507593496,1.3092374083857985,0.31221155864694,4.7285273313814146e-06,0.0,0.0,-0.01273667338239548,-0.3838207624878453,0.2999999999999998,inf,red,False
47.6,3853.765878853,LANE_LOST,1.3685237933647492,1.3092380080377668,0.3122117896430793,4.721608415499257e-06,0.0,0.0,-0.01273667338239548,-0.3838207624878453,0.2999999999999998,inf,red,False
47.7,3853.865622939,LANE_LOST,1.3685241143151434,1.3092383075354739,0.3122119050132617,4.718161115265612e-06,0.0,0.0,-0.01273667338239548,-0.3838207624878453,0.2999999999999998,inf,red,False
47.9,3854.115369219,LANE_LOST,1.3685250757637881,1.3092392047217134,0.31221225061469116,4.707868698399086e-06,0.0,0.0,-0.01273667338239548,-0.3838207624878453,0.2999999999999998,inf,red,False
48.0,3854.218258619,LANE_LOST,1.3685253957810115,1.3092395033498934,0.31221236564613625,4.704454178506189e-06,0.0,0.0,-0.01273667338239548,-0.3838207624878453,0.2999999999999998,inf,red,False
48.1,3854.365692421,LANE_LOST,1.3685261948106797,1.309240248976066,0.31221265285689787,4.695953382775754e-06,0.0,0.0,-0.01273667338239548,-0.3838207624878453,0.2999999999999998,inf,red,False
48.2,3854.465502588,LANE_LOST,1.368526514018637,1.3092405468501707,0.31221276759458827,4.692567140146121e-06,0.0,0.0,-0.01273667338239548,-0.3838207624878453,0.2999999999999998,inf,red,False
48.4,3854.715398827,LANE_LOST,1.368527470264796,1.3092414391887286,0.31221311130757184,4.682456810140421e-06,0.0,0.0,-0.01273667338239548,-0.3838207624878453,0.2999999999999998,inf,red,False
48.5,3854.815818433,LANE_LOST,1.368527947616284,1.3092418846390352,0.3122132828839907,4.677428712615556e-06,0.0,0.0,-0.01273667338239548,-0.3838207624878453,0.2999999999999998,inf,red,False
48.6,3854.915545896,LANE_LOST,1.3685284244558247,1.3092423296123066,0.3122134542745842,4.672418327258995e-06,0.0,0.0,-0.01273667338239548,-0.3838207624878453,0.2999999999999998,inf,red,False
48.7,3855.016181603,LANE_LOST,1.3685287420653374,1.3092426259969734,0.31221356843207115,4.669088152028621e-06,0.0,0.0,-0.01273667338239548,-0.3838207624878453,0.2999999999999998,inf,red,False
48.9,3855.216093272,LANE_LOST,1.3685296935389244,1.3092435138884198,0.3122139104127229,4.659144892981345e-06,0.0,0.0,-0.01273667338239548,-0.3838207624878453,0.2999999999999998,inf,red,False
49.0,3855.365898583,LANE_LOST,1.3685303267308866,1.309244104768919,0.3122141379919328,4.652555292328256e-06,0.0,0.0,-0.01273667338239548,-0.3838207624878453,0.2999999999999998,inf,red,False
49.1,3855.467124072,LANE_LOST,1.3685306429913418,1.309244399896522,0.31221425165975364,4.64927231575119e-06,0.0,0.0,-0.01273667338239548,-0.3838207624878453,0.2999999999999998,inf,red,False
49.2,3855.5655053,LANE_LOST,1.3685311169641103,1.309244842198509,0.31221442200979826,4.644362467001368e-06,0.0,0.0,-0.01273667338239548,-0.3838207624878453,0.2999999999999998,inf,red,False
49.4,3855.815700981,LANE_LOST,1.368532063411704,1.309245725406681,0.3122147621661926,4.63459509323713e-06,0.0,0.0,-0.01273667338239548,-0.3838207624878453,0.2999999999999998,inf,red,False
49.5,3855.917398787,LANE_LOST,1.3685325358900895,1.3092461663161825,0.3122149319738376,4.629737481444881e-06,0.0,0.0,-0.01273667338239548,-0.3838207624878453,0.2999999999999998,inf,red,False
49.6,3856.016894219,LANE_LOST,1.3685330078738924,1.3092466067648245,0.31221510160197163,4.624897165769695e-06,0.0,0.0,-0.01273667338239548,-0.3838207624878453,0.2999999999999998,inf,red,False
49.7,3856.11550167,LANE_LOST,1.3685334793648691,1.309247046754243,0.31221527105123464,4.62007418448662e-06,0.0,0.0,-0.01273667338239548,-0.3838207624878453,0.2999999999999998,inf,red,False
49.9,3856.316568767,LANE_LOST,1.3685342640927745,1.3092477790538977,0.31221555307091664,4.6120738941715875e-06,0.0,0.0,-0.01273667338239548,-0.3838207624878453,0.2999999999999998,inf,red,False
50.0,3856.466303642,LANE_LOST,1.3685350474646993,1.3092485100900249,0.31221583459845215,4.604121135020451e-06,0.0,0.0,-0.01273667338239548,-0.3838207624878453,0.2999999999999998,inf,red,False
50.1,3856.565689986,LANE_LOST,1.3685353604355974,1.3092488021523676,0.31221594707232025,4.600953131191793e-06,0.0,0.0,-0.01273667338239548,-0.3838207624878453,0.2999999999999998,inf,red,False
50.2,3856.666556897,LANE_LOST,1.3685358294886867,1.309249239870118,0.3122161156367633,4.596215469402591e-06,0.0,0.0,-0.01273667338239548,-0.3838207624878453,0.2999999999999998,inf,red,False
50.4,3856.916299523,LANE_LOST,1.3685367661494447,1.3092501139587451,0.3122164522410529,4.5867904891543645e-06,0.0,0.0,-0.01273667338239548,-0.3838207624878453,0.2999999999999998,inf,red,False
50.5,3857.015525177,LANE_LOST,1.3685370779432888,1.3092504049242837,0.31221656428772443,4.58366381038776e-06,0.0,0.0,-0.01273667338239548,-0.3838207624878453,0.2999999999999998,inf,red,False
50.6,3857.115405697,LANE_LOST,1.3685375452360384,1.3092508410017107,0.3122167322132781,4.578987728343365e-06,0.0,0.0,-0.01273667338239548,-0.3838207624878453,0.2999999999999998,inf,red,False
50.7,3857.266172022,LANE_LOST,1.3685381675527248,1.3092514217484381,0.31221695584533377,4.572778763760558e-06,0.0,0.0,-0.01273667338239548,-0.3838207624878453,0.2999999999999998,inf,red,False
50.9,3857.465595806,LANE_LOST,1.3685389442644234,1.3092521465784182,0.3122172349556399,4.565059060759288e-06,0.0,0.0,-0.01273667338239548,-0.3838207624878453,0.2999999999999998,inf,red,False
51.0,3857.565592735,LANE_LOST,1.3685394096628902,1.3092525808907047,0.31221740219370575,4.560449088663126e-06,0.0,0.0,-0.01273667338239548,-0.3838207624878453,0.2999999999999998,inf,red,False
51.1,3857.715563735,LANE_LOST,1.368539874591995,1.3092530147656272,0.3122175692614291,4.55585564104481e-06,0.0,0.0,-0.01273667338239548,-0.3838207624878453,0.2999999999999998,inf,red,False
51.2,3857.816277786,LANE_LOST,1.3685403390534148,1.3092534482047475,0.3122177361594198,4.551278578624751e-06,0.0,0.0,-0.01273667338239548,-0.3838207624878453,0.2999999999999998,inf,red,False
51.4,3858.066158755,LANE_LOST,1.3685412665798453,1.309254313781775,0.3122180694486165,4.542173227896633e-06,0.0,0.0,-0.01273667338239548,-0.3838207624878453,0.2999999999999998,inf,red,False
51.5,3858.167018404,LANE_LOST,1.3685417296481646,1.3092547459227637,0.3122182358410264,4.537644927179315e-06,0.0,0.0,-0.01273667338239548,-0.3838207624878453,0.2999999999999998,inf,red,False
51.6,3858.266827393,LANE_LOST,1.368542192255424,1.309255177634123,0.3122184020661107,4.533132614378052e-06,0.0,0.0,-0.01273667338239548,-0.3838207624878453,0.2999999999999998,inf,red,False
51.7,3858.365516116,LANE_LOST,1.3685425004049265,1.309255465203765,0.3122185127901687,4.530133299286248e-06,0.0,0.0,-0.01273667338239548,-0.3838207624878453,0.2999999999999998,inf,red,False
51.9,3858.6162057,LANE_LOST,1.3685435773272168,1.309256470205677,0.31221889974336403,4.519692107315798e-06,0.0,0.0,-0.01273667338239548,-0.3838207624878453,0.2999999999999998,inf,red,False
52.0,3858.770028908,LANE_LOST,1.3685440381065892,1.3092569002137524,0.31221906530509,4.515243734133668e-06,0.0,0.0,-0.01273667338239548,-0.3838207624878453,0.2999999999999998,inf,red,False
52.1,3858.865508618,LANE_LOST,1.3685443450411199,1.3092571866512437,0.3122191755882244,4.512287128380429e-06,0.0,0.0,-0.01273667338239548,-0.3838207624878453,0.2999999999999998,inf,red,False
52.2,3858.965928984,LANE_LOST,1.3685448050665363,1.309257615956757,0.3122193408763365,4.507865126543828e-06,0.0,0.0,-0.01273667338239548,-0.3838207624878453,0.2999999999999998,inf,red,False
52.4,3859.215278142,LANE_LOST,1.3685458767110663,1.3092586160406732,0.31221972591420377,4.497608405912393e-06,0.0,0.0,-0.01273667338239548,-0.3838207624878453,0.2999999999999998,inf,red,False
52.5,3859.31602695,LANE_LOST,1.3685460296042264,1.3092587587244473,0.31221978084742713,4.4961500360151465e-06,0.0,0.0,-0.01273667338239548,-0.3838207624878453,0.2999999999999998,inf,red,False
52.6,3859.465707632,LANE_LOST,1.3685467933279334,1.3092594714518078,0.31222005524423857,4.488884644303361e-06,0.0,0.0,-0.01273667338239548,-0.3838207624878453,0.2999999999999998,inf,red,False
52.7,3859.566316933,LANE_LOST,1.3685470984722012,1.309259756221068,0.312220164877685,4.485990494630381e-06,0.0,0.0,-0.01273667338239548,-0.3838207624878453,0.2999999999999998,inf,red,False
52.9,3859.815215453,LANE_LOST,1.3685481649417641,1.309260751482771,0.3122205480375351,4.476013184921545e-06,0.0,0.0,-0.01273667338239548,-0.3838207624878453,0.2999999999999998,inf,red,False
53.0,3859.91575499,LANE_LOST,1.3685484692130274,1.3092610354385428,0.31222065735414556,4.473184300786017e-06,0.0,0.0,-0.01273667338239548,-0.3838207624878453,0.2999999999999998,inf,red,False
53.1,3860.016117814,FOLLOW,1.3685489252598078,1.3092614610366373,0.31222082119836364,4.468953461915612e-06,0.04115515445246289,-0.025542243104950384,-0.055964868945648005,-0.054278824638286205,0.3894982331764995,inf,red,False
53.2,3860.117324205,FOLLOW,1.3711393577578515,1.3116791286075122,0.3131509952584992,0.041150378240313555,0.04115515445246289,-0.025542243104950384,-0.055964868945648005,-0.054278824638286205,0.3894982331764995,inf,red,False
53.4,3860.36637545,FOLLOW,1.379319982075654,1.3193233213121753,0.31606454869777467,0.034578565611315844,0.03458132118926237,-0.02280005497554157,-0.04250853268973885,-0.17023518446077815,0.4108226264011759,inf,red,False
53.5,3860.46576518,FOLLOW,1.3826478205278125,1.3224372557138941,0.3172383959206336,0.028459394227384412,0.028459710274234058,-0.020396497263077774,-0.019770825656047736,-0.3501798337811854,0.4447895983955334,inf,red,False
53.6,3860.565255351,FOLLOW,1.3855506880013153,1.325155746520658,0.3182564551730952,0.028459511684424493,0.027821335946038254,-0.020350882179187832,-0.016902058401993783,-0.3763825591227878,0.44999999999999973,inf,red,False
53.7,3860.66614549,FOLLOW,1.3874651707058803,1.3269497800056633,0.3189248019754096,0.027821202287342934,0.027701995780691057,-0.02041844174804166,-0.01738631646972362,-0.37714772733869445,0.4485113138272949,inf,red,False
53.9,3860.915628392,FOLLOW,1.394076335341067,1.3331521256874714,0.32121354015929193,0.02784961361738528,0.02785004247965764,-0.02070425203010896,-0.01880335432108428,-0.3730165251789171,0.4485113138272954,inf,red,False
54.0,3861.016290898,FOLLOW,1.3959701094354748,1.3349308340545767,0.3218635989477312,0.027849625279540335,0.02785004247965764,-0.02070425203010896,-0.01880335432108428,-0.3730165251789171,0.4485113138272954,inf,red,False
54.1,3861.165530068,FOLLOW,1.3997682476956281,1.3385009249461646,0.32315986142703645,0.028174957859633552,0.028175733676913495,-0.02108743735109904,-0.020461720467550376,-0.3666171269108243,0.4499999999999996,inf,red,False
54.2,3861.265942968,FOLLOW,1.4016841442401635,1.340303166773697,0.3238099256552379,0.028174950051156677,0.028175733676913495,-0.02108743735109904,-0.020461720467550376,-0.3666171269108243,0.4499999999999996,inf,red,False
54.4,3861.465719948,FOLLOW,1.4074318344471777,1.3457154115209897,0.3257447385269102,0.028174952064501855,0.03792280784524774,-0.028734373728203245,-0.023822425081686624,-0.35300157865958753,0.5949152953057446,inf,red,False
54.5,3861.615409667,FOLLOW,1.4112506457382235,1.3493152579035002,0.3270192671606812,0.03790262031776036,0.03732616005865055,-0.028977998442052583,-0.023479200235845904,-0.3671185305907716,0.5965331053497491,inf,red,False
54.6,3861.815294128,FOLLOW,1.4163672458443461,1.3541434521767652,0.3287128154481832,0.03731723069630843,0.03825842910498361,-0.02928529562582839,-0.02493988819097577,-0.35149940830137144,0.598983059061149,inf,red,False
54.7,3861.86560968,FOLLOW,1.4189668354185894,1.356599033351365,0.3295660360573867,0.03824914983624553,0.04919702369894488,-0.035921409231915453,-0.032864383305335074,-0.28025501909213035,0.697219214491703,inf,red,False
54.9,3862.116144675,FOLLOW,1.4283192012302608,1.3654467548124667,0.3325965882075702,0.040547750302583264,0.04021577386413579,-0.029628896527789952,-0.031231349575023583,-0.29472739177839685,0.5820624934371016,inf,red,False
55.0,3862.215770242,FOLLOW,1.4310653365908694,1.368048547466189,0.33347518514864904,0.04020599328422267,0.04021577386413579,-0.029628896527789952,-0.031231349575023583,-0.29472739177839685,0.5820624934371016,inf,red,False
55.1,3862.36542277,FOLLOW,1.4364779250217494,1.3731817623414317,0.33519162979492667,0.038503283082585917,0.03851400165472744,-0.030437780483892053,-0.028560019301081638,-0.34651316457809733,0.5989835261632637,inf,red,False
55.2,3862.465683993,FOLLOW,1.440405253214909,1.3769108006229323,0.33642376998842255,0.03850318402206671,0.03861593659933015,-0.030578630997696386,-0.029313317074247863,-0.34309769241030763,0.5978211120255204,inf,red,False
55.4,3862.715352692,FOLLOW,1.4483152786690223,1.3844328700953334,0.3388705592867956,0.03895056452770229,0.04921534588155363,-0.03918232973334864,-0.03233283534492773,-0.3279992014895695,0.7464319271417503,inf,red,False
55.5,3862.81577982,FOLLOW,1.4536520307582954,1.3895163127723331,0.34049521223094265,0.0491950567083473,0.04898561599688118,-0.03951147491552987,-0.03268137731820797,-0.332924111070456,0.7479737304115177,inf,red,False
55.6,3862.915772526,FOLLOW,1.4569898038548628,1.3926991035256806,0.3415004820470877,0.048964924548312395,0.04898561599688118,-0.03951147491552987,-0.03268137731820797,-0.332924111070456,0.7479737304115177,inf,red,False
55.7,3863.015716588,FOLLOW,1.4619842191216113,1.397466573461742,0.34298889899029417,0.048964806244786045,0.049380264779273084,-0.03982236551944789,-0.03368687129241879,-0.3268231866745802,0.7477233626188708,inf,red,False
55.9,3863.265371956,FOLLOW,1.4722727951272292,1.4073059264491905,0.34599578861919084,0.0515455083709889,0.04007899313179882,-0.03261523377997293,-0.036106894521937535,-0.3172580335604152,0.5988954125165712,inf,red,False
56.1,3863.465948966,FOLLOW,1.481163850959245,1.415827767721308,0.34853129074505457,0.04006534546939438,0.040647843563155456,-0.03307638640442576,-0.037772756769487464,-0.3071707227984691,0.5988534356824113,2.262184418662232,green,False
56.2,3863.615501153,FOLLOW,1.4852883580881886,1.4197871019225758,0.3496868070547182,0.04063363969943196,0.04034682226025276,-0.03323274666277492,-0.038204221617918,-0.3113525146203448,0.5979336139952273,inf,green,False
56.4,3863.816355345,FOLLOW,1.4935525460314596,1.4277317689252398,0.3519625094509055,0.0408070803344009,0.04082173356936467,-0.033386897250185,-0.03890841704819806,-0.3031151414603815,0.5979662286100385,inf,green,False
56.5,3863.966205601,FOLLOW,1.4977148646655793,1.4317388666447792,0.3530885866431396,0.04080701819037364,0.046901010083159056,-0.030942119289491355,-0.03932500240026644,-0.19106348391280942,0.5775307170579541,inf,green,False
56.6,3864.065786878,FOLLOW,1.5020753447023667,1.4359407116259943,0.35425403475823153,0.04688887185905866,0.046901010083159056,-0.030942119289491355,-0.03932500240026644,-0.19106348391280942,0.5775307170579541,2.244238610850425,green,False
56.7,3864.16549625,FOLLOW,1.5068580190975132,1.4405533459053492,0.3555179821598631,0.04688895827232479,0.046901010083159056,-0.030942119289491355,-0.03932500240026644,-0.19106348391280942,0.5775307170579541,2.259835551732362,green,False
56.9,3864.415725643,FOLLOW,1.5145875473946069,1.4480166868287265,0.3575289478649842,0.0317071190800871,0.03165723311886239,-0.025896675786183394,-0.04238485450301329,-0.28197977722407835,0.4497831831235935,inf,green,False
57.0,3864.515656275,FOLLOW,1.5178198360321793,1.4511413323834979,0.3583561569161192,0.031650724150280383,0.03165723311886239,-0.025896675786183394,-0.04238485450301329,-0.28197977722407835,0.4497831831235935,inf,green,False
57.1,3864.615675567,FOLLOW,1.5199720842365545,1.4532230909158417,0.35890246532738596,0.03165069871023963,0.02741559628167801,-0.033836268782724756,-0.04433201369658871,-0.5507490615548299,0.543028175766072,inf,green,False
57.2,3864.765418969,FOLLOW,1.5236530450868984,1.456786360083212,0.3598258095275459,0.025822134777650496,0.025835441381665183,-0.03165944271982467,-0.04237901863790389,-0.5545622842707475,0.5137820404255274,2.2322132717913648,green,False
57.4,3864.966112773,FOLLOW,1.5277883892125894,1.4607943376300254,0.3608442165824114,0.02200344046105002,0.02214644302265503,-0.027262605299886607,-0.04779104734638806,-0.5317405647972898,0.4298904027120749,inf,green,False
57.5,3865.115822431,FOLLOW,1.5307898254384658,1.463706502090563,0.36157078953396793,0.02213808551686965,0.022258999953513287,-0.027340238869501172,-0.047891060233856475,-0.5294441056681874,0.43101033968461216,inf,green,False
57.6,3865.21530933,FOLLOW,1.5323027057254148,1.465175379517022,0.36193301238286835,0.022250515261453815,0.02236697165585442,-0.027332639435459813,-0.047820966255199715,-0.5256643008419322,0.43133973291182903,inf,green,False
57.7,3865.315170854,FOLLOW,1.5345757760192698,1.4673835725529745,0.3624722054901569,0.02235843672334689,0.02236697165585442,-0.027332639435459813,-0.047820966255199715,-0.5256643008419322,0.43133973291182903,inf,green,False
57.9,3865.515323843,FOLLOW,1.5391596895326842,1.4718410830913071,0.36354122922706383,0.022584970742739192,0.022531357238718516,-0.027320786873622778,-0.04771582528721453,-0.5199633769290999,0.4318338227526543,2.2037623605686965,green,False
58.0,3865.665722927,FOLLOW,1.5422249743082954,1.4748250731128263,0.3642424884760281,0.022522624947744704,0.02835937914654971,-0.03459103861205439,-0.04702747956905279,-0.5281237541988788,0.5483544466717731,2.202524736003992,green,False
58.1,3865.765813274,FOLLOW,1.545107886594388,1.4776338559005564,0.3648920384246001,0.02834201808372662,0.02225760940711731,-0.02725727112657941,-0.051814800793598445,-0.5072772077553414,0.4207046190458002,2.2045248851776122,green,False
58.2,3865.865183867,FOLLOW,1.547592654190664,1.4800565209431389,0.36544408920636406,0.022248774431768523,0.02225760940711731,-0.02725727112657941,-0.051814800793598445,-0.5072772077553414,0.4207046190458002,inf,green,False
58.4,3866.065975912,FOLLOW,1.5513882153489176,1.4837603641340635,0.3662734301643422,0.022380637289480462,0.02238950485910707,-0.02718671168774215,-0.05217532506382273,-0.4984323219700853,0.41907197579850153,inf,green,False
58.5,3866.165689566,FOLLOW,1.5529100967782858,1.485246517648284,0.36660125685899675,0.022380583292726613,0.022457241482003024,-0.027152104901665686,-0.052355587198934836,-0.4939776248334776,0.41825565417485233,inf,green,False
58.6,3866.315390983,FOLLOW,1.5559606678070597,1.4882272469505784,0.3672502768157204,0.022448248959788343,0.02235507420747813,-0.026788457338321078,-0.05110391810226479,-0.49318055275764583,0.4159816153661148,inf,green,False
58.7,3866.415624027,FOLLOW,1.5582436021393788,1.4904594369910074,0.3677289353571684,0.022346428028996352,0.02118881270750279,-0.025129020525787887,-0.0443609952839262,-0.5193588923215845,0.4058359037579017,2.1821896759435777,green,False
58.9,3866.66587846,FOLLOW,1.5630855174219127,1.49519798910195,0.3687240232783141,0.027783742951826004,0.05714909760333788,-0.07386087987326746,-0.11515996711536469,-0.19198512008134286,0.7048211543177575,inf,green,False
59.0,3866.765801332,FOLLOW,1.5657477073214217,1.4978059716851384,0.3692585112016143,0.05164534071017978,0.05714909760333788,-0.07386087987326746,-0.11515996711536469,-0.19198512008134286,0.7048211543177575,inf,green,False
59.1,3866.915626266,LANE_GRACE,1.5735037072029594,1.5054140937449176,0.3707656784172725,0.057082797671898645,0.024427051269875526,-0.031371477719855906,-0.2502112445125182,0.41296429403340723,0.2593339699387855,2.189208431552871,green,False
59.2,3867.015346488,LANE_GRACE,1.578157862259661,1.509986550161057,0.371633863768903,0.021505299768455406,0.024686653051399873,-0.03119795390592231,-0.2502112445125182,0.41296429403340723,0.2593339699387855,inf,green,False
59.2,3867.065274694,FOLLOW,1.5789847641937411,1.5107995098727398,0.37178506997170574,0.024514410432879115,0.06065343440460837,-0.07592117981845853,-0.11325424259094921,-0.16864140600116131,0.7185427962215772,inf,green,False
59.4,3867.272969407,FOLLOW,1.586753693131241,1.5184444968213142,0.37316710053910135,0.029863002374066118,0.026372831820807054,-0.0386428709593026,-0.214787903055025,0.2939853531925537,0.3812991459552209,inf,green,False
59.5,3867.366686165,FOLLOW,1.5885973880247373,1.5202609113375267,0.37348308735255265,0.02634777627294753,0.026372831820807054,-0.0386428709593026,-0.214787903055025,0.2939853531925537,0.3812991459552209,inf,green,False
59.6,3867.465853898,FOLLOW,1.5912848611941472,1.522910108347896,0.37393503779956616,0.026347677540738555,0.04591573536856874,-0.0545269043980183,-0.09770029193858515,-0.21415274634963608,0.5874848953597837,inf,green,False
59.7,3867.615770997,FOLLOW,1.5960476794835134,1.5276091024938194,0.37471210485534473,0.04587048187651767,0.046790333124290866,-0.05495586423606286,-0.09702283351848512,-0.20772163051287382,0.5924061987194704,inf,green,False
59.9,3867.865205553,FOLLOW,1.6056062810313556,1.5370523574064134,0.3761922731525697,0.04754913505097416,0.0746510043118486,-0.08984323864031105,-0.11146086454583654,-0.13872923148449617,0.83784746213475,inf,green,False
60.0,3868.015669926,FOLLOW,1.614849262245751,1.5461993655224129,0.37752044906172283,0.07455961761510867,0.07637762156674488,-0.08971523694131002,-0.10919079656337811,-0.12901938988715644,0.8417758908806563,inf,green,False
60.1,3868.065377303,FOLLOW,1.6173842827308718,1.5487106160085522,0.37786678683882313,0.07455929295424585,0.07637762156674488,-0.08971523694131002,-0.10919079656337811,-0.12901938988715644,0.8417758908806563,inf,green,False
60.2,3868.216669581,FOLLOW,1.6304376591221055,1.5616570683052988,0.37953320240641564,0.077592590641871,0.03081560489254671,-0.03226437037448622,-0.07303978346821909,-0.25819941299829824,0.4225586052387861,inf,green,False
60.4,3868.415624683,FOLLOW,1.637718194051247,1.5688891430531617,0.3803715149749376,0.030795335544644333,0.03195406861329207,-0.03260457472690269,-0.0725035354549772,-0.24130993852448665,0.42692628704161595,inf,green,False
60.5,3868.515435442,FOLLOW,1.6398881509475594,1.5710461085728937,0.38060860421224224,0.03193322349288193,0.03195406861329207,-0.03260457472690269,-0.0725035354549772,-0.24130993852448665,0.42692628704161595,inf,green,False
60.6,3868.666171375,FOLLOW,1.6442707714310445,1.5754040246552283,0.38107325608502945,0.03314848655460622,0.03334577136146118,-0.033072251164338234,-0.07250653978242583,-0.2196250393004665,0.4304557268822865,inf,green,False
60.7,3868.76574531,FOLLOW,1.6465305981647382,1.5776518828993515,0.3813055245619016,0.03332388105224265,0.03334577136146118,-0.033072251164338234,-0.07250653978242583,-0.2196250393004665,0.4304557268822865,inf,green,False
60.9,3869.015528155,FOLLOW,1.6534384658997967,1.5845262298177805,0.38198509834849487,0.034887571874945414,0.03491090419515086,-0.03385427560067817,-0.07365451940460695,-0.19554608704194432,0.43314692476079786,inf,green,False
61.0,3869.115207634,FOLLOW,1.6581831527326065,1.5892504152465,0.3824256544472694,0.034887258909466486,0.03519645125219406,-0.033924806780205305,-0.07389091026827634,-0.1895712788101356,0.4323086827986386,inf,green,False
61.1,3869.21542873,FOLLOW,1.6605745160211953,1.5916321824038921,0.38263966793909787,0.03517257025251314,0.03538453361226157,-0.0339074952477683,-0.07335240900944809,-0.1887715207693758,0.43402928472096547,inf,green,False
61.2,3869.315739519,FOLLOW,1.664181045222384,1.5952251321936755,0.38295232383218747,0.03536046563188912,0.03587027290875478,-0.0339596425790298,-0.07305029861428922,-0.1819793732207509,0.4349116446811331,inf,green,False
61.4,3869.566032186,FOLLOW,1.672749560978714,1.603765427767022,0.3836469013465324,0.036412937812653506,0.037425823226210964,-0.034655705617000536,-0.07365902589577984,-0.16231687756991578,0.4384410845218038,inf,yellow,False
61.5,3869.666166234,FOLLOW,1.6752914816021651,1.606300001705986,0.38384001598932643,0.03740017753758289,0.0382202166674563,-0.03488210402283931,-0.07389616784131141,-0.1506847306512603,0.43848520251981216,inf,yellow,False
61.6,3869.765459311,FOLLOW,1.6791322476901491,1.6101304924586513,0.38412075004772445,0.03819410325869216,0.0382202166674563,-0.03488210402283931,-0.07389616784131141,-0.1506847306512603,0.43848520251981216,inf,yellow,False
61.7,3869.865915122,FOLLOW,1.683028035525437,1.6140168208383643,0.3843920450651562,0.03819391467994898,0.03907763419409674,-0.03525525319501197,-0.07420053148205674,-0.1407695914283209,0.44024992244014743,inf,yellow,False
61.9,3870.065225372,FOLLOW,1.689671749045769,1.6206464845981032,0.38482374717635437,0.039143797214179786,0.039781393838018625,-0.03536675565341466,-0.0736627813050906,-0.13434373199794217,0.4428528843226419,inf,yellow,False
62.0,3870.215605028,FOLLOW,1.6950359996964555,1.6260011581654155,0.38514406974561544,0.03975398496996201,0.04122234366108762,-0.035904780525120875,-0.0739678960276981,-0.1187477562547388,0.4454999642031449,inf,yellow,False
62.1,3870.315305068,FOLLOW,1.6992359214528612,1.630194583722571,0.38537753941813807,0.041194079205343063,0.04142888339680509,-0.03572316262782796,-0.07336217307365606,-0.11616158893145656,0.44549996420314486,inf,yellow,False
62.2,3870.415639725,FOLLOW,1.7034585291407833,1.6344114722632224,0.38559719807283366,0.041400739832985985,0.04230672645305603,-0.03621513119274875,-0.07396939819142236,-0.1074536991593746,0.4472646841234802,inf,yellow,False
62.4,3870.61562489,FOLLOW,1.7106147934299285,1.6415597390371177,0.3859352111643177,0.042277732100928306,0.043915073760518036,-0.03679231759490129,-0.07427451291402988,-0.09176200386134646,0.4499117640039831,inf,yellow,False
62.5,3870.765886878,FOLLOW,1.7150343370313277,1.6459753062969094,0.38612259349900546,0.043885198171185955,0.044477146559893835,-0.036730645316291166,-0.07397240251887101,-0.08478564200797115,0.44920587603584916,inf,yellow,False
62.6,3870.865290749,FOLLOW,1.7195363437593494,1.6504739295211914,0.38629704561230455,0.044447269631508524,0.044477146559893835,-0.036730645316291166,-0.07397240251887101,-0.08478564200797115,0.44920587603584916,inf,yellow,False
62.7,3871.015589149,FOLLOW,1.7255969683519958,1.6565309460401882,0.3865059776714191,0.0449307487123452,0.044960242651233225,-0.036333376155841555,-0.07276095661078691,-0.07957663878687579,0.4492058760358492,inf,yellow,False
62.9,3871.215531708,FOLLOW,1.733253721657522,1.6641844648099153,0.3867281259199378,0.04520856469392586,0.050496140735278534,-0.03852155372229249,-0.05980327507290013,-0.13161405876628413,0.5592595485065608,inf,yellow,False
63.0,3871.315295914,FOLLOW,1.7383940908909112,1.6693233419737767,0.38685185271865374,0.050463469576151714,0.051089846145009096,-0.03851338306125763,-0.05968594190323169,-0.1258120160494145,0.5596594791908676,inf,yellow,False
63.1,3871.415186308,FOLLOW,1.7435809581341861,1.6745091468177637,0.38695668751515844,0.05105708845481754,0.051089846145009096,-0.03851338306125763,-0.05968594190323169,-0.1258120160494145,0.5596594791908676,inf,yellow,False
63.2,3871.565409834,FOLLOW,1.7505713870352735,1.6814987056378707,0.3870665201293491,0.05175678922218969,0.051789435770087267,-0.03832449731075244,-0.05886897772598089,-0.1211215646290448,0.5622623291617354,inf,yellow,False
63.4,3871.774381866,FOLLOW,1.75949827757085,1.6904251408355977,0.387155220158308,0.053030212002460705,0.055192343165255404,-0.03855141705962947,-0.058291147005538335,-0.09484790663475083,0.5689961557831966,inf,red,False
63.5,3871.915618364,FOLLOW,1.7651217362145628,1.696048531226869,0.3871822879317994,0.055159020373988746,0.05612895515397772,-0.03816169513227613,-0.05717132135126656,-0.0888252238245238,0.5716093555454129,inf,red,False
63.6,3872.016206535,FOLLOW,1.768903183650197,1.6998299730997104,0.38718830377119545,0.05609602867856468,0.05659875025419732,-0.03810070723817822,-0.05716517025701631,-0.0840237584808136,0.5707320796531978,inf,red,False
63.7,3872.165506889,FOLLOW,1.7765795432737732,1.7075063057511948,0.38717113731738323,0.0565656632302334,0.057412414236208006,-0.03783908148111535,-0.05634820607976554,-0.07929275994802344,0.5732782182198193,inf,red,False
63.9,3872.366101989,FOLLOW,1.7883733074063535,1.719299605076738,0.38706957409269666,0.05854202757406094,0.058575180531784676,-0.03780401684296064,-0.05584904244046226,-0.07278006864685117,0.5769412056837262,inf,red,False
64.0,3872.465964259,FOLLOW,1.7923541590240053,1.7232800852348158,0.387015251263781,0.058541852579233354,0.06128260409348405,-0.03764625022591411,-0.05517080349953121,-0.055035059281146055,0.5809527788871149,inf,red,False
64.2,3872.766007643,FOLLOW,1.8067579337848978,1.7376811126079539,0.3867362256220564,0.06146053022956225,0.06312989525331272,-0.03702521024223329,-0.053763055429164895,-0.044577360719987476,0.5847108794634799,inf,red,False
64.4,3873.016769855,FOLLOW,1.8196478784215475,1.75056616029792,0.38638200568983244,0.06542042357977147,0.06545343982973108,-0.036639085084489494,-0.052899288180881264,-0.031366632126416806,0.5882172895925034,inf,red,False
64.6,3873.265677928,FOLLOW,1.8308774295610537,1.7617891075502923,0.38599743787109286,0.06788733249880065,0.0679201662269449,-0.03614342226255647,-0.051809340648462425,-0.019103000381672272,0.5930321969194694,inf,red,False
64.7,3873.416431176,FOLLOW,1.8378019233682579,1.7687083041879652,0.3857267251863141,0.06788706543725927,0.06987135057661913,-0.035595163181449195,-0.05093063433925229,-0.008974002652489124,0.5953242899178173,inf,red,False
64.9,3873.666354159,FOLLOW,1.8519604350686865,1.7828527518045372,0.38509647010684034,0.06983848457673428,0.07103689720158045,-0.03417405838720569,-0.05001127605325958,0.004786576860041214,0.5990579676872165,inf,red,False
65.1,3873.917183342,FOLLOW,1.866681548297517,1.7975542157682722,0.3843366864041367,0.07765801077132294,0.07893794529779119,-0.03450573097028555,-0.040628603937326604,-0.02710601402213332,0.7023931494007667,inf,red,False
65.2,3874.01771842,FOLLOW,1.8746434565805328,1.8055032579684238,0.38388430060797263,0.07890590756276834,0.07990147350283791,-0.03431221723789279,-0.040365104987483545,-0.02351917197132748,0.7049959561918934,inf,red,False
65.4,3874.2658154,FOLLOW,1.8882095133719379,1.8190436429257606,0.38305040502678145,0.0815521153926934,0.08317052629613488,-0.03252350717983496,-0.0385542483474168,-0.009003189144549036,0.7086877187072864,inf,red,False
65.6,3874.515483127,FOLLOW,1.9079571944501008,1.8387453397471019,0.38170423147371674,0.08419331463482119,0.08508160742389469,-0.03178434643211469,-0.037664623020014706,-0.00287270314903219,0.7141053577318588,inf,red,False
65.7,3874.615761683,FOLLOW,1.9165730555886138,1.8473378592540644,0.3810705009668007,0.08505350257412232,0.08508160742389469,-0.03178434643211469,-0.037664623020014706,-0.00287270314903219,0.7141053577318588,inf,red,False
65.9,3874.866085181,FOLLOW,1.9309503792692864,1.8616716841219223,0.3799531424321822,0.08424190443861715,0.08380841449810662,-0.026063553831890244,-0.03381357386856716,0.014466782526955014,0.7236625813690765,inf,red,False
66.1,3875.117575128,FOLLOW,1.9508409155634532,1.8814931000395034,0.37829674807451497,0.08241327414107828,0.08165896928763913,-0.02169618016430762,-0.03149906195853288,0.029996724694948115,0.7315226944927122,inf,red,False
66.2,3875.215761887,FOLLOW,1.956419695769684,1.8870506760351051,0.37781081287518664,0.08163926934527695,0.08165896928763913,-0.02169618016430762,-0.03149906195853288,0.029996724694948115,0.7315226944927122,inf,red,False
66.4,3875.465524867,FOLLOW,1.9730694234816581,1.903632718786118,0.37631119488288894,0.08095599216993397,0.08097324817296449,-0.019669298721185148,-0.029936970367940255,0.03510765692312995,0.7340016726248686,inf,red,False
66.6,3875.715626281,FOLLOW,1.9922145386557568,1.9226921277456086,0.3745018420085598,0.08004719923432775,0.07944098840844992,-0.016762555471301965,-0.028486301312559234,0.04712196659822302,0.7399960617852659,inf,red,False
66.7,3875.816075331,FOLLOW,1.997616377300515,1.9280683395099167,0.3739762895571479,0.07942710565190451,0.07944098840844992,-0.016762555471301965,-0.028486301312559234,0.04712196659822302,0.7399960617852659,inf,red,False
66.9,3876.016605258,FOLLOW,2.010068852833901,1.9404593227741622,0.37274034202581025,0.04732566684806665,0.09520567960387678,-0.016152777485896077,-0.021272454914502942,0.02712055039725475,0.847172964028178,inf,red,False
67.1,3876.265409054,FOLLOW,2.0289144549715186,1.9592036469961598,0.37078927092946595,0.09446296278471156,0.06675500897555438,0.003010325105799186,-0.02693082921643339,0.2069741895918443,0.8441368223777794,inf,red,False
67.2,3876.415777603,FOLLOW,2.039968950128084,1.9701959683589183,0.3696184933016287,0.06676619827111455,0.06816609493516887,0.0034801020975895555,-0.025473993934469814,0.20151918307361238,0.8542336195566893,inf,red,False
67.4,3876.665660419,FOLLOW,2.0538425539476135,1.983991642029635,0.36815007089253715,0.06768571321373114,0.06867255398941807,0.004215264935351103,-0.02425878928338024,0.2004380048947293,0.8590335689256619,inf,red,False
67.6,3876.91590749,FOLLOW,2.0678256690422883,1.9978972914701312,0.366680237110591,0.06841353749240177,0.06883353480347676,0.004852180510003798,-0.023275565267282736,0.20005201349527,0.8604937740588119,inf,red,False
67.7,3877.015559411,FOLLOW,2.0725066918064146,2.0025526541052545,0.36619077543530365,0.06884698383918163,0.06861791231483777,0.0051359241599948655,-0.023170728253157517,0.20220662311742976,0.8608783595934657,inf,red,False
67.9,3877.265399511,FOLLOW,2.086523506750651,2.016493535490608,0.3647337535070774,0.06875686592390758,0.06893882661888676,0.005640525398973089,-0.02234031895535675,0.2014136582449852,0.8637656648329469,inf,red,False
68.1,3877.565439288,FOLLOW,2.1005577860228097,2.0304533021043167,0.3632894945188255,0.06857545977731878,0.06986332830834095,0.009875735038776833,-0.016543035604362363,0.20296642386459873,0.8776091922783069,inf,red,False
68.2,3877.774741657,FOLLOW,2.1076842475585957,2.03754284525161,0.36256504400845185,0.06988411638126661,0.06978601189793418,0.010123502670173578,-0.016127638671217817,0.20271768121759326,0.8762763181780472,inf,red,False
68.4,3878.166051915,FOLLOW,2.1219013093788774,2.051688353710888,0.36114048333922993,0.0695718817141251,0.06955004981079917,0.010262883738972658,-0.016227398229327623,0.2049766462895656,0.8765865809126983,inf,red,False
68.6,3878.416474296,FOLLOW,2.1361218632628693,2.0658401541970437,0.35974383403513305,0.06984888163273023,0.0730082395823287,0.014365337839808935,-0.002780392101346431,0.15046656737398842,0.8372623965187966,inf,red,False
68.7,3878.565699148,FOLLOW,2.143350685901339,2.073035117297036,0.35904499364443326,0.07303623306247503,0.07338871283743371,0.014023234034251039,-0.005238777674859356,0.1626937494255244,0.8603202081668477,inf,red,False
68.9,3878.815920847,FOLLOW,2.1580383478744003,2.087656782651112,0.3576542449444899,0.06536957350390696,0.0656574552065852,0.016578609917304532,-0.012143670935101866,0.24681317413704015,0.8847522293319147,2.910595714702738,red,False
69.1,3879.01544748,FOLLOW,2.1691833921173056,2.098754704608178,0.35663049431295907,0.06568958520777474,0.06571753727692721,0.016571679851809625,-0.012020598264907326,0.24582587895711594,0.8842101307243447,inf,red,False
69.2,3879.169843733,FOLLOW,2.1781232424299777,2.1076587474119988,0.35583117236689515,0.0657499093970882,0.07385746124009562,0.018339090631247418,0.0014232904245188582,0.15733177336160106,0.8575647885193378,inf,red,False
69.4,3879.424990375,FOLLOW,2.194002248236517,2.1234782141178847,0.35445746963248576,0.08196201274789171,0.08223377137591885,0.01591043852577975,0.003545298852791541,0.1068029099129306,0.8682565547172986,inf,red,False
69.6,3879.665335471,FOLLOW,2.2079663702117736,2.1373934628614335,0.35329023070818566,0.08226567985458892,0.08236191722875885,0.015954332340986803,0.003707849084374059,0.10588711199117214,0.868038175935683,inf,red,False
69.7,3879.766551638,FOLLOW,2.2163703811107016,2.1457695205020193,0.35260536243898893,0.08239393263304823,0.09135870756392409,0.017647501473977898,0.007325141573420988,0.0816190646516283,0.9166686517649741,inf,red,False
69.9,3880.015688183,FOLLOW,2.2346595708741943,2.16400153418889,0.35116042721798635,0.08626508485484505,0.08620603793620522,0.014561850177786122,0.006896400497882774,0.06810411272283522,0.840695852072467,inf,red,False
70.1,3880.265587074,FOLLOW,2.2552158227032413,2.1844987453781055,0.3496036888121526,0.08654419263787452,0.09276692070814077,0.01699362630991083,0.007477088871551896,0.07387954259723425,0.915840540694326,inf,red,False
70.2,3880.366028053,FOLLOW,2.261517885218476,2.190783761451905,0.3491404806933332,0.09280042967898698,0.08593631541721436,0.014291773767549925,0.0054623430100549965,0.07585312140545393,0.851938831945106,inf,red,False
70.4,3880.61562667,FOLLOW,2.2824561530962297,2.211668928738849,0.34765037248716474,0.08610928065931703,0.08607914756032703,0.014285315761949986,0.0054964565471667635,0.0753904456538423,0.8525250900043068,inf,red,False
70.6,3880.816540371,FOLLOW,2.2971036837385,2.2262822566533886,0.34665001882044855,0.08624336160134907,0.08678190663090944,0.013848484793338767,0.00543879480515989,0.07147379657122908,0.8524040623534334,inf,red,False
70.7,3880.915278869,FOLLOW,2.302986825174174,2.2321523041475753,0.3462577258791336,0.08681196008676598,0.08678190663090944,0.013848484793338767,0.00543879480515989,0.07147379657122908,0.8524040623534334,inf,red,False
70.9,3881.165418246,FOLLOW,2.3212326309870295,2.250359755831811,0.34507539445400015,0.09486281236879945,0.0951008089922403,0.015943132874442666,0.008132264108563696,0.05903775809733059,0.9094762948550094,inf,red,False
71.1,3881.429035305,FOLLOW,2.3439221750753734,2.2730063349251832,0.34367993030032534,0.09555865047486316,0.09617429681700275,0.014995903976757673,0.007091554536691934,0.0580364443012885,0.9177361030674307,inf,red,False
71.2,3881.515329719,FOLLOW,2.353712453346984,2.2827795754044784,0.3431026060794305,0.09620778805642063,0.09600866723880151,0.014826704412619317,0.00676740960516054,0.05918175893843145,0.9184464311676549,inf,red,False
71.4,3881.715738268,FOLLOW,2.3735179754064557,2.302553137049633,0.34197800664402345,0.09905940897060353,0.09903146669535928,0.010535161116303624,0.009451449293144372,0.008839116035516072,0.8434986938214863,inf,red,False
71.6,3881.965184037,FOLLOW,2.3904142040400362,2.3194240721875836,0.3410538730867212,0.09961677485188894,0.10006423517719222,0.010067943572304028,0.00942871152645832,0.005091714702342477,0.8444831793397345,inf,red,False
71.7,3882.065134192,FOLLOW,2.400640934694017,2.329636238666735,0.3405082834227383,0.10064165442447892,0.10061441639743286,0.009815757010253568,0.00950161889621401,0.002539384245762575,0.8437763588097789,inf,red,False
71.9,3882.316859923,FOLLOW,2.421154565817322,2.3501222268574224,0.33944375410222993,0.10047016083105151,0.09870929730461081,0.007275173677772138,0.009743572559359849,-0.015192751620819477,0.8538205158012272,inf,red,False
72.1,3882.566314487,FOLLOW,2.4422340452867752,2.3711749784790905,0.33838258791191644,0.08517948323677943,0.08399475336013257,0.0004823429424175902,0.011629970775683961,-0.07352414713098931,0.828615498923637,inf,red,False
72.2,3882.665833658,FOLLOW,2.447987974818218,2.3769216803240556,0.33809427739086845,0.08400874882368281,0.08399475336013257,0.0004823429424175902,0.011629970775683961,-0.07352414713098931,0.828615498923637,inf,red,False
72.4,3882.917137441,FOLLOW,2.465199090969488,2.3941112163980174,0.3372326692769193,0.08502419927737702,0.07868009430632888,-0.004967800926212375,0.010258193519248615,-0.1105628194341774,0.8368985579663801,inf,red,False
72.6,3883.218322542,FOLLOW,2.4814630290578163,2.4103545324485154,0.33641392294847816,0.0785110351276432,0.07874567996633297,-0.004586547226709607,0.010660301639573662,-0.10994568841929239,0.8365837495932698,inf,green,False
72.7,3883.415921848,FOLLOW,2.48948722999052,2.418368245731361,0.3360038024149817,0.07875212853003577,0.07890720379245214,-0.00438702598731529,0.010983610304026219,-0.1103085093225823,0.8388961987945721,inf,green,False
72.9,3883.61543559,FOLLOW,2.5029417471795563,2.431804738782561,0.335307613486549,0.07958669274087432,0.07923819775684318,0.008360111289088716,-0.0008039519708146585,0.0764670699894729,0.7865498315926979,inf,green,False
73.1,3883.865731106,FOLLOW,2.5194124983570982,2.4482534790241863,0.3344564118064732,0.08214191943449882,0.08229643350276349,0.0075889806208187475,-0.000640605207670935,0.06644481324924682,0.7997238449224079,inf,green,False
73.2,3884.015100266,FOLLOW,2.527802855250406,2.456633104616118,0.33403219395442363,0.08232005164260849,0.07512740756181227,0.0035773309536758727,-0.018541844348156443,0.1545158101569365,0.8679028181068477,inf,green,False
73.4,3884.36597711,FOLLOW,2.5434403114772746,2.4722512140601043,0.3332545798759175,0.07596482635717837,0.0755162703692553,0.0034805349441141666,-0.01848571239094024,0.15314352899561323,0.870236172679932,inf,green,False
73.6,3884.666432124,FOLLOW,2.5562872621835915,2.48508266607051,0.3326237250867007,0.07570229535919906,0.07569166456176055,0.0035562846259974325,-0.01819016621683755,0.15180837549540768,0.8701519679243418,inf,green,False
73.7,3884.865890199,FOLLOW,2.5665970501167368,2.495380262843731,0.3321225002828423,0.07571070474937706,0.07612533169994753,0.003488165741475955,-0.01807274018971837,0.1502761000390749,0.8727073050422519,inf,green,False
73.9,3885.215782647,FOLLOW,2.584766085738551,2.513528496201165,0.33125334692264113,0.0766490587243161,0.07653677164180948,0.007815744936889892,-0.012786398850259312,0.15300318856674477,0.8817724741776137,inf,green,False
74.1,3885.467641807,FOLLOW,2.597803226222632,2.5265515957023266,0.33064845888295646,0.07677537565088975,0.07642489186876542,0.0076189534289726624,-0.013189019885390126,0.15402317716473052,0.8821075293250915,inf,green,False
74.2,3885.720529361,FOLLOW,2.6056015499016603,2.534341881142437,0.3302944780575857,0.07645001544437423,0.07721162106273481,0.0073771361962067005,-0.012876507733176501,0.1492475531496504,0.8835061238213564,inf,green,False
74.4,3886.165996768,FOLLOW,2.61902261613616,2.5477497308153034,0.3296990298013003,0.08173995646425863,0.0815188398947575,0.010635021005042714,-0.0033455877954648577,0.10999526552202313,0.8661296332744612,inf,green,False
74.6,3886.465379939,FOLLOW,2.635663361097553,2.5643753750531926,0.32899033467759203,0.08152988598997929,0.08146981253476293,0.00994359519351334,-0.004293102831192108,0.11061498674405398,0.8666605676558029,inf,green,False
74.7,3886.566103157,FOLLOW,2.6439783710479867,2.5726833820815225,0.32864915392252725,0.08149797305215507,0.09043398069521699,0.012138928879706457,0.004198719298942864,0.06261444546099748,0.8715847047947576,inf,green,False
74.9,3886.865746267,FOLLOW,2.665177634982849,2.5938663716996646,0.32781881559498904,0.09032420438103107,0.09029347656223259,0.011930648684133729,0.004160650829149227,0.06145285554982904,0.8680454707742455,inf,green,False
75.1,3887.065539465,FOLLOW,2.680557694025212,2.6092360073364853,0.32725273720858244,0.09069807941319462,0.10111894606414915,0.012557923793497475,0.007168716119514842,0.03608643697986832,0.918679185422381,inf,green,False
75.2,3887.165241183,FOLLOW,2.6872294048413656,2.6159034686419136,0.32701465249158035,0.10114997725655385,0.09856030372500525,0.007781749295928814,0.009561614672993967,-0.010432809246689267,0.8427579653762675,inf,green,False
75.4,3887.415905789,FOLLOW,2.7074681935881997,2.6361303182779907,0.3263196557574498,0.09782855042386189,0.09780441359511485,0.006884927195586782,0.009281846561680341,-0.014349540760424348,0.8442752886974676,inf,green,False
75.6,3887.715159269,FOLLOW,2.7340863689605723,2.6627342942653836,0.32545044225500297,0.09809618324946125,0.09807205388228066,0.006440948571248474,0.008781109238426569,-0.014199007326360938,0.8462780700937089,inf,green,False
75.7,3887.816231361,FOLLOW,2.7407569138329917,2.669401517821652,0.32523997028986584,0.09809633255140646,0.0970377200462372,0.005803755691810448,0.008737365989850702,-0.01786863031857892,0.8447712326033094,inf,green,False
75.9,3888.015468774,FOLLOW,2.7600359704453465,2.6886714305956225,0.32464629061483224,0.07998133446743838,0.08157105801076839,-0.0023849540251862375,0.010828793812726053,-0.09167064165243169,0.8355436340087964,inf,green,True
76.1,3888.215236951,FOLLOW,2.773933981181945,2.702562865553584,0.32421881535932356,0.08204502742132003,0.08203101800512438,-0.0023831379763474526,0.01055233313906033,-0.08971810070705531,0.8369182153444952,inf,green,False
76.2,3888.365998211,FOLLOW,2.7823025801100627,2.7109274278979476,0.3239589220203861,0.08204514081682973,0.08150668830333933,-0.002380937669302366,0.011024149349756495,-0.09294441851064862,0.8370472306337143,inf,green,True
76.4,3888.61552953,FOLLOW,2.8013659789193985,2.7299813693154555,0.3233585316541446,0.07567314446619211,0.07566641692674125,-0.007905207147637877,0.009306573338088042,-0.1318339708979117,0.83837439537012,inf,green,True
76.6,3888.86559288,FOLLOW,2.814245082283646,2.742853561387974,0.3229366867923719,0.07581883773097789,0.07618963687099412,-0.00720357507940569,0.009806865948679376,-0.1285156514183828,0.8389044908792396,inf,green,True
76.7,3888.965812334,FOLLOW,2.821998043612845,2.7506021014672553,0.32267489775537356,0.07619705662716314,0.07888633460964575,-0.011088462809497435,0.0034121881463522047,-0.11718337396075727,0.8499729311002886,inf,green,True
76.9,3889.21532306,FOLLOW,2.837904813585511,2.7664991081555494,0.32211773836050883,0.07888816420105758,0.08523965972516998,0.004415835108588811,-0.0017839139114520907,0.0468315763934692,0.7934952401300127,inf,green,True
77.1,3889.465274015,FOLLOW,2.8552706367322553,2.783853891088134,0.3214986235322573,0.08507321927108201,0.07779569825286925,0.0008623286142027955,-0.01945764483869364,0.1363484574591111,0.869283390726685,inf,green,False
77.2,3889.566163391,FOLLOW,2.863216592594802,2.791794934908984,0.3212192714513688,0.07781184658171927,0.07755149211558822,0.0008006628325491214,-0.019609505558109815,0.13683842489244374,0.8673462682373156,inf,green,False
77.4,3889.817195338,FOLLOW,2.8790847708297704,2.8076533523513474,0.32066278559713834,0.07800527117412626,0.07784854883924937,0.0006741605159890102,-0.019533011776465603,0.13523504007355255,0.8680681491175741,inf,green,False
77.6,3890.067582758,FOLLOW,2.894965503276056,2.823524366570815,0.3201072943466647,0.07760335685479523,0.07758771229671253,0.0007882390925964049,-0.019736327730900123,0.1375588339222088,0.8689158364356794,inf,green,False
77.7,3890.165584811,FOLLOW,2.9002425315659055,2.828798177285129,0.3199230441928784,0.0776033530610108,0.07758771229671253,0.0007882390925964049,-0.019736327730900123,0.1375588339222088,0.8689158364356794,inf,green,False
77.9,3890.41564425,FOLLOW,2.918822158414647,2.8473666385982814,0.31927902492044463,0.0784207729615049,0.07839900016077198,0.00518834775362131,-0.01406776646019739,0.13759079423340015,0.8780537659069557,inf,green,False
78.1,3890.666985708,FOLLOW,2.934850171767148,2.86338556329606,0.31873935519369634,0.07865512598439336,0.08348679749646105,0.008259480220715319,-0.004899826125836476,0.09915124012501428,0.8681778855088432,inf,yellow,False
78.2,3890.765454326,FOLLOW,2.940198724662175,2.8687311968215945,0.3185626630626197,0.0786552535976242,0.08348679749646105,0.008259480220715319,-0.004899826125836476,0.09915124012501428,0.8681778855088432,inf,yellow,False
78.4,3890.965550919,FOLLOW,2.9572563708394943,2.8857800638976707,0.31801552049907644,0.08378438296120136,0.08385637916180101,0.0075950671892309725,-0.0055479594513746025,0.09783477978008534,0.8697212927743863,inf,yellow,False
78.6,3891.215625511,FOLLOW,2.9743439846992845,2.9028597031645527,0.31749358489443524,0.08364133279585269,0.09158644405527734,0.009085046021407847,0.0005170137129962456,0.06345888236656133,0.8843031458705506,inf,yellow,False
78.7,3891.315449015,FOLLOW,2.9836782586980095,2.912189957006382,0.31721967053060224,0.09161526503076754,0.0932932637485051,0.008818626492144628,0.0023933143644631564,0.04784188346997793,0.8704298115039988,inf,yellow,False
78.9,3891.565565479,FOLLOW,3.002944565556932,2.9314486523907193,0.31667821115109096,0.10447849148939145,0.09603830374599008,0.00476347972084056,0.00848072448019807,-0.02305005094731587,0.8464376935965605,inf,yellow,False
79.1,3891.815418279,FOLLOW,3.02280406559015,2.9513009587967605,0.3161437566530996,0.09554632884814737,0.09581999092489282,0.004263532084165886,0.008113484437842784,-0.024047971518853486,0.8465056829719948,inf,yellow,False
79.2,3891.916423386,FOLLOW,3.0293109162653615,2.9578055524954054,0.31597239053640824,0.0958429284737738,0.09540043692150628,0.00399469243412517,0.008023346637842672,-0.0252169180700647,0.845122495214594,inf,yellow,False
79.3,3892.065369264,LIGHT_WAIT,3.0423175488338594,2.970807802272155,0.31563476891469294,0.09542299654575623,0.0,0.0,0.008061423331121415,-0.027688615440463648,0.8470883797187989,inf,yellow,False
79.4,3892.165915354,LIGHT_WAIT,3.051238265376726,2.979725609525576,0.31540696133048973,0.07048859082343754,0.0,0.0,0.007796249712404196,-0.0264601828755509,0.8477893109390796,inf,yellow,False
79.6,3892.367407702,LIGHT_WAIT,3.052655421444088,2.981142318657045,0.31537137272039384,1.399606100403911e-06,0.0,0.0,0.007659395004205004,-0.029937597874623943,0.8497115929300427,inf,yellow,False
79.7,3892.465717773,LIGHT_WAIT,3.052655564299661,2.981142461468926,0.3153713691875015,1.400552000880585e-06,0.0,0.0,0.007624016273897617,-0.03096229320823626,0.8484725091435882,inf,yellow,False
79.9,3892.71604744,LIGHT_WAIT,3.0526558499558103,2.981142747037735,0.31537136212413414,1.4000016509216256e-06,0.0,0.0,0.007624016273897617,-0.03096229320823626,0.8484725091435882,inf,red,False
80.1,3892.915720941,LIGHT_WAIT,3.052656135500091,2.981143032494744,0.31537135506494146,1.399455376760462e-06,0.0,0.0,0.007624016273897617,-0.03096229320823626,0.8484725091435882,inf,red,False
80.2,3893.074093685,LIGHT_WAIT,3.052656278230556,2.9811431751815993,0.31537135153690327,1.3991839981524823e-06,0.0,0.0,0.007696495721405712,-0.03134230537104219,0.8482399749002967,inf,red,False
80.4,3893.268014266,LIGHT_WAIT,3.0526565636086973,2.9811434604725715,0.3153713444839284,1.3986443817935136e-06,0.0,0.0,0.007657552885728848,-0.030781719807683156,0.8480224957044846,inf,red,False
80.6,3893.516914999,LIGHT_WAIT,3.0526568488771955,2.9811437456539696,0.31537133743506945,1.3981090391930145e-06,0.0,0.0,0.007624016273897617,-0.03096229320823626,0.8484725091435882,inf,red,False
80.7,3893.615434394,LIGHT_WAIT,3.0526569914706,2.9811438882038495,0.3153713339121762,1.3978429656376528e-06,0.0,0.0,0.007696495721405712,-0.03134230537104219,0.8482399749002967,inf,red,False
80.9,3893.865362884,LIGHT_WAIT,3.0526572765762694,2.9811441732225203,0.31537132686944774,1.3973139886008365e-06,0.0,0.0,0.007696495721405712,-0.03134230537104219,0.8482399749002967,inf,red,False
81.1,3894.06541933,LIGHT_WAIT,3.0526575615744744,2.981144458133794,0.31537131983077804,1.3967893221929784e-06,0.0,0.0,0.007696495721405712,-0.03134230537104219,0.8482399749002967,inf,red,False
81.2,3894.165395833,LIGHT_WAIT,3.052657656550145,2.9811445530805023,0.3153713174854525,1.3966153707678849e-06,0.0,0.0,0.007624016273897617,-0.03096229320823626,0.8484725091435882,inf,red,False
81.4,3894.415761031,LIGHT_WAIT,3.052657941406403,2.981144837849919,0.3153713104521582,1.3960962479992597e-06,0.0,0.0,0.007624016273897617,-0.03096229320823626,0.8484725091435882,inf,red,False
81.6,3894.666615809,LIGHT_WAIT,3.0526582261571957,2.9811451225139365,0.3153713034228696,1.3955813859243164e-06,0.0,0.0,0.007624016273897617,-0.03096229320823626,0.8484725091435882,inf,red,False
81.7,3894.765326199,LIGHT_WAIT,3.0526583684933053,2.9811452648066834,0.3153712999097204,1.395325447052512e-06,0.0,0.0,0.007624016273897617,-0.03096229320823626,0.8484725091435882,inf,red,False
81.9,3894.965410375,LIGHT_WAIT,3.052658653087481,2.981145549314184,0.31537129288639815,1.3948167176318143e-06,0.0,0.0,0.007624016273897617,-0.03096229320823626,0.8484725091435882,inf,red,False
82.1,3895.215311548,LIGHT_WAIT,3.052658937578293,2.9811458337183865,0.3153712858670264,1.394312014232284e-06,0.0,0.0,0.007624016273897617,-0.03096229320823626,0.8484725091435882,inf,red,False
82.2,3895.315564237,LIGHT_WAIT,3.052659079785196,2.9811459758820096,0.315371282358815,1.3940612322057721e-06,0.0,0.0,0.007624016273897617,-0.03096229320823626,0.8484725091435882,inf,red,False
82.4,3895.515543228,LIGHT_WAIT,3.052659316740013,2.9811462127647297,0.31537127651397107,1.3936454228813582e-06,0.0,0.0,0.007624016273897617,-0.03096229320823626,0.8484725091435882,2.537000834777304,red,False
82.6,3895.765858706,LIGHT_WAIT,3.052659600992848,2.9811464969311086,0.3153712695037319,1.393150161682602e-06,0.0,0.0,0.007624016273897617,-0.03096229320823626,0.8484725091435882,2.492768886607271,red,False
82.7,3895.915578357,LIGHT_WAIT,3.0526597904387867,2.981146686319445,0.3153712648323949,1.392822180935113e-06,0.0,0.0,0.007624016273897617,-0.03096229320823626,0.8484725091435882,2.508128809053919,red,False
82.9,3896.116552586,LIGHT_WAIT,3.0526600745243537,2.9811469703186644,0.31537125782860764,1.3923335171406612e-06,0.0,0.0,0.007624016273897617,-0.03096229320823626,0.8484725091435882,2.5254309579889545,red,False
83.1,3896.316998512,LIGHT_WAIT,3.0526603111864437,2.9811472069088474,0.31537125199505456,1.3919292408243915e-06,0.0,0.0,0.007624016273897617,-0.03096229320823626,0.8484725091435882,2.5072689635816863,red,False
83.2,3896.465479942,LIGHT_WAIT,3.0526604531507937,2.9811473488300746,0.3153712484961985,1.391687964863333e-06,0.0,0.0,0.007657552885728848,-0.030781719807683156,0.8480224957044846,2.497116269889933,red,False
83.4,3896.666026431,LIGHT_WAIT,3.0526607370059216,2.9811476325990047,0.3153712415013451,1.3912083935435452e-06,0.0,0.0,0.007624016273897617,-0.03096229320823626,0.8484725091435882,2.5157057151794433,red,False
83.6,3896.915511998,LIGHT_WAIT,3.0526610207636073,2.9811479162705568,0.3153712345102858,1.3907326443955272e-06,0.0,0.0,0.007730032333236939,-0.031161736234790537,0.8477934672162408,2.5055388317108154,red,False
83.7,3897.065300831,LIGHT_WAIT,3.0526611626061535,2.98114805807006,0.31537123101617254,1.3904962430272098e-06,0.0,0.0,0.007624016273897617,-0.03096229320823626,0.8484725091435882,2.520343671798706,red,False
83.9,3897.266184239,LIGHT_WAIT,3.05266139895696,2.981148294349164,0.31537122519474,1.3901042602116727e-06,0.0,0.0,0.007624016273897617,-0.03096229320823626,0.8484725091435882,2.502309513944232,red,False
84.1,3897.515968331,LIGHT_WAIT,3.05266168249031,2.981148577796528,0.3153712182124541,1.389637395035655e-06,0.0,0.0,0.007624016273897617,-0.03096229320823626,0.8484725091435882,2.5108211444461737,red,False
84.2,3897.715683484,LIGHT_WAIT,3.052661918695604,2.981148813930215,0.31537121239672994,1.3892511409370962e-06,0.0,0.0,0.007624016273897617,-0.03096229320823626,0.8484725091435882,2.5042869736743163,red,False
84.4,3897.91603615,LIGHT_WAIT,3.0526621548354598,2.981149049998508,0.31537120658358203,1.38886751241242e-06,0.0,0.0,0.007562773891685224,-0.030065299696145933,0.8479932668032963,2.5126165656385706,red,False
84.6,3898.165654096,LIGHT_WAIT,3.0526624381175305,2.9811493331947596,0.3153711996111887,1.3884104976823818e-06,0.0,0.0,0.007624016273897617,-0.03096229320823626,0.8484725091435882,2.5168786002800543,red,False
84.7,3898.316348053,LIGHT_WAIT,3.052662579723707,2.9811494747580505,0.31537119612637077,1.3881834214447954e-06,0.0,0.0,0.007624016273897617,-0.03096229320823626,0.8484725091435882,2.5105867192697184,red,False
84.9,3898.565500675,LIGHT_WAIT,3.052662815682667,2.9811497106455684,0.3153711903203749,1.3878069182769266e-06,0.0,0.0,0.007624016273897617,-0.03096229320823626,0.8484725091435882,inf,red,False
85.1,3898.765824388,LIGHT_WAIT,3.052663098749248,2.981149993626476,0.3153711833565223,1.3873584684645238e-06,0.0,0.0,0.007624016273897617,-0.03096229320823626,0.8484725091435882,inf,red,False
85.2,3898.867255823,LIGHT_WAIT,3.0526632402483225,2.981150135082737,0.3153711798759577,1.3871355408835951e-06,0.0,0.0,0.007624016273897617,-0.03096229320823626,0.8484725091435882,inf,red,False
85.4,3899.116114469,LIGHT_WAIT,3.052663523178495,2.981150417927329,0.31537117291753974,1.3866924396488016e-06,0.0,0.0,0.007624016273897617,-0.03096229320823626,0.8484725091435882,inf,red,False
85.6,3899.365784185,LIGHT_WAIT,3.0526638060186433,2.9811507006819578,0.3153711659627209,1.3862529118077073e-06,0.0,0.0,0.007657552885728848,-0.030781719807683156,0.8480224957044846,inf,red,False
85.7,3899.466108495,LIGHT_WAIT,3.052663947405182,2.9811508420257598,0.31537116248665537,1.3860344767858368e-06,0.0,0.0,0.007624016273897617,-0.03096229320823626,0.8484725091435882,inf,red,False
85.9,3899.715400993,LIGHT_WAIT,3.052664230111639,2.981151124646788,0.3153711555371999,1.3856002000203123e-06,0.0,0.0,0.00760171672736208,-0.030625909929583806,0.848209882649111,inf,red,False
86.1,3899.965415857,LIGHT_WAIT,3.05266446563292,2.981151360096925,0.31537114974870106,1.3852409402500064e-06,0.0,0.0,0.007696495721405712,-0.03134230537104219,0.8482399749002967,inf,red,False
86.2,3900.065674003,LIGHT_WAIT,3.0526646069164496,2.9811515013377887,0.3153711462767814,1.385026551610305e-06,0.0,0.0,0.007562773891685224,-0.030065299696145933,0.8479932668032963,inf,red,False
86.4,3900.315478761,LIGHT_WAIT,3.052664889418127,2.981151783754179,0.31537113933558525,1.3846003759771095e-06,0.0,0.0,0.0075292372798539935,-0.030245880994201255,0.848445632933954,inf,red,False
86.6,3900.566505119,LIGHT_WAIT,3.0526652188940266,2.9811521131306526,0.3153711312419567,1.384107482628491e-06,0.0,0.0,0.0075292372798539935,-0.030245880994201255,0.848445632933954,inf,red,False
86.7,3900.666029918,LIGHT_WAIT,3.0526653130085033,2.981152207216737,0.3153711289303647,1.38396747780436e-06,0.0,0.0,0.0075292372798539935,-0.030245880994201255,0.848445632933954,inf,red,False
86.9,3900.915543976,LIGHT_WAIT,3.052665595295002,2.9811524894180983,0.3153711219979074,1.3835497876404402e-06,0.0,0.0,0.007624016273897617,-0.03096229320823626,0.8484725091435882,inf,red,False
87.1,3901.166811611,LIGHT_WAIT,3.052665877496633,2.9811527715346515,0.3153711150689136,1.3831354523460496e-06,0.0,0.0,0.007624016273897617,-0.03096229320823626,0.8484725091435882,inf,red,False
87.2,3901.315312624,LIGHT_WAIT,3.052666018565837,2.981152912561339,0.31537111160570996,1.3829295176824125e-06,0.0,0.0,0.0075292372798539935,-0.030245880994201255,0.848445632933954,inf,red,False
87.4,3901.565811828,LIGHT_WAIT,3.0526663006414423,2.981153194551955,0.3153711046818783,1.3825201357037006e-06,0.0,0.0,0.007624016273897617,-0.03096229320823626,0.8484725091435882,inf,red,False
87.6,3901.81543913,LIGHT_WAIT,3.0526665826338717,2.9811534764594545,0.3153710977614658,1.3821140417234245e-06,0.0,0.0,0.0075292372798539935,-0.030245880994201255,0.848445632933954,inf,red,False
87.7,3901.916275673,LIGHT_WAIT,3.0526667235991036,2.9811536173822435,0.31537109430253646,1.381912188462713e-06,0.0,0.0,0.007624016273897617,-0.03096229320823626,0.8484725091435882,inf,red,False
87.9,3902.166033965,LIGHT_WAIT,3.0526670054680225,2.9811538991663205,0.31537108738722036,1.3815110665073257e-06,0.0,0.0,0.007624016273897617,-0.03096229320823626,0.8484725091435882,inf,red,False
88.1,3902.415661232,LIGHT_WAIT,3.052667287255423,2.981154180868937,0.3153710804752803,1.3811130364461778e-06,0.0,0.0,0.0075292372798539935,-0.030245880994201255,0.848445632933954,inf,red,False
88.2,3902.516929337,LIGHT_WAIT,3.052667381166555,2.98115427475182,0.31537107817204746,1.3809810612967438e-06,0.0,0.0,0.007696495721405712,-0.03134230537104219,0.8482399749002967,inf,red,False
88.4,3902.765729694,LIGHT_WAIT,3.052667709785104,2.9811546032715506,0.3153710701136624,1.3805220023881094e-06,0.0,0.0,0.007624016273897617,-0.03096229320823626,0.8484725091435882,inf,red,False
88.6,3903.015833017,LIGHT_WAIT,3.0526679913715555,2.981154884773363,0.31537106321008745,1.3801319383046836e-06,0.0,0.0,0.007624016273897617,-0.03096229320823626,0.8484725091435882,inf,red,False
88.7,3903.121875818,LIGHT_WAIT,3.0526680852160633,2.9811549785896707,0.3153710609096336,1.3800026276656227e-06,0.0,0.0,0.0075292372798539935,-0.030245880994201255,0.848445632933954,inf,red,False
88.9,3903.416079147,LIGHT_WAIT,3.052668366696985,2.98115525998603,0.31537105401047716,1.3796166962342693e-06,0.0,0.0,0.007624016273897617,-0.03096229320823626,0.8484725091435882,inf,red,False
89.1,3903.717450592,LIGHT_WAIT,3.052668601204498,2.9811554944231173,0.31537104826369744,1.3792974905808104e-06,0.0,0.0,0.007624016273897617,-0.03096229320823626,0.8484725091435882,inf,red,False
89.2,3903.866852514,LIGHT_WAIT,3.0526687418830214,2.981155635059405,0.31537104481672373,1.3791069494323885e-06,0.0,0.0,0.0075292372798539935,-0.030245880994201255,0.848445632933954,inf,red,False
89.4,3904.116481407,LIGHT_WAIT,3.052669070057631,2.981155963135519,0.3153710367769633,1.3786654221693833e-06,0.0,0.0,0.007624016273897617,-0.03096229320823626,0.8484725091435882,inf,red,False
89.6,3904.519924877,LIGHT_WAIT,3.0526693512668683,2.981156244260393,0.31537102988926585,1.378290221175959e-06,0.0,0.0,0.007624016273897617,-0.03096229320823626,0.8484725091435882,inf,red,False
89.7,3904.665699711,LIGHT_WAIT,3.0526694449863108,2.981156337951727,0.31537102759408714,1.3781658625705506e-06,0.0,0.0,0.007624016273897617,-0.03096229320823626,0.8484725091435882,inf,red,False
89.9,3905.115186375,LIGHT_WAIT,3.052669726094045,2.981156618975173,0.3153710207107027,1.3777946304017324e-06,0.0,0.0,0.007624016273897617,-0.03096229320823626,0.8484725091435882,inf,red,False
90.1,3905.466722116,LIGHT_WAIT,3.052670053957791,2.981156946740654,0.3153710126841514,1.3773653607244178e-06,0.0,0.0,0.0075292372798539935,-0.030245880994201255,0.848445632933954,inf,red,False
90.2,3905.576696419,LIGHT_WAIT,3.052670147614429,2.9811570403692302,0.31537101039165155,1.3772434411732452e-06,0.0,0.0,0.007624016273897617,-0.03096229320823626,0.8484725091435882,inf,red,False
90.4,3905.915817625,LIGHT_WAIT,3.0526704285347583,2.9811573212054108,0.31537100351627795,1.3768796713637023e-06,0.0,0.0,0.0075292372798539935,-0.030245880994201255,0.848445632933954,inf,red,False
90.6,3906.166082904,LIGHT_WAIT,3.0526707093811734,2.981157601967733,0.31537099664408125,1.376518834652861e-06,0.0,0.0,0.007624016273897617,-0.03096229320823626,0.8484725091435882,inf,red,False
90.7,3906.324506675,LIGHT_WAIT,3.052670849776851,2.9811577423213853,0.31537099320916934,1.3763395399065682e-06,0.0,0.0,0.007624016273897617,-0.03096229320823626,0.8484725091435882,inf,red,False
90.9,3906.565293785,LIGHT_WAIT,3.0526711305135117,2.9811580229740366,0.3153709863417088,1.3759829176739303e-06,0.0,0.0,0.007624016273897617,-0.03096229320823626,0.8484725091435882,inf,red,False
91.1,3906.81558264,LIGHT_WAIT,3.052671411177734,2.981158303554305,0.3153709794773866,1.3756293056514366e-06,0.0,0.0,0.007696495721405712,-0.03134230537104219,0.8482399749002967,inf,red,False
91.2,3906.973438756,LIGHT_WAIT,3.052671551482864,2.981158443817478,0.31537097604639774,1.375453514042792e-06,0.0,0.0,0.007624016273897617,-0.03096229320823626,0.8484725091435882,inf,red,False
91.4,3907.216015564,LIGHT_WAIT,3.052671832039517,2.981158724290259,0.31537096918675483,1.3751040850491496e-06,0.0,0.0,0.007624016273897617,-0.03096229320823626,0.8484725091435882,inf,red,False
91.6,3907.466033733,FOLLOW,3.0526721125251775,2.981159004692102,0.3153709623302122,1.3747574782365414e-06,0.09450172574428349,0.002779570776806789,0.007624016273897617,-0.03096229320823626,0.8484725091435882,inf,green,False
91.7,3907.566487411,FOLLOW,3.0538729077457196,2.9823594479300586,0.3153418901077683,0.03647590411755721,0.09469973695776955,0.0028237273699423765,0.007506937733318456,-0.029909483041110678,0.8481732283259141,inf,green,False
91.9,3907.816396949,FOLLOW,3.0721875447909257,3.0006690384162784,0.3149119904502167,0.09174988803741739,0.09173262097970823,0.0002908150095763419,0.007909410462252,-0.05054639401391876,0.8610375332469394,inf,green,False
92.1,3908.065276082,FOLLOW,3.0898783547149526,3.018355055575985,0.3145002262030639,0.08064198445539768,0.07965805258159982,-0.005130712675058982,0.009512018720235986,-0.10649439232099851,0.8405491028289906,inf,green,False
92.2,3908.169021151,FOLLOW,3.095330148802208,3.0238053167451486,0.3143709521933157,0.07966750408625349,0.07995809445907359,-0.004937839078216362,0.009462082503843908,-0.1043925765659874,0.8402139433649736,inf,green,False
92.4,3908.465567603,FOLLOW,3.111620908530809,3.040091239371271,0.3139740182978599,0.07984799629626205,0.07442082097876773,-0.009985127472786222,0.00794000728132569,-0.14260694903292342,0.8412761378294696,inf,green,False
92.6,3908.765866813,FOLLOW,3.129711463476587,3.058175774933171,0.3135075136277008,0.0743029085308333,0.07447211551008358,-0.009741288522431661,0.008142296464374525,-0.14169564721971697,0.8404421002303385,inf,green,False
92.7,3908.915731595,FOLLOW,3.137327582889553,3.065789033224225,0.3132987815031545,0.07508314009193637,0.07507983961489904,-0.009566480444227558,0.007987516137248865,-0.1384364858042059,0.8422026041039508,inf,green,False
92.9,3909.165706083,FOLLOW,3.1502109515722663,3.078667095816562,0.31292911014350133,0.07687051710430298,0.0879739407981869,0.0017910319653165047,-0.0029441771155315575,0.0333578560305425,0.7942541327262532,inf,green,False
93.1,3909.465749851,FOLLOW,3.174098606131542,3.1025446570366753,0.31223477890791235,0.08651124645403359,0.07854430481495824,-0.0017380435896544146,-0.021578704754421918,0.12821391865746262,0.8643373965528188,inf,green,False
93.2,3909.51578067,FOLLOW,3.1767795889836825,3.1052245250293264,0.3121574704644248,0.07855916849808647,0.07854264494881155,-0.001719655829315118,-0.021469263365577584,0.1276513398266776,0.8633985800160718,inf,green,False
93.4,3909.815081394,FOLLOW,3.192826420708248,3.1212645982487217,0.31169179091115584,0.07920101910628602,0.07873070526637098,-0.015610842136982897,-0.013960256233821617,-0.041016073874888925,0.7233647193744994,inf,green,False
93.6,3910.077309695,FOLLOW,3.2089154091780028,3.1373461911642444,0.3112042054902402,0.07890329707143058,0.06917593227552551,0.004155987546100838,-0.019407819909761072,0.16833755592819782,0.8190683391359731,inf,green,False
93.7,3910.21592201,FOLLOW,3.219526767971188,3.1479520323391297,0.310862066914665,0.06914812516951117,0.06447236012520298,0.006320650650525978,-0.020310890051450967,0.1989459094047177,0.8044886743053783,inf,green,False
93.9,3910.416012958,FOLLOW,3.2308169267067948,3.159236639277481,0.3105080584090899,0.06449719394614349,0.06447236012520298,0.006320650650525978,-0.020310890051450967,0.1989459094047177,0.8044886743053783,inf,green,False
94.1,3910.666290357,FOLLOW,3.2455837276346013,3.173996660237716,0.3100606476105841,0.07894985229472892,0.07930394050989821,0.003035632661227375,-0.016094840134488184,0.13236040302481888,0.8795474527355349,inf,green,False
94.2,3910.765427042,FOLLOW,3.25096456704156,3.179375105032399,0.3099001351898991,0.07932423729106895,0.07644999686445011,-8.919933484788095e-05,-0.019508916563163857,0.1285589142707275,0.8418401528890475,inf,green,False
94.4,3911.134225397,FOLLOW,3.266993518686383,3.1953970521708155,0.30942632144046806,0.0835541720152452,0.0835385522140278,0.005112393291050845,-0.00755716333483495,0.09144185937334945,0.8552987797795721,inf,green,False
94.6,3911.468019653,FOLLOW,3.284054854384407,3.2124512755121373,0.3089337582648218,0.08379098871402353,0.08473963186280455,0.0057227649752190765,-0.006970588519936396,0.09180743217322472,0.8682412656197975,inf,green,False
94.7,3911.767634509,FOLLOW,3.2926663491676,3.2210593663505467,0.30869165725283876,0.0847628445391254,0.09172541936168652,0.006926302927755422,-0.000291794708686597,0.052880780328297815,0.8654308228429364,inf,green,False
94.9,3912.065968027,FOLLOW,3.310926276120713,3.2393125279633144,0.3081946867102557,0.09215669841112914,0.09200247933701763,0.0063496796248047145,-0.0008685098872154608,0.052339527129720155,0.8670074582930918,inf,green,False
95.1,3912.316320081,FOLLOW,3.3333567745563157,3.261735525688694,0.30761472742065715,0.10419458148152515,0.10489273469328297,0.007501910345931677,0.004134611095010583,0.02072135127635121,0.9193877724839544,inf,green,False
95.2,3912.415343215,FOLLOW,3.340465705660288,3.2688422524556,0.30743770972433626,0.1049187886561146,0.10489273469328297,0.007501910345931677,0.004134611095010583,0.02072135127635121,0.9193877724839544,inf,green,False
95.4,3912.71552298,FOLLOW,3.3605003764615904,3.2888711052172446,0.30695493968182874,0.0937623885768596,0.09374315310770528,0.0018045852257124592,0.006023352277038964,-0.027154798980746922,0.834225785865484,inf,green,False
95.6,3913.015959374,FOLLOW,3.379207878778185,3.3075734419940934,0.30651536781831057,0.07409314079523181,0.08558955979262167,9.050027236090682e-05,0.014779582720087475,-0.0975066273465091,0.8871119422604081,inf,green,False
95.7,3913.165631245,FOLLOW,3.3908921016090456,3.319254482149228,0.3062426701022734,0.08736904706776874,0.09315713604578509,0.0006882554799260425,0.009041101791122108,-0.055230793625908714,0.8834999369591561,inf,green,False
95.9,3913.365919757,FOLLOW,3.4063295647394116,3.334687761716402,0.3058832963980147,0.09317570345460763,0.09301130333501972,0.000754834865722527,0.00924753355333021,-0.05611326222215833,0.8838268539098034,inf,green,False
96.1,3913.566022094,FOLLOW,3.4210454759486293,3.3493997008931986,0.3055414106187458,0.0803326379228316,0.08023868517457014,-0.005801080762473715,0.008373423024482303,-0.10425736360788869,0.8429364134477525,inf,green,False
96.2,3913.76642822,FOLLOW,3.431960575411856,3.360311677364868,0.3052803351010395,0.08019766634808696,0.08003173110758052,-0.005610631391732824,0.00858191496065281,-0.10416707202242405,0.8406117404457256,inf,green,False
96.4,3914.015483575,FOLLOW,3.4483080854679593,3.3766541381569537,0.304874091424541,0.08045466148019637,0.0742771960747561,-0.010606358177141393,0.007166056807553681,-0.14327113992926982,0.8406803537975547,inf,green,False
96.6,3914.216081288,FOLLOW,3.4613749889113787,3.389716626895715,0.3045344974377779,0.07463139813998385,0.07457688035297845,-0.010279594863927728,0.007369671641270663,-0.14131382852479096,0.841031179652209,inf,green,False
96.7,3914.315362335,FOLLOW,3.4689856997867583,3.397324494624856,0.30432649741534984,0.07457985190703788,0.07457688035297845,-0.010279594863927728,0.007369671641270663,-0.14131382852479096,0.841031179652209,inf,green,False
96.9,3914.565548237,FOLLOW,3.486763731879538,3.415095026167969,0.30381027235141983,0.07478787932893877,0.07747902922671993,-0.013392923746876312,0.0014220223368304613,-0.12567101303705341,0.8485099954736944,inf,green,False
97.1,3914.815699727,FOLLOW,3.502584514635656,3.4309079264790787,0.3033110656505503,0.07776026116283082,0.07867032912660833,-0.012674971441611485,0.0018332655874677486,-0.12053061235607312,0.8531315540526512,inf,green,False
97.2,3914.915659227,FOLLOW,3.507932833482431,3.4362532803165933,0.30313300508519075,0.07866913721857338,0.08099749462965573,-0.012957768517748349,0.0007156717994440676,-0.11242015600716185,0.8646822673816135,inf,green,False
97.4,3915.165735085,FOLLOW,3.5287245767294273,3.457032049183842,0.3023988386651467,0.0988106182030309,0.09984730564519068,-0.016171182850838118,-0.01361205211389132,-0.01871877229262494,0.8709987757600149,inf,green,False
97.6,3915.365347527,FOLLOW,3.5456643374329038,3.4739593649117944,0.3017497574120888,0.09993799092648466,0.09994394792620871,-0.015949788222096268,-0.01359311941973035,-0.01723819388983703,0.868759006728151,inf,green,False
97.7,3915.466616496,FOLLOW,3.5558580153574137,3.4841446956543916,0.3013373405777284,0.09993804759217152,0.10087739864039606,-0.015091908094149791,-0.012995624855060684,-0.014460522029528064,0.8710354021141533,inf,green,False
97.9,3915.716079865,FOLLOW,3.5765259201518798,3.5047936965634543,0.30045373951887616,0.1022388417013388,0.1028153272910485,-0.013111567445403146,-0.011730986004385009,-0.007943902119455412,0.8738101210999847,inf,green,False
98.1,3915.965671251,FOLLOW,3.5975597079184523,3.5258057267006038,0.29949740300528865,0.10372168167132186,0.10400528152322616,-0.011604173960360656,-0.010417447062005387,-0.005909533489833349,0.8795153188244066,inf,green,False
98.2,3916.123176678,FOLLOW,3.608167946050746,3.5364020908041582,0.29899563320042183,0.10400603100045415,0.10480497705908962,-0.010836317866776836,-0.010037979782309124,-0.0029096111499281245,0.8797277615303111,inf,green,False
98.4,3916.365323946,FOLLOW,3.6260287356203524,3.554241570788034,0.2981234716736303,0.10525222022810518,0.10639938478954004,-0.00994005322071577,-0.0060241030401585295,-0.022923096862810275,0.9374741108227097,inf,green,False
98.6,3916.565526411,FOLLOW,3.64771448212433,3.5758992829032814,0.29702122545014603,0.10703287906712718,0.10703194019372542,-0.009502224486911045,-0.005691350490638213,-0.022004093070294575,0.9409982677293147,inf,green,False
98.7,3916.715910746,FOLLOW,3.662378846776398,3.590543451951057,0.29625188843021594,0.10865081280387692,0.10864800171810746,-0.007893280496968337,-0.00492782728181673,-0.016198281126618544,0.9420648242274631,inf,green,False
98.9,3916.91582636,FOLLOW,3.6809286329495254,3.609066471345366,0.29525575988498726,0.1098377512596689,0.11013019800817099,-0.006303831104853215,-0.004039960231987222,-0.01170967594742264,0.944618086124366,inf,green,False
99.1,3917.215332745,FOLLOW,3.7071655929718066,3.635263525105265,0.2938092752841485,0.11058674460825306,0.11169143635580742,-0.004613105840608122,-0.00309598407626991,-0.007241395578148906,0.9476120086597293,inf,green,False
99.2,3917.31581001,FOLLOW,3.7185195046289894,3.6465995411864145,0.2931720572419215,0.11169736330939116,0.11214545949836573,-0.004187206114396948,-0.002805178127065786,-0.006503161884474798,0.9497392474390204,inf,green,False
99.4,3917.51602792,FOLLOW,3.737562145890092,3.6656114852477417,0.2920912459879889,0.11240691984153138,0.11286050973249359,-0.003080250095926565,-0.0021257197857485702,-0.004251669116170192,0.9505010299304647,inf,green,False
99.6,3917.766235161,FOLLOW,3.7605786700008594,3.6885899823768353,0.29076873601520153,0.11358291760184981,0.11382964213331259,-0.002145255652822456,-0.0017627425386128113,-0.0009697932648810376,0.9508801682002032,inf,green,False
99.7,3917.915675073,FOLLOW,3.772172506363939,3.700164374219665,0.29009754716084574,0.11383906914679404,0.11400429310396913,-0.0013632944613248548,-0.001064771694222324,-0.0009734144492679082,0.952347722245284,inf,green,False
99.9,3918.115880927,FOLLOW,3.791542861960871,3.7195019152266817,0.2889705240657809,0.11401515461464062,0.11434223848282202,-0.0007827388244964725,-0.0006881748299261259,-3.29445755274855e-05,0.9529304656175102,inf,green,False
100.1,3918.468017534,FOLLOW,3.8148519494498134,3.7427712042065227,0.2876089996656469,0.11416861518583643,0.11384317861475136,0.00035585845055543055,-8.444153644703717e-05,0.0026728973847698003,0.9550325537561207,inf,green,False
100.2,3918.630297849,FOLLOW,3.8264814660713338,3.754380789490416,0.2869284217074818,0.11368924767559523,0.1141624586526596,0.0006356518493650681,0.0002776902477234789,0.0019071073584389436,0.9558896567920377,inf,green,False
100.4,3919.01879269,FOLLOW,3.853622558451744,3.781475415269303,0.2853409241439153,0.11435741327961528,0.11354178752976557,0.0017216175053344214,0.0008206313578604864,0.004764133568007036,0.9574509011093397,inf,green,False
100.6,3919.215940166,FOLLOW,3.872982722035725,3.8008026382599898,0.28421203800283845,0.113557079214773,0.11427107015088822,0.002112476237475802,0.0013863430224691654,0.0032363294970793348,0.9599634769864049,inf,green,False
100.7,3919.36792502,FOLLOW,3.8846390187671926,3.812439252495495,0.28353493960927884,0.11428667842220912,0.11338195534292156,0.002738758774576785,0.0014796515933801835,0.006440778658125695,0.960063546153289,inf,green,False
100.9,3919.615922312,FOLLOW,3.9039541581295696,3.831722132028563,0.28241907238706926,0.11394223316006657,0.113985670446253,0.0033267589257615963,0.002199232084266938,0.005039650703652195,0.9618482529744152,inf,green,False
101.1,3919.86534366,FOLLOW,3.931093548533689,3.8588171205241495,0.280867274522951,0.11440804303342891,0.11402146436727147,0.003914353711832547,0.0026542474132925952,0.005479076451363381,0.9631941264015265,inf,green,False
101.2,3919.965967061,FOLLOW,3.942738541000148,3.870443424178581,0.28020779628935777,0.11403894480665581,0.1139372489175842,0.003936661281185833,0.002644885847530554,0.005690792088087207,0.962985265869006,inf,green,False
101.4,3920.215794922,FOLLOW,3.9660197407555775,3.893688006148859,0.27890255872116476,0.11491649251984289,0.11433234212797339,0.004579392210596847,0.0032473719511065674,0.005389002334683809,0.9656057106218099,inf,green,False
101.6,3920.466353779,FOLLOW,3.9893990766477856,3.917031646824705,0.2776111439820009,0.11473369300643256,0.11483337929586503,0.004900393399322188,0.003683239122552264,0.004252616323644051,0.9671186254508088,inf,green,False
101.7,3920.565448165,FOLLOW,4.0011098858679155,3.9287250202713473,0.2769723422046821,0.11485329487372395,0.11483337929586503,0.004900393399322188,0.003683239122552264,0.004252616323644051,0.9671186254508088,inf,green,False
101.9,3920.867671534,FOLLOW,4.020666545852324,3.9482532471309106,0.27591816729145496,0.11516718127290228,0.11523180055539244,0.005322310631510355,0.00423690039365409,0.002934164363093125,0.9673089430175347,1.5628540337674282,green,False
102.1,3921.11536917,FOLLOW,4.046177952493409,3.9737288451251067,0.27456697498818383,0.05680987454741114,0.07703226646781165,0.016501060491113148,0.0003912551867428296,0.14137124890647568,0.8688136313286589,1.5203770316155594,green,False
102.2,3921.215702114,FOLLOW,4.051379416608576,3.9789231693607916,0.27429453654094305,0.07706813300341371,0.07684344082657907,0.01663863466651633,0.0006663743748674816,0.14111712788463282,0.8662771249344001,1.5064942477199061,green,False
102.4,3921.465759954,FOLLOW,4.067072484822057,3.994596461732228,0.2735070875873001,0.07696763389371589,0.07758909424652677,0.015708418204647107,-0.000133712629123435,0.1369712698332512,0.8679815513076934,1.5097639089453987,green,False
102.6,3921.66550119,FOLLOW,4.082857297856683,4.010363879259034,0.27276636836852414,0.0774686818736421,0.07743341184261442,0.015442848484093375,-0.00031896094878729186,0.13616856032086924,0.8649450197580733,1.474588792392439,green,False
102.7,3921.816735354,FOLLOW,4.0907748680378235,4.018273572985493,0.2724133076648321,0.07795055953209974,0.07823576432166396,0.01474951378657898,-0.0007748667854980476,0.13188101706073357,0.8669191228735516,1.4629940061826496,green,False
102.9,3922.066393784,FOLLOW,4.106722681575691,4.034207092084256,0.2717383838144341,0.07831383988447128,0.07822655262072224,0.018118331526443553,0.0022955029026412166,0.1405302481000647,0.8809128728352451,1.4472505606491608,green,False
103.1,3922.321128427,FOLLOW,4.122714864124148,4.05018721156654,0.27111756866967324,0.07900855813782832,0.07891305583042696,0.01690255513914381,0.0014747549888639577,0.13427255181379352,0.8783558272905536,1.4391887318600147,green,False
103.2,3922.415295448,FOLLOW,4.130771843724947,4.058238918534995,0.2708261567450445,0.07895055809436073,0.07891305583042696,0.01690255513914381,0.0014747549888639577,0.13427255181379352,0.8783558272905536,1.4253887042999267,green,False
103.5,3922.81544612,FOLLOW,4.155366517934007,4.082820360914111,0.2700203166892761,0.0822659397986763,0.08222521667594565,0.01886103402111003,0.007044125378263044,0.1078667533402961,0.8699886215815603,1.4042038240933215,green,False
103.7,3923.01554052,FOLLOW,4.1687585593737655,4.096206931010124,0.2696377376804755,0.07338020305419903,0.0738327345166228,0.019983635088437153,0.0016747994195457777,0.17054061011991292,0.8775952791236569,1.3818817423861243,green,False
103.9,3923.26542509,FOLLOW,4.184053782594104,4.11149742469459,0.2692578082899212,0.08073473084392133,0.08068946051009372,0.021333171661861317,0.008843411538404938,0.1195674937830002,0.8734087660819118,1.3606736869267646,green,False
104.1,3923.566231414,FOLLOW,4.200580280222835,4.128020368044311,0.2689156462311177,0.08129674718130618,0.09160429216593637,0.01719017237668921,0.01090930741570946,0.05411340095213122,0.8666403470267924,1.350100463843926,green,False
104.2,3923.665393592,FOLLOW,4.209728792489107,4.137167423247483,0.2687524251754931,0.09164513206633441,0.09160429216593637,0.01719017237668921,0.01090930741570946,0.05411340095213122,0.8666403470267924,1.350165819014116,green,False
104.4,3923.915483875,FOLLOW,4.229447501536776,4.156883789275212,0.2684489159104247,0.09900530627674754,0.09896793121871793,0.014173046320486502,0.014252613048995682,0.0017488695172258343,0.8283386351162186,1.3466726517878984,green,False
104.6,3924.216078241,FOLLOW,4.24773234384944,4.175167119760624,0.26821399784246663,0.08404200903744057,0.08297707724956191,0.003484688270692532,0.014852608814618189,-0.07055041436391778,0.8134353767185036,1.3194274894420885,green,False
104.7,3924.366691122,FOLLOW,4.256235135000992,4.1836693049622955,0.26811249234025236,0.08299995216085915,0.08365176051172404,0.0031720903668965724,0.014282244469558013,-0.0695048327849247,0.818227204817116,1.300609633969838,green,False
104.9,3924.765785033,FOLLOW,4.274676725977152,4.2021097394570095,0.26790611657685603,0.09693045174827918,0.07681115805888777,-0.003791533944862354,0.012449329242538033,-0.11579844463911078,0.8253974137021503,1.2993688469959697,green,False
105.1,3925.016322834,FOLLOW,4.287789770171687,4.215222046366118,0.26776708308555924,0.07664489643384939,0.07697801590046052,-0.004398682791247585,0.011866715182500938,-0.1171498233663471,0.8293576526253128,inf,green,False
105.2,3925.165733424,FOLLOW,4.298217232134575,4.225648850656016,0.26764998346086893,0.07698960687393101,0.08245289941032814,0.002115216875481485,0.013826661547249326,-0.07472158469553655,0.8154618973085968,inf,green,False
105.4,3925.365418578,FOLLOW,4.312017025093846,4.239447726557873,0.26749089772586415,0.08164815182285474,0.08162816735656417,0.002019583598540317,0.014125809659381722,-0.07731676448976292,0.8117185986221687,inf,green,False
105.6,3925.615614654,FOLLOW,4.330610877175845,4.2580403834355725,0.2672800929830591,0.07527736176457955,0.07526624734971736,-0.004304005924484302,0.01233950157732458,-0.12028526908064169,0.8158316615632881,inf,green,False
105.7,3925.715501631,FOLLOW,4.335729734577875,4.263158883376099,0.26721960056061933,0.07527727804610351,0.07673456047715946,-0.005030667386576698,0.01138327972222744,-0.11957750494523445,0.8306156557456607,inf,green,False
105.9,3925.966526429,FOLLOW,4.3515879620576445,4.2790158697571385,0.26702128162101924,0.07980547319202028,0.09134282278337388,0.005137081791369759,0.0018252215072456284,0.025793930094936388,0.8102754062270429,inf,green,False
106.1,3926.166185138,FOLLOW,4.369653207332241,4.297079580239155,0.2667858680927577,0.08983924705277446,0.08305193848396787,0.0018579732062346955,-0.010768752502951465,0.08667493562330301,0.8420686836474081,inf,green,False
106.2,3926.315585237,FOLLOW,4.378365173322019,4.3057908906389395,0.2666789943905782,0.08307140302052626,0.0834452057681512,0.0015089452961689921,-0.01096502265943351,0.08510039237281007,0.8433187929116672,inf,green,False
106.4,3926.516496369,FOLLOW,4.395373417331478,4.322797919469433,0.26647569235427687,0.0837316360025942,0.08371257014644028,0.0013565082719366873,-0.01099918628398408,0.08406738879225102,0.8442192758307394,inf,green,False
106.6,3926.816229335,FOLLOW,4.412093090574276,4.33951645075156,0.2662802832765012,0.08085591458628842,0.08176283366863511,0.004399610997270886,-0.012561506837054169,0.11949799667314559,0.8849089227744908,inf,green,False
106.7,3926.916809793,FOLLOW,4.420370765999686,4.347793568293541,0.2661841815579952,0.08178628386628983,0.08129404307869392,0.004317268769534971,-0.012812015890652229,0.12067643961031291,0.8818311023279531,inf,green,False
106.9,3927.165761055,FOLLOW,4.436985959930283,4.364407751993619,0.26600101189081554,0.08161786375301332,0.08159444002123742,0.0039457136021476625,-0.01301722127510832,0.11886376494516405,0.8820082989169088,inf,green,False
107.1,3927.365774765,FOLLOW,4.450899314483202,4.378320376354676,0.26585849332333017,0.08219218421606084,0.08231210950138172,0.0031801727656439725,-0.01327205330177142,0.11406404672307989,0.8815353355123661,inf,green,False
107.2,3927.51535759,FOLLOW,4.46209180207542,4.389512337798709,0.2657499782761131,0.08233465854855175,0.08624804315192769,0.0072286487930742875,-0.0019291538974542978,0.06934311732186967,0.8433317799132682,inf,green,False
107.4,3927.715211044,FOLLOW,4.476854359122897,4.404274311500699,0.2656188236518318,0.08727693406983086,0.08732097121623333,0.005612124086632697,-0.0050399446319527134,0.0768394116821938,0.8674600112972184,inf,green,False
107.6,3928.016845862,FOLLOW,4.494706637496439,4.422126051410436,0.26548029287291985,0.08770421465400556,0.09746562562282758,0.007084044699632638,0.0032003703905804275,0.02773089769569044,0.8685220737942527,inf,green,False
107.7,3928.115290909,FOLLOW,4.504638181287316,4.432057364019953,0.26541255801611957,0.09749295306727356,0.09757489757778524,0.006313865790215113,0.002341463903015542,0.02806995453534754,0.8701850410398693,inf,green,False
107.9,3928.365392991,FOLLOW,4.524580675783689,4.4519995238872045,0.26529726433133544,0.09813593684059158,0.09147389897267252,0.0013156306936364806,0.008198039503979113,-0.04491502570497069,0.8478773356825103,inf,green,False
108.1,3928.565958695,FOLLOW,4.540565722279341,4.467984386430395,0.26522061548856046,0.09060866533540188,0.09095260339944636,0.0004539600131631078,0.007669375166165339,-0.047723858515132625,0.8483677194999312,inf,green,False
108.2,3928.717981703,FOLLOW,4.552912622341065,4.480331157476923,0.2651641730903523,0.09097030068500037,0.09103466353291695,0.00028629253489121905,0.007460864760940348,-0.04758036933605029,0.8488610068009592,inf,green,False
108.4,3928.965399989,FOLLOW,4.571457757576031,4.498876106563685,0.2650810822317818,0.09065309369244434,0.09053318989550461,-0.0003449236439496126,0.007050145106103852,-0.04953211338245744,0.8478661705204487,inf,green,False
108.6,3929.165492011,FOLLOW,4.58685791515405,4.514276110255453,0.2650122367942029,0.09074980034401756,0.09073341788397565,-0.0006487706059866278,0.006753704916279163,-0.04980992612044279,0.8502664998967989,inf,green,False
108.7,3929.315563038,FOLLOW,4.598704409034244,4.5261224834468665,0.2649587632660349,0.07560899906129394,0.07686747906900618,-0.007605584529744197,0.008820928280294599,-0.12497190534675073,0.8406930613762011,inf,green,False
108.9,3929.515869609,FOLLOW,4.611778184390441,4.539196091546248,0.2648927997673888,0.07697291176396161,0.07684600261449634,-0.007792151305637731,0.008564370188308586,-0.12492226226408402,0.8403786987156903,inf,green,False
109.1,3929.715283851,FOLLOW,4.62747128978241,4.554888867194636,0.2647913035061257,0.07706006404559063,0.07705256365899955,-0.007600972321922418,0.008590976132430879,-0.12326434047163837,0.8399762271807361,inf,green,False
109.2,3929.866438989,FOLLOW,4.63515988704956,4.562577240391895,0.2647326331440087,0.07181417639617091,0.07208447239398548,-0.012405216880805358,0.007032100059647529,-0.16179133124112724,0.8436756605839875,inf,green,False
109.4,3930.066382253,FOLLOW,4.647404854298479,4.574821688982125,0.264620158345389,0.07208567082477615,0.07226758611669286,-0.012094730826709001,0.007032145181747745,-0.1586648843688882,0.8411117216979351,inf,green,False
109.6,3930.315421187,FOLLOW,4.6621533729481826,4.589569240605612,0.264451572029783,0.07238919530822228,0.07461306731124684,-0.015292448971818822,0.0011564869733927882,-0.145319504410504,0.8476658518482647,inf,green,False
109.7,3930.465491558,FOLLOW,4.672230107676262,4.599645047983068,0.2643149661379742,0.07485749963391715,0.07486014924296429,-0.015231514708088994,0.0012490198470546873,-0.14493219220719314,0.8498688590817953,inf,green,False
109.9,3930.715445513,FOLLOW,4.689040926907797,4.616453854045006,0.26405486771313424,0.08991108598004507,0.08989416803963896,-0.0007127931403368807,-0.003940070122609844,0.020911825991756325,0.7882816336577961,inf,green,False
110.1,3930.916287308,FOLLOW,4.703705022046424,4.631116161352194,0.26382589427761266,0.08061118354350016,0.08035033655475853,-0.004113001034438859,-0.02249698854100752,0.11491468663596854,0.8619493410039187,inf,green,False
110.2,3931.065237027,FOLLOW,4.714651523063075,4.642061237223021,0.2636492706889768,0.08036207357112904,0.08062802834253414,-0.004502980867090743,-0.022693886160031068,0.11310388696861454,0.8618865571077061,inf,green,False
110.4,3931.316173802,FOLLOW,4.731090651932145,4.658498033782118,0.2633723947213426,0.08047575715253386,0.0813906828223224,5.81132574997143e-05,-0.017825382378460305,0.11875639068256916,0.8796236845020364,inf,green,False
110.6,3931.515629128,FOLLOW,4.744865289509,4.672270564161768,0.2631314670253059,0.08140745710473955,0.08090567838124726,0.00033758527021505747,-0.017500896782892475,0.11892528559831785,0.8746667137607164,inf,green,False
110.7,3931.615980105,FOLLOW,4.753136516027775,4.680540521837702,0.26298659413642517,0.08092274121394748,0.08132321593833078,0.00012312218963631282,-0.01787478375930269,0.1196134305650095,0.8803465670478149,inf,green,False
110.9,3931.866260979,FOLLOW,4.769722343640043,4.697123821848124,0.2626970457360863,0.08156015236413314,0.08165431437038195,-0.0002516853960489577,-0.017977951939863526,0.11723241264455489,0.8798803755131168,inf,green,False
111.1,3932.1155735,FOLLOW,4.783602441218392,4.711001808748856,0.2624549954012318,0.08167057574294606,0.08147456356005277,-0.0003018852952215871,-0.017853465601573873,0.11599894456990878,0.8758497667975246,inf,green,False
111.2,3932.265697102,FOLLOW,4.794850560150133,4.72224821646059,0.2622587989753065,0.08654197670997577,0.08652147126138941,0.002893457494031848,-0.008931493982045426,0.08193413127967643,0.8687010435291083,inf,green,False
111.4,3932.515472635,FOLLOW,4.8125237112216945,4.73991879402172,0.26195722119137943,0.08667996082546,0.09629925854507912,0.004179860119096878,-0.0011673186826445647,0.03706624546978477,0.876857403621288,inf,green,False
111.6,3932.769396233,FOLLOW,4.83218672857779,4.759579183381267,0.2616357888720875,0.0965183421219822,0.09642613888576215,0.0035199143841369734,-0.0016521265525474057,0.03564076296799345,0.8751490982135651,inf,green,False
111.7,3932.866290848,FOLLOW,4.838749979367337,4.766141614748079,0.2615320810995252,0.09651845623925769,0.09642613888576215,0.0035199143841369734,-0.0016521265525474057,0.03564076296799345,0.8751490982135651,inf,green,False
111.9,3933.165531605,FOLLOW,4.861135114826674,4.788524091535657,0.261187091770002,0.0921852208696213,0.09237557999355993,-0.0012145882095808557,0.005111943000399875,-0.04292845701097113,0.8524119398341882,inf,green,False
112.1,3933.415540339,FOLLOW,4.879994823626919,4.807381527320057,0.26089429443255296,0.09265087511734565,0.09271647745345352,-0.0012797037534137367,0.004795146495111806,-0.041260877390221905,0.852336545617534,inf,green,False
112.2,3933.565857052,FOLLOW,4.886300541531468,4.813686470542013,0.26079545493990225,0.09273268546085668,0.09253407445186039,-0.0014285794684526494,0.004891118441205147,-0.04300198670195465,0.8540162254125154,inf,green,False
112.4,3933.815720237,FOLLOW,4.908347883977738,4.835731040163766,0.26044580436338666,0.0926537543101707,0.07799752468225919,-0.00838678924592237,0.007092563246988266,-0.11933682603345717,0.8438955605614734,inf,green,False
112.7,3934.215730091,FOLLOW,4.929548571271457,4.856928823722093,0.2600951471920605,0.07827709849020012,0.07827144381953377,-0.008447338170888911,0.006858673077791921,-0.11806429309723533,0.8447841710847237,inf,green,False
112.9,3934.465600254,FOLLOW,4.9455344756835675,4.8729120031609146,0.2598000928141496,0.07880951065974837,0.07296820227268773,-0.012820576103300974,0.005694009167095879,-0.15547900494260436,0.8444230081434013,inf,green,False
113.1,3934.716017024,FOLLOW,4.960839129093005,4.8882135108374785,0.25948996896192444,0.07341079996579317,0.07341145726153173,-0.012601125009058356,0.005703742905326152,-0.1528606551244957,0.8455480490677989,inf,green,False
113.2,3934.818005257,FOLLOW,4.968327025583525,4.895699573284412,0.25932426949208387,0.07341069988753927,0.07359116848753473,-0.012065240566352395,0.006246334264520453,-0.15129415328674686,0.8452162691816207,inf,green,False
113.4,3935.071926439,FOLLOW,4.983360835423103,4.910729063952479,0.25896406949167955,0.07391306258004932,0.07602142532511748,-0.015051773842405795,0.0003085073279675554,-0.13514010982337613,0.8475440395294367,inf,green,False
113.6,3935.415675041,FOLLOW,4.996209533125118,4.923573315828002,0.258626212397255,0.07601715931561995,0.07640863150385659,-0.014759761098973593,0.0004270225604734515,-0.13269856022871251,0.847974333148972,inf,green,False
113.7,3935.646893846,FOLLOW,5.003989133181967,4.931349803757873,0.2584062063792079,0.07640477888779858,0.09612253229265116,-0.019657261815552975,-0.016026327866344937,-0.03147984306442219,0.8640611489289163,inf,green,False
113.9,3935.917218538,FOLLOW,5.022883323527367,4.950235347787174,0.2578348942496575,0.09611214647725841,0.09739433438110787,-0.01853410801707506,-0.015443817000446758,-0.025724173014546648,0.8638150512645704,inf,green,False
114.1,3936.215657636,FOLLOW,5.042682905359677,4.970023561035576,0.2571643634630133,0.09770333292058517,0.098649501439193,-0.017319861163680634,-0.014654714684204106,-0.020993863340117817,0.8652257234887994,inf,green,False
114.2,3936.366218274,FOLLOW,5.056096897644143,4.983428426715908,0.2566697020392759,0.09961406505634472,0.049833510986139015,-0.005816881198846291,0.02297881367909277,-0.22800195746196464,0.6519904676353672,inf,green,False
114.4,3936.566055073,FOLLOW,5.068408231070224,4.995730486759176,0.2561919663496037,0.0498427265910172,0.08721906428839098,-0.012112735157721882,-0.0006878402030280756,-0.08901234929009877,0.8885666568864631,inf,green,False
114.6,3936.815542074,FOLLOW,5.0817960224661896,5.009107544779443,0.25565601723558007,0.08717026923683266,0.08817641820933578,-0.011779847605005826,0.0009226600200481806,-0.09611165573339778,0.9113614340515437,inf,green,False
114.7,3936.966205456,FOLLOW,5.093752593760192,5.021053727976486,0.25515774358735904,0.08817734211925125,0.08884312792033339,-0.011330707800081163,0.0011846226398529586,-0.0937794813980858,0.9139357006309587,inf,green,False
114.9,3937.216158332,FOLLOW,5.111854052782761,5.039137982194759,0.25436879559407316,0.08885177805351761,0.08981214889077434,-0.009973578720065594,0.0017782329240863988,-0.08664257770096674,0.9105503259389468,inf,green,False
115.1,3937.415140942,FOLLOW,5.127089578205952,5.054357713568849,0.25367528243901505,0.08984496778799796,0.08984218903696822,-0.009958165214665493,0.001881922570498188,-0.08718856485784149,0.9118768154293218,inf,green,False
115.2,3937.566310175,FOLLOW,5.139348957300091,5.066603542509847,0.25309906269758947,0.09108273383046839,0.09121454246325576,-0.00854218142584454,0.0027470169862944885,-0.08137474601265578,0.9147578585606323,inf,green,False
115.4,3937.815738118,FOLLOW,5.157989050809557,5.085221630707607,0.2521936433705166,0.0924789712309675,0.0924765340265276,-0.0077505114241789705,0.0028893156996970294,-0.07570938812178474,0.916499071195476,inf,green,False
115.6,3938.015699214,FOLLOW,5.173725727788786,5.100938536585196,0.25140507589124605,0.09270780349207927,0.09233371747602742,-0.007012702287270259,0.00375713530180476,-0.07618076495697891,0.9159904212303398,inf,green,False
115.7,3938.165461462,FOLLOW,5.186339550288524,5.113535799166888,0.2507589472831518,0.09364966395971085,0.09364548670596064,-0.006171011708412733,0.004003123661619094,-0.07105830607105638,0.9190100903939469,inf,green,False
115.9,3938.416287366,FOLLOW,5.2023636518047205,5.129538050702132,0.24992243438685674,0.09467910527007353,0.09027656821302224,-0.008059763256254755,0.004777367822441453,-0.09187709311029275,0.9251036655957174,inf,green,False
116.1,3938.665531743,FOLLOW,5.220814954492766,5.147962896307866,0.248934729793076,0.09071062266221291,0.09136555463014621,-0.006991809112726423,0.005327329954574991,-0.08696576748256486,0.92691452983207,2.973589510335145,green,False
116.2,3938.818026562,FOLLOW,5.233217861050764,5.160347132762094,0.24825445999530057,0.09136880116057013,0.09189667798992299,-0.006439630654695076,0.00550949674540567,-0.08384512297087204,0.9263283221385192,2.930420698336418,green,False
116.4,3939.015791536,FOLLOW,5.248886662651869,5.1759914515188505,0.24737889640331112,0.09259623117319925,0.09311772129823855,-0.005186710130038522,0.0061571556294036656,-0.0784899144190655,0.928247718643595,2.8988446491284416,green,False
116.6,3939.268063391,FOLLOW,5.267736369204509,5.194810548860331,0.24630512968500706,0.09119084367798862,0.09163111472535308,-0.005237813981165588,0.006933354453767242,-0.08461058212501306,0.9251126634961919,2.8408617912307994,green,False
116.7,3939.365501959,FOLLOW,5.277052418092283,5.204110978502295,0.24576589608777435,0.09163716840853406,0.09163111472535308,-0.005237813981165588,0.006933354453767242,-0.08461058212501306,0.9251126634961919,2.8208292286087726,green,False
116.9,3939.565645088,FOLLOW,5.292695663962712,5.219727322400183,0.24484887371724165,0.09261068558228135,0.09412219145404761,-0.0029461239980839394,0.007595555879432923,-0.07164347107327862,0.9248357725502229,2.8031376427888204,green,False
117.1,3939.765435028,FOLLOW,5.31210700728495,5.239104450972424,0.2436968619867972,0.10415013969764167,0.10414664645168949,0.00631532730854447,0.007460625880404272,-0.008798468899102043,0.8869789502172242,2.766319033878577,green,False
117.2,3939.866217538,FOLLOW,5.322732136653164,5.2497111271883234,0.24307093027940685,0.10416815927584358,0.10611264420971944,0.007758749422860929,0.00767387087515819,-0.0017910895173228187,0.8882315610122337,2.77628234922066,green,False
117.4,3940.115885189,FOLLOW,5.342842562645581,5.269787663573902,0.24190392973712216,0.08405711522765136,0.08066378282844232,-0.009149172112417866,0.006617717781409169,-0.12014745495767291,0.8741054446973482,2.8040012856440093,green,False
117.6,3940.316308042,FOLLOW,5.356661136131259,5.283582240656347,0.24108993957491412,0.08045345837936227,0.08604494141045282,-0.010776623572209492,0.0010673516148683102,-0.09146677173079878,0.8810047828908536,2.7312869849540538,green,False
117.7,3940.465314081,FOLLOW,5.3679755882344375,5.294876081932859,0.24040732886425195,0.08604207559767427,0.09783440280445613,-0.0123215318771806,-0.0055759811396749945,-0.047869910494234356,0.91285594223518,2.713895341250292,green,False
117.9,3940.71643514,FOLLOW,5.3856905124067795,5.312556804748922,0.23930711807122634,0.08051764006778234,0.10104271331793162,-0.01229255551674766,-0.007459732539968312,-0.03243717922110061,0.910304706834431,2.6373091687191987,green,False
118.1,3940.915177623,FOLLOW,5.401307558860582,5.328141754154979,0.2383064025822474,0.10103718811917585,0.10010883425507756,-0.012207292256028637,-0.006795525868258666,-0.037051225184776285,0.9115143471458614,2.249227938875499,green,False
118.2,3941.069525248,FOLLOW,5.414954580189069,5.341759163624066,0.23740789830363218,0.10010334503662144,0.11231204291640866,-0.012908918689133303,-0.009273073465252413,-0.01581328120698351,0.9729341475860717,2.23348922438411,green,False
118.4,3941.266437961,FOLLOW,5.433481777383451,5.360243814413984,0.23615306773357878,0.11184855338013709,0.11024740063970585,-0.012573077775986912,-0.007859847878077487,-0.024626629561942004,0.9752912948250705,2.2021261679904,green,False
118.6,3941.517050144,FOLLOW,5.455973448640631,5.382680172973079,0.2345767366584453,0.10942708559262916,0.10817360301525697,-0.012084321027885338,-0.0060940819368810965,-0.03481221417319311,0.9799000800449142,2.378851427691085,green,False
118.7,3941.615411141,FOLLOW,5.467093860810988,5.393771730559324,0.2337761726823345,0.10816860249661232,0.10817360301525697,-0.012084321027885338,-0.0060940819368810965,-0.03481221417319311,0.9799000800449142,2.3385025476831425,green,False
118.9,3941.865777301,FOLLOW,5.492705350664794,5.4193129110972516,0.23187984125420114,0.10718385389610514,0.10650859898320614,-0.012241853959213376,-0.004625377330660797,-0.04676493759245799,0.9913397412040048,2.257025652313059,green,False
119.1,3942.065689917,FOLLOW,5.510809723741024,5.437364223454204,0.23049480245776885,0.10643941310665461,0.1064448067859111,-0.012235493538678673,-0.004386413101019978,-0.04836059124926436,0.994284510540517,2.2109007441247686,green,False
119.2,3942.219570105,FOLLOW,5.525292990639105,5.451802936628324,0.22935966537374985,0.1066693101504935,0.10667511772637642,-0.012293933040344379,-0.004369956322275227,-0.048672244973744505,0.9971284281902457,2.175775617924507,green,False
119.4,3942.416401702,FOLLOW,5.543438274486332,5.469889686894421,0.2279034118442042,0.10684187274839424,0.10713312070551582,-0.012580951203400437,-0.004931398997482201,-0.04641326337970697,0.9963676256291952,2.1329255539365564,green,False
119.6,3942.665746602,FOLLOW,5.568952973506117,5.495316777252824,0.22579095745110891,0.10750724244544586,0.10751488222645192,-0.012657015971967176,-0.005153906448378268,-0.04512907699028832,0.9970416726704188,2.0867732700789308,green,False
119.7,3942.76552162,FOLLOW,5.576263458990219,5.502600978811112,0.2251716003786151,0.10750704434915362,0.10751488222645192,-0.012657015971967176,-0.005153906448378268,-0.04512907699028832,0.9970416726704188,2.047923862602641,green,False
119.9,3942.96584802,FOLLOW,5.594539620428088,5.520809067958902,0.2235957063339304,0.1075066499746378,0.10751488222645192,-0.012657015971967176,-0.005153906448378268,-0.04512907699028832,0.9970416726704188,2.0545390145604263,green,False
120.1,3943.216317371,FOLLOW,5.620080033685265,5.5462486250947105,0.22132828526069756,0.10695659928230858,0.10751488222645192,-0.012657015971967176,-0.005153906448378268,-0.04512907699028832,0.9970416726704188,2.0399104090650924,green,False
120.2,3943.321845295,FOLLOW,5.631010481809487,5.557134048065229,0.22033719944234087,0.10677702192136795,0.10888273309510507,-0.012928661047545205,-0.0060450178083488355,-0.03988504415003621,0.9978309553066022,2.0188328100223707,green,False
120.4,3943.515637315,FOLLOW,5.649306538666864,5.575351989046003,0.21864835348444703,0.10804598755037599,0.11086273606207082,-0.009887489987936031,-0.00422784894622273,-0.032028719081049234,0.9978309553066022,1.988372497876763,green,False
120.6,3943.765918161,FOLLOW,5.6717500494390665,5.5976952923269545,0.21652991081816544,0.11002997295795701,0.11397261634908094,-0.003304215668163684,5.863590835924592e-05,-0.019958223911927486,0.9971611986782406,1.9659625369099802,green,False
120.7,3943.866047447,FOLLOW,5.683287162799614,5.609179553403259,0.21542685557301328,0.11314897976762432,0.1149121002146245,0.00026849391079383864,0.0027080436764363317,-0.016474985330178545,0.9970419843988696,1.9548265907231728,green,False
120.9,3944.115272989,FOLLOW,5.706716255412393,5.632500777037189,0.21318121465339118,0.11690327363266191,0.11771376367639606,0.006206794887798131,0.006348920810912047,-0.0067297205818072124,0.9974517960152803,1.946082801937631,green,False
121.1,3944.365505439,FOLLOW,5.730594434881587,5.6562714456992405,0.21091789848126247,0.11553740680017338,0.11633333985603021,0.017065192467014444,0.01314126501590176,0.011516389035993668,0.9973557487927208,1.9130678637444871,green,False
121.2,3944.465213571,FOLLOW,5.74237928178681,5.668005492157542,0.20982485640166612,0.11553779198347784,0.11624832290133126,0.019626346964649894,0.015357730781901457,0.011740590476464285,0.9971698565269338,1.9145396035328568,green,False
121.4,3944.66539161,FOLLOW,5.761926345681326,5.687472718173573,0.2080600673207493,0.11299599459852999,0.11378104971499649,0.024896852023690047,0.019141033400316827,0.020449258347778294,0.9966491243062909,1.8608256837063568,green,False
121.6,3944.915283042,FOLLOW,5.788710653737965,5.714158890757879,0.20576986152268276,0.11148548354126323,0.11226303573526114,0.02965240832797617,0.02287269422753782,0.02643339907229589,0.9973480816408755,1.9711839102246755,green,False
121.7,3945.015507808,FOLLOW,5.800049687980264,5.725460895885585,0.20485427923265848,0.1104935043444134,0.11126738933854506,0.03211329247159796,0.024959853799639185,0.02923541266217645,0.9949979953869467,1.8705800058760254,green,False
121.9,3945.265558027,FOLLOW,5.8224784290741995,5.747824864063497,0.2031514821100508,0.10966316742518357,0.1099339094156964,0.03575255878792948,0.027820338834840835,0.035227275601350014,0.9967965810666489,1.8314481735363617,green,False
122.1,3945.465791421,FOLLOW,5.841030642157443,5.766332131955749,0.20186127589924122,0.10911042438286583,0.10931026044379479,0.03712816255842388,0.028993488427764988,0.037317176467519364,0.9959011345043647,1.883385693577094,green,False
122.2,3945.566493396,FOLLOW,5.8521407454980485,5.777419015520819,0.2011434450944267,0.1085239618891714,0.11045201314965407,0.03591239668026165,0.028137992014884573,0.033058335666733184,0.996503437200611,1.9851228460321484,green,False
122.4,3945.81606551,FOLLOW,5.878375180466901,5.803608440370256,0.19960861822418044,0.11228034744378096,0.11377262908873781,0.033147188691428464,0.026429997612148898,0.02130768859350135,0.9986100705537893,1.7693358201533942,green,False
122.6,3946.015581732,FOLLOW,5.897557514620427,5.822765153605085,0.19861797447899665,0.11298343665686497,0.11448488636738693,0.03223916259432438,0.02582427465810686,0.018686561235357453,0.9986100705537893,2.0631223929239577,green,False
122.7,3946.165846606,FOLLOW,5.909153461253985,5.834348136566177,0.1980699050600307,0.11369489091345071,0.1152061889089928,0.03131876465522487,0.02521855170406483,0.016065177057864612,0.9986100705537893,2.0546961476901466,green,False
122.9,3946.366147759,FOLLOW,5.93256669690105,5.857740148518582,0.1970740725165565,0.1151447149948408,0.11742602094109467,0.028481243464012113,0.023401382841938708,0.00819984363284377,0.9986100705537893,2.0104708523117254,green,False
123.1,3946.615701883,FOLLOW,5.956433960059433,5.881591353907824,0.19619954318348623,0.11738947638049306,0.11756750869780935,0.026761592512956553,0.022080762474464197,0.0068485035995372945,0.9965034372006109,2.001362401820644,green,False
123.2,3946.768040448,FOLLOW,5.968345399627136,5.893496486177852,0.19581206054135336,0.1167708747027859,0.11416998987782746,0.02534617490074631,0.0205417931882088,0.013282288456670462,0.9830090560371549,1.9859711911491078,green,False
123.4,3946.965871709,FOLLOW,5.988819014174122,5.913961417030443,0.19521621674692463,0.06918632908394498,0.1115493099926356,0.0233328100465429,0.01842463168347195,0.01867107241114676,0.9729681091945874,1.9717571609288727,green,False
123.6,3947.215639788,FOLLOW,6.00987811810197,5.935013199230588,0.19466132332460678,0.11074852148065079,0.1115493099926356,0.0233328100465429,0.01842463168347195,0.01867107241114676,0.9729681091945874,1.9512046953764894,green,False
123.7,3947.316718341,FOLLOW,6.017409024935017,5.942542004758765,0.1944834568699912,0.11074874472817323,0.10895304957952417,0.023034827287455224,0.017467274295624814,0.026577978560945514,0.9682702426600812,1.926041791036986,green,False
123.9,3947.625096599,FOLLOW,6.042951283260207,5.968079026034028,0.19396768436063527,0.10576144832865753,0.10576870435066126,0.021819373557291025,0.0152758680681108,0.03769228904104295,0.9644613815863801,1.9184075208285234,green,False
124.1,3947.815413954,FOLLOW,6.06085079936373,5.985976319175849,0.1936862022059095,0.10496778832026268,0.10435498868910177,0.0213038790822804,0.01408812487287007,0.04414245644813105,0.9655933545623873,1.890764829304817,green,False
124.2,3947.915331159,FOLLOW,6.071415113195689,5.9965397606458115,0.19355057899925776,0.10355385651584159,0.1035039073047182,0.02115022998519071,0.013279461330366053,0.04965329691777202,0.9696015242382918,1.881576139310843,green,False
124.4,3948.168285744,FOLLOW,6.0957973993308086,6.0209209640648265,0.19332336273176587,0.10208629860518027,0.10176714147657623,0.02062980544595349,0.01175534182355751,0.058682606134200316,0.9724753681521636,1.8636460949595004,green,False
124.6,3948.36556236,FOLLOW,6.112944173458176,6.038067502575187,0.19323502333618506,0.1007781980357441,0.10124618505602771,0.0207866398763228,0.01070697182666039,0.06739776456099306,0.9858800117815829,1.846099701550024,green,False
124.7,3948.465366362,FOLLOW,6.1232014235716585,6.048324721286286,0.19321030428560032,0.10044682042776888,0.10124618505602771,0.0207866398763228,0.01070697182666039,0.06739776456099306,0.9858800117815829,1.8339881242670921,green,False
124.9,3948.715800649,FOLLOW,6.1403901618785826,6.065513450876845,0.19321583597749614,0.1015655553838051,0.10253583289895728,0.020684611563626096,0.010623261427907482,0.06553410549052682,0.9944568176946293,1.8044844970703124,green,False
125.1,3948.965589715,FOLLOW,6.164645400258036,6.089768423332006,0.19332411219401205,0.1022163063484016,0.10378044913651902,0.020510491445412428,0.010875927340722381,0.06108515987338051,0.9969088537883981,1.7769408931590696,green,False
125.2,3949.067219274,FOLLOW,6.171646876755098,6.096769694867973,0.19337762867640929,0.102977323946031,0.10378044913651902,0.020510491445412428,0.010875927340722381,0.06108515987338051,0.9969088537883981,1.775421417319989,green,False
125.4,3949.315266518,FOLLOW,6.196209352255178,6.121330716021325,0.19364271018122872,0.10351240489717115,0.10541802028310615,0.020060777188518644,0.011275224244595965,0.053467940907780155,0.995910262340724,1.7393613092896303,green,False
125.6,3949.516133225,FOLLOW,6.217598675442621,6.142717528117194,0.19396950059641332,0.10510562607383228,0.10590983244080997,0.019982333754042785,0.011342545414929257,0.051920989135784384,0.9971432549136672,1.7423006183606995,green,False
125.7,3949.615891238,FOLLOW,6.224745859036697,6.149863552748967,0.19409818374484095,0.10510566354198145,0.10590983244080997,0.019982333754042785,0.011342545414929257,0.051920989135784384,0.9971432549136672,1.7199437717501544,green,False
125.9,3949.865876509,FOLLOW,6.249927318756462,6.175039407694932,0.19462837903506305,0.1063403848220148,0.10804859495860823,0.018850928038548435,0.011311120874871745,0.04251423950138461,0.9961050380687845,1.6963127154290254,green,False
126.1,3950.065740176,FOLLOW,6.2681450578549684,6.193251445055839,0.1950838317776598,0.10780111224611673,0.108606395422645,0.018666126206044156,0.011283590139311161,0.04093909440546692,0.997683450922982,1.6763367580154689,green,False
126.2,3950.215347108,FOLLOW,6.2828352168383335,6.207935891150314,0.195493349324138,0.10869402216231562,0.10946188847858306,0.017721942238226155,0.01083868343585394,0.037153292775554424,0.9969088537883982,1.6658961038950302,green,False
126.4,3950.415702678,FOLLOW,6.301343820291823,6.226435779230803,0.19606105522790795,0.10974934233399632,0.1105556755070655,0.01738263160850746,0.01094785789524438,0.03326518390104346,0.9979151058306839,1.64706274991113,green,False
126.6,3950.62393797,FOLLOW,6.323694118108175,6.2487731764900225,0.1968199900662496,0.1085692726245144,0.10772357170009994,0.017417936713309396,0.010479735517625108,0.03940098571658842,0.9861217414569898,1.6230875590475518,green,False
126.7,3950.715662927,FOLLOW,6.331022822545043,6.256097041010098,0.19708628398955289,0.10691737413268522,0.10772357170009994,0.017417936713309396,0.010479735517625108,0.03940098571658842,0.9861217414569898,1.6073829981005494,green,False
126.9,3950.965233561,FOLLOW,6.352494097674102,6.277552213588763,0.19791739464807745,0.10354205026520907,0.10274133638772001,0.017521795550372,0.009437314726021311,0.052323160678299584,0.9681726251501231,1.5876565798566629,green,False
127.1,3951.216852995,FOLLOW,6.376740569157486,6.301776748589331,0.19894820611627406,0.10211500271457825,0.09919212978790978,0.018376322851648086,0.009556192170920009,0.061482922656927924,0.9536557074810401,1.5362721909933805,green,False
127.2,3951.315547825,FOLLOW,6.386794007068821,6.3118197113553265,0.1994069757781928,0.09846049448037918,0.09876328718909365,0.01822602740880265,0.009109791347849994,0.06396240471552223,0.9546344212887838,1.6248751355231352,green,False
127.4,3951.515568648,FOLLOW,6.403556186414508,6.328561886505407,0.20022548219092068,0.10096713190533825,0.09959879503078249,0.008763940094250178,-1.6350546165923296e-06,0.059359274357448435,0.9531589627545102,1.8332420336579547,green,False
127.6,3951.765583278,FOLLOW,6.427546364268221,6.352520468200935,0.20145627721289303,0.10192705910213744,0.1029565634178348,-0.0005901799969701527,-0.0072600061228418125,0.04450131858122804,0.9534235040795707,2.1892410749098685,green,False
127.7,3951.865755288,FOLLOW,6.438011648133126,6.362971522640592,0.20200182957866827,0.1029565603230652,0.10499907334116315,-0.0047751645013785395,-0.010144369619546836,0.03691138643993409,0.9557352230915817,2.4042488011819945,green,False
127.9,3952.066039902,FOLLOW,6.455788541196468,6.380724523191031,0.20292317828755632,0.10499258137785215,0.10587936041429936,-0.009362463223234838,-0.014003358692147775,0.03363200283735995,0.9565141482414857,2.839061186336464,green,False
128.1,3952.315610097,FOLLOW,6.477434554090603,6.4023428473143085,0.20401760801342603,0.10706684221040388,0.0970994368733541,-0.01567786759514053,-0.021553697589979055,0.03454650815638743,0.8790462757764083,2.809002463357533,green,False
128.3,3952.515350242,FOLLOW,6.497615946970524,6.422501039139823,0.20498484797522515,0.09657990238898534,0.09726290379579827,-0.021054983995971513,-0.02710818375544223,0.03423893070894745,0.8799029029569723,2.779932597164835,green,False
128.5,3952.715623782,FOLLOW,6.517544518898482,6.44241031405419,0.20586126938276716,0.09864119518867781,0.09865641657117671,-0.025090204577778028,-0.03056554622040364,0.03152870801486872,0.8869390829236786,2.762007961081589,green,False
128.7,3952.915356829,FOLLOW,6.534310617256268,6.4591632593413895,0.20652495244874766,0.0986191582942256,0.09878792088726299,-0.0286123349760492,-0.03402845350781973,0.030506584883013468,0.8860177176847689,2.7306478225874105,green,False
128.8,3953.065321049,FOLLOW,6.547737451567203,6.472581611557707,0.2070019093320786,0.09863454628889905,0.09866266623369205,-0.03069596008516325,-0.036630062228240425,0.03314275746322139,0.890312902315309,2.725635456556854,green,False
129.0,3953.26661806,FOLLOW,6.564446276219723,6.489282411495258,0.20751912568579062,0.09774294458706252,0.09745806129825119,-0.02910857249292708,-0.036838496334617624,0.04303696466553509,0.8995317429117681,2.7276241792486795,green,False
129.2,3953.515364492,FOLLOW,6.584152530598666,6.508982228197538,0.20802178322887455,0.09486831714147839,0.09495474640462122,-0.02432923376121383,-0.034909331439904684,0.05913322677402151,0.9082683148804721,2.6222073212183203,green,False
129.3,3953.615549803,FOLLOW,6.593831419274503,6.518658886197857,0.20822946215539587,0.0949399722042011,0.09495474640462122,-0.02432923376121383,-0.034909331439904684,0.05913322677402151,0.9082683148804721,2.622105436118535,green,False
129.5,3953.865458641,FOLLOW,6.612976363579439,6.537800761838086,0.20857134329863664,0.09272784364012723,0.09198181118065114,-0.018388171392154793,-0.031739128135676364,0.07623216051973287,0.9125978472308253,2.5710305308159116,green,False
129.7,3954.065210875,FOLLOW,6.6317897870528295,6.5566123849587665,0.20883088382092724,0.09233577339491392,0.09234025246274447,-0.016153577703046214,-0.02920237394126631,0.07626936963482644,0.9162257048406675,2.550887989417948,green,False
129.8,3954.165427427,FOLLOW,6.641208032001336,6.566030033102702,0.20893682709821404,0.09233570088376915,0.09134071718624336,-0.014183652849386108,-0.027990928033182243,0.08148115306210449,0.9162257048406673,2.556830652107291,green,False
130.0,3954.4155322,FOLLOW,6.659836451098705,6.584657686435544,0.2091051012686532,0.09127971541192126,0.09130061384097543,-0.012129964053323967,-0.02548943586335155,0.07999943317981063,0.9130050602632704,2.516806709391888,green,False
130.2,3954.615702257,FOLLOW,6.678505888381872,6.603326725851239,0.20922637102453456,0.09173841100631769,0.0914070587092112,-0.008885911618487384,-0.022026528575935452,0.08101592338073255,0.9160052239276678,2.4939296957013237,green,False
130.3,3954.715072146,FOLLOW,6.684733422562483,6.6095541809112,0.20925774607994824,0.09141256866808374,0.0914070587092112,-0.008885911618487384,-0.022026528575935452,0.08101592338073255,0.9160052239276678,2.480760094356887,green,False
130.5,3954.967006251,FOLLOW,6.706376201012875,6.631196803504323,0.20933911329572497,0.0905707732723158,0.0908787846424274,-0.005896353144229927,-0.01891931345206271,0.08213917054702091,0.9128379551629433,2.4591440278008143,green,False
130.7,3955.165840411,FOLLOW,6.721832202495871,6.6466527594234375,0.20937640770594848,0.09105178734875226,0.09055036109032502,-0.0036281331081003073,-0.01675721052485696,0.08446548173486133,0.9139275897268739,2.452152281852701,green,False
130.8,3955.2655466,FOLLOW,6.7311035226599305,6.655924065458387,0.20939255742679996,0.09056378249741329,0.09055036109032502,-0.0036281331081003073,-0.01675721052485696,0.08446548173486133,0.9139275897268739,2.4313198735875,green,False
131.0,3955.515761602,FOLLOW,6.752715808180185,6.677536336048075,0.20941758878354133,0.09099516872243897,0.09063488541641451,-0.0017243544068699602,-0.014476031943400285,0.08347018288531553,0.9129013464179906,2.414047730631617,green,False
131.2,3955.718563291,FOLLOW,6.768967003692417,6.693787527306373,0.209429321672507,0.09899599946247632,0.0991101635510272,0.00038874253362045015,-0.011933894716707815,0.08202243475464276,0.9952775488291038,2.4050413734697598,green,False
131.3,3955.866599665,FOLLOW,6.779068913345588,6.703889434942012,0.2094357052519311,0.09912855715724708,0.09996043340276846,0.0009305432811402563,-0.010904565470450857,0.07881716958110824,0.9971410790003014,2.388993280007091,green,False
131.5,3956.115650388,FOLLOW,6.799404243787606,6.724224760319774,0.20945001456367504,0.09993416219310626,0.09991412308164714,0.0019150349526563676,-0.010059878286767996,0.07983365443741128,0.9987949751703346,2.3613590891340306,green,False
131.7,3956.365429798,FOLLOW,6.819752812153856,6.744573317171225,0.20947146131862882,0.09989233791415217,0.09987056656290667,0.0034074714337547045,-0.008408369307724248,0.07892311749350783,0.9964650642531281,2.3569149467791455,green,False
131.8,3956.466197717,FOLLOW,6.829941828455251,6.754762321671499,0.20948693827601828,0.09989228500684524,0.09986506710002015,0.004160557906753861,-0.007603010572044013,0.07864835623941654,0.9958385461075767,2.3594725484429135,green,False
132.0,3956.715941523,FOLLOW,6.85040486465765,6.775225310335087,0.20953072347576807,0.10092369747919036,0.10019127184179162,0.005671826837827577,-0.005951501593000258,0.07773764885438823,0.9971904717797584,2.340387183979871,green,False
132.2,3956.91538732,FOLLOW,6.86746658147156,6.792286946491014,0.209582984923669,0.10021629652402186,0.07,0.004217432742184843,-0.005276482793412626,0.07570715680494326,0.9952887899098617,2.3095121899561653,green,False
132.3,3957.015449722,FOLLOW,6.87460237990934,6.799422708791932,0.20960568658040735,0.068729081320771,0.07,0.004744583623953462,-0.004232159828091584,0.07384188253349012,0.9955854752559217,2.2504579792148847,green,False
132.5,3957.265607304,FOLLOW,6.8932979081172,6.818118117838728,0.2096722433377365,0.10232593429007797,0.07,0.0033668523671109172,-0.004897156780032764,0.06502578552753023,0.992287841090141,2.228963779238316,green,False
132.7,3957.515679896,FOLLOW,6.908810101569695,6.833630196480169,0.20973183996966635,0.07086439810566485,0.07,0.0016291004355949395,-0.00691542448347774,0.061733899531126867,0.9968669354428698,2.2318654189563767,green,False
132.8,3957.615399307,FOLLOW,6.91362874767816,6.838448804408944,0.20975102152392175,0.07086188753509337,0.07,-0.001133643526881735,-0.00933831629964589,0.05127874096771076,0.9968669354428698,2.23095614498425,green,False
133.0,3957.815553536,FOLLOW,6.931562646386272,6.8563825909197655,0.20981384278558352,0.1064027179818493,0.10768384157291648,-0.0073211927830859206,-0.01338984542559992,0.043335945197673274,0.9945857851301132,2.217917194268888,green,False
133.2,3958.071303626,FOLLOW,6.953299324059997,6.878119208807815,0.2098641580761436,0.10071662800127984,0.10186692804212769,-0.014571966547469405,-0.019069711593830536,0.030463643220474183,0.9135418535144202,2.1690237446756364,green,False
133.3,3958.166501439,FOLLOW,6.963637312420164,6.888457191815564,0.2098741623472999,0.10270448622528737,0.10186692804212769,-0.014571966547469405,-0.019069711593830536,0.030463643220474183,0.9135418535144202,2.227278297816649,green,False
133.5,3958.415364962,FOLLOW,6.984776073868995,6.909595925179821,0.20984688894449352,0.10533735874257215,0.10451188685044344,-0.022270065633206677,-0.02437950494549739,0.018362469432766117,0.9109135639131116,2.1424484057057684,green,False
133.7,3958.616169152,FOLLOW,7.006452239022897,6.931271739130029,0.20972701589368065,0.10814770187632963,0.10888993878909567,-0.031201084965095143,-0.02957022264291332,0.0029111086972393413,0.9140201242393555,2.1303693762836797,green,False
133.8,3958.715712077,FOLLOW,7.013857089320283,6.938676292575857,0.20966080944652318,0.10970092643944163,0.10888993878909567,-0.031201084965095143,-0.02957022264291332,0.0029111086972393413,0.9140201242393555,2.112059299675508,green,False
134.0,3958.915729072,FOLLOW,7.0362513045468065,6.96106852942465,0.20936607139366184,0.10985216600037898,0.10699213125054864,-0.03707764201927659,-0.03379952522274386,-0.010027434741629423,0.9139522732125456,2.04935030710932,green,False
134.2,3959.165754034,FOLLOW,7.0604013075934065,6.985213497129683,0.20887587260453502,0.08562522783040537,0.08341012058718138,-0.031184050869865136,-0.03502764013598202,-0.02064917550335644,0.7309666344506955,2.0732770650968644,green,False
134.3,3959.265995219,FOLLOW,7.0662200607049686,6.991030394682217,0.20872896703616453,0.08558102893884606,0.08320396449171895,-0.030005279207351312,-0.03367513403062686,-0.02054094453429114,0.7289723711738565,1.9757017309564073,green,False
134.5,3959.46679721,FOLLOW,7.083370474534421,7.008173387806277,0.20822537851441222,0.08402696241598025,0.10517557657827273,-0.03574297220588402,-0.03225390334804387,-0.015722475600498564,0.9109135639131116,2.078605750481976,green,False
134.7,3959.715191277,FOLLOW,7.108652184517701,7.033438364195555,0.20730758469970903,0.10736192344692924,0.1041301484818723,-0.03351274055336203,-0.03034183121133681,-0.016109673062811507,0.9026992091827896,1.9392511154864356,green,False
134.8,3959.81570026,FOLLOW,7.11579171544594,7.040571733368631,0.20701105491814858,0.10494841980751415,0.10255815737937388,-0.031245482816604973,-0.02787005624363076,-0.02081837816013625,0.8991324469891693,2.011785202271351,green,False
135.0,3960.015025377,FOLLOW,7.1369897715752355,7.061747385919239,0.20603749647977151,0.10337959697267107,0.10349520737689911,-0.029486428330908202,-0.026283959068342393,-0.01788022986415829,0.9010125218436944,1.929175588556446,green,False
135.2,3960.265431101,FOLLOW,7.158089264583262,7.082818252572789,0.20493933730650285,0.10161672510590535,0.09899322168699143,-0.026467272214104633,-0.022516593016435042,-0.031008338984700873,0.8888938343761342,1.768085106840436,green,False
135.3,3960.365100012,FOLLOW,7.168273260777177,7.092986116223204,0.20436638659452583,0.09982096736759427,0.09864067393212342,-0.025423211982257384,-0.021030737092430002,-0.03434211693601858,0.8925791485765422,1.7540690447874845,green,False
135.5,3960.565241282,FOLLOW,7.185167117046948,7.109849808512757,0.2033575010326474,0.0989676616861001,0.09813708958915594,-0.02409366657834663,-0.019509619143845636,-0.036148365858591394,0.8917152344672613,1.7098151630765228,green,False
135.7,3960.765597949,FOLLOW,7.203832302306892,7.128476686039539,0.2021624953864081,0.08319139233914483,0.06795252631999961,-0.0016288215575040424,-0.03215931689243103,0.19567884755813877,0.8432892201450306,1.6906089078943918,green,False
135.8,3960.915408283,FOLLOW,7.2142227914511,7.138843765295441,0.2014654214768524,0.06881073894188366,0.06750933276096288,-0.0009740527978788678,-0.031459987499543984,0.19738975786596236,0.8401954989950896,1.6786468174624645,green,False
136.0,3961.11550189,FOLLOW,7.2281487581691595,7.152737802392688,0.20052293458503995,0.06781698085847959,0.06695780039950844,-0.0007687483673151077,-0.031672813741729255,0.20066485702334816,0.8378999500743464,1.6710463745298034,green,False
136.2,3961.315575489,FOLLOW,7.23961276783159,7.164175406727651,0.19974529427544677,0.06717306662292756,0.06675831367727383,-0.0012605348352452584,-0.031516164344509816,0.19485787239013375,0.8273272591336724,1.89402922971031,green,False
136.3,3961.415371184,FOLLOW,7.246494010357549,7.1710407477916505,0.1992777574003072,0.06761656477748962,0.06675831367727383,-0.0012605348352452584,-0.031516164344509816,0.19485787239013375,0.8273272591336724,1.6419498085099011,green,False
136.5,3961.666639055,FOLLOW,7.264717156441237,7.189220295716963,0.19801806641684985,0.10021237789445699,0.04197914849304315,-0.016762119756713205,-0.07158436644049816,0.20267144506319223,0.5270757101005134,1.595208152952424,green,False
136.7,3961.86590567,FOLLOW,7.275466726443545,7.199941873488132,0.19724285742635297,0.06264854653452945,0.06349913525336352,0.00882620586334988,0.02916425424094537,-0.10017680821057917,0.6616832248991507,1.59358109780728,green,False
136.8,3961.965922828,FOLLOW,7.284234285105984,7.208686397655857,0.19660774062643463,0.06484171829077388,0.06396898305346735,0.009384967107157282,0.02950423021596077,-0.09724891754415767,0.6626772412445251,1.6294924189852673,green,False
137.0,3962.215660972,FOLLOW,7.297343251495879,7.221762372191299,0.1956783099211284,0.06396059277168696,0.035816688708451845,0.005351786391386769,0.08556866597574092,-0.43893811833973556,0.6259996964630967,1.6022210514915558,green,False
137.2,3962.41530708,FOLLOW,7.304046429030114,7.22844934756424,0.19521253560975962,0.04421889486341259,0.07358451182959873,-0.01325763183768229,-0.0208432041207358,0.017138577284580292,0.6394778869745664,1.6045337136022748,green,False
137.3,3962.515452498,FOLLOW,7.309196574481374,7.2335873250354865,0.19485872008339736,0.06384244322129633,0.030432188328144646,0.01518172527811048,-0.041425636975914504,0.5530152586341665,0.6042154131323006,1.5864098270270959,green,False
137.5,3962.765579156,FOLLOW,7.319811634134108,7.24417673879646,0.19412130301332722,0.030664600015465573,0.029782661034682315,0.01537823046506999,-0.04282501010538817,0.5685118686450674,0.6009345977483919,1.7505676525813294,green,False
137.7,3962.965636089,FOLLOW,7.325044627506187,7.2493979673779725,0.19377062195928807,0.030964476878459442,0.03010031459649734,0.015221623796109788,-0.04305475158285471,0.5642702157506126,0.6046841010442876,1.5901982952311593,green,False
137.8,3963.06524249,FOLLOW,7.32820481160815,7.252551474206921,0.19356530149123202,0.030982513193208126,0.029817804752942125,0.014972709242533641,-0.04471971187689966,0.5703882968839046,0.6028093493963398,1.5933934017704705,green,False
138.0,3963.315713484,FOLLOW,7.336669675021778,7.260999653543945,0.19303412059234318,0.04249083016516824,0.041142649042710554,-0.0031594566474334226,0.0512633035866865,-0.3749821317190595,0.6642670387435198,1.5873829733988394,green,False
138.2,3963.5156526,FOLLOW,7.345157785691289,7.269471024087056,0.19250129629227786,0.0630143231617405,0.048537190496808554,-0.007373999913130035,0.024332810032872174,-0.2589411130825677,0.6663156319139095,1.5778120188792322,green,False
138.3,3963.665595923,FOLLOW,7.350594778423231,7.274897103091998,0.19215697716963343,0.04938864636054702,0.04783030111237513,-0.007298813589163136,0.025006617161579148,-0.26355917675540397,0.6612132339602234,1.5871226208316522,green,False
138.5,3963.866513167,FOLLOW,7.358919621801402,7.283204707072842,0.19162151038242517,0.04868178331252762,0.05373244587503938,-0.008266236209808679,0.029654721010193924,-0.2929839083598738,0.7757441739212536,1.489489340680461,green,False
138.7,3964.117603724,FOLLOW,7.371877451574913,7.296134348390302,0.1907672998388395,0.05439571252853634,0.06612087042072894,-0.009448301092516667,0.0196240397755319,-0.2235791280870158,0.8589915567773481,1.488322462780826,green,False
138.8,3964.21559802,FOLLOW,7.378411984815571,7.302654044893682,0.1903272094584012,0.06696927379066597,0.047244501074848386,-0.022679907602849825,0.021698757083948444,-0.4414605795308638,0.8282163594601759,1.4654876364609102,green,False
138.9,3964.415746288,OBSTACLE_WAIT,7.386958574404833,7.311180163298476,0.18973608582312926,0.04843641822314147,0.0,0.0,0.014958359682696667,-0.2901846455621182,0.6843289605412108,0.10107049047516789,green,False
139.1,3964.565514942,OBSTACLE_WAIT,7.388876565646371,7.313093294881581,0.1895996389899582,0.0009049913060750231,0.0,0.0,0.009992874277799102,-0.22493107981772645,0.7780980626617209,1.4459472314140045,green,False
139.3,3964.765669597,OBSTACLE_WAIT,7.389021986561601,7.313238337906861,0.18958916218690358,0.0008586044587295859,0.0,0.0,0.010403754530813505,-0.22686370149502064,0.7751475665172246,1.4331874227666237,green,False
139.5,3964.966003362,OBSTACLE_WAIT,7.389197141191112,7.313413036925558,0.18957653693041868,0.000858597820347645,0.0,0.0,0.010264946430703081,-0.22583730100685107,0.7763019208858405,1.462557523806982,green,False
139.7,3965.215536672,OBSTACLE_WAIT,7.389372294463483,7.313587734087952,0.18956390481779176,0.0008585911518223865,0.0,0.0,0.010403754530813505,-0.22686370149502064,0.7751475665172246,1.4456594821208586,green,False
139.8,3965.315435206,FOLLOW,7.3894598705886985,7.313675081970729,0.18955758618803634,0.0008585878054811722,0.05935434306387626,-0.01415822465391109,0.010403754530813505,-0.22686370149502064,0.7751475665172246,1.4521427296832736,green,False
140.0,3965.515804893,FOLLOW,7.396855924794102,7.321051149908875,0.18901424228146516,0.060194961977813946,0.059425551911384676,-0.013689796061761433,0.010669655761557123,-0.22326484590139864,0.7716220303053071,1.4989906056428102,green,False
140.2,3965.765688198,FOLLOW,7.412925201525172,7.337073757555198,0.18779053753408115,0.06835073731297647,0.06751311881273256,-0.016699306992826513,-0.0006876427563184545,-0.16147836851014624,0.7897324125834321,1.4124136540896648,green,False
140.3,3965.865300133,FOLLOW,7.419896924298853,7.3440238467133945,0.18724174900295362,0.06835005887871433,0.08107461753685188,-0.017201968215891917,-0.005734788197477723,-0.10492700187873323,0.8528492408614082,1.4259887128966626,green,False
140.5,3966.07059352,FOLLOW,7.432110001296101,7.356197259274417,0.18625826290182115,0.052130396031075436,0.06494293745208889,0.01343662963619183,-0.0098886923237851,0.20304815987186317,0.8159108109824107,1.4036683510254893,green,False
140.7,3966.315188723,FOLLOW,7.447748655271504,7.371787230284854,0.18502533317173894,0.06458058279288324,0.06287488765457289,0.012291847158563294,-0.009545451089074355,0.19340497512080781,0.7772973155080294,1.3997270864073432,green,False
140.8,3966.415531807,FOLLOW,7.45211296676746,7.376138626775546,0.18468982973204862,0.06375094923304526,0.058216747840515864,0.008728663575095885,-0.021923268212266922,0.24260166907548344,0.7793787360512925,1.3827799803854035,green,False
141.0,3966.619196396,FOLLOW,7.464489757585652,7.388480189410429,0.1837566981005031,0.059088079784853614,0.05712685750692647,0.008475408362610543,-0.02285239929380363,0.2474288929189507,0.7705328773260012,1.3794330579028122,green,False
141.2,3966.865829548,FOLLOW,7.478756213346061,7.402708091265683,0.1827086007348043,0.06258166112082549,0.032214845146192855,-0.03114033523136252,-0.003080925209416413,-0.5876312064471743,0.6628413828592363,1.4072155602895535,green,False
141.3,3966.965630699,FOLLOW,7.482396590959919,7.406338536396483,0.18243988433583566,0.03303422938368949,0.05721964637696775,0.011623766946393851,-0.01937257406119955,0.26050247275912664,0.787369123383125,1.3709806001859857,green,False
141.5,3967.165292962,FOLLOW,7.491914808301557,7.415829599775031,0.18172144756972206,0.06299170708809876,0.06211155725926986,0.014968121286004214,-0.013681326076995556,0.24907478846804174,0.8398967893641927,1.427933112532399,green,False
141.7,3967.416044118,FOLLOW,7.504682641569975,7.428563388849267,0.18078974574547835,0.06237973772183466,0.051453875895332596,0.009623289207144356,-0.031653972943079936,0.32549082070653435,0.7776940552466044,1.4903464312753156,green,False
141.8,3967.516211019,FOLLOW,7.510059307752269,7.433926519197626,0.18040847213215447,0.05232748502266583,0.060792351032884974,0.013673826204940134,-0.015835753731208088,0.25229511503519986,0.8261365335469991,1.365261879266933,green,False
142.0,3967.7157892,FOLLOW,7.52058793241698,7.444429871536738,0.1796794465876817,0.06339890041079073,0.06251596295627602,0.01627435774004167,-0.0046158779657582555,0.20421088589136732,0.7869338616700716,1.3761591393595032,green,False
142.2,3967.915319351,FOLLOW,7.531708953783779,7.455526294661824,0.17894026598998597,0.049462188951587105,0.054397320284325486,0.01998032590456701,-0.011713566663459199,0.31670558653652053,0.8122263195915096,1.3826662080124958,green,False
142.3,3968.065864062,FOLLOW,7.539220269108095,7.463022596121061,0.17846561813089956,0.05528625411186973,0.05489455658218653,0.019951442908787264,-0.011999380067913776,0.31602868902297204,0.8188766121675081,1.3722697833864965,green,False
142.5,3968.265044448,FOLLOW,7.548689076443299,7.472474225240567,0.17789558021610596,0.05557708149957262,0.03835385642011296,0.012468526391813813,-0.06891755235233196,0.5972273518960434,0.7968232223506314,1.369162493964342,green,False
142.7,3968.515464503,FOLLOW,7.559064407437536,7.482832800967656,0.17730626142986147,0.03463968352372228,0.04342143948490305,0.004671258996763738,0.03025789040854846,-0.12835098349733923,0.4779533386816401,1.3864268589886506,green,False
142.8,3968.616907283,FOLLOW,7.56206194120369,7.485825782080177,0.17714111698999602,0.044290171866565656,0.057581495662729305,0.017922146844877054,-0.002246108276387271,0.22236813778350456,0.7466018380500372,1.3774031691495165,green,False
143.0,3968.815751206,FOLLOW,7.571810018157307,7.495559860616674,0.1766189706894306,0.04400697834697526,0.044052426722529486,0.01540836040952122,-0.02936641227912834,0.40892497303791714,0.7423980853911872,1.3829813337828725,green,False
143.2,3969.065652685,FOLLOW,7.580900988533606,7.504639319117636,0.17616168033800295,0.0441945760349912,0.04331177506996809,0.014659679482437625,-0.03166080343890862,0.41524306833813396,0.7356171750669143,1.4019535880425702,green,False
143.3,3969.165507853,FOLLOW,7.585408839440109,7.509141959712029,0.17594501425917505,0.04419465716816905,0.053907962201804806,-0.024651853005117363,-0.029309365189643388,-0.11609302442151838,0.5796150677735487,1.4158938542169006,green,False
143.5,3969.415370357,FOLLOW,7.596473428831783,7.520192831563207,0.17539444669430784,0.05421578996633219,0.021721108177193145,0.022593431434104107,-0.1190103912960282,0.9945402788669515,0.6310616719733781,1.626553307533264,green,False
143.7,3969.615769341,FOLLOW,7.603236432488326,7.526947038549256,0.17504964758767308,0.0544527855633479,0.05322176849642371,-0.025140528870417993,-0.030380357616638726,-0.11943057617047723,0.5759377890606067,1.394498060743348,green,False
143.8,3969.715523178,FOLLOW,7.606926099081564,7.530631629956394,0.1748561964984339,0.05405126375060023,0.05322176849642371,-0.025140528870417993,-0.030380357616638726,-0.11943057617047723,0.5759377890606067,1.278923368036418,green,False
144.0,3969.966156937,FOLLOW,7.619847952062869,7.54353302145493,0.1741296228335376,0.05436964760522773,0.053744388104770655,-0.02486256588041703,-0.02980063707806354,-0.11651748054311813,0.5783315820251598,1.4049582578643336,green,False
144.2,3970.165635125,FOLLOW,7.62913117280491,7.55279887524646,0.1735621462285059,0.05491758678681608,0.0546885995596717,-0.02434692768069775,-0.029394837646509894,-0.10720367491174806,0.5778803890092187,1.2339817132503603,green,False
144.3,3970.31559339,FOLLOW,7.636600031853453,7.560252044482414,0.1730783288356118,0.05490548897548664,0.055089662005290835,-0.02409516429111243,-0.029049912094662504,-0.10410426889976412,0.5785611206065052,1.2419268345689578,green,False
144.5,3970.51560623,FOLLOW,7.645995632457665,7.569625719277199,0.17243690402588632,0.056051259610965874,0.056064845766657066,-0.024067053163852867,-0.029275838032617733,-0.09703521904705481,0.5805458936764529,1.2293550029287739,green,False
144.7,3970.76548646,FOLLOW,7.659691397867123,7.58328483678717,0.1714359030689158,0.0660532636017173,0.06606343949622095,-0.024875095777285514,-0.021905609011874473,-0.10953343394217505,0.7012818996779288,1.2053242574430416,green,False
144.8,3970.865538434,FOLLOW,7.66642882341815,7.590002207864049,0.17091647284070938,0.06605315416711012,0.06851177652299989,-0.023327497532544074,-0.020514428070549647,-0.09415289347839766,0.7053185959622031,1.184558228514494,green,False
145.0,3971.065831446,FOLLOW,7.678150457262524,7.601685990536551,0.16997532511937122,0.0696900920958166,0.07227404753309152,-0.02037515048594353,-0.017992693494241582,-0.07099380018815786,0.7091797563039652,1.1605035925511296,green,False
145.2,3971.315305098,FOLLOW,7.69293516667723,7.616418086365724,0.16872925311690784,0.07358714182721199,0.07705784188353107,-0.016020291111039715,-0.013884642897169525,-0.0480393410376385,0.7192696812349958,1.0877581019298328,green,False
145.3,3971.419742463,FOLLOW,7.700672366774432,7.624125827563917,0.16805473274646193,0.0770543551819745,0.03536183505373797,0.01812254758557628,-0.02276068511384116,0.46556102557673246,0.637663046153931,1.145477428278186,green,False
145.5,3971.615395023,FOLLOW,7.707542990553323,7.630969429201167,0.167445981092279,0.03540495318516967,0.08818336431386115,-0.013341980571911714,-0.0069691766894930465,-0.05572594892292546,0.8372384871073003,1.0863126027191876,green,False
145.7,3971.869187034,FOLLOW,7.72785433718502,7.65120117728068,0.1656496193804244,0.08843822861592285,0.10317825419911524,-0.010795789487391419,-0.0048257199223038245,-0.038475601538653245,0.9425238974096902,1.0762028395271446,green,False
145.8,3971.965491407,FOLLOW,7.7383493410334045,7.661653168347267,0.16470042053846543,0.10318254379037395,0.05275500746748228,0.03193695996844156,0.0025907063964652616,0.3798497271917997,0.8571037121149461,1.0466688045979622,green,False
146.0,3972.215912081,FOLLOW,7.752803363137167,7.676049928575949,0.16341531551860583,0.11063829736601226,0.0997287052034932,-0.0022423113073316908,-0.0004870768784308757,-0.011929418442886372,0.8558580736778544,1.2380503676983663,green,False
146.2,3972.415477471,FOLLOW,7.768654519898587,7.691840518275703,0.16203095866316405,0.06495371448005563,0.05809971618201317,0.02799608771199815,0.013397058142868734,0.23541216553300384,0.7691097182513729,1.0779064055779828,green,False
146.3,3972.520362622,FOLLOW,7.774621000353099,7.6977848085766265,0.16151687663097833,0.058157873655191615,0.11479347367821827,0.00543824711144817,0.004163864718724299,0.0042220848611256015,0.9667095262220862,0.9772513338583431,green,False
146.5,3972.765143483,FOLLOW,7.792693798431031,7.715794736221717,0.16001075779225749,0.06374711953744092,0.06368859619537132,0.028163649758897177,0.015263450470964016,0.1971546518426557,0.7923321143207176,1.0714168293495634,green,False
146.7,3973.01532988,FOLLOW,7.80539344016227,7.728455039497907,0.15901217171581172,0.06542811235605707,0.06537730826552518,0.02145430628938888,0.0021149575281544583,0.20567986335871918,0.8249524820213366,1.0973635438334988,green,False
146.8,3973.115301518,FOLLOW,7.812067060926135,7.7351099585225285,0.15851292049946092,0.06542768141493907,0.06492587679839314,0.026163570753501245,0.016261315853379248,0.16437709463447422,0.7633891190431862,1.0631436727134786,green,False
147.0,3973.365659149,FOLLOW,7.825634070099385,7.748642601993344,0.15754809310895623,0.06728406113730874,0.07389211223107427,0.0298324254065257,0.01715211711819973,0.15910043822318032,0.860689840200626,1.0372582519456535,green,False
147.2,3973.565757255,FOLLOW,7.8377960635981125,7.760777921995302,0.1567432103783677,0.07134787699027732,0.07103784650004387,0.03399194042001925,0.01905361786576354,0.19720309678339987,0.8838337899718751,1.0499984909684146,green,False
147.3,3973.66590925,FOLLOW,7.845065204788897,7.768032833687776,0.15628863540365975,0.07109559175272918,0.0799972686968131,0.03204466005068591,0.02337201768161338,0.1162785135239825,0.8604348118493602,1.033739427118368,green,False
147.5,3973.915278481,FOLLOW,7.860828514660816,7.783769957298752,0.15538087123324468,0.08167417419999771,0.08161938730655101,0.03103307792040258,0.02150492390039585,0.11468119700877048,0.8751659157928775,1.0462735370805627,green,False
147.7,3974.165124738,FOLLOW,7.880214809402568,7.803131083802869,0.15439412596364938,0.07793822277025252,0.07788847634861353,0.02668716915752999,0.01622446648861518,0.12386792250167226,0.8500682144076834,1.0503358252466966,green,False
147.8,3974.2653676,FOLLOW,7.88551460597178,7.808425135652664,0.15414744177925532,0.07793826347627159,0.07412344087238662,0.02573602084045876,0.014146004798065367,0.14057133741288186,0.8347709909589732,1.0671867284601093,green,False
148.0,3974.465694112,FOLLOW,7.900702243044773,7.8235986720529835,0.15349352915696118,0.07575258212747829,0.07569851713030186,0.029410603046947495,0.015198777706147797,0.1615430161404398,0.8855827838897595,1.0945928397766531,green,False
148.2,3974.717391059,FOLLOW,7.914796529247154,7.8376830042371655,0.15296446078154843,0.06592029200631064,0.0768942135774502,0.02763735897388984,0.013465815214823568,0.15323377868890165,0.886259923682588,1.0843402767818249,green,False
148.3,3974.81648518,FOLLOW,7.922253094062535,7.845135557393237,0.15271997002044604,0.07694747158990946,0.07816247298973027,0.026240430749854965,0.012627448315663332,0.14275585028659513,0.8838154060009182,1.081019557695145,green,False
148.5,3975.015304319,FOLLOW,7.93812107261999,7.86099698707787,0.15226476627749502,0.0782147312405817,0.07826937765465464,0.025053233960695843,0.011332348046582397,0.1407081039509096,0.8816851414388751,1.0495998017322077,green,False
148.7,3975.2652748,FOLLOW,7.956504384902428,7.879375312184772,0.15183751891571604,0.08046126492553989,0.08043767565501932,0.003859780159073045,0.018120302236145698,-0.08817928403175111,0.8180834773009489,1.043727896278206,green,False
148.8,3975.365503232,FOLLOW,7.9619757095870725,7.884845433978905,0.15172279654096218,0.08046059342485945,0.08657915351861116,0.011028080144005921,0.019398697357809913,-0.04324833192102723,0.7995013620053943,1.0396907400467605,green,False
149.0,3975.565739441,FOLLOW,7.979218144808245,7.902084381143447,0.15137611133894854,0.08661190329668762,0.08625335120199473,0.010241559786363942,0.018967777228107878,-0.04621341022079987,0.8018208746419666,0.9836855571906324,green,False
149.2,3975.765648233,FOLLOW,7.99384851128182,7.916712310908107,0.15110919903459694,0.08570752169743018,0.08507791286683405,0.009169288723350917,0.018416187556617055,-0.049941934503749494,0.7975025145592658,1.033037738782256,green,False
149.3,3975.915747193,FOLLOW,8.005464854441987,7.928327040274429,0.15091562225454952,0.08510921411391305,0.0781991990537692,0.0008886501785097329,0.01618058257141123,-0.09986651785153376,0.8143575277038867,0.9737989902444086,green,False
149.5,3976.115985862,FOLLOW,8.021664433467723,7.944524621166015,0.15066119902990804,0.07821801732707011,0.08096220661840772,0.004799179513255096,0.01588635821327196,-0.0657949968035734,0.785662307771489,0.9750303394698572,green,False
149.7,3976.315864924,FOLLOW,8.03544629154431,7.958304892443983,0.15045209085349212,0.08116337603979301,0.07847850110663304,-0.007057849645002633,0.00947934959444028,-0.12329706496905557,0.8555743602556636,0.960244617104759,green,False
149.8,3976.415986895,FOLLOW,8.043546554921681,7.9664042669469035,0.15033209700222544,0.07848616290843585,0.10379540466031514,-0.009001024215299322,-0.0026470437679249927,-0.0408878059162072,0.9533776713514837,0.950102695818013,green,False
150.0,3976.665350325,FOLLOW,8.063042306368613,7.985897850749516,0.15004141565559953,0.08160930134308911,0.08324007463910954,0.006287495951346926,-0.00680427934960879,0.09606575968431642,0.8602614762922725,0.9606583568312159,green,False
150.2,3976.865540874,FOLLOW,8.080107688945288,8.002961711228679,0.1498135738965081,0.08406842684578365,0.08515312133192211,0.006892014534461316,-0.0064419114920938915,0.09728838164229421,0.8822012062279473,0.9427654359838034,green,False
150.3,3976.965462934,FOLLOW,8.085860647309381,8.00871421683149,0.14974140157871446,0.08517916477207213,0.08515312133192211,0.006892014534461316,-0.0064419114920938915,0.09728838164229421,0.8822012062279473,0.9312161239539034,green,False
150.5,3977.21505859,FOLLOW,8.10618172277623,8.029033944741162,0.14950756158576736,0.08553867831151031,0.08410490513432042,0.00448529727224512,-0.008088100113169492,0.08968225152937358,0.8580141523091332,0.9130253044116079,green,False
150.7,3977.415230774,FOLLOW,8.123335753821815,8.04618707904746,0.1493322505098577,0.08397969449951992,0.08395144768655509,0.008092756096846915,-0.00497188000575937,0.09793091864180627,0.8708754472474151,0.8756949553165836,green,False
150.8,3977.515216331,FOLLOW,8.129046378233124,8.051897458040234,0.1492793138119144,0.08397983899448329,0.08599517263455303,0.00795718642676237,-0.004732787165793659,0.09376144858149126,0.88460627106359,0.8747397675834576,green,False
151.0,3977.765318557,FOLLOW,8.149655241098328,8.07250565311244,0.1491137889575846,0.08739320460444087,0.08489329115298705,0.005007422910590186,-0.00862504882834957,0.0970166221341756,0.8790286835564733,0.8624700957625022,green,False
151.2,3977.965443361,FOLLOW,8.167622637707414,8.090472679252303,0.1489986199231545,0.09326164906767838,0.0932299825198055,0.009895620750474779,0.002082078253495224,0.057742007637938894,0.8890683202222025,0.8594398106350634,green,False
151.3,3978.065371814,FOLLOW,8.173964435026774,8.096814388093325,0.14896513768337685,0.09326177671797421,0.09227686272608202,0.009227913826440075,0.0011761341293893036,0.05962422312110829,0.8835975279693458,0.8516802228579525,green,False
151.5,3978.265228193,FOLLOW,8.193401191326059,8.116250988722916,0.1488880952422645,0.10137327013452573,0.1013414266355569,0.009834497403260296,0.0052572961331149096,0.030477345507904447,0.9088580901678871,0.8354230250184971,green,False
151.7,3978.515288079,FOLLOW,8.214946806281807,8.13779655797183,0.14884543836990563,0.10779835215104074,0.1129059256025708,0.008799680595835628,0.010314609274495599,-0.016138211912561228,0.9788431248872184,0.8355929678338792,green,False
151.8,3978.615579208,FOLLOW,8.226459629144546,8.149309378819158,0.14883924396750803,0.11293609998948724,0.10963615262130592,0.007880856565780789,0.007124760803110208,0.001034585244368062,0.9159976873807013,0.8078185512259035,green,False
152.0,3978.815128151,FOLLOW,8.24892088231287,8.171770623272847,0.1488560566597205,0.1088745049545511,0.10884688081807652,0.007189577508074024,0.005825818605037665,0.005756242404549153,0.9201104449624695,0.7760053611628588,green,False
152.2,3979.016100215,FOLLOW,8.267280199083594,8.190129896047864,0.14889573671892858,0.10739137133268357,0.10690741933203977,0.006638223007189842,0.0038935155256635623,0.015962963089717556,0.9264484775339629,0.7767526985579989,green,False
152.3,3979.115514938,FOLLOW,8.281854917424853,8.2047045363675,0.1489432688871117,0.10693388007973079,0.10690741933203977,0.006638223007189842,0.0038935155256635623,0.015962963089717556,0.9264484775339629,0.7454292519878112,green,False
152.5,3979.365684511,FOLLOW,8.303190235469598,8.226039644474602,0.1490375301552595,0.10337671332658574,0.10246194662118333,0.00662358195251472,0.0012230199098907553,0.035475789099827036,0.9295770220325867,0.7508192957824575,green,False
152.7,3979.565318835,FOLLOW,8.324017331754552,8.246866386642356,0.14915870542164733,0.09906686471290131,0.0978661468500497,0.007472787674665783,-0.0012709797861196852,0.059957598592789284,0.9377974560141277,0.7066654994843011,green,False
152.8,3979.665401721,FOLLOW,8.33404394130806,8.256892756667458,0.1492279792930689,0.09789431790765177,0.0953212143656456,0.007920197590667564,-0.0024702705937373233,0.0724465266539666,0.9382120134059886,0.6991740225210348,green,False
153.0,3979.865210825,FOLLOW,8.350269213271572,8.273117513688867,0.14935709446444595,0.09308534869391429,0.0930553230551522,0.008605825698960894,-0.003529978084912299,0.08577377203119393,0.941746568501721,0.6864592800767897,green,False
153.2,3980.115299259,FOLLOW,8.372522827543008,8.295370076501818,0.14957301277338347,0.09382257342407668,0.09684408284570509,0.009945292320855705,-0.0012383728365137868,0.07745595034122149,0.9633079918754189,0.6585321901074381,green,False
153.3,3980.215485953,FOLLOW,8.37910643580553,8.301953280056402,0.14964600221277638,0.09687656255669246,0.10190369127524841,0.003937077752641772,0.0012557349838389874,0.01770736819884812,0.914535765836287,0.63938149958276,green,False
153.5,3980.415505733,FOLLOW,8.399502267138049,8.322347621571156,0.14989243739009303,0.10099675297043087,0.09387833286613669,0.007459432196445944,0.000723908220840697,0.04878684804359671,0.9098136293419272,0.6376601883007167,green,False
153.7,3980.616255853,FOLLOW,8.415577183418492,8.338421142981298,0.15010412401178644,0.08964938426311243,0.08296554860221829,0.008618028444641594,0.000546431010849318,0.06641313229579321,0.9114580520529978,0.6095698667043152,green,False
153.8,3980.71533751,FOLLOW,8.424284242264749,8.347127316608038,0.1502282605176907,0.08299618132251493,0.07777922269825605,0.009542492809275032,0.0006955036742123666,0.07808111122498608,0.9068729056089397,0.5989823589054972,green,False
154.0,3980.966479085,FOLLOW,8.443232301093405,8.36607298828983,0.1505287735110926,0.0800373709755421,0.08751298664209232,0.004839714669201967,0.0025784382496928425,0.020142869913412006,0.8938612715471107,0.5999343383985649,green,False
154.2,3981.166026588,FOLLOW,8.460805643116233,8.3836436396569,0.1508362340033301,0.08443207333860449,0.07907576700707827,0.007154815833679432,0.0028855345009907996,0.04183835286793425,0.8935299259527961,0.5851179297175833,green,False
154.3,3981.267696343,FOLLOW,8.468945529602776,8.391782145359915,0.15098614799859814,0.07910368152581856,0.06644381176980302,0.008091974685000836,0.0032346130263562964,0.06062937708830685,0.8905613630393404,0.5505931116876139,green,False
154.5,3981.465358003,FOLLOW,8.480990776085967,8.403824926424255,0.15122962922036004,0.06968736879472501,0.07330984060087288,0.004664922918719972,0.002666594762781093,0.025178442938306688,0.8616055863591785,0.5637860430348851,green,False
154.7,3981.715398124,FOLLOW,8.497454000158916,8.420284203703174,0.15159005193387165,0.06378748410879179,0.05972431131573738,0.006318399025604308,0.0025853821102956656,0.05416170800106249,0.826708614444787,0.5392412203153671,green,False
154.8,3981.815440981,FOLLOW,8.501659540532895,8.42448865014152,0.15168596731342257,0.05975097459982717,0.041882115244892555,0.02117547261795082,-0.004836359854735267,0.3614463997825382,0.9440032862989151,0.5463322342194183,green,False
155.0,3982.015483437,FOLLOW,8.510419735043204,8.433245844436803,0.15191489284089862,0.04074579713830197,0.04335869397047993,0.021205943546986687,-0.006503200920187649,0.36103276666847783,0.9428814829382322,0.5551815365982911,green,False
155.2,3982.265658172,FOLLOW,8.522546618503126,8.445367073752662,0.15228500818762641,0.06523418067320895,0.06629304734043945,7.3391870217715e-07,0.0006023349909909828,-0.0040080723370827945,0.7781824335858688,0.5509593666680745,green,False
155.3,3982.367034015,FOLLOW,8.527017754952803,8.44983604149138,0.1524242507859676,0.0663116339446104,0.05880952816482944,0.0008316787292884901,0.0006175982338072024,0.005428507284753487,0.7798532604437494,0.5229337863282535,green,False
155.5,3982.565320045,FOLLOW,8.537433200374231,8.460246423367908,0.15274898511010543,0.055656384998160315,0.031005552912654166,0.017274710157707363,-0.008294338075193197,0.41238897099313854,0.7825790856159294,0.5346940443215693,green,False
155.7,3982.815701319,FOLLOW,8.545324694009496,8.468133770246142,0.1530046596775445,0.021293597789152803,0.020698561224740942,0.011758762114745394,-0.024699791277874528,0.506374510151987,0.6646821278869157,0.5058072393534732,green,False
155.8,3982.915144549,FOLLOW,8.547440643515086,8.470248435617481,0.15307836327919327,0.020737724481379796,0.02079448899424243,0.011905170318859626,-0.024531297002841762,0.5079150967661065,0.6669879049392472,0.5063965047710508,green,False
156.0,3983.116037537,FOLLOW,8.551027366405961,8.473832778332147,0.15320899350720582,0.02227475588578423,0.01957752807723982,0.010905375938426266,-0.030043019672880672,0.5273667316852882,0.7324194386009387,0.48074917028166037,green,False
156.2,3983.365701557,FOLLOW,8.555797800617912,8.47859962980421,0.15339380995194976,0.01778563134874816,0.020883291405089148,0.01234179861973042,-0.02474351319082363,0.5189655058175788,0.6693674251601182,0.5090549196385568,green,False
156.3,3983.467691953,FOLLOW,8.557216518458143,8.480017186291905,0.15345120185206254,0.020924158470149258,0.016421314317706315,0.009839328241898329,-0.02449558179462974,0.52212094672541,0.6675442805499617,0.4654026750612858,green,False
156.5,3983.666165335,FOLLOW,8.560979479883654,8.483776834345324,0.15360906171125224,0.018046389972945106,0.020564335775867124,0.012472874327150163,-0.02383692332035628,0.5227678168836521,0.6625439315505047,0.508842677383005,green,False
156.7,3983.915484528,FOLLOW,8.56545338319937,8.488246328089021,0.15380761798775158,0.02579517341482891,0.02670463405794401,0.017450331044931558,-0.0211094170496616,0.5343563394280074,0.8595559340290181,0.5116663553071528,green,False
156.8,3984.015280795,FOLLOW,8.56811579357264,8.490905843106102,0.15393174430506648,0.026752706538381334,0.023134903166841587,0.015117665274043561,-0.0211094170496616,0.5343563394280074,0.8595559340290181,0.48337194297753566,green,False
157.0,3984.273469364,FOLLOW,8.573724630657065,8.49650786562557,0.1542080848224108,0.024952684877769134,0.02481516608817206,0.016363788926452738,-0.022074458123988422,0.542278944728224,0.8658800582404512,0.4969090797252241,green,False
157.2,3984.466161525,FOLLOW,8.577782378129585,8.500560044536272,0.1544205738921833,0.02228203548122205,0.02715676234542774,0.017962645444143107,-0.022798765884383926,0.5468784311337715,0.8713804379683803,0.5151747051612225,green,False
157.3,3984.565827259,FOLLOW,8.580384669905227,8.503158466340285,0.15456243716277246,0.02720708404879372,0.026537476958051198,0.017684737817913108,-0.022588562688307806,0.548475579623997,0.8661155057228158,0.5119028398356522,green,False
157.5,3984.768867385,FOLLOW,8.58479982838996,8.50756649559741,0.15481321488465768,0.023033314918757923,0.022518397650502616,0.01532230458537902,-0.022950000482898497,0.5575885330854011,0.8657529184555149,0.4816139748580656,green,False
157.7,3985.016150108,FOLLOW,8.590333060132975,8.51308973075239,0.15514562005922988,0.02451691223484992,0.030344108160575898,0.021086070537050302,-0.022356298499147692,0.5623029466302008,0.8666366470272078,0.5456834773879202,green,False
157.8,3985.115919838,FOLLOW,8.592192474083927,8.514945504151964,0.15526191704889486,0.03039945800169169,0.029259011698137556,0.02033203880128798,-0.022356298499147692,0.5623029466302008,0.8666366470272078,0.5368979078538798,green,False
158.0,3985.365987412,FOLLOW,8.598149760331937,8.52089010775254,0.15565037497711817,0.02777835523771067,0.027305984672212732,0.01930245316284877,-0.021984512169176712,0.5667837666536034,0.8640291410141306,0.5227848265171262,green,False
158.2,3985.615580199,FOLLOW,8.604163403588643,8.526889277963747,0.1560672812439384,0.02236118711400699,0.026320178600474864,0.01909170478481934,-0.02236231430073707,0.5781231209693007,0.8619742406322721,0.5177784368977267,green,False
158.3,3985.715618544,FOLLOW,8.605812327254768,8.528533924122,0.15618597430411293,0.026375397323651895,0.02615550303677162,0.019126752198086447,-0.021337829848716267,0.5763748098103647,0.860713855552746,0.516345395268776,green,False
158.5,3985.916243659,FOLLOW,8.611164237192352,8.533870977910523,0.15658442556953509,0.02600899458223343,0.024135008333681734,0.017871904719496064,-0.021959253978856674,0.5840234110350232,0.8582638476329589,0.5017710582235941,green,False
158.7,3986.117340242,FOLLOW,8.616224336468058,8.538915594603322,0.15697992486734738,0.025105556054773413,0.022981336857942184,0.017252560135758797,-0.02178955468136526,0.5884733562544432,0.8593176419718296,0.49275840996230874,green,False
158.8,3986.265635505,FOLLOW,8.618644228686351,8.54132756330567,0.15717558777223722,0.023033588485394874,0.024170470891321908,0.01878486440790437,-0.01478343024094561,0.5694966514219562,0.8486933160389617,0.5013295162190405,green,False
159.0,3986.515632805,FOLLOW,8.62362880335734,8.546294680576128,0.15759236356815612,0.02484584267847118,0.02434783135810135,0.01897127183128876,-0.01587612381432421,0.5756913839870696,0.8551851329746363,0.5025533450206299,green,False
159.2,3986.765283472,FOLLOW,8.628443270345398,8.551090755034144,0.1580127645542605,0.02262156575775089,0.02262079572635908,0.017719723026272,-0.015828477054610546,0.5776458074396585,0.8555960354695521,0.4884722709644083,green,False
159.3,3986.866203119,FOLLOW,8.63075564843716,8.553393744114873,0.1582209291627929,0.02267500199145436,0.02169559799615701,0.017153898680335095,-0.015484157919781416,0.5798663691167212,0.8594131159460209,0.48036958531041246,green,False
159.5,3987.06524791,FOLLOW,8.634477933242103,8.55710013255192,0.1585645567226829,0.02163258780398783,0.02132104197464533,0.016907485068278435,-0.015139292136282428,0.5794766243364892,0.8541170911615031,0.4782838055048378,green,False
159.7,3987.315551742,FOLLOW,8.639558299649487,8.56215718623715,0.15905066220552677,0.021280159408584083,0.02145156629312628,0.017239929707653992,-0.01479212284979256,0.5834370681992418,0.8524825329041577,0.48044585048328764,green,False
159.8,3987.415871035,FOLLOW,8.641742299227142,8.564330568214311,0.15926575266950863,0.02150501076272144,0.023314443764997236,0.018818718214785105,-0.014164753197742491,0.5823520416009538,0.8566894486246013,0.4949375931440961,green,False
160.0,3987.616568625,FOLLOW,8.64558056385515,8.56814926722939,0.15965279580668182,0.021131660222909153,0.020966770968538835,0.017096730252875936,-0.014247479389793982,0.5870437302754072,0.8549241704884544,0.47650912282756025,green,False
160.2,3987.81943502,FOLLOW,8.649872624038982,8.57241802553915,0.16009941122392257,0.020967282922025876,0.019381479807277818,0.015907544612799873,-0.014166416451795866,0.5894502850582444,0.8529847745910057,0.46393301967383843,green,False
160.3,3987.9154135,FOLLOW,8.65124802895783,8.573785632010008,0.16024566812977198,0.019426144676326206,0.02018221507415763,0.016564756141929333,-0.014166416451795866,0.5894502850582444,0.8529847745910057,0.4707058229666837,green,False
160.5,3988.165715367,FOLLOW,8.655853077667965,8.5783633443334,0.16074666519621275,0.017174484871863255,0.018788886574973355,0.0161491493212105,-0.01729774272406623,0.6233475284230096,0.8406963424233708,0.4667676614169685,green,False
160.7,3988.365495578,FOLLOW,8.658829772511162,8.581321323015409,0.16107993651730138,0.015462716167008077,0.01886373124301745,0.016257834410077422,-0.01670234365496845,0.6219103292306313,0.8428102066968529,0.4667774809145467,green,False
160.8,3988.51540482,FOLLOW,8.661281846361156,8.583757334945894,0.16136013276863384,0.018913905603346937,0.020023835462921268,0.017306136672504305,-0.016625207289226784,0.6227889329742414,0.8438306499531254,0.4769720978647774,green,False
161.0,3988.715814119,FOLLOW,8.665127425932123,8.58757650710393,0.1618100136389818,0.016922641759895295,0.017420819738028427,0.015130683966959707,-0.01665250318249073,0.6250521012812322,0.846327077067053,0.4538519830481587,green,False
161.2,3988.915593729,FOLLOW,8.668022861563799,8.590451048758478,0.16215722169434338,0.015810278070044852,0.01818896332805969,0.015834365336681217,-0.01643778414472505,0.6251193660380389,0.84527721897654,0.4608459121457938,green,False
161.3,3989.015435782,FOLLOW,8.669796806881992,8.592211752196462,0.16237356592421093,0.018230107267299428,0.016063319155720502,0.014041575573768984,-0.016132384176262282,0.6255859225806364,0.8464607979514341,0.44191467166790294,green,False
161.5,3989.26570664,FOLLOW,8.673923980499866,8.596306789570683,0.16288758185489183,0.018276958305827734,0.018902833115422495,0.016535735900929296,-0.01587477681512467,0.6247769096036454,0.8505204424621847,0.46607271357739594,green,False
161.7,3989.465559455,FOLLOW,8.676960922276239,8.59931887069367,0.16327536704148465,0.016188619928855227,0.01820690627963067,0.01601508322343698,-0.015803550676663308,0.6268996558534508,0.8508538429812657,0.46022711287384194,green,False
161.8,3989.565290377,FOLLOW,8.678749444051235,8.601092258480397,0.16350754218370647,0.018248340666064355,0.012533054860704752,0.010727068123637499,-0.019510346376968052,0.6312185277858361,0.6637248273640572,0.441986283548445,green,False
162.0,3989.76554472,FOLLOW,8.681007441637353,8.6033306245533,0.16380464289337177,0.0144182049524139,0.014258706130434404,0.012261263400212358,-0.01915926484253941,0.6316834412413487,0.6612072044239243,0.4622242625072566,green,False
162.2,3990.015856068,FOLLOW,8.684289389896971,8.606582981625428,0.16424435939187265,0.013032511066653069,0.012669844175650443,0.01092527939108056,-0.018725719590840156,0.6309875048138776,0.66459140264195,0.4433166881243236,green,False
162.3,3990.122308765,FOLLOW,8.685608005743882,8.607889349853155,0.16442366257843044,0.012704792461409589,0.01160207532408097,0.010008163925628623,-0.018643989145278872,0.6307876363564466,0.6674969812233211,0.4306418682965862,green,False
162.5,3990.366921108,FOLLOW,8.68797127995151,8.610230148922987,0.16474881288749335,0.010785506716157692,0.010737908981346585,0.009281459049404089,-0.01800588652849136,0.6288786068166483,0.6659160165904047,0.4209737663096762,green,False
162.7,3990.565253642,FOLLOW,8.69028413275483,8.61252034136548,0.16507177548700586,0.012490234374741161,0.01686037905656582,0.006026733087145128,-0.009909530480681161,0.29962289520345,0.7230739013463312,0.4189530188332225,green,False
162.8,3990.665540547,FOLLOW,8.692104281189588,8.614322307707754,0.16532840267499052,0.016889723655071524,0.01779300048274652,0.006478267736119455,-0.009818077260232483,0.3032373490927647,0.7237229002194973,0.42606821705155534,green,False
163.0,3990.915579966,FOLLOW,8.695958706317004,8.618137647494487,0.16587591780317498,0.020340017064109067,0.021774622744296045,0.008069772148030818,-0.009484771518597973,0.30530077028310976,0.7267958546354059,0.45407754958744223,green,False
163.2,3991.115525912,FOLLOW,8.699578688808359,8.621720185667263,0.16639523606220202,0.02079212464222497,0.02042946935374756,0.00800935290283851,-0.008280430033786756,0.31145067587407593,0.727293768193508,0.4457198860948512,green,False
163.3,3991.268534911,FOLLOW,8.70238436748408,8.624496339037925,0.16680119731154067,0.020461380597538943,0.019379725749249076,0.007787446262874739,-0.007911746472134704,0.3153508925736227,0.7273432416797588,0.43898058948611857,green,False
163.5,3991.466072974,FOLLOW,8.70653468347189,8.628602125432689,0.16740752788462301,0.022193455101070805,0.019601239803505068,0.008072678599383789,-0.007664463718807177,0.3201185742279394,0.728923070081579,0.44119933981816645,green,False
163.7,3991.666009463,FOLLOW,8.709902539158044,8.631933068315986,0.16790478993859465,0.01883781875534561,0.01777272510629024,0.007541290544171566,-0.0067550506188891885,0.3224473881503632,0.7316172998164544,0.42796850304573075,green,False
163.8,3991.818824119,FOLLOW,8.71175509200809,8.633765007806673,0.16818037948605913,0.017804004696761848,0.018473960375655993,0.007863353311403191,-0.006255340698291562,0.32027756225133636,0.7323802037011539,0.4324799342905352,green,False
164.0,3992.066580471,FOLLOW,8.716080128461927,8.638041041730874,0.16882958564661704,0.017964121208281666,0.01837105187910508,0.007418117753188762,-0.00032611609523325313,0.2702457272450408,0.8260295700913437,0.4086924279983187,green,False
164.2,3992.315914743,FOLLOW,8.72033768268399,8.642249160844212,0.16947649895821915,0.02385861366931832,0.02382433876033498,0.00978089322325837,0.00030783809811306406,0.27066052668927704,0.8310209224651183,0.44019691277175294,green,False
164.3,3992.415405402,FOLLOW,8.72196007216542,8.64385240817067,0.16972498550371354,0.02385868791437451,0.034665045113231686,-0.00040162886916705854,0.006537350400927181,-0.05135773077364961,0.8107119511917962,0.44072552800570536,green,False
164.5,3992.61601749,FOLLOW,8.728430590764997,8.650245910532211,0.17072034389853044,0.030568643088534363,0.02231285243829456,-0.002013356741763851,0.004947738817040762,-0.09364268104700094,0.7925866740793923,0.40133228513261743,green,False
164.7,3992.865653499,FOLLOW,8.732967011427546,8.654728404373117,0.1714177399423135,0.029071306217622224,0.018593953849809775,-0.004094499785037789,0.007597610242231434,-0.19706520867558838,0.7275080216393119,0.41127113928152803,green,False
164.8,3993.016854106,FOLLOW,8.734996509383633,8.656733890815712,0.17172900515407527,0.018610965345032187,0.014071014521025452,-0.0016207443449957545,0.0067755965433426366,-0.12235729215619645,0.7743621499970753,0.36921110181598055,green,False
165.0,3993.265211312,FOLLOW,8.738147835989361,8.65984813053066,0.17221105316956464,0.017819746701608227,0.02002800187405244,-0.0024136554673031773,0.007543206967321699,-0.130941397546389,0.7723384517343921,0.40039298370469056,green,False
165.2,3993.565792578,FOLLOW,8.741944292350711,8.663600110053466,0.17279047562114203,0.017090642866769278,0.016315661128598058,0.008874331082235294,0.0064400776279945615,0.3186380518261571,0.8456869144317348,0.40109555997881147,green,False
165.3,3993.665806803,FOLLOW,8.74380726693993,8.665441331891943,0.17307433554157603,0.016348285301833045,0.02046810313356384,-0.003037259100172191,0.010117106411577377,-0.16617574183210482,0.7518297968096808,0.4123921884107156,green,False
165.5,3993.965727902,FOLLOW,8.747795409155257,8.6693825236533,0.17368448763123978,0.01688722962700625,0.016868279102806492,-0.0027713975824084636,0.01085973157884089,-0.1814328840729181,0.7442196478773251,0.3960939496777754,green,False
165.7,3994.215485379,FOLLOW,8.750625832059914,8.672179757509621,0.17411666406041526,0.01628112581598565,0.013199902399746609,-0.0012172426585662585,0.013560647679725833,-0.15150696921087126,0.7242654576516815,0.37329101883239274,green,False
165.8,3994.315717174,FOLLOW,8.751978422932105,8.673516539934248,0.17432285527185967,0.013220748929903107,0.014600584223851312,-0.0015147618123581555,0.014296657915866422,-0.1638948183785518,0.7187671787857104,0.38352315810221477,green,False
166.0,3994.518137922,FOLLOW,8.75434047163859,8.675851031569376,0.1746826091896956,0.012775699126393602,0.015956189148492013,-0.0018101734772347845,0.01491747111754304,-0.17428963701742298,0.7203525565004167,0.3927559676928439,green,False
166.2,3994.765699215,FOLLOW,8.758188315855861,8.679654142041343,0.17526763543374146,0.016492659633479012,0.015553926894955071,-0.001873852142834378,0.016070674965535985,-0.18633118119193942,0.7118927197823145,0.3934104145386618,green,False
166.3,3994.867791649,FOLLOW,8.759203641367886,8.680657698715917,0.17542177788624086,0.01557412313712157,0.015214326688611318,-0.0019792489700878745,0.016831648375737238,-0.19748965957979028,0.8024969419614068,0.3825974332815314,green,False
166.5,3995.065612333,FOLLOW,8.762282818877177,8.68370128332544,0.17588860416418894,0.014624533887314712,0.014007200807377463,-0.0020332861269682905,0.01773751661369119,-0.21305459422586126,0.7953935730307267,0.37872183984418295,green,False
166.7,3995.315928526,FOLLOW,8.765137762844956,8.686523372723451,0.17632047962017958,0.013446923218232846,0.010012341262870794,-0.0014862180415924889,0.018936857806042054,-0.22279287651612015,0.6949805389473298,0.36542345022660777,green,False
166.8,3995.465710796,FOLLOW,8.766489232824975,8.687859342977323,0.17652457416519968,0.007668762072321952,0.007649292929718023,-0.0023967580420707468,0.03198606963272574,-0.40254841923555434,0.6430121390664919,0.3696145742440976,green,False
167.0,3995.665580125,FOLLOW,8.76799903239202,8.689351892567434,0.17675214928859437,0.011116061238355141,0.009367057084298778,-0.001469298398207792,0.02408635848215307,-0.26052813046579615,0.6937990861399599,0.3650260791635944,green,False
167.2,3995.865682372,FOLLOW,8.770030024373575,8.691359755376407,0.1770577885336158,0.010380593087940605,0.009796460474662422,-0.001638040021400418,0.0216054952958315,-0.25161392741028504,0.6844705981804595,0.36800354584119255,green,False
167.3,3995.965465962,FOLLOW,8.770717498883338,8.69203941883244,0.1771611267543607,0.009816954841220851,0.010181362349676856,-0.0017023984370972292,0.0216054952958315,-0.25161392741028504,0.6844705981804595,0.37067539781973147,green,False
167.5,3996.215708335,FOLLOW,8.77351688352403,8.694806884064798,0.17758265871298806,0.01394427891699886,0.011145635315245945,0.0075308367246170625,0.016988689419074915,0.3401287063306507,0.7332389686039658,0.3820338977159631,green,False
167.7,3996.466265278,FOLLOW,8.775906931413006,8.697169226058737,0.17794552111586245,0.010090836796573032,0.011220481588602017,-0.002892727683714892,0.015516883976157844,-0.27120482075825225,0.7581729281131699,0.37243110292365783,green,False
167.8,3996.566252448,FOLLOW,8.77700653153237,8.698256120850612,0.17811219483426616,0.011239620560396884,0.014601808684785604,-0.003885545803361207,0.01623375696892071,-0.28086519337004096,0.7539657856453728,0.3961485979384532,green,False
168.0,3996.815933416,FOLLOW,8.779356007600736,8.700578592269226,0.1784673907915219,0.0094286820648285,0.008662206232591958,-0.0032295300665947614,0.015038360898331715,-0.33997812673671807,0.7327576402302597,0.3637843087627516,green,False
168.2,3997.016261158,FOLLOW,8.781021573598847,8.702225145950534,0.17871833103334775,0.006631658282832565,0.009080170217570734,-0.0025416285759357294,0.017404451010604977,-0.29670005025357504,0.8466028813864195,0.3544862472096134,green,False
168.3,3997.115331766,FOLLOW,8.781913581598658,8.703107022053123,0.1788523937377199,0.009099693915974282,0.010713067629839913,-0.0024333803902680945,0.016079783712796905,-0.2552310318692668,0.759730019537848,0.36737143903022496,green,False
168.5,3997.316148443,FOLLOW,8.783675665131838,8.704849168408938,0.1791167125263586,0.010586785503207522,0.0038020314329440023,-0.0009213393584714431,0.016374604124590894,-0.26671501374253387,0.6123200242597173,0.3301859107071671,green,False
168.7,3997.515570372,FOLLOW,8.785198640403134,8.70635498620927,0.17934467395664747,0.007938370758317003,0.0123264054892842,-0.001719195741916421,0.018623600338400062,-0.21501815229546803,0.7627661315196137,0.3724702551159754,green,False
168.8,3997.615093741,FOLLOW,8.786396570345929,8.707539458545478,0.17952373101655386,0.012347100482892143,0.011175225848404476,-0.0015321340381541926,0.01869574496735904,-0.21394453406527847,0.7616863937861605,0.3656804402729112,green,False
169.0,3997.816056956,FOLLOW,8.788493036250818,8.709612429910461,0.17983671502808324,0.007772812185158407,0.008308361505727571,-0.0014095346866042262,0.019797425709962957,-0.2418380015323262,0.7565531574973036,0.3513958639312509,green,False
169.2,3998.06596222,FOLLOW,8.790262063394769,8.711361692762656,0.1801004127645291,0.009104633739956455,0.005032975210856934,-0.0009190457806206171,0.02028904576986805,-0.2531756378793436,0.7486998722292748,0.3320164973226051,green,False
169.3,3998.165812636,FOLLOW,8.790786294908715,8.711880079047118,0.1801784790198743,0.005054393855099382,0.0060654180663670875,-0.0011075748733214237,0.02028904576986805,-0.2531756378793436,0.7486998722292748,0.338584223674183,green,False
169.5,3998.41601338,FOLLOW,8.791774693505717,8.712857458816014,0.18032565431290326,0.005940064581177816,0.009252945375565614,-0.001560886422980599,0.022219950679949793,-0.2563937603191296,0.6240245161673564,0.37096914891792593,green,False
169.7,3998.665260683,FOLLOW,8.793435659501194,8.71449987284055,0.1805732107692399,0.005963471325862181,0.0037581893922089514,-0.0006957277966468146,0.0226069424527838,-0.26919216244193617,0.6210923372180361,0.32952569601426673,green,False
169.8,3998.816120987,FOLLOW,8.794025562154873,8.715083199529749,0.18066104649305623,0.0037391659922137877,0.006058904433947428,-0.0012087541171385704,0.022938241355101793,-0.2802793866216204,0.6175543928542565,0.34866682405719307,green,False
170.0,3999.015969852,FOLLOW,8.794964283950215,8.716011469842625,0.18080073483911863,0.005707927423143962,0.005143037504129066,-0.0010424932799248763,0.023556853219003276,-0.28608482575040045,0.6180389256862895,0.34163019866546296,green,False
170.2,3999.265210121,FOLLOW,8.796043991711322,8.717079178119727,0.18096125861596354,0.003395637169827565,0.004521458376673651,0.004101557687452741,0.02564495800575177,0.43873147048031197,0.710463059369494,0.33892125013983776,green,False
170.3,3999.365931103,FOLLOW,8.796351719421141,8.717383476643258,0.18100707074795205,0.0045484540923775435,0.006575989089143572,-0.0014342020416343595,0.024270814639471158,-0.3000371682638982,0.6153228468528964,0.3545514061376822,green,False
170.5,3999.565726955,FOLLOW,8.797600579969698,8.718618380936794,0.18119325359282876,0.006228183276700457,0.0029562912261082465,-0.0006679455922150827,0.024402006209198662,-0.3056938333268258,0.61615089543244,0.32468898636603133,green,False
170.7,3999.815376902,FOLLOW,8.79817839005309,8.719189745712614,0.18127931627524066,0.0015529872890492704,0.0012855767603404816,-0.0003059414588385281,0.024831993004309758,-0.3157201926549135,0.6165163307116206,0.31088237043441774,green,False
170.8,3999.917232436,FOLLOW,8.798320218401681,8.719329992478349,0.1813004379504854,0.0013042673452609158,0.003696084129260904,-0.0008871135515881741,0.024887685874825816,-0.3173066242196498,0.6168523952372698,0.3313395128208461,green,False
171.0,4000.115917863,FOLLOW,8.798865346255468,8.719869043962891,0.18138160366881026,0.0036699752902652235,0.0035060641463937627,-0.0008407099747377105,0.024972873912434634,-0.31767965435884726,0.6154956494533556,0.32980933663796347,green,False
171.2,4000.365695713,FOLLOW,8.799586148073413,8.720581820340058,0.1814888654818707,0.0016029614154877026,0.005795712882171341,-0.0014433630089097152,0.025512603712238374,-0.3265880194050907,0.6118414370449693,0.3501860500938694,green,False
171.3,4000.465225148,FOLLOW,8.799887276738547,8.720879589447243,0.18153372115829863,0.005816685714701224,0.001553311897004524,-0.0003868364391087216,0.025512603712238374,-0.3265880194050907,0.6118414370449693,0.3134503882886046,green,False
171.5,4000.665285295,FOLLOW,8.80037665513976,8.721363508345146,0.18160661642113582,0.003663798896740799,0.0031364266378451204,0.0027644475916974013,0.02781743018452479,0.4102582603164673,0.7260588264165796,0.325521935016231,green,False
171.7,4000.865418868,FOLLOW,8.801142111193016,8.722120370626683,0.18172099490689497,0.005782903164501884,0.002838386479032052,-0.000742301028688634,0.025426121842553648,-0.33368768866178805,0.6111355383622818,0.3248468895063868,green,False
171.8,4001.016324641,FOLLOW,8.80153709049969,8.722510907417401,0.18178006831667964,0.0028598261820073994,0.0034526694530118526,-0.0009347690646209984,0.02569610478759557,-0.3408901949044401,0.6093245176643137,0.3306116686196031,green,False
172.0,4001.215594798,FOLLOW,8.802046940805182,8.723015030004841,0.18185627691614575,0.0008859448427963055,0.00465187664094343,-0.0012895886625278634,0.025896212120186043,-0.3459963576922709,0.6049582840397518,0.34182792064435735,green,False
172.2,4001.465408877,FOLLOW,8.80323167210162,8.724186478683658,0.18203318432029397,0.0067301549663957945,0.0034338798690889444,-0.0009670634508866862,0.02610266629884482,-0.3498720731381879,0.6058582825471706,0.3309904608910905,green,False
172.3,4001.565742283,FOLLOW,8.80358183044943,8.72453272043307,0.18208540997934472,0.0034550891083911816,0.004688775840469688,-0.0013482452871250805,0.026452214194735563,-0.355489421676419,0.6048155059484293,0.34270628052537955,green,False
172.5,4001.815465168,FOLLOW,8.804640620915409,8.725579691749438,0.18224317026777667,0.004958013185817327,0.004944200834809312,-0.0014609758092303223,0.02685745496114239,-0.36261990956549744,0.6039134950334362,0.34552566677539054,green,False
172.7,4002.015435523,FOLLOW,8.8054191682536,8.726349572285246,0.18235901463248883,0.003986076035558082,0.002543092227755699,-0.00077676410899696,0.027231748885737414,-0.370727717700206,0.6039011062971351,0.32366595694975336,green,False
172.8,4002.115390587,FOLLOW,8.805730982580807,8.72665792114857,0.18240537359181797,0.0025644314897351386,0.004718343196159634,-0.0014539185846761224,0.027750989970094717,-0.3753335306458741,0.6029643069273758,0.34423981432464595,green,False
173.0,4002.315240142,FOLLOW,8.806398636666795,8.72731816536008,0.18250456814238214,0.0014395878519798766,0.004128884080464045,-0.0012721139359672773,0.02793060858723881,-0.37634558968550325,0.6015245100263032,0.33885628350919056,green,False
173.1,4002.415693661,OBSTACLE_WAIT,8.806585039698096,8.727502501875529,0.18253224736107596,0.00414985227252313,0.0,0.0,0.028200591532280772,-0.3833220045948768,0.5997223635529432,0.2956817170332222,green,False
173.3,4002.665577952,OBSTACLE_WAIT,8.806873408711937,8.727787676271083,0.1825750521766847,1.643668178404934e-06,0.0,0.0,0.02838515034943373,-0.38452485873407993,0.5991752879463887,0.3374904017606017,green,False
173.5,4002.915620858,OBSTACLE_WAIT,8.806873799748987,8.727788062977583,0.1825751102116398,1.6424141571643453e-06,0.0,0.0,0.02838515034943373,-0.38452485873407993,0.5991752879463887,0.324954282291863,green,False
173.7,4003.115890617,OBSTACLE_WAIT,8.806874078888814,8.727788339025842,0.1825751516411225,1.6415897375052694e-06,0.0,0.0,0.028400015978120113,-0.3866422876570411,0.5984836066812667,0.3507171212643957,green,False
173.8,4003.265579816,OBSTACLE_WAIT,8.806874302100066,8.727788559764818,0.18257518477068863,1.6409342201662388e-06,0.0,0.0,0.028400015978120113,-0.3866422876570411,0.5984836066812667,0.35336289151915634,green,False
174.0,4003.51636801,OBSTACLE_WAIT,8.806874580989195,8.727788835564812,0.182575226165243,1.6401199848068146e-06,0.0,0.0,0.02838515034943373,-0.38452485873407993,0.5991752879463887,0.33135364359095076,green,False
174.2,4003.771367523,OBSTACLE_WAIT,8.806874915474138,8.727789166344559,0.18257527581335845,1.6391502345938243e-06,0.0,0.0,0.02838515034943373,-0.38452485873407993,0.5991752879463887,0.331023049295014,green,False
174.3,4003.915861304,OBSTACLE_WAIT,8.806875082642632,8.727789331661173,0.18257530062711794,1.638668261370667e-06,0.0,0.0,0.028400015978120113,-0.3866422876570411,0.5984836066812667,0.31458986737534733,green,False
174.5,4004.165730257,OBSTACLE_WAIT,8.80687541683269,8.727789662148894,0.1825753502341903,1.637710734445852e-06,0.0,0.0,0.028346412640414542,-0.38538408646480377,0.599290155079227,0.34121362046123543,green,False
174.7,4004.416161429,OBSTACLE_WAIT,8.806875695175716,8.727789937408078,0.1825753915527312,1.636918771929667e-06,0.0,0.0,0.028479580928968948,-0.3851745930135438,0.5991648055153026,0.3350044933588223,green,False
174.8,4004.616108688,OBSTACLE_WAIT,8.80687597338456,8.727790212534376,0.18257543285261202,1.636132083001406e-06,0.0,0.0,0.028400015978120113,-0.3866422876570411,0.5984836066812667,0.30850148215909956,green,False
175.0,4004.815450115,OBSTACLE_WAIT,8.806876251460151,8.72779048752871,0.1825754741339685,1.6353507994699159e-06,0.0,0.0,0.028400015978120113,-0.3866422876570411,0.5984836066812667,0.3154492153712464,green,False
175.2,4005.068947909,OBSTACLE_WAIT,8.80687658497625,8.727790817348987,0.18257552364733146,1.634420653392537e-06,0.0,0.0,0.02838515034943373,-0.38452485873407993,0.5991752879463887,0.34753775643123586,green,False
175.3,4005.167575691,OBSTACLE_WAIT,8.806876696106206,8.72779092724741,0.18257554014594082,1.6341122745199948e-06,0.0,0.0,0.02838515034943373,-0.38452485873407993,0.5991752879463887,0.34429259736703843,green,False
175.5,4005.415253618,OBSTACLE_WAIT,8.806877084896527,8.727791311728945,0.1825755978682246,1.63303951946818e-06,0.0,0.0,0.02838515034943373,-0.38452485873407993,0.5991752879463887,0.3291493232476869,green,False
175.7,4005.61572086,OBSTACLE_WAIT,8.806877362448203,8.727791586204415,0.1825756390768134,1.6322797039280468e-06,0.0,0.0,0.02838515034943373,-0.38452485873407993,0.5991752879463887,0.31515183933914104,green,False
175.8,4005.715470499,OBSTACLE_WAIT,8.806877528917367,8.727791750828452,0.18257566379338402,1.6318261413627764e-06,0.0,0.0,0.02838515034943373,-0.38452485873407993,0.5991752879463887,0.3175354483118324,green,False
176.0,4005.916069226,OBSTACLE_WAIT,8.806877806263502,8.727792025100362,0.18257570497345435,1.6310746577694702e-06,0.0,0.0,0.028346412640414542,-0.38538408646480377,0.599290155079227,0.3310932923673366,green,False
176.2,4006.165729175,OBSTACLE_WAIT,8.80687813891088,8.727792354060284,0.1825757543662434,1.6301797378859149e-06,0.0,0.0,0.02838515034943373,-0.38452485873407993,0.5991752879463887,0.3313885417330414,green,False
176.3,4006.266436234,OBSTACLE_WAIT,8.806878305166292,8.727792518472624,0.1825757790531727,1.6297349756082535e-06,0.0,0.0,0.028346412640414542,-0.38538408646480377,0.599290155079227,0.3313885417330414,green,False
176.5,4006.515633217,OBSTACLE_WAIT,8.806878637541507,8.727792847162995,0.1825758284082385,1.6288509845514134e-06,0.0,0.0,0.028400015978120113,-0.3866422876570411,0.5984836066812667,0.3121220488715091,green,False
176.7,4006.715913434,OBSTACLE_WAIT,8.80687896973729,8.727793175675655,0.1825758777384509,1.6279963513458545e-06,0.0,0.0,0.028346412640414542,-0.38538408646480377,0.599290155079227,0.3320326079435384,green,False
176.8,4006.866589749,OBSTACLE_WAIT,8.806879191137462,8.72779339462097,0.18257591061679634,1.6279000902048835e-06,0.0,0.0,0.02838515034943373,-0.38452485873407993,0.5991752879463887,0.33066112631496936,green,False
177.0,4007.066457668,OBSTACLE_WAIT,8.806879467871626,8.727793668286573,0.18257595171346386,1.6277966201220284e-06,0.0,0.0,0.028346412640414542,-0.38538408646480377,0.599290155079227,0.32459705420471097,green,False
177.2,4007.315807967,OBSTACLE_WAIT,8.806879799929478,8.727793996662161,0.18257600102766663,1.6276730890323063e-06,0.0,0.0,0.02838515034943373,-0.38452485873407993,0.5991752879463887,0.325703088202747,green,False
177.3,4007.415667433,OBSTACLE_WAIT,8.80687996594899,8.727794160840544,0.1825760256840412,1.6276118506180766e-06,0.0,0.0,0.028346412640414542,-0.38538408646480377,0.599290155079227,0.3227895205807045,green,False
177.5,4007.667687484,OBSTACLE_WAIT,8.806880297969334,8.727794489178638,0.18257607499535652,1.6274901752661284e-06,0.0,0.0,0.028346412640414542,-0.38538408646480377,0.599290155079227,0.3256594909430443,green,False
177.7,4007.865480268,OBSTACLE_WAIT,8.8068806299649,8.727794817491954,0.18257612430478498,1.6273693582866695e-06,0.0,0.0,0.028346412640414542,-0.38538408646480377,0.599290155079227,0.3243391676503011,green,False
177.8,4008.016208094,OBSTACLE_WAIT,8.806880795953473,8.72779498163941,0.1825761489588009,1.6273093400469435e-06,0.0,0.0,0.028361278269100954,-0.38750003839714153,0.598616255279415,0.3300780365148266,green,False
178.0,4008.217418322,OBSTACLE_WAIT,8.806881072587524,8.727795255204928,0.18257619004780662,1.6272097708594275e-06,0.0,0.0,0.02838515034943373,-0.38452485873407993,0.5991752879463887,0.32058229976740077,green,False
178.2,4008.465546571,OBSTACLE_WAIT,8.8068814598469,8.72779563816836,0.182576247570299,1.62707157380024e-06,0.0,0.0,0.02838515034943373,-0.38452485873407993,0.5991752879463887,0.34195468361241227,green,False
178.3,4008.566175435,OBSTACLE_WAIT,8.806881625805177,8.727795802285517,0.18257627222205194,1.6270128269468528e-06,0.0,0.0,0.028400015978120113,-0.3866422876570411,0.5984836066812667,0.34862091982220494,green,False
178.5,4008.765579394,OBSTACLE_WAIT,8.806881902388803,8.727796075800603,0.18257631330729532,1.6268973785583765e-06,0.0,0.0,0.028400015978120113,-0.3866422876570411,0.5984836066812667,0.3460238546237379,green,False
178.7,4009.019706398,OBSTACLE_WAIT,8.806882234249587,8.727796403979337,0.18257636260534993,1.6266186788523555e-06,0.0,0.0,0.02838515034943373,-0.38452485873407993,0.5991752879463887,0.3275580209127067,green,False
178.8,4009.116957549,OBSTACLE_WAIT,8.80688240015592,8.727796568044813,0.18257638725147554,1.6264485597042057e-06,0.0,0.0,0.028346412640414542,-0.38538408646480377,0.599290155079227,0.3315415335399585,green,False
179.0,4009.315812554,OBSTACLE_WAIT,8.806882731916856,8.727796896124405,0.18257643653738195,1.6261148866107457e-06,0.0,0.0,0.02838515034943373,-0.38452485873407993,0.5991752879463887,0.3264111874650354,green,False
179.2,4009.51522748,OBSTACLE_WAIT,8.806883063590194,8.7277972241171,0.18257648581206543,1.6255842541720781e-06,0.0,0.0,0.028400015978120113,-0.3866422876570411,0.5984836066812667,0.31507989838358885,green,False
179.3,4009.665503126,OBSTACLE_WAIT,8.806883229386113,8.72779738807305,0.1825765104440223,1.6253187973457468e-06,0.0,0.0,0.028400015978120113,-0.3866422876570411,0.5984836066812667,0.3364029096686505,green,False
179.5,4009.86501266,OBSTACLE_WAIT,8.806883560896944,8.727797715904641,0.1825765596972421,1.6247907925275386e-06,0.0,0.0,0.02838515034943373,-0.38452485873407993,0.5991752879463887,0.31701767608243586,green,False
179.7,4010.066026842,OBSTACLE_WAIT,8.806883837074004,8.727797989016372,0.1825766007307767,1.6243542674429344e-06,0.0,0.0,0.028400015978120113,-0.3866422876570411,0.5984836066812667,0.3133847054259666,green,False
179.8,4010.216360519,OBSTACLE_WAIT,8.806884057962382,8.727798207452944,0.18257663355057943,1.6240071166367998e-06,0.0,0.0,0.028361278269100954,-0.38750003839714153,0.598616255279415,0.3220279925670027,green,False
180.0,4010.415558555,OBSTACLE_WAIT,8.806884334006673,8.727798480433046,0.1825766745666142,1.6235758858652445e-06,0.0,0.0,0.02838515034943373,-0.38452485873407993,0.5991752879463887,0.34215267103755437,green,False
180.2,4010.665590602,OBSTACLE_WAIT,8.80688472035944,8.727798862496847,0.18257673197490665,1.6230913737425863e-06,0.0,0.0,0.02838515034943373,-0.38452485873407993,0.5991752879463887,0.3298731778315203,green,False
180.3,4010.765917285,OBSTACLE_WAIT,8.80688488590418,8.727799026203737,0.1825767565739979,1.6228860730724613e-06,0.0,0.0,0.028346412640414542,-0.38538408646480377,0.599290155079227,0.32461367702923327,green,False
180.5,4010.967732418,OBSTACLE_WAIT,8.806885161765669,8.727799299002507,0.1825767975665725,1.6225455840990481e-06,0.0,0.0,0.02838515034943373,-0.38452485873407993,0.5991752879463887,0.33350587457186726,green,False
180.7,4011.215513009,OBSTACLE_WAIT,8.806885547874943,8.727799680824742,0.18257685494386136,1.62207295025414e-06,0.0,0.0,0.02838515034943373,-0.38452485873407993,0.5991752879463887,0.34133675186557694,green,False
180.8,4011.315667076,OBSTACLE_WAIT,8.806885658171268,8.72779978989636,0.18257687133475248,1.6219386488957779e-06,0.0,0.0,0.02838515034943373,-0.38452485873407993,0.5991752879463887,0.33150360577398813,green,False
181.0,4011.515416088,OBSTACLE_WAIT,8.806885933872266,8.727800062535906,0.18257691230692494,1.6216048354265496e-06,0.0,0.0,0.02838515034943373,-0.38452485873407993,0.5991752879463887,0.3387156269222942,green,False
181.2,4011.765264349,OBSTACLE_WAIT,8.806886374884263,8.727800498650412,0.18257697784866783,1.6211673895820415e-06,0.0,0.0,0.028361278269100954,-0.38750003839714153,0.598616255279415,0.330158744575493,green,False
181.3,4011.866210512,OBSTACLE_WAIT,8.80688648512038,8.727800607662271,0.1825769942320863,1.621072749386806e-06,0.0,0.0,0.028346412640414542,-0.38538408646480377,0.599290155079227,0.33624131455561096,green,False
181.5,4012.065435136,OBSTACLE_WAIT,8.806886760682584,8.727800880164008,0.18257703518731688,1.620837300713364e-06,0.0,0.0,0.02838515034943373,-0.38452485873407993,0.5991752879463887,0.3315169416183423,green,False
181.7,4012.318204125,OBSTACLE_WAIT,8.806887146402698,8.727801261599904,0.1825770925167452,1.620510222156371e-06,0.0,0.0,0.030835761181397053,0.45771081880365155,0.7131218472869015,0.3263905939846797,green,False
181.8,4012.415472994,OBSTACLE_WAIT,8.806887256594182,8.727801370567418,0.18257710889490333,1.6204172505157237e-06,0.0,0.0,0.030835761181397053,0.45771081880365155,0.7131218472869015,0.3206174623813821,green,False
182.0,4012.665258671,OBSTACLE_WAIT,8.806887587130879,8.727801697432447,0.1825771580249412,1.6201403803685556e-06,0.0,0.0,0.02838515034943373,-0.38452485873407993,0.5991752879463887,0.3367532681571188,green,False
182.2,4012.865502973,OBSTACLE_WAIT,8.806887917611286,8.727802024241548,0.18257720714837472,1.6198655188760733e-06,0.0,0.0,0.02838515034943373,-0.38452485873407993,0.5991752879463887,0.3277734924899987,green,False
182.3,4012.96803655,OBSTACLE_WAIT,8.806888027759008,8.72780213316558,0.18257722352139721,1.6197744118310672e-06,0.0,0.0,0.02838515034943373,-0.38452485873407993,0.5991752879463887,0.3277734924899987,green,False
182.5,4013.215964167,OBSTACLE_WAIT,8.806888413227407,8.727802514351373,0.18257728082129307,1.6194575875825508e-06,0.0,0.0,0.028346412640414542,-0.38538408646480377,0.599290155079227,0.33807406320685435,green,False
182.7,4013.4153605,OBSTACLE_WAIT,8.806888743569155,8.727802841022694,0.18257732992851436,1.6191885759599575e-06,0.0,0.0,0.02838515034943373,-0.38452485873407993,0.5991752879463887,0.33960934469110465,green,False
182.8,4013.516224653,OBSTACLE_WAIT,8.8068888536709,8.727802949901038,0.18257734629616895,1.6190994252777563e-06,0.0,0.0,0.02838515034943373,-0.38452485873407993,0.5991752879463887,0.33960934469110465,green,False
183.0,4013.765703761,OBSTACLE_WAIT,8.80688923897942,8.727803330927957,0.18257740357742314,1.6187891337332404e-06,0.0,0.0,0.028290719769898484,-0.3838747826091426,0.5991732029550985,0.3101270582771311,green,False
183.2,4013.965201278,OBSTACLE_WAIT,8.806889569185353,8.727803657464312,0.1825774526688448,1.6185257189820904e-06,0.0,0.0,0.02838515034943373,-0.38452485873407993,0.5991752879463887,0.33042013643721563,green,False
183.3,4014.065785851,OBSTACLE_WAIT,8.806889679242081,8.72780376629792,0.18257746903126945,1.6184382153785073e-06,0.0,0.0,0.08610704428558746,-0.7922459125302256,0.7000839403365329,0.33572320912453435,green,False
183.5,4014.265518036,OBSTACLE_WAIT,8.80689000937672,8.727804092763423,0.1825775181144296,1.618177552124835e-06,0.0,0.0,0.029943657861674508,0.4290898545287922,0.8107119455329423,0.3097986439639409,green,False
183.7,4014.465338789,OBSTACLE_WAIT,8.806890339458427,8.727804419176314,0.18257756719146978,1.6179190785466045e-06,0.0,0.0,0.03076130791406835,0.455352007898225,0.859059066780067,0.32978734631161843,green,False
183.8,4014.615871536,OBSTACLE_WAIT,8.8068905594837,8.727804636755888,0.1825775999061281,1.6177479980403385e-06,0.0,0.0,0.02838515034943373,-0.38452485873407993,0.5991752879463887,0.31712678007189643,green,False
184.0,4014.81569848,OBSTACLE_WAIT,8.806890834482665,8.72780490869793,0.18257764079569314,1.6175354322943365e-06,0.0,0.0,0.028346412640414542,-0.38538408646480377,0.599290155079227,0.3125140408158462,green,False
184.2,4015.015663471,OBSTACLE_WAIT,8.80689110944562,8.72780518060418,0.18257768168111788,1.617324448595432e-06,0.0,0.0,0.02838515034943373,-0.38452485873407993,0.5991752879463887,0.30069482918748164,green,False
184.3,4015.165609882,OBSTACLE_WAIT,8.806891329390227,8.727805398103579,0.1825777143865007,1.6171566049789552e-06,0.0,0.0,0.028400015978120113,-0.3866422876570411,0.5984836066812667,0.3272861265977772,green,False
184.5,4015.365507675,OBSTACLE_WAIT,8.806891659264503,8.727805724310295,0.18257776343969026,1.6169064249631999e-06,0.0,0.0,0.02838515034943373,-0.38452485873407993,0.5991752879463887,0.3442787488538389,green,False
184.7,4015.565721293,OBSTACLE_WAIT,8.806891989087976,8.727806050466512,0.18257781248707095,1.6166585796895343e-06,0.0,0.0,0.02838515034943373,-0.38452485873407993,0.5991752879463887,0.34975939450593313,green,False
184.8,4015.66601473,OBSTACLE_WAIT,8.806892099017924,8.727806159174108,0.18257782883491802,1.6165764512160994e-06,0.0,0.0,0.028400015978120113,-0.3866422876570411,0.5984836066812667,0.34975939450593313,green,False
185.0,4015.915217052,OBSTACLE_WAIT,8.806892483728891,8.7278065396071,0.18257788604738656,1.616290490717119e-06,0.0,0.0,0.02838515034943373,-0.38452485873407993,0.5991752879463887,0.3258445876002872,green,False
185.2,4016.115353913,OBSTACLE_WAIT,8.806892758480965,8.727806811303722,0.1825779269087161,1.6160882123440187e-06,0.0,0.0,0.028400015978120113,-0.3866422876570411,0.5984836066812667,0.34344256900604797,green,False
185.3,4016.215429792,OBSTACLE_WAIT,8.806892923315718,8.7278069743053,0.18257795142364297,1.6159672813988831e-06,0.0,0.0,0.028400015978120113,-0.3866422876570411,0.5984836066812667,0.3238379634750001,green,False
185.5,4016.415337481,OBSTACLE_WAIT,8.806893252948386,8.72780730027183,0.18257800044932185,1.6157269676141232e-06,0.0,0.0,0.02838515034943373,-0.38452485873407993,0.5991752879463887,0.3410233827181598,green,False
185.7,4016.666447667,OBSTACLE_WAIT,8.806893637384603,8.72780768043206,0.18257805762803025,1.6147448735372207e-06,0.0,0.0,0.02838515034943373,-0.38452485873407993,0.5991752879463887,0.34257913351873287,green,False
185.8,4016.765812153,OBSTACLE_WAIT,8.806893747176636,8.727807789002838,0.18257807395826398,1.6144372032871657e-06,0.0,0.0,0.02838515034943373,-0.38452485873407993,0.5991752879463887,0.33397661367393267,green,False
186.0,4016.966994974,OBSTACLE_WAIT,8.80689407642756,8.727808114591218,0.18257812293150308,1.613518807947143e-06,0.0,0.0,0.028400015978120113,-0.3866422876570411,0.5984836066812667,0.32237132098716165,green,False
186.2,4017.168376663,OBSTACLE_WAIT,8.806894350660784,8.72780838577371,0.18257816372265118,1.6127595264377163e-06,0.0,0.0,0.02838515034943373,-0.38452485873407993,0.5991752879463887,0.310708719837704,green,False
186.3,4017.315428599,OBSTACLE_WAIT,8.806894569954693,8.727808602627935,0.18257819634264705,1.612155839445665e-06,0.0,0.0,0.03132307717534204,0.4207115200410054,0.7257429331981352,0.3174779119785187,green,False
186.5,4017.516861603,OBSTACLE_WAIT,8.806894898742181,8.727808927757387,0.18257824525125976,1.611256751381256e-06,0.0,0.0,0.028346412640414542,-0.38538408646480377,0.599290155079227,0.3260578362568859,green,False
186.7,4017.715461798,OBSTACLE_WAIT,8.806895172592132,8.72780919856033,0.18257828598897893,1.6105131581153275e-06,0.0,0.0,0.028346412640414542,-0.38538408646480377,0.599290155079227,0.3114620481931815,green,False
186.8,4017.865389003,OBSTACLE_WAIT,8.806895391581323,8.727809415112796,0.18257831856650802,1.6099214874918993e-06,0.0,0.0,0.028346412640414542,-0.38538408646480377,0.599290155079227,0.33931662243301647,green,False
187.0,4018.065176131,OBSTACLE_WAIT,8.806895665205104,8.727809685691765,0.18257835927271945,1.609186919580472e-06,0.0,0.0,0.028400015978120113,-0.3866422876570411,0.5984836066812667,0.3166299288461728,green,False
187.2,4018.265490582,OBSTACLE_WAIT,8.806895993389452,8.727810010223925,0.18257840809731007,1.6083118364644661e-06,0.0,0.0,0.028346412640414542,-0.38538408646480377,0.599290155079227,0.32376369477631056,green,False
187.3,4018.415956482,OBSTACLE_WAIT,8.806896212080206,8.727810226480846,0.18257844063328246,1.6077332562708712e-06,0.0,0.0,0.02838515034943373,-0.38452485873407993,0.5991752879463887,0.32328798623466737,green,False
187.5,4018.615689105,OBSTACLE_WAIT,8.806896485333246,8.727810496692666,0.1825784812878849,1.6070136247855618e-06,0.0,0.0,0.02838515034943373,-0.38452485873407993,0.5991752879463887,0.335177985987332,green,False
187.7,4018.865295354,OBSTACLE_WAIT,8.806896813076083,8.727810820787594,0.18257853005103525,1.6061570460141097e-06,0.0,0.0,0.02838515034943373,-0.38452485873407993,0.5991752879463887,0.31074258034529484,green,False
187.8,4018.966568104,OBSTACLE_WAIT,8.806896922284944,8.72781092878086,0.1825785463000295,1.6058729345389762e-06,0.0,0.0,0.028346412640414542,-0.38538408646480377,0.599290155079227,0.31074258034529484,green,False
188.0,4019.215406538,OBSTACLE_WAIT,8.8068973043644,8.727811306607197,0.18257860315043634,1.6048781896619495e-06,0.0,0.0,0.0863272587190454,-0.7939820304180439,0.6985667530967443,0.3316114145181789,green,False
188.2,4019.415330321,OBSTACLE_WAIT,8.80689757712606,8.7278115763324,0.18257864373662192,1.6040760528910744e-06,0.0,0.0,0.03076130791406835,0.455352007898225,0.859059066780067,0.3328542190973625,green,False
188.3,4019.565596682,OBSTACLE_WAIT,8.806897795234786,8.727811792012952,0.18257867619144194,1.6034108687163834e-06,0.0,0.0,0.03076130791406835,0.455352007898225,0.859059066780067,0.3128218492195292,green,False
188.5,4019.766392212,OBSTACLE_WAIT,8.80689806774391,8.727812061488114,0.18257871674214993,1.602584719312912e-06,0.0,0.0,0.02838515034943373,-0.38452485873407993,0.5991752879463887,0.31303941520971545,green,False
188.7,4020.015564869,OBSTACLE_WAIT,8.806898449021771,8.72781243852075,0.18257877348013718,1.601437508356033e-06,0.0,0.0,0.028361278269100954,-0.38750003839714153,0.598616255279415,0.2904200479218332,green,False
188.8,4020.117833618,OBSTACLE_WAIT,8.80689861234325,8.72781260002367,0.18257879778471417,1.6009493407683172e-06,0.0,0.0,0.02838515034943373,-0.38452485873407993,0.5991752879463887,0.3445466982735741,green,False
189.0,4020.315317644,OBSTACLE_WAIT,8.806898884435382,8.727812869085959,0.18257883827685012,1.6001402497589436e-06,0.0,0.0,0.02838515034943373,-0.38452485873407993,0.5991752879463887,0.33118299338274315,green,False
189.2,4020.565709877,OBSTACLE_WAIT,8.80689921076452,8.727813191781076,0.18257888684193954,1.5991844952487527e-06,0.0,0.0,0.02838515034943373,-0.38452485873407993,0.5991752879463887,0.3174961779158439,green,False
189.3,4020.666273437,OBSTACLE_WAIT,8.806899373859089,8.72781335305932,0.18257891111468894,1.5987525295975471e-06,0.0,0.0,0.02838515034943373,-0.38452485873407993,0.5991752879463887,0.3174961779158439,green,False
189.5,4020.915926385,OBSTACLE_WAIT,8.806899699916526,8.727813675485388,0.1825789596418298,1.5978940505186626e-06,0.0,0.0,0.02838515034943373,-0.38452485873407993,0.5991752879463887,0.302597062941793,green,False
189.7,4021.115632854,OBSTACLE_WAIT,8.806899971497765,8.727813944041781,0.18257900006254166,1.5971842253890191e-06,0.0,0.0,0.02838515034943373,-0.38452485873407993,0.5991752879463887,0.32242603664349706,green,False
189.8,4021.215239049,OBSTACLE_WAIT,8.806900134388728,8.727814105118396,0.18257902430692025,1.5967604315274515e-06,0.0,0.0,0.02838515034943373,-0.38452485873407993,0.5991752879463887,0.3380187243274156,green,False
190.0,4021.465268665,OBSTACLE_WAIT,8.806900514303186,8.727814480800964,0.18257908085426358,1.595825635472292e-06,0.0,0.0,0.02838515034943373,-0.38452485873407993,0.5991752879463887,0.32605463218692027,green,False
190.2,4021.715587989,OBSTACLE_WAIT,8.806900839773792,8.727814802645868,0.18257912929984454,1.5950674156508881e-06,0.0,0.0,0.02838515034943373,-0.38452485873407993,0.5991752879463887,0.32866753755125167,green,False
190.3,4021.815611418,OBSTACLE_WAIT,8.80690100245125,8.727814963511026,0.1825791535146416,1.5946905332633354e-06,0.0,0.0,0.03150114997048438,0.3280893701996189,0.7292683223729035,0.33132713470439784,green,False
190.5,4022.015430143,OBSTACLE_WAIT,8.806901273495116,8.727815231535203,0.18257919386086302,1.5940651016333721e-06,0.0,0.0,0.028346412640414542,-0.38538408646480377,0.599290155079227,0.3142333940527655,green,False
190.7,4022.215675202,OBSTACLE_WAIT,8.806901598608032,8.727815553025822,0.18257924225703676,1.5933213926645106e-06,0.0,0.0,0.02838515034943373,-0.38452485873407993,0.5991752879463887,0.33893697431288344,green,False
190.8,4022.365280899,OBSTACLE_WAIT,8.806901761107731,8.727815713714913,0.18257926644728728,1.5929513282140201e-06,0.0,0.0,0.028400015978120113,-0.3866422876570411,0.5984836066812667,0.34084674565795114,green,False
191.0,4022.618425918,OBSTACLE_WAIT,8.806902085994357,8.727816034981394,0.18257931481223064,1.5922161539663441e-06,0.0,0.0,0.03076130791406835,0.455352007898225,0.859059066780067,0.32500840749490856,green,False
191.2,4022.815691045,OBSTACLE_WAIT,8.806902356619096,8.72781630259043,0.18257935510061096,1.5916086422426778e-06,0.0,0.0,0.03076130791406835,0.455352007898225,0.859059066780067,0.3330133419928544,green,False
191.3,4022.965486081,OBSTACLE_WAIT,8.806902518944474,8.727816463106855,0.1825793792668179,1.5912455836848814e-06,0.0,0.0,0.03076130791406835,0.455352007898225,0.859059066780067,0.31971172383401547,green,False
191.5,4023.216162016,OBSTACLE_WAIT,8.806902897560386,8.727816837503237,0.18257943563488543,1.5904054127650088e-06,0.0,0.0,0.028276090231492162,-0.38714569220308254,0.6000490659429023,0.341261124723645,green,False
191.7,4023.417203978,OBSTACLE_WAIT,8.806903221930467,8.727817158258071,0.18257948392863732,1.589713456190466e-06,0.0,0.0,0.02838515034943373,-0.38452485873407993,0.5991752879463887,0.295740092751715,green,False
191.8,4023.515241745,OBSTACLE_WAIT,8.80690333002367,8.727817265146474,0.18257950002242604,1.5895017286041855e-06,0.0,0.0,0.028400015978120113,-0.3866422876570411,0.5984836066812667,0.3427661843401839,green,False
192.0,4023.765251803,OBSTACLE_WAIT,8.806903708237037,8.72781763914408,0.18257955633530368,1.5887659017209604e-06,0.0,0.0,0.08627262637485866,-0.7937843874227553,0.6967569361549303,0.33449107766329145,green,False
192.2,4023.968910116,OBSTACLE_WAIT,8.806903978282646,8.72781790617942,0.18257959654423891,1.588244933248098e-06,0.0,0.0,0.029943657861674508,0.4290898545287922,0.8107119455329423,0.34314085349038403,green,False
192.3,4024.065624723,OBSTACLE_WAIT,8.806904140267598,8.727818066358601,0.1825796206638242,1.5879340486003337e-06,0.0,0.0,0.029943657861674508,0.4290898545287922,0.8107119455329423,0.34314085349038403,green,False
192.5,4024.31556137,OBSTACLE_WAIT,8.806904464142674,8.727818386623012,0.18257966889008725,1.5873158051099458e-06,0.0,0.0,0.030793670578107446,0.4533870496673551,0.8604069384415777,0.34503920310125685,green,False
192.7,4024.515465695,OBSTACLE_WAIT,8.806904733942602,8.727818653414937,0.18257970906558482,1.5868046512363428e-06,0.0,0.0,0.02838515034943373,-0.38452485873407993,0.5991752879463887,0.3235500625686681,green,False
192.8,4024.66662797,OBSTACLE_WAIT,8.806904949720163,8.72781886678667,0.18257974119750028,1.5863981003401139e-06,0.0,0.0,0.02838515034943373,-0.38452485873407993,0.5991752879463887,0.3225979062426769,green,False
193.0,4024.865095893,OBSTACLE_WAIT,8.806905219364639,8.727819133424571,0.18257978135186517,1.5858934043519203e-06,0.0,0.0,0.030852917652076317,0.45526815848286395,0.7141804829588964,0.35673348287254625,green,False
193.2,4025.116037205,OBSTACLE_WAIT,8.806905596723345,8.72781950657539,0.18257983754847576,1.5851923091788104e-06,0.0,0.0,0.02838515034943373,-0.38452485873407993,0.5991752879463887,0.32745398920548136,green,False
193.3,4025.215348669,OBSTACLE_WAIT,8.806905758397583,8.727819666446715,0.1825798616258251,1.5848940105385217e-06,0.0,0.0,0.02838515034943373,-0.38452485873407993,0.5991752879463887,0.34911490244656085,green,False
193.5,4025.415594044,OBSTACLE_WAIT,8.806906027787234,8.727819932832128,0.18257990174559294,1.5843993890873274e-06,0.0,0.0,0.02838515034943373,-0.38452485873407993,0.5991752879463887,0.33117794502036163,green,False
193.7,4025.6156184,OBSTACLE_WAIT,8.806906350944281,8.727820252385103,0.1825799498743224,1.583810539791654e-06,0.0,0.0,0.028400015978120113,-0.3866422876570411,0.5984836066812667,0.30031753878630923,green,False
193.8,4025.715350558,OBSTACLE_WAIT,8.806906512477875,8.72782041211707,0.1825799739325972,1.5835180104696303e-06,0.0,0.0,0.028400015978120113,-0.3866422876570411,0.5984836066812667,0.30031753878630923,green,False
194.0,4025.965456557,OBSTACLE_WAIT,8.80690683545584,8.727820731492598,0.1825800220370585,1.5829363262632894e-06,0.0,0.0,0.02838515034943373,-0.38452485873407993,0.5991752879463887,0.3382669216844997,green,False
194.2,4026.166636379,OBSTACLE_WAIT,8.806907158315651,8.727821050751047,0.18258007012551955,1.582359566675406e-06,0.0,0.0,0.02838515034943373,-0.38452485873407993,0.5991752879463887,0.3258015770174591,green,False
194.3,4026.315451572,OBSTACLE_WAIT,8.806907373490365,8.727821263525446,0.18258010217567558,1.5819776919985935e-06,0.0,0.0,0.028400015978120113,-0.3866422876570411,0.5984836066812667,0.334209701998598,green,False
194.5,4026.515403304,OBSTACLE_WAIT,8.80690764238596,8.727821529421309,0.18258014222852423,1.5815032341341013e-06,0.0,0.0,0.08628969793841545,-0.7931713598137832,0.6976042013070023,0.33079914779041014,green,False
194.7,4026.715351542,OBSTACLE_WAIT,8.806907911201188,8.727821795237535,0.18258018227050798,1.581032086625891e-06,0.0,0.0,0.030685867280503515,0.4556999330371547,0.8587156199870868,0.3299162485110033,green,False
194.8,4026.865554776,OBSTACLE_WAIT,8.806908126195879,8.727822007833545,0.18258021429632704,1.5806576563210122e-06,0.0,0.0,0.03076130791406835,0.455352007898225,0.859059066780067,0.3259312891858518,green,False
195.0,4027.115466848,OBSTACLE_WAIT,8.806908448592749,8.727822326633259,0.1825802623222055,1.5800996705793405e-06,0.0,0.0,0.028400015978120113,-0.3866422876570411,0.5984836066812667,0.3363192469257079,green,False
195.2,4027.365411257,OBSTACLE_WAIT,8.806908717170183,8.727822592213846,0.1825803023320794,1.5796381795715217e-06,0.0,0.0,0.02838515034943373,-0.38452485873407993,0.5991752879463887,0.3030563266482816,green,False
195.3,4027.517176524,OBSTACLE_WAIT,8.806908878279074,8.72782275152497,0.18258032633293714,1.579362733658148e-06,0.0,0.0,0.028400015978120113,-0.3866422876570411,0.5984836066812667,0.3055690154547518,green,False
195.5,4027.766087733,OBSTACLE_WAIT,8.806909200412905,8.72782307006402,0.18258037432333296,1.5788154612895693e-06,0.0,0.0,0.02838515034943373,-0.38452485873407993,0.5991752879463887,0.3231415314292818,green,False
195.7,4028.015873146,OBSTACLE_WAIT,8.80690957609527,8.72782344155374,0.18258043029320437,1.5781828632648517e-06,0.0,0.0,0.028400015978120113,-0.3866422876570411,0.5984836066812667,0.30900142165109196,green,False
195.8,4028.116098264,OBSTACLE_WAIT,8.806909683405497,8.727823547666317,0.18258044628088144,1.5780030996103532e-06,0.0,0.0,0.028361278269100954,-0.38750003839714153,0.598616255279415,0.34265759003574375,green,False
196.0,4028.315984912,OBSTACLE_WAIT,8.806910005263113,8.72782386593164,0.18258049423407852,1.5774671504549234e-06,0.0,0.0,0.028400015978120113,-0.3866422876570411,0.5984836066812667,0.3049677876297605,green,False
196.2,4028.515584245,OBSTACLE_WAIT,8.806910273394577,8.727824131070275,0.182580534183883,1.5770237197958536e-06,0.0,0.0,0.028346412640414542,-0.38538408646480377,0.599290155079227,0.3316532104401267,green,False
196.3,4028.666021344,OBSTACLE_WAIT,8.806910487845645,8.727824343127564,0.18258056613645393,1.576671323187061e-06,0.0,0.0,0.08608997272203067,-0.7928600925722118,0.6992447664964152,0.3242483035123026,green,False
196.5,4028.865874525,OBSTACLE_WAIT,8.806910755842303,8.727824608132597,0.18258060606814136,1.5762334914244032e-06,0.0,0.0,0.030669268238419548,0.4561578494178641,0.8598948013232748,0.3237322839365624,green,False
196.7,4029.115488671,OBSTACLE_WAIT,8.806911130913123,8.72782497901626,0.18258066195578884,1.5756256501554815e-06,0.0,0.0,0.030669268238419548,0.4561578494178641,0.8598948013232748,0.3540531338367978,green,False
196.8,4029.215471081,OBSTACLE_WAIT,8.806911291613606,8.727825137922641,0.18258068590171272,1.5753668791995495e-06,0.0,0.0,0.030669268238419548,0.4561578494178641,0.8598948013232748,0.33595863384892644,green,False
197.0,4029.415503325,OBSTACLE_WAIT,8.806911559389272,8.72782540270866,0.18258072580374562,1.5749381821190771e-06,0.0,0.0,0.028300645198575988,-0.38579633475772657,0.5976023137372743,0.29947540133066575,green,False
197.2,4029.665810187,OBSTACLE_WAIT,8.806911934153264,8.72782577328823,0.18258078165025024,1.574342713059519e-06,0.0,0.0,0.028285779569889508,-0.38367745171477,0.5982941110315002,0.32343151213799776,green,False
197.3,4029.765331178,OBSTACLE_WAIT,8.80691209472316,8.727825932065185,0.18258080557867468,1.5740892717134557e-06,0.0,0.0,0.028300645198575988,-0.38579633475772657,0.5976023137372743,0.31194318807030463,green,False
197.5,4029.965621115,OBSTACLE_WAIT,8.806912362282388,8.727826196636691,0.18258084545171718,1.5736691583130083e-06,0.0,0.0,0.028300645198575988,-0.38579633475772657,0.5976023137372743,0.3302368198188425,green,False
197.7,4030.165430378,OBSTACLE_WAIT,8.806912629770714,8.727826461137921,0.18258088531528013,1.5732824416832201e-06,0.0,0.0,0.028285779569889508,-0.38367745171477,0.5982941110315002,0.33015789563387815,green,False
197.8,4030.315525656,OBSTACLE_WAIT,8.806912843732732,8.727826672710465,0.18258091720264247,1.5732200567837663e-06,0.0,0.0,0.028285779569889508,-0.38367745171477,0.5982941110315002,0.32359393383856105,green,False
198.0,4030.515404322,OBSTACLE_WAIT,8.806913164660395,8.727826990053892,0.18258096503269666,1.5731301378873394e-06,0.0,0.0,0.028247041860870292,-0.38453726874449307,0.5984091376515861,0.3244526711411293,green,False
198.2,4030.715456959,OBSTACLE_WAIT,8.806913432086148,8.727827254492755,0.18258100489018683,1.5730557582157713e-06,0.0,0.0,0.028247041860870292,-0.38453726874449307,0.5984091376515861,0.3369256849051209,green,False
198.3,4030.866382948,OBSTACLE_WAIT,8.806913646017676,8.727827466034757,0.18258103677560814,1.5729965457169879e-06,0.0,0.0,0.028285779569889508,-0.38367745171477,0.5982941110315002,0.30530737101888955,green,False
198.5,4031.065364016,OBSTACLE_WAIT,8.806913966899941,8.727827783332705,0.1825810846028027,1.5729084072494873e-06,0.0,0.0,0.028285779569889508,-0.38367745171477,0.5982941110315002,0.341940832924289,green,False
198.7,4031.3156738,OBSTACLE_WAIT,8.806914287764311,8.727828100612722,0.18258113242889146,1.5728211539887337e-06,0.0,0.0,0.028285779569889508,-0.38367745171477,0.5982941110315002,0.33730508451076474,green,False
198.8,4031.415482889,OBSTACLE_WAIT,8.806914448189827,8.72782825924605,0.18258115634152794,1.5727776552065566e-06,0.0,0.0,0.028300645198575988,-0.38579633475772657,0.5976023137372743,0.34666607252669634,green,False
199.0,4031.616606824,OBSTACLE_WAIT,8.806914715555878,8.727828523625096,0.18258119619532776,1.5727058456599426e-06,0.0,0.0,0.028285779569889508,-0.38367745171477,0.5982941110315002,0.34007757340531913,green,False
199.2,4031.865734668,OBSTACLE_WAIT,8.80691503637906,8.727828840863834,0.18258124401892276,1.572620170248139e-06,0.0,0.0,0.028285779569889508,-0.38367745171477,0.5982941110315002,0.3378411764569929,green,False
199.3,4031.966133799,OBSTACLE_WAIT,8.80691519678411,8.727828999476648,0.1825812679303313,1.5725776023025316e-06,0.0,0.0,0.028285779569889508,-0.38367745171477,0.5982941110315002,0.3244736564332157,green,False
199.5,4032.166085253,OBSTACLE_WAIT,8.806915517581238,8.727829316689272,0.18258131575238493,1.5724929461425294e-06,0.0,0.0,0.031221761191815134,0.4221246249947745,0.726368703812098,0.3417399191361771,green,False
199.7,4032.415588247,OBSTACLE_WAIT,8.806915838361174,8.72782963388466,0.18258136357343818,1.572408940611252e-06,0.0,0.0,0.028285779569889508,-0.38367745171477,0.5982941110315002,0.32385978949006483,green,False
199.8,4032.51543179,OBSTACLE_WAIT,8.806915998744737,8.727829792475932,0.18258138748359615,1.5723672348099798e-06,0.0,0.0,0.028285779569889508,-0.38367745171477,0.5982941110315002,0.3382373702348264,green,False
200.0,4032.765733272,OBSTACLE_WAIT,8.806916319499148,8.727830109645728,0.18258143530318752,1.5722843706425118e-06,0.0,0.0,0.08639980515514456,-0.7940385537683416,0.696839065188288,0.3419307637862057,green,False
200.2,4032.965699261,OBSTACLE_WAIT,8.806916586781623,8.727830373940987,0.18258147515212195,1.5722158344287804e-06,0.0,0.0,0.030669268238419548,0.4561578494178641,0.8598948013232748,0.32676675217943535,green,False
200.3,4033.116020906,OBSTACLE_WAIT,8.80691680059923,8.727830585368798,0.18258150703080325,1.5721612628005531e-06,0.0,0.0,0.02985161818602569,0.4299160038548614,0.811097500152939,0.32053238326511474,green,False
200.5,4033.316328502,OBSTACLE_WAIT,8.806917067860862,8.727830849643151,0.18258154687858297,1.5720936000750793e-06,0.0,0.0,0.028200591532280772,-0.3833220045948768,0.5997223635529432,0.2903498858334721,green,False
200.7,4033.565703305,OBSTACLE_WAIT,8.806917388559683,8.727831166757191,0.1825815946950945,1.5720129445987344e-06,0.0,0.0,0.028247041860870292,-0.38453726874449307,0.5984091376515861,0.32520093224077895,green,False
200.8,4033.665742693,OBSTACLE_WAIT,8.806917548902943,8.727831325308042,0.18258161860301902,1.5719728399629439e-06,0.0,0.0,0.028247041860870292,-0.38453726874449307,0.5984091376515861,0.32520093224077895,green,False
201.0,4033.915660004,OBSTACLE_WAIT,8.806917869577244,8.727831642397485,0.18258166641821846,1.571893206360135e-06,0.0,0.0,0.031221761191815134,0.4221246249947745,0.726368703812098,0.32992714782592897,green,False
201.2,4034.166281915,OBSTACLE_WAIT,8.806918190235356,8.727831959470683,0.1825817142325673,1.5718143500714376e-06,0.0,0.0,0.028300645198575988,-0.38579633475772657,0.5976023137372743,0.3469831814096219,green,False
201.3,4034.26544075,OBSTACLE_WAIT,8.806918350558393,8.727832118001242,0.18258173813942966,1.5717750751248082e-06,0.0,0.0,0.028285779569889508,-0.38367745171477,0.5982941110315002,0.31941572964501375,green,False
201.5,4034.516289541,OBSTACLE_WAIT,8.806918671192504,8.727832435050354,0.18258178595254232,1.571697021840525e-06,0.0,0.0,0.028285779569889508,-0.38367745171477,0.5982941110315002,0.3208218656140587,green,False
201.7,4034.765755071,OBSTACLE_WAIT,8.806918991810758,8.72783275208355,0.1825818337648545,1.5716198661181585e-06,0.0,0.0,0.028285779569889508,-0.38367745171477,0.5982941110315002,0.3430700665276786,green,False
201.8,4034.866814542,OBSTACLE_WAIT,8.806919152113988,8.72783291059423,0.18258185767071675,1.5715811875422897e-06,0.0,0.0,0.028215457160967128,-0.3854414968171088,0.5990266905316363,0.3249783111454027,green,False
202.0,4035.065319668,OBSTACLE_WAIT,8.806919472708726,8.72783322760382,0.1825819054818653,1.5715049503332643e-06,0.0,0.0,0.028161853823261557,-0.38418206850048425,0.5998426604917413,0.3296241252873662,green,False
202.2,4035.265487882,OBSTACLE_WAIT,8.80691973985915,8.727833491766573,0.18258194532391414,1.57144161103173e-06,0.0,0.0,0.028300645198575988,-0.38579633475772657,0.5976023137372743,0.34521642009617387,green,False
202.3,4035.366090733,OBSTACLE_WAIT,8.8069199001427,8.727833650257518,0.1825819692286649,1.5713650261667322e-06,0.0,0.0,0.028300645198575988,-0.38579633475772657,0.5976023137372743,0.34521642009617387,green,False
202.5,4035.615845316,OBSTACLE_WAIT,8.806920274102945,8.727834020035171,0.18258202500275847,1.5711591731708276e-06,0.0,0.0,0.028285779569889508,-0.38367745171477,0.5982941110315002,0.3154123274888221,green,False
202.7,4035.815599758,OBSTACLE_WAIT,8.80692054118753,8.727834284132332,0.18258206483824374,1.5710135031579526e-06,0.0,0.0,0.028285779569889508,-0.38367745171477,0.5982941110315002,0.3131192836140569,green,False
202.8,4035.915341427,OBSTACLE_WAIT,8.80692070142642,8.72783444257882,0.1825820887382859,1.5709264484413614e-06,0.0,0.0,0.028285779569889508,-0.38367745171477,0.5982941110315002,0.3131192836140569,green,False
203.0,4036.167898415,OBSTACLE_WAIT,8.80692102187766,8.727834759445377,0.18258213653558372,1.5707533919743791e-06,0.0,0.0,0.08612127469495101,-0.7927528694241001,0.6963304288821217,0.3103167695158883,green,False
203.2,4036.366972245,OBSTACLE_WAIT,8.806921342293775,8.727835076276968,0.18258218432920417,1.5705821933158988e-06,0.0,0.0,0.030669268238419548,0.4561578494178641,0.8598948013232748,0.3448596073116825,green,False
203.3,4036.466320794,OBSTACLE_WAIT,8.806921449091389,8.727835181879774,0.18258220025960117,1.5705252009757004e-06,0.0,0.0,0.030669268238419548,0.4561578494178641,0.8598948013232748,0.3469061318132747,green,False
203.5,4036.716064662,OBSTACLE_WAIT,8.806921822852706,8.727835551459398,0.18258225601283212,1.5703275291187642e-06,0.0,0.0,0.030669268238419548,0.4561578494178641,0.8598948013232748,0.33191556078431766,green,False
203.7,4036.920069012,OBSTACLE_WAIT,8.806922089796373,8.727835815416267,0.1825822958335885,1.5701871908469801e-06,0.0,0.0,0.028285779569889508,-0.38367745171477,0.5982941110315002,0.33843390385660477,green,False
203.8,4037.015515572,OBSTACLE_WAIT,8.80692224995117,8.727835973779033,0.18258231972486216,1.5701037306924289e-06,0.0,0.0,0.028285779569889508,-0.38367745171477,0.5982941110315002,0.33843390385660477,green,False
204.0,4037.265939597,OBSTACLE_WAIT,8.80692257023527,8.727836290479182,0.18258236750477633,1.5699376261261216e-06,0.0,0.0,0.028261907489556787,-0.3866546763534893,0.5977350181119554,0.3250345877589009,green,False
204.2,4037.515971544,OBSTACLE_WAIT,8.806922890485605,8.727836607145708,0.18258241528121522,1.5697725855696214e-06,0.0,0.0,0.028285779569889508,-0.38367745171477,0.5982941110315002,0.3185136481338055,green,False
204.3,4037.615450039,OBSTACLE_WAIT,8.806923050598193,8.727836765466444,0.1825824391681437,1.5696906516218328e-06,0.0,0.0,0.028285779569889508,-0.38367745171477,0.5982941110315002,0.3107627172924255,green,False
204.5,4037.866499862,OBSTACLE_WAIT,8.806923424161887,8.727837134849283,0.1825824949010013,1.569500899836921e-06,0.0,0.0,0.031221761191815134,0.4221246249947745,0.726368703812098,0.3303991454663058,green,False
204.7,4038.066001674,OBSTACLE_WAIT,8.806923690965554,8.727837398666734,0.18258253470737582,1.5693664654193147e-06,0.0,0.0,0.028285779569889508,-0.38367745171477,0.5982941110315002,0.3069273490112681,green,False
204.8,4038.166130551,OBSTACLE_WAIT,8.806923851036812,8.72783755694631,0.1825825585900886,1.5692862813828774e-06,0.0,0.0,0.028285779569889508,-0.38367745171477,0.5982941110315002,0.3219093723813592,green,False
205.0,4038.365504667,OBSTACLE_WAIT,8.806924117804385,8.727837820727816,0.18258259839281288,1.5691648060063455e-06,0.0,0.0,0.028247041860870292,-0.38453726874449307,0.5984091376515861,0.3216887445436376,green,False
205.2,4038.615887776,OBSTACLE_WAIT,8.806924491249637,8.727838189992623,0.18258265411406818,1.5690312751426543e-06,0.0,0.0,0.028285779569889508,-0.38367745171477,0.5982941110315002,0.33058027960508696,green,False
205.3,4038.715585898,OBSTACLE_WAIT,8.806924651287897,8.727838348239274,0.1825826779938076,1.5689743846878432e-06,0.0,0.0,0.028285779569889508,-0.38367745171477,0.5982941110315002,0.31814137354310273,green,False
205.5,4038.965259586,OBSTACLE_WAIT,8.80692497134705,8.727838664715227,0.18258272575186704,1.5688612562852606e-06,0.0,0.0,0.028285779569889508,-0.38367745171477,0.5982941110315002,0.33924644191990966,green,False
205.7,4039.165456048,OBSTACLE_WAIT,8.80692523804545,8.727838928427646,0.1825827655488211,1.568767733387475e-06,0.0,0.0,0.028161853823261557,-0.38418206850048425,0.5998426604917413,0.3409343072865263,green,False
205.8,4039.315472588,OBSTACLE_WAIT,8.806925451392763,8.727839139386182,0.1825827973854615,1.5686932140354495e-06,0.0,0.0,0.028285779569889508,-0.38367745171477,0.5982941110315002,0.35136705864955636,green,False
206.0,4039.515847828,OBSTACLE_WAIT,8.806925718062729,8.727839403070188,0.18258283718012208,1.5686009140851487e-06,0.0,0.0,0.028300645198575988,-0.38579633475772657,0.5976023137372743,0.34928286154542293,green,False
206.2,4039.765355346,OBSTACLE_WAIT,8.806926038046033,8.727839719470358,0.18258288493206354,1.5684909578893914e-06,0.0,0.0,0.08628969793841545,-0.7931713598137832,0.6976042013070023,0.3253103568576486,green,False
206.3,4039.86565368,OBSTACLE_WAIT,8.806926198029297,8.72783987766206,0.18258290880736688,1.5684362761592451e-06,0.0,0.0,0.030669268238419548,0.4561578494178641,0.8598948013232748,0.3301506111671188,green,False
206.5,4040.116613408,OBSTACLE_WAIT,8.806926517979143,8.727840194028794,0.18258295655665566,1.5683275388773388e-06,0.0,0.0,0.03070163090245856,0.45419444053210767,0.8612479281312924,0.33940238942014267,green,False
206.7,4040.318043143,OBSTACLE_WAIT,8.806926837915935,8.727840510382382,0.18258300430555438,1.5683576403333894e-06,0.0,0.0,0.030669268238419548,0.4561578494178641,0.8598948013232748,0.3446677210373318,green,False
206.8,4040.415275172,OBSTACLE_WAIT,8.806926997891116,8.727840668565799,0.18258302818160152,1.5684100657410643e-06,0.0,0.0,0.028200591532280772,-0.3833220045948768,0.5997223635529432,0.32720002857049485,green,False
207.0,4040.665537307,OBSTACLE_WAIT,8.806927317857435,8.72784098494823,0.18258307593724735,1.5685140688050346e-06,0.0,0.0,0.028285779569889508,-0.38367745171477,0.5982941110315002,0.3071235008120631,green,False
207.2,4040.868823599,OBSTACLE_WAIT,8.806927637844883,8.72784130135132,0.18258312369760513,1.5686171925045885e-06,0.0,0.0,0.028285779569889508,-0.38367745171477,0.5982941110315002,0.35570873370940476,green,False
207.3,4040.965479726,OBSTACLE_WAIT,8.806927797846479,8.72784145956056,0.18258314757954322,1.5686685477446403e-06,0.0,0.0,0.028285779569889508,-0.38367745171477,0.5982941110315002,0.31206664576371157,green,False
207.5,4041.166046846,OBSTACLE_WAIT,8.80692806452738,8.727841723253944,0.1825831873853667,1.568753386810723e-06,0.0,0.0,0.028300645198575988,-0.38579633475772657,0.5976023137372743,0.3252944186634608,green,False
207.7,4041.415327171,OBSTACLE_WAIT,8.806928437904816,8.727842092448308,0.18258324311894422,1.5688713473031368e-06,0.0,0.0,0.03139983398695745,0.3296094352873731,0.7288730406989734,0.33092522931281676,green,False
207.8,4041.515235307,OBSTACLE_WAIT,8.806928544589224,8.727842197937436,0.18258325904398015,1.56890479575115e-06,0.0,0.0,0.028200591532280772,-0.3833220045948768,0.5997223635529432,0.3248247051032984,green,False
208.0,4041.768747729,OBSTACLE_WAIT,8.806928918002534,8.727842567166858,0.18258331478563627,1.5690214155153514e-06,0.0,0.0,0.028285779569889508,-0.38367745171477,0.5982941110315002,0.3543747950351707,green,False
208.2,4041.96514921,OBSTACLE_WAIT,8.806929184743236,8.727842830918686,0.18258335460492675,1.5691039736132345e-06,0.0,0.0,0.028300645198575988,-0.38579633475772657,0.5976023137372743,0.3345175011244268,green,False
208.3,4042.066198356,OBSTACLE_WAIT,8.806929344794373,8.727842989176345,0.1825833784980224,1.5691531887140447e-06,0.0,0.0,0.028285779569889508,-0.38367745171477,0.5982941110315002,0.30680220644509176,green,False
208.5,4042.315473727,OBSTACLE_WAIT,8.80692966491167,8.727843305706342,0.18258342628762209,1.5692510916483223e-06,0.0,0.0,0.028285779569889508,-0.38367745171477,0.5982941110315002,0.34002085504324997,green,False
208.7,4042.515416516,OBSTACLE_WAIT,8.806929985050504,8.727843622257396,0.18258347408199188,1.569374421811113e-06,0.0,0.0,0.028285779569889508,-0.38367745171477,0.5982941110315002,0.33532082981471684,green,False
208.8,4042.616168798,OBSTACLE_WAIT,8.806930145130291,8.72784378054309,0.18258349798130716,1.5694442478442126e-06,0.0,0.0,0.08628969793841545,-0.7931713598137832,0.6976042013070023,0.3302638216392363,green,False
209.0,4042.815980204,OBSTACLE_WAIT,8.806930411945702,8.72784404436804,0.18258353781671738,1.5695598184176812e-06,0.0,0.0,0.030669268238419548,0.4561578494178641,0.8598948013232748,0.31335992149103653,green,False
209.2,4043.065649869,OBSTACLE_WAIT,8.806930785520168,8.727844413755214,0.1825835935930135,1.569720482596163e-06,0.0,0.0,0.030669268238419548,0.4561578494178641,0.8598948013232748,0.3151172518146407,green,False
209.3,4043.165636362,OBSTACLE_WAIT,8.806930892262733,8.727844519301273,0.18258360953053204,1.5697660862961134e-06,0.0,0.0,0.030669268238419548,0.4561578494178641,0.8598948013232748,0.34001045501365684,green,False
209.5,4043.415971624,OBSTACLE_WAIT,8.806931212508974,8.727844835957635,0.1825836573468926,1.5699021100254728e-06,0.0,0.0,0.028285779569889508,-0.38367745171477,0.5982941110315002,0.3356880912813013,green,False
209.7,4043.615547295,OBSTACLE_WAIT,8.806931532782855,8.727845152641091,0.18258370516893277,1.5700370021229576e-06,0.0,0.0,0.028285779569889508,-0.38367745171477,0.5982941110315002,0.3366224526732917,green,False
209.8,4043.767553024,OBSTACLE_WAIT,8.806931692930092,8.727845310992913,0.18258372908207213,1.570104103205242e-06,0.0,0.0,0.028247041860870292,-0.38453726874449307,0.5984091376515861,0.296439861480512,green,False
210.0,4043.965628034,OBSTACLE_WAIT,8.806932013245007,8.72784562771659,0.18258377691256777,1.5702373712749835e-06,0.0,0.0,0.028300645198575988,-0.38579633475772657,0.5976023137372743,0.3194090624557275,green,False
210.2,4044.215991135,OBSTACLE_WAIT,8.806932333587005,8.727845944466814,0.18258382474865914,1.5703696730715311e-06,0.0,0.0,0.028285779569889508,-0.38367745171477,0.5982941110315002,0.3440773586127464,green,False
210.3,4044.316240887,OBSTACLE_WAIT,8.806932493768086,8.727846102851807,0.18258384866879215,1.5704353169540274e-06,0.0,0.0,0.028285779569889508,-0.38367745171477,0.5982941110315002,0.3269755058113734,green,False
210.5,4044.515576886,OBSTACLE_WAIT,8.806932760751405,8.727846366841348,0.18258388853875937,1.5705442193648275e-06,0.0,0.0,0.028215457160967128,-0.3854414968171088,0.5990266905316363,0.3234538954033024,green,False
210.7,4044.765707998,OBSTACLE_WAIT,8.806933134559008,8.727846736457042,0.18258394436314565,1.570695317385816e-06,0.0,0.0,0.028300645198575988,-0.38579633475772657,0.5976023137372743,0.34626974386008164,green,False
210.8,4044.865373046,OBSTACLE_WAIT,8.806933294773248,8.72784689487453,0.18258396829016887,1.570759681416316e-06,0.0,0.0,0.028300645198575988,-0.38579633475772657,0.5976023137372743,0.3102037743388718,green,False
211.0,4045.067260488,OBSTACLE_WAIT,8.806933561811526,8.727847158917927,0.18258400817157355,1.5708663332973202e-06,0.0,0.0,0.028261907489556787,-0.3866546763534893,0.5977350181119554,0.3256534114256737,green,False
211.2,4045.31593589,OBSTACLE_WAIT,8.806933882281298,8.727847475793359,0.18258405603424016,1.5709934230841193e-06,0.0,0.0,0.028200591532280772,-0.3833220045948768,0.5997223635529432,0.34104244511381887,green,False
211.3,4045.46905067,OBSTACLE_WAIT,8.806934042525882,8.727847634240575,0.18258407996760231,1.5710565554247152e-06,0.0,0.0,0.028285779569889508,-0.38367745171477,0.5982941110315002,0.31971651624635716,green,False
211.5,4045.665581659,OBSTACLE_WAIT,8.806934363034289,8.727847951153858,0.18258412783836236,1.5711820793582248e-06,0.0,0.0,0.028200591532280772,-0.3833220045948768,0.5997223635529432,0.3248045245812862,green,False
211.7,4045.915539637,OBSTACLE_WAIT,8.806934683568194,8.727848268092123,0.18258417571447902,1.571306357549598e-06,0.0,0.0,0.08628969793841545,-0.7931713598137832,0.6976042013070023,0.33770357409874735,green,False
211.8,4046.015511092,OBSTACLE_WAIT,8.806934843844639,8.72784842657055,0.18258419965453557,1.571368246057287e-06,0.0,0.0,0.030669268238419548,0.4561578494178641,0.8598948013232748,0.34816619775827756,green,False
212.0,4046.266294796,OBSTACLE_WAIT,8.806935164416387,8.727848743545879,0.18258424753862706,1.5714910515708908e-06,0.0,0.0,0.03050781099637244,0.4571272699549319,0.8596304963067927,0.3427645453376186,green,False
212.2,4046.465462646,OBSTACLE_WAIT,8.806935431578589,8.727849007710674,0.18258428744607028,1.571592757154447e-06,0.0,0.0,0.03059382760485467,0.45650549972938853,0.8595658476636625,0.3105749486267569,green,False
212.3,4046.615321203,OBSTACLE_WAIT,8.80693559188419,8.727849166217661,0.1825843113922878,1.5716536606227356e-06,0.0,0.0,0.028261907489556787,-0.3866546763534893,0.5977350181119554,0.31032758531205296,green,False
212.5,4046.865638698,OBSTACLE_WAIT,8.806935965954592,8.727849536090797,0.18258436727188443,1.5717940682414728e-06,0.0,0.0,0.028300645198575988,-0.38579633475772657,0.5976023137372743,0.31284413302067243,green,False
212.7,4047.066236129,OBSTACLE_WAIT,8.80693623316811,8.727849800305842,0.18258440719021551,1.5718938454618906e-06,0.0,0.0,0.028200591532280772,-0.3833220045948768,0.5997223635529432,0.3027097591897698,green,False
212.8,4047.165413955,OBSTACLE_WAIT,8.806936393504333,8.727849958842816,0.18258443114294043,1.5719531300113392e-06,0.0,0.0,0.028200591532280772,-0.3833220045948768,0.5997223635529432,0.3421848371060617,green,False
213.0,4047.415601494,OBSTACLE_WAIT,8.8069367141949,8.727850275934502,0.18258447905225814,1.5720713966271546e-06,0.0,0.0,0.08604872825885201,-0.7926961981945888,0.6980469046594573,0.2912501950649952,green,False
213.2,4047.665781087,OBSTACLE_WAIT,8.806937034909474,8.727850593049691,0.18258452696670743,1.5721885000292158e-06,0.0,0.0,0.030626190268893724,0.45454275985157144,0.8609141674486752,0.32905525740230135,green,False
213.3,4047.765711036,OBSTACLE_WAIT,8.806937195275692,8.72785075161603,0.1825845509258467,1.5722466963876647e-06,0.0,0.0,0.030669268238419548,0.4561578494178641,0.8598948013232748,0.33419214840227524,green,False
213.5,4047.965219816,OBSTACLE_WAIT,8.806937516025886,8.72785106876609,0.18258459884793607,1.5723623849212524e-06,0.0,0.0,0.03059382760485467,0.45650549972938853,0.8595658476636625,0.317171745292918,green,False
213.7,4048.166098889,OBSTACLE_WAIT,8.806937783335686,8.727851333075398,0.1825846387868756,1.5724582237787974e-06,0.0,0.0,0.028300645198575988,-0.38579633475772657,0.5976023137372743,0.30780804831303626,green,False
213.8,4048.315885506,OBSTACLE_WAIT,8.806937997195204,8.727851544534275,0.18258467074054463,1.572534156574139e-06,0.0,0.0,0.028200591532280772,-0.3833220045948768,0.5997223635529432,0.3467431497097232,green,False
