sim_time,wall_time,state,distance_odom_m,x_odom,y_odom,speed_measured,command_v,command_w,lane_lateral_est_m,lane_heading_est_rad,lane_confidence,front_m,light,stop,sign_label,people_count,path_curvature,image_wall_age,scan_wall_age,odom_wall_age,clock_wall_age,image_stamp_age,scan_stamp_age,odom_stamp_age,processing_ms,light_distance_m
2.6,17540.019989655,WAIT_SENSORS,2.2789374387889476e-07,2.8344428289738515e-05,-2.0413681253075106e-10,1.340551774422583e-06,0.0,0.0,0.0,0.0,0.0,inf,unknown,False,unknown,0,0.0,inf,0.03984126499926788,0.03498246900198865,0.0,inf,0.0009999999999998899,-0.008999999999999897,0.9181690002151299,inf
2.9,17540.406510159,FOLLOW,6.38102816208153e-07,2.875463736194533e-05,-1.9412487101274313e-10,1.340553179735355e-06,0.11976806690134355,0.0711697232960594,0.04165411729645392,0.1301102379100955,0.8818094227653259,inf,unknown,True,unknown,0,0.594229539954786,0.045646822996786796,0.04907326299871784,0.040157935000024736,0.0,0.021999999999999797,0.0009999999999998899,-0.015000000000000124,29.876096999942092,inf
3.0,17540.50619408,FOLLOW,0.001115601260506238,0.0011437177944957134,3.5025496428675285e-08,0.03401197194266826,0.11976806690134355,0.0711697232960594,0.04165411729645392,0.1301102379100955,0.8818094227653259,inf,unknown,True,unknown,0,0.594229539954786,0.05417164200116531,0.02334876900204108,0.001839346001361264,0.0,0.06299999999999972,0.0019999999999997797,-0.016999999999999904,0.305231998936506,inf
3.1,17540.656646888,FOLLOW,0.01086061744223512,0.010888731192926058,4.9836870461818665e-06,0.11986162742848938,0.11976806690134355,0.0711697232960594,0.04165411729645392,0.1301102379100955,0.8818094227653259,inf,unknown,True,unknown,0,0.594229539954786,0.2046244500015746,0.04653732199949445,0.01907503800248378,0.0,0.1629999999999998,0.002000000000000224,-0.018999999999999684,0.7977290006238036,inf
3.2,17540.759777971,FOLLOW,0.01901240406466609,0.01904042008547787,4.369313437147204e-05,0.11988093395430016,0.1203406351936018,0.07068776242218619,0.04117409178325975,0.12846657735371433,0.8832778277407595,inf,unknown,True,unknown,0,0.5873972852849332,0.10105997400023625,0.013506362000043737,0.018240312001580605,0.0,0.0900000000000003,0.0,0.013000000000000345,0.46105499859550036,inf
3.4,17541.006297178,FOLLOW,0.04779567114672344,0.04781992939725733,0.0004886337189761373,0.12248408584523748,0.12301143534830611,0.0646966467970897,0.036591313793529014,0.11566459881839514,0.8810089230411003,inf,unknown,True,unknown,0,0.5259401015352886,0.09824788399782847,0.029547751997597516,0.00026838199846679345,0.0,0.08899999999999997,0.0019999999999997797,-0.02499999999999991,26.032640002085827,inf
3.5,17541.158334288,FOLLOW,0.0561453627850649,0.0561668488698774,0.0007035770968942075,0.12311856049682408,0.1249688514272658,0.06426351225782642,0.03574252024890199,0.11311662856743677,0.8906054961153269,inf,unknown,True,unknown,0,0.5142362398619706,0.005604222002148163,0.04471999800080084,0.049516625000251224,0.0,-0.01100000000000012,0.0,0.007000000000000117,28.55874099986977,inf
3.6,17541.25833344,FOLLOW,0.06876747745869274,0.06878280008615446,0.0010973443281110777,0.1250760595714862,0.1249688514272658,0.06426351225782642,0.03574252024890199,0.11311662856743677,0.8906054961153269,inf,unknown,True,unknown,0,0.5142362398619706,0.10560337400238495,0.02585230499971658,0.02751540300232591,0.0,0.08899999999999997,0.002000000000000224,0.0050000000000003375,0.305761001072824,inf
3.7,17541.408587143,FOLLOW,0.08152526380462981,0.0815315133762357,0.0015778819139600987,0.12507666887629265,0.1274925183455067,0.061352418989562854,0.033590008515269165,0.10441161616929996,0.8931764892798771,inf,unknown,True,unknown,0,0.4812236810892451,0.1328461220000463,0.03152660100022331,0.030871234001097037,0.0,0.09100000000000019,0.001000000000000334,0.0030000000000001137,0.28994600143050775,inf
3.9,17541.661293019,FOLLOW,0.10768370754368303,0.10766091048020507,0.0028070621465398904,0.12933995367931542,0.13354102649781494,0.05893535920561667,0.034646365028756565,0.06980358385734524,0.8713618450091968,inf,unknown,True,unknown,0,0.44132773838293804,0.03469123399918317,0.010828349997609621,0.00998397799776285,0.0,0.052000000000000046,0.0,-0.0009999999999998899,31.281957002647687,inf
4.0,17541.806165671,FOLLOW,0.121017041780154,0.12097356003438453,0.0035491741728043936,0.1336427047567527,0.13599603857504283,0.05462625780824577,0.03154392023268765,0.06300608997450738,0.8745415843424007,inf,unknown,True,unknown,0,0.4016753604047291,0.05094107500190148,0.04759488499985309,0.03129608300150721,0.0,0.03000000000000025,0.0,-0.0030000000000001137,30.15417699862155,inf
4.2,17542.064285333,FOLLOW,0.148690372969495,0.1485895341105451,0.005327829777321554,0.13729336208426748,0.14772077616343923,0.05268507042077392,0.03248123092934459,0.025764151514831482,0.8735307072824868,inf,unknown,True,unknown,0,0.3566530842112745,0.05778713999825413,0.03438132899827906,0.027222180000535445,0.0,0.05799999999999983,0.0,-0.006999999999999673,37.33116299918038,inf
4.4,17542.35872216,FOLLOW,0.177560682906578,0.17737746161443413,0.007505183835999825,0.14925401694263435,0.14917147988144755,0.0471728865828217,0.02908192745594146,0.020666295178727805,0.8715474137230094,inf,unknown,True,unknown,0,0.3162326110883384,0.2150040849992365,0.04765676699753385,0.03422986599980504,0.0,0.133,0.0,-0.010999999999999233,0.3309339990664739,inf
4.6,17542.616358353,FOLLOW,0.20839539391239825,0.20809952866636666,0.010137287421815045,0.1530957981711776,0.15299106214741956,0.03185306331675733,0.02196295983181776,-0.005573476139237372,0.8617932901855978,inf,unknown,True,unknown,0,0.2082021189320476,0.03237964999789256,0.05714790799902403,0.031661762001022,0.0,0.02400000000000002,0.0,-0.015000000000000568,34.68426000108593,inf
4.7,17542.708882475,FOLLOW,0.21880591191644486,0.21846694762635555,0.011083574832437186,0.15309593982336872,0.15299106214741956,0.03185306331675733,0.02196295983181776,-0.005573476139237372,0.8617932901855978,inf,unknown,True,unknown,0,0.2082021189320476,0.011570902999665122,0.016309152997564524,0.04979938399992534,0.0,0.01499999999999968,-0.0030000000000001137,0.017000000000000348,0.2823750000970904,inf
4.9,17543.009319821,FOLLOW,0.2549188093566261,0.2544134532991664,0.014545491458951985,0.1499346708140889,0.14615111979688028,0.01793564677333989,0.015766322381532263,-0.022205998986527677,0.8570261046783545,inf,unknown,True,unknown,0,0.12271987240512913,0.02409450699997251,0.021959054000035394,0.02028968000013265,0.0,0.04400000000000048,-0.0009999999999994458,-0.020999999999999908,54.268271996988915,inf
5.1,17543.20676217,FOLLOW,0.28477851365159806,0.2841195553431357,0.017570112915566524,0.14447797067496906,0.14443805634413504,0.01401193576999416,0.01627703815663334,-0.042974136811918584,0.8886433796088122,inf,unknown,True,unknown,0,0.09700999947416643,0.0589961570003652,0.043783256001916016,0.026324328002374386,0.0,0.08800000000000008,0.0,-0.025000000000000355,0.29394800003501587,inf
5.2,17543.358170747,FOLLOW,0.299515254628514,0.29877669467387086,0.019099742846662864,0.14447788153889635,0.14317705292817368,0.011738056054005254,0.015420430066157457,-0.04741007973768395,0.8897063426000108,inf,unknown,True,unknown,0,0.08198280250881947,0.21040473399989423,0.04342343600001186,0.01993701000174042,0.0,0.1880000000000006,-0.006000000000000227,-0.027000000000000135,1.0115500008396339,inf
5.4,17543.556446155,FOLLOW,0.32386330625182747,0.3229888049311732,0.02166901130758268,0.14321377998537976,0.14317705292817368,0.011738056054005254,0.015420430066157457,-0.04741007973768395,0.8897063426000108,inf,unknown,True,unknown,0,0.08198280250881947,0.4086801419980475,0.024205657999118557,0.02655406599660637,0.0,0.3880000000000008,0.0,0.0030000000000001137,0.24747000134084374,inf
5.6,17543.806417845,FOLLOW,0.35749163215371815,0.35642118133588274,0.025293930769278362,0.13309393226379393,0.13308043945943604,-0.005750664001197299,0.009214639654437095,-0.09035505556313118,0.9063425872985788,inf,unknown,True,stop,0,-0.04321194027128342,0.013317225999344373,0.03513805100010359,0.000797601998783648,0.0,0.0030000000000001137,-0.001000000000000334,-0.03500000000000014,0.2389959990978241,inf
5.7,17543.908506981,FOLLOW,0.36654199977046414,0.3654184746258694,0.026272637447260258,0.1330935118633801,0.11435730833469801,-0.01128452056473696,0.009400683547332332,-0.12859794950762682,0.8395699819018446,inf,unknown,True,stop,0,-0.09867773847658007,0.016521277000720147,0.015243511999869952,0.014149751998047577,0.0,0.03699999999999992,-0.0019999999999997797,-0.0030000000000001137,0.27632600176730193,inf
5.9,17544.156568936,FOLLOW,0.39101594799220435,0.38974800261674303,0.028927460657547265,0.11419712475564366,0.11419307118244557,-0.012342966510250937,0.008580658433887889,-0.12947893466090438,0.8397614677130292,inf,unknown,True,stop,0,-0.10808857649980055,0.2645832320013142,0.03119380800126237,0.029262833999382565,0.0,0.2370000000000001,0.0,-0.006999999999999673,0.504990999615984,inf
6.1,17544.406211509,FOLLOW,0.4103687652679426,0.4089901691263466,0.030993956711407342,0.11328604597049449,0.09980284885381704,-0.023865102219407516,0.006981220675788283,-0.20547756956336155,0.8392831438820648,inf,unknown,True,unknown,0,-0.23912245485460182,0.0019123489983030595,0.011413843996706419,0.029053416998067405,0.0,0.03799999999999937,-0.001000000000000334,0.022999999999999687,35.089769000478555,inf
6.2,17544.558282724,FOLLOW,0.4215150922225309,0.42007523482956655,0.03216095976118538,0.10078998487571328,0.10239195056043324,-0.0236693333393978,0.006037867232471343,-0.1942325750540889,0.8450643395324612,inf,unknown,True,stop,0,-0.2311640046883159,0.0054701279987057205,0.0012408469992806204,0.05920338699797867,0.0,0.04400000000000048,-0.0009999999999994458,0.020999999999999908,0.2563720008765813,inf
6.4,17544.856294339,FOLLOW,0.4462997779694452,0.4447330599653373,0.03466512511974354,0.10742775804361934,0.11396490083807224,-0.02013496495724496,0.002105662424245494,-0.1326992770256308,0.8431808372602609,inf,unknown,True,stop,0,-0.1766768962125791,0.07079326899838634,0.016226846997597022,0.012086163998901611,0.0,0.06600000000000072,0.0,-0.01699999999999946,0.29648800045833923,inf
6.6,17545.160655986,FOLLOW,0.4671543281212117,0.4654908947473742,0.03667098287351603,0.09462959293918581,0.09446480988739597,-0.03548113939797482,0.0047907873056318995,-0.2797713247165873,0.8918676243924408,inf,unknown,True,unknown,0,-0.3756016599225583,0.09753171400006977,0.04355178500190959,0.029710427999816602,0.0,0.06699999999999928,-0.006000000000000227,-0.021000000000000796,27.961544998106547,inf
6.7,17545.256840145,FOLLOW,0.4768002876445359,0.47509664559234577,0.037550756463726825,0.09443779757497173,0.09446480988739597,-0.03548113939797482,0.0047907873056318995,-0.2797713247165873,0.8918676243924408,inf,unknown,True,unknown,0,-0.3756016599225583,0.016890502000023844,0.021828390999871772,0.000434260000474751,0.0,0.0259999999999998,-0.006999999999999673,-0.022999999999999687,0.3418849992158357,inf
6.9,17545.511497649,FOLLOW,0.49299706267619403,0.49123266088400286,0.03895212054217937,0.09585171776566877,0.09394739301212225,-0.034196025831073514,0.001265207016490244,-0.2504292506815906,0.8486962838939387,inf,unknown,True,stop,0,-0.36399121609112794,0.024440648001473164,0.00988243100073305,0.02568889699978172,0.0,0.03000000000000025,-0.008000000000000007,0.007000000000000561,26.912913999694865,inf
7.1,17545.761233516,FOLLOW,0.5122909001375862,0.510464270671609,0.04049999734502136,0.09392201205655057,0.09154523192130086,-0.02862720551870249,-0.004781257749072135,-0.17834509620096523,0.7353435550314503,inf,unknown,True,stop,0,-0.3127110491490434,0.02633391100243898,0.13463997700091568,0.008883215999958338,0.0,0.052999999999999936,0.09299999999999997,0.0029999999999992255,0.8607269992353395,inf
7.2,17545.913414178,FOLLOW,0.5216297319084133,0.5197765405962633,0.041203811789636294,0.09152720264958764,0.08814446345236385,-0.009154409216080784,-0.025697589252404934,0.1008324211121218,0.6131334033121711,inf,unknown,True,stop,0,-0.10385688286625201,0.015060523001011461,0.03279098400162184,0.04369533200224396,0.0,0.0030000000000001137,-0.006999999999999673,0.001000000000000334,22.831915997812757,inf
7.4,17546.158844576,FOLLOW,0.5381278755275484,0.5362331250413559,0.042373965698509305,0.088152202193702,0.07952438104209308,-0.002694702841520202,-0.026209419893111215,0.15070421788759705,0.60825572312196,inf,unknown,True,stop,0,-0.03388524130849717,0.02377322199754417,0.026327080999180907,0.029477046999090817,0.0,0.02400000000000002,-0.008000000000000007,-0.0030000000000001137,1.4039960005902685,inf
7.6,17546.417836225,FOLLOW,0.5511417240449628,0.5492154194333619,0.043279661429386725,0.07176935253646757,0.060182324894414545,0.018595810548345183,-0.0355634294801723,0.42008673510815964,0.6854823101927631,inf,unknown,True,stop,0,0.3089912292516144,0.06361993799873744,0.1537802439997904,0.034971807999681914,0.0,0.04999999999999982,0.09299999999999997,0.026999999999999247,0.33307400008197874,inf
7.7,17546.557555063,FOLLOW,0.5604089416545123,0.5584598491099972,0.04392914698222797,0.060226792494017786,0.060182324894414545,0.018595810548345183,-0.0355634294801723,0.42008673510815964,0.6854823101927631,inf,unknown,True,stop,0,0.3089912292516144,0.203338775998418,0.01046067799688899,0.010848375997738913,0.0,0.15000000000000036,-0.008999999999999453,-0.008999999999999453,0.3196160032530315,inf
7.9,17546.817435766,FOLLOW,0.5726951913189959,0.5707133725444181,0.04482520329537403,0.06022665253967745,0.060182324894414545,0.018595810548345183,-0.0355634294801723,0.42008673510815964,0.6854823101927631,inf,unknown,True,stop,0,0.3089912292516144,0.46321947899923543,0.028316241998254554,0.011921470999368466,0.0,0.35000000000000053,-0.008000000000000007,-0.0129999999999999,0.27496899929246865,inf
8.1,17547.068294844,FOLLOW,0.5829337145762791,0.5809219568600495,0.04560755888866213,0.060226569862681004,0.05436945389333594,0.027398658232922243,-0.04308876699903866,0.5635484011572462,0.7276055607043953,inf,unknown,True,stop,0,0.5039347698189864,0.06306635200235178,0.015321719001804013,0.03862381699946127,0.0,0.054999999999999716,-0.006999999999999673,0.01699999999999946,1.515084000857314,inf
8.3,17547.310593396,FOLLOW,0.594311355444853,0.5922626858747116,0.04652312182438551,0.05511990369924047,0.05497447811037976,0.030888876436190277,-0.03781440130725988,0.5676274151910725,0.7388168354920134,inf,unknown,True,unknown,0,0.5618766652803955,0.07871385899852612,0.13370472499809694,0.026344689998950344,0.0,0.07600000000000051,0.08999999999999986,0.0129999999999999,0.34366700128884986,inf
8.5,17547.606782635,FOLLOW,0.6074631328263502,0.6053646930682082,0.04766587433196123,0.05545350836876876,0.05538187447627029,0.03410833452841211,-0.03139596886426724,0.5645649739116815,0.7419363376303288,inf,unknown,True,stop,0,0.6158754078110277,0.04829853599949274,0.027868942001077812,0.011682996999297757,0.0,0.0259999999999998,-0.012000000000000455,-0.025000000000000355,0.6067270005587488,inf
8.7,17547.858492229,FOLLOW,0.6198299761624435,0.6176765157726201,0.04883088202411101,0.06435265987978096,0.06457190529654043,0.0442100842706541,-0.018375853512956286,0.5376023595385077,0.840871816193519,inf,unknown,True,unknown,0,0.6846643918531353,0.014059793000342324,0.013632877999043558,0.005596056998911081,0.0,0.02099999999999902,-0.010000000000001563,-0.028999999999999915,0.5811410010210238,inf
8.8,17547.956682816,FOLLOW,0.6264246328772451,0.6242380976415997,0.04949048542048783,0.06465843514805444,0.06501678462578028,0.04529552285133289,-0.017015499283334623,0.5373637665767854,0.8464496962157366,inf,unknown,True,unknown,0,0.6966742989835956,0.0011967289974563755,0.013742502000241075,0.004599406998750055,0.0,0.023000000000001464,-0.008999999999998565,-0.030999999999998806,0.43930000174441375,inf
9.0,17548.208424319,FOLLOW,0.6375353219247729,0.6352861121098414,0.05066870557533569,0.06643937382919804,0.0668207046234273,0.05119776205247335,-0.009024894714003195,0.5357791065694857,0.8684641565674209,inf,unknown,True,stop,0,0.7661960816037765,0.01234756900157663,0.01168931600113865,0.011146641998493578,0.0,0.019999999999999574,-0.009000000000000341,-0.0009999999999994458,0.35258799834991805,inf
9.2,17548.456998628,FOLLOW,0.6535784766746526,0.6512209673562429,0.052528825342157234,0.068923130494689,0.0679168591200294,0.05740253457638693,-0.0008045829343378275,0.5390506357086058,0.8857968018332698,inf,unknown,True,stop,0,0.8451882981652535,0.06459125200126437,0.029738502998952754,0.0003938080008083489,0.0,0.03399999999999892,-0.010000000000001563,-0.03900000000000148,24.249527999927523,inf
9.3,17548.562819462,FOLLOW,0.6582357834059875,0.6558423261973038,0.053106344903454575,0.06802347710657287,0.0679168591200294,0.05740253457638693,-0.0008045829343378275,0.5390506357086058,0.8857968018332698,inf,unknown,True,stop,0,0.8451882981652535,0.1704120860013063,0.026256493001710624,0.027785239999502664,0.0,0.13400000000000034,-0.010999999999999233,-0.006999999999999673,0.4821430011361372,inf
9.5,17548.809304813,FOLLOW,0.6697994168597653,0.6673067132482208,0.054617783386152634,0.06802273400053067,0.07385108955297418,0.06634204634224061,0.010729921256112496,0.511906497360666,0.9353512277850216,inf,unknown,True,stop,0,0.8983218357889325,0.13708409799801302,0.14286518999870168,0.04522589699990931,0.0,0.11100000000000065,0.0909999999999993,0.022999999999999687,0.41623099969001487,inf
9.7,17549.057358026,FOLLOW,0.684881415583724,0.6822354596195346,0.05676158840541393,0.07397179078380878,0.0763680228242278,0.07162376884496324,0.01698903136140245,0.5034783263402475,0.9582896312103772,inf,unknown,True,unknown,0,0.9378764330433936,0.05213666099734837,0.1366097850004735,0.02913960799924098,0.0,0.058999999999999275,0.0909999999999993,0.01899999999999835,0.3142500027024653,inf
9.8,17549.212322936,FOLLOW,0.6953124857163848,0.6925427548823063,0.05836348887251466,0.0774553440786963,0.07732496561750611,0.07464297021272011,0.02113763194561208,0.4987674027106803,0.9652383126769253,inf,unknown,True,stop,0,0.965315271938785,0.10610931799965329,0.023558900000352878,0.014984918001573533,0.0,0.08800000000000097,-0.009999999999999787,-0.01699999999999946,0.5553160008275881,inf
10.0,17549.456529032,FOLLOW,0.7111490108129261,0.7081596452673201,0.06099094447652704,0.07859153266706112,0.07846848393517852,0.0793113573876843,0.027036305809389788,0.49629087499679214,0.9768136961935123,inf,unknown,True,stop,0,1.0107415539365086,0.03957796299800975,0.010700135997467441,0.007739901000604732,0.0,0.034000000000000696,-0.010999999999999233,-0.021000000000000796,0.25455200011492707,inf
10.2,17549.721743804,FOLLOW,0.7245351733949092,0.7213266400607252,0.06340278456666229,0.07897547199026819,0.0798200264957875,0.0831134332534717,0.03321659288414337,0.48337549485872905,0.9793202139632383,inf,unknown,True,stop,0,1.0412604067208373,0.1339278839986946,0.15178232499965816,0.03345606199945905,0.0,0.09600000000000009,0.08999999999999986,0.008999999999998565,2.4918720009736717,inf
10.3,17549.856857723,FOLLOW,0.7326884204089993,0.7293297666411207,0.06496004129557058,0.07994669412052834,0.0798200264957875,0.0831134332534717,0.03321659288414337,0.48337549485872905,0.9793202139632383,inf,unknown,True,stop,0,1.0412604067208373,0.26904180299970903,0.02434008199998061,0.034595806999277556,0.0,0.1960000000000015,-0.010999999999999233,0.0070000000000014495,0.45879300159867853,inf
10.5,17550.156910071,FOLLOW,0.7517834022137003,0.7480191963543535,0.06887303904959954,0.08060076522151284,0.08204766800083961,0.08930828764881982,0.0434720846599885,0.4598252835191138,0.979814713901445,inf,unknown,True,stop,0,1.0884926997304287,0.018237453001347603,0.0174695210007485,0.0005248570014373399,0.0,0.019000000000000128,-0.009000000000000341,-0.031000000000000583,0.468884998554131,inf
10.7,17550.420824064,FOLLOW,0.7657911662339931,0.761676548204489,0.07198600638155249,0.0827082122885345,0.08308339986965327,0.09152091526248346,0.046855102296485485,0.45037177773015735,0.9812747006530914,inf,unknown,True,stop,0,1.1015547679327944,0.1509285620013543,0.04039000400007353,0.04296525300014764,0.0,0.11499999999999844,-0.010000000000001563,-0.0010000000000012221,1.6017410016502254,inf
10.8,17550.559027823,FOLLOW,0.7742819605049639,0.7699312226670479,0.073974340724677,0.08323738688616925,0.08491203371451052,0.09555577095197768,0.052174006938326994,0.437683310244027,0.9879082427989386,inf,unknown,True,stop,0,1.1253501626548401,0.03033832900109701,0.040136249001079705,0.041378346002602484,0.0,0.011000000000001009,-0.008999999999998565,-0.0030000000000001137,38.878988998476416,inf
11.0,17550.867082699,FOLLOW,0.7915093256312004,0.7866203821239965,0.07824578377365567,0.08496627121656411,0.08629953834756487,0.09809086123407432,0.05724813205464807,0.4175481584609475,0.9799170646122441,inf,unknown,True,stop,0,1.1366325140584272,0.015048386998387286,0.04345603799811215,0.04387405899979058,0.0,-0.0030000000000001137,-0.010999999999999233,-0.006999999999999673,33.9762370022072,inf
11.2,17551.156461457,FOLLOW,0.8091089641530589,0.8035817717198408,0.08294138295212236,0.08836899270669266,0.08819954065981805,0.10026785924038784,0.05948050192070538,0.40518549647602226,0.9863470963212876,inf,unknown,True,stop,0,1.1368297214507814,0.1956726010030252,0.026388719001261052,0.025484713001787895,0.0,0.12599999999999945,-0.010000000000001563,-0.011000000000001009,0.36974899921915494,inf
11.3,17551.256256799,FOLLOW,0.8181226304444991,0.8122315047721302,0.08547666826030419,0.08837208644610486,0.08819954065981805,0.10026785924038784,0.05948050192070538,0.40518549647602226,0.9863470963212876,inf,unknown,True,stop,0,1.1368297214507814,0.29546794300040347,0.016518299999006558,0.00027644999863696285,0.0,0.22600000000000087,-0.009999999999999787,-0.0129999999999999,0.3215770011593122,inf
11.5,17551.456334624,FOLLOW,0.8333392419771458,0.826773515926027,0.08995658563203188,0.09126259819603982,0.09413259989211575,0.10746510106548982,0.06759012346381685,0.362203328291912,0.9965025130352986,inf,unknown,True,stop,0,1.141635322817539,0.03056123399801436,0.09322208699813928,0.030026819000340765,0.0,0.06199999999999939,0.0860000000000003,0.01699999999999946,31.79266300139716,inf
11.6,17551.706291791,STOP_HOLD,0.8523751409331605,0.8448527547178843,0.09591417075112996,0.09451399708653818,0.0,0.0,0.07070351358932331,0.34266661551524474,0.9949945525952361,inf,unknown,True,stop,0,1.1399526869630832,0.06743267400088371,0.1087080090001109,0.0019275260019639973,0.09776347600200097,-0.030000000000001137,-0.012000000000000455,-0.08699999999999974,35.81114500047988,inf
11.8,17551.856633771,STOP_HOLD,0.8600443354455328,0.8520994514155574,0.09842450837655756,0.035016416136803265,0.0,0.0,0.07070351358932331,0.34266661551524474,0.9949945525952361,inf,unknown,True,stop,0,1.1399526869630832,0.21777465400009532,0.0006674659998679999,0.02827154799888376,0.0,0.16999999999999993,-0.011999999999998678,0.011000000000001009,0.4580269996949937,inf
12.0,17552.107059301,STOP_HOLD,0.8601952070937621,0.8522158786730764,0.09846536449360957,0.00010237084316682894,0.0,0.0,0.07220613944408177,0.3295848559586639,0.9953995469354611,inf,unknown,True,stop,0,1.1344374899865113,0.11174801599918283,0.11134604399921955,0.010296049000316998,0.0,0.14499999999999957,0.08699999999999974,0.006999999999999673,0.3774010001507122,inf
12.2,17552.356670926,STOP_HOLD,0.8602071731037974,0.8522045911450077,0.09846139245312398,7.387624441971136e-06,0.0,0.0,0.07219635285226386,0.32798365544548125,0.9940151413792954,inf,red,True,stop,0,1.1322414635422153,0.0805276370010688,0.11545218000173918,0.003428675001487136,0.0,0.08699999999999974,0.08899999999999864,0.0030000000000001137,36.48815099950298,2.593264774791722
12.3,17552.511420376,STOP_HOLD,0.8602077860187612,0.8522040130277111,0.09846118887231935,5.486785646414254e-06,0.0,0.0,0.07222217374786105,0.3292036022536582,0.9929590063029351,inf,red,True,stop,0,1.1340596599569766,0.09805435999805923,0.006617529998038663,0.006019869997544447,0.0,0.07600000000000051,-0.0129999999999999,0.0010000000000012221,0.40456799979438074,2.593264774791722
12.5,17552.761508711,STOP_HOLD,0.860208736299433,0.852203116739862,0.09846087311696423,3.841221724199302e-06,0.0,0.0,0.07219635285226386,0.32798365544548125,0.9940151413792954,inf,red,True,stop,0,1.1322414635422153,0.047960386000340804,0.017091235997213516,0.02446991299802903,0.0,0.04800000000000004,-0.012000000000000455,-0.0030000000000001137,32.02877399962745,2.593264774791722
12.7,17553.009034522,STOP_HOLD,0.8602093482164789,0.8522025396251122,0.09846066969367229,2.2322842937922404e-06,0.0,0.0,0.07221397913365124,0.3276701025346752,0.9966302241025802,inf,red,True,stop,0,1.131965964381273,0.1344954280029924,0.01911301800282672,0.019620778002717998,0.0,0.11299999999999955,-0.011000000000001009,-0.0070000000000014495,0.4124039987800643,2.593264774791722
12.8,17553.160172616,STOP_HOLD,0.860209539325187,0.8522023593937217,0.09846060613909567,1.5246747288376826e-06,0.0,0.0,0.0720691971868457,0.3283365291625329,0.9949858055913486,inf,red,True,stop,0,1.1317031207482426,0.02330820800125366,0.039818823999667075,0.04028766800183803,0.0,0.0070000000000014495,-0.010999999999999233,-0.008999999999998565,35.14399100095034,2.1610539789931016
13.0,17553.409214836,STOP_HOLD,0.8602097069413873,0.8522022013232056,0.09846055038156216,1.2901423137333465e-07,0.0,0.0,0.07221397913365124,0.3276701025346752,0.9966302241025802,inf,red,True,stop,0,1.131965964381273,0.03774363900083699,0.04437673199936398,0.04328336500111618,0.0,0.032999999999999474,-0.010999999999999233,-0.0129999999999999,26.50793800057727,2.1610539789931016
13.2,17553.613304375,STOP_HOLD,0.8602097820436397,0.8522022714985298,0.09846057514966614,9.532744552017097e-07,0.0,0.0,0.07194403118199047,0.328614363768064,0.9945812395347062,inf,red,True,stop,0,1.1310811144139261,0.14717141000073752,0.12129013900266727,0.011371305001375731,0.0,0.1479999999999997,0.08799999999999919,0.01699999999999946,0.2786229997582268,2.593264774791722
13.3,17553.764239113,STOP_HOLD,0.8602098967758425,0.8522023796870208,0.09846061334297382,9.965808376340221e-07,0.0,0.0,0.07194403118199047,0.328614363768064,0.9945812395347062,inf,red,True,stop,0,1.1310811144139261,0.018801719998009503,0.1314327219988627,0.0182018089981284,0.0,0.03300000000000125,0.08800000000000097,0.015000000000000568,0.2492359999450855,2.593264774791722
13.5,17554.056292376,STOP_HOLD,0.860210214890094,0.8522022332272171,0.09846056160805701,1.3554557715604052e-05,0.0,0.0,0.07191622117099383,0.3282140374630448,0.994877683362736,inf,red,True,stop,0,1.1303309023010504,0.04103650800243486,0.0042712460017355625,0.04670959400027641,0.0,0.04899999999999949,-0.012000000000000455,0.010999999999999233,0.24001999918255024,2.593264774791722
13.7,17554.306190427,STOP_HOLD,0.8602132114520854,0.8522050586627743,0.09846155975517908,1.4750003650980506e-05,0.0,0.0,0.07183269919190076,0.3269437723828485,0.9959379587132388,inf,red,True,stop,0,1.1279870936193757,0.11136537800121005,0.10762469600012992,0.01303506399926846,0.0,0.10499999999999865,0.08799999999999919,0.006999999999999673,0.2850460004992783,2.593264774791722
13.8,17554.456532476,STOP_HOLD,0.8602147147211562,0.8522064760605459,0.09846206055599384,1.4726077018695608e-05,0.0,0.0,0.07183269919190076,0.3269437723828485,0.9959379587132388,inf,red,True,stop,0,1.1279870936193757,0.08583743700000923,0.13062055699992925,0.012074726000719238,0.0,0.08200000000000074,0.0860000000000003,0.005000000000000782,0.2466549995006062,2.593264774791722
14.0,17554.706396175,STOP_HOLD,0.8602177139509104,0.852209303919597,0.0984630598518975,1.4678433336127185e-05,0.0,0.0,0.07177811196220554,0.3286884528445453,0.9951795961791915,inf,red,True,stop,0,1.129866541212122,0.02560462199835456,0.003265642997575924,0.02715632299805293,0.0,0.04100000000000037,-0.013999999999999346,0.0009999999999994458,29.599887999211205,2.593264774791722
14.1,17554.920147322,FOLLOW,0.8602202058801609,0.8522116534188834,0.09846389025209737,1.4638687482048245e-05,0.09864247518388267,0.1112674388900892,0.07183269919190076,0.3269437723828485,0.9959379587132388,inf,red,True,stop,0,1.1279870936193757,0.1830085309993592,0.07616672299991478,0.02435111199883977,0.06142870399708045,0.09799999999999898,-0.0129999999999999,-0.06900000000000084,0.862569002492819,2.593264774791722
14.3,17555.057643974,FOLLOW,0.8669315230323295,0.8585353893038871,0.10071157789146802,0.09485200530209924,0.09864247518388267,0.1112674388900892,0.07183269919190076,0.3269437723828485,0.9959379587132388,inf,red,True,stop,0,1.1279870936193757,0.32050518300093245,0.08921715799806407,0.0035366060001251753,0.0,0.29800000000000004,0.0860000000000003,-0.004999999999999005,0.28034800197929144,2.593264774791722
14.5,17555.359573061,FOLLOW,0.8870769574292185,0.87742330816387,0.107716463485468,0.09877754632945819,0.10132082989485848,0.11273619043164088,0.07565535851138003,0.29216991003600645,0.9740448571263571,inf,red,True,stop,0,1.1126654859482321,0.06716196900015348,0.016976897000859026,0.01643296099791769,0.0,0.0470000000000006,-0.0129999999999999,-0.009000000000000341,0.576481001189677,2.593264774791722
14.7,17555.614058616,FOLLOW,0.9076788320756898,0.8965719487246429,0.11531574079696691,0.10145366170962211,0.10713376852057305,0.11035670575059393,0.07935387982377155,0.20534254117341894,0.9007309400240072,inf,red,True,stop,0,1.0300832993604812,0.053929468998831,0.03393358999892371,0.03426690600099391,0.0,0.030999999999998806,-0.0129999999999999,-0.0129999999999999,45.31130800023675,2.593264774791722
14.8,17555.758022866,FOLLOW,0.9185076760491468,0.9065675841850187,0.11948107706067104,0.10726227954648067,0.10868527371562967,0.10964316892512857,0.08007779551531077,0.1842278850525961,0.8819023277672894,inf,red,True,stop,0,1.0088134774542243,0.09693910400164896,0.03275342599954456,0.0318354939990968,0.0,0.0810000000000013,-0.0129999999999999,-0.014999999999998792,30.514488000335405,2.593264774791722
15.0,17556.006732385,FOLLOW,0.9368978505065909,0.9234350307836875,0.12680763379073465,0.10880972064062361,0.0979521668409744,0.1070698789353839,0.07850057173066961,0.2595215263967742,0.897243924844874,inf,red,True,stop,0,1.09308331187009,0.038785873002780136,0.0052268140025262255,0.0460710530023789,0.0,0.0389999999999997,-0.012000000000000455,0.015000000000000568,0.348087000020314,2.593264774791722
15.2,17556.257839463,FOLLOW,0.9568167299205119,0.9415447278563478,0.13510137607619999,0.10442945327619985,0.10431175264580637,0.10628973966704512,0.07968801166036253,0.19459252788822823,0.8614303985294666,inf,red,True,stop,0,1.0189622642805654,0.1459131330011587,0.12744634800037602,0.01696069999889005,0.0,0.14499999999999957,0.08599999999999852,0.010999999999999233,0.6858279994048644,2.593264774791722
15.3,17556.407119463,FOLLOW,0.9674684313509301,0.9511576130258884,0.13968942570009715,0.10442757911896569,0.10431175264580637,0.10628973966704512,0.07968801166036253,0.19459252788822823,0.8614303985294666,inf,red,True,stop,0,1.0189622642805654,0.29519313300261274,0.011167870001372648,0.040375263000896666,0.0,0.245000000000001,-0.011999999999998678,0.009000000000000341,0.43798699698527344,2.593264774791722
15.5,17556.658988329,FOLLOW,0.9905537992132434,0.9718226703990253,0.1499787150275839,0.12436657945780291,0.12425618283528046,0.10454555987116897,0.08137368749327195,0.04735617703049364,0.7720384850776821,inf,red,True,stop,0,0.8413710890327222,0.22912978000022122,0.10794302599970251,0.025640977000875864,0.0,0.19100000000000072,0.08500000000000085,0.005000000000000782,0.5048499988333788,2.1610539789931016
15.7,17556.907546092,FOLLOW,1.0146886665469788,0.9932031588972169,0.1611745630223692,0.08631839778163032,0.0858339318639852,0.038385251279065724,0.08563995863355812,-0.2599339742124262,0.7867323302399772,inf,red,True,stop,0,0.44720369258968634,0.16697788599776686,0.09479300900056842,0.013881840000976808,0.0,0.18900000000000006,0.08599999999999852,0.0009999999999994458,0.3563070022210013,2.1610539789931016
15.8,17557.061214478,FOLLOW,1.0234466262461337,1.000910093052848,0.16533448299389986,0.0858833432734759,0.0858339318639852,0.038385251279065724,0.08563995863355812,-0.2599339742124262,0.7867323302399772,inf,red,True,stop,0,0.44720369258968634,0.3206462719972478,0.029450892998283962,0.04395753299831995,0.0,0.2890000000000015,-0.014999999999998792,-0.0009999999999994458,0.9724699993967079,2.1610539789931016
16.0,17557.30698095,FOLLOW,1.0409667930078044,1.0162778331759352,0.17374799828015663,0.08588300194230668,0.0858339318639852,0.038385251279065724,0.08563995863355812,-0.2599339742124262,0.7867323302399772,inf,red,True,stop,0,0.44720369258968634,0.5664127439995355,0.020145718001003843,0.02774320699973032,0.0,0.48900000000000077,-0.013999999999999346,-0.004999999999999005,0.5283649988996331,2.1610539789931016
16.1,17557.415922738,FOLLOW,1.0497268472150287,1.0239365106031837,0.17800042349871648,0.08588276938869688,0.0858339318639852,0.038385251279065724,0.08563995863355812,-0.2599339742124262,0.7867323302399772,inf,red,True,stop,0,0.44720369258968634,0.6753545319988916,0.014303281001048163,0.01716401900193887,0.0,0.5890000000000022,-0.013999999999999346,-0.006999999999997897,0.38544199924217537,2.1610539789931016
16.3,17557.706702815,FOLLOW,1.0677491038681388,1.0396413301565302,0.18684118112105277,0.09348609063474288,0.08951487965123471,0.014588608384422871,0.05820519874818744,-0.2710406443345176,0.8342794794262686,inf,red,True,unknown,0,0.16297411604933823,0.013270544000988593,0.028579279001860414,0.029836116002115887,0.0,0.045000000000001705,-0.015000000000000568,-0.010999999999999233,25.911021999490913,2.1610539789931016
16.5,17557.967675929,FOLLOW,1.0862900953572963,1.0557515988543067,0.19601872142834503,0.0895421295506626,0.08951487965123471,0.014588608384422871,0.05820519874818744,-0.2710406443345176,0.8342794794262686,inf,red,True,unknown,0,0.16297411604933823,0.274243658001069,0.034081170000717975,0.0444415210004081,0.0,0.245000000000001,-0.01699999999999946,-0.015000000000000568,0.5001659992558416,2.1610539789931016
16.6,17558.061864779,FOLLOW,1.0954233726392537,1.0636763918288383,0.20055902926324537,0.08954174066371734,0.08951487965123471,0.014588608384422871,0.05820519874818744,-0.2710406443345176,0.8342794794262686,inf,red,True,unknown,0,0.16297411604933823,0.36843250799938687,0.022334135999699356,0.022880912998516578,0.0,0.3450000000000024,-0.01799999999999713,-0.01699999999999946,0.47031999929458834,2.1610539789931016
16.8,17558.307912974,FOLLOW,1.110645413198708,1.0768685660694908,0.208153562355176,0.0895411102131738,0.08951487965123471,0.014588608384422871,0.05820519874818744,-0.2710406443345176,0.8342794794262686,inf,red,True,unknown,0,0.16297411604933823,0.6144807029995718,0.13695173499945668,0.04449441999895498,0.0,0.5450000000000017,0.08099999999999952,0.013000000000001677,0.5284750004648231,2.1610539789931016
17.0,17558.556522519,FOLLOW,1.1289117378562212,1.0926730110284142,0.21731204883519703,0.08954055370126694,0.11477770996330143,0.0025164853981626003,0.015929162881103756,-0.0911415716306243,0.7829459008269422,inf,red,False,unknown,0,0.021924861534240503,0.08489425900188508,0.0032991299995046575,0.010440638001455227,0.0,0.11400000000000077,-0.01899999999999835,0.009000000000000341,0.38808200042694807,1.852331981994087
17.1,17558.708482362,FOLLOW,1.1396020720028384,1.1019040125621615,0.2227038661101905,0.11472055893185353,0.07678900202504128,-0.016042305237340595,0.02614451688601481,-0.30573090841922707,0.7526718354963646,inf,red,False,unknown,0,-0.2089140998617109,0.06784340499871178,0.1552589729981264,0.005617810998955974,0.0,0.07600000000000051,0.08100000000000307,0.0070000000000014495,0.31087000024854206,2.1610539789931016
17.3,17558.956769568,FOLLOW,1.1567561531829516,1.116708669884036,0.23136899732294672,0.07678852931052542,0.07678900202504128,-0.016042305237340595,0.02614451688601481,-0.30573090841922707,0.7526718354963646,inf,red,False,unknown,0,-0.2089140998617109,0.3161306110014266,0.12412149000010686,0.01644667000073241,0.0,0.2759999999999998,0.08000000000000185,0.0030000000000001137,0.3850719986076001,2.1610539789931016
17.5,17559.216931401,FOLLOW,1.1722929394856667,1.1301409859638725,0.2391769678544866,0.07283781156124529,0.07284771332215745,-0.027721036494272874,0.014749731586324782,-0.34298873210270897,0.7517365299696026,inf,red,False,unknown,0,-0.3805340652448621,0.1215828229978797,0.08052047999808565,0.014504825998301385,0.0,0.14399999999999835,0.0779999999999994,-0.0010000000000012221,0.6395180025720038,1.852331981994087
17.6,17559.365091991,FOLLOW,1.179722382798565,1.1365763952355663,0.24288939356750572,0.07283772429351293,0.12820802450509333,0.00538331257861899,-0.0021484633944588265,0.042642254738982935,0.7881984589245178,inf,red,False,unknown,0,0.041988889536357585,0.08637687100053881,0.11857772599978489,0.02861227099856478,0.0,0.10300000000000153,0.08000000000000185,-0.0030000000000001137,0.49816300088423304,1.852331981994087
17.8,17559.611481105,FOLLOW,1.205546456433593,1.158957231979476,0.25577275075255557,0.13052680529317062,0.13676676623790723,-0.004149243924614776,-0.005227526031701987,0.014370012100336348,0.7871117580684097,inf,red,False,unknown,0,-0.03033810068593069,0.14803068499895744,0.11814679400049499,0.017377924999891547,0.0,0.16600000000000037,0.07600000000000051,-0.006999999999997897,0.3690689991344698,1.852331981994087
18.0,17559.861722219,FOLLOW,1.2296365223541241,1.1798331298700586,0.26779473626108274,0.07113704906294412,0.0369164067717302,-0.028560625732334054,0.04551694386874566,-0.7001394991072102,0.5640721840929067,inf,red,False,unknown,0,-0.7736567079493006,0.06970770000043558,0.009402805000718217,0.008814028002234409,0.0,0.07600000000000051,-0.02499999999999858,-0.010999999999999233,1.195103999634739,1.852331981994087
18.1,17559.968886764,FOLLOW,1.2346448104627186,1.1841797752325836,0.27028262740836334,0.03690679958997557,0.0369164067717302,-0.028560625732334054,0.04551694386874566,-0.7001394991072102,0.5640721840929067,inf,red,False,unknown,0,-0.7736567079493006,0.1768722449996858,0.11656734999996843,0.0144188740014215,0.0,0.17600000000000193,0.07500000000000284,-0.012999999999998124,0.3553280002961401,1.852331981994087
18.3,17560.212045446,FOLLOW,1.240887721781039,1.189611045617429,0.2733608041894329,0.03594702088227232,0.035956856739168847,-0.028075728445232692,0.11597221745701874,-0.9215721158691781,0.6599941561220596,inf,red,False,unknown,0,-0.7808170955791301,0.19248688799780211,0.1179910779974307,0.039081090999388834,0.0,0.19099999999999895,0.07700000000000173,0.01699999999999946,0.43335300142643973,1.852331981994087
18.5,17560.457157282,FOLLOW,1.2482209399534787,1.1960097041383364,0.27694313832990003,0.03594724887725339,0.035956856739168847,-0.028075728445232692,0.11597221745701874,-0.9215721158691781,0.6599941561220596,inf,red,False,unknown,0,-0.7808170955791301,0.4375987239982351,0.09151511599702644,0.020497849996900186,0.0,0.39099999999999824,0.07700000000000173,0.013000000000001677,0.4324969995650463,1.852331981994087
18.6,17560.606597702,FOLLOW,1.2518875640153184,1.1992166351585114,0.2787206977371346,0.03594734139540961,0.035956856739168847,-0.028075728445232692,0.11597221745701874,-0.9215721158691781,0.6599941561220596,inf,red,False,unknown,0,-0.7808170955791301,0.5870391440003004,0.10802603800038924,0.03330437100157724,0.0,0.49099999999999966,0.07500000000000284,0.011000000000002785,0.4365659988252446,1.852331981994087
18.8,17560.918462738,FOLLOW,1.2626976338185822,1.2087036075205158,0.28390277844407474,0.052339729435659336,0.055118823008528745,-0.055052195148402545,0.04716192160386168,-0.7985183059980702,0.9175127552887407,inf,red,False,unknown,0,-0.99879119588392,0.09574608799812268,0.03688330699878861,0.03612329099996714,0.0,0.0519999999999996,-0.02400000000000091,-0.02699999999999747,0.5320910022419412,1.852331981994087
19.0,17561.108234416,FOLLOW,1.271964691681511,1.2168797492699617,0.28826494429854227,0.0550861312704958,0.05534438113036315,-0.055473442764393546,0.044616504084017794,-0.7915842657843882,0.9159374132571545,inf,red,False,unknown,0,-1.002331973569754,0.041897948998666834,0.11214107900013914,0.014530173997627571,0.0,0.06099999999999994,0.07600000000000051,0.0030000000000001137,19.09578900085762,1.852331981994087
19.1,17561.25736842,FOLLOW,1.2775984471601738,1.221869717218623,0.29088015889816116,0.05531131053375896,0.03925409695627547,-0.038881495030940176,0.054473359386825126,-0.8186101747178615,0.6643811381983157,inf,red,False,unknown,0,-0.9905079481066568,0.009383349999552593,0.1231435439985944,0.046366983999178046,0.0,0.004000000000001336,0.07400000000000162,0.0010000000000012221,24.309495001944015,1.852331981994087
19.3,17561.556977707,FOLLOW,1.2861246738570016,1.2294494933247606,0.2947844009224787,0.03923578818717897,0.03925409695627547,-0.038881495030940176,0.054473359386825126,-0.8186101747178615,0.6643811381983157,inf,red,False,unknown,0,-0.9905079481066568,0.3089926370012108,0.005833332001202507,0.046635574002721114,0.0,0.20400000000000063,-0.02499999999999858,-0.0030000000000001137,0.5230839997238945,1.852331981994087
19.5,17561.81343364,FOLLOW,1.2941813830700997,1.236640589283161,0.2984173709199834,0.039760656804482826,0.04019073391477191,-0.03318820548811967,0.00624029017830538,-0.5547733630890103,0.5329589192336435,inf,red,False,unknown,0,-0.8257675900743257,0.07465709900134243,0.1348878099997819,0.02868948399918736,0.0,0.054999999999999716,0.07700000000000173,-0.0070000000000014495,0.5789790011476725,1.852331981994087
19.6,17561.956385247,FOLLOW,1.2982789324182455,1.240306445420535,0.3002480526484201,0.04017762827119482,0.040587833668737965,-0.03365235583462209,0.0062870909658462315,-0.5568258654175058,0.5393817927154442,inf,red,False,unknown,0,-0.8291242175987875,0.00043154800005140714,0.01702935899811564,0.03129782199903275,0.0,-0.007999999999999119,-0.022999999999999687,-0.009000000000000341,0.2820570007315837,2.1610539789931016
19.8,17562.211544257,FOLLOW,1.3068187195601144,1.2479659300194705,0.304024292445933,0.043193961391740886,0.04320776574161298,-0.03398513866028217,0.013559412955239936,-0.5686587545789712,0.5812997298807051,inf,red,False,unknown,0,-0.7865516320264486,0.2555905580011313,0.1258507919992553,0.014597407000110252,0.0,0.19200000000000017,0.07700000000000173,-0.012999999999998124,0.3942180010199081,2.1610539789931016
20.0,17562.456621527,FOLLOW,1.3141616927932818,1.2545719838736353,0.307230406697293,0.04319396271906336,0.04448127475302054,-0.0313613084404996,0.03263658389631463,-0.6148098836855472,0.6269449619208006,inf,red,False,unknown,0,-0.7050451817001935,0.030611769998358795,0.11945234199811239,0.04394918999969377,0.0,0.03900000000000148,0.07699999999999818,0.01699999999999946,19.24811600110843,2.1610539789931016
20.1,17562.606839738,FOLLOW,1.3201208793666086,1.2599463143850558,0.30980497908124405,0.044469913703051395,0.04448127475302054,-0.0313613084404996,0.03263658389631463,-0.6148098836855472,0.6269449619208006,inf,red,False,unknown,0,-0.7050451817001935,0.18082998099998804,0.02501282500088564,0.026372905002062907,0.0,0.1390000000000029,-0.023999999999997357,-0.01899999999999835,0.3848589985864237,2.1610539789931016
20.3,17562.857068516,FOLLOW,1.3289937921303496,1.2679683172132796,0.3135965227841195,0.041478144860135416,0.041488998737529044,-0.030833631022030638,0.022387702358049905,-0.5873783986765845,0.5689630713355036,inf,red,False,unknown,0,-0.743176069808114,0.1966091280010005,0.000828410000394797,0.0018944240000564605,0.0,0.15500000000000114,-0.0259999999999998,-0.022999999999999687,0.2697929994610604,2.1610539789931016
20.5,17563.118614828,FOLLOW,1.3389574216769928,1.2770070007027956,0.317788843765696,0.053569000405959785,0.03687127081430523,-0.02952859191242164,0.012343484668956711,-0.5704912603499692,0.49698952893444615,inf,green,False,unknown,0,-0.8008563648683681,0.0913083489976998,0.02699176700116368,0.020747570000821725,0.0,0.06599999999999895,-0.02400000000000091,-0.027000000000001023,0.4225490010867361,2.1610539789931016
20.6,17563.208545373,FOLLOW,1.3413651495789298,1.2791966162976374,0.31879021034241395,0.03686139207836771,0.03687127081430523,-0.02952859191242164,0.012343484668956711,-0.5704912603499692,0.49698952893444615,inf,green,False,unknown,0,-0.8008563648683681,0.1812388939979428,0.11692231200140668,0.026870506000705063,0.0,0.16600000000000037,0.07600000000000051,0.005000000000002558,0.3587630017136689,2.1610539789931016
20.8,17563.466871899,FOLLOW,1.3494780368263544,1.2865890530557316,0.32213245376241234,0.047367801615080675,0.030584994388841245,-0.026361948669428564,-0.005154442497700085,-0.5189258652757666,0.3903519782391723,inf,green,False,unknown,0,-0.8619242604486652,0.08469259499906912,0.11561672999960138,0.02893424699868774,0.0,0.06899999999999906,0.07000000000000028,0.0010000000000012221,18.09350600160542,2.1610539789931016
21.0,17563.712449083,FOLLOW,1.3568868741382354,1.2933600472795606,0.3251398312629312,0.06350830832059735,0.05862669073250229,-0.04563989258869422,0.030723099788136643,-0.6418934402708645,0.8483717291525392,inf,green,False,unknown,0,-0.7784831792218443,0.04973256299854256,0.08336212200083537,0.02172164099829388,0.0,0.054999999999999716,0.07000000000000028,-0.0030000000000001137,17.99533099983819,2.1610539789931016
21.1,17563.857521448,FOLLOW,1.3631605514657106,1.2991067969007737,0.3276565404485877,0.058601719673911555,0.06109157817959506,-0.0515644014833286,-0.005239331728963431,-0.5081899326897074,0.7705938371504782,inf,green,False,unknown,0,-0.8440508989920219,0.07633820699993521,0.12617668000166304,0.03201984699990135,0.0,0.054000000000002046,0.0710000000000015,-0.004999999999999005,21.613966000586515,2.1610539789931016
21.3,17564.106773892,FOLLOW,1.3753428937875734,1.3103012290605258,0.33246205460162936,0.05950869663679057,0.05953800606154647,-0.05003239141352559,-0.002694678061138045,-0.518928744387953,0.759877571576378,inf,green,False,unknown,0,-0.840343752221151,0.22670720599853666,0.11093639200043981,0.00034455999775673263,0.0,0.1930000000000014,0.07199999999999918,-0.009000000000000341,0.28798900166293606,2.1610539789931016
21.5,17564.406552723,FOLLOW,1.3857318296421899,1.3198837541419024,0.3364751249716044,0.04547975451075211,0.06254706360413252,-0.054453943860859416,-0.004861239617394264,-0.5253727247080885,0.8038798148589753,inf,green,False,unknown,0,-0.8706075189317378,0.032991831001709215,0.002270823002618272,0.03548179200151935,0.0,0.030000000000001137,-0.027999999999998693,-0.013000000000001677,17.586629997822456,2.1610539789931016
21.6,17564.522013508,FOLLOW,1.3916384029638578,1.3253451648588954,0.33872469358529267,0.06251363267148391,0.06254706360413252,-0.054453943860859416,-0.004861239617394264,-0.5253727247080885,0.8038798148589753,inf,green,False,unknown,0,-0.8706075189317378,0.1484526160020323,0.11773160800294136,0.025897544001054484,0.0,0.13000000000000256,0.07200000000000273,-0.014999999999997016,0.39577699863002636,2.1610539789931016
21.8,17564.811586508,FOLLOW,1.4035158473175826,1.3363600837286893,0.3431681263264788,0.05381708570500018,0.052209898151464956,-0.04370093036687652,-0.0021540476546531018,-0.5197513109166674,0.6669461426060499,inf,green,False,unknown,0,-0.8370238578151741,0.024324925998371327,0.13427754399890546,0.009247691999917151,0.0,0.0259999999999998,0.0710000000000015,-0.01899999999999835,17.66184699954465,2.1610539789931016
22.0,17565.058572054,FOLLOW,1.4124453435389053,1.3446697901883795,0.34643681645611846,0.052186304312848056,0.04426361873825521,-0.041309973116345905,0.04169605453436365,-0.7536660000830365,0.7092421108189366,inf,green,False,unknown,0,-0.9332714833060725,0.03859195599943632,0.08467635600027279,0.022839878998638596,0.0,0.06099999999999994,0.0710000000000015,0.010999999999999233,21.514279000257375,2.1610539789931016
22.1,17565.20678275,FOLLOW,1.4190136717834345,1.3507976031594042,0.348801712986363,0.04424229047442129,0.02731576490880748,-0.027146485748053697,0.12490789187013152,-0.9951502245239037,0.5292999381328463,inf,green,False,unknown,0,-0.9938028767885903,0.0028448550001485273,0.0006685189982817974,0.0013560789993789513,0.0,-0.0009999999999976694,-0.029999999999997584,-0.02499999999999858,16.7735229988466,2.1610539789931016
22.3,17565.462640022,FOLLOW,1.425016209699662,1.3564089390467693,0.3509332164789451,0.027308950882937083,0.02731576490880748,-0.027146485748053697,0.12490789187013152,-0.9951502245239037,0.5292999381328463,inf,green,False,unknown,0,-0.9938028767885903,0.25870212700101547,0.12349761500081513,0.0363756930019008,0.0,0.19900000000000162,0.0710000000000015,0.004999999999999005,0.4753559987875633,2.1610539789931016
22.5,17565.706659082,FOLLOW,1.4316685431861076,1.3626413690310937,0.35325920264768895,0.04356982881674537,0.04381343140692045,-0.04109629621926475,0.03468818870178647,-0.7302824513849396,0.6877993424194437,inf,green,False,unknown,0,-0.9379839674637646,0.020260568999219686,0.11141434199817013,0.019770431998040294,0.0,0.03399999999999892,0.0710000000000015,0.0010000000000012221,0.32722299874876626,2.1610539789931016
22.6,17565.856640186,FOLLOW,1.4376163739437993,1.3682259178150664,0.35530601052057553,0.04379186186963466,0.044202242142994834,-0.041349443987036424,0.03491749945372813,-0.7300373288939918,0.6937525505888239,inf,green,False,unknown,0,-0.9354603292129487,0.09755364900047425,0.002875638001569314,0.0014183800012688152,0.0,0.06700000000000017,-0.03200000000000003,-0.03500000000000014,0.35319000016897917,2.1610539789931016
22.8,17566.106837165,FOLLOW,1.4451264672409114,1.3752931778546782,0.35784670369387855,0.04418020998191265,0.044202242142994834,-0.041349443987036424,0.03491749945372813,-0.7300373288939918,0.6937525505888239,inf,green,False,unknown,0,-0.9354603292129487,0.3477506279996305,0.10289005400045426,0.01247095899816486,0.0,0.26699999999999946,0.07000000000000028,-0.004999999999999005,0.36119899959885515,2.1610539789931016
23.0,17566.357446706,FOLLOW,1.454184982363636,1.3838406267447043,0.36084626273377324,0.0448676252180859,0.04489031965124828,-0.04175148720450737,0.031343755057046896,-0.7142599202344213,0.6947150554707998,inf,green,False,unknown,0,-0.9300777434616992,0.15286971199748223,0.10413797000001068,0.01409975999922608,0.0,0.129999999999999,0.06899999999999906,-0.009000000000000341,0.7299509998119902,2.1610539789931016
23.1,17566.50682905,FOLLOW,1.4587614736536492,1.388168298859994,0.36233471813761936,0.04486750705357872,0.04489031965124828,-0.04175148720450737,0.031343755057046896,-0.7142599202344213,0.6947150554707998,inf,green,False,unknown,0,-0.9300777434616992,0.30225205599708715,0.0012229499989189208,0.027951119998760987,0.0,0.23000000000000043,-0.03500000000000014,-0.010999999999999233,0.34584300010465086,2.1610539789931016
23.3,17566.7566758,FOLLOW,1.4684971986046453,1.397395228466083,0.36544075957871675,0.05426595221446344,0.05429811581245824,-0.05012165059010441,0.014090204273449342,-0.6412552430743543,0.7852527469275091,inf,green,False,unknown,0,-0.9230826860221256,0.15309221999996225,0.10812636300033773,0.017352406997815706,0.0,0.12199999999999989,0.06400000000000006,-0.015000000000000568,0.34221399982925504,2.1610539789931016
23.5,17567.011756199,FOLLOW,1.479567419464847,1.407919999193779,0.36887266722071166,0.05426560910831516,0.05429811581245824,-0.05012165059010441,0.014090204273449342,-0.6412552430743543,0.7852527469275091,inf,green,False,unknown,0,-0.9230826860221256,0.40817261900156154,0.11441702400043141,0.009267615001590457,0.0,0.3219999999999992,0.06400000000000006,-0.01899999999999835,0.4617039994627703,2.1610539789931016
23.6,17567.107148654,FOLLOW,1.4832574760782091,1.4114358305093864,0.36999313071636064,0.05426548202776107,0.041875747678329425,-0.04398382103404622,-0.004260789677693139,-0.6275235341454416,0.5976155034641641,inf,green,False,unknown,0,-1.0503411514442693,0.0005327839971869253,0.08918725299736252,0.027465187999041518,0.0,0.015000000000000568,0.06400000000000006,0.013000000000001677,30.527517999871634,2.1610539789931016
23.8,17567.418492523,FOLLOW,1.49484449657066,1.4225011834879575,0.3734304980391983,0.05035316833618397,0.05134053199050246,-0.053253447649249004,-0.012009473574792817,-0.5854917066908639,0.7027176179685718,inf,green,False,unknown,0,-1.0372593657405111,0.014348283999424893,0.020960631998605095,0.026885006001975853,0.0,-0.004999999999999005,-0.03599999999999781,-0.02499999999999858,17.448081998736598,2.1610539789931016
24.0,17567.6585549,FOLLOW,1.5035402620288205,1.430831778601565,0.3759238986744219,0.05154275033895208,0.05176990250703036,-0.053244276104395895,-0.012238138049600666,-0.5794770046570092,0.7042698477634931,inf,green,False,unknown,0,-1.0284793581978509,0.05847396299941465,0.11097918200175627,0.03483430599953863,0.0,0.0470000000000006,0.06500000000000128,0.004999999999999005,16.551966000406537,2.1610539789931016
24.1,17567.813131104,FOLLOW,1.5105691717451946,1.4375813999446099,0.3778855277790903,0.05173248388073404,0.05176990250703036,-0.053244276104395895,-0.012238138049600666,-0.5794770046570092,0.7042698477634931,inf,green,False,unknown,0,-1.0284793581978509,0.2130501669998921,0.13361183800225263,0.009449806002521655,0.0,0.14700000000000202,0.06400000000000006,-0.030999999999998806,0.5381179980759043,2.1610539789931016
24.3,17568.058122523,FOLLOW,1.519399060153952,1.4460798789788898,0.38028183533744203,0.05281794584714893,0.05374467746536089,-0.05715699792857965,-0.02026391394953342,-0.5617413023531078,0.7178955013900543,inf,green,False,unknown,0,-1.0634913190318807,0.05598452000049292,0.11470187800296117,0.038736526999855414,0.0,0.05100000000000193,0.06500000000000128,-0.0009999999999976694,18.891463998443214,2.1610539789931016
24.5,17568.316221089,FOLLOW,1.5303104075882046,1.456610611199574,0.3831384008945824,0.05423726165938105,0.05427986472402141,-0.056764181328617574,-0.020403305080697987,-0.5506441179243609,0.7166782516891801,inf,green,False,unknown,0,-1.0457686587324293,0.11096157200154266,0.12211418299921206,0.026056667000375455,0.0,0.08999999999999986,0.06299999999999883,-0.004999999999999005,0.7129779987735674,2.593264774791722
24.6,17568.420450718,FOLLOW,1.5358425911429734,1.4619619170342335,0.38454143606426466,0.05423692720682818,0.05777224514174675,-0.05834966515207578,-0.016135035137036763,-0.5503395894133336,0.762545162881862,inf,green,False,unknown,0,-1.0099947649414056,0.062413374998868676,0.1029469759996573,0.016975336999166757,0.0,0.05000000000000071,0.06500000000000128,-0.006999999999997897,17.62252199841896,2.593264774791722
24.8,17568.706465417,FOLLOW,1.5474954262661373,1.4732589196118435,0.38739885182975,0.05772667066478115,0.055515478117117774,-0.05621212714998635,-0.020578426285070422,-0.5300603922690552,0.7171214910362599,inf,green,False,unknown,0,-1.0125487351725386,0.08057645000008051,0.1143061119983031,0.017042477997165406,0.0,0.05900000000000105,0.06300000000000239,-0.010999999999999233,0.294553999992786,2.593264774791722
25.0,17568.9065697,FOLLOW,1.556928759960882,1.482427908128002,0.38961623992259914,0.0554717710288821,0.05555133007017409,-0.05606710090343812,-0.020509302583124223,-0.528453572699723,0.7163448732204818,inf,green,False,unknown,0,-1.0092845811722688,0.06429753699922003,0.06382991799910087,0.03621218400076032,0.0,0.08299999999999841,0.06400000000000006,0.01899999999999835,0.35179199767298996,2.1610539789931016
25.1,17569.062285472,FOLLOW,1.5645082013746499,1.4898097141660007,0.3913357227404157,0.05644117643515221,0.05648483132838725,-0.055698512604552775,-0.020588065688811746,-0.5141357669632094,0.7171500640022609,inf,green,False,unknown,0,-0.9860791170772374,0.14847910999742453,0.11707869399833726,0.009183739999571117,0.0,0.11100000000000065,0.06300000000000239,-0.01699999999999946,0.4243120019964408,2.1610539789931016
25.3,17569.306848713,FOLLOW,1.5757974400784085,1.5008275603251826,0.393795956582222,0.04956581624614804,0.04960139446680484,-0.04839166451104206,-0.02508556906258516,-0.4846354908706926,0.6094326936390659,inf,green,False,unknown,0,-0.9756109688292659,0.1109051380008168,0.11716583800080116,0.006331323998892913,0.0,0.08900000000000219,0.06500000000000128,-0.021000000000000796,0.5263919993012678,2.1610539789931016
25.5,17569.557646693,FOLLOW,1.584270111080014,1.5091136583344387,0.39556410951472487,0.05002764983458764,0.05006354759946187,-0.04818213442245772,-0.025110034098949102,-0.4763166916021181,0.6093267000309109,inf,green,False,unknown,0,-0.9624194994718199,0.21439657199880457,0.10486090300037176,0.03278403199874447,0.0,0.16100000000000136,0.062000000000001165,0.009000000000000341,0.3766150002775248,2.1610539789931016
25.6,17569.661044803,FOLLOW,1.5893729136246249,1.514110814097007,0.3965970584959478,0.05002731595691106,0.05006354759946187,-0.04818213442245772,-0.025110034098949102,-0.4763166916021181,0.6093267000309109,inf,green,False,unknown,0,-0.9624194994718199,0.31779468199965777,0.09209612199992989,0.007609598000271944,0.0,0.2610000000000028,0.06500000000000128,0.0070000000000014495,0.33978300052694976,2.1610539789931016
25.8,17570.019313466,FOLLOW,1.600288412046268,1.5248165717272029,0.3987263442782022,0.042799910706328555,0.04312520042459907,-0.04000533969763286,-0.03130975540702935,-0.4206788594068635,0.49155472633544917,inf,green,False,unknown,0,-0.9276557396545663,0.014350796001963317,0.02115872500144178,0.025796328998694662,0.0,-0.006999999999997897,-0.03599999999999781,-0.030999999999998806,20.19534699866199,2.593264774791722
26.0,17570.217630282,FOLLOW,1.6075944003160054,1.5319938632461187,0.4000915413273672,0.04309795891200771,0.02974562969498727,-0.03128683109035643,-0.019560570461117227,-0.5582603270769726,0.3958896783420696,inf,green,False,unknown,0,-1.0518127002579098,0.04178925800079014,0.09716235300220433,0.018329410999285756,0.0,0.05699999999999861,0.06400000000000006,-0.0010000000000012221,0.40222800089395605,2.1610539789931016
26.1,17570.358255845,FOLLOW,1.6111589806298847,1.5354992335186635,0.40073853237442947,0.04817463190680558,0.05065828656946871,-0.04794583916797124,-0.06607549504520385,-0.22634884681196235,0.44069110242023124,inf,green,False,unknown,0,-0.9464559979189616,0.1824148209998384,0.10889556699839886,0.02003519500067341,0.0,0.15700000000000003,0.06400000000000006,-0.0030000000000001137,0.5002770012652036,2.593264774791722
26.3,17570.618316192,FOLLOW,1.6197610703215992,1.5439676158326663,0.40224918521749653,0.05062022454721517,0.05065828656946871,-0.04794583916797124,-0.06607549504520385,-0.22634884681196235,0.44069110242023124,inf,green,False,unknown,0,-0.9464559979189616,0.4424751680016925,0.09023492400228861,0.05771057800302515,0.0,0.3569999999999993,0.06099999999999994,0.027000000000001023,0.38519000008818693,2.593264774791722
26.5,17570.859254347,FOLLOW,1.630190798410997,1.5542509561022,0.4039902546287842,0.053781224992110126,0.0538211513785019,-0.04887367282372094,-0.06661850279520502,-0.19432127926230705,0.44426466025891015,inf,green,False,unknown,0,-0.9080755719998,0.19383478300005663,0.10092377700129873,0.03862061200197786,0.0,0.17999999999999972,0.06299999999999883,0.022999999999999687,3.5096409992547706,2.1610539789931016
26.6,17571.013529182,FOLLOW,1.637532664671526,1.561499401042493,0.40515767381890655,0.05462756054976964,0.056220750972458634,-0.04962707805241069,-0.06692436859967468,-0.17347464502856064,0.4477941000995808,inf,green,False,unknown,0,-0.8827181635606746,0.05739959600032307,0.12235972800044692,0.028081051001208834,0.0,0.04400000000000048,0.06400000000000006,-0.012999999999998124,20.684701998106902,2.1610539789931016
26.8,17571.259164036,FOLLOW,1.6489236413577113,1.5727598647175554,0.4068767679837528,0.05734344664012401,0.06516673318495864,-0.05476597982605558,-0.05531059466419352,-0.21693983466552896,0.558388244400292,inf,green,False,unknown,0,-0.8403978095789572,0.030389579998882255,0.11424150600214489,0.006334318000881467,0.0,0.01600000000000179,0.062000000000001165,-0.01699999999999946,17.403742000169586,2.1610539789931016
27.0,17571.512342837,FOLLOW,1.659762055135167,1.5834890294444988,0.40841152837403444,0.06576818292418792,0.06727902117081401,-0.054877573954127006,-0.05476462795385735,-0.20257342544953266,0.5630631978859587,inf,green,False,unknown,0,-0.8156714083993419,0.01992792499731877,0.10940902799848118,0.04519460299707134,0.0,0.02499999999999858,0.06299999999999883,0.013000000000001677,23.073428001225693,2.593264774791722
27.1,17571.656487372,FOLLOW,1.668803899971087,1.5924498307105486,0.4096192775698324,0.06722861157444553,0.06727902117081401,-0.054877573954127006,-0.05476462795385735,-0.20257342544953266,0.5630631978859587,inf,green,False,unknown,0,-0.8156714083993419,0.1640724600001704,0.003298338000604417,0.005026534003263805,0.0,0.125,-0.036999999999999034,-0.022999999999999687,0.6276259991864208,2.593264774791722
27.3,17571.91448388,FOLLOW,1.6803150647792877,1.6038700747909584,0.41106290056692096,0.0697483010182353,0.06988941989247735,-0.054861015569918056,-0.05443869043340607,-0.182522633381428,0.5654467905731426,inf,green,False,unknown,0,-0.7849688215229141,0.12072055399767123,0.105077567997796,0.021318220999091864,0.0,0.08699999999999974,0.06099999999999994,0.0070000000000014495,0.35397200190345757,2.1610539789931016
27.5,17572.15900789,FOLLOW,1.6945588328498533,1.6180185420567046,0.4127072315176464,0.06983769630584333,0.07228283177029207,-0.05468767876064946,-0.053645453283758006,-0.1672030870011892,0.5694311849624624,inf,green,False,unknown,0,-0.7565790855350226,0.01624385200193501,0.1016004619996238,0.025142647999018664,0.0,0.01899999999999835,0.06299999999999883,0.0030000000000001137,0.3792469979089219,2.593264774791722
27.6,17572.265789199,FOLLOW,1.7019232576773,1.6253404623628591,0.41349724165789753,0.07223108247588424,0.07424727975754147,-0.05459861902217925,-0.053084547512495354,-0.1555921192036438,0.5729333820221982,inf,green,False,unknown,0,-0.7353618772360955,0.047717974997794954,0.08834563099662773,0.017638043998886133,0.0,0.05600000000000094,0.062000000000001165,0.0010000000000012221,14.403116001631133,2.1610539789931016
27.8,17572.557032166,FOLLOW,1.717062297890385,1.640404939080401,0.41499719636425736,0.07641502443760152,0.07646693577181607,-0.054505700559553776,-0.052468050703523686,-0.14341871989224472,0.5771328382111498,inf,green,False,unknown,0,-0.7128008989689804,0.17048016999979154,0.12003582400211599,0.015021406001324067,0.0,0.11299999999999955,0.06300000000000239,-0.0030000000000001137,0.5368489983084146,2.1610539789931016
28.0,17572.808369233,FOLLOW,1.73273210026064,1.6560135479640195,0.4163798234207113,0.07889816465888379,0.0789496609564635,-0.05391922444717846,-0.05152760226235424,-0.1282036925110347,0.5791875338846985,inf,green,False,unknown,0,-0.6829570107579312,0.14412647399876732,0.11156047400072566,0.025271187998441746,0.0,0.10699999999999932,0.06299999999999883,-0.0070000000000014495,0.3057450012420304,2.1610539789931016
28.1,17572.910853839,FOLLOW,1.7380971718548475,1.6613609664485793,0.41681466302056946,0.0788980710260618,0.0789496609564635,-0.05391922444717846,-0.05152760226235424,-0.1282036925110347,0.5791875338846985,inf,green,False,unknown,0,-0.6829570107579312,0.24661107999781962,0.09126927000033902,0.04849720700076432,0.0,0.20700000000000074,0.062000000000001165,0.02500000000000213,0.35158100217813626,2.1610539789931016
28.3,17573.158374797,FOLLOW,1.7543443552618256,1.6775637238649472,0.41801429195352113,0.08361016751525727,0.08496159513313796,-0.05281173700154817,-0.04951214534969241,-0.09772843871914552,0.587330584676457,inf,yellow,False,unknown,0,-0.6215954034148043,0.015552884000499034,0.08277086199814221,0.04411668999819085,0.0,0.021000000000000796,0.06099999999999994,0.021000000000000796,23.738709001918323,2.1610539789931016
28.5,17573.407676682,FOLLOW,1.771580788294822,1.694765517175798,0.41910532798672007,0.08604111190808353,0.08850999195679844,-0.05229624557512757,-0.04866331716233524,-0.08153073231110941,0.5919483506084383,inf,yellow,False,unknown,0,-0.5908513199351918,0.0175791420006135,0.09194948799995473,0.02806854300069972,0.0,0.027000000000001023,0.062000000000001165,0.01699999999999946,18.23055199929513,2.593264774791722
28.6,17573.55668376,FOLLOW,1.7834275252348892,1.7065944745042514,0.41975373323381826,0.08830634105491776,0.09004629036004069,-0.05220806245459834,-0.04867210512901142,-0.07364202792345115,0.5923570496265776,inf,yellow,False,unknown,0,-0.579791374479169,0.026610861001245212,0.11674641500212601,0.006909937001182698,0.0,0.014000000000002899,0.06300000000000239,-0.01899999999999835,0.3581909986678511,2.593264774791722
28.8,17573.807170496,FOLLOW,1.7988060142949551,1.7219558665677526,0.42047776052846775,0.09150769761995337,0.09293155787424134,-0.05175960890640512,-0.0478850190736136,-0.06273250969728031,0.5972562917392465,inf,yellow,False,unknown,0,-0.556964825408913,0.1321298389993899,0.10473327599902404,0.006474460999015719,0.0,0.12400000000000233,0.062000000000001165,0.010999999999999233,0.523673999850871,2.1610539789931016
29.0,17574.05748285,FOLLOW,1.8176971746077115,1.7408333827655174,0.4211936006018773,0.09260151077455674,0.09293155787424134,-0.05175960890640512,-0.0478850190736136,-0.06273250969728031,0.5972562917392465,inf,yellow,False,unknown,0,-0.556964825408913,0.38244219300031546,0.09455985399836209,0.013270940999063896,0.0,0.3240000000000016,0.062000000000001165,0.0070000000000014495,0.3343819989822805,2.1610539789931016
29.1,17574.210993624,FOLLOW,1.8292801079860934,1.752411174851344,0.42153800347157144,0.06166585566060225,0.10598663997389579,-0.052396248017748316,-0.03882469055935449,-0.0789359505164151,0.7050112799713729,inf,yellow,False,unknown,0,-0.4943665355430964,0.07362970400208724,0.011960875999648124,0.01653783900110284,0.0,0.054999999999999716,-0.036999999999999034,-0.028999999999999915,0.3690470002766233,2.593264774791722
29.3,17574.410631857,FOLLOW,1.8469916897152359,1.7701186778384572,0.42191557138173486,0.10710646729173341,0.10715993228082754,-0.051912294547623986,-0.03849881902081195,-0.07418025355001925,0.7057378313795235,inf,yellow,False,unknown,0,-0.48443754529053434,0.27326793700194685,0.07471716399959405,0.012952454999322072,0.0,0.254999999999999,0.06300000000000239,0.0010000000000012221,0.4620500003511552,2.1610539789931016
29.5,17574.720407622,FOLLOW,1.869112773186587,1.7922381293329086,0.42217612996972287,0.11561691241427759,0.11724901631364996,-0.046387366141245626,-0.03403760103891805,-0.042258865738062326,0.7202002356080333,inf,yellow,False,unknown,0,-0.3956311754220259,0.052967685001931386,0.1207924410009582,0.0536342279992823,0.0,0.0259999999999998,0.04899999999999949,-0.0030000000000001137,21.802569997817045,2.1610539789931016
29.6,17574.80893431,FOLLOW,1.8809499463973174,1.8040751780991084,0.4222282280778837,0.11693814045187978,0.11724901631364996,-0.046387366141245626,-0.03403760103891805,-0.042258865738062326,0.7202002356080333,inf,yellow,False,unknown,0,-0.3956311754220259,0.05957098699946073,0.06590902799871401,0.006501087998913135,0.0,0.05600000000000094,0.05000000000000071,-0.004999999999999005,0.5536649987334386,2.1610539789931016
29.8,17575.058698279,FOLLOW,1.9050120937081785,1.8281371793288654,0.42217064583909786,0.11897596894075131,0.11929402707707518,-0.04558928901242927,-0.033613824669246305,-0.03578584938432547,0.72203679050361,inf,yellow,False,unknown,0,-0.3821590244662819,0.3093349560003844,0.08880298300209688,0.012997303001611726,0.0,0.2560000000000002,0.0519999999999996,-0.009000000000000341,0.5345329991541803,2.1610539789931016
30.0,17575.306979051,FOLLOW,1.9252383723788797,1.8483623056784322,0.421958868516352,0.11897735365633341,0.1288652841985076,-0.039088430499088264,-0.029351251111184813,-0.01003363516240076,0.7338764017520827,inf,yellow,False,unknown,0,-0.30332785701132187,0.024885119000828126,0.08921498600102495,0.024388198002270656,0.0,0.02499999999999858,0.04899999999999949,0.021000000000000796,0.3397089967620559,2.1610539789931016
30.1,17575.415262177,FOLLOW,1.9375908595821105,1.8607131139683506,0.4217557987999065,0.12914131715487956,0.13219011703187797,-0.03776784086474708,-0.02892209569228121,-0.00084288919127237,0.7359370615776444,inf,yellow,False,unknown,0,-0.2857085061483021,0.0914446009992389,0.07621007300258498,0.02308058800190338,0.0,0.08800000000000097,0.04900000000000304,0.019000000000001904,0.38478299757116474,2.1610539789931016
30.3,17575.706562841,FOLLOW,1.9698268885688115,1.892940391786564,0.4210092195680477,0.14209403099948953,0.14844701051403028,-0.03355282034450723,-0.02126695076199558,-0.011183762724944108,0.8477638937281711,inf,red,False,unknown,0,-0.2260255712009507,0.0014346499992825557,0.10433916699912515,0.012943059999088291,0.0,-0.010999999999999233,0.04400000000000048,-0.01899999999999835,20.99131000068155,2.1610539789931016
30.5,17575.957515047,FOLLOW,1.9948067871158055,1.9179088122299262,0.4202530187573864,0.1482090618412909,0.14844701051403028,-0.03355282034450723,-0.02126695076199558,-0.011183762724944108,0.8477638937281711,inf,red,False,unknown,0,-0.2260255712009507,0.2523868560019764,0.085386347000167,0.04296597199936514,0.0,0.18900000000000006,0.04400000000000048,0.010999999999999233,0.39201999970828183,2.1610539789931016
30.6,17576.061528667,FOLLOW,2.009923077803334,1.9330160548666453,0.41973025298709765,0.14819181170986084,0.14844701051403028,-0.03355282034450723,-0.02126695076199558,-0.011183762724944108,0.8477638937281711,inf,red,False,unknown,0,-0.2260255712009507,0.35640047600099933,0.06504157000017585,0.012915414998133201,0.0,0.2890000000000015,0.04400000000000048,0.009000000000000341,0.3688770011649467,2.1610539789931016
30.8,17576.307838446,FOLLOW,2.040156565238349,1.9632258973280685,0.41853609970197114,0.14820862198776164,0.14844701051403028,-0.03355282034450723,-0.02126695076199558,-0.011183762724944108,0.8477638937281711,inf,red,False,unknown,0,-0.2260255712009507,0.6027102549996926,0.05946403999769245,0.025105171000177506,0.0,0.48900000000000077,0.04299999999999926,0.004999999999999005,0.4198260030534584,2.1610539789931016
30.9,17576.509457406,WAIT_SENSORS,2.0653527529483267,1.9883959606854191,0.4173896845183071,0.14821604916277967,0.0,0.0,-0.02126695076199558,-0.011183762724944108,0.8477638937281711,inf,red,False,unknown,0,-0.2260255712009507,0.8043292149995978,0.029440152997267433,0.014591343999200035,0.04674550699928659,0.5889999999999986,-0.05799999999999983,-0.06500000000000128,0.8813080021354835,2.1610539789931016
31.0,17576.558182955,WAIT_SENSORS,2.0703921817289577,1.9934293908169474,0.41714387250461415,0.14822182518381263,0.0,0.0,-0.02126695076199558,-0.011183762724944108,0.8477638937281711,inf,red,False,unknown,0,-0.2260255712009507,0.8530547640002624,0.07816570199793205,0.03139650199955213,0.0,0.6890000000000001,0.04200000000000159,0.0010000000000012221,0.345722000929527,2.1610539789931016
31.0,17576.615071416,FOLLOW,2.0740242358372494,1.9970568759158223,0.4169617491865039,0.10545210952724769,0.1074240161065965,0.008998301558892263,-0.019302712953991122,0.18316940141319693,0.8700888773650766,inf,red,False,unknown,0,0.08376433766880655,0.049352492998878006,0.009468642998399446,0.02533330799997202,0.05688846100019873,-0.010000000000001563,-0.05900000000000105,-0.03300000000000125,30.54579099989496,1.852331981994087
31.1,17576.710670763,FOLLOW,2.080197996755296,2.0032219251126757,0.4166339809081243,0.07133270112810682,0.1074240161065965,0.008998301558892263,-0.019302712953991122,0.18316940141319693,0.8700888773650766,inf,red,False,unknown,0,0.08376433766880655,0.006252928000321845,0.10506798999995226,0.012711712999589508,0.0,-0.010999999999999233,0.04100000000000037,-0.03500000000000014,0.3611840002122335,1.852331981994087
31.3,17576.957423936,FOLLOW,2.0981602022873758,2.021156662935792,0.4156410226526052,0.10596618776112794,0.10569297007396318,0.013299620267091593,-0.016671201337905076,0.19368757421187088,0.8715083752008203,inf,red,False,unknown,0,0.12583259092619514,0.08256997900025453,0.07696826300161774,0.017891867999423994,0.0,0.05900000000000105,0.04299999999999926,-0.004999999999999005,0.9433279992663302,1.6207904842448262
31.5,17577.218131753,FOLLOW,2.1197554051449594,2.042721275983976,0.41449211130897123,0.10608225063068012,0.10622829078254747,0.013540300506262043,-0.01621485580723079,0.1918204030340026,0.8731676370075065,inf,red,False,unknown,0,0.12746416615117576,0.06769097600044915,0.07683622200056561,0.020872887002042262,0.0,0.06099999999999994,0.04200000000000159,-0.009000000000000341,0.3645169999799691,1.852331981994087
31.6,17577.357147144,FOLLOW,2.1305889636284157,2.053540596671055,0.4139368868026024,0.10627922007681488,0.10657030270189724,0.013709735225747952,-0.01580788466882207,0.1899752176662343,0.8732477435181708,inf,red,False,unknown,0,0.12864498718838566,0.08466372499970021,0.08890618900113623,0.014489649001916405,0.0,0.05799999999999983,0.043000000000002814,-0.010999999999999233,0.6773549976060167,1.852331981994087
31.8,17577.609918631,FOLLOW,2.152500211100674,2.075425333536462,0.41285953309778406,0.10903682469020017,0.10898006487520005,0.021089664055475413,-0.005693306666176012,0.16725182004162714,0.8585991687321087,inf,red,False,unknown,0,0.19351854928354573,0.16907351099871448,0.06820801299909363,0.003962576996855205,0.0,0.1269999999999989,0.04200000000000159,-0.015000000000000568,0.34226299976580776,1.852331981994087
32.0,17577.912533772,FOLLOW,2.1784505526001303,2.1013493634764733,0.4116918037690495,0.10903354087051216,0.11037036616911548,0.02048078677873034,-0.005763993170984048,0.1624571010246891,0.8622027249238071,inf,red,False,unknown,0,0.18556418257549825,0.04506192099870532,0.1341187110010651,0.014737342000444187,0.0,-0.00999999999999801,0.04299999999999926,-0.05299999999999727,0.5883459998585749,1.852331981994087
32.1,17577.958201708,FOLLOW,2.1822033791922673,2.10509884243828,0.4115333268129303,0.11042250524446053,0.11131749475318652,0.02033672992577964,-0.005576922086466367,0.15934271657694285,0.8647865266359296,inf,red,False,unknown,0,0.1826912290010685,0.09072985699822311,0.04347743800099124,0.013660435000929283,0.0,0.09000000000000341,0.04200000000000159,0.012999999999998124,22.517507000884507,1.852331981994087
32.2,17578.113996792,FOLLOW,2.193529764335235,2.116415757914338,0.4110703085250272,0.1113680241052312,0.11566584101656294,0.025043794411053324,0.0008692108767930848,0.1397861103991998,0.8671502003942047,inf,red,False,unknown,0,0.2165185001116029,0.08546059400032391,0.09155690999978106,0.017189338999742176,0.0,0.054000000000002046,0.043000000000006366,0.011000000000002785,0.6194699999468867,1.6207904842448262
32.4,17578.36091468,FOLLOW,2.2168640950132343,2.1397336197088777,0.4101943619362809,0.11208123603600235,0.11202998952637443,0.020707535736927796,0.0028152970409930055,0.10581763841625831,0.7870381213059564,inf,red,False,unknown,0,0.18483921871699155,0.24089431700122077,0.07487152400062769,0.03068465899923467,0.0,0.18299999999999983,0.04099999999999682,0.006999999999997897,1.498049998190254,1.6207904842448262
32.5,17578.511203962,FOLLOW,2.228296282554744,2.1511591299486676,0.4098037382955995,0.11207938368528772,0.11202998952637443,0.020707535736927796,0.0028152970409930055,0.10581763841625831,0.7870381213059564,inf,red,False,unknown,0,0.18483921871699155,0.3911835990002146,0.09760928199830232,0.04097372899923357,0.0,0.28300000000000125,0.04299999999999926,0.005000000000002558,0.37661399983335286,1.6207904842448262
32.6,17578.609268324,FOLLOW,2.239728291485592,2.162585240903146,0.4094366202423406,0.11207785763723217,0.126915291665197,0.027017943011562538,0.007474447889072252,0.09391956045468994,0.8706381260312899,inf,red,False,unknown,0,0.2128816997311559,0.08299231799901463,0.06068237499857787,0.02089346499997191,0.0,0.09000000000000341,0.03999999999999915,0.0030000000000001137,0.43359400297049433,1.6207904842448262
32.7,17578.760623517,FOLLOW,2.2561508827506342,2.179000261944452,0.4089380910856199,0.12697529557781,0.13801821399712014,0.029053642444540076,0.01013210655218418,0.07472487855335365,0.9100094427490784,inf,red,False,unknown,0,0.21050585718451845,0.10465212899725884,0.10283747599896742,0.0055601209969609044,0.0,0.06099999999999994,0.043000000000006366,-0.032999999999994145,0.301301999570569,1.6207904842448262
32.9,17579.010298221,FOLLOW,2.2792387446483153,2.2020798152721106,0.4083194469922908,0.13251428662788448,0.13354347699162164,0.024077430153428378,0.010618160587426081,0.05106894001366249,0.8366293696159681,inf,red,False,unknown,0,0.18029656480292908,0.07879755600151839,0.10702929900071467,0.01937010400069994,0.0,0.04299999999999926,0.04299999999999926,-0.0030000000000001137,0.36973699752707034,1.6207904842448262
33.0,17579.11851818,FOLLOW,2.2928278737936423,2.215665208926041,0.4080009638275309,0.1336268833572194,0.12018491833801224,0.030576943674930506,0.011335216422636463,0.09642901451697551,0.8286566745880917,inf,red,False,unknown,0,0.254415812713995,0.04345100399950752,0.07558231599978171,0.02725152099810657,0.0,0.036000000000001364,0.03900000000000148,-0.005000000000002558,21.03128300223034,1.4407026526620677
33.1,17579.258822725,FOLLOW,2.3057224225245867,2.2285569473813114,0.4077319914752178,0.12035718005839355,0.13290657317110594,0.022484267133988555,0.008127820295399716,0.060100093616419686,0.8493100938647691,inf,red,False,unknown,0,0.16917347725941267,0.06094367600235273,0.09402009900077246,0.03120857200337923,0.0,0.036000000000001364,0.04200000000000159,-0.006999999999997897,31.237200997566106,1.6207904842448262
33.2,17579.412699201,FOLLOW,2.3189747840943524,2.2418072208945876,0.40749697742144486,0.13296100779893932,0.1344269520339996,0.021599221342548436,0.007910942589600551,0.05580099852145512,0.8509991522957329,inf,red,False,unknown,0,0.16067627076068428,0.057874214999174,0.09062875199742848,0.015584454999043373,0.0,0.03700000000000614,0.043000000000006366,-0.009000000000000341,0.42406800275784917,1.6207904842448262
33.4,17579.657382394,FOLLOW,2.3464016695145467,2.269231291144347,0.4071054346497402,0.1351733065012415,0.14673016361429495,0.024035522847673175,0.009863912911388112,0.04493109215698645,0.9067334992955772,inf,red,False,unknown,0,0.16380764701424727,0.0624950510027702,0.0911503300012555,0.018084700001054443,0.0,0.03900000000000148,0.04299999999999926,-0.012999999999998124,0.5007839972677175,1.4407026526620677
33.5,17579.766497097,FOLLOW,2.361025635295415,2.283854389869625,0.4069465924114238,0.14678451065220433,0.14673016361429495,0.024035522847673175,0.009863912911388112,0.04493109215698645,0.9067334992955772,inf,red,False,unknown,0,0.16380764701424727,0.17160975400111056,0.09173925399954896,0.014887026998621877,0.0,0.1390000000000029,0.04299999999999926,-0.015000000000000568,0.3474059994914569,1.4407026526620677
33.6,17579.919384476,FOLLOW,2.3759975809620504,2.298825813559736,0.4068219578352713,0.1467833112792365,0.14964177252902,0.02102070298475532,0.008171880088232813,0.040413305545069514,0.9153364956545705,inf,red,False,unknown,0,0.14047349633391157,0.04253824000261375,0.11006192100103362,0.028210005002620164,0.0,0.0,0.03900000000000148,-0.016999999999995907,27.177093998034252,1.4407026526620677
33.7,17580.011098431,FOLLOW,2.385978824154946,2.3088068565675544,0.4067588694945912,0.1467826719920353,0.14964177252902,0.02102070298475532,0.008171880088232813,0.040413305545069514,0.9153364956545705,inf,red,False,unknown,0,0.14047349633391157,0.014972165001381654,0.06360215500171762,0.05054960300185485,0.0,0.006000000000000227,0.043000000000006366,0.015000000000000568,0.36691299828817137,1.4407026526620677
33.9,17580.270316879,FOLLOW,2.416584946282692,2.339412777054396,0.40665362233702995,0.15041701496532645,0.14776894190633622,0.011872919725383768,0.009728046059420225,-0.010600694258895423,0.842694863008945,inf,red,False,unknown,0,0.08034786993947249,0.08826984799816273,0.07364759600022808,0.02806858099938836,0.0,0.07099999999999795,0.03999999999999915,0.01099999999999568,0.5510129994945601,1.296632387395861
34.0,17580.409382903,FOLLOW,2.436639465506939,2.359467290243713,0.40664069862734037,0.14626873000297236,0.14623781319544082,0.010403758033366458,0.009439119610666263,-0.014892705911660406,0.8426805836563939,inf,red,False,unknown,0,0.07114273528873317,0.013341224999749102,0.06520399999863002,0.014166082997689955,0.0,0.0030000000000001137,0.04299999999999926,-0.02499999999999858,0.6571730009454768,1.4407026526620677
34.1,17580.507613637,FOLLOW,2.446585717977352,2.369413541575061,0.4066451399761567,0.1462681577556561,0.146873824654755,0.01024700470460096,0.009132308497943989,-0.013776580572925126,0.8440687352959986,inf,red,False,unknown,0,0.06976739884515029,0.07987068399961572,0.007783427001413656,0.006858483000542037,0.0,0.0730000000000004,0.04100000000000392,0.006999999999997897,0.3663669995148666,1.296632387395861
34.2,17580.668286397,FOLLOW,2.4615474813059546,2.384375291594705,0.4066646582521376,0.14690327291749228,0.1454257586241511,0.009128996629929158,0.009101855379415897,-0.01829590176730162,0.8448749839428227,inf,red,False,unknown,0,0.06277427545365467,0.07174486700023408,0.08239036200029659,0.028501837001385866,0.0,0.06300000000000239,0.043000000000006366,0.005000000000002558,0.640127997030504,1.296632387395861
34.4,17580.913698639,FOLLOW,2.4912218355052667,2.4140495320686326,0.40674537596605737,0.14545283073534143,0.1454257586241511,0.009128996629929158,0.009101855379415897,-0.01829590176730162,0.8448749839428227,inf,red,False,unknown,0,0.06277427545365467,0.31715710899879923,0.09285336099856067,0.022232039002119564,0.0,0.2629999999999981,0.04200000000000159,0.0009999999999976694,0.3770439980144147,1.296632387395861
34.5,17581.058109112,FOLLOW,2.511003398890536,2.4338309173197206,0.4068290589307064,0.1454525444436883,0.12190244120825959,-0.006869907687934635,0.010001123017803155,-0.10434012439079077,0.8538929494793708,inf,red,False,unknown,0,-0.05635578434559815,0.036636412998632295,0.09762834700086387,0.006080667000787798,0.0,0.0,0.03900000000000148,-0.03499999999999659,23.40318899950944,1.296632387395861
34.6,17581.157522396,FOLLOW,2.524383293081986,2.447210623060984,0.4068999900075526,0.12190960810468585,0.12190244120825959,-0.006869907687934635,0.010001123017803155,-0.10434012439079077,0.8538929494793708,inf,red,False,unknown,0,-0.05635578434559815,0.02085480299865594,0.07472373099881224,0.008399817997997161,0.0,0.0010000000000047748,0.03900000000000148,-0.036999999999999034,0.3131560006295331,1.296632387395861
34.7,17581.26570097,FOLLOW,2.5326730737636995,2.455500289368073,0.4069435260799032,0.12190847219425273,0.1123886551773523,-0.013315932238935105,0.00858222482449271,-0.1363943529797513,0.8372866663350038,inf,red,False,unknown,0,-0.11848110663769584,0.12903337700117845,0.060895506001543254,0.013875914002710488,0.0,0.1010000000000062,0.04200000000000159,-0.0049999999999954525,0.3064679985982366,1.296632387395861
34.9,17581.513402112,FOLLOW,2.5519014128427244,2.4747284172741146,0.407033086835268,0.11238683243598241,0.13114688543451195,0.0032147448835479044,-0.0028459614613003045,0.03550462621089713,0.79326493499834,inf,red,False,unknown,0,0.02451255226456128,0.07433752399811056,0.07757379699978628,0.033487630000308855,0.0,0.06400000000000006,0.04200000000000159,0.02499999999999858,0.3665910007839557,1.178756715814419
35.0,17581.669472463,FOLLOW,2.5691260484143057,2.4919529167608676,0.4071012359991801,0.1294161138348899,0.13015081864652467,0.003637642399506159,-0.0030461135471868215,0.039154020818446524,0.7938368794643575,inf,red,False,unknown,0,0.027949439253129836,0.06856882799911546,0.08468772600099328,0.036278290001064306,0.0,0.031999999999996476,0.0379999999999967,-0.011000000000002785,26.687689998652786,1.296632387395861
35.1,17581.760292364,FOLLOW,2.5779263425228667,2.500753120042605,0.4071412150923841,0.12941608811254401,0.13015081864652467,0.003637642399506159,-0.0030461135471868215,0.039154020818446524,0.7938368794643575,inf,red,False,unknown,0,0.027949439253129836,0.06344376199922408,0.06307985600142274,0.029219077001471305,0.0,0.0730000000000004,0.04100000000000392,0.021000000000000796,0.46267799916677177,1.296632387395861
35.2,17581.914687286,FOLLOW,2.5956286548791647,2.518455221269445,0.4072276450323229,0.13017141859863346,0.11781396742321734,-0.0025794837439726773,-0.021469263365577584,0.1276513398266776,0.8633985800160718,inf,red,False,unknown,0,-0.021894549520656784,0.21783868399870698,0.07645093500104849,0.028983217998757027,0.0,0.17300000000000182,0.04000000000000625,-0.015000000000000568,0.45520500134443864,1.296632387395861
35.4,17582.107584046,FOLLOW,2.6158336518132437,2.5386598988613382,0.4073412157483386,0.11828124801967795,0.11826997594578015,-0.0034456316417361896,-0.021873314711107157,0.12549311112724215,0.8631952446207236,inf,red,False,unknown,0,-0.029133612433605377,0.06798377800078015,0.05144606500107329,0.02774616999886348,0.0,0.0730000000000004,0.03999999999999915,0.015000000000000568,0.33040600101230666,1.178756715814419
35.5,17582.267184838,FOLLOW,2.627898331748028,2.550724408408239,0.4074053261342599,0.1182811339016899,0.11939243125384315,0.003401173157837288,-0.016575251734392928,0.12901088338338204,0.87722077120674,inf,red,False,unknown,0,0.028487343143268194,0.025557226999808336,0.08306787600304233,0.04432456300128251,0.0,0.006000000000000227,0.03900000000000148,0.012999999999998124,26.56444999956875,1.178756715814419
35.6,17582.40693581,FOLLOW,2.644159075258825,2.566984920981497,0.40749197179349933,0.11941338545910547,0.11988788797419031,0.0031570780303524504,-0.016669149031298625,0.12819653186301447,0.8795050922270685,inf,red,False,unknown,0,0.02633358618371951,0.01387363899993943,0.09215207299712347,0.020741180996992625,0.0,-0.001999999999995339,0.04100000000000392,-0.022999999999996135,27.28941500026849,1.0805269894965508
35.7,17582.510437232,FOLLOW,2.6522953914466805,2.5751211089341157,0.40753765077390247,0.11990872976073545,0.11988788797419031,0.0031570780303524504,-0.016669149031298625,0.12819653186301447,0.8795050922270685,inf,red,False,unknown,0,0.02633358618371951,0.11737506099962047,0.07359308099694317,0.029069995998725062,0.0,0.09800000000000608,0.04100000000000392,0.009000000000000341,1.0914930026046932,1.0805269894965508
35.9,17582.771118229,FOLLOW,2.676756673544257,2.5995819559669533,0.4076834971939454,0.11990801161621256,0.11988788797419031,0.0031570780303524504,-0.016669149031298625,0.12819653186301447,0.8795050922270685,inf,red,False,unknown,0,0.02633358618371951,0.3780560580016754,0.09220280600129627,0.04478771399953985,0.0,0.2980000000000018,0.04099999999999682,0.0049999999999954525,0.4206710000289604,1.0805269894965508
36.0,17582.906798144,FOLLOW,2.693064156950875,2.6158891051341993,0.4077878927482099,0.11990799375652034,0.11988788797419031,0.0031570780303524504,-0.016669149031298625,0.12819653186301447,0.8795050922270685,inf,red,False,unknown,0,0.02633358618371951,0.5137359729997115,0.09006727799715009,0.013582075996964704,0.0,0.39800000000000324,0.03900000000000148,-0.030999999999998806,0.36700200143968686,1.0805269894965508
36.1,17583.015177019,FOLLOW,2.701217907664173,2.6240426740810223,0.40784233513533663,0.11990812693778558,0.14094084279843033,0.010206257137254702,0.0004761680821486012,0.045686965056280844,0.8724374511014832,inf,red,False,unknown,0,0.07241518451717652,0.061539176997030154,0.09028443599891034,0.012476443997002207,0.0,0.04200000000000159,0.03999999999999915,0.0010000000000047748,0.764959000662202,1.0805269894965508
36.2,17583.170337824,FOLLOW,2.7149210946284192,2.6377454740398876,0.4079450713450131,0.1409715319624901,0.15841086277688168,0.011183022883307556,0.004146833877748862,0.020015455211946885,0.9240973699965169,inf,red,False,unknown,0,0.07059505066302559,0.04299140400325996,0.1072198620022391,0.05262011300146696,0.0,0.0030000000000001137,0.03900000000000148,-0.0009999999999976694,29.95815299800597,1.0805269894965508
36.4,17583.416492712,FOLLOW,2.7460949010568414,2.668917767046876,0.4082509336256451,0.15844099498097472,0.14139634319424998,0.0017131513967193204,0.006138867942674901,-0.03273575892441357,0.8498229705736196,inf,red,False,unknown,0,0.012115952633695744,0.06060707900178386,0.09151230299903546,0.020141184999374673,0.0,0.030000000000001137,0.0379999999999967,-0.005000000000002558,0.4295069993531797,1.0805269894965508
36.5,17583.507750522,FOLLOW,2.7611910937145243,2.6840129062916414,0.4084291790202337,0.14141367382345896,0.14088857623339202,0.0005449749350332374,0.005706824717380911,-0.03541969085840681,0.8520230598475644,inf,red,False,unknown,0,0.0038681272080601297,0.027563604999158997,0.05841553600112093,0.0051470149992383085,0.0,0.036000000000001364,0.03900000000000148,-0.006999999999997897,27.48255199912819,0.9974095287660469
36.6,17583.60717478,FOLLOW,2.7708071431189127,2.693628220832794,0.40854805847873227,0.14141243275647858,0.14088857623339202,0.0005449749350332374,0.005706824717380911,-0.03541969085840681,0.8520230598475644,inf,red,False,unknown,0,0.0038681272080601297,0.12698786300097709,0.03526041800068924,0.01908433700009482,0.0,0.13600000000000279,0.036999999999999034,0.02499999999999858,0.40449099833494984,0.9974095287660469
36.7,17583.756874914,FOLLOW,2.7899707025535463,2.712790288225419,0.4087871884711673,0.14090391898645718,0.14088857623339202,0.0005449749350332374,0.005706824717380911,-0.03541969085840681,0.8520230598475644,inf,red,False,unknown,0,0.0038681272080601297,0.27668799700040836,0.06129418300042744,0.00030324100225698203,0.0,0.2360000000000042,0.035000000000003695,-0.01099999999999568,0.34513200080255046,0.9974095287660469
36.9,17584.01760574,FOLLOW,2.817341304698103,2.7401587072080127,0.4091328750491496,0.11897867117112651,0.11897404290322665,-0.01068841840530498,0.007674493770987174,-0.11136620063643157,0.8449903374135947,inf,red,True,unknown,0,-0.08983823819451885,0.18318144699878758,0.07580548699843348,0.020433609999599867,0.0,0.1389999999999958,0.03399999999999892,-0.015000000000000568,0.4748470018967055,0.9261659909970436
37.0,17584.157118271,FOLLOW,2.829477005381985,2.7522935276938596,0.4092789933541849,0.11897720291197361,0.11905699898873262,-0.010898699709732774,0.007370823920545937,-0.11050382208729664,0.8441535143054363,inf,red,False,unknown,0,-0.09154186484042161,0.1251648520010349,0.061901814999146154,0.01364602399917203,0.0,0.0730000000000004,0.03399999999999892,-0.017000000000003013,0.4086879998794757,0.9261659909970436
37.1,17584.265168466,FOLLOW,2.8416209937795296,2.7644367851435194,0.40941218449537803,0.11905958642516407,0.11905699898873262,-0.010898699709732774,0.007370823920545937,-0.11050382208729664,0.8441535143054363,inf,red,False,unknown,0,-0.09154186484042161,0.23321504700288642,0.07487841900001513,0.01319472700197366,0.0,0.17300000000000182,0.036999999999999034,-0.01899999999999835,0.40397900011157617,0.9261659909970436
37.2,17584.407600513,FOLLOW,2.8537650556118814,2.7765802532718067,0.40953221266564677,0.11905927704662213,0.11905699898873262,-0.010898699709732774,0.007370823920545937,-0.11050382208729664,0.8441535143054363,inf,red,False,unknown,0,-0.09154186484042161,0.3756470940024883,0.09423521800272283,0.017804086000978714,0.0,0.27300000000000324,0.035000000000003695,-0.02099999999999369,0.3816339994955342,0.9261659909970436
37.4,17584.618803104,FOLLOW,2.874005091122043,2.7968195656504267,0.409702989557934,0.11905881148419846,0.13105890468388762,-0.0005571936133356567,-0.005197831668324961,0.03177176815644328,0.7859379862223461,inf,red,True,unknown,0,-0.00425147466842944,0.013178060999052832,0.05996349799897871,0.02981608700065408,0.0,0.007999999999995566,0.03399999999999892,0.009000000000000341,22.103100000094855,0.8644215915972406
37.5,17584.756880573,FOLLOW,2.8910775363229555,2.8138915615296556,0.40982680799805,0.1310755980335238,0.11810577185309863,-0.006118632456642716,-0.023935640108586967,0.12395805192288814,0.8594787519583144,inf,red,True,unknown,0,-0.05180637965986239,0.028695803001028253,0.08932482399904984,0.011684928002068773,0.0,0.0009999999999976694,0.036000000000001364,-0.027000000000001023,23.204414999781875,0.8644215915972406
37.6,17584.866183774,FOLLOW,2.8996461165017666,2.8224598949462867,0.40989183043363003,0.12050648564735061,0.11814379399530485,-0.006415053665515236,-0.023993626262412936,0.12268121141198754,0.8576602967538088,inf,red,False,unknown,0,-0.05429869355448477,0.0282175409993215,0.07411408899861271,0.028928818999702344,0.0,0.008000000000002672,0.03399999999999892,0.005000000000002558,29.60714800065034,0.8644215915972406
37.7,17585.013356976,FOLLOW,2.9157155279379823,2.8385288482734876,0.4100131120411074,0.11815147672402196,0.11925727543986454,-0.006524996521135719,-0.023702015127672817,0.12048966018243869,0.8621135939997027,inf,red,False,unknown,0,-0.05471361388283558,0.0367339609983901,0.10040177799965022,0.008331724999152357,0.0,0.0010000000000047748,0.03800000000000381,-0.030999999999998806,29.279628000949742,0.8644215915972406
37.9,17585.207913193,FOLLOW,2.9359134070592874,2.858726286551953,0.4101464199458216,0.11926498649807786,0.11925727543986454,-0.006524996521135719,-0.023702015127672817,0.12048966018243869,0.8621135939997027,inf,red,False,unknown,0,-0.05471361388283558,0.23129017799874418,0.033391780001693405,0.004434685000887839,0.0,0.2010000000000005,0.03300000000000125,-0.0010000000000047748,0.3347630008647684,0.8644215915972406
38.0,17585.357570544,FOLLOW,2.9480784447940724,2.87089112332659,0.41021631127929103,0.11926517134114767,0.11976004564501629,0.0009906180698236904,-0.01834741268256724,0.1272088559381216,0.8769243979389758,inf,red,False,unknown,0,0.008271690817152875,0.013496383002348011,0.06165168700317736,0.048676706002879655,0.0,-0.012000000000000455,0.03300000000000125,-0.0030000000000001137,27.685806999215856,0.8644215915972406
38.1,17585.464364905,FOLLOW,2.960260170524092,2.8830726878742303,0.41027895701520156,0.11977798153907653,0.11986773483618458,0.0009528439154817317,-0.01815813693888204,0.12575282888988867,0.8752888983714875,inf,red,False,unknown,0,0.007949127567847356,0.01144293600009405,0.059557984001003206,0.02019554300204618,0.0,0.006999999999997897,0.030000000000001137,-0.0049999999999954525,25.440635999984806,0.8644215915972406
38.2,17585.61918767,FOLLOW,2.9724847591529286,2.8952971181897684,0.4103411699821245,0.11988632182918825,0.11927414277014668,0.0009093877719393276,-0.01860668395882592,0.1284793775350515,0.875471176766583,inf,green,False,unknown,0,0.007624349677296022,0.042066725000040606,0.10443107299943222,0.04790356699959375,0.0,0.006000000000000227,0.03100000000000591,-0.006999999999997897,27.265345001069363,0.7627249337622711
38.4,17585.867248189,FOLLOW,2.997134416824185,2.9199464327003644,0.4104712194105942,0.1276718301017843,0.12745431123513465,0.005417830005521609,-0.009206515384077553,0.0898298985257479,0.8670962824857651,inf,green,False,unknown,0,0.04250801681809336,0.06409379599790554,0.08168496399957803,0.030298041998321423,0.0,0.028999999999996362,0.031999999999996476,-0.011000000000002785,29.82181300103548,0.7627249337622711
38.5,17585.957224152,FOLLOW,3.010150673995808,2.9329624708800157,0.4105466989275991,0.12747866328699886,0.12745431123513465,0.005417830005521609,-0.009206515384077553,0.0898298985257479,0.8670962824857651,inf,green,False,unknown,0,0.04250801681809336,0.1540697589989577,0.05882808900059899,0.0044516039997688495,0.0,0.12899999999999778,0.03300000000000125,-0.012999999999998124,0.38411800051108,0.7627249337622711
38.6,17586.117062693,FOLLOW,3.023381744599422,2.9461932702054177,0.4106313704761898,0.1344685905511946,0.14223190520548917,0.007159666864256297,-0.0013902357270387262,0.04322379637567185,0.8755634026516889,inf,green,False,unknown,0,0.0503379804546131,0.02696836299946881,0.08639854899956845,0.029377014998317463,0.0,0.0020000000000024443,0.03300000000000125,-0.015000000000000568,25.86105500085978,0.7203513263310338
38.7,17586.207817739,FOLLOW,3.037827074973594,2.960638204201416,0.4107383382461021,0.14225857763628472,0.14223190520548917,0.007159666864256297,-0.0013902357270387262,0.04322379637567185,0.8755634026516889,inf,green,False,unknown,0,0.0503379804546131,0.11772340899915434,0.17715359499925398,0.005394496998633258,0.0,0.10200000000000387,0.13300000000000267,-0.016999999999995907,0.9111159997701179,0.7203513263310338
38.9,17586.457474262,FOLLOW,3.0631286925975667,2.985938906406846,0.41095323376236753,0.16306124549574588,0.1630357406478334,0.006640315331621729,0.002942560442442147,0.007877286816058031,0.923591327076178,inf,green,False,unknown,0,0.04072920026759772,0.22040300799926626,0.04796500600059517,0.018335258999286452,0.0,0.17099999999999937,0.03300000000000125,0.012999999999998124,0.6120230027590878,0.7203513263310338
39.0,17586.606923567,FOLLOW,3.084312969517982,3.0071221808464808,0.4111592635598643,0.13273749982888325,0.140446182269837,-0.000930325287375279,0.004900306709955924,-0.03712290575999789,0.8526700457873532,inf,green,False,unknown,0,-0.00662406960687518,0.06202007100000628,0.06159824000133085,0.002773760999843944,0.0,0.04299999999999926,0.03300000000000125,-0.02300000000000324,0.430978001531912,0.6824380986294005
39.1,17586.706935564,FOLLOW,3.0938487069388545,3.016657422305349,0.41125651821773335,0.14046146428304832,0.14052865437428802,-0.0012635976689694766,0.004569353932221961,-0.03651557305648356,0.8519853624312341,inf,green,False,unknown,0,-0.008991743887363887,0.015158285001234617,0.014749621001101332,0.00696600100127398,0.0,0.03999999999999915,0.029000000000003467,0.009000000000000341,0.3447639974183403,0.6483161936979305
39.2,17586.86678752,FOLLOW,3.108184037837405,3.03099201917381,0.4114015851124559,0.1405434313382603,0.14005759371098675,-0.0016360094040283211,0.004640967237331936,-0.03880500527776306,0.8535829603825047,inf,green,False,unknown,0,-0.011680976094764829,0.011752881000575144,0.03620414000033634,0.029498058000172023,0.0,0.009000000000000341,0.03200000000000358,0.007000000000005002,0.7481649990950245,0.6483161936979305
39.4,17587.156874346,FOLLOW,3.138479713041757,3.0612862717365577,0.41169493355551057,0.11897598219300382,0.11901493632148524,-0.011767062576754075,0.006878910931260793,-0.11215736791318989,0.8465885628995525,inf,green,False,unknown,0,-0.09887046903901775,0.10401296900090529,0.08669215200279723,0.009866418000456179,0.0,0.06199999999999761,0.03300000000000125,-0.030999999999998806,20.51257600032841,0.5893783579072095
39.5,17587.267952083,FOLLOW,3.1465713722388085,3.0693776533924333,0.41176193283995627,0.11901560164101911,0.11901493632148524,-0.011767062576754075,0.006878910931260793,-0.11215736791318989,0.8465885628995525,inf,green,False,unknown,0,-0.09887046903901775,0.21509070599859115,0.07408499399753055,0.02911428699735552,0.0,0.16199999999999903,0.029000000000003467,0.0009999999999976694,0.39877500239526853,0.5893783579072095
39.6,17587.356831104,FOLLOW,3.1587109729462233,3.0815169299687715,0.41185055855619884,0.1190157809541179,0.11901493632148524,-0.011767062576754075,0.006878910931260793,-0.11215736791318989,0.8465885628995525,inf,green,False,unknown,0,-0.09887046903901775,0.30396972699963953,0.04094631800035131,0.008862912000040524,0.0,0.26200000000000045,0.03300000000000125,-0.0009999999999976694,0.3151119999529328,0.5893783579072095
39.7,17587.513586934,FOLLOW,3.170850592545242,3.0936563210539063,0.4119249431260228,0.1190159785443036,0.11901493632148524,-0.011767062576754075,0.006878910931260793,-0.11215736791318989,0.8465885628995525,inf,green,False,unknown,0,-0.09887046903901775,0.46072555700084195,0.08893872699991334,0.04252166100195609,0.0,0.3620000000000019,0.03200000000000358,-0.0030000000000001137,0.5742659996030852,0.5893783579072095
39.9,17587.757552863,FOLLOW,3.195129891385927,3.1179353829349905,0.41203097729284444,0.11901633782249302,0.11901493632148524,-0.011767062576754075,0.006878910931260793,-0.11215736791318989,0.8465885628995525,inf,green,False,unknown,0,-0.09887046903901775,0.7046914860002289,0.06565660699925502,0.008372643998882268,0.0,0.5619999999999976,0.028999999999996362,-0.006999999999997897,0.3422490008233581,0.5893783579072095
40.0,17587.913380242,FOLLOW,3.207269562995979,3.1300750126839616,0.41206262081392525,0.1190164245168261,0.13051387986052415,-2.328960516087793e-06,-0.005350123202290056,0.03564034474956973,0.7896821057922593,inf,green,False,unknown,0,-1.784454280706907e-05,0.10260929699870758,0.09067360599874519,0.02359017599883373,0.0,0.07000000000000028,0.027999999999998693,-0.009000000000000341,0.36794200059375726,0.5186529549583444
40.1,17588.057223535,FOLLOW,3.224385261626636,3.1471906802786815,0.41209518084943375,0.13053035720047182,0.13051387986052415,-2.328960516087793e-06,-0.005350123202290056,0.03564034474956973,0.7896821057922593,inf,green,False,unknown,0,-1.784454280706907e-05,0.24645258999953512,0.08228495400180691,0.0041703189999680035,0.0,0.1700000000000017,0.026000000000003354,-0.045000000000001705,0.2789369973470457,0.5186529549583444
40.2,17588.157952068,FOLLOW,3.233261323345076,3.1560667251245023,0.4121124874283232,0.1305302743154738,0.13051387986052415,-2.328960516087793e-06,-0.005350123202290056,0.03564034474956973,0.7896821057922593,inf,green,False,unknown,0,-1.784454280706907e-05,0.34718112299742643,0.05856738999864319,0.01831434999985504,0.0,0.2700000000000031,0.02400000000000091,-0.012999999999998124,0.42498100083321333,0.5186529549583444
40.4,17588.419861184,FOLLOW,3.259889454463636,3.182694809472299,0.41216238807218475,0.13052979496046455,0.13051387986052415,-2.328960516087793e-06,-0.005350123202290056,0.03564034474956973,0.7896821057922593,inf,green,False,unknown,0,-1.784454280706907e-05,0.6090902389987605,0.08364786200036178,0.02979400999902282,0.0,0.46999999999999886,0.027999999999998693,-0.017000000000003013,0.48344099923269823,0.5186529549583444
40.5,17588.557450709,FOLLOW,3.2732034788465216,3.1960088126047155,0.4121861748757566,0.13052951177096606,0.11867939382238579,0.001447036373012069,-0.01849913466693477,0.130806588138505,0.8749417238500912,inf,green,False,unknown,0,0.012192819043023483,0.022066025998356054,0.07976038400011021,0.03489000499757822,0.0,0.006999999999997897,0.02400000000000091,-0.01899999999999835,23.676144002820365,0.5186529549583444
40.6,17588.666711838,FOLLOW,3.2820794796303323,3.204884800000169,0.41220159116662153,0.1305293412588975,0.11867939382238579,0.001447036373012069,-0.01849913466693477,0.130806588138505,0.8749417238500912,inf,green,False,unknown,0,0.012192819043023483,0.13132715499887126,0.07140726799843833,0.055608070997550385,0.0,0.10699999999999932,0.026000000000003354,0.012999999999998124,0.4054040000482928,0.5186529549583444
40.7,17588.807806431,FOLLOW,3.293974452846197,3.21677974736003,0.4122263474330465,0.11869675820668447,0.11356864131489192,-0.003176402026075529,-0.022178825676537763,0.1282708522649831,0.8332639296943628,inf,green,False,unknown,0,-0.02796900613848426,0.06042294199869502,0.06725689599988982,0.008199441999749979,0.0,0.03900000000000148,0.028000000000005798,0.011000000000002785,0.5256500007817522,0.5186529549583444
40.9,17589.065989427,FOLLOW,3.3180886357986505,3.240893868718496,0.41228056798602436,0.1258771191847316,0.12547853452906366,0.004291969326668892,-0.01013623620091202,0.09041731746921097,0.8546784208848772,inf,green,False,unknown,0,0.03420480915542391,0.0705657809994591,0.07669788500061259,0.0210382010009198,0.0,0.04299999999999926,0.027999999999998693,0.006999999999997897,0.49820600179373287,0.5186529549583444
41.0,17589.207913335,FOLLOW,3.335169889375301,3.2579750423953797,0.4123327450024901,0.12549965017648704,0.12547853452906366,0.004291969326668892,-0.01013623620091202,0.09041731746921097,0.8546784208848772,inf,green,False,unknown,0,0.03420480915542391,0.21248968900181353,0.07317547999991802,0.011229482002818258,0.0,0.14300000000000068,0.02499999999999858,-0.029000000000003467,0.379284996597562,0.5186529549583444
41.1,17589.320355811,FOLLOW,3.3437038703921504,3.266508971941583,0.4123623785085781,0.12549979507902148,0.1385568450092821,0.006826642558555211,-0.0026986669620625223,0.05120738634924272,0.8683037763532679,inf,green,False,unknown,0,0.049269616077775774,0.028639325999392895,0.02825265800129273,0.027564402000280097,0.0,0.030999999999998806,0.027999999999998693,0.0030000000000001137,0.8498640017933212,0.5186529549583444
41.2,17589.41500421,FOLLOW,3.3573323331233107,3.280137314732949,0.4124192986729825,0.13858268546036023,0.1380039833556948,0.006912577346387083,-0.0029877993329795113,0.05368187620130122,0.8695820290564551,inf,green,False,unknown,0,0.05008969435737546,0.010148871002456872,0.020456704001844628,0.01144484900214593,0.0,0.03300000000000125,0.028000000000005798,0.0010000000000047748,0.6091260001994669,0.5186529549583444
41.4,17589.657154857,FOLLOW,3.3868107162182643,3.309615219979844,0.41258610821794794,0.15828222212673548,0.1582532820939037,0.008440486907403733,0.002640353605428784,0.01840208140260643,0.9196319807900437,inf,green,False,unknown,0,0.05333530398690468,0.25229951800065464,0.024495718000252964,0.0016016199988371227,0.0,0.232999999999997,0.027000000000001023,-0.0030000000000001137,0.45571800001198426,0.5186529549583444
41.5,17589.807158385,FOLLOW,3.4029554481401663,3.325759525915387,0.4127033308580317,0.15828175671039882,0.1582532820939037,0.008440486907403733,0.002640353605428784,0.01840208140260643,0.9196319807900437,inf,green,False,unknown,0,0.05333530398690468,0.4023030460011796,0.052371253001183504,0.0064191079982265364,0.0,0.3329999999999984,0.02400000000000091,-0.005000000000002558,0.4173880006419495,0.5186529549583444
41.6,17589.967613893,FOLLOW,3.4191002031376683,3.341903751198156,0.41283406149041835,0.15828208523953916,0.12879204010967868,-0.0033230020922336827,0.012035945646840237,-0.09734742715321984,0.8896443025883748,inf,green,False,unknown,0,-0.025801300215477836,0.033598639001866104,0.07574912100244546,0.04597448799904669,0.0,0.009000000000000341,0.02400000000000091,-0.006999999999997897,26.204186000541085,0.5186529549583444
41.7,17590.059467518,FOLLOW,3.4334606350290633,3.3562635419064835,0.4129696423171246,0.12798441642225852,0.12879204010967868,-0.0033230020922336827,0.012035945646840237,-0.09734742715321984,0.8896443025883748,inf,green,False,unknown,0,-0.025801300215477836,0.04796262300078524,0.0507008919994405,0.009883361999527551,0.0,0.035000000000003695,0.02400000000000091,-0.009000000000000341,1.0083730012411252,0.5186529549583444
41.9,17590.308118872,FOLLOW,3.455987392452573,3.3787891994333727,0.41319222245000314,0.13828421840641397,0.13827423183075196,-0.003245492004348807,0.006664960781254382,-0.06020387743409193,0.8838102449685082,inf,green,False,unknown,0,-0.02347141590575819,0.011751560999982757,0.013747236000199337,0.012420185998053057,0.0,0.03499999999999659,0.021000000000000796,0.021000000000000796,0.5188310024095699,0.5186529549583444
42.0,17590.4570647,FOLLOW,3.470092569257017,3.3928937457699804,0.4133255784695189,0.13828699128001498,0.11896187567679485,-0.012435883635619236,0.006205827421436938,-0.11150905699542316,0.8451399561922792,inf,green,False,unknown,0,-0.1045367145135307,0.16069738900114316,0.04807962300037616,0.046757808999245754,0.0,0.134999999999998,0.021999999999998465,0.01899999999999835,0.3645819997473154,0.5186529549583444
42.1,17590.619130014,FOLLOW,3.4859587841792656,3.4087593302357857,0.41346691034314903,0.1189617983624769,0.1259676411680412,-0.013181238495936288,0.005639553704689763,-0.1078480491238721,0.88850584472119,inf,green,False,unknown,0,-0.10463987714394427,0.12461081400033436,0.07684151300054509,0.030465720003121532,0.0,0.07600000000000051,0.021999999999998465,-0.016999999999995907,0.5461399996420369,0.5186529549583444
42.2,17590.707938628,FOLLOW,3.494514749917992,3.4173150386534155,0.41353324050620477,0.12596634457251,0.1259676411680412,-0.013181238495936288,0.005639553704689763,-0.1078480491238721,0.88850584472119,inf,green,False,unknown,0,-0.10463987714394427,0.2134194279969961,0.04222533499705605,0.02475010299895075,0.0,0.17600000000000193,0.021000000000000796,0.015000000000000568,0.6322360022750217,0.5186529549583444
42.4,17591.008858293,FOLLOW,3.5185082693154714,3.4413081291609866,0.4136750201710509,0.1112192147046846,0.11525745229048989,-0.01985375522124428,0.003791561151096544,-0.14078725108359372,0.8656911220982291,inf,green,False,unknown,1,-0.172255718191703,0.009108810998441186,0.05889575499895727,0.04438711200054968,0.0,0.007999999999995566,0.021999999999998465,0.01099999999999568,32.235686001513386,0.5186529549583444
42.5,17591.162105751,FOLLOW,3.5299705889653703,3.4527703905185594,0.41371107817848585,0.11524660852702524,0.11525745229048989,-0.01985375522124428,0.003791561151096544,-0.14078725108359372,0.8656911220982291,inf,green,False,unknown,1,-0.172255718191703,0.16235626899651834,0.06016140199790243,0.04235190199688077,0.0,0.10799999999999699,0.021000000000000796,0.009000000000000341,0.5536710013984703,0.5186529549583444
42.6,17591.256970172,FOLLOW,3.541725734708769,3.4645255263015446,0.4137249910549743,0.11524650742675155,0.11540646629150408,-0.022375160053227417,-5.4233889502458554e-05,-0.13002066910126142,0.8495529511449329,inf,green,False,unknown,1,-0.19388133760815635,0.06956713899853639,0.022810005997598637,0.015479639998375205,0.0,0.07500000000000284,0.020000000000003126,0.006999999999997897,1.0965150031552184,0.5186529549583444
42.7,17591.407686358,FOLLOW,3.5534955747813552,3.476295359037638,0.4137139958152754,0.11539207211403141,0.14490368614793556,-0.02956451782065616,-0.016717215411027976,-0.026556518293199584,0.8584668312654712,inf,green,False,unknown,1,-0.20402874907180107,0.015622497001459124,0.05901963500218699,0.05359585599944694,0.0,0.0040000000000048885,0.020000000000003126,0.005000000000002558,0.8405629996559583,0.5186529549583444
42.9,17591.669037904,FOLLOW,3.5816894522502962,3.5044888842815234,0.41358020718814487,0.14638041702046872,0.1492525898843598,-0.026732614567735433,-0.015585498760308075,-0.017191144016748598,0.864817482240537,inf,green,False,unknown,1,-0.17910988739590875,0.12059359799968661,0.08425571800034959,0.044791145002818666,0.0,0.06400000000000006,0.01999999999999602,0.0009999999999976694,26.208863000647398,0.5186529549583444
43.0,17591.759766434,FOLLOW,3.596713499066006,3.519512320521648,0.41344526785778135,0.14923255449759373,0.1492525898843598,-0.026732614567735433,-0.015585498760308075,-0.017191144016748598,0.864817482240537,inf,green,False,unknown,1,-0.17910988739590875,0.2113221279978461,0.02898804799770005,0.010188132997427601,0.0,0.16400000000000148,0.020000000000003126,-0.0009999999999976694,0.42912500066449866,0.5186529549583444
43.1,17591.91508114,FOLLOW,3.6119352408046677,3.534733013229438,0.4132669118862265,0.14923287959944578,0.1492525898843598,-0.026732614567735433,-0.015585498760308075,-0.017191144016748598,0.864817482240537,inf,green,False,unknown,1,-0.17910988739590875,0.3666368339982,0.08901959899958456,0.043352034997951705,0.0,0.2640000000000029,0.020000000000003126,-0.0030000000000001137,0.3885469996021129,0.5186529549583444
43.2,17592.056976473,FOLLOW,3.6324118040666895,3.5552073105150406,0.4129629475526311,0.15477099706626854,0.1547835245410198,-0.02130881739789048,-0.013071405117035367,-0.005872808870932889,0.8725336648945372,inf,green,False,unknown,1,-0.13766851130362617,0.03394287099945359,0.06439295199743356,0.0023780230003467295,0.0,0.0020000000000024443,0.017000000000003013,-0.03899999999999437,0.4517359993769787,0.5186529549583444
43.4,17592.312857747,FOLLOW,3.6588323426349363,3.5816234439253947,0.4124812012426941,0.15641215960061405,0.1575652153755568,-0.01768628519130251,-0.011247480945510153,-0.0008321757022579146,0.8771834457497124,inf,green,False,crosswalk,1,-0.11224739641390544,0.13585153800158878,0.0620458730008977,0.03166536900243955,0.0,0.06700000000000017,0.01999999999999602,-0.009000000000000341,0.658463999570813,0.5186529549583444
43.5,17592.406857577,FOLLOW,3.6695445508676023,3.592333394590305,0.41226131138520816,0.157554496812781,0.1575652153755568,-0.01768628519130251,-0.011247480945510153,-0.0008321757022579146,0.8771834457497124,inf,green,False,crosswalk,1,-0.11224739641390544,0.22985136799979955,0.030560696999600623,0.031514427999354666,0.0,0.1670000000000016,0.020000000000003126,0.02300000000000324,0.5711670019081794,0.5186529549583444
43.6,17592.557025967,FOLLOW,3.690971913700699,3.6137554071637044,0.4117827232412652,0.15755378560324618,0.1,-0.009195896758784567,-0.010200869379807872,0.005906827626498027,0.8781709498927428,inf,green,False,crosswalk,1,-0.09195896758784568,0.133736156996747,0.0551536059974751,0.03337970999928075,0.0,0.09900000000000375,0.020000000000003126,-0.012999999999998124,0.38480500006699003,0.5186529549583444
43.7,17592.657936735,FOLLOW,3.698204235967557,3.620985562244437,0.4116057024134171,0.09991940184220509,0.1,-0.007726398664379645,-0.0056757068675946775,-0.014329935378524802,0.9395082376259258,inf,green,False,crosswalk,1,-0.07726398664379644,0.032653997997840634,0.046605142997577786,0.04705661499974667,0.0,0.03300000000000125,0.019000000000005457,0.019000000000005457,27.296641001157695,0.5186529549583444
43.9,17592.95805936,FOLLOW,3.7220043310584927,3.644777589540796,0.4109861909690039,0.10000178530513776,0.1,-0.005668734687960771,-0.004656748134699113,-0.007225072708106296,0.9424412862658544,inf,green,False,crosswalk,1,-0.056687346879607706,0.07739192100052605,0.0799500649991387,0.006266348998906324,0.0,0.0379999999999967,0.01999999999999602,-0.01899999999999835,0.7014449984126259,0.5186529549583444
44.0,17593.056993781,FOLLOW,3.7322046339187156,3.6549740910285853,0.4107077440493686,0.10000395844232703,0.1,-0.005668734687960771,-0.004656748134699113,-0.007225072708106296,0.9424412862658544,inf,green,False,crosswalk,1,-0.056687346879607706,0.17632634199981112,0.04662174400073127,0.00030828899980406277,0.0,0.13799999999999812,0.020000000000003126,-0.021000000000000796,0.33652899946901016,0.5186529549583444
44.1,17593.15796763,FOLLOW,3.7390049018261493,3.6617717298400505,0.4105186680187995,0.10000392296050711,0.1,-0.004638413411026835,-0.0041454779491658,-0.003676165225129356,0.9441114328835134,inf,green,False,crosswalk,1,-0.046384134110268344,0.08523512899773777,0.00804590699772234,0.004062469997734297,0.0,0.07399999999999807,0.017000000000003013,0.011000000000002785,0.5430220007838216,0.5186529549583444
44.2,17593.307200948,FOLLOW,3.7492053794362366,3.671968128139015,0.41023021849927216,0.10000532554308737,0.1,-0.00426932657855315,-0.0035938109277734408,-0.004861836245235169,0.9472363076966975,inf,green,False,crosswalk,1,-0.0426932657855315,0.06262289899677853,0.008591213998442981,0.00797147499906714,0.0,0.04100000000000392,0.019000000000005457,0.009000000000000341,0.675200000841869,0.5186529549583444
44.4,17593.607548558,FOLLOW,3.7730067900199726,3.695759480353033,0.40953836961886775,0.10000632921193188,0.1,-0.0033420600725318265,-0.003033524266115391,-0.00233668186494443,0.9470966734367703,inf,green,False,crosswalk,1,-0.033420600725318265,0.02168530400012969,0.07848274000207311,0.009880945999611868,0.0,0.009000000000000341,0.01999999999999602,-0.029000000000003467,0.39028600076562725,0.5186529549583444
44.5,17593.716601949,FOLLOW,3.779807279486017,3.7025569691191293,0.4093363713880042,0.10000743225555982,0.1,-0.0024752578474433063,-0.002686795720363973,0.0012034621466341059,0.9493162201106708,inf,green,False,crosswalk,1,-0.024752578474433063,0.01766299099836033,0.03326625499903457,0.032393620000220835,0.0,0.0,0.01899999999999835,0.0030000000000001137,0.5281090016069356,0.5186529549583444
44.6,17593.85784381,FOLLOW,3.7934084266453145,3.7161519820615028,0.4089279290818149,0.10000943402214943,0.1,-0.002045870776041404,-0.0022512078243543034,0.001198131218772155,0.9508070266875477,inf,green,False,crosswalk,1,-0.020458707760414037,0.12406855900189839,0.06818625199957751,0.016693839999788906,0.0,0.07200000000000273,0.020000000000003126,-0.03300000000000125,1.34114399770624,0.5186529549583444
44.7,17593.962316917,FOLLOW,3.800209073943689,3.7229495109769783,0.4087220061536206,0.10000958325319279,0.1,-0.002045870776041404,-0.0022512078243543034,0.001198131218772155,0.9508070266875477,inf,green,False,crosswalk,1,-0.020458707760414037,0.22854166600154713,0.07186852499944507,0.04137845000150264,0.0,0.17200000000000415,0.020000000000003126,-0.0009999999999976694,0.7663029973627999,0.5186529549583444
44.9,17594.207427059,FOLLOW,3.8206111426989384,3.7433420416366876,0.4080982295813965,0.10001133872032765,0.1,-0.0008976356882657233,-0.0012267548963593661,0.0021192971913578562,0.9524818177912004,inf,green,False,crosswalk,1,-0.008976356882657233,0.13968063199718017,0.051419732997601386,0.006426924999686889,0.0,0.09899999999999665,0.01899999999999835,-0.005000000000002558,1.440692001779098,0.5186529549583444
45.0,17594.362788232,FOLLOW,3.830812312420809,3.7535383713947623,0.40778402732235863,0.10001150824617147,0.1,0.00011947263906986389,-0.0008792041867607529,0.006667702803820164,0.9544140551519256,inf,green,False,crosswalk,1,0.0011947263906986387,0.07295690899991314,0.06054385500101489,0.015568834998703096,0.0,0.04099999999999682,0.01899999999999835,-0.006999999999997897,0.4851039993809536,0.5186529549583444
45.1,17594.517022792,FOLLOW,3.841013563807798,3.763734754098323,0.40746889304870815,0.1000128926822144,0.1,1.9891222028518905e-05,-0.0009192789888692863,0.006262710462417602,0.9519933921241516,inf,green,False,crosswalk,1,0.000198912220285189,0.019551740999304457,0.06781993299955502,0.01853464499799884,0.0,0.04200000000000159,0.020000000000003126,-0.009000000000000341,0.5532150025828741,0.5186529549583444
45.2,17594.670386925,FOLLOW,3.8512148644093345,3.77393117914438,0.4071535357280547,0.10001269831294403,0.1,0.00031719696614619674,-0.0007382831535622894,0.0070628508593758455,0.9531757628172906,inf,green,False,crosswalk,1,0.0031719696614619674,0.17291587400177377,0.06571355300184223,0.051962872999865795,0.0,0.142000000000003,0.020000000000003126,-0.01099999999999568,0.7838450001145247,0.5186529549583444
45.4,17594.911133326,FOLLOW,3.87161752912913,3.7943240931867286,0.40652283413866913,0.10001384326830685,0.1,0.0011148454423391932,0.00021058025100452373,0.006121309288400722,0.9544276432674038,inf,green,False,crosswalk,1,0.011148454423391931,0.1611019190022489,0.06431173000237322,0.021707069001422497,0.0,0.10600000000000165,0.01899999999999835,-0.015000000000000568,2.095537998684449,0.5186529549583444
45.5,17595.062402167,FOLLOW,3.8818189356522197,3.80452064899679,0.40620827953372773,0.10001369631761906,0.1,0.0017030734440566459,0.000731679241506717,0.006617956322933702,0.9584394348032709,inf,green,False,crosswalk,1,0.017030734440566457,0.06455682399973739,0.06661602399981348,0.04097231500054477,0.0,0.03900000000000148,0.020000000000003126,-0.017000000000003013,30.022707000171067,0.5186529549583444
45.6,17595.162830866,FOLLOW,3.8886199176887755,3.811318417947817,0.4059992486376915,0.10001455689033002,0.1,0.0023331997740931483,0.0011109700678577693,0.008342871845057508,0.9569722783544609,inf,green,False,crosswalk,1,0.023331997740931483,0.010230202999082394,0.0594371900006081,0.03059490200030268,0.0,0.0030000000000001137,0.020000000000003126,0.015000000000000568,39.581447999808006,0.5186529549583444
45.7,17595.307782828,FOLLOW,3.9022219030462004,3.824914045734518,0.40558342426847155,0.10001496289568461,0.1,0.0023331997740931483,0.0011109700678577693,0.008342871845057508,0.9569722783544609,inf,green,False,crosswalk,1,0.023331997740931483,0.1551821649991325,0.07094308299929253,0.014646691000962164,0.0,0.10300000000000153,0.019000000000005457,-0.02099999999999369,0.5831519993080292,0.5186529549583444
45.9,17595.610543569,FOLLOW,3.9226250351065954,3.8453078682844706,0.4049671526882844,0.10001592680616259,0.1,0.002959018841965928,0.0016928612417020442,0.008688302370925029,0.9611310408952598,inf,green,False,crosswalk,1,0.02959018841965928,0.13120582199917408,0.10857172499891021,0.04636726600074326,0.0,0.04200000000000159,0.018000000000000682,-0.02499999999999858,0.5353640008252114,0.5186529549583444
46.0,17595.707235527,FOLLOW,3.932826636780249,3.8555049456135406,0.4046633599390679,0.10001552147182564,0.1,0.003090652977181469,0.0021149630453674477,0.006763059777684393,0.9627226452962103,inf,green,False,crosswalk,1,0.030906529771814687,0.07522440300090238,0.07725430699792923,0.011087938997661695,0.0,0.04200000000000159,0.017000000000003013,-0.027000000000001023,0.5448230003821664,0.5186529549583444
46.1,17595.811495943,FOLLOW,3.939627696163164,3.8623030357493,0.4044624143410087,0.10001569761249396,0.1,0.003599510124294752,0.002070162407490149,0.010496818962337185,0.9619493742943439,inf,green,False,crosswalk,1,0.03599510124294752,0.04602698699818575,0.060109946000011405,0.030456052998488303,0.0,0.04100000000000392,0.01899999999999835,0.005000000000002558,47.66926299998886,0.5186529549583444
46.2,17595.958296877,FOLLOW,3.9498293160201685,3.872500274623373,0.40416347229254973,0.10001643250971982,0.1,0.0037565369403863976,0.00264172464626886,0.007746783465349869,0.9626047267154205,inf,green,False,crosswalk,1,0.03756536940386398,0.0017264689995499793,0.06860799599962775,0.0028988710000703577,0.0,0.006000000000000227,0.018000000000000682,0.0030000000000001137,0.6532490006065927,0.5186529549583444
46.4,17596.262336322,FOLLOW,3.973633360962073,3.896294495929142,0.4034796935092696,0.1000175723650508,0.1,0.004687160204216624,0.0029567868565630994,0.0119293726920218,0.9642562847372942,inf,green,False,crosswalk,1,0.046871602042166234,0.018668335000256775,0.11108434199923067,0.019493244002660504,0.0,-0.02400000000000091,0.018000000000000682,-0.035000000000003695,33.94775400010985,0.5186529549583444
46.5,17596.364462567,FOLLOW,3.980434559222763,3.9030929990141314,0.40328824276550723,0.10001769332847973,0.1,0.004687160204216624,0.0029567868565630994,0.0119293726920218,0.9642562847372942,inf,green,False,crosswalk,1,0.046871602042166234,0.12079457999789156,0.061058168997988105,0.04406120499697863,0.0,0.07600000000000051,0.015999999999998238,-0.0030000000000001137,0.46372900033020414,0.5186529549583444
46.6,17596.50710807,FOLLOW,3.9940370885667305,3.9166903016552674,0.40291120138885983,0.10001884607693966,0.1,0.004687160204216624,0.0029567868565630994,0.0119293726920218,0.9642562847372942,inf,green,False,crosswalk,1,0.046871602042166234,0.26344008299929556,0.07943335000163643,0.0011373599991202354,0.0,0.17600000000000193,0.017000000000003013,-0.03900000000000148,0.40137299947673455,0.5186529549583444
46.7,17596.613676383,FOLLOW,4.000838376141162,3.923489060391983,0.4027257504577602,0.1000190206308636,0.1,0.005145866477061261,0.0036950904789739363,0.010104975823344913,0.9660537558198151,inf,green,False,crosswalk,1,0.05145866477061261,0.013276493999001104,0.04482624400043278,0.012870631999248872,0.0,0.0010000000000047748,0.014000000000002899,-0.006999999999997897,43.50127499856171,0.5186529549583444
46.9,17596.860656244,FOLLOW,4.021242383477499,3.943885823048515,0.4021820992783092,0.10002011399951166,0.1,0.005149088512269026,0.0037735089437033937,0.00960399221666771,0.9666940339913083,inf,green,False,crosswalk,1,0.051490885122690254,0.00600184100039769,0.04446028899837984,0.013373375000810483,0.0,0.006000000000000227,0.015000000000000568,-0.011000000000002785,0.39325000034295954,0.5186529549583444
47.0,17597.008333221,FOLLOW,4.031444443394603,3.954084459945697,0.4019178454684421,0.1000202509642631,0.1,0.005129130738187644,0.004029691527583871,0.007761478724869016,0.9670134076533508,inf,green,False,crosswalk,1,0.051291307381876435,0.15367881800193572,0.05337586700261454,0.027406604000134394,0.0,0.10600000000000165,0.012999999999998124,-0.012999999999998124,0.3839739983959589,0.5186529549583444
47.1,17597.124241169,FOLLOW,4.038245823096405,3.9608836301323525,0.4017444952349743,0.1000203235701238,0.1,0.005129130738187644,0.004029691527583871,0.007761478724869016,0.9670134076533508,inf,green,False,crosswalk,1,0.051291307381876435,0.26958676600042963,0.05074416099887458,0.05427242199948523,0.0,0.20600000000000307,0.015000000000000568,0.01899999999999835,0.44973699914407916,0.5186529549583444
47.2,17597.262321823,FOLLOW,4.0518485923673335,3.974482150885278,0.40140455580678364,0.10002038041917065,0.1,0.005129130738187644,0.004029691527583871,0.007761478724869016,0.9670134076533508,inf,green,False,crosswalk,1,0.051291307381876435,0.40766742000050726,0.06591039400154841,0.03461216499999864,0.0,0.3060000000000045,0.014000000000002899,-0.016999999999995907,0.41875299939420074,0.5186529549583444
47.4,17597.509074068,FOLLOW,4.072252801009137,3.994880408014135,0.400911808839473,0.1000209276849755,0.1,0.005409059937301593,0.004539294086304743,0.006254522014763215,0.9691139586904284,inf,green,False,crosswalk,1,0.05409059937301593,0.029037209998932667,0.05904234099944006,0.03323326099780388,0.0,0.006999999999997897,0.015000000000000568,-0.021000000000000796,27.233939999860013,0.5186529549583444
47.5,17597.61873854,FOLLOW,4.082454922733507,4.005079749976507,0.4006736724418906,0.10002051746307714,0.1,0.005409059937301593,0.004539294086304743,0.006254522014763215,0.9691139586904284,inf,green,False,crosswalk,1,0.05409059937301593,0.13870168200082844,0.0678172240004642,0.014103712001087843,0.0,0.10699999999999932,0.014000000000002899,-0.02300000000000324,0.30823199995211326,0.5186529549583444
47.6,17597.761691599,FOLLOW,4.0926575183421985,4.015279711991621,0.4004418864541754,0.10004260888172187,0.1,0.022538703195156173,0.0009087070843214543,0.14543729475764555,0.8672891141132648,inf,green,False,crosswalk,1,0.2253870319515617,0.12427970999851823,0.07175828699837439,0.020201294999424135,0.0,0.07399999999999807,0.015000000000000568,-0.02499999999999858,0.39760399886290543,0.5186529549583444
47.7,17597.8623287,FOLLOW,4.099460475266946,4.022081135103053,0.4002974564055564,0.10004366213819965,0.1,0.02199990278602165,0.000556641801544501,0.14414729603319748,0.8651209579568098,inf,green,False,crosswalk,1,0.21999902786021644,0.03010228000130155,0.05208862799918279,0.04828742099925876,0.0,0.0020000000000024443,0.014000000000002899,0.007000000000005002,37.777500998345204,0.5186529549583444
47.9,17598.106940098,FOLLOW,4.1198693028575475,4.042486548542893,0.3999250546621676,0.10004306006792882,0.1,0.02199990278602165,0.000556641801544501,0.14414729603319748,0.8651209579568098,inf,green,False,crosswalk,1,0.21999902786021644,0.2747136780017172,0.039550129000417655,0.02980536700124503,0.0,0.20199999999999818,0.012999999999998124,0.0030000000000001137,0.3366839991940651,0.5186529549583444
48.0,17598.208170711,FOLLOW,4.130073701172784,4.052689806428594,0.3997726208422681,0.10004319519931046,0.1,0.02199990278602165,0.000556641801544501,0.14414729603319748,0.8651209579568098,inf,green,False,crosswalk,1,0.21999902786021644,0.3759442910013604,0.024021424000238767,0.0048872680017666426,0.0,0.3019999999999996,0.012999999999998124,0.0009999999999976694,0.3261929996369872,0.5186529549583444
48.1,17598.370790209,FOLLOW,4.140278116739223,4.06289339261525,0.3996426649278224,0.10004339915183968,0.1,0.023844057957815055,0.0028606638994967334,0.14139240172491538,0.8822128141138967,inf,green,False,crosswalk,1,0.23844057957815054,0.023556922998977825,0.0655436679990089,0.04037633799816831,0.0,0.0010000000000047748,0.014000000000002899,-0.0009999999999976694,33.613636001973646,0.5186529549583444
48.2,17598.511693628,FOLLOW,4.150482612314283,4.073097321396418,0.39953529473024874,0.10004608315357855,0.1,0.023844057957815055,0.0028606638994967334,0.14139240172491538,0.8822128141138967,inf,green,False,crosswalk,1,0.23844057957815054,0.16446034199907444,0.046171800000593066,0.022839478999230778,0.0,0.1010000000000062,0.011000000000002785,-0.0030000000000001137,0.39284500235226005,0.5186529549583444
48.4,17598.760220472,FOLLOW,4.170892112279834,4.093506305518169,0.3993928720420811,0.10004699383162519,0.1,0.023844057957815055,0.0028606638994967334,0.14139240172491538,0.8822128141138967,inf,green,False,crosswalk,1,0.23844057957815054,0.41298718599864515,0.04401303999839001,0.030092222998064244,0.0,0.30100000000000193,0.012999999999998124,-0.006999999999997897,0.5451510005514137,0.5186529549583444
48.5,17598.913679866,FOLLOW,4.177695318231824,4.1003094620737075,0.3993670892879983,0.1000473019835644,0.1,0.023844057957815055,0.0028606638994967334,0.14139240172491538,0.8822128141138967,inf,green,False,crosswalk,1,0.23844057957815054,0.5664465800000471,0.030197683001460973,0.05025489100080449,0.0,0.40100000000000335,0.00999999999999801,0.02499999999999858,0.5974250016151927,0.5186529549583444
48.6,17599.068413065,FOLLOW,4.191301794748459,4.113915919894552,0.3993480743586813,0.10004794441886475,0.1,0.023199178100297882,0.007520182151688166,0.1064846009545181,0.868485194755884,inf,green,False,crosswalk,1,0.23199178100297882,0.019342038001923356,0.03213866300211521,0.031565991001116345,0.0,0.0040000000000048885,0.009000000000000341,-0.01099999999999568,1.2901139998575673,0.5186529549583444
48.7,17599.160086432,FOLLOW,4.201506660392623,4.124120773740626,0.3993621586500144,0.10004753845892855,0.1,0.022872638230310757,0.006855324259817906,0.10866943607222442,0.8726811380114406,inf,green,False,crosswalk,1,0.22872638230310754,0.08917379999911645,0.020152217999566346,0.0024720879991946276,0.0,0.07500000000000284,0.011000000000002785,-0.012999999999998124,1.7859690015029628,0.5186529549583444
48.9,17599.409185664,FOLLOW,4.218515287118931,4.1411292081239495,0.3994403346155374,0.10005400571586068,0.1,-0.003783135890881389,0.0007223102872092879,-0.013240201881698258,0.811983799404092,inf,green,False,crosswalk,1,-0.03783135890881389,0.006060198000341188,0.02410497500022757,0.030220935001125326,0.0,0.009000000000000341,0.01099999999999568,0.016999999999995907,0.38902999949641526,0.5186529549583444
49.0,17599.558614343,FOLLOW,4.232117483411597,4.154731107952458,0.39953012101944113,0.10001239895586209,0.1,-0.006056561109436877,-3.1991690621069324e-06,-0.02119478961116542,0.8116931005417265,inf,green,False,crosswalk,1,-0.060565611094368775,0.039403326001774985,0.0589545380025811,0.008833136002067477,0.0,0.006999999999997897,0.012000000000000455,-0.01899999999999835,0.3611799984355457,0.5186529549583444
49.1,17599.657689438,FOLLOW,4.238918156547318,4.161531652039416,0.3995720109218575,0.10000936782683804,0.1,0.021566427080631296,0.012452367243362149,0.06281923117671086,0.8645061031408141,inf,green,False,crosswalk,1,0.21566427080631295,0.001719084000797011,0.01724602400281583,0.0178141130018048,0.0,0.006999999999997897,0.012000000000000455,0.012999999999998124,0.47432599967578426,0.5186529549583444
49.2,17599.807032586,FOLLOW,4.2525239792798954,4.175137099336159,0.399672492003986,0.10004575892698223,0.1,0.02101070722326905,0.012987464450406615,0.055500495646033744,0.8607711300113194,inf,green,False,crosswalk,1,0.21010707223269048,0.0595834220002871,0.05569959099739208,0.0089243689981231,0.0,0.03800000000000381,0.011000000000002785,-0.022999999999996135,0.3547390006133355,0.5186529549583444
49.4,17600.012429051,FOLLOW,4.269531573962406,4.19214374244053,0.39985167178264797,0.1000423488289261,0.1,0.017405036963547723,0.015700014787185745,0.012997231742505387,0.8223371555657418,inf,green,False,crosswalk,1,0.1740503696354772,0.11684953000076348,0.025384066000697203,0.02216011400014395,0.0,0.10300000000000153,0.00999999999999801,0.006999999999997897,33.91933999955654,0.5186529549583444
49.5,17600.165209341,FOLLOW,4.279735866120278,4.202347162100686,0.3999850140604259,0.10004113073932676,0.1,0.017405036963547723,0.015700014787185745,0.012997231742505387,0.8223371555657418,inf,green,False,crosswalk,1,0.1740503696354772,0.26962982000259217,0.05711545899976045,0.044799532002798514,0.0,0.20300000000000296,0.011000000000002785,0.005000000000002558,0.6289379998634104,0.5186529549583444
49.6,17600.257978309,FOLLOW,4.289940055598846,4.212550227596916,0.40013638742156715,0.10004105955490836,0.1,0.00690020942747026,0.015924787385883998,-0.059507263088107,0.8125135741654725,inf,green,False,crosswalk,1,0.0690020942747026,0.04423275999943144,0.014397008999367245,0.013407567999820458,0.0,0.04200000000000159,0.009000000000000341,0.0030000000000001137,25.72649599824217,0.5186529549583444
49.7,17600.412908903,FOLLOW,4.300143444863626,4.222752251769444,0.40030326355203233,0.10002674647072282,0.1,0.00690020942747026,0.015924787385883998,-0.059507263088107,0.8125135741654725,inf,green,False,crosswalk,1,0.0690020942747026,0.19916335399830132,0.061754992999340175,0.037598412000079406,0.0,0.142000000000003,0.012000000000000455,0.0010000000000047748,0.9365350015286822,0.5186529549583444
49.9,17600.658357236,FOLLOW,4.32054812452084,4.243153847813407,0.40065794130824567,0.10001317472418396,0.1,-0.00314169203641945,0.013440680411455172,-0.11036176493189091,0.824379054860535,inf,green,False,crosswalk,1,-0.0314169203641945,0.07656160500118858,0.010035797000455204,0.00953516599838622,0.0,0.036999999999999034,0.01099999999999568,-0.0030000000000001137,0.3175980018568225,0.5186529549583444
50.0,17600.757383108,FOLLOW,4.3273490066953775,4.249953693215432,0.40077668791080145,0.10001268704034989,0.1,-0.00314169203641945,0.013440680411455172,-0.11036176493189091,0.824379054860535,inf,green,False,crosswalk,1,-0.0314169203641945,0.1755874770024093,0.02587740200033295,0.03713255999900866,0.0,0.13700000000000045,0.00999999999999801,0.029000000000003467,0.3649989994300995,0.5186529549583444
50.1,17600.923344957,FOLLOW,4.340950717891871,4.263553400817292,0.4010101366398601,0.10001250823285844,0.1,-0.0030261174826593322,0.013427463563623378,-0.10950386375293258,0.8249685229358165,inf,green,False,crosswalk,1,-0.03026117482659332,0.09371492599893827,0.030118173999653663,0.029512979999708477,0.0,0.04200000000000159,0.009000000000000341,-0.006999999999997897,3.0619270000897814,0.5186529549583444
50.2,17601.007562125,FOLLOW,4.347751570232863,4.270353285966041,0.4011248293452435,0.10001261391554135,0.1,0.005174711292092905,0.015429914943688606,-0.06782785359163303,0.8099385028669603,inf,green,False,crosswalk,1,0.051747112920929046,0.06856537700150511,0.013681587999599287,0.013169295998523012,0.0,0.0730000000000004,0.009000000000000341,0.025000000000005684,0.49831700016511604,0.5186529549583444
50.4,17601.257560074,FOLLOW,4.368155900898973,4.290754649307063,0.40147275452468584,0.10002384307139316,0.1,-0.0032342480441143063,0.013495403209555362,-0.11133932185470594,0.8172302252965664,inf,green,False,crosswalk,1,-0.03234248044114306,0.03974323099828325,0.008337974999449216,0.039253830997040495,0.0,0.03999999999999915,0.003999999999997783,0.021000000000000796,0.34553300065454096,0.5186529549583444
50.5,17601.418247245,FOLLOW,4.381757734092551,4.30435443082713,0.40170898815597006,0.10001227510277845,0.1,-0.0038343351323360322,0.012788941741824121,-0.11068901780719775,0.8278469860764603,inf,green,False,crosswalk,1,-0.03834335132336032,0.017605021999770543,0.029894225001044106,0.014724839002155932,0.0,0.009000000000000341,0.006000000000000227,-0.015000000000000568,25.043091998668388,0.5186529549583444
50.6,17601.507480719,FOLLOW,4.388558571213728,4.311154279881156,0.401824911626022,0.10001235651249522,0.1,-0.0038343351323360322,0.012788941741824121,-0.11068901780719775,0.8278469860764603,inf,green,False,crosswalk,1,-0.03834335132336032,0.10683849599809037,0.01406304500051192,0.01887154200085206,0.0,0.10900000000000176,0.005000000000002558,0.017000000000003013,0.4463860022951849,0.5186529549583444
50.7,17601.668119195,FOLLOW,4.402160201442511,4.324754015651706,0.4020519101682151,0.10001205621558458,0.1,-0.0038343351323360322,0.012788941741824121,-0.11068901780719775,0.8278469860764603,inf,green,False,crosswalk,1,-0.03834335132336032,0.267476971999713,0.046150681999279186,0.021965433999866946,0.0,0.20900000000000318,0.0030000000000001137,-0.01899999999999835,2.3694119990977924,0.5186529549583444
50.9,17601.907362977,FOLLOW,4.4225627002830175,4.345153878535398,0.40237983517650067,0.10001243865745678,0.1,-0.0038343351323360322,0.012788941741824121,-0.11068901780719775,0.8278469860764603,inf,green,False,crosswalk,1,-0.03834335132336032,0.5067207539977971,0.03640582699881634,0.00641453899879707,0.0,0.4089999999999989,0.003999999999997783,-0.02300000000000324,0.32162700154003687,0.5186529549583444
51.0,17602.022014024,FOLLOW,4.42936355014504,4.351953902959965,0.4024857903334368,0.1000125534488948,0.1,-0.0038343351323360322,0.012788941741824121,-0.11068901780719775,0.8278469860764603,inf,green,False,crosswalk,1,-0.03834335132336032,0.6213718010003504,0.04591305900248699,0.04872887300007278,0.0,0.5090000000000003,0.0030000000000001137,0.009000000000000341,0.3934719970857259,0.5186529549583444
51.1,17602.163315691,FOLLOW,4.439564838154005,4.362154001287569,0.4026415789534874,0.10001269247637103,0.1,-0.0038343351323360322,0.012788941741824121,-0.11068901780719775,0.8278469860764603,inf,green,False,crosswalk,1,-0.03834335132336032,0.7626734679979563,0.04600629799824674,0.0620569759994396,0.0,0.6090000000000018,0.0040000000000048885,0.006999999999997897,0.4303740024624858,0.5186529549583444
51.1,17602.209927719,WAIT_SENSORS,4.442965270321466,4.365554049615657,0.4026926699719622,0.10001272715139635,0.0,0.0,0.012788941741824121,-0.11068901780719775,0.8278469860764603,inf,green,False,crosswalk,1,-0.03834335132336032,0.8092854959977558,0.0926183259980462,0.04556496299846913,0.046612027999799466,0.6090000000000018,0.0040000000000048885,-0.027000000000001023,0.8585270006733481,0.5186529549583444
51.2,17602.307041385,WAIT_SENSORS,4.449781418772469,4.372369463264631,0.40279273686040834,0.03191754867202603,0.0,0.0,0.012788941741824121,-0.11068901780719775,0.8278469860764603,inf,green,False,crosswalk,1,-0.03834335132336032,0.9063991619987064,0.04840207700181054,0.0028190839984745253,0.0,0.7090000000000032,0.0020000000000024443,-0.028999999999996362,0.44971600073040463,0.5186529549583444
51.3,17602.519373659,FOLLOW,4.4498256969175065,4.372412014177307,0.40279333035248477,1.4877692045805787e-06,0.1,0.005253307184958547,-0.009100748130602365,0.09584189366011196,0.8487447574363367,inf,green,False,crosswalk,1,0.052533071849585465,0.029893481001636246,0.13674346400148352,0.04322283600049559,0.1079504570006975,-0.06099999999999994,0.0030000000000001137,-0.06500000000000483,34.638986999198096,0.5186529549583444
51.4,17602.61356598,FOLLOW,4.44982584859322,4.372412165838345,0.4027933324624215,1.486685831332075e-06,0.1,0.005253307184958547,-0.009100748130602365,0.09584189366011196,0.8487447574363367,inf,green,False,crosswalk,1,0.052533071849585465,0.029743074999714736,0.02817992799828062,0.023714443999779178,0.0,0.003999999999997783,0.0009999999999976694,-0.06700000000000017,0.4527020028035622,0.5186529549583444
51.5,17602.657202151,FOLLOW,4.450935670699967,4.373521879547122,0.4028088435286462,0.034002243041463515,0.1,0.011107383386088365,-0.004912809898685935,0.10735940335749594,0.8576942506106149,inf,green,False,crosswalk,1,0.11107383386088364,0.04117188999953214,0.0253737530001672,0.002193577998696128,0.0,0.030999999999998806,0.0020000000000024443,-0.0009999999999976694,28.09331100070267,0.5186529549583444
51.6,17602.816545209,FOLLOW,4.459955071501933,4.3825403454917575,0.4029386797264439,0.10003267011629371,0.1,0.010006675779541287,-0.005680588286702072,0.10506165568315808,0.8664444672313962,inf,green,False,crosswalk,1,0.10006675779541287,0.11639351999838254,0.022316735001368215,0.02175401600106852,0.0,0.07099999999999795,0.0010000000000047748,-0.0030000000000001137,0.3455299993220251,0.5186529549583444
51.7,17602.90703518,FOLLOW,4.470158390245634,4.392742453201517,0.4030958543306374,0.10003213796788216,0.1,0.00938714368032777,-0.006154196415868958,0.10404244094563575,0.8652682413190962,inf,green,False,crosswalk,1,0.09387143680327771,0.04353119200095534,0.011956165999436053,0.009382391999679385,0.0,0.03800000000000381,0.0030000000000001137,-0.0049999999999954525,30.985017998318654,0.5186529549583444
51.9,17603.158819498,FOLLOW,4.490564780551974,4.413145955504173,0.40343899862362986,0.10003050220917704,0.1,0.008792601314888343,-0.006335383763493567,0.10126166200903457,0.8660468747713803,inf,green,False,crosswalk,1,0.08792601314888343,0.18820877100006328,0.03013558699967689,0.023679011999774957,0.0,0.1419999999999959,0.0009999999999976694,-0.009000000000000341,0.8094900003925432,0.5186529549583444
52.0,17603.257255791,FOLLOW,4.497366797401943,4.419946865974793,0.40356167271534776,0.10002952736907518,0.1,0.008792601314888343,-0.006335383763493567,0.10126166200903457,0.8660468747713803,inf,green,False,crosswalk,1,0.08792601314888343,0.2866450639994582,0.005494783999893116,0.037672775997634744,0.0,0.24199999999999733,0.0,0.02300000000000324,0.3121049994661007,0.5186529549583444
52.1,17603.417687375,FOLLOW,4.510970796991683,4.433548423305321,0.4038193968935659,0.10002929195181905,0.1,0.008792601314888343,-0.006335383763493567,0.10126166200903457,0.8660468747713803,inf,green,False,crosswalk,1,0.08792601314888343,0.4470766480008024,0.02815547199861612,0.023029427000437863,0.0,0.34199999999999875,0.0,-0.012999999999998124,0.36484600059338845,0.5186529549583444
52.2,17603.557909565,FOLLOW,4.521173812164238,4.443749394819118,0.40402358301740166,0.1000307121930319,0.1,0.010037363371941915,-0.0009464860455200598,0.07396154143548511,0.8659099506648709,inf,green,False,crosswalk,1,0.10037363371941917,0.12758534100066754,0.041145677998429164,0.013712060997931985,0.0,0.07600000000000051,0.0020000000000024443,-0.015000000000000568,0.6389879999915138,0.5186529549583444
52.4,17603.80681574,FOLLOW,4.541580010000577,4.464150859927779,0.40446289207624303,0.10002953541511127,0.1,0.01040401755625602,0.005426299545571665,0.03407711689862183,0.8670409744464969,inf,green,False,crosswalk,1,0.10404017556256019,0.1089599580009235,0.02290788200116367,0.00029617000109283254,0.0,0.07199999999999562,0.0009999999999976694,-0.01899999999999835,0.5659519993059803,0.5186529549583444
52.5,17603.907672318,FOLLOW,4.548382103020573,4.470951172848549,0.4046184946284818,0.10003105763574759,0.1,0.01040401755625602,0.005426299545571665,0.03407711689862183,0.8670409744464969,inf,green,False,crosswalk,1,0.10404017556256019,0.2098165360002895,0.019371755999600282,0.023404608000419103,0.0,0.17199999999999704,0.0009999999999976694,0.012999999999998124,0.6479029980255291,0.5186529549583444
52.6,17604.059073393,FOLLOW,4.561986295948899,4.484551464771344,0.4049442187723622,0.10002964290627611,0.1,0.009258033672714267,0.004547552166825012,0.03219072861864546,0.868087663598242,inf,green,False,crosswalk,1,0.09258033672714266,0.11542949200156727,0.01962747300058254,0.0039438980020349845,0.0,0.10099999999999909,0.0,-0.022999999999996135,0.45485699956770986,0.5186529549583444
52.7,17604.164702653,FOLLOW,4.568788309611592,4.491351362172924,0.40511387731750403,0.10002963403760956,0.1,0.004406706306041382,0.010147749304333193,-0.037885333660783393,0.8405664008529349,inf,green,False,crosswalk,1,0.04406706306041382,0.06537607400241541,0.012906771000416484,0.015004094999312656,0.0,0.059000000000004604,0.0010000000000047748,0.009000000000000341,0.4532130005827639,0.5186529549583444
52.9,17604.40715098,FOLLOW,4.589193104294432,4.511749402404363,0.4056388269488831,0.10002260234438728,0.1,0.0030289501518690385,0.009379307990186953,-0.04205754151132712,0.8431900144636165,inf,green,False,crosswalk,1,0.030289501518690386,0.02848870800153236,0.010902131001785165,0.011739289002434816,0.0,0.036999999999999034,0.0,0.0049999999999954525,22.714096998242894,0.5186529549583444
53.0,17604.557843184,FOLLOW,4.602796091696437,4.525347642890397,0.40599815827110847,0.10002171660773082,0.1,0.00262804325477336,0.009246841137839525,-0.043877515425712,0.8423959904730194,inf,green,False,crosswalk,1,0.026280432547733597,0.04300133799915784,0.0348498080020363,0.005384201998822391,0.0,0.03300000000000125,0.0,-0.030999999999998806,29.67755699864938,0.5186529549583444
53.1,17604.657345886,FOLLOW,4.609597561325852,4.5321466802215955,0.4061800383649009,0.1000213390228406,0.1,0.00262804325477336,0.009246841137839525,-0.043877515425712,0.8423959904730194,inf,green,False,crosswalk,1,0.026280432547733597,0.14250403999903938,0.011723783998604631,0.01256894700054545,0.0,0.13300000000000267,0.0010000000000047748,0.0010000000000047748,0.5433689984783996,0.5186529549583444
53.2,17604.812867539,FOLLOW,4.619799747076338,4.542345151470053,0.40645531578046235,0.10002153585148102,0.1,0.0020793029171370953,0.008937321764242978,-0.04551508708780107,0.8438864246631691,inf,green,False,crosswalk,1,0.020793029171370953,0.06918694799969671,0.04449786400073208,0.04374225200081128,0.0,0.04200000000000159,0.0,-0.0009999999999976694,0.6285460003709886,0.5186529549583444
53.4,17605.008564109,FOLLOW,4.636803301022648,4.559342361867731,0.4069197319389813,0.10002078049941197,0.1,1.9070945241077547e-05,0.008625449293915202,-0.05731143546858621,0.8550516919157725,inf,green,False,crosswalk,1,0.00019070945241077546,0.010338582000258612,0.008171122000931064,0.009691010000096867,0.0,0.03900000000000148,0.0,0.028999999999996362,0.30744600007892586,0.5186529549583444
53.5,17605.170224292,FOLLOW,4.650405920878533,4.572939815180991,0.4072946055979203,0.10001850765342653,0.1,-0.007712835466953141,0.010215116726816319,-0.11960449976802155,0.8373315813218141,inf,green,False,crosswalk,1,-0.0771283546695314,0.15483127400148078,0.019228643999667838,0.01863085000150022,0.0,0.10099999999999909,0.0,-0.006999999999997897,0.5650649982271716,0.5186529549583444
53.6,17605.31451692,FOLLOW,4.660607226890964,4.583137285004297,0.4075743395162314,0.10000806499857216,0.1,-0.008159657743904166,0.009653827097232712,-0.11889174058698163,0.8392950190615037,inf,green,False,ramp,1,-0.08159657743904165,0.07926476799912052,0.026844236999750137,0.02625811300094938,0.0,0.03300000000000125,-0.0009999999999976694,-0.009000000000000341,0.9665319994383026,0.5186529549583444
53.7,17605.41473047,FOLLOW,4.670808012855042,4.593334434768136,0.4078466741144995,0.10000740949962507,0.1,-0.008159657743904166,0.009653827097232712,-0.11889174058698163,0.8392950190615037,inf,green,False,ramp,1,-0.08159657743904165,0.17947831800120184,0.02876189300150145,0.018182867002906278,0.0,0.13300000000000267,-0.0009999999999976694,-0.01099999999999568,0.4487329970288556,0.5186529549583444
53.9,17605.657857032,FOLLOW,4.6878092573205175,4.610330094170621,0.40828237268204337,0.10000720247753091,0.1,-0.01562969536575223,0.008100549044978624,-0.1582992558115843,0.8417214319930986,inf,green,False,ramp,1,-0.15629695365752228,0.026245296001434326,0.004234319003444398,0.029170829002396204,0.0,0.04200000000000159,-0.0010000000000047748,0.01899999999999835,28.67599599994719,0.5186529549583444
54.0,17605.812329866,FOLLOW,4.698009758151353,4.620527529219018,0.40853242876089924,0.09999731042385766,0.1,-0.015397158084890694,0.008018333233334049,-0.15622785018812455,0.8413891998950934,inf,green,False,ramp,1,-0.15397158084890694,0.07603092499994091,0.02091205900069326,0.058656170000176644,0.0,0.04099999999999682,0.0,0.017000000000003013,0.35452100200927816,0.5186529549583444
54.1,17605.906908786,FOLLOW,4.708209446781131,4.6307244879849385,0.40876835617207236,0.09999690734664866,0.1,-0.019688021042073397,0.0018426618717848342,-0.1444276901870888,0.848352150108309,inf,green,False,ramp,1,-0.19688021042073392,0.03341770800034283,0.0006445340004574973,0.01665815800151904,0.0,0.036000000000001364,0.0,0.015000000000000568,34.93423300096765,0.5186529549583444
54.2,17606.05859728,FOLLOW,4.718408988211389,4.640921655282542,0.40898836461992244,0.09999105854918777,0.1,-0.0010595807626987781,-0.0032573522850185277,0.014562441619839578,0.7931641790575624,inf,green,False,ramp,1,-0.01059580762698778,0.11587292200056254,0.02680376300122589,0.026229497998428997,0.0,0.09200000000000585,-0.001999999999995339,0.01300000000000523,0.6720739984302782,0.5186529549583444
54.4,17606.312878206,FOLLOW,4.738810756138959,4.661319354949762,0.40939575387189164,0.10001044020633215,0.1,-0.004921376090650772,-0.02195205993628179,0.1126448280831215,0.8641859143730228,inf,green,False,ramp,1,-0.049213760906507725,0.04209151600298355,0.009818268001254182,0.044077020000258926,0.0,0.021999999999998465,-0.0020000000000024443,0.009000000000000341,22.674027997709345,0.5186529549583444
54.5,17606.45723342,FOLLOW,4.752412157938518,4.674918225005793,0.4096581623892843,0.10001019450558492,0.1,-0.004921376090650772,-0.02195205993628179,0.1126448280831215,0.8641859143730228,inf,green,False,ramp,1,-0.049213760906507725,0.05962143099895911,0.04537930799779133,0.01353456599827041,0.0,0.01899999999999835,-0.005000000000002558,-0.027000000000001023,23.358428003120935,0.5186529549583444
54.6,17606.562576475,FOLLOW,4.7592128488324414,4.681717712238343,0.40978610656912645,0.10001013123929459,0.1,-0.004921376090650772,-0.02195205993628179,0.1126448280831215,0.8641859143730228,inf,green,False,ramp,1,-0.049213760906507725,0.029408836999209598,0.037485089000256266,0.04413868199844728,0.0,0.012999999999998124,-0.0030000000000001137,0.005000000000002558,24.17634499943233,0.5186529549583444
54.7,17606.657115476,FOLLOW,4.769413879273717,4.691917013081508,0.4099739431959871,0.10001008368115298,0.1,-0.004921376090650772,-0.02195205993628179,0.1126448280831215,0.8641859143730228,inf,green,False,ramp,1,-0.049213760906507725,0.12394783799754805,0.13202408999859472,0.0007801179999660235,0.0,0.11299999999999955,0.09700000000000131,0.0030000000000001137,0.3472700009297114,0.5186529549583444
54.9,17606.908313509,FOLLOW,4.789816894501839,4.712316742514425,0.41034009519908743,0.10001790337558504,0.1,0.0007884146597667389,-0.01681407499114656,0.11688048777142017,0.8772478241087327,inf,green,False,ramp,1,0.00788414659766739,0.07005604000005405,0.11485245400035637,0.003202177998900879,0.0,0.08099999999999596,0.0940000000000012,-0.0010000000000047748,0.3848929991363548,0.5186529549583444
55.0,17607.070347864,FOLLOW,4.800018732896604,4.722516923848436,0.41052396285013565,0.10001810704398796,0.1,0.000463040396103885,-0.017067856740597416,0.11638290690507093,0.8798151901410313,inf,green,False,ramp,1,0.00463040396103885,0.08015599499776727,0.03415820599911967,0.03351291199942352,0.0,0.055999999999997385,-0.003999999999997783,-0.0030000000000001137,0.45490300180972554,0.5186529549583444
55.1,17607.209092397,FOLLOW,4.810220564360598,4.7327170816255135,0.4107087505693576,0.1000178476640253,0.1,0.000463040396103885,-0.017067856740597416,0.11638290690507093,0.8798151901410313,inf,green,False,ramp,1,0.00463040396103885,0.21890052799790283,0.043473860998346936,0.04290621199834277,0.0,0.1559999999999988,-0.0049999999999954525,-0.0049999999999954525,0.46913500045775436,0.5186529549583444
55.2,17607.313361683,FOLLOW,4.820422395176245,4.74291722646084,0.4108942156532475,0.10001805194197942,0.1,6.887088232567958e-06,-0.017446830891089893,0.11583777880162416,0.8763877376421109,inf,green,False,ramp,1,6.887088232567957e-05,0.07420844699663576,0.030259040999226272,0.02763283299645991,0.0,0.05799999999999983,-0.0049999999999954525,-0.006999999999997897,0.32962800105451606,0.5186529549583444
55.4,17607.558019912,FOLLOW,4.840826268047383,4.763317693872219,0.4112669827330379,0.10002263231184848,0.1,0.0031171234772842363,-0.008467135038883435,0.07733464535168198,0.8682446084695448,inf,green,False,ramp,1,0.03117123477284236,0.04201970000212896,0.01992774100290262,0.008321266999701038,0.0,0.021000000000000796,-0.006999999999997897,-0.011000000000002785,27.30749699912849,0.5186529549583444
55.5,17607.719571203,FOLLOW,4.851028555536859,4.773518204451583,0.41145738500702317,0.10002225369228923,0.1,0.0031171234772842363,-0.008467135038883435,0.07733464535168198,0.8682446084695448,inf,green,False,ramp,1,0.03117123477284236,0.20357099100147025,0.04340491000039037,0.03006159000142361,0.0,0.12100000000000222,-0.008000000000002672,-0.012999999999998124,0.3408310003578663,0.5186529549583444
55.6,17607.807856017,FOLLOW,4.8612308318190705,4.7837186393750715,0.41165120929550314,0.10002236916417125,0.1,0.0031171234772842363,-0.008467135038883435,0.07733464535168198,0.8682446084695448,inf,green,False,ramp,1,0.03117123477284236,0.2918558050005231,0.011642375000519678,0.010724790998210665,0.0,0.22100000000000364,-0.007999999999995566,-0.015000000000000568,0.42869599928963,0.5186529549583444
55.7,17607.918133951,FOLLOW,4.868032354524518,4.790518898394518,0.4117823132182348,0.1000224107085607,0.1,0.003959436161230976,-0.0008201783834617792,0.03218505358621278,0.874016666011443,inf,green,False,ramp,1,0.03959436161230975,0.10647732199868187,0.014513447000354063,0.017766554999980144,0.0,0.08600000000000563,-0.00999999999999801,0.017000000000003013,0.3925439996237401,0.5186529549583444
55.9,17608.164593669,FOLLOW,4.888437104590065,4.810919656445277,0.41218588882896623,0.10002349231201815,0.1,-0.0008114077784069544,0.005544414147941466,-0.042414329319643417,0.8496856911630446,inf,green,False,ramp,1,-0.008114077784069544,0.059843259001354454,0.012454414001695113,0.016096726998512167,0.0,0.055999999999997385,-0.012999999999998124,0.012999999999998124,0.3661049995571375,0.5186529549583444
56.0,17608.257651629,FOLLOW,4.898639135802691,4.8211195857286615,0.41239297192492885,0.10001691569797753,0.1,-0.0013371953423311459,0.005417502440392252,-0.04511220548835352,0.8531454057725029,inf,green,False,ramp,1,-0.01337195342331146,0.07442463199913618,0.10551237400068203,0.012572745999932522,0.0,0.08100000000000307,0.0870000000000033,0.011000000000002785,26.3298499994562,0.5186529549583444
56.1,17608.408405081,FOLLOW,4.912241377749004,4.834719040586415,0.41266831411965754,0.10001592915266021,0.1,-0.0013371953423311459,0.005417502440392252,-0.04511220548835352,0.8531454057725029,inf,green,False,ramp,1,-0.01337195342331146,0.22517808400152717,0.02437875300165615,0.007145999999920605,0.0,0.1810000000000045,-0.009000000000000341,-0.02499999999999858,0.44680299833999015,0.5186529549583444
56.2,17608.568221241,FOLLOW,4.9224429909349805,4.844918589817772,0.4128735139417934,0.10001570416207646,0.1,-0.0013371953423311459,0.005417502440392252,-0.04511220548835352,0.8531454057725029,inf,green,False,ramp,1,-0.01337195342331146,0.38499424399924465,0.05546757199772401,0.029486301998986164,0.0,0.2810000000000059,-0.009000000000000341,-0.026999999999993918,0.447110000095563,0.5186529549583444
56.4,17608.81436091,FOLLOW,4.942846080421486,4.865317629261158,0.4132800203501806,0.10001450666800847,0.1,-0.0017505386653562658,0.005015749810127696,-0.0452237956870526,0.8501521186128016,inf,green,False,ramp,1,-0.017505386653562657,0.16359457599901361,0.019362738999916473,0.017780594000214478,0.0,0.10900000000000176,-0.00999999999999801,-0.030999999999998806,0.3488389993435703,0.5186529549583444
56.5,17608.920611107,FOLLOW,4.949647067849571,4.872117296155375,0.4134140356044818,0.10001460875950174,0.1,-0.0017505386653562658,0.005015749810127696,-0.0452237956870526,0.8501521186128016,inf,green,False,ramp,1,-0.017505386653562657,0.2698447729999316,0.019383057002414716,0.02789373199993861,0.0,0.20900000000000318,-0.00999999999999801,0.0009999999999976694,0.6896999984746799,0.5186529549583444
56.6,17609.060317253,FOLLOW,4.95984828522567,4.882316569251364,0.41361319145863484,0.10000292905429996,0.1,-0.010666597377297495,0.007210516373844747,-0.1195385070795169,0.8429404906570965,inf,green,False,ramp,1,-0.10666597377297495,0.13817619099791045,0.01387601500027813,0.03883835300075589,0.0,0.10600000000000165,-0.018000000000000682,-0.0009999999999976694,0.5753879995609168,0.5186529549583444
56.7,17609.157132266,FOLLOW,4.9700485287113665,4.8925150350803825,0.41380359428872227,0.10000227657431257,0.1,-0.010715990880144436,0.006956124093585633,-0.11819569804116903,0.8468881227124891,inf,green,False,ramp,1,-0.10715990880144435,0.021571706998656737,0.11069102799956454,0.0015246179973473772,0.0,0.045000000000001705,0.08200000000000074,-0.0030000000000001137,1.3819830019201618,0.5186529549583444
56.9,17609.412710019,FOLLOW,4.987048897960911,4.90951287297854,0.414096832371311,0.10000216025150914,0.1,-0.009665465823003013,0.007344423117190628,-0.11374253882489505,0.8427619680562938,inf,green,False,ramp,1,-0.09665465823003011,0.029243430002679816,0.12526103800337296,0.035719123003218556,0.0,0.036999999999999034,0.0899999999999963,0.027000000000001023,21.535545998631278,0.5186529549583444
57.0,17609.566937619,FOLLOW,5.000649272291783,4.9231115764992985,0.41430994767353463,0.10000361560011824,0.1,-0.017168716174604973,0.0058029895486301775,-0.15353106629834423,0.8451716156102895,inf,green,False,ramp,1,-0.17168716174604973,0.01585304500258644,0.03755287200328894,0.03686993600058486,0.0,-0.020000000000003126,-0.009000000000000341,-0.009000000000000341,20.98984899930656,0.5186529549583444
57.1,17609.657431516,FOLLOW,5.010849419172582,4.93331065176139,0.41445776526562417,0.09999389782413455,0.1,-0.017168716174604973,0.0058029895486301775,-0.15353106629834423,0.8451716156102895,inf,green,False,ramp,1,-0.17168716174604973,0.10634694200052763,0.0076290389988571405,0.004685686999437166,0.0,0.0799999999999983,-0.00999999999999801,-0.01099999999999568,0.35144700086675584,0.5186529549583444
57.2,17609.808077943,FOLLOW,5.0210487597786555,4.943509136573568,0.4145898016127103,0.099993538064512,0.1,-0.017168716174604973,0.0058029895486301775,-0.15353106629834423,0.8451716156102895,inf,green,False,ramp,1,-0.17168716174604973,0.25699336899924674,0.03646889899755479,0.027810591000161367,0.0,0.17999999999999972,-0.009000000000000341,-0.012999999999998124,0.9870950016193092,0.5186529549583444
57.4,17610.057837078,FOLLOW,5.038047679541617,4.960507085790932,0.4147709256809518,0.09999376421580343,0.1,-0.01924191354075442,0.0006361588173643962,-0.13356832621885548,0.8484205037474666,inf,green,False,ramp,1,-0.19241913540754418,0.015438423997693462,0.012526323000201955,0.051692039996851236,0.0,0.0049999999999954525,-0.011000000000002785,0.016999999999995907,28.51580400238163,0.5186529549583444
57.5,17610.212489734,FOLLOW,5.051646686672986,4.974105649903882,0.41488030442518326,0.09999112054664071,0.1,-0.020848465319825264,-0.016174127003992643,-0.03319846035404065,0.8604808111458069,inf,green,False,ramp,1,-0.20848465319825263,0.04899116999877151,0.04454999000154203,0.029212568999355426,0.0,0.012000000000000455,-0.012999999999998124,-0.01899999999999835,29.58359200056293,0.5186529549583444
57.6,17610.312499803,FOLLOW,5.0584460850949835,4.980904919369771,0.41492212374177395,0.09999118999935665,0.1,-0.020450212189276486,-0.016026327866344937,-0.03147984306442219,0.8640611489289163,inf,green,False,ramp,1,-0.20450212189276484,0.06697955100025865,0.022166791000927333,0.05263581400140538,0.0,0.04299999999999926,-0.015999999999998238,0.012999999999998124,27.449056000477867,0.5186529549583444
57.7,17610.413768471,FOLLOW,5.06864499374122,4.991103724784893,0.4149676428552925,0.09998906588362891,0.1,-0.020450212189276486,-0.016026327866344937,-0.03147984306442219,0.8640611489289163,inf,green,False,ramp,1,-0.20450212189276484,0.16824821900081588,0.12343545900148456,0.029650207001395756,0.0,0.14300000000000068,0.08400000000000318,0.011000000000002785,0.3696870007843245,0.5186529549583444
57.9,17610.65738984,FOLLOW,5.089043013929984,5.011501712091999,0.4149959467244081,0.09999221075377347,0.1,-0.017779921579256758,-0.014442911538096638,-0.023916519322391274,0.8669334957923379,inf,green,False,ramp,1,-0.17779921579256758,0.014918597997166216,0.10807695799667272,0.012388804996589897,0.0,0.036999999999999034,0.08399999999999608,0.006999999999997897,27.60700100043323,0.5186529549583444
58.0,17610.808372561,FOLLOW,5.099242266479455,5.02170095245156,0.41498099159073365,0.09999303208410124,0.1,-0.01745381191287925,-0.014241531783515168,-0.023047859498905934,0.8684701345005913,inf,green,False,ramp,1,-0.1745381191287925,0.09186266400138265,0.01320923100138316,0.021899260002101073,0.0,0.07800000000000296,-0.014000000000002899,0.005000000000002558,0.364791998435976,0.5186529549583444
58.1,17610.958025684,FOLLOW,5.10944158517465,5.031900216557621,0.4149479772842496,0.09999326718524765,0.1,-0.01745381191287925,-0.014241531783515168,-0.023047859498905934,0.8684701345005913,inf,green,False,ramp,1,-0.1745381191287925,0.24151578700184473,0.022522353003296303,0.05360623400338227,0.0,0.17800000000000438,-0.016999999999995907,0.0030000000000001137,0.3691499987326097,0.5186529549583444
58.2,17611.057074029,FOLLOW,5.119640885280469,5.0420993886800325,0.4148971140962644,0.09999300859344024,0.1,-0.014129642625038796,-0.0006184661041566744,-0.09109574913439564,0.8893736798070816,inf,green,False,ramp,1,-0.14129642625038796,0.08759371199994348,0.0022306219980237074,0.014725319997523911,0.0,0.08100000000000307,-0.01999999999999602,0.0010000000000047748,0.7832520022930112,0.5186529549583444
58.4,17611.317372702,FOLLOW,5.140040342286867,5.062498300580502,0.41474886084288604,0.09999830476012378,0.1,-0.012646168735612261,0.0013100539557104086,-0.09388770840639955,0.9119654595566805,inf,green,False,ramp,1,-0.1264616873561226,0.11489547499877517,0.011469427001429722,0.025349471001391066,0.0,0.0799999999999983,-0.01899999999999835,-0.0030000000000001137,16.113932000735076,0.5186529549583444
58.5,17611.457654702,FOLLOW,5.15024019573704,5.0726977147291565,0.4146542624959155,0.09999876449570692,0.1,-0.012646168735612261,0.0013100539557104086,-0.09388770840639955,0.9119654595566805,inf,green,False,ramp,1,-0.1264616873561226,0.25517747499907273,0.01160118999905535,0.03587499700006447,0.0,0.17999999999999972,-0.01899999999999835,-0.005000000000002558,0.4033580007671844,0.5186529549583444
58.6,17611.567692906,CROSSING_WAIT,5.1604400588462855,5.082897010480273,0.41454673896026406,0.09999856070908109,0.0,0.0,0.0020632579392560017,-0.08737850442904413,0.9131027732789727,inf,green,False,ramp,1,-0.10933598952084497,0.04448773299736786,0.12163939399761148,0.02706639499956509,0.0,0.03800000000000381,0.08100000000000307,-0.006999999999997897,25.27362399996491,0.5186529549583444
58.7,17611.659603774,CROSSING_WAIT,5.167239956971357,5.0896964513224505,0.4144678929581301,0.09999845016875267,0.0,0.0,0.0020632579392560017,-0.08737850442904413,0.9131027732789727,inf,green,False,ramp,1,-0.10933598952084497,0.13639860099647194,0.046238353999797255,0.03442027399796643,0.0,0.13800000000000523,0.07900000000000063,0.025000000000005684,0.44197500028531067,0.5186529549583444
58.9,17611.907457559,CROSSING_WAIT,5.170695275352328,5.093149987714348,0.4144271693610882,1.2935281381981722e-06,0.0,0.0,0.0030912817184241895,-0.12197170945503082,0.9260799940865175,inf,green,False,unknown,1,-0.15089477015225072,0.0016501669997524004,0.10801688599894987,0.04095655199853354,0.0,0.012999999999998124,0.08099999999999596,0.021000000000000796,12.237873001140542,0.5186529549583444
59.0,17612.062625337,CROSSING_WAIT,5.170695407276073,5.09315011962936,0.4144271678432296,1.2934355394116824e-06,0.0,0.0,0.0025666644347394386,-0.09631151631211735,0.917887503130327,inf,green,False,unknown,1,-0.09999999999999831,0.031579345999489306,0.12252436999915517,0.043415268999524415,0.0,0.012000000000000455,0.0799999999999983,0.01899999999999835,20.545772000332363,0.5186529549583444
59.1,17612.157011424,CROSSING_WAIT,5.1706955392149325,5.09315025155949,0.4144271663255143,1.2935991420739323e-06,0.0,0.0,0.0025666644347394386,-0.09631151631211735,0.917887503130327,inf,green,False,unknown,1,0.10000000000000187,0.04637949199968716,0.07296734299961827,0.0162922659983451,0.0,0.04700000000000415,0.07800000000000296,0.017000000000003013,1.6069960001914296,0.5186529549583444
59.2,17612.307869635,CROSSING_WAIT,5.170695671170438,5.093150383506268,0.4144271648079247,1.2937619989325829e-06,0.0,0.0,0.0024033906803181473,-0.08705273180540839,0.9142856485244196,inf,green,False,unknown,1,0.20000000000000195,0.0007849260000512004,0.10397754899895517,0.03557405199899222,0.0,0.005000000000002558,0.07800000000000296,0.015000000000000568,1.7620210019231308,0.5186529549583444
59.4,17612.570074353,CROSSING_WAIT,5.170695935131114,5.093150647449498,0.41442716177312605,1.294085718038643e-06,0.0,0.0,0.0023793011191377347,-0.0871144586249178,0.9128706249845673,inf,green,False,ramp,1,0.5000000000000022,0.23881234299915377,0.11926709799809032,0.028433935000066413,0.0,0.17900000000000205,0.0799999999999983,0.01099999999999568,1.3170490019547287,0.5186529549583444
59.5,17612.709214922,CROSSING_WAIT,5.170696067136149,5.093150779445813,0.4144271602559187,1.29424657292982e-06,0.0,0.0,0.0023793011191377347,-0.0871144586249178,0.9128706249845673,inf,green,False,ramp,1,0.7000000000000024,0.37795291200018255,0.13729139000133728,0.03143823800201062,0.0,0.27900000000000347,0.07800000000000296,0.009000000000000341,3.2162210009119008,0.5186529549583444
59.6,17612.807339475,CROSSING_WAIT,5.170696199157556,5.093150911458504,0.4144271587388406,1.2944067887845392e-06,0.0,0.0,0.0023793011191377347,-0.0871144586249178,0.9128706249845673,inf,green,False,ramp,1,0.9000000000000026,0.4760774649985251,0.09447546499723103,0.007368181999481749,0.0,0.3790000000000049,0.07699999999999818,0.006999999999997897,1.598743001522962,0.5186529549583444
59.7,17612.962375751,CROSSING_WAIT,5.170696331195271,5.093151043487505,0.41442715722189255,1.2945663260261277e-06,0.0,0.0,0.0024033906803181473,-0.08705273180540839,0.9142856485244196,inf,green,False,ramp,1,1.1000000000000028,0.0339170480001485,0.008449830002064118,0.03888334400107851,0.0,0.012000000000000455,-0.023999999999993804,0.005000000000002558,42.840136997256195,0.5186529549583444
59.9,17613.207979734,CROSSING_WAIT,5.170696639346314,5.093151351618225,0.41442715368285754,1.2949360634308375e-06,0.0,0.0,0.0024033906803181473,-0.08705273180540839,0.9142856485244196,0.45000000000000007,green,False,ramp,1,-0.10549707895390918,0.02566057100193575,0.02750471000035759,0.007253959000081522,0.0,0.00999999999999801,-0.021000000000000796,-0.03300000000000125,55.636016997596016,0.5186529549583444
60.0,17613.307085146,CROSSING_WAIT,5.170696727405589,5.093151439671695,0.41442715267183716,1.295041037775802e-06,0.0,0.0,0.0024033906803181473,-0.08705273180540839,0.9142856485244196,0.45000000000000007,green,False,ramp,1,-0.10549707895390918,0.041262217000621604,0.12661012199896504,0.014336479998746654,0.0,0.045999999999999375,0.07900000000000063,-0.0009999999999976694,1.5371369991044048,0.5186529549583444
60.1,17613.457309954,CROSSING_WAIT,5.170696903545507,5.093151615800009,0.4144271506499743,1.295250155423812e-06,0.0,0.0,0.0024033906803181473,-0.08705273180540839,0.9142856485244196,0.45000000000000007,green,False,ramp,1,-0.10549707895390918,0.14789101899805246,0.012609974000952207,0.002282789999298984,0.0,0.1039999999999992,-0.02499999999999858,-0.036999999999999034,2.699746000871528,0.5186529549583444
60.2,17613.566914681,CROSSING_WAIT,5.1706969916261105,5.0931517038748115,0.41442714963913246,1.2953542727729161e-06,0.0,0.0,0.0024033906803181473,-0.08705273180540839,0.9142856485244196,0.45000000000000007,green,False,ramp,1,-0.10549707895390918,0.2574957459983125,0.12221470100121223,0.02833323099912377,0.0,0.20400000000000063,0.07500000000000284,-0.0049999999999954525,1.9014460012840573,0.5186529549583444
60.4,17613.857416131,CROSSING_WAIT,5.170697299963775,5.093152012192183,0.41442714610166037,1.2957164771238547e-06,0.0,0.0,0.00406038232006873,-0.1677080271795231,0.926118843820168,0.45000000000000007,green,False,ramp,1,-0.09999999999999831,0.11941252799806534,0.041760339998290874,0.03491493999899831,0.0,0.04399999999999693,-0.02300000000000324,-0.04299999999999926,1.5417520007758867,0.5186529549583444
60.5,17613.909443177,CROSSING_WAIT,5.170697344019036,5.093152056244546,0.41442714559636784,1.2957679109592142e-06,0.0,0.0,0.003684998811030224,-0.14959000275141543,0.9310449217450096,0.45000000000000007,green,False,ramp,1,-0.09999999999999831,0.0024538209981983528,0.09378738599843928,0.049599779998970916,0.0,0.009000000000000341,0.07699999999999818,0.02300000000000324,78.16702399941278,0.5186529549583444
60.6,17614.061139927,CROSSING_WAIT,5.170697520257536,5.093152232471458,0.41442714357535065,1.295973041056449e-06,0.0,0.0,0.003684998811030224,-0.14959000275141543,0.9310449217450096,0.45000000000000007,green,False,ramp,1,-0.09999999999999831,0.15415057099744445,0.07075277099647792,0.014984596997237531,0.0,0.10900000000000176,0.07399999999999807,-0.012999999999998124,1.3634300012199674,0.5186529549583444
60.7,17614.213184887,CROSSING_WAIT,5.170697652454676,5.093152364659909,0.4144271420597491,1.2961261518582246e-06,0.0,0.0,0.003684998811030224,-0.14959000275141543,0.9310449217450096,0.65,green,False,ramp,1,-1.3999999999999995,0.3061955310004123,0.013511028002540115,0.014578451002307702,0.0,0.20900000000000318,-0.027999999999998693,-0.015000000000000568,1.5366209991043434,0.5186529549583444
60.9,17614.472230239,CROSSING_WAIT,5.170697916895646,5.093152629083511,0.4144271390289644,1.2964304788125797e-06,0.0,0.0,0.0024033906803181473,-0.08705273180540839,0.9142856485244196,0.86,green,False,ramp,1,-1.1999999999999993,0.028923047000716906,0.02840111600016826,0.02988255599848344,0.0,-0.008000000000002672,-0.026000000000003354,-0.01899999999999835,45.49356200004695,0.5186529549583444
61.0,17614.564038816,CROSSING_WAIT,5.170698005056402,5.09315271723848,0.4144271380188276,1.2965313675045434e-06,0.0,0.0,0.0024033906803181473,-0.08705273180540839,0.9142856485244196,0.86,green,False,ramp,1,-1.1999999999999993,0.12073162399974535,0.1202096929991967,0.03712792199803516,0.0,0.09199999999999875,0.07399999999999807,0.012999999999998124,1.4749570000276435,0.5186529549583444
61.1,17614.707139174,CROSSING_WAIT,5.170698181398439,5.093152893568947,0.41442713599874276,1.2967322949600028e-06,0.0,0.0,0.0024033906803181473,-0.08705273180540839,0.9142856485244196,0.89,green,False,ramp,1,-0.899999999999999,0.2638319819998287,0.001935129999765195,0.0026818509977601934,0.0,0.19200000000000017,-0.028999999999996362,-0.022999999999996135,1.3325799991434906,0.5186529549583444
61.2,17614.87161921,CROSSING_WAIT,5.170698313672865,5.093153025834698,0.4144271344838452,1.296882279709865e-06,0.0,0.0,0.00031899111675121744,0.12398716677345281,0.8812843351002069,inf,green,False,ramp,1,-0.7999999999999989,0.04304471299838042,0.04431597299844725,0.045157813001424074,0.0,-0.00999999999999801,-0.02499999999999858,-0.02499999999999858,41.075082001043484,0.5186529549583444
61.4,17615.057131466,CROSSING_WAIT,5.170698534164134,5.093153246311514,0.4144271319593343,1.2971309047810007e-06,0.0,0.0,0.0005746783075683568,0.0032522000276194777,0.8701969500080222,inf,green,False,ramp,1,-0.49999999999999867,0.09183053400192875,0.09725836600046023,0.00022066599922254682,0.0,0.0899999999999963,0.0730000000000004,0.0049999999999954525,1.9369820001884364,0.5186529549583444
61.5,17615.211544655,CROSSING_WAIT,5.1706986664791295,5.093153378617842,0.4144271304448201,1.297279242633749e-06,0.0,0.0,0.00019929479852985512,0.021831098693065015,0.8569206423671738,inf,green,False,ramp,1,-0.3999999999999986,0.03178369700253825,0.10749841200231458,0.03800282500014873,0.0,0.027999999999998693,0.07500000000000284,0.0030000000000001137,42.047810999065405,0.5186529549583444
61.6,17615.307607066,CROSSING_WAIT,5.170698798809225,5.093153510939272,0.4144271289304515,1.2974269837734624e-06,0.0,0.0,0.00019929479852985512,0.021831098693065015,0.8569206423671738,inf,green,False,ramp,1,-0.1999999999999984,0.006543243998748949,0.052799138000409584,0.0008811279985820875,0.0,0.027999999999998693,0.07399999999999807,0.0010000000000047748,1.2630689998331945,0.5186529549583444
61.7,17615.458599138,CROSSING_WAIT,5.170698931154359,5.093153643275744,0.41442712741622906,1.2975741134695952e-06,0.0,0.0,0.0024033906803181473,-0.08705273180540839,0.9142856485244196,inf,green,False,ramp,1,-0.10549707895390918,0.045275665001099696,0.12175485400075559,0.02999598500173306,0.0,0.02300000000000324,0.07100000000000506,-0.0009999999999976694,50.80535299930489,0.5186529549583444
61.9,17615.721933887,CROSSING_WAIT,5.1706991958894974,5.093153907993566,0.41442712438822543,1.297866557173602e-06,0.0,0.0,0.0023793011191377347,-0.0871144586249178,0.9128706249845673,inf,green,False,ramp,1,-0.10582658493686846,0.04143706900140387,0.13779786100349156,0.03981909100184566,0.0,0.02400000000000091,0.0730000000000004,-0.005000000000002558,47.24828699909267,0.5186529549583444
62.0,17615.815903895,CROSSING_WAIT,5.17069928414777,5.093153996246069,0.41442712337902254,1.2979635243209346e-06,0.0,0.0,0.0023793011191377347,-0.0871144586249178,0.9128706249845673,inf,green,False,ramp,1,-0.10582658493686846,0.13540707699939958,0.04577621000134968,0.03853384100148105,0.0,0.12400000000000233,0.0730000000000004,0.027000000000001023,0.49224699978367426,0.5186529549583444
62.1,17615.961853787,CROSSING_WAIT,5.170699504822219,5.093154216906098,0.41442712085630545,1.2982047369247844e-06,0.0,0.0,0.0023793011191377347,-0.0871144586249178,0.9128706249845673,inf,green,False,ramp,1,-0.10582658493686846,0.2813569690006261,0.014589341000828426,0.006809286001953296,0.0,0.22400000000000375,-0.028999999999996362,-0.04299999999999926,0.400286000513006,0.5186529549583444
62.2,17616.061866199,CROSSING_WAIT,5.17069954896202,5.093154261043016,0.414427120351812,1.298252774309593e-06,0.0,0.0,0.0023793011191377347,-0.0871144586249178,0.9128706249845673,inf,green,False,ramp,1,-0.10582658493686846,0.3813693810006953,0.11460175300089759,0.04370558600203367,0.0,0.3240000000000052,0.07100000000000506,0.02300000000000324,0.5312459979904816,0.5186529549583444
62.4,17616.321740181,CROSSING_WAIT,5.170699857986213,5.0931545700470355,0.4144271168208275,1.2985872524954127e-06,0.0,0.0,0.0024033906803181473,-0.08705273180540839,0.9142856485244196,inf,green,False,ramp,0,-0.10549707895390918,0.04673203299898887,0.12659525200069766,0.01625375599905965,0.0,0.02599999999999625,0.07199999999999562,-0.015000000000000568,14.008103000378469,0.5186529549583444
62.5,17616.413318805,CROSSING_WAIT,5.170699946293424,5.093154658348486,0.41442711581212666,1.2986822326344013e-06,0.0,0.0,0.0024033906803181473,-0.08705273180540839,0.9142856485244196,inf,green,False,ramp,0,-0.10549707895390918,0.13831065699923784,0.07663784800024587,0.02991133199975593,0.0,0.12599999999999767,0.07000000000000028,0.017000000000003013,0.40177999835577793,0.5186529549583444
62.6,17616.565840768,CROSSING_WAIT,5.170700122927178,5.093154834970721,0.41442711379492886,1.2988714024304636e-06,0.0,0.0,0.0024033906803181473,-0.08705273180540839,0.9142856485244196,inf,green,False,ramp,0,-0.10549707895390918,0.015766660999361193,0.13346960699709598,0.01443771999765886,0.0,-0.006999999999997897,0.07099999999999795,-0.01899999999999835,14.327116001368267,0.5186529549583444
62.7,17616.658214238,CROSSING_WAIT,5.170700211253684,5.09315492329147,0.41442711278643235,1.2989655884238727e-06,0.0,0.0,0.0024033906803181473,-0.08705273180540839,0.9142856485244196,inf,green,False,ramp,0,-0.10549707895390918,0.03021213299871306,0.07675843099787016,0.02818030200069188,0.0,0.025000000000005684,0.06800000000000495,0.01300000000000523,0.4925150024064351,0.5186529549583444
62.9,17616.908125473,CROSSING_WAIT,5.170700476271509,5.09315518829203,0.4144271097613551,1.2992466269518062e-06,0.0,0.0,0.002299701033906358,-0.0865067317334991,0.9129137262269842,inf,green,False,ramp,0,-0.10570580879568518,0.12278712300030747,0.12392568600262166,0.014644137001596391,0.0,0.0940000000000012,0.07099999999999795,0.009000000000000341,0.378590000764234,0.5186529549583444
63.0,17617.06027548,CROSSING_WAIT,5.170700608801862,5.0931553208137545,0.41442710824904977,1.2993862760749004e-06,0.0,0.0,0.002299701033906358,-0.0865067317334991,0.9129137262269842,inf,green,False,ramp,0,-0.10570580879568518,0.274937129997852,0.1337331919967255,0.05768078499750118,0.0,0.19400000000000261,0.07000000000000028,0.006999999999997897,0.37858900032006204,0.5186529549583444
63.1,17617.158185054,CROSSING_WAIT,5.170700741346432,5.0931554533496985,0.41442710673690086,1.299525369214356e-06,0.0,0.0,0.002299701033906358,-0.0865067317334991,0.9129137262269842,inf,green,False,ramp,0,-0.10570580879568518,0.3728467039982206,0.09568973999921582,0.019765132998145418,0.0,0.29400000000000404,0.06300000000000239,0.005000000000002558,0.38533599945367314,0.5186529549583444
63.2,17617.321205656,CROSSING_WAIT,5.1707009180945365,5.093155630086305,0.41442710472094707,1.299709930523407e-06,0.0,0.0,0.0024033906803181473,-0.08705273180540839,0.9142856485244196,inf,green,False,ramp,0,-0.10549707895390918,0.016467559999000514,0.02581784599897219,0.028632174002268584,0.0,-0.015999999999998238,-0.03499999999999659,-0.030999999999998806,17.94819199858466,0.5186529549583444
63.4,17617.560392289,CROSSING_WAIT,5.170701183263582,5.093155895238114,0.4144271016975444,1.2999848598316454e-06,0.0,0.0,0.0024033906803181473,-0.08705273180540839,0.9142856485244196,inf,green,False,ramp,0,-0.10549707895390918,0.03713809900000342,0.01989645499998005,0.019147095001244452,0.0,-0.008000000000002672,-0.035000000000003695,-0.035000000000003695,0.38014299934729934,0.5186529549583444
63.5,17617.664306656,CROSSING_WAIT,5.170701271665698,5.093155983634487,0.4144271006898851,1.3000760042589973e-06,0.0,0.0,0.0023793011191377347,-0.0871144586249178,0.9128706249845673,inf,green,False,ramp,0,-0.10582658493686846,0.021622745000058785,0.12381082199863158,0.03217358799884096,0.0,-0.008000000000002672,0.06499999999999773,-0.0030000000000001137,0.45574000250780955,0.5186529549583444
63.6,17617.757625154,CROSSING_WAIT,5.170701404280474,5.0931561162406505,0.41442709917852977,1.3002122529070385e-06,0.0,0.0,0.002299701033906358,-0.0865067317334991,0.9129137262269842,inf,green,False,ramp,0,-0.10570580879568518,0.030868216999806464,0.09093720600139932,0.014124612000159686,0.0,0.018000000000000682,0.0660000000000025,-0.0049999999999954525,13.654815000336384,0.5186529549583444
63.7,17617.912856862,CROSSING_WAIT,5.1707015369091165,5.093156248860683,0.41442709766733526,1.300347933526276e-06,0.0,0.0,0.0024033906803181473,-0.08705273180540839,0.9142856485244196,inf,green,False,ramp,0,-0.10549707895390918,0.13741952100099297,0.013786950999929104,0.02343398800076102,0.0,0.09100000000000108,-0.03499999999999659,-0.006999999999997897,0.5872459987585898,0.5186529549583444
63.9,17618.1141671,CROSSING_WAIT,5.170701757987518,5.0931564699247405,0.41442709514903725,1.3005728480714333e-06,0.0,0.0,0.0024033906803181473,-0.08705273180540839,0.9142856485244196,inf,green,False,ramp,0,-0.10549707895390918,0.33872975900158053,0.09200956800123095,0.030263437001849525,0.0,0.2909999999999968,0.06400000000000006,0.022999999999996135,0.399753000237979,0.5186529549583444
64.0,17618.264719991,CROSSING_WAIT,5.170701934877685,5.093156646803438,0.4144270931347242,1.3007516636546743e-06,0.0,0.0,0.0024033906803181473,-0.08705273180540839,0.9142856485244196,inf,green,False,ramp,0,-0.10549707895390918,0.4892826499999501,0.12798521999866352,0.028586849999555852,0.0,0.39099999999999824,0.06400000000000006,-0.01300000000000523,0.3824070008704439,0.5186529549583444
64.2,17618.510691168,CROSSING_WAIT,5.170702200258366,5.093156912166925,0.41442709011380113,1.301018045152293e-06,0.0,0.0,0.0023237905950867672,-0.08644499838647202,0.91432262280824,inf,green,False,ramp,0,-0.10537630153353972,0.1534718300026725,0.10629998200238333,0.012360778000584105,0.0,0.09100000000000819,0.0589999999999975,-0.016999999999995907,0.39789400034351274,0.5186529549583444
64.3,17618.657333641,FOLLOW,5.17070233296903,5.093157044868995,0.41442708860358696,1.3011504334037802e-06,0.1,-0.010549707895390918,0.0024033906803181473,-0.08705273180540839,0.9142856485244196,inf,green,False,ramp,0,-0.10549707895390918,0.1449505720011075,0.13002683100057766,0.010348971998610068,0.0,0.08400000000000318,0.0589999999999975,-0.019000000000005457,1.0080840002046898,0.5186529549583444
64.4,17618.760986104,FOLLOW,5.171816645842122,5.094271285929594,0.4144144379903049,0.03397720425477613,0.1,-0.010549707895390918,0.0024033906803181473,-0.08705273180540839,0.9142856485244196,inf,green,False,ramp,0,-0.10549707895390918,0.08309470300082467,0.08258018700144021,0.03529958899889607,0.0,0.08600000000001273,0.05900000000001171,0.01300000000000523,0.7343580000451766,0.5186529549583444
64.6,17619.007219283,FOLLOW,5.191049205365485,5.113502444954531,0.4141825702422057,0.10000118842434433,0.1,-0.009623290251163152,0.0026808000030030393,-0.08267083811564317,0.9145161216529795,inf,green,False,ramp,0,-0.09623290251163152,0.11312040499979048,0.07413358700068784,0.05339838100189809,0.0,0.0899999999999892,0.05499999999999261,0.009000000000000341,0.35894800021196716,0.5186529549583444
64.7,17619.107168105,FOLLOW,5.2012492695961035,5.1237015762602685,0.414044645785929,0.09999996490028289,0.1,-0.009553650700921696,0.0029271237901575126,-0.08383417176571406,0.9146490897322581,inf,green,False,ramp,0,-0.09553650700921697,0.09147115700034192,0.07413971999994828,0.012340009001491126,0.0,0.09300000000000352,0.05700000000000216,0.007000000000005002,0.26766899827634916,0.5186529549583444
64.9,17619.369437498,FOLLOW,5.221649294417151,5.144099287579163,0.413737648059818,0.10000184597334544,0.1,-0.007561975047274602,0.003781224862985169,-0.07611892762512543,0.9173660712359969,inf,green,False,ramp,0,-0.07561975047274602,0.015487624001252698,0.07493943100053002,0.027928909999900497,0.0,0.020000000000010232,0.05500000000000682,0.0030000000000001137,17.943242000910686,0.5186529549583444
65.1,17619.614260826,FOLLOW,5.242049842448378,5.164496938919238,0.4133940011603604,0.10000332358585118,0.1,-0.010052271688832673,0.00421740432635774,-0.09571028397787185,0.9266402068388974,inf,green,False,ramp,0,-0.10052271688832673,0.06026354800269473,0.0745218210031453,0.013389619001827668,0.0,0.0589999999999975,0.04899999999999238,-0.0010000000000047748,14.217633997759549,0.5186529549583444
65.2,17619.757860889,FOLLOW,5.255649978184429,5.178094809071028,0.4131458206034551,0.09999987527025415,0.1,-0.010052271688832673,0.00421740432635774,-0.09571028397787185,0.9266402068388974,inf,green,False,ramp,0,-0.10052271688832673,0.20386361100099748,0.11072660699937842,0.00912785100081237,0.0,0.15900000000000603,0.05299999999999727,-0.03699999999999193,0.7446859999618027,0.5186529549583444
65.4,17619.967407615,FOLLOW,5.269249972459793,5.191692184267841,0.41287897882088287,0.10000000431157828,0.1,-0.010052271688832673,0.00421740432635774,-0.09571028397787185,0.9266402068388974,inf,green,False,ramp,0,-0.10052271688832673,0.41341033700155094,0.07559424999999464,0.054401549001340754,0.0,0.35900000000000887,0.05000000000001137,0.027000000000001023,0.6643599990638904,0.5186529549583444
65.6,17620.213421495,FOLLOW,5.289650220258673,5.212087797055441,0.4124442758112224,0.10000440111115882,0.1,-0.006452741342069979,0.005903965611967151,-0.08273566116203165,0.9264951665922743,inf,green,False,ramp,0,-0.06452741342069977,0.06362300799810328,0.09060431699981564,0.06066289299997152,0.0,0.05299999999999727,0.05299999999999727,0.022999999999996135,16.86297000196646,0.5186529549583444
65.7,17620.357745291,FOLLOW,5.303250837083785,5.225684931699787,0.4121365497590836,0.1000047286219189,0.1,-0.006452741342069979,0.005903965611967151,-0.08273566116203165,0.9264951665922743,inf,green,False,ramp,0,-0.06452741342069977,0.20794680399922072,0.09024136399966665,0.003220488000806654,0.0,0.1530000000000058,0.05200000000000671,-0.012999999999991019,0.31462799961445853,0.5186529549583444
65.9,17620.612342503,FOLLOW,5.323651856217571,5.2460802053099425,0.4116524605240336,0.10000536479915953,0.1,-0.005404219666446554,0.006997965020867358,-0.08294622751098653,0.9249768211644647,inf,green,False,ramp,0,-0.05404219666446554,0.016920039997785352,0.10749115499856998,0.020997961997636594,0.0,-0.006000000000000227,0.05200000000000671,-0.016999999999995907,14.372299003298394,0.5186529549583444
66.1,17620.857301292,FOLLOW,5.344052950343366,5.266474967363478,0.4111442488553403,0.10000516715089579,0.1,0.00558127157783532,0.007281900790863263,-0.010866051452490836,0.8892005625367682,inf,green,False,ramp,0,0.05581271577835321,0.0017461379975429736,0.10479600699909497,0.013427040998067241,0.0,-0.017000000000010118,0.046999999999997044,-0.021000000000000796,18.689639000513125,0.5186529549583444
66.2,17620.964886185,FOLLOW,5.3508532954233585,5.273273072622585,0.4109697275548206,0.10000498669345453,0.1,0.00558127157783532,0.007281900790863263,-0.010866051452490836,0.8892005625367682,inf,green,False,ramp,0,0.05581271577835321,0.10933103099887376,0.08782001900181058,0.04432793899832177,0.0,0.08299999999999841,0.05100000000000193,0.01100000000000989,0.5788150010630488,0.5186529549583444
66.4,17621.211444528,FOLLOW,5.371257149320713,5.293670387992718,0.4104532594483349,0.10001971974585383,0.1,-0.009892009029360903,0.007547464392299329,-0.11658944097265714,0.902220561747083,inf,green,False,ramp,0,-0.09892009029360903,0.034422197997628246,0.09097958699931041,0.04095925099682063,0.0,0.02400000000000091,0.049000000000006594,0.007000000000005002,17.75563699993654,0.5186529549583444
66.6,17621.457348526,FOLLOW,5.391658548699706,5.314065455861656,0.4099450860361088,0.0999984063470967,0.1,-0.009892009029360903,0.007547464392299329,-0.11658944097265714,0.902220561747083,inf,green,False,ramp,0,-0.09892009029360903,0.28032619599980535,0.10677499400117085,0.043311756002367474,0.0,0.22399999999998954,0.0519999999999925,0.0030000000000001137,0.3853109992633108,0.5186529549583444
66.7,17621.610504082,FOLLOW,5.401858380812846,5.3242617705810895,0.4096772553207714,0.09999831331375787,0.1,-0.012212269641501731,0.002854369643159174,-0.10117761522735183,0.9074912378865588,inf,green,False,ramp,0,-0.1221226964150173,0.08076855699982843,0.1062192489989684,0.030658439001854276,0.0,0.027000000000001023,0.046999999999997044,0.0010000000000047748,0.3804500011028722,0.5186529549583444
66.9,17621.857941835,FOLLOW,5.42225740175905,5.344652776787359,0.40910567146612503,0.09999478491646739,0.1,-0.01242530517325904,-0.008109809041518944,-0.029862191883659225,0.9076241764996906,inf,green,False,ramp,0,-0.1242530517325904,0.0033591599967621733,0.09811668499969528,0.014669373998913215,0.0,0.0020000000000095497,0.05000000000001137,-0.0030000000000001137,18.805204003001563,0.5186529549583444
67.1,17622.1078663,FOLLOW,5.442656336550793,5.365042180376589,0.4084823396471942,0.09999458619494936,0.1,-0.012635514088751116,-0.0073281638460372805,-0.03648814048049472,0.9108175766941755,inf,green,False,ramp,0,-0.12635514088751115,0.0004359230006230064,0.08202049900137354,0.015350693000073079,0.0,0.0049999999999954525,0.04799999999998761,-0.007000000000005002,0.5860649980604649,0.5186529549583444
67.2,17622.259734536,FOLLOW,5.452855811220279,5.375236272996743,0.40815105935480933,0.09999569593937092,0.1,-0.011844909045380046,-0.010470206492044392,-0.010208274616817828,0.9731122287227658,inf,green,False,ramp,0,-0.11844909045380046,0.15230415900077787,0.10589317000267329,0.013782177000393858,0.0,0.10500000000000398,0.04600000000000648,-0.009000000000000341,0.30769699878874235,0.5186529549583444
67.4,17622.509060199,FOLLOW,5.4698550992771935,5.392225661409815,0.407571075821273,0.09999587690530609,0.1,-0.011433474849004139,-0.008082355328973547,-0.023340489125793635,0.9743297640564241,inf,green,False,ramp,0,-0.11433474849004138,0.07190209400141612,0.07554341300055967,0.029623420999996597,0.0,0.06900000000000261,0.043000000000006366,0.021000000000000796,1.757178997650044,0.5186529549583444
67.6,17622.757167309,FOLLOW,5.493654235278755,5.416008921336438,0.40670212586429766,0.09999650783170592,0.1,-0.011199372261751668,-0.006555553617417975,-0.031929279156224,0.9771081612693601,inf,green,False,ramp,0,-0.11199372261751667,0.03251046199875418,0.0916544449974026,0.00028776599720004015,0.0,0.0379999999999967,0.04899999999999238,-0.017000000000010118,14.837475002423162,0.5186529549583444
67.7,17622.910798763,FOLLOW,5.5038538869136655,5.426201026942817,0.40630986765462995,0.09999662960339635,0.1,-0.011171229108621766,-0.0060940819368810965,-0.03481221417319311,0.9799000800449142,inf,green,False,ramp,0,-0.11171229108621765,0.05530013300085557,0.10754747000100906,0.028742758000589674,0.0,0.03300000000000125,0.049000000000006594,-0.018999999999991246,0.6011029981891625,0.5186529549583444
67.9,17623.170190589,FOLLOW,5.520853293269246,5.443186833236018,0.40563007614183316,0.09999635306050252,0.1,-0.011143085686106351,-0.0056326102563442155,-0.03769457040360505,0.9824685787642777,inf,green,False,ramp,0,-0.11143085686106351,0.25284790600198903,0.10773164499914856,0.0579191990000254,0.0,0.17600000000000193,0.04800000000000182,0.01100000000000989,0.6162950012367219,0.5186529549583444
68.1,17623.415144724,FOLLOW,5.5412524899134175,5.463567950556224,0.40477152862885046,0.09999575208802401,0.1,-0.011494683402721109,-0.004386413101019978,-0.04836059124926436,0.994284510540517,inf,green,False,ramp,0,-0.11494683402721106,0.10107118000087212,0.10295956999834743,0.03874611100036418,0.0,0.07099999999999795,0.04799999999998761,0.006999999999990791,0.33622499904595315,0.5186529549583444
68.2,17623.509406424,FOLLOW,5.551452013005913,5.473757680192477,0.4043246833670996,0.09999494425807427,0.1,-0.01149559627762382,-0.004147448871379161,-0.04995599848935069,0.996836222326769,inf,green,False,ramp,0,-0.1149559627762382,0.09329113900093944,0.06216602399945259,0.024074418000964215,0.0,0.1039999999999992,0.04800000000000182,0.005000000000009663,0.649429999612039,0.5186529549583444
68.4,17623.807531209,FOLLOW,5.571850915308503,5.4941353798366634,0.4033949606041417,0.0999942893734128,0.1,-0.011524649142528752,-0.004369956322275227,-0.048672244973744505,0.9971284281902457,inf,green,False,ramp,0,-0.11524649142528753,0.1453391590002866,0.10428805099945748,0.04695524999988265,0.0,0.10800000000000409,0.04800000000000182,0.0010000000000047748,0.6273949984461069,0.5186529549583444
68.6,17624.067494654,FOLLOW,5.5922496822332945,5.5145106863314926,0.40241701039278355,0.09999352251661865,0.1,-0.01177233859151563,-0.005153906448378268,-0.04512907699028832,0.9970416726704188,inf,green,False,ramp,0,-0.11772338591515628,0.027255672997853253,0.10689288399953512,0.05646161999902688,0.0,-0.007000000000005002,0.04799999999998761,-0.0030000000000001137,20.377966000523884,0.5186529549583444
68.7,17624.159562488,FOLLOW,5.6024490119262245,5.524697391582479,0.40190971255522195,0.09999332640587603,0.1,-0.01177233859151563,-0.005153906448378268,-0.04512907699028832,0.9970416726704188,inf,green,False,ramp,0,-0.11772338591515628,0.05094469399773516,0.0703932350006653,0.00758257599954959,0.0,0.043000000000006366,0.046999999999997044,-0.0049999999999954525,0.6077750003896654,0.5186529549583444
68.9,17624.458227299,FOLLOW,5.622847631524204,5.545068885874828,0.40085818763364833,0.09999318219177303,0.1,-0.01177233859151563,-0.005153906448378268,-0.04512907699028832,0.9970416726704188,inf,green,False,ramp,0,-0.11772338591515628,0.055644156000198564,0.07904123499974958,0.016598080001131166,0.0,0.0350000000000108,0.047000000000011255,-0.009000000000000341,0.43633200039039366,0.5186529549583444
69.1,17624.758043202,FOLLOW,5.643246231875457,5.5654377545769345,0.3997573311260511,0.09999314675237511,0.1,-0.011845794919289436,-0.005583546127811956,-0.0427662658204396,0.9972024969476697,inf,green,False,ramp,0,-0.11845794919289435,0.296922771998652,0.11668814700169605,0.03141237700037891,0.0,0.2009999999999934,0.04599999999999227,-0.01300000000000523,0.83027700020466,0.5186529549583444
69.2,17624.859461607,FOLLOW,5.653445536890086,5.575621174380867,0.3991883210522274,0.09999323001563923,0.1,-0.011845794919289436,-0.005583546127811956,-0.0427662658204396,0.9972024969476697,inf,green,False,ramp,0,-0.11845794919289435,0.398341176998656,0.08460212299905834,0.004486903999350034,0.0,0.30100000000000193,0.04600000000000648,-0.015000000000000568,0.3728990013769362,0.5186529549583444
69.4,17625.113262504,FOLLOW,5.670379646843169,5.592527482908175,0.398218398275528,0.09973474845350855,0.1,-0.011873931412295185,-0.0060450178083488355,-0.03988504415003621,0.9978309553066022,inf,green,False,unknown,0,-0.11873931412295184,0.02105647999997018,0.07481217600070522,0.020391922000271734,0.0,0.038000000000010914,0.04600000000000648,0.015000000000000568,1.1732079983630683,0.5186529549583444
69.6,17625.410823573,FOLLOW,5.693976239869047,5.616082372575276,0.39681624013559585,0.09916857067587322,0.1,-0.008918677581978614,-0.00422784894622273,-0.032028719081049234,0.9978309553066022,inf,green,False,unknown,0,-0.08918677581978614,0.10585250099757104,0.1120174629977555,0.030387357997824438,0.0,0.06799999999999784,0.046999999999997044,-0.023000000000010346,0.47566100329277106,0.5186529549583444
69.7,17625.512720888,FOLLOW,5.700719730324045,5.6228133031674075,0.396404857387403,0.09916903851776697,0.1,-0.008918677581978614,-0.00422784894622273,-0.032028719081049234,0.9978309553066022,inf,green,False,unknown,0,-0.08918677581978614,0.20774981599970488,0.07497034599873587,0.014779690001887502,0.0,0.16800000000000637,0.045000000000001705,0.009000000000000341,1.1632530004135333,0.5186529549583444
69.9,17625.823026545,FOLLOW,5.724322937083229,5.646370803108964,0.3949367045151626,0.09917848185403513,0.1,0.0015811517893734466,0.003796722800845566,-0.014637530188977586,0.9957377461858182,inf,green,False,unknown,0,0.015811517893734466,0.0421321040012117,0.13213812400135794,0.030314837000332773,0.0,0.0020000000000095497,0.04600000000000648,-0.028999999999996362,18.164017998060444,0.5186529549583444
70.1,17626.011823018,FOLLOW,5.741183670168936,5.663198281576022,0.39387826779972795,0.09918280776245883,0.1,0.00574809334978142,0.00675951052033525,-0.006257199589310416,0.9955369091823516,inf,green,False,unknown,0,0.057480933497814204,0.031810930002393434,0.07822269100142876,0.018723695000517182,0.0,0.04099999999999682,0.046999999999997044,0.000999999999990564,0.5570229986915365,0.5186529549583444
70.2,17626.159322166,FOLLOW,5.751300819669653,5.673295682070596,0.39324643313705016,0.09918836144750688,0.1,0.007747999600434199,0.008436080383013415,-0.003925614590515103,0.9981467607383856,inf,green,False,unknown,0,0.07747999600434198,0.019149602001562016,0.10420952300046338,0.025653993001469644,0.0,0.0040000000000048885,0.04800000000000182,-0.000999999999990564,0.546440998732578,0.5186529549583444
70.4,17626.408571898,FOLLOW,5.7715360503919575,5.693492675162806,0.392003077574986,0.09919785948802712,0.1,0.01590837393096666,0.014434354647815692,0.011289944111507945,0.9971465988607613,inf,green,False,unknown,0,0.1590837393096666,0.007479833999241237,0.07614608299991232,0.015127695998671697,0.0,0.009000000000000341,0.04600000000000648,-0.0049999999999954525,13.786547002382576,0.5186529549583444
70.6,17626.665467975,FOLLOW,5.791773356677735,5.713694825417809,0.390810881382996,0.09920513060884517,0.1,0.018954334317898985,0.017163048287605905,0.013754116623752421,0.9972201411075785,inf,green,False,unknown,0,0.18954334317898983,0.064908017997368,0.07050381400040351,0.009565219999785768,0.0,0.07099999999999795,0.046999999999997044,-0.009000000000000341,25.406378001207486,0.5186529549583444
70.7,17626.809932803,FOLLOW,5.8018923783998355,5.723797795631628,0.3902411730745404,0.0992069161665046,0.1,0.021881369600696,0.019141033400316827,0.020449258347778294,0.9966491243062909,inf,green,False,unknown,0,0.21881369600696002,0.06781399200190208,0.10676588199930848,0.027562184000998968,0.0,0.03700000000000614,0.04600000000000648,-0.01099999999999568,12.791577999450965,0.5186529549583444
70.9,17627.071892459,FOLLOW,5.822131405908899,5.7440080574682115,0.3891627841511593,0.09921625207995091,0.1,0.020000000000000198,0.02225129189435687,0.028084780426018235,0.9957614989637162,inf,green,False,unknown,0,0.20000000000000195,0.0691173279992654,0.09757440199973644,0.02747977000035462,0.0,0.04000000000000625,0.04800000000000182,-0.015000000000000568,21.249921999697108,0.5186529549583444
71.1,17627.364210182,FOLLOW,5.842371385301293,5.764223952673506,0.38817610468603736,0.09922021507094571,0.1,0.029841516842673062,0.02572241368314014,0.030854063041978057,0.995904061289653,inf,green,False,unknown,0,0.2984151684267306,0.01581993600120768,0.12411098099983064,0.02579124700059765,0.0,0.001999999999995339,0.04799999999998761,-0.019000000000005457,18.699251999350963,0.5186529549583444
71.2,17627.457555664,FOLLOW,5.849118374283464,5.7709640298950475,0.3878708015505291,0.09922063638153436,0.1,0.029841516842673062,0.02572241368314014,0.030854063041978057,0.995904061289653,inf,green,False,unknown,0,0.2984151684267306,0.10916541800179402,0.07374596100271447,0.031130701001529815,0.0,0.10200000000000387,0.046999999999997044,0.01300000000000523,0.4716019975603558,0.5186529549583444
71.4,17627.717801197,FOLLOW,5.869360184247158,5.7911884814306696,0.3870333929656869,0.099225421360324,0.1,0.03349856021789243,0.02858289871834179,0.03684528500497487,0.9969884861998767,inf,green,False,unknown,0,0.33498560217892426,0.06769440599964582,0.0837517369982379,0.0434164399994188,0.0,0.04100000000001103,0.04600000000000648,0.009000000000000341,25.009624001540942,0.5186529549583444
71.6,17627.95751711,FOLLOW,5.889597569388271,5.811413347471349,0.3863226894406071,0.09920910741875053,0.1,0.01000000000000019,0.028771245704487178,0.03725320905606562,0.995884019438032,inf,green,False,unknown,0,0.10000000000000187,0.2115104370022891,0.06799007399968104,0.022757465001632227,0.0,0.16799999999999216,0.044999999999987494,0.0049999999999954525,1.3920530000177678,0.5186529549583444
71.7,17628.118512186,FOLLOW,5.9030860753921575,5.8248953206014615,0.38590296310933203,0.09917739375928393,0.1,0.032052556891191776,0.028247166474275012,0.0291691701515994,0.9986100705537893,inf,green,False,unknown,0,0.3205255689119178,0.02388580999831902,0.10540753600071184,0.029939099000330316,0.0,-0.003999999999990678,0.045000000000001705,-0.0309999999999917,16.50654500190285,0.5186529549583444
71.9,17628.308357563,FOLLOW,5.919948395527731,5.841750828980646,0.385423945244686,0.0991777874180684,0.1,0.020000000000000195,0.02805881948812962,0.02876102826536373,0.9949882310882652,inf,green,False,unknown,0,0.20000000000000195,0.027463402999273967,0.06673462099934113,0.015956975999870338,0.0,0.043000000000006366,0.04400000000001114,-0.000999999999990564,1.6379330008930992,0.5186529549583444
72.1,17628.61265232,FOLLOW,5.940185191095424,5.861981382063417,0.3849224070470062,0.09920679215643385,0.1,0.010000000000000188,0.027192557495649854,0.022927008593996722,0.9971549467164862,inf,green,False,unknown,0,0.10000000000000187,0.04146020400003181,0.10926974199901451,0.044835249998868676,0.0,0.0049999999999954525,0.042999999999992156,-0.005000000000009663,3.52936999843223,0.5186529549583444
72.2,17628.708964452,FOLLOW,5.9503017199635995,5.872095619409561,0.38470711218304804,0.0991781122144248,0.1,0.020000000000000195,0.026914694750378818,0.02196981574684765,0.9947479352624635,inf,green,False,unknown,0,0.20000000000000195,0.0313089459996263,0.07926114199653966,0.016909057998418575,0.0,0.03100000000000591,0.045000000000001705,-0.006999999999990791,2.2591380002268124,0.5186529549583444
72.4,17628.962857668,FOLLOW,5.967164833099784,5.888955674742048,0.38438652216116675,0.09920422974734004,0.1,0.029134589713642873,0.026429997612148898,0.02130768859350135,0.9986100705537893,inf,green,False,unknown,0,0.2913458971364287,0.14399921700169216,0.08664338800008409,0.05620514499969431,0.0,0.10800000000000409,0.04400000000001114,0.023000000000010346,0.6999049983278383,0.5186529549583444
72.6,17629.25990661,FOLLOW,5.9874023929596945,5.909191234772161,0.38410394914323887,0.09920204524123971,0.1,0.026236524512081902,0.02507795270461687,0.010531284561477413,0.9973344115186745,inf,green,False,unknown,0,0.262365245120819,0.009103761000005761,0.09128033700108062,0.027730681002140045,0.0,0.001999999999995339,0.044999999999987494,0.018999999999991246,0.49282599866273813,0.5186529549583444
72.7,17629.408388787,FOLLOW,6.000893592149217,5.922681831725751,0.3839771225138028,0.09919299999505062,0.1,0.020000000000000198,0.024585298014462197,0.011865933937629958,0.9956283945112487,inf,green,False,unknown,0,0.20000000000000195,0.009030032000737265,0.10211563700067927,0.017074732000764925,0.0,0.005000000000009663,0.045000000000001705,-0.016999999999995907,1.3406399993982632,0.5186529549583444
72.9,17629.659576074,FOLLOW,6.0211291230063,5.9429170067503465,0.3838594362242571,0.09920089340033636,0.1,0.025162890039284642,0.022824086004929016,0.01823487201741109,0.9811146747035678,inf,green,False,unknown,0,0.2516289003928464,0.09581976999834296,0.11229165399709018,0.021576092000032077,0.0,0.04200000000000159,0.04600000000000648,-0.021000000000000796,0.3864310019707773,0.5186529549583444
73.1,17629.920792033,FOLLOW,6.041366063752197,5.963153914452528,0.3838370384789833,0.09920042054030191,0.1,0.02464996309134041,0.022109188591496527,0.01950517995506285,0.9766254465266384,inf,green,False,unknown,0,0.24649963091340407,0.2140175580025243,0.12078122800085112,0.051623439001559746,0.0,0.1419999999999959,0.042999999999992156,-0.025000000000005684,0.37677399814128876,0.5186529549583444
73.2,17630.007686901,FOLLOW,6.0514845308356735,5.973272344623522,0.3838635129840802,0.09920090179153267,0.1,0.02464996309134041,0.022109188591496527,0.01950517995506285,0.9766254465266384,inf,green,False,unknown,0,0.24649963091340407,0.30091242600246915,0.08527663000131724,0.00807577100204071,0.0,0.24200000000000443,0.04099999999999682,-0.027000000000001023,0.5928749997110572,0.5186529549583444
73.4,17630.258611129,FOLLOW,6.065347526422058,5.987135165507884,0.3839328134526429,0.06918998808266973,0.07,0.014000000000000137,0.019683740061624513,0.02680205062595388,0.9676954434651501,inf,green,False,unknown,0,0.20000000000000195,0.24632763800036628,0.10499207899920293,0.03792658400197979,0.0,0.1700000000000017,0.04100000000001103,0.0030000000000001137,1.6861889998835977,0.5186529549583444
73.6,17630.457516068,FOLLOW,6.077108847944461,5.998896197858196,0.3840150385671331,0.06917782618661349,0.1,0.02385615480322468,0.018402364492161816,0.038793783968691244,0.964073725671441,inf,green,False,unknown,0,0.23856154803224677,0.0668687340003089,0.02666579599826946,0.025976590000936994,0.0,0.07499999999998863,0.03899999999998727,0.03300000000000125,0.3891790001944173,0.5186529549583444
73.7,17630.60902053,FOLLOW,6.0895949259344455,6.011381865027374,0.3841162112431647,0.09920111375993955,0.1,0.02385615480322468,0.018402364492161816,0.038793783968691244,0.964073725671441,inf,green,False,unknown,0,0.23856154803224677,0.2183731959994475,0.07433839999794145,0.009066733997315168,0.0,0.17499999999999716,0.0379999999999967,-0.0030000000000001137,0.3754499994101934,0.5186529549583444
73.9,17630.857455049,FOLLOW,6.10983211990756,6.031617697152516,0.3843493437870575,0.09920304489680265,0.1,0.020000000000000198,0.01735522029636903,0.05076548828630979,0.967542809703843,inf,green,False,unknown,0,0.20000000000000195,0.1758925870017265,0.06408179199934239,0.016226337000261992,0.0,0.14100000000000534,0.03700000000000614,-0.006999999999990791,1.3472099999489728,0.5186529549583444
74.1,17631.112324315,FOLLOW,6.126696222457903,6.048479699965628,0.38461483693189685,0.09920314458891628,0.1,0.023965556629737733,0.015940275248950923,0.055913780328504394,0.975058553809661,inf,green,False,tunnel,0,0.2396555662973773,0.14169952500014915,0.05528946000049473,0.04628210800001398,0.0,0.10899999999999466,0.03899999999998727,0.022999999999996135,0.43352799912099726,0.5186529549583444
74.2,17631.272210348,FOLLOW,6.140187794150044,6.061968750208873,0.3848753846380629,0.09920276144078541,0.1,0.023803290246684403,0.014416155742142377,0.06493661036057029,0.9773002613192378,inf,green,False,tunnel,0,0.23803290246684403,0.07228836200010846,0.10723356200105627,0.04136367700266419,0.0,0.027000000000001023,0.03900000000000148,-0.012999999999991019,0.5860739984200336,0.5186529549583444
74.4,17631.520582236,FOLLOW,6.160425136020686,6.082200582693049,0.3853467740843501,0.0992026763258744,0.1,0.023826987832005906,0.013463196202011187,0.07142076651546919,0.9851460765974297,inf,green,False,tunnel,0,0.23826987832005903,0.05766209799912758,0.0923009460020694,0.03161817599902861,0.0,0.03100000000000591,0.034000000000006025,-0.016999999999995907,17.423117998987436,0.5186529549583444
74.6,17631.763771016,FOLLOW,6.177289600269596,6.099058585426873,0.38581318567099326,0.09920279871698481,0.1,0.010000000000000186,0.013254717481357894,0.06970785778114452,0.9887109984500672,inf,green,False,tunnel,0,0.10000000000000187,0.05741854600273655,0.07578812000065227,0.029263508000440197,0.0,0.042999999999992156,0.03699999999999193,0.012999999999991019,2.2609669977100566,0.5186529549583444
74.7,17631.908691921,FOLLOW,6.190778633929786,6.112541408255806,0.3862224416393012,0.09918231752417138,0.1,0.02313973798231963,0.012905554244627682,0.07046504823503635,0.9946455358957041,inf,green,False,tunnel,0,0.23139737982319628,0.20233945099971606,0.07376958299937542,0.020601783999154577,0.0,0.14300000000000068,0.03900000000000148,-0.022999999999996135,0.3295010028523393,0.5186529549583444
74.9,17632.162884339,FOLLOW,6.2110151862457705,6.132766804406672,0.38689388717634643,0.09919692992674627,0.1,0.023695163312010003,0.013924759362069427,0.06746530125626328,0.9972966541263244,inf,green,False,tunnel,0,0.23695163312010004,0.013901841997721931,0.0760995679993357,0.012049296998156933,0.0,0.006000000000000227,0.03700000000000614,-0.027000000000001023,18.535022001742618,0.5186529549583444
75.1,17632.409555123,FOLLOW,6.23125120250883,6.1529887811185064,0.3876472685794665,0.0992021897962437,0.1,0.02296344295312445,0.014324056265943012,0.05985396732171749,0.997298720365698,inf,green,False,tunnel,0,0.2296344295312445,0.08572611599811353,0.08943840999927488,0.00907897799697821,0.0,0.06699999999999307,0.03899999999998727,-0.03100000000000591,0.43471300159581006,0.5186529549583444
75.2,17632.510909699,FOLLOW,6.237996932156304,6.159729184270716,0.38791527450577773,0.09920049648512683,0.1,0.023042876641564184,0.014452803908969296,0.05953730601001594,0.9972966541263246,inf,green,False,tunnel,0,0.2304287664156418,0.06508875500003342,0.06730971000069985,0.008242516003519995,0.0,0.06499999999999773,0.03900000000000148,0.0010000000000047748,0.4369569978734944,0.5186529549583444
75.4,17632.807724934,FOLLOW,6.2616064471584,6.183316597264051,0.3889359603055886,0.09919646188390484,0.1,0.020000000000000195,0.01431220490952135,0.054020259129221,0.997683450922982,inf,green,False,tunnel,0,0.20000000000000195,0.015425955996761331,0.10410414499710896,0.015067804997670464,0.0,0.007000000000005002,0.03700000000000614,-0.03699999999999193,2.5751210014277603,0.5186529549583444
75.6,17633.060896319,FOLLOW,6.2818428562701865,6.203529663449773,0.3899073361591685,0.09919895328111819,0.1,0.021204634453608828,0.01446116980368449,0.047016109280253335,0.9952628284421445,inf,green,False,tunnel,0,0.21204634453608823,0.015418808998219902,0.1104546679998748,0.004907570997602306,0.0,-0.0010000000000047748,0.0379999999999967,-0.04100000000001103,19.299667001178022,0.5186529549583444
75.7,17633.162504222,FOLLOW,6.288588377928083,6.210266426752884,0.3902509588657656,0.0991985753651169,0.1,0.020659307802238035,0.01444159662004865,0.043448277284770236,0.9973360916525347,inf,green,False,tunnel,0,0.20659307802238033,0.05403496199869551,0.07500363600047422,0.01610023499961244,0.0,0.04000000000000625,0.03700000000000614,-0.009000000000000341,16.675211998517625,0.5186529549583444
75.9,17633.408929909,FOLLOW,6.308824803791525,6.230473534490824,0.3913395968757014,0.09919812253172104,0.1,0.010000000000000188,0.014133309594913481,0.04535515586223705,0.9971052950891633,inf,green,False,tunnel,0,0.10000000000000187,0.14791494400196825,0.07752770899969619,0.014257497001381125,0.0,0.10800000000000409,0.0350000000000108,-0.012999999999991019,1.5946079984132666,0.5186529549583444
76.1,17633.657779847,FOLLOW,6.325687490772444,6.247308709339154,0.39230235815581044,0.09919704627801261,0.1,0.019678693666839688,0.013835873666006623,0.04083075504353703,0.9973360916525347,inf,green,False,tunnel,0,0.19678693666839692,0.023890650998509955,0.06175929999881191,0.04551011899820878,0.0,0.0309999999999917,0.03300000000000125,0.016999999999995907,19.71067400154425,0.5186529549583444
76.2,17633.810994857,FOLLOW,6.33917826974521,6.26077515859388,0.3931121474181131,0.09919676613183868,0.1,0.01895297509958727,0.01391751738983647,0.035367877118215006,0.9971543399221645,inf,green,False,tunnel,0,0.1895297509958727,0.1327443670015782,0.09210567600166542,0.014760224003111944,0.0,0.10800000000000409,0.034000000000006025,-0.018999999999991246,0.6815969973104075,0.5186529549583444
76.4,17634.071583784,FOLLOW,6.359414182495556,6.280970467707575,0.39439322272440047,0.09919537007514186,0.1,0.018889999258249905,0.013254261767598375,0.03935659039006803,0.9901255082778697,inf,green,False,tunnel,0,0.18889999258249904,0.04340228900036891,0.1118695650002337,0.0428586730013194,0.0,0.0030000000000001137,0.034000000000006025,-0.022999999999996135,0.35189299887861125,0.5186529549583444
76.6,17634.257894431,FOLLOW,6.376277372019869,6.297795914876389,0.39552071944751765,0.09919528016741114,0.1,0.019186925780479085,0.012743305202821232,0.0447687227828709,0.9851541937849366,inf,green,False,tunnel,0,0.19186925780479083,0.16599869100173237,0.06031661100132624,0.0145605190009519,0.0,0.1349999999999909,0.036000000000001364,0.006999999999990791,0.49159400077769533,0.5186529549583444
76.7,17634.412367967,FOLLOW,6.3897679097811215,6.31125355010318,0.39646229550129325,0.09919497465303047,0.1,0.019159596234443434,0.012227520355133484,0.04801477856673384,0.9749981397886434,inf,green,False,tunnel,0,0.19159596234443432,0.11663166099970113,0.07448710600147024,0.014302040999609744,0.0,0.07099999999999795,0.03700000000000614,-0.028999999999996362,0.5445179995149374,0.5186529549583444
76.9,17634.658057142,FOLLOW,6.406631056277447,6.328072017120614,0.39768892915372656,0.0991950008484004,0.1,0.01911737344834717,0.01156028541176949,0.052165973397824264,0.9654064688556214,inf,green,False,tunnel,0,0.19117373448347166,0.10178390400324133,0.07402928800001973,0.029505460002837935,0.0,0.0730000000000075,0.0350000000000108,0.0010000000000047748,0.3731849974428769,0.5186529549583444
77.1,17634.907470205,FOLLOW,6.426833890098859,6.3482160549547935,0.39922897315570444,0.0994769206468221,0.1,0.02077088384984265,0.01192012871147006,0.060967853100003105,0.9526766329892612,inf,green,False,tunnel,0,0.2077088384984265,0.05564294699797756,0.06498537099832902,0.017468356996687362,0.0,0.042999999999992156,0.03499999999999659,-0.0030000000000001137,0.39432000266970135,0.5186529549583444
77.2,17635.064928242,FOLLOW,6.436926693733934,6.358276674145431,0.4000343079355594,0.09884412696190029,0.1,0.01953498849071238,0.010627039079556134,0.061193483580963194,0.9518812352140485,inf,green,False,tunnel,0,0.1953498849071238,0.21310098400135757,0.11240974000247661,0.05440645100316033,0.0,0.14300000000000068,0.03700000000000614,-0.0049999999999954525,0.43578899931162596,0.5186529549583444
77.4,17635.257454409,FOLLOW,6.4539024181094655,6.375193864125941,0.40144272999430364,0.10002874368600786,0.1,0.00796174213809153,0.00029163130150572543,0.05176851221975583,0.9634458798833552,inf,green,False,tunnel,0,0.07961742138091531,0.05844928899750812,0.026040881999506382,0.025513559998216806,0.0,0.07200000000000273,0.0350000000000108,0.025000000000005684,0.4096370030310936,0.5186529549583444
77.6,17635.507879037,FOLLOW,6.474305615012655,6.395521970415646,0.40319157073457307,0.10000506206676638,0.1,-0.0002514195621817345,-0.006046416317305079,0.038593187435239984,0.9531186865565984,inf,green,False,tunnel,0,-0.0025141956218173453,0.0746609140005603,0.047956105998309795,0.03598880400022608,0.0,0.07499999999998863,0.033999999999991815,0.021000000000000796,18.162684002163587,0.5186529549583444
77.7,17635.660822798,FOLLOW,6.487906044015952,6.409071486143155,0.404367280044759,0.10000086969319977,0.1,-0.004010197681431725,-0.008876076143649051,0.03209178101906941,0.9579002726486431,inf,green,False,tunnel,0,-0.04010197681431724,0.009045734001119854,0.07481354500123416,0.011904947001312394,0.0,0.007000000000005002,0.03300000000000125,-0.015000000000000568,0.3742219996638596,0.5186529549583444
77.9,17635.910480797,FOLLOW,6.504905189144692,6.426007539397379,0.405830502158459,0.09999227725347576,0.1,-0.010304394391412288,-0.014407982804870947,0.02645495460673331,0.9609316420730307,inf,green,False,tunnel,0,-0.10304394391412289,0.024214527998992708,0.023722784000710817,0.023180790998594603,0.0,0.04000000000000625,0.03300000000000125,0.015000000000000568,0.7187929986685049,0.5186529549583444
78.1,17636.158066868,FOLLOW,6.5253025214489595,6.446331656637039,0.40755713573661634,0.09998430487728496,0.1,-0.016001629506755218,-0.021333384001605032,0.03405801128689596,0.8819580958813684,inf,green,False,tunnel,0,-0.1600162950675522,0.07723901599820238,0.0642607500012673,0.02517664699917077,0.0,0.0759999999999934,0.036000000000001364,0.01099999999999568,0.42701799975475296,0.5186529549583444
78.2,17636.310184162,FOLLOW,6.538899718108685,6.459882436651231,0.4086796558718017,0.09997374334272538,0.1,-0.01890608307978016,-0.023656034566489854,0.0298502014140558,0.882140755766868,inf,green,False,tunnel,0,-0.18906083079780156,0.06552325600205222,0.06509881600140943,0.015349199002230307,0.0,0.0379999999999967,0.034000000000006025,-0.024999999999991473,0.43638699935399927,0.5186529549583444
78.4,17636.558058613,FOLLOW,6.55929376299632,6.480212131460905,0.41029828784687256,0.09996791711643194,0.1,-0.022121714173856947,-0.026763249690362582,0.02872041535621173,0.8834224597119943,inf,green,False,tunnel,0,-0.2212171417385695,0.1841571120021399,0.07236419100081548,0.015180059002886992,0.0,0.13300000000000978,0.03200000000001069,-0.028999999999996362,0.3832539987342898,0.5186529549583444
78.6,17636.758440736,FOLLOW,6.576288061356687,6.497158153906156,0.41157819467601514,0.09996073958615032,0.1,-0.0266253635044401,-0.03171201290178372,0.031032584971366624,0.8827329597191271,inf,green,False,tunnel,0,-0.266253635044401,0.07018917000095826,0.04620629800047027,0.015470153000933351,0.0,0.0759999999999934,0.030000000000001137,0.000999999999990564,0.7586309984617401,0.5186529549583444
78.7,17636.912643776,FOLLOW,6.586484425584037,6.507328094374171,0.4123117441156689,0.10008972213188559,0.1,-0.029679301099712473,-0.03459891443728243,0.029414236726012528,0.8876252747513107,inf,green,False,tunnel,0,-0.2967930109971247,0.11932804000025499,0.07644266100032837,0.0444055070001923,0.0,0.07200000000000273,0.03300000000000125,-0.000999999999990564,0.45698200119659305,0.5186529549583444
78.9,17637.157336035,FOLLOW,6.610278695028333,6.531068834285328,0.4139061899359642,0.0999781810076374,0.1,-0.02973847609356329,-0.03576876366124503,0.03680022969745638,0.8950986254272824,inf,green,False,tunnel,0,-0.2973847609356329,0.18599090200223145,0.07808561800266034,0.0002521720016375184,0.0,0.13000000000000966,0.03200000000001069,-0.03899999999998727,0.5984050003462471,0.5186529549583444
79.1,17637.417326295,FOLLOW,6.627275239582752,6.548033639894637,0.41494415408341884,0.09998300145516174,0.1,-0.024571338125712935,-0.03398317834689864,0.06011540762497334,0.9110455565973695,inf,green,False,tunnel,0,-0.24571338125712935,0.06799881199913216,0.10425185200074338,0.0311677569989115,0.0,0.0309999999999917,0.033999999999991815,-0.009000000000000341,0.3719119995366782,0.5186529549583444
79.2,17637.510401077,FOLLOW,6.637473594077354,6.5582151151370365,0.4155306245913583,0.09998458001210749,0.1,-0.022642922623161876,-0.03314638370601884,0.06763407042503396,0.9135027718827035,inf,green,False,tunnel,0,-0.22642922623161876,0.042446110001037596,0.07558416800020495,0.02027859300142154,0.0,0.03100000000000591,0.03300000000000125,-0.01099999999999568,14.288954000221565,0.5186529549583444
79.4,17637.757710572,FOLLOW,6.65447128149793,6.5751877130680665,0.41645363945185787,0.09998705724752308,0.1,-0.020437471563813446,-0.031019542803392426,0.06844399164534315,0.9162257048406675,inf,green,False,tunnel,0,-0.20437471563813445,0.13222040999971796,0.06835029600188136,0.04881547300101374,0.0,0.10200000000000387,0.034000000000006025,0.019000000000005457,0.5808509995404165,0.5186529549583444
79.6,17638.007904844,FOLLOW,6.6748694032183495,6.595559934388178,0.4174809808556532,0.09999346039014209,0.1,-0.01623605667268773,-0.027306604725477676,0.07217839751498396,0.9130050602632703,inf,green,False,tunnel,0,-0.1623605667268773,0.029885214997193543,0.04847797799811815,0.03490472999692429,0.0,0.03699999999999193,0.030000000000001137,0.015000000000000568,16.608046000328613,0.5186529549583444
79.7,17638.166776303,FOLLOW,6.688468655886264,6.609143983394423,0.4181237945004797,0.09999598057905532,0.1,-0.01623605667268773,-0.027306604725477676,0.07217839751498396,0.9130050602632703,inf,green,False,tunnel,0,-0.1623605667268773,0.18875667399697704,0.06941861499944935,0.020652082999731647,0.0,0.13700000000000045,0.031999999999996476,-0.021000000000000796,0.49899400255526416,0.5186529549583444
79.9,17638.407890731,FOLLOW,6.708868138103359,6.6295231982284255,0.4190327255280842,0.10000113594520077,0.1,-0.012675727902462137,-0.02384369743806157,0.0731961086477969,0.9160052239276678,inf,green,False,tunnel,0,-0.12675727902462136,0.10543112400046084,0.06496722600059002,0.0017306609988736454,0.0,0.07500000000000284,0.03100000000000591,-0.024999999999991473,0.39681999987806194,0.5186529549583444
80.1,17638.666646321,FOLLOW,6.725868539881064,6.646508529293106,0.4197483360120215,0.10000471729136459,0.1,-0.009721253198569379,-0.022026528575935452,0.08101592338073255,0.9160052239276678,inf,green,False,tunnel,0,-0.0972125319856938,0.1364257120003458,0.07436731599955237,0.044997072996920906,0.0,0.1039999999999992,0.03300000000000125,0.0049999999999954525,14.727557001606328,0.5186529549583444
80.2,17638.807585166,FOLLOW,6.739469223528502,6.660098058190886,0.4202990394767467,0.10000542554423428,0.1,-0.008124895795898281,-0.01977506719660342,0.07682091818723813,0.9138490370800876,inf,green,False,tunnel,0,-0.08124895795898279,0.07487333599783597,0.09221021800112794,0.00029123900094418786,0.0,0.03700000000000614,0.030000000000001137,-0.0309999999999917,19.533163998858072,0.5186529549583444
80.4,17639.062692871,FOLLOW,6.75987090285759,6.6804841995022475,0.42109508611629715,0.10001014148612035,0.1,-0.006124489208434255,-0.018188970021315063,0.07974219181664849,0.9134982380657641,inf,green,False,tunnel,0,-0.06124489208434255,0.17181460999927367,0.10085454500222113,0.00800563300072099,0.0,0.10800000000000409,0.03300000000000125,-0.03499999999999659,0.3849360000458546,0.5186529549583444
80.6,17639.258069312,FOLLOW,6.7768727512646985,6.697473846310883,0.4217390832839168,0.10001149554750505,0.1,-0.00339530473667683,-0.015111472099566977,0.07766695852175308,0.9133594529716725,inf,green,False,tunnel,0,-0.033953047366768296,0.03877873799865483,0.04864816500048619,0.004695757001172751,0.0,0.031999999999996476,0.030000000000001137,-0.005000000000009663,18.65765399998054,0.5186529549583444
80.7,17639.419691677,FOLLOW,6.787074024625183,6.7076680418275485,0.42211902387346717,0.10001328550590065,0.1,-0.002380189967087749,-0.014131097878320655,0.07798211541448472,0.9134351182091197,inf,green,False,tunnel,0,-0.023801899670877487,0.037798138000653125,0.08901612300178385,0.029616485000588,0.0,0.009000000000000341,0.03300000000000125,-0.006999999999990791,0.41468499694019556,0.5186529549583444
80.9,17639.665949259,FOLLOW,6.807476962193472,6.728057132981972,0.42287056639433124,0.10001433187861387,0.1,-0.0013198163903320348,-0.013122468955534018,0.07841317980004275,0.9970881369900245,inf,green,False,tunnel,0,-0.013198163903320348,0.06424055400202633,0.07520717200168292,0.04405371499888133,0.0,0.027000000000001023,0.03300000000000125,-0.01099999999999568,0.5185619993426371,0.5186529549583444
81.1,17639.914569024,FOLLOW,6.827880197957772,6.748446774843449,0.423615236300139,0.10001637539570923,0.1,-5.671461735285704e-05,-0.011271324194852068,0.07462052719922886,0.9987949751703346,inf,green,False,tunnel,0,-0.0005671461735285705,0.17124916299871984,0.09232784599953447,0.029156004999094876,0.0,0.11599999999999966,0.03300000000000125,-0.015000000000000568,0.5969369995000307,0.5186529549583444
81.2,17640.00810543,FOLLOW,6.834681350501892,6.755243413922214,0.4238629723721931,0.10001706293976062,0.1,-5.671461735285704e-05,-0.011271324194852068,0.07462052719922886,0.9987949751703346,inf,green,False,tunnel,0,-0.0005671461735285705,0.26478556899746764,0.046097758000541944,0.040976497999508865,0.0,0.21600000000000819,0.028999999999996362,0.016999999999995907,0.48225000136881135,0.5186529549583444
81.4,17640.259188918,FOLLOW,6.858485684552315,6.779031908270045,0.4247312198026434,0.10002015866337446,0.1,0.0021648662871384685,-0.009275928160664967,0.07630427962709492,0.9962086641351553,inf,green,False,tunnel,0,0.021648662871384686,0.1945996889990056,0.0644931649985665,0.0024107790013658814,0.0,0.15800000000000125,0.030000000000001137,-0.021000000000000796,0.3038989998458419,0.5186529549583444
81.6,17640.507628148,FOLLOW,6.878889940259225,6.7994222733658525,0.4254839831665965,0.10002253157102559,0.1,0.0036891469551874547,-0.007401911730725141,0.0741135399354044,0.9967663751893098,inf,green,False,tunnel,0,0.03689146955187455,0.1649791859999823,0.08175066300100298,0.00554728000133764,0.0,0.12599999999999056,0.031999999999996476,-0.025000000000005684,0.31225199927575886,0.5186529549583444
81.7,17640.607331108,FOLLOW,6.885691477204927,6.806219069958211,0.4257378743269069,0.10002266932181858,0.1,0.004777373668717743,-0.005905077416712541,0.07149611017129603,0.9985539702044015,inf,green,False,tunnel,0,0.04777373668717743,0.02158383300047717,0.04546386899892241,0.014572562999092042,0.0,0.022999999999996135,0.030000000000001137,0.007000000000005002,19.941137001296738,0.5186529549583444
81.9,17640.866112769,FOLLOW,6.90609645483401,6.8266093711021,0.42651162925968467,0.10002593045468558,0.07,0.004106439904890326,-0.004647207332340742,0.07046921663736792,0.9957943985955922,inf,green,False,tunnel,0,0.05866342721271894,0.02382305399805773,0.059024104000855004,0.030288933998235734,0.0,0.019000000000005457,0.028000000000005798,0.0030000000000001137,17.219050001585856,0.5186529549583444
82.1,17641.112190677,FOLLOW,6.922455590276846,6.8429563474442405,0.427142241996684,0.06935058724280423,0.1,0.0075351588096946925,-0.002641387906627643,0.06837942838586068,0.9968739876807693,inf,green,False,tunnel,0,0.07535158809694692,0.023713211998256156,0.07384561899743858,0.027182930996787036,0.0,0.02599999999999625,0.0309999999999917,-0.0010000000000047748,21.46129200264113,0.5186529549583444
82.2,17641.266107761,FOLLOW,6.934004089663847,6.854496227862951,0.427588332288149,0.1001913111605261,0.1,0.007058400385248277,-0.0024402890653087705,0.06383795831719508,0.9934700976145929,inf,green,False,tunnel,0,0.07058400385248276,0.0852060920005897,0.09030868499758071,0.014071295998292044,0.0,0.05100000000000193,0.03100000000000591,-0.03699999999999193,17.887107002025004,0.5186529549583444
82.4,17641.469030266,FOLLOW,6.947709392246249,6.868190715548266,0.4281326723844374,0.10087024027734534,0.07,0.0011121707193166089,-0.00673719731141674,0.055581980825254014,0.9951051668177707,inf,green,False,tunnel,0,0.01588815313309441,0.10183696499734651,0.04092645299897413,0.04039442099747248,0.0,0.08600000000001273,0.028000000000005798,0.027000000000001023,0.45770100041409023,0.5186529549583444
82.6,17641.716658251,FOLLOW,6.964206925440215,6.884675119436413,0.4287907005883587,0.1005905372823162,0.1,-0.005116748615593812,-0.012423778637669781,0.04824509234536437,0.9971596792019749,inf,green,False,tunnel,0,-0.05116748615593811,0.025868378001177916,0.05970879099913873,0.04526499200073886,0.0,0.02599999999999625,0.027999999999991587,0.022999999999996135,23.901012998976512,0.5186529549583444
82.7,17641.864101355,FOLLOW,6.977922296503442,6.898380218055375,0.42932142645777377,0.10085188636349773,0.1,-0.007785489996199311,-0.013789635444288323,0.03934239863381647,0.9119559421305092,inf,green,False,tunnel,0,-0.0778548999619931,0.08158834400092019,0.08447404999969876,0.023956469998665852,0.0,0.054000000000002046,0.030000000000001137,-0.012999999999991019,19.557350999093615,0.5186529549583444
82.9,17642.108682127,FOLLOW,6.995066689573558,6.915512323715116,0.4299703772400962,0.10084698634613638,0.1,-0.013074007600566052,-0.017548593645246163,0.028656728477583125,0.9140970256755931,inf,green,False,tunnel,0,-0.1307400760056605,0.11153402700074366,0.06625126300059492,0.04036319900114904,0.0,0.0870000000000033,0.030000000000001137,0.017000000000010118,0.4725159997178707,0.5186529549583444
83.1,17642.36028966,FOLLOW,7.015637640834485,6.9360700538945395,0.4307075846847674,0.10083474852625293,0.1,-0.017180122531308142,-0.020566450316992627,0.020966969257774658,0.9140410142093945,inf,green,False,tunnel,0,-0.1718012253130814,0.17761872899791342,0.07075769400034915,0.04495662800036371,0.0,0.1529999999999916,0.024999999999991473,0.012999999999991019,0.6005070026731119,0.5186529549583444
83.2,17642.514219827,FOLLOW,7.02935082387331,6.949775693161142,0.4311622954882853,0.10083146475896293,0.1,-0.02269156767080212,-0.025240803512492797,0.014701521181519373,0.9155642621016686,inf,green,False,tunnel,0,-0.22691567670802115,0.10469976300009876,0.09108951600137516,0.012801617998775328,0.0,0.049000000000006594,0.021000000000000796,-0.022999999999996135,0.361127000360284,0.5186529549583444
83.4,17642.760074539,FOLLOW,7.0464908899189105,6.9669079908938745,0.43167794375768054,0.10082268136011883,0.1,-0.02269156767080212,-0.025240803512492797,0.014701521181519373,0.9155642621016686,inf,green,False,tunnel,0,-0.22691567670802115,0.3505544750005356,0.05919377300233464,0.04368327200063504,0.0,0.24900000000000944,0.021000000000000796,0.007000000000005002,0.5691149999620393,0.5186529549583444
83.6,17643.010690534,FOLLOW,7.0704859122823605,6.990895231796816,0.43228771996162607,0.10081039230285312,0.1,-0.03365733119510106,-0.03281915100149753,-0.009710392197872654,0.913473058973865,inf,green,False,unknown,0,-0.33657331195101053,0.012921045999974012,0.07629342599830125,0.011461046000476927,0.0,-0.014000000000010004,0.021000000000000796,-0.03100000000000591,14.801568999246228,0.5186529549583444
83.7,17643.119011051,FOLLOW,7.077340916031573,6.9977486907633555,0.4324331945148013,0.10080597642225794,0.1,-0.034983715696774345,-0.034155217386287226,-0.009919797010386684,0.9126656760680664,inf,green,False,unknown,0,-0.3498371569677434,0.023098382000171114,0.05980120900130714,0.03081482400011737,0.0,0.019000000000005457,0.022999999999996135,0.0010000000000047748,17.82194300176343,0.5186529549583444
83.9,17643.357554862,FOLLOW,7.097905800493646,7.018310694386461,0.4327749161992354,0.10081715345133584,0.1,-0.034983715696774345,-0.034155217386287226,-0.009919797010386684,0.9126656760680664,0.9,green,False,unknown,0,-0.3498371569677434,0.2616421929997159,0.03568457899746136,0.005823368999699596,0.0,0.2190000000000083,0.02400000000000091,-0.0030000000000001137,0.39378300061798654,0.5186529549583444
84.1,17643.61007034,FOLLOW,7.118472343832761,7.038876260777257,0.4329709351226115,0.10081436987561095,0.1,-0.03512339579452415,-0.03345459115766423,-0.015550518960261633,0.9107637718418186,0.88,green,False,unknown,0,-0.3512339579452415,0.03245255799993174,0.053010081999673275,0.008791862001089612,0.0,0.022999999999996135,0.02400000000000091,-0.007000000000005002,16.43362499817158,0.5186529549583444
84.2,17643.770700047,FOLLOW,7.128755553496527,7.049159380795108,0.43301267791345466,0.10081696644625478,0.1,-0.03495297306681137,-0.03285962630208591,-0.018343890691294665,0.9109135639131117,0.87,green,False,unknown,0,-0.34952973066811366,0.14351763599916012,0.07293371199921239,0.023507497000537114,0.0,0.09199999999999875,0.02400000000000091,-0.009000000000000341,1.219052999658743,0.5186529549583444
84.4,17643.965445308,FOLLOW,7.145894517961849,7.066298318010938,0.4330013131689259,0.10081952834355191,0.1,-0.03201256827486519,-0.029746866355758485,-0.018902990977742947,0.9028616157608721,0.86,green,False,unknown,0,-0.3201256827486519,0.060518212001625216,0.039172886001324514,0.02456689899918274,0.0,0.060000000000002274,0.02200000000000557,0.021000000000000796,21.723608999309363,0.5186529549583444
84.6,17644.215116821,FOLLOW,7.166461931971249,7.086865215986452,0.4328606749373652,0.10082282162151954,0.1,-0.02920683263794694,-0.0268544199978051,-0.018973187937680474,0.8959523064160578,inf,green,False,unknown,0,-0.2920683263794694,0.023944849999679718,0.04329241899904446,0.04256135200193967,0.0,0.018999999999991246,0.01999999999999602,0.016999999999995907,16.617240999039495,0.5186529549583444
84.7,17644.362115795,FOLLOW,7.180173927548009,7.100576204375321,0.4326951977534634,0.10082441767900335,0.1,-0.02920683263794694,-0.0268544199978051,-0.018973187937680474,0.8959523064160578,0.87,green,False,unknown,0,-0.2920683263794694,0.17094382399955066,0.06658494300063467,0.0055763179989298806,0.0,0.11899999999999977,0.021000000000000796,-0.018999999999991246,0.37236700154608116,0.5186529549583444
84.9,17644.611620917,FOLLOW,7.197314153807332,7.117714086636534,0.43241270025302486,0.10082521851408814,0.1,-0.026994903558062357,-0.02255185504101439,-0.032535643813000226,0.8930322866826579,inf,green,False,unknown,0,-0.26994903558062355,0.03735568800038891,0.06934938999984297,0.052953894999518525,0.0,0.021000000000000796,0.021000000000000796,0.01100000000000989,19.891006999387173,0.5186529549583444
85.1,17644.915711464,FOLLOW,7.221310771408992,7.14170479750206,0.4318821034556903,0.10082693664729059,0.1,-0.025528338780354723,-0.020115342097887658,-0.03876686426075998,0.8917152344672613,0.9,green,False,unknown,0,-0.2552833878035472,0.036092018999625,0.09862046299895155,0.02722991200062097,0.0,0.006000000000000227,0.018999999999991246,-0.027000000000001023,0.4119529985473491,0.5186529549583444
85.2,17645.012386011,FOLLOW,7.228167059796246,7.148558745726313,0.4317030070012631,0.10082787732351983,0.1,-0.02505528980408807,-0.020460276162967302,-0.03325003596939209,0.8952225845115593,0.89,green,False,unknown,0,-0.25055289804088066,0.02875178699832759,0.060255008000240196,0.028165761999844108,0.0,0.027000000000001023,0.019000000000005457,0.005000000000009663,0.7382500007224735,0.5186529549583444
85.4,17645.258640444,FOLLOW,7.248734734085276,7.16911731685503,0.43109213133332974,0.10080540469842512,0.1,-0.0022917213005006595,-0.03191022712389474,0.19476467983225879,0.8445776273445724,inf,green,False,unknown,0,-0.02291721300500659,0.02176746500117588,0.028223624001839198,0.027132115999847883,0.0,0.02200000000000557,0.020000000000010232,0.0010000000000047748,0.4120759986108169,0.5186529549583444
85.6,17645.511801418,FOLLOW,7.269307176916794,7.189677435640705,0.43038018484896073,0.10085800690926279,0.1,-0.0011037834399698885,-0.03100581959205706,0.19667899553758014,0.839821317236594,inf,green,False,unknown,0,-0.011037834399698887,0.13156734299991513,0.03486304000034579,0.018679896002140595,0.0,0.12399999999999523,0.01999999999999602,-0.0030000000000001137,2.7630609984043986,0.5186529549583444
85.7,17645.662662801,FOLLOW,7.279594746765652,7.199958714873602,0.4300204757575943,0.1008586643192586,0.098811272322877,-0.0006714879924410622,-0.0314659638400343,0.2023770983523523,0.826689548699427,inf,green,False,unknown,0,-0.006795661837516871,0.043374676002713386,0.06897192399992491,0.04271021700333222,0.0,0.01999999999999602,0.01999999999999602,-0.0049999999999954525,0.585485999181401,0.5186529549583444
85.9,17645.907805874,FOLLOW,7.299890790221091,7.2202422293040245,0.4293074433988717,0.10083508147173563,0.1,-0.04085334215014946,-0.018453563730579024,-0.008135978671259222,0.8379323471669518,0.7,green,False,unknown,0,-0.4085334215014946,0.16485074299998814,0.04596974800006137,0.013715082000999246,0.0,0.11599999999999966,0.021000000000000796,-0.009000000000000341,0.8509649996994995,0.5186529549583444
86.1,17646.164418304,FOLLOW,7.317359128553619,7.237698137740906,0.42864884130720177,0.09013675034759931,0.09647560936019728,0.062091438048730914,0.029236950024309805,-0.09793131587734219,0.6671975988721037,inf,green,False,unknown,0,0.6435972621526435,0.018371640999248484,0.03943267700014985,0.009201364999171346,0.0,0.024999999999991473,0.01999999999999602,-0.01300000000000523,19.667103999381652,0.5186529549583444
86.2,17646.322882079,FOLLOW,7.327053685719828,7.247386905713839,0.4283142012923576,0.09742185190012703,0.09647560936019728,0.062091438048730914,0.029236950024309805,-0.09793131587734219,0.6671975988721037,inf,green,False,unknown,0,0.6435972621526435,0.17683541599762975,0.07577592899906449,0.028736711999954423,0.0,0.125,0.019000000000005457,-0.015000000000000568,0.8454150010948069,0.5186529549583444
86.4,17646.568431388,FOLLOW,7.346927844715165,7.267254592992814,0.42781202957371384,0.0974228819956326,0.09647560936019728,0.013802035453746267,0.029236950024309805,-0.09793131587734219,0.6671975988721037,inf,green,False,unknown,0,0.1430624335547399,0.42238472499957425,0.07524461800130666,0.04562694299966097,0.0,0.32500000000000284,0.016000000000005343,-0.018999999999991246,0.4261659996700473,0.5186529549583444
86.6,17646.815421706,FOLLOW,7.3606039194137125,7.280928680477741,0.4275800625076874,0.04761137537162631,0.046755511715044745,-0.028053307029026787,-0.0471844179491448,0.5391075937546368,0.6098396680761445,0.65,green,False,unknown,0,-0.5999999999999988,0.16506295400176896,0.07658272299886448,0.016306339999573538,0.0,0.11599999999999966,0.01999999999999602,-0.023000000000010346,2.170469000702724,0.5186529549583444
86.7,17646.908173195,FOLLOW,7.363840223740834,7.284164631336953,0.4275322566427311,0.0475816941428696,0.046055286640536035,0.018891518458395134,-0.04911198112327514,0.5453258996084277,0.6046841010442878,inf,green,False,unknown,0,0.41019218066851787,0.057617720998678124,0.024478377999912482,0.023605917998793302,0.0,0.054000000000002046,0.016000000000005343,0.009000000000000341,0.4121929996472318,0.5186529549583444
86.9,17647.16948012,FOLLOW,7.373434989512264,7.293758256624021,0.4273845014853472,0.04681935313841084,0.04484584353306558,0.019108808454472506,-0.05134383439977122,0.564047994243755,0.6004659098364048,inf,green,False,unknown,0,0.4260998779158489,0.04252279700085637,0.05825963499955833,0.04358479999791598,0.0,0.023000000000010346,0.015000000000000568,0.005000000000009663,22.095799999078736,0.5186529549583444
87.1,17647.412849773,FOLLOW,7.382834306720172,7.303156463587226,0.4272401731448175,0.04558543685057673,0.09063506066115061,-0.013705083829573327,0.02609043924347071,-0.26940958122467623,0.842666361131305,inf,green,False,unknown,0,-0.1512117245754524,0.008613072001026012,0.02961283100012224,0.013592306000646204,0.0,0.021000000000000796,0.015000000000000568,0.000999999999990564,24.04672799821128,0.5186529549583444
87.2,17647.557452918,FOLLOW,7.388633863030338,7.30895554406013,0.42716595074837793,0.0806156006860352,0.0706207465103482,-0.016853628731403742,0.018413744944350163,-0.2770046628056783,0.6640357594211608,inf,green,False,unknown,0,-0.23864982408440194,0.02881221600182471,0.04881516699970234,0.032550792002439266,0.0,0.015000000000000568,0.015000000000000568,-0.000999999999990564,16.673394999088487,0.5186529549583444
87.4,17647.80861237,FOLLOW,7.404427364975181,7.3247477352039105,0.426962663437086,0.07042351663456886,0.07682154336826018,0.04052599890678109,0.023889578449505997,-0.31977655433253693,0.7679770247793593,inf,green,False,unknown,0,0.5275342974107043,0.04877492400191841,0.05504622100124834,0.02414036499976646,0.0,0.025000000000005684,0.018000000000000682,-0.0049999999999954525,20.080829999642447,0.5186529549583444
87.6,17648.061714193,FOLLOW,7.420042435132301,7.340362139171401,0.42682005441729715,0.0858478337317278,0.09310983590983918,-0.02614579847243937,0.012019792272187968,-0.2641207020138972,0.8588356887339053,inf,green,False,unknown,0,-0.28080597733795887,0.08309990000270773,0.06059342000298784,0.04335004800304887,0.0,0.05999999999998806,0.015999999999991132,-0.009000000000000341,18.637765999301337,0.5186529549583444
87.7,17648.158846397,FOLLOW,7.429659813338394,7.349979033712877,0.42672384581771483,0.09393776680143986,0.09310983590983918,-0.02614579847243937,0.012019792272187968,-0.2641207020138972,0.8588356887339053,0.85,green,False,unknown,0,-0.28080597733795887,0.18023210400133394,0.0486993269987579,0.019996314000309212,0.0,0.1599999999999966,0.015000000000000568,-0.01099999999999568,0.4107470012968406,0.5186529549583444
87.9,17648.416482299,FOLLOW,7.448823047622259,7.36914037969117,0.42645637767103045,0.09393712450490485,0.09310983590983918,-0.02614579847243937,0.012019792272187968,-0.2641207020138972,0.8588356887339053,0.84,green,False,unknown,0,-0.28080597733795887,0.43786800599991693,0.05985462599710445,0.01515987499806215,0.0,0.35999999999999943,0.016000000000005343,-0.015000000000000568,0.4633980024664197,0.5186529549583444
88.1,17648.664417102,FOLLOW,7.465119087191068,7.385433469841497,0.42614722603556293,0.09883317682095191,0.07668594890056644,-0.015803748090477483,-0.009282659484815992,-0.2940384737206368,0.7392083184828874,inf,green,False,unknown,0,-0.20608401300437904,0.17446803300117608,0.04493610800273018,0.03154130800248822,0.0,0.12699999999999534,0.016999999999995907,0.015000000000000568,0.4425089973665308,0.5186529549583444
88.2,17648.820638216,FOLLOW,7.475350749953642,7.3956625246909,0.4259163326997362,0.0826627493166132,0.09308367013206725,-0.0465418350660335,-0.028100571729343583,0.19592032812420135,0.7704229340014782,0.66,green,False,unknown,0,-0.49999999999999867,0.0810841979982797,0.06449630600036471,0.014886081997246947,0.0,0.05200000000000671,0.01300000000000523,-0.021000000000000796,23.92284999950789,0.5186529549583444
88.4,17649.063376545,FOLLOW,7.490301300291143,7.410607439548848,0.42550658598816754,0.09389518393419356,0.08946970832476264,0.004116225649429479,-0.0280725182359451,0.21484050736059607,0.7640222341639112,inf,green,False,unknown,0,0.04600691928589004,0.06982777400116902,0.016908036999666365,0.016018850001273677,0.0,0.05900000000001171,0.012000000000000455,0.009000000000000341,1.7803320006350987,0.5186529549583444
88.6,17649.310839774,FOLLOW,7.50878084241618,7.429077453101749,0.4249133280076754,0.08925670625425265,0.0863085574434744,-0.03452342297738964,-0.02864706661573503,0.23107656160728057,0.7564903842876706,0.72,green,False,unknown,0,-0.3999999999999986,0.08845671200106153,0.022641283998382278,0.021990969999023946,0.0,0.05999999999998806,0.012000000000000455,0.0049999999999954525,2.1070690017950255,0.5186529549583444
88.7,17649.417476167,FOLLOW,7.517745110142581,7.438037125373272,0.42462633361463964,0.0871265392937998,0.0863085574434744,-0.043154278721737084,-0.02864706661573503,0.23107656160728057,0.7564903842876706,0.66,green,False,unknown,0,-0.49999999999999867,0.1950931050014333,0.01708452100137947,0.01568835799844237,0.0,0.1599999999999966,0.008000000000009777,0.0030000000000001137,1.582886998221511,0.5186529549583444
88.9,17649.664690712,FOLLOW,7.535378415424641,7.455658736814121,0.42398504345836363,0.0857695622395481,0.09582053589233497,0.01530802652687618,-0.01866436812161304,0.2283513202114101,0.8362355587682428,inf,green,False,unknown,0,0.1597572627236864,0.024612619999970775,0.011529916002473328,0.008483541001623962,0.0,0.05500000000000682,0.007000000000005002,-0.000999999999990564,0.3942909970646724,0.5186529549583444
89.1,17649.958147767,FOLLOW,7.554861695661681,7.4751284635657615,0.4232586048726168,0.09306209022679982,0.09127490610426257,-0.04031935939413915,-0.019966142317825578,0.2465873694516189,0.8196833532624812,0.65,green,False,unknown,0,-0.441735424499727,0.021426144001452485,0.07036996999886469,0.020868449999397853,0.0,-0.007000000000005002,0.007999999999995566,-0.005000000000009663,0.495612999657169,0.5186529549583444
89.2,17650.066895978,FOLLOW,7.564289563161467,7.484550164881438,0.42291775138407445,0.09208336858493714,0.1,0.023446985198951036,-0.002015910356156586,0.17047854181114452,0.8066348348720991,inf,green,False,unknown,0,0.23446985198951037,0.08010783000281663,0.018562786000984488,0.018012649001320824,0.0,0.05299999999999727,0.005000000000009663,-0.006999999999990791,1.0633019992383197,0.5186529549583444
89.4,17650.312088387,FOLLOW,7.584333379988742,7.504580419864446,0.4221811498579478,0.08968062914758895,0.08546026280696299,-0.01684229555105217,-0.008876251475571945,0.2828925743970917,0.8105580399569303,0.87,green,False,unknown,0,-0.19707750711105843,0.03735959899859154,0.04115807700145524,0.011930166998354252,0.0,0.027000000000001023,0.008000000000009777,-0.01099999999999568,1.3888499997847248,0.5186529549583444
89.6,17650.559699551,FOLLOW,7.5988725266098,7.519112108081084,0.4217158642234715,0.08241492374580663,0.1,0.009975723339522801,0.004490081097010233,0.1666244259582528,0.9223767565250224,inf,green,False,unknown,0,0.09975723339522799,0.011650168999040034,0.011224361998756649,0.010663794997526566,0.0,0.022999999999996135,0.006999999999990791,0.018999999999991246,0.827259002107894,0.5186529549583444
89.7,17650.657642055,FOLLOW,7.60848013865832,7.528716013744277,0.42144909764229144,0.10087628232708434,0.1,0.02132099606335182,0.009604281709318225,0.11438628396994083,0.9727074201670786,inf,green,False,unknown,0,0.2132099606335182,0.01867869600027916,0.006514977001643274,0.017903536001540488,0.0,0.05500000000000682,0.008000000000009777,0.016999999999995907,0.39696399835520424,0.5186529549583444
89.9,17650.91309088,FOLLOW,7.62683115253993,7.5470612346539605,0.4209883349846529,0.06633474386224318,0.0647258479978266,-0.025890339199130547,-0.032552845908740996,0.4148604199582995,0.7325351622453616,0.67,green,False,unknown,0,-0.3999999999999986,0.0993221579992678,0.016010602997994283,0.017636895998293767,0.0,0.09100000000000819,0.005000000000009663,0.01300000000000523,20.038593000208493,0.5186529549583444
90.1,17651.208539477,FOLLOW,7.641198767177793,7.561423598154555,0.42060028791305965,0.044949436050211934,0.01890831891366084,-0.01890831891366082,-0.1258102209474644,1.0195602702473219,0.6213309793286788,0.51,green,False,unknown,0,-0.9999999999999991,0.06845583199901739,0.04881965700042201,0.0028921390003233682,0.0,0.0519999999999925,0.007999999999995566,-0.025000000000005684,20.797730001504533,0.5186529549583444
90.2,17651.312641128,FOLLOW,7.643468153033952,7.563692246521986,0.42054244162159177,0.020819585619576666,0.080247015429819,-0.03209880617192749,-0.031232388668497757,-0.11599221670813106,0.5750949357756098,0.69,green,False,unknown,0,-0.3999999999999986,0.009109507998800837,0.029878820998419542,0.03017870099938591,0.0,0.018000000000000682,0.006000000000000227,0.007000000000005002,27.319037999404827,0.5186529549583444
90.4,17651.55793559,FOLLOW,7.654833056250119,7.575053116907726,0.4202399185320907,0.0812672519916009,0.08044872060120098,-0.03217948824048028,-0.030929527191476736,-0.11469849447457545,0.5750949357756098,0.69,green,False,unknown,0,-0.3999999999999986,0.026371600000857143,0.0284590119990753,0.014769101999263512,0.0,0.025000000000005684,0.006000000000000227,0.0030000000000001137,1.995177000935655,0.5186529549583444
90.6,17651.815107268,FOLLOW,7.671433469533901,7.591645085192737,0.4197113252403516,0.08152143069161562,0.08225842213259335,-0.02467752663977788,-0.030481663685096687,-0.10357756209164698,0.575326328875513,0.73,green,False,unknown,0,-0.2999999999999985,0.017386602001352003,0.03813139500198304,0.020550812001602026,0.0,0.016999999999995907,0.003999999999990678,-0.0010000000000047748,21.75599600013811,0.5186529549583444
90.7,17651.958841185,FOLLOW,7.6797629428446506,7.599968988418579,0.4194068366070967,0.08240125128842825,0.08299948468353281,-0.03319979387341301,-0.03027876396931986,-0.0989100446638891,0.5751288418130713,0.67,green,False,unknown,0,-0.3999999999999986,0.010302736001904123,0.05829773900040891,0.03013962400291348,0.0,-0.006999999999990791,0.005000000000009663,-0.0030000000000001137,21.47507499830681,0.5186529549583444
90.9,17652.219670859,FOLLOW,7.69668006314829,7.616871758738714,0.4187108799925933,0.08360441752230803,0.08667184962373416,-0.026001554887120117,-0.02873952587608272,-0.08336889415954392,0.5818677237137037,0.67,green,False,unknown,0,-0.2999999999999985,0.058120560002862476,0.0738128860029974,0.04382057800103212,0.0,0.025000000000005684,0.006000000000000227,-0.006999999999990791,20.889282997814007,0.5186529549583444
91.1,17652.408153892,FOLLOW,7.711200663497452,7.63137674445157,0.41803789383411816,0.08666024734072125,0.09949890932209403,-0.02984967279662806,-0.02255527982367756,-0.1047383385307752,0.6975126969008055,0.67,green,False,unknown,0,-0.2999999999999985,0.1405412839994824,0.0056599720010126475,0.015958588999637868,0.0,0.15200000000000102,0.006000000000000227,0.022999999999996135,2.8263649983273353,0.5186529549583444
91.2,17652.55801947,FOLLOW,7.724029947563957,7.644189594901335,0.4173889206569133,0.09948223068277832,0.1,-0.02999999999999985,-0.020210666458881917,-0.08123304461298618,0.7055217802698664,0.66,green,False,unknown,0,-0.2999999999999985,0.021507581001060316,0.021054852000816027,0.0003954840030928608,0.0,0.027000000000001023,0.006000000000000227,-0.012999999999991019,3.957684999477351,0.5186529549583444
91.4,17652.808735066,FOLLOW,7.744425649736397,7.664553700116788,0.4162546174389319,0.09997599780031431,0.1,-0.02999999999999985,-0.014917129715777572,-0.0471110174712369,0.8637140086168821,0.66,green,False,unknown,0,-0.2999999999999985,0.06275819299844443,0.015475235999474535,0.003200396997272037,0.0,0.056000000000011596,0.0040000000000048885,-0.016999999999995907,2.9589229998236988,0.5186529549583444
91.6,17653.06097798,FOLLOW,7.758415800857371,7.6785177841236925,0.41540121579564454,0.05190860688311284,0.1,-0.014998106355479754,-0.006752567215541821,-0.047865738475707784,0.8380456444130134,0.8,green,False,unknown,0,-0.14998106355479754,0.013064933998975903,0.012659224001254188,0.012136115001339931,0.0,0.02400000000000091,0.0049999999999954525,0.012999999999991019,0.6359290018735919,0.5186529549583444
91.7,17653.219694326,FOLLOW,7.770062416740345,7.690139529011325,0.4146405408255863,0.09999802525506075,0.1,-0.013497709603531652,-0.006076461226963724,-0.039107024787372796,0.9395619691685563,0.8099999999999999,green,False,unknown,0,-0.13497709603531652,0.17178127999795834,0.07205692199931946,0.03659292999873287,0.0,0.12400000000000944,0.0030000000000001137,-0.022999999999996135,0.6831179998698644,0.5186529549583444
91.9,17653.418297066,FOLLOW,7.7870623390745655,7.707100514874172,0.41349067628089625,0.10000002143580394,0.07091200091983627,-0.0005316954692691613,-0.0003374087047620933,0.40880515670657414,0.7965832224492346,inf,green,False,unknown,0,-0.007497961732460856,0.10079459299959126,0.029550844999903347,0.03152363800109015,0.0,0.09300000000000352,0.0040000000000048885,0.007000000000005002,0.520814999617869,0.5186529549583444
92.1,17653.663126575,FOLLOW,7.801575268665741,7.721578850859598,0.41248922155491213,0.07092939168280164,0.08523197980715418,0.02693560095961063,0.014253313405438131,0.25607012607110125,0.7766410519079056,inf,green,False,unknown,0,0.31602693050842073,0.05246683299992583,0.013750726000580471,0.01405840699953842,0.0,0.04799999999998761,0.001999999999995339,0.0030000000000001137,27.861886999744456,0.5186529549583444
92.2,17653.817588005,FOLLOW,7.812178807204078,7.732157341975319,0.4117608501076829,0.08528618001502025,0.1,0.011738684507204835,0.0052840468161411405,0.01654222851605545,0.9709632080495916,inf,green,False,unknown,0,0.11738684507204834,0.010935131998849101,0.06001075200038031,0.013845112000126392,0.0,-0.009000000000000341,0.0020000000000095497,-0.03300000000000125,31.913896000332898,0.5186529549583444
92.4,17654.064574456,FOLLOW,7.828160263853043,7.7481043578574145,0.4107122901373422,0.10003414272058547,0.08346482811841704,0.015106263669589424,0.008150542511868572,0.2641628982182318,0.7699200297557561,inf,green,False,unknown,0,0.18098957381374073,0.14893058099914924,0.045212359000288416,0.04406474099960178,0.0,0.09199999999999875,0.0,-0.0030000000000001137,0.4499509996094275,0.5186529549583444
92.6,17654.310029944,FOLLOW,7.845374001381496,7.765283954435671,0.40962880464748785,0.08590341590021391,0.08585354675439727,0.023294826173395254,0.012230238853245923,0.30562389557244496,0.8413932515215117,inf,green,False,unknown,0,0.2713321354100276,0.16227694900226197,0.04031266700258129,0.026567457000055583,0.0,0.12199999999999989,0.000999999999990564,-0.007000000000005002,0.5001579993404448,0.5186529549583444
92.7,17654.468311046,FOLLOW,7.857056886507744,7.776946154273132,0.4089339677339575,0.08590370703616518,0.1,0.02692547382707811,0.012136292432728096,0.053607257843084705,0.8087877963463426,inf,green,False,unknown,0,0.26925473827078106,0.05746443300085957,0.0582883809984196,0.012373148998449324,0.0,0.02599999999999625,0.0010000000000047748,-0.042999999999992156,26.86450699911802,0.5186529549583444
92.9,17654.668710064,FOLLOW,7.8700785620042835,7.789947121164661,0.40819996226253186,0.10005540702877512,0.1,0.04434465297179978,0.020044175364177068,0.1704142827486362,0.8113292132296106,inf,green,False,unknown,0,0.44344652971799775,0.020213839001371525,0.021935598000709433,0.04452579500139109,0.0,0.02200000000000557,-0.000999999999990564,0.021000000000000796,23.020184999040794,0.5186529549583444
93.1,17654.915003289,FOLLOW,7.890490481378977,7.810332142283317,0.40715346610503045,0.10007806415771649,0.1,0.060300475535987955,0.02736092476263966,0.14612765738304545,0.8698861961941243,inf,green,False,unknown,0,0.6030047553598794,0.07105034800042631,0.01486142599969753,0.043685567998181796,0.0,0.057999999999992724,-0.005000000000009663,0.016999999999995907,24.42059700115351,0.5186529549583444
93.2,17655.069368952,FOLLOW,7.904101947792475,7.823930821810225,0.4065642853557047,0.10009270307715447,0.1,0.05956527906331225,0.027021842446653205,0.14084516903641353,0.8671047815689851,inf,green,False,unknown,0,0.5956527906331225,0.12901054600297357,0.04402628900061245,0.029092570999637246,0.0,0.09300000000000352,-0.003999999999990678,-0.018999999999991246,23.486220998165663,0.5186529549583444
93.4,17655.307962773,FOLLOW,7.924520942281595,7.844338313785465,0.40588257531093624,0.10009371300892511,0.1,0.05391964125455472,0.024424671302066,0.13390145872103373,0.8702051518866327,inf,green,False,unknown,0,0.5391964125455472,0.10607734500081278,0.036126131999481004,0.0017432400018151384,0.0,0.060000000000002274,-0.001999999999995339,-0.022999999999996135,0.5275609983073082,0.5186529549583444
93.6,17655.563123976,FOLLOW,7.944938632083081,7.864750970128265,0.4054335568142675,0.10008629496085904,0.1,0.04086546893296633,0.018459083058983763,0.17871191667917524,0.8912338410359811,inf,green,False,unknown,0,0.40865468932966326,0.028197317002195632,0.027699722999386722,0.014076524999836693,0.0,0.024999999999991473,-0.0020000000000095497,-0.027000000000001023,0.5895149988646153,0.5186529549583444
93.7,17655.667133555,FOLLOW,7.951743596607659,7.87155513981181,0.40532965587818526,0.10007023111743113,0.09714734814975926,0.02915315074733937,0.013531618186114092,0.2752628961755757,0.911111106491436,inf,green,False,unknown,0,0.3000920900321211,0.13220689600348123,0.02274834400304826,0.02180047300134902,0.0,0.125,-0.003999999999990678,0.005000000000009663,0.7033969995973166,0.5186529549583444
93.9,17655.908560173,FOLLOW,7.971750220053169,7.891560597293036,0.40511623911622596,0.09795665376691709,0.1,0.03411379934253672,0.015391617823411141,0.16000535313754446,0.8897103487193059,inf,green,False,unknown,0,0.3411379934253672,0.04113955999855534,0.019705258000612957,0.03515637300006347,0.0,0.02400000000000091,-0.003999999999990678,0.0010000000000047748,25.205320998793468,0.5186529549583444
94.1,17656.166018044,FOLLOW,7.992016893094613,7.91182700058354,0.4050185832249635,0.10006238344810661,0.1,0.027251042835227498,0.01228352815254656,0.16296311724786394,0.8295707477332568,inf,green,False,unknown,0,0.27251042835227496,0.02070086700041429,0.029500736000045436,0.0302028820005944,0.0,-0.0010000000000047748,-0.0030000000000001137,-0.0030000000000001137,0.8716720003576484,0.5186529549583444
94.2,17656.258384272,FOLLOW,8.002222429959781,7.922032534551201,0.4050174242574483,0.10005323180256216,0.1,0.039581101434333486,0.017874727620159077,-0.0466613549057051,0.8079967164936108,inf,green,False,unknown,0,0.3958110143433349,0.012702990999969188,0.012335696999798529,0.01134186100171064,0.0,0.03300000000000125,-0.0030000000000001137,-0.0049999999999954525,0.8266359982371796,0.5186529549583444
94.4,17656.507676679,FOLLOW,8.019232170696698,7.939042123002855,0.4050845951982743,0.10004505682914344,0.1,0.021013019098374986,0.009465271519581347,0.24473636818194153,0.8969445671713268,inf,green,False,unknown,0,0.21013019098374983,0.20809432600071887,0.15568809999967925,0.04487672799950815,0.0,0.16900000000001114,0.09700000000000841,0.025000000000005684,0.7102419986040331,0.5186529549583444
94.6,17656.769671227,FOLLOW,8.039641352624756,7.959450580128944,0.4052548421364656,0.10004501745736216,0.1,0.03365630935173782,0.015184137872363421,-0.06253709086845269,0.8017753154612556,inf,green,False,unknown,0,0.33656309351737823,0.0360390540008666,0.01389639300032286,0.0458566970009997,0.0,0.027000000000001023,-0.0030000000000001137,0.021000000000000796,26.363098000729224,0.5186529549583444
94.7,17656.857528384,FOLLOW,8.049702157755823,7.969510733868051,0.4053691861718328,0.10006115649109018,0.1,0.03365630935173782,0.015184137872363421,-0.06253709086845269,0.8017753154612556,inf,green,False,unknown,0,0.33656309351737823,0.04517344199848594,0.10175354999955744,0.011523598001076607,0.0,0.05200000000000671,0.09700000000000841,0.019000000000005457,0.6409810011973605,0.5186529549583444
94.9,17657.108183348,FOLLOW,8.070111261322731,7.989917449291505,0.4056805578187558,0.10001939267050221,0.1,0.0044126370672746525,0.0019857736819687,-0.020822575837627214,0.8094185693198624,inf,green,False,unknown,0,0.044126370672746516,0.02117928799998481,0.0006769029969291296,0.020581619999575196,0.0,0.027000000000001023,-0.006000000000000227,0.015000000000000568,0.616901001194492,0.5186529549583444
95.1,17657.364429181,FOLLOW,8.09051735963595,8.01032063305366,0.40602521109464257,0.10005178378216138,0.1,-0.010743394552865809,-0.00483578370967384,0.09943502645875138,0.8640300211837546,inf,green,False,unknown,0,-0.10743394552865808,0.06558317800227087,0.015604074000293622,0.014566277000994887,0.0,0.04199999999998738,-0.0040000000000048885,0.01099999999999568,1.2523169971245807,0.5186529549583444
95.2,17657.517394506,FOLLOW,8.104120116277448,8.023920962604986,0.40628213993807993,0.10000228949743785,0.1,-0.011587620090777526,-0.005216005346049438,0.0994675131064889,0.8607116265538814,inf,green,False,unknown,0,-0.11587620090777527,0.06424438199974247,0.036273418001655955,0.03522352100117132,0.0,0.007000000000005002,-0.0049999999999954525,-0.024999999999991473,0.6979869976930786,0.5186529549583444
95.4,17657.707815552,FOLLOW,8.121120331014103,8.040918608452104,0.406577523571046,0.10000124722167276,0.1,-0.011438469812695905,-0.005148827609236451,0.10061171322505272,0.8621422403075839,inf,green,False,unknown,0,-0.11438469812695903,0.07143969100070535,0.004132445999857737,0.010354922000260558,0.0,0.07100000000001216,-0.0049999999999954525,0.005000000000009663,0.5971600003249478,0.5186529549583444
95.6,17657.958138408,FOLLOW,8.144920847455289,8.064716400803713,0.40693719073918555,0.10000331084972934,0.1,-0.010327942994925725,-0.004648690298558928,0.10062736066960778,0.8776310733860897,inf,green,False,unknown,0,-0.10327942994925723,0.24910135800018907,0.01957388200025889,0.0017286780021095183,0.0,0.20599999999998886,-0.005000000000009663,-0.03300000000000125,0.49597099859965965,0.5186529549583444
95.7,17658.057945637,FOLLOW,8.151721076476068,8.07151600726705,0.4070291979466878,0.10000342396196767,0.1,-0.010327942994925725,-0.004648690298558928,0.10062736066960778,0.8776310733860897,inf,green,False,unknown,0,-0.10327942994925723,0.34890858699873206,0.11938111099880189,0.014828015999228228,0.0,0.3059999999999974,0.09499999999999886,-0.000999999999990564,0.7124420008040033,0.5186529549583444
95.9,17658.319219983,FOLLOW,8.172122190311757,8.09191560077957,0.40727801576987627,0.10002037102217826,0.1,0.002468372833466999,0.001110783002932006,0.1094984209449909,0.8984008402809445,inf,green,False,unknown,0,0.024683728334669988,0.11286251899946365,0.013517534000129672,0.012788820000423584,0.0,0.06900000000000261,-0.0049999999999954525,-0.0049999999999954525,0.5530889975489117,0.5186529549583444
96.1,17658.566223723,FOLLOW,8.192526513024168,8.11231849615747,0.40751933682514646,0.10002127068587348,0.1,0.002158901386635784,0.0009715158123056247,0.1111690115478936,0.8987510141929788,inf,green,False,unknown,0,0.02158901386635784,0.02039647700075875,0.02621677500064834,0.01508163999824319,0.0,0.012999999999991019,-0.0030000000000001137,-0.009000000000000341,0.5947700010437984,0.5186529549583444
96.2,17658.72254584,FOLLOW,8.202728643519107,8.122519865676232,0.40764394078121213,0.10002080797665769,0.1,-0.0016681300433542517,-0.0007506632194263507,0.11584924250460572,0.8804183977702219,inf,green,False,unknown,0,-0.016681300433542514,0.1767185940007039,0.06103286600045976,0.04639200800011167,0.0,0.11299999999999955,-0.006000000000000227,-0.01099999999999568,0.7050330023048446,0.5186529549583444
96.4,17658.908155248,FOLLOW,8.219731346308441,8.13952130130525,0.4078515154171185,0.10001538638674877,0.1,0.017465321649340025,0.007864796331419198,0.08063399895059584,0.8852505311218117,inf,green,False,unknown,0,0.17465321649340024,0.014934785998775624,0.01872267799990368,0.028780802997061983,0.0,0.027000000000001023,-0.003999999999990678,0.019000000000005457,34.9255830005859,0.5186529549583444
96.6,17659.158082592,FOLLOW,8.2401376200435,8.159925905725057,0.4081120817601745,0.10004078493244271,0.1,0.03307981885748475,0.014922750961457381,0.04329286934091089,0.8852294577309017,inf,green,False,unknown,0,0.33079818857484744,0.0706203709996771,0.01870848299950012,0.03410251899913419,0.0,0.06199999999999761,-0.0030000000000001137,0.015000000000000568,0.9155920015473384,0.5186529549583444
96.7,17659.309094129,FOLLOW,8.253746005387192,8.173532417449799,0.40833721887345414,0.10007143807107431,0.1,0.040259223633266034,0.01818320495765486,0.011566008480975635,0.925200956851505,inf,green,False,unknown,0,0.40259223633266034,0.144601911000791,0.045871264999732375,0.015402622997498838,0.0,0.0940000000000083,-0.006999999999990791,-0.021000000000000796,0.6921140011399984,0.5186529549583444
96.9,17659.511722714,FOLLOW,8.270758052863101,8.190540193246724,0.4087170835436114,0.10006359744534357,0.1,0.03288060237699868,0.014832439941816716,0.00010156369578531308,0.9765512061826666,inf,green,False,unknown,0,0.3288060237699867,0.019066501001361758,0.02300977200138732,0.03904916100145783,0.0,-0.000999999999990564,-0.0049999999999954525,0.009000000000000341,23.94148299936205,0.5186529549583444
97.1,17659.758781117,FOLLOW,8.291170903314276,8.210944506016556,0.4093061388321009,0.10006298810279651,0.1,0.03288060237699868,0.014832439941816716,0.00010156369578531308,0.9765512061826666,inf,green,False,unknown,0,0.3288060237699867,0.2661249040029361,0.023543593000795227,0.039518376001069555,0.0,0.19899999999999807,-0.010000000000005116,0.0049999999999954525,0.7195449979917612,0.5186529549583444
97.2,17659.85955631,FOLLOW,8.301377350024186,8.22114510553256,0.409651449128376,0.10006343546059779,0.1,0.019970564413220596,0.008994832779895535,0.018404311696501804,0.9158220357842132,inf,green,False,unknown,0,0.19970564413220596,0.008812626998405904,0.12431878599818447,0.010022877999290358,0.0,0.028000000000005798,0.09000000000000341,0.0030000000000001137,0.5955310007266235,0.5186529549583444
97.4,17660.158783777,FOLLOW,8.321786278133168,8.241539704397086,0.41041578591974304,0.10004033477827776,0.1,0.01565329925146044,0.007047872356064097,0.01919617821337429,0.9198329464400458,0.89,green,False,unknown,0,0.15653299251460437,0.1426346279986319,0.02818711500003701,0.04362485899764579,0.0,0.09300000000000352,-0.01099999999999568,-0.000999999999990564,1.4879720001772512,0.5186529549583444
97.6,17660.421816221,FOLLOW,8.342194339001885,8.26193073308594,0.41124918210660233,0.10003971889217089,0.1,0.00748337715406445,0.003367944140850423,0.03729388690089818,0.9289377957127112,0.87,green,False,unknown,0,0.07483377154064448,0.0434242940027616,0.04311189900181489,0.045496227001422085,0.0,-0.0030000000000001137,-0.01300000000000523,-0.005000000000009663,27.76576099859085,0.5186529549583444
97.7,17660.514120853,FOLLOW,8.352397597910066,8.272124586523574,0.41168717488331114,0.10002901662086547,0.1,0.00748337715406445,0.003367944140850423,0.03729388690089818,0.9289377957127112,0.87,green,False,unknown,0,0.07483377154064448,0.13572892600132036,0.13541653100037365,0.013165413001843262,0.0,0.09700000000000841,0.0870000000000033,-0.006999999999990791,1.8965460003528278,0.5186529549583444
97.9,17660.761209082,FOLLOW,8.37280321388494,8.29251036942077,0.4125865978747404,0.10002568452492333,0.1,0.0007628857311658415,0.00034329902857115416,0.06518946084957111,0.9367973251671047,0.78,green,False,unknown,0,0.007628857311658415,0.04090657599954284,0.011314947998471325,0.012036561001877999,0.0,0.02600000000001046,-0.015000000000000568,-0.01099999999999568,20.947935998265166,0.5186529549583444
98.1,17661.010171965,FOLLOW,8.389806914756244,8.309496946083474,0.41334952324854596,0.10002033074985363,0.1,-0.0029091864483893606,-0.0013091588320026243,0.08732954622993937,0.9395494213910408,0.75,green,False,unknown,0,-0.029091864483893604,0.041659824000817025,0.012523320001491811,0.04814723600065918,0.0,0.031999999999996476,-0.01300000000000523,0.018999999999991246,22.8439040001831,0.5186529549583444
98.2,17661.166513517,FOLLOW,8.403409403687673,8.323085670120724,0.41396131065412023,0.10001535514897457,0.1,-0.0046318474898029436,-0.002084431993980191,0.1029928140950044,0.9446273875425011,0.75,green,False,unknown,0,-0.046318474898029434,0.0585588670001016,0.020385161999001866,0.018149567000364186,0.0,0.031999999999996476,-0.015000000000000568,-0.016999999999995907,21.175072000914952,0.5186529549583444
98.4,17661.412994445,FOLLOW,8.423812505815865,8.34346852191378,0.41487010872689817,0.10002497508295284,0.1,0.0048242499341614765,0.0021710261623757027,0.03890978299590759,0.8736032239685529,0.76,green,False,unknown,0,0.04824249934161476,0.056945485001051566,0.0260035829996923,0.013447254001221154,0.0,0.025000000000005684,-0.012999999999991019,-0.021000000000000796,0.5960369999229442,0.5186529549583444
98.6,17661.658578674,FOLLOW,8.440816703530185,8.360455642232942,0.4156319945573409,0.10002397812332361,0.1,0.0038938759528020896,0.0017523039608382251,0.054108424307680085,0.8761814565744168,0.73,green,False,unknown,0,0.038938759528020894,0.21017680699878838,0.015256716000294546,0.04662266499872203,0.0,0.16699999999998738,-0.01300000000000523,0.009000000000000341,1.568618001329014,0.5186529549583444
98.7,17661.764176656,FOLLOW,8.451019139128151,8.370647569032144,0.41609494044989015,0.10002378189235271,0.1,0.0038938759528020896,0.0017523039608382251,0.054108424307680085,0.8761814565744168,0.73,green,False,unknown,0,0.038938759528020894,0.31577478899998823,0.1208546980014944,0.028019492001476465,0.0,0.2669999999999959,0.0870000000000033,0.007000000000005002,0.7900550008343998,0.5186529549583444
98.9,17662.011308927,FOLLOW,8.471423928400114,8.39103076004536,0.41703351751666895,0.10002315888694165,0.1,0.004863816983493964,0.0021888341551855282,0.10029821412093659,0.8702598468749341,0.71,green,False,unknown,0,0.04863816983493963,0.1013256670012197,0.00907471300160978,0.0194457430006878,0.0,0.09000000000000341,-0.012999999999991019,0.0030000000000001137,0.6787009988329373,0.5186529549583444
99.1,17662.259544559,FOLLOW,8.491829466811106,8.411413754102904,0.4179924144554083,0.10003405092029855,0.1,0.011538809733992135,0.005194020841831917,0.053297419324548095,0.8466248382469828,0.72,green,False,unknown,0,0.11538809733992135,0.03287901099974988,0.11833805100104655,0.015740820002974942,0.0,0.031999999999996476,0.08599999999999852,-0.0010000000000047748,21.432650999486214,0.5186529549583444
99.2,17662.413276325,FOLLOW,8.502032920512328,8.421605199591571,0.41848728332523577,0.10003370181711509,0.1,0.011680729195961416,0.005257942763165938,0.06032871498475111,0.8464368268600112,0.69,green,False,unknown,0,0.11680729195961415,0.13155383600314963,0.025023266000061994,0.024415638003119966,0.0,0.09300000000000352,-0.018000000000000682,-0.0030000000000001137,0.655071999062784,0.5186529549583444
99.4,17662.660852512,FOLLOW,8.522439950261626,8.441986380834209,0.419513980551763,0.10003596916508678,0.1,0.013011216333974581,0.0058572792761565455,0.08046427696660474,0.8421020700371897,0.6799999999999999,green,False,unknown,0,0.13011216333974582,0.18054616999870632,0.02930276299957768,0.033485969997855136,0.0,0.13300000000000978,-0.015000000000000568,-0.006999999999990791,0.8905760005291086,0.5186529549583444
99.6,17662.908419269,FOLLOW,8.542847280316412,8.46236510979511,0.4205939295505196,0.10003547028339872,0.08800428283855437,0.008800428283855601,-0.0015457283027969088,0.3699699147581194,0.9411201410493214,0.66,green,False,unknown,0,0.10000000000000187,0.02559088499765494,0.025043720997928176,0.030930982997233514,0.0,0.000999999999990564,-0.017000000000010118,-0.01100000000000989,24.019797001528786,0.5186529549583444
99.7,17663.063336935,FOLLOW,8.552164743825658,8.471668541283291,0.4211050822132961,0.08803569758562724,0.08723630070298521,0.017447260140597214,-0.002500144858728043,0.37369174964804175,0.9374167517182683,0.66,green,False,unknown,0,0.20000000000000195,0.016529281001567142,0.039912150998134166,0.03929293400142342,0.0,0.0010000000000047748,-0.016999999999995907,-0.012999999999991019,29.043302998616127,0.5186529549583444
99.9,17663.264144375,FOLLOW,8.567054486818144,8.486534505817424,0.4219461738693793,0.08727933309382038,0.0704470226627327,0.014089404532546678,-0.00397020458500616,0.40039939623499216,0.7831354778583899,0.65,green,False,unknown,0,0.20000000000000195,0.07329090499843005,0.1208142659997975,0.019819510998786427,0.0,0.06100000000000705,0.08500000000000796,0.017000000000010118,4.981090001820121,0.5186529549583444
100.1,17663.508784753,FOLLOW,8.581926571500704,8.501380245067317,0.42283086631085093,0.06928149576063426,0.058987816681588104,0.02359512667263537,-0.026011371658904547,0.5130126764421424,0.748008672026878,0.67,green,False,unknown,0,0.40000000000000213,0.02339068000219413,0.10390726400146377,0.03473188300267793,0.0,0.02599999999999625,0.08399999999998897,0.012999999999991019,26.507981998292962,0.5186529549583444
100.2,17663.608353622,FOLLOW,8.588635921304167,8.508076291173404,0.4232531501172408,0.05835530350045164,0.058987816681588104,0.017696345004476553,-0.026011371658904547,0.5130126764421424,0.748008672026878,0.66,green,False,unknown,0,0.30000000000000204,0.12295954900037032,0.0722729890003393,0.005317466999258613,0.0,0.12600000000000477,0.08400000000000318,0.01100000000000989,4.945606000546832,0.5186529549583444
100.4,17663.910274668,FOLLOW,8.600551397245512,8.519965959991893,0.4240368248611906,0.05778026228467274,0.05284136553707105,0.021136546214828533,-0.020321185257984098,0.5221333479415764,0.6767609071181105,0.67,green,False,unknown,0,0.40000000000000213,0.03924937199917622,0.01057839599889121,0.03874241599987727,0.0,0.025000000000005684,-0.018999999999991246,0.007000000000005002,6.15208000090206,0.5186529549583444
100.6,17664.161247398,FOLLOW,8.61129284513599,8.530680968900187,0.4247898937053515,0.05207253813880467,0.06566788372465053,0.02626715348986035,-0.015254238750321114,0.5378020290575708,0.8553260361235263,0.67,green,False,unknown,0,0.40000000000000213,0.16648924199762405,0.020334515000286046,0.021592017998045776,0.0,0.125,-0.018000000000000682,0.0030000000000001137,5.315096001140773,0.5186529549583444
100.7,17664.269041563,FOLLOW,8.61772104244501,8.53709186333339,0.42526121310964987,0.0657224018118467,0.06639824812261616,0.026559299249046604,-0.017175905068720992,0.5554528091155057,0.8811165651264161,0.67,green,False,unknown,0,0.40000000000000213,0.03761170199868502,0.1281286800003727,0.013315405998582719,0.0,0.034000000000006025,0.08200000000000784,0.0010000000000047748,28.97613000095589,0.5186529549583444
100.9,17664.513666745,FOLLOW,8.63123694358983,8.550567527166281,0.4263031503085615,0.06599858701480858,0.06534929292505488,0.026139717170022093,-0.01641731647561903,0.571968008209184,0.8821864178089461,0.67,green,False,unknown,0,0.40000000000000213,0.011659230000077514,0.07900409399735508,0.00998765699841897,0.0,0.03100000000000591,0.07900000000000773,-0.0030000000000001137,26.415479002025677,0.5186529549583444
101.1,17664.809367189,FOLLOW,8.644602154087018,8.563886901444695,0.42740884132618184,0.06541313840668593,0.06534929292505488,0.03920957575503308,-0.01641731647561903,0.571968008209184,0.8821864178089461,0.67,green,False,unknown,0,0.6000000000000023,0.3073596739995992,0.028763211998011684,0.03973408899764763,0.0,0.23099999999999454,-0.018000000000000682,-0.007000000000005002,5.93383600062225,0.5186529549583444
101.2,17664.909813276,FOLLOW,8.649050314762563,8.568318217211543,0.4277955815442142,0.06542657818149787,0.06534929292505488,0.03920957575503308,-0.01641731647561903,0.571968008209184,0.8821864178089461,0.67,green,False,unknown,0,0.6000000000000023,0.407805761002237,0.12920929900064948,0.031345724000857444,0.0,0.33100000000000307,0.08200000000000784,0.025000000000005684,8.043609999731416,0.5186529549583444
101.4,17665.159384245,FOLLOW,8.661939394725987,8.581152824460831,0.42897903537194215,0.06087637404747108,0.060965066218151384,0.030482533109075827,-0.004999277007384145,0.5566178854195322,0.8100037879176353,0.66,green,False,unknown,0,0.5000000000000022,0.011987152000074275,0.11919431999922381,0.037727879996964475,0.0,0.027000000000001023,0.07800000000000296,0.021000000000000796,7.888019001256907,0.5186529549583444
101.6,17665.408184535,FOLLOW,8.676416753864585,8.595558984670161,0.4304126831950029,0.060753437664674836,0.06067019167491692,0.04246913417244199,-0.0037926300029174076,0.5671532856054423,0.814963544676498,0.67,green,False,unknown,0,0.7000000000000024,0.12359294899943052,0.12751285800186452,0.00039898000250104815,0.0,0.09799999999999898,0.07899999999999352,-0.017000000000010118,5.372100000386126,0.5186529549583444
101.7,17665.56158057,FOLLOW,8.68054803859862,8.599667528092931,0.4308455524282332,0.060754666655557614,0.055307461330426584,0.03318447679825608,-0.0019745416255180503,0.5609044764842331,0.7381275996581322,0.65,green,False,unknown,0,0.6000000000000023,0.014225521001208108,0.14731764400130487,0.043525413999304874,0.0,-0.001999999999995339,0.07800000000000296,0.015000000000000568,24.78828200037242,0.5186529549583444
101.9,17665.808306367,FOLLOW,8.693834977120972,8.6128737545727,0.4323075868414666,0.10461800778791637,0.09104569730676604,0.06373198811473645,-0.0014145025819034263,0.30908217644139213,0.8966511278042482,0.65,green,False,unknown,0,0.7000000000000024,0.20260064099784358,0.11016704599751392,0.03041006999774254,0.0,0.15800000000000125,0.07900000000000773,0.01100000000000989,6.512941999972099,0.5186529549583444
102.1,17666.066162331,FOLLOW,8.712406125334297,8.631312101588232,0.434523498244382,0.08988820853680497,0.09075952034896229,0.06353166424427381,0.0022401585673715724,0.3249312325746621,0.913811263256366,0.65,green,False,unknown,0,0.7000000000000024,0.023462729001039406,0.12546316800217028,0.02671813300185022,0.0,0.033999999999991815,0.0799999999999983,0.006999999999990791,27.239371000177925,0.5186529549583444
102.2,17666.210843486,FOLLOW,8.721607122847967,8.64043625127785,0.4357100781453012,0.0908840845953718,0.08893730425307957,0.07114984340246387,0.0036161228868867995,0.33741989124925015,0.9108907948653806,0.67,green,False,unknown,0,0.8000000000000025,0.015476641998247942,0.11687584799801698,0.04129801399903954,0.0,-0.006000000000000227,0.07900000000000773,0.005000000000009663,26.216910002403893,0.5186529549583444
102.4,17666.45991112,FOLLOW,8.742912559509241,8.66152930598301,0.4387090797122858,0.08856916846643022,0.08845582075424287,0.07076465660339451,0.004623262609087034,0.3457742379348743,0.9162232265819348,0.65,green,False,unknown,0,0.8000000000000025,0.06637066099938238,0.014067395000893157,0.012913293001474813,0.0,0.06400000000000716,-0.022999999999996135,-0.03300000000000125,8.584694998717168,0.5186529549583444
102.6,17666.662500001,FOLLOW,8.757994192280389,8.67642832100914,0.44104838785389827,0.08894237258779018,0.08583677102982741,0.06866941682386214,0.006902762944982557,0.3688955843908739,0.9166599197667331,0.65,green,False,unknown,0,0.8000000000000025,0.012262207997991936,0.11712539399741217,0.011370419000741094,0.0,0.03300000000000125,0.0799999999999983,-0.0030000000000001137,5.529141002625693,0.5186529549583444
102.7,17666.817503704,FOLLOW,8.766866915221263,8.68518001722184,0.4425087699043379,0.08595787617104836,0.08530235401606297,0.07677211861445689,0.008325047365495108,0.37251397959554033,0.9152397356918949,0.6799999999999999,green,False,unknown,0,0.9000000000000026,0.09050058499997249,0.014432658997975523,0.020352172999992035,0.0,0.06499999999999773,-0.022999999999996135,-0.0049999999999954525,4.717525000160094,0.5186529549583444
102.9,17667.063007506,FOLLOW,8.784228801994297,8.702270719215393,0.4455644337491461,0.08416693892495267,0.08336389770114322,0.08336389770114344,0.010848576899458881,0.3876684268549972,0.9119876410938944,0.6799999999999999,green,False,unknown,0,1.0000000000000027,0.05971669000064139,0.007461561999662081,0.006904232999659143,0.0,0.03300000000000125,-0.02199999999999136,-0.009000000000000341,8.176576000550995,0.5186529549583444
103.1,17667.312781025,FOLLOW,8.801256980210889,8.71898350206247,0.448825631436618,0.0830466999505396,0.08093345150339994,0.08093345150340016,0.012419441257198724,0.3804968352168127,0.8773375383552368,0.66,green,False,unknown,0,1.0000000000000027,0.08567856100125937,0.01806414300153847,0.0204437370011874,0.0,0.06499999999999773,-0.02200000000000557,-0.01300000000000523,4.97716699828743,0.5186529549583444
103.2,17667.407735177,FOLLOW,8.806839354660585,8.72445076999248,0.4499533865705122,0.08106771869239922,0.08093345150339994,0.08093345150340016,0.012419441257198724,0.3804968352168127,0.8773375383552368,0.66,green,False,unknown,0,1.0000000000000027,0.18063271299979533,0.11301829500007443,0.0425498830009019,0.0,0.16500000000000625,0.07800000000000296,0.019000000000005457,4.837454001972219,0.5186529549583444
103.4,17667.665334198,FOLLOW,8.823377376908155,8.740610030434915,0.4534716886214965,0.08107056510662725,0.08160786455750316,0.08160786455750338,0.015640043736233955,0.4154184960446112,0.9242300303179384,0.65,green,False,unknown,0,1.0000000000000027,0.008459514003334334,0.10045807300048182,0.014473332001216477,0.0,0.027000000000001023,0.07600000000000762,0.015000000000000568,5.052316999353934,0.5186529549583444
103.6,17667.910878297,FOLLOW,8.84000004716474,8.756791200511072,0.4572765092699747,0.08130375786518278,0.08068450647210999,0.08875295711932121,0.017539779892227422,0.427612713589596,0.9274378242502815,0.69,green,False,unknown,0,1.1000000000000028,0.10385715699885623,0.1171164890001819,0.008881616999133257,0.0,0.09099999999999397,0.07899999999999352,0.01099999999999568,4.906631002086215,0.5186529549583444
103.7,17668.065065233,FOLLOW,8.851010014030544,8.767470932395291,0.4599525729553018,0.08083214385606984,0.08047064512770395,0.08047064512770416,0.01905982508104706,0.4357450299836769,0.9340686350702606,0.65,green,False,unknown,0,1.0000000000000027,0.05852371600121842,0.012030652000248665,0.01143991600110894,0.0,0.02400000000000091,-0.02199999999999136,-0.024999999999991473,4.322409000451444,0.5186529549583444
103.9,17668.309452636,FOLLOW,8.864688011825477,8.780693927939652,0.46345073893238586,0.07956806530024459,0.07926199513477461,0.0871881946482523,0.020853974591082708,0.44749728889605755,0.9329767498501943,0.65,green,False,unknown,0,1.1000000000000028,0.08542084299915587,0.10694470700036618,0.03920072899927618,0.0,0.0660000000000025,0.07900000000000773,0.005000000000009663,31.167192999419058,0.5186529549583444
104.1,17668.558198584,FOLLOW,8.880868475524439,8.796269055399145,0.46783435921357797,0.07846926718854051,0.07798457861370006,0.08578303647507028,0.0238141419533327,0.4599397312300271,0.9314171885160023,0.66,green,False,unknown,0,1.1000000000000028,0.04102227499970468,0.10676488600074663,0.040431463999993866,0.0,0.027999999999991587,0.07899999999999352,0.000999999999990564,27.430799000285333,0.5186529549583444
104.2,17668.708903975,FOLLOW,8.888861375222774,8.80393361327439,0.47010165588584324,0.0781352754559912,0.07798457861370006,0.0935814943364403,0.0238141419533327,0.4599397312300271,0.9314171885160023,0.65,green,False,unknown,0,1.2000000000000028,0.19172766599876923,0.01393941099740914,0.038997568997729104,0.0,0.1280000000000001,-0.031999999999996476,-0.000999999999990564,4.977189000783255,0.5186529549583444
104.4,17668.972508368,FOLLOW,8.904803055723493,8.819155860411508,0.47483588127779336,0.07814493744533044,0.07773658057295514,0.09328389668754639,0.028130748846284637,0.46491938468389193,0.9338316032859743,0.67,green,False,unknown,0,1.2000000000000028,0.07056870099768275,0.12233104799815919,0.03165298499880009,0.0,0.060000000000002274,0.07100000000001216,-0.0049999999999954525,36.03758800090873,0.5186529549583444
104.6,17669.218943929,FOLLOW,8.918072315350646,8.83175561352584,0.4789971223930277,0.07790175997052963,0.07803955205769988,0.10145141767501008,0.029609492047452654,0.4651021372913752,0.9376692121996903,0.6799999999999999,green,False,unknown,0,1.300000000000003,0.20496509000076912,0.0666315910020785,0.04935341000236804,0.0,0.16599999999999682,0.06699999999999307,0.024999999999991473,8.363261997146765,0.5186529549583444
104.7,17669.358385849,FOLLOW,8.928686468472659,8.841784586780976,0.4824725050536967,0.07755491146382383,0.07736526329990802,0.10831136861987146,0.03271700797922282,0.46487730351427187,0.9293258376180014,0.79,green,False,unknown,0,1.400000000000003,0.04115015499701258,0.10811004499919363,0.012515224996604957,0.0,0.03300000000000125,0.06900000000000261,-0.01099999999999568,7.735889001196483,0.5186529549583444
104.9,17669.616046136,FOLLOW,8.941841643701768,8.854145039773844,0.4869751701718224,0.07727130579192948,0.07718229569742911,0.09261875483691516,0.03445861295934416,0.469090042936559,0.9316439539114008,0.65,green,False,unknown,0,1.2000000000000028,0.16441610300171305,0.07150653700227849,0.04112551599973813,0.0,0.13100000000000023,0.0660000000000025,0.019000000000005457,5.485058998601744,0.5186529549583444
105.1,17669.913500212,FOLLOW,8.9602522141449,8.871317927921258,0.4936103985909143,0.07736783336682054,0.07687658271791308,0.09993955753328722,0.03823585437513867,0.4755148919205688,0.9348137917985602,0.6799999999999999,green,False,unknown,0,1.300000000000003,0.050928698998177424,0.014378313997440273,0.030102920998615446,0.0,-0.0020000000000095497,-0.03200000000001069,-0.019000000000005457,4.649564001738327,0.5186529549583444
105.2,17670.008149727,FOLLOW,8.96811155910653,8.878599729812976,0.4965674531996577,0.07706235516878417,0.07639253781912354,0.09931029916486082,0.03894638087744272,0.48080984779912067,0.9345458279090386,0.6799999999999999,green,False,unknown,0,1.300000000000003,0.009978416001104051,0.10902782899938757,0.00024747800125624053,0.0,-0.0030000000000001137,0.06799999999999784,-0.021000000000000796,4.385246000310872,0.5186529549583444
105.4,17670.27031692,FOLLOW,8.98372616501898,8.892975484856649,0.5026621602630054,0.07652100489055773,0.07620584330226868,0.10668818062317638,0.04186077618394876,0.48500026797424606,0.9366971075515442,0.76,green,False,unknown,0,1.400000000000003,0.027275723998172907,0.12294422199920518,0.015299259997846093,0.0,-0.001999999999995339,0.06700000000000728,-0.024999999999991473,4.552821999823209,0.5186529549583444
105.6,17670.458076608,FOLLOW,8.996696581212737,8.90481674732045,0.5079547799679309,0.07612859417482981,0.0759463841727813,0.10632493784189405,0.04274538876366771,0.4851095449430296,0.93362318798943,0.66,green,False,unknown,0,1.400000000000003,0.21503541199854226,0.06425510099870735,0.0052886650009895675,0.0,0.1979999999999933,0.06399999999999295,0.0049999999999954525,4.816185999516165,0.5186529549583444
105.7,17670.609082225,FOLLOW,9.00444018087463,8.91184005734431,0.5112160584310932,0.07547189589411325,0.07527123820901799,0.10537973349262542,0.045278294865128244,0.48912877927313847,0.9295253353216915,0.7,green,False,unknown,0,1.400000000000003,0.12165062799977022,0.060809242000686936,0.013545481000619475,0.0,0.09900000000000375,0.06100000000000705,0.0030000000000001137,6.558499000675511,0.5186529549583444
105.9,17670.913804379,FOLLOW,9.022384166984885,8.927980453621574,0.5190556735776638,0.07550743492549564,0.07477291035995495,0.10468207450393716,0.0488264978229624,0.49482272152810325,0.9292847103454417,0.66,green,False,unknown,0,1.400000000000003,0.03432296800019685,0.008952391999628162,0.008212143002310768,0.0,0.0,-0.03499999999999659,-0.03499999999999659,31.436143999599153,0.5186529549583444
106.1,17671.166993711,FOLLOW,9.035146978909683,8.939342391545596,0.5248687316842944,0.07497948292688658,0.07402882231848869,0.10364035124588439,0.05058298727220194,0.4975238019652411,0.9228143064208232,0.7,green,False,unknown,0,1.400000000000003,0.07469626599777257,0.12004686099680839,0.03837007599940989,0.0,0.06699999999999307,0.06299999999998818,-0.005000000000009663,28.970364000997506,0.5186529549583444
106.2,17671.260358089,FOLLOW,9.042758140933373,8.9460685070065,0.5284308489265624,0.07423486273894363,0.07402882231848869,0.10364035124588439,0.05058298727220194,0.4975238019652411,0.9228143064208232,0.65,green,False,unknown,0,1.400000000000003,0.028958299997611903,0.0632686669996474,0.012850909999542637,0.0,0.03300000000000125,0.06499999999999773,-0.006999999999990791,4.157769999437733,0.5186529549583444
106.4,17671.508229035,FOLLOW,9.055406321019356,8.95716151045807,0.5345068499605783,0.07452149804837561,0.0740320879752469,0.10364492316534588,0.05477050614181925,0.49910538317293973,0.9244812336955159,0.6799999999999999,green,False,unknown,0,1.400000000000003,0.05739836399880005,0.07849576200169395,0.015023695999843767,0.0,0.0660000000000025,0.06200000000001182,0.023000000000010346,4.213192998577142,0.5186529549583444
106.6,17671.763349946,FOLLOW,9.070560321778467,8.970307976581086,0.5420437838598966,0.07425627384009172,0.0740320879752469,0.11104813196287057,0.05477050614181925,0.49910538317293973,0.9244812336955159,0.7,green,False,unknown,0,1.500000000000003,0.31251927499761223,0.08550177199867903,0.03458922099889605,0.0,0.26599999999999113,0.06199999999999761,0.018999999999991246,5.546668002352817,0.5186529549583444
106.7,17671.907934629,FOLLOW,9.078133172310816,8.976814020624271,0.5459192091174722,0.07425032686814438,0.0740320879752469,0.11104813196287057,0.05477050614181925,0.49910538317293973,0.9244812336955159,0.76,green,False,unknown,0,1.500000000000003,0.4571039579968783,0.10582903499744134,0.039244717998371925,0.0,0.36599999999999966,0.06499999999999773,0.016999999999995907,5.017231000238098,0.5186529549583444
106.9,17672.15923222,FOLLOW,9.095888500173766,8.991895738637837,0.5552881119909794,0.07540267558822657,0.07516812625442461,0.11275218938163714,0.060075365617544146,0.5006171222437001,0.9402458548848752,0.74,green,False,unknown,0,1.500000000000003,0.1232799690005777,0.10749518000011449,0.004043603999889456,0.0,0.09499999999999886,0.06400000000000716,-0.021000000000000796,4.017871997348266,0.5186529549583444
107.1,17672.416878297,FOLLOW,9.108664395599572,9.002595017284596,0.5622698218808632,0.07420671669155797,0.07362308590389165,0.1104346288558377,0.0627184152987519,0.5113569907450465,0.9319015835935381,0.8,green,False,unknown,0,1.500000000000003,0.010968228001729585,0.1041457610008365,0.012524773999757599,0.0,-0.005000000000009663,0.06099999999999284,0.009000000000000341,4.308265997678973,0.5186529549583444
107.2,17672.565546667,FOLLOW,9.118718479644349,9.010920943883677,0.5679055832350867,0.07381405899572391,0.07369649093050658,0.1105447363957601,0.06413933900890513,0.5107499912010869,0.9322094231459702,0.6799999999999999,green,False,unknown,0,1.500000000000003,0.0691902239996125,0.010229095998511184,0.022061560001020553,0.0,0.02599999999999625,-0.03900000000000148,-0.027000000000001023,6.498520000604913,0.5186529549583444
107.4,17672.770536761,FOLLOW,9.131272202263704,9.021197775858417,0.5751151835113424,0.07378279008618872,0.0733190207849358,0.10997853117740392,0.06595912159473528,0.5135766715931142,0.930313152405111,0.7,green,False,unknown,0,1.500000000000003,0.10492347499894095,0.09140466499957256,0.03019763399788644,0.0,0.0870000000000033,0.06100000000000705,0.0030000000000001137,30.80221900017932,0.5186529549583444
107.6,17673.009064294,FOLLOW,9.146291498486542,9.033314795874412,0.5839891964854201,0.07354796583974281,0.07306296625616876,0.10959444938425336,0.06878689673080843,0.5116949267480915,0.9251546620682788,0.65,green,False,unknown,0,1.500000000000003,0.07094870700166211,0.09560527500070748,0.009593426002538763,0.0,0.05999999999998806,0.06199999999999761,-0.0010000000000047748,8.752098998229485,0.5186529549583444
107.7,17673.164760423,FOLLOW,9.15625274540468,9.041241736626601,0.5900214779007065,0.07330753985939524,0.06884995342886434,0.11015992548618316,0.06868830981382636,0.4933214732784133,0.8542380810031005,inf,green,False,unknown,0,1.6000000000000032,0.14622176799821318,0.010564136999164475,0.009669942999607883,0.0,0.10099999999999909,-0.03699999999999193,-0.03699999999999193,5.178629002330126,0.5186529549583444
107.9,17673.368477456,FOLLOW,9.165910196829703,9.048841307511301,0.595980608656718,0.07298670325325526,0.07270597481181543,0.11110572610785027,0.07281832341604925,0.5137366891693326,0.9226960653802376,inf,green,False,unknown,0,1.5281512474789694,0.026470883000001777,0.09155034399736905,0.04503297499832115,0.0,0.02600000000001046,0.06300000000000239,0.027000000000001023,35.347859000467,0.5186529549583444
108.1,17673.658717472,FOLLOW,9.183276273978278,9.062280905167029,0.6069778959149863,0.07308158226827159,0.07289833303398031,0.11663733285436874,0.07363820724961478,0.5110396099067087,0.9224065123628717,0.82,green,False,unknown,0,1.6000000000000032,0.23638382900026045,0.12022274099945207,0.031951149001542944,0.0,0.16100000000000136,0.06299999999998818,-0.01100000000000989,4.944877000525594,0.5186529549583444
108.2,17673.765116353,FOLLOW,9.190736131505133,9.067962054112883,0.6118125063771043,0.07317438136726608,0.07289833303398031,0.11251220084247363,0.07363820724961478,0.5110396099067087,0.9224065123628717,inf,green,False,unknown,0,1.5434125330414343,0.3427827099985734,0.10102433000065503,0.020003438999992795,0.0,0.2610000000000099,0.060000000000002274,-0.012999999999991019,0.7104260002961382,0.5186529549583444
108.4,17674.012478865,FOLLOW,9.205648008392842,9.0791498553,0.6216708895965436,0.07312681351571418,0.07269476559842969,0.11672899085083532,0.07702120276577112,0.5150649659402847,0.9238949056439452,inf,green,False,unknown,0,1.6057413472608657,0.05897709099735948,0.10603966000053333,0.02353278699956718,0.0,0.054000000000002046,0.05700000000000216,-0.016999999999995907,0.6663029998890124,0.5186529549583444
108.6,17674.272221549,FOLLOW,9.220542427872378,9.09009274817818,0.6317746985763069,0.073053352360596,0.0728897528722795,0.11964775005247943,0.07898769008154506,0.5167651543127143,0.9280942436079296,inf,green,False,unknown,0,1.6414893086841886,0.02473523899971042,0.12122771500071394,0.029905698000220582,0.0,0.0,0.057999999999992724,-0.021000000000000796,1.1203190006199293,0.5186529549583444
108.7,17674.361078349,FOLLOW,9.225514918475268,9.093692613709239,0.6352049365939696,0.0730917883792255,0.0730017592491546,0.12083560538630092,0.07974957300665513,0.518962700065643,0.931748524849238,inf,green,False,unknown,0,1.6552423753774161,0.014446174001932377,0.08708553099859273,0.013845723999111215,0.0,0.03100000000000591,0.05500000000000682,0.01100000000000989,0.781170998379821,0.5186529549583444
108.9,17674.608257858,FOLLOW,9.240434800703266,9.104327523971167,0.6456687336220136,0.0729476931854676,0.0727261045571174,0.12186842397672296,0.0808895027029294,0.5193139797452334,0.9285850640523825,inf,green,False,unknown,0,1.6757177456275048,0.19307703899903572,0.09161353899980895,0.027449193999927957,0.0,0.1670000000000016,0.058000000000006935,0.007000000000005002,0.5432479993032757,0.5186529549583444
109.1,17674.860162541,FOLLOW,9.255323378155154,9.114683571960464,0.656365060558994,0.07303113444226819,0.07258820702008226,0.12454394353690103,0.08313893887342882,0.5206078385377559,0.9281287828901261,inf,green,False,unknown,0,1.715760020115178,0.0765520960012509,0.09213034999993397,0.02031041300142533,0.0,0.06099999999999284,0.0519999999999925,0.0030000000000001137,0.7144909977796488,0.5186529549583444
109.2,17675.012996613,FOLLOW,9.265234645414141,9.121431435326235,0.6636243629124104,0.07283793282101686,0.07298441756504741,0.12699344126568682,0.08451452201094953,0.5192926734352391,0.9318616714234202,inf,green,False,unknown,0,1.7400076002867848,0.074149211999611,0.12102307800159906,0.011643247002211865,0.0,0.030000000000001137,0.055999999999997385,-0.03300000000000125,0.5635919987980742,0.5186529549583444
109.4,17675.263049983,FOLLOW,9.27766089067959,9.129719552094025,0.6728825067111779,0.07291563025894267,0.07294979331929415,0.12960091169322804,0.0866091344581427,0.512349891554764,0.9243852225527841,inf,green,False,unknown,0,1.776576818058654,0.07659149300161516,0.10312568800145527,0.04524002499965718,0.0,0.03200000000001069,0.056000000000011596,-0.0030000000000001137,27.797765000286745,0.5186529549583444
109.6,17675.510483259,FOLLOW,9.292573825742133,9.139403148611366,0.6842232143482129,0.07316104869613721,0.07635175938859606,0.13816038824145993,0.08851778003819312,0.49852876641304356,0.9528368357902881,inf,green,False,unknown,0,1.8095246180023932,0.05529460099933203,0.10575077300018165,0.04234788400208345,0.0,0.02599999999999625,0.053999999999987836,-0.007000000000005002,31.59464399868739,0.5186529549583444
109.7,17675.609479052,FOLLOW,9.297578350422409,9.142586705755567,0.688084575632224,0.07367966005099413,0.07635175938859606,0.13816038824145993,0.08851778003819312,0.49852876641304356,0.9528368357902881,inf,green,False,unknown,0,1.8095246180023932,0.01715999299995019,0.06576067599962698,0.03621039700010442,0.0,0.027000000000001023,0.05500000000000682,0.025000000000005684,0.4850289988098666,0.5186529549583444
109.9,17675.867592385,FOLLOW,9.31332828794484,9.152380683529046,0.7004183827790122,0.07807206434802991,0.0795138325886548,0.14640914852842546,0.0903788882195931,0.47309688452667936,0.9642122154157008,inf,green,False,unknown,0,1.8413041323996677,0.010481254998012446,0.07502031399781117,0.02080780499818502,0.0,0.028000000000005798,0.05500000000000682,0.021000000000000796,1.0544510005274788,0.5186529549583444
110.1,17676.164415907,FOLLOW,9.332375541136598,9.163755317822249,0.7156951843076024,0.08106524899769386,0.08011562113823627,0.1493377610682837,0.09172227039347068,0.4652845336359209,0.9628167760215404,inf,green,False,unknown,0,1.8640280003647156,0.06672524999885354,0.12145628500002204,0.029693724998651305,0.0,0.05499999999999261,0.05499999999999261,-0.017000000000010118,0.5494230026670266,0.5186529549583444
110.2,17676.258152656,FOLLOW,9.33784213444298,9.166922070093735,0.720151094888238,0.08036761132290506,0.0736381996219978,0.1357398126015561,0.09049846792597423,0.5067605371152284,0.9273918533533493,inf,green,False,unknown,0,1.8433342110255342,0.16046199899938074,0.09203700999933062,0.012743670999043388,0.0,0.15500000000000114,0.054000000000002046,0.015000000000000568,0.5670520004059654,0.5186529549583444
110.4,17676.520442756,FOLLOW,9.355681806523284,9.176948885955792,0.7349054291909344,0.07413580542347017,0.07496448495556271,0.13902222764644231,0.09115815820694022,0.4999389464425874,0.9369924946044487,inf,green,False,unknown,0,1.8545078743467873,0.13564687999678426,0.10578209699815488,0.01397195599929546,0.0,0.09499999999999886,0.04800000000000182,-0.022999999999996135,0.6908980030857492,0.5186529549583444
110.6,17676.760059634,FOLLOW,9.368501358445007,9.183859715239816,0.7457023879790806,0.0756223683688937,0.0757881844044767,0.14168958445855606,0.09205017844795366,0.4906966150920968,0.9375594349033756,inf,green,False,unknown,0,1.86954715397809,0.11124816800293047,0.08811182600038592,0.006538973000715487,0.0,0.0969999999999942,0.0519999999999925,0.006999999999990791,0.527835996763315,0.5186529549583444
110.7,17676.859023511,FOLLOW,9.376249494781428,9.187914589838448,0.752304715691795,0.0760871282973495,0.07685278199498151,0.14414110433250016,0.09240745614981732,0.48655393380043305,0.9463074472383048,inf,green,False,unknown,0,1.8755482962466157,0.05611964099807665,0.061701536000327906,0.003696886997204274,0.0,0.06700000000000728,0.05100000000000193,0.005000000000009663,25.228529000742128,0.5186529549583444
110.9,17677.115527819,FOLLOW,9.391960351166494,9.19584940127699,0.765863971407953,0.07744206684986951,0.07574526569148136,0.14157948345683483,0.0920267337017564,0.4119368408581051,0.8541718296597111,inf,green,False,unknown,0,1.8691529056549003,0.04731786300180829,0.08432282400099211,0.024625270001706667,0.0,0.030000000000001137,0.049000000000006594,0.0010000000000047748,33.28818599766237,0.5186529549583444
111.1,17677.357960619,FOLLOW,9.407568591818084,9.203345443667587,0.7795537749039856,0.07622218650942832,0.07585080967430509,0.14226665391499171,0.09241122543073149,0.38930995429719567,0.8315249877420977,inf,green,False,unknown,0,1.8756115396245452,0.017300079998676665,0.06572622900057468,0.005083914998976979,0.0,0.024999999999991473,0.04899999999999238,-0.0030000000000001137,0.5522880019270815,0.5186529549583444
111.2,17677.508415038,FOLLOW,9.415496816643872,9.207003850798568,0.7865873962617523,0.08102266153703029,0.08090683408375446,0.15442413739084346,0.09439314915850497,0.4572446189959021,0.9632909466429549,inf,green,False,unknown,0,1.90866617313173,0.1360072930001479,0.06736219699814683,0.01654136499928427,0.0,0.09600000000000364,0.05200000000000671,-0.0049999999999954525,0.6561180016433354,0.5186529549583444
111.4,17677.764948345,FOLLOW,9.432188243528646,9.214366074498665,0.8015667078069201,0.08324520950766677,0.08332463905564093,0.15993814909692894,0.0950454577824582,0.4368121585664541,0.9684315426377994,inf,green,False,unknown,0,1.9194580487786874,0.12241407500187051,0.10825319799914723,0.02351725699918461,0.0,0.09799999999999898,0.05200000000000671,-0.009000000000000341,0.7384480013570283,0.5186529549583444
111.6,17678.010562753,FOLLOW,9.448854939647408,9.221250013404767,0.8167446003915524,0.07811950733225108,0.08614135477659764,0.16083125019885355,0.09190244899942902,0.3016649422620594,0.8394773434124576,inf,green,False,unknown,0,1.8670620007772063,0.042271106998668984,0.08817577599984361,0.013647772000695113,0.0,0.027999999999991587,0.04999999999999716,-0.01300000000000523,23.313826000958215,0.5186529549583444
111.7,17678.118052542,FOLLOW,9.454839338722037,9.223611469997469,0.8222433656718023,0.09906826541734598,0.07095941655688998,0.12415259611054992,0.08506320383545324,0.3952918583820725,0.7837978647671754,inf,green,False,unknown,0,1.7496281978448007,0.061050076998071745,0.07497886199780623,0.044956988997000735,0.0,0.05700000000000216,0.05100000000000193,0.019000000000005457,43.51461100304732,0.5186529549583444
111.9,17678.409306303,FOLLOW,9.470407299629748,9.22951083776002,0.8366497530666854,0.0710643240056737,0.09120885208759025,0.17623381640960037,0.09581909168541758,0.3841912695919011,0.9934053543970461,inf,green,False,unknown,0,1.9322007938479306,0.06643470600101864,0.06599927700153785,0.030608209999627434,0.0,0.06300000000000239,0.05100000000000193,0.015000000000000568,0.8222779979405459,0.5186529549583444
112.1,17678.658886478,FOLLOW,9.48907832150774,9.236038872844725,0.8541413694906917,0.09193863414666076,0.09570883796835016,0.18495431348196523,0.09583538389919036,0.34595436185738193,0.9915892382054474,inf,green,False,unknown,0,1.93246848888843,0.06013989399798447,0.07654387199727353,0.011126353998406557,0.0,0.05699999999998795,0.046999999999997044,0.01099999999999568,2.1416600029624533,0.5186529549583444
112.2,17678.758662131,FOLLOW,9.498733423592535,9.239172067784084,0.8632738278667093,0.09623016658245512,0.0949203652278674,0.17690809883523473,0.09170593829010384,-0.12283394082222199,0.6892720641162573,inf,green,False,unknown,0,1.863752824913244,0.029881632999604335,0.049567178000870626,0.005708929998945678,0.0,0.060000000000002274,0.049000000000006594,0.009000000000000341,30.727708999620518,0.5186529549583444
112.4,17679.061455038,FOLLOW,9.517580311832567,9.244804316188173,0.8812583802102067,0.055444955526209476,0.10447950200941927,0.19726888859092193,0.0931578719949842,0.28753780389807115,0.9976889911655589,inf,green,False,unknown,0,1.8881109193374341,0.009500393000053009,0.1112311500000942,0.00891688800038537,0.0,-0.0030000000000001137,0.05000000000001137,-0.028999999999996362,0.9456279985897709,0.5186529549583444
112.6,17679.310564927,FOLLOW,9.533145801167505,9.248990037029474,0.896250062457609,0.10562116212100739,0.08184080744333543,0.15183955796843193,0.09120524580680901,0.2583951752088192,0.7483832327206397,inf,green,False,unknown,0,1.855303762411703,0.0419862769995234,0.09360180699877674,0.046647172999655595,0.0,0.02400000000000091,0.046999999999997044,0.000999999999990564,35.742888001550455,0.5186529549583444
112.7,17679.416952096,FOLLOW,9.543109691321844,9.251448058432523,0.9059058785833413,0.0809464923844564,0.10075739425813374,0.1838070144532151,0.08937783059531314,0.24058859172422895,0.8964449624113999,inf,green,False,unknown,0,1.824253354372323,0.043307083997206064,0.0696980619977694,0.01499916299871984,0.0,0.031999999999996476,0.043000000000006366,-0.000999999999990564,35.82415200071409,0.5186529549583444
112.9,17679.665556698,FOLLOW,9.561448340060258,9.255507806464076,0.9237886661279938,0.07303193183673894,0.07496298367726938,0.07294111471032762,0.044761035283751194,0.4239648557969708,0.857873111607666,inf,green,False,unknown,0,0.9730284352655131,0.04198027500024182,0.06978818200150272,0.015547009999863803,0.0,0.029000000000010573,0.04800000000000182,-0.0049999999999954525,29.70968799854745,0.5186529549583444
113.1,17679.909952647,FOLLOW,9.576415390377896,9.25845905469037,0.9384617106877026,0.07269789277077694,0.08031128631195038,0.13371046146042379,0.08028653284620971,0.3533047420893778,0.8402621225290272,inf,green,False,unknown,0,1.6649025012631078,0.1295852070034016,0.06127105700215907,0.01244665900230757,0.0,0.09899999999998954,0.04799999999998761,-0.009000000000000341,1.1333119982737117,0.5186529549583444
113.2,17680.018119299,FOLLOW,9.581878459490845,9.259460741611882,0.9438321480875448,0.08047407998968399,0.08031128631195038,0.13371046146042379,0.08028653284620971,0.3533047420893778,0.8402621225290272,inf,green,False,unknown,0,1.6649025012631078,0.2377518590001273,0.0715208449983038,0.04269353299969225,0.0,0.19899999999999807,0.049000000000006594,0.022999999999996135,2.0213170028000604,0.5186529549583444
113.4,17680.260382816,FOLLOW,9.598513403007152,9.262216988494119,0.9602366768067141,0.08263313896858822,0.0843001730376935,0.1315880916363397,0.07458423310639728,0.32012067397109284,0.843143019774772,inf,green,False,unknown,0,1.560946874658278,0.008285541000077501,0.06815213499794481,0.008811652998701902,0.0,0.020000000000010232,0.04800000000000182,0.019000000000005457,4.294330999982776,0.5186529549583444
113.6,17680.51244,FOLLOW,9.61589062327268,9.264644042071975,0.977443090467971,0.0872358491325136,0.09288743383912172,0.13003745859747667,0.06605144134226731,0.32074224677461644,0.9298319133657934,inf,green,False,unknown,0,1.3999467228548663,0.08417946099871187,0.08266557599927182,0.02091393299997435,0.0,0.06099999999999284,0.044999999999987494,0.015000000000000568,1.0933200028375722,0.5186529549583444
113.7,17680.620146906,FOLLOW,9.625191364067689,9.265764660010962,0.986676017192115,0.09339633685467384,0.09671520188634318,0.14859513396308247,0.07326212551496054,0.2109362375991956,0.8206502994317936,inf,green,False,unknown,0,1.5364196224054523,0.056253631999425124,0.05965999700129032,0.014528796000377042,0.0,0.0589999999999975,0.045000000000001705,0.01300000000000523,23.585150000144495,0.5186529549583444
113.9,17680.915756209,FOLLOW,9.648179577572423,9.268017528589546,1.0095525202095785,0.10061924712047748,0.10001252929144802,0.1487851638890231,0.07065862554251276,0.19542107994434213,0.8270773360927658,inf,green,False,unknown,0,1.4876652449759171,0.19599822600139305,0.11357922300157952,0.027401266001106706,0.0,0.13400000000000034,0.045000000000001705,-0.024999999999991473,0.6540979993587825,0.5186529549583444
114.1,17681.163755748,FOLLOW,9.665293724449507,9.2692005623845,1.026625327776388,0.1008960127740158,0.15447833719186677,0.2021975435689656,0.06136521275235764,0.06536068759160328,0.9984464613002038,inf,green,False,unknown,0,1.3089054895627867,0.010422823997942032,0.10613813599775312,0.011946858998271637,0.0,-0.006000000000000227,0.044999999999987494,0.0049999999999954525,0.7172799996624235,0.5186529549583444
114.2,17681.364285075,FOLLOW,9.68761925802858,9.270177134209813,1.0489288218701163,0.15489876482821416,0.09238612060079367,0.10455914831293078,0.052488330128657654,0.2678651470118067,0.8569648613458274,inf,green,False,unknown,0,1.1317625161980505,0.031068553998920834,0.03448330199898919,0.014216822000889806,0.0,-0.036000000000001364,-0.05499999999999261,-0.06499999999999773,3.9488309994339943,0.5186529549583444
114.4,17681.564362382,FOLLOW,9.701483928402835,9.27045339405619,1.0627905736464012,0.09453730118658697,0.10407491007173465,0.10342479472537505,0.04575932032406323,0.24077507116628066,0.9262306653866672,inf,green,False,unknown,0,0.9937533902656125,0.013494154998625163,0.10160429800089332,0.012916076000692556,0.0,0.0,0.04400000000001114,-0.000999999999990564,0.5394090003392193,0.5186529549583444
114.6,17681.811279569,FOLLOW,9.721889080917771,9.270479367525878,1.0831953291352143,0.08529688210505065,0.08392700097618228,0.06467775653926724,0.03515514824395192,0.3126816134384828,0.8307393120383153,inf,green,False,unknown,0,0.7706430086501269,0.17234264400030952,0.11150391399860382,0.042507591999310534,0.0,0.09799999999999898,0.044999999999987494,-0.005000000000009663,0.9795799996936694,0.5186529549583444
114.7,17681.918076884,FOLLOW,9.73047874174136,9.270367925312774,1.0917842540025222,0.08434761885297516,0.09599135767980413,0.07939393116978856,0.03781047635454424,0.2706364180222718,0.8941013927149796,inf,green,False,unknown,0,0.8270945748535073,0.09416795400102274,0.09799282800304354,0.012979967999854125,0.0,0.06300000000000239,0.04399999999999693,-0.006999999999990791,0.7520159997511655,0.5186529549583444
114.9,17682.16406315,FOLLOW,9.749739984327556,9.269886322172011,1.1110392444452386,0.09648705496945346,0.09599135767980413,0.07939393116978856,0.03781047635454424,0.2706364180222718,0.8941013927149796,inf,green,False,unknown,0,0.8270945748535073,0.3401542200008407,0.09656494900264079,0.014181668000674108,0.0,0.26300000000000523,0.043000000000006366,-0.01099999999999568,0.6169059997773729,0.5186529549583444
115.1,17682.409289262,FOLLOW,9.766142676050064,9.269238434895815,1.1274290255291581,0.09648467908907708,0.08627979271790626,0.04552091887022341,0.02389243245081135,0.3262098296683523,0.8702393551873813,inf,green,False,unknown,0,0.5275965256320804,0.0698003659999813,0.061012474998278776,0.020343177999166073,0.0,0.06099999999999284,0.04199999999998738,0.018999999999991246,1.0832890002347995,0.5186529549583444
115.2,17682.560898133,FOLLOW,9.778252082118684,9.268620749816188,1.1395226237852119,0.08633829210579123,0.08627979271790626,0.04552091887022341,0.02389243245081135,0.3262098296683523,0.8702393551873813,inf,green,False,unknown,0,0.5275965256320804,0.22140923700135318,0.09371416000067256,0.011266206001891987,0.0,0.16100000000000136,0.043000000000006366,-0.016999999999995907,2.9929779993835837,0.5186529549583444
115.4,17682.860307316,FOLLOW,9.794988679704689,9.26761763097683,1.1562290531994244,0.07766767278318232,0.07740127390889663,0.03512919545894494,0.02051915998436775,0.32432946860305767,0.7786669944393168,inf,green,False,unknown,0,0.4538581044582411,0.2608078340017528,0.11521902800086536,0.03519184499964467,0.0,0.15800000000000125,0.04200000000000159,-0.021000000000000796,0.7209739997051656,0.5186529549583444
115.6,17683.121201117,FOLLOW,9.81083223801656,9.266533897110557,1.17203547294221,0.07766162247023593,0.07740127390889663,0.03512919545894494,0.02051915998436775,0.32432946860305767,0.7786669944393168,inf,green,False,unknown,0,0.4538581044582411,0.5217016349997721,0.11144803899878752,0.029378028000792256,0.0,0.3579999999999899,0.04099999999999682,-0.025000000000005684,0.8209010011341888,0.5186529549583444
115.7,17683.212915531,FOLLOW,9.8161131708705,9.266148450224337,1.177302319547599,0.07766018555396258,0.07740127390889663,0.03512919545894494,0.02051915998436775,0.32432946860305767,0.7786669944393168,inf,green,False,unknown,0,0.4538581044582411,0.6134160490000795,0.07539351800005534,0.029538758997659897,0.0,0.4579999999999984,0.04099999999999682,0.007000000000005002,0.7253510011651088,0.5186529549583444
115.9,17683.460721525,FOLLOW,9.837065053785214,9.264487331583537,1.1981881592792616,0.13835865106421202,0.09324223790651616,0.02904907687925705,0.014050239105894952,0.2977222247534105,0.9035719676822395,inf,green,False,unknown,0,0.3115441835317316,0.03425649799828534,0.056184806999226566,0.014783971000724705,0.0,0.034000000000006025,0.04100000000001103,0.0030000000000001137,0.6097590012359433,0.5186529549583444
116.1,17683.758248953,FOLLOW,9.864625210027418,9.262063362857857,1.2256413962716721,0.14108734982934085,0.143958668017254,0.00800971427766176,0.0025039287772617384,0.03655023919149862,0.8728498743975245,inf,green,False,unknown,0,0.05563898574486508,0.028316553998593008,0.11901742500049295,0.017595919998711906,0.0,0.0,0.03999999999999204,-0.0350000000000108,0.5696039988833945,0.5186529549583444
116.2,17683.858147547,FOLLOW,9.874412626533234,9.261162968224225,1.2353873087137657,0.1439922424075914,0.14169079258711573,0.032553057681022166,0.01035093011139772,0.0069007302110106845,0.8007512078871424,inf,green,False,unknown,0,0.22974716342988605,0.0017190339967783075,0.08577865699771792,0.000574128996959189,0.0,0.028000000000005798,0.04000000000000625,-0.0030000000000001137,0.5625060002785176,0.5186529549583444
116.4,17684.108370164,FOLLOW,9.898664041765898,9.258874372134551,1.25953046615,0.14402702573399126,0.09998354848262789,0.029299754054678596,0.01321263785088906,-0.1614553772117898,0.7796708462262099,inf,green,False,unknown,0,0.29304575101942315,0.03693341299731401,0.08415324199813767,0.05759253499854822,0.0,0.034000000000006025,0.04000000000000625,0.027000000000001023,42.22025700073573,0.5186529549583444
116.6,17684.418486857,FOLLOW,9.92957112454988,9.25574419028172,1.290278586540422,0.14092493957006277,0.14087611218965365,0.019355058078943103,0.006185206498837181,-0.024336657726409878,0.8302624805562275,inf,green,False,unknown,0,0.13739063193968945,0.15569081800276763,0.07353772799979197,0.03515901200080407,0.0,0.09899999999998954,0.03899999999998727,-0.01100000000000989,0.9587869972165208,0.5186529549583444
116.7,17684.512516188,FOLLOW,9.939154025962994,9.25474176411716,1.299808913437502,0.14092503563660233,0.13389776095655442,0.023892091518828377,0.008035350474064465,-0.05046264575862959,0.8377213841895284,inf,green,False,unknown,0,0.17843533266086953,0.022406701998988865,0.060605970000324305,0.04431593299887027,0.0,0.02599999999999625,0.03700000000000614,0.021000000000000796,27.553941999940434,0.5186529549583444
116.9,17684.823286664,FOLLOW,9.971174798179447,9.251290037661983,1.3316430629194345,0.12343152788558208,0.09768814589093314,0.0280368528496868,0.012939188969806573,-0.20259403915655974,0.817587422362954,inf,green,False,unknown,0,0.28700363379799826,0.12073151900040102,0.12022936699941056,0.031823387998883845,0.0,0.06700000000000728,0.03900000000000148,-0.016999999999995907,28.075574999093078,0.5186529549583444
117.1,17685.067684711,FOLLOW,9.99333750440585,9.248827295332877,1.353668495036465,0.11115005217314655,0.11128229136262685,0.018605527428400836,0.007528385450382084,-0.14030040030185886,0.8350814801352137,inf,green,False,unknown,0,0.16719216688100416,0.11077192700031446,0.07719998500033398,0.028794763999030693,0.0,0.06699999999999307,0.03899999999998727,-0.021000000000000796,0.5756619975727517,0.5186529549583444
117.2,17685.159334406,FOLLOW,10.000907786717288,9.247962527514167,1.3611892227131819,0.1113308978100502,0.11170741852640267,0.013302908156664753,0.005360628805168945,-0.13532352369682318,0.8305501237309676,inf,green,False,unknown,0,0.11908706093248889,0.06931531999725848,0.06897865700011607,0.02173120799852768,0.0,0.058000000000006935,0.04000000000000625,0.01100000000000989,1.5220770001178607,0.5186529549583444
117.4,17685.45849914,FOLLOW,10.021393867907939,9.245578451093124,1.381536100148016,0.0891229611515958,0.08908533820389497,0.009819009815066133,0.004961268532546512,-0.27300168320282375,0.8327025355543631,inf,green,False,unknown,0,0.11022026758873357,0.20018020700081252,0.07919922899964149,0.046742107999307336,0.0,0.13400000000000034,0.03700000000000614,0.007000000000005002,0.9207949988194741,0.5186529549583444
117.6,17685.75835421,FOLLOW,10.047011885370042,9.242524973781407,1.4069714833443698,0.13844709777578793,0.08487171390627171,0.009609456847047957,0.005096519661121637,-0.2677462613301187,0.7871218007443387,inf,green,False,unknown,0,0.11322331557555423,0.09819348499877378,0.10483647100045346,0.007827443001588108,0.0,0.06099999999999284,0.0379999999999967,-0.03100000000000591,0.6780160001653712,0.5186529549583444
117.7,17685.858103783,FOLLOW,10.053517812141452,9.241744714802778,1.4134304522202685,0.08475951325472805,0.08439746354682413,0.006228277959294895,0.0033212711373453163,-0.25385343395352516,0.766438491070256,inf,green,False,unknown,0,0.07379698035402943,0.08053918299992802,0.066971486001421,0.012877115001174388,0.0,0.06199999999999761,0.03700000000000614,0.0010000000000047748,1.2034369974571746,0.5186529549583444
117.9,17686.111972711,FOLLOW,10.070423756577501,9.239698550715673,1.43021211153873,0.0794120535634789,0.1297027298464216,-0.00922490442173396,-0.0032009191951358,-0.09939668128361887,0.8996265672045656,inf,green,False,unknown,0,-0.07112344075299713,0.042048298000736395,0.07522882900229888,0.013851449002686422,0.0,0.029000000000010573,0.038000000000010914,-0.0030000000000001137,23.52157899804297,0.5186529549583444
118.1,17686.373445306,FOLLOW,10.09473407970598,9.236717372749382,1.4543389498933106,0.12971520846783227,0.04857395685908306,0.006539559133084874,0.006060866613479737,-0.6184575847644309,0.6870904831271306,inf,green,False,unknown,0,0.13463097420818854,0.054414274000009755,0.09258561199749238,0.02743649399781134,0.0,0.028999999999996362,0.0379999999999967,-0.007000000000005002,20.854320002399618,0.5186529549583444
118.2,17686.51064567,FOLLOW,10.10685548750925,9.235243633512074,1.4663704339655763,0.09580880182599444,0.09349459090071086,-0.0008477342444149345,-0.0004080247979947674,-0.183715265533758,0.7579752771330348,inf,green,False,unknown,0,-0.00906720096048347,0.05301387700092164,0.09608584899979178,0.01376542599973618,0.0,0.03300000000000125,0.03700000000000614,-0.009000000000000341,18.0515279971587,0.5186529549583444
118.4,17686.75842673,FOLLOW,10.121663370851458,9.233456195685863,1.4810700419517018,0.09351783276754456,0.12002981583528641,-0.10802683425175764,-0.04584447638490553,0.016092615447071298,0.693660000035203,0.69,green,False,unknown,0,-0.899999999999999,0.08666209200237063,0.06106223700044211,0.01281173000097624,0.0,0.06400000000000716,0.038000000000010914,0.021000000000000796,4.893710000033025,0.5186529549583444
118.6,17687.065762467,FOLLOW,10.150464561794061,9.230235904762637,1.5096900290130588,0.11198254403487319,0.06851709448708725,-0.061665385038378456,-0.07815151364596935,0.1015373168005927,0.47727610727814473,0.67,green,False,unknown,0,-0.899999999999999,0.020074448999366723,0.08452399999805493,0.02746677299728617,0.0,0.000999999999990564,0.031999999999996476,-0.017000000000010118,33.99462900051731,0.5186529549583444
118.7,17687.160498719,FOLLOW,10.158298929750806,9.229477023135253,1.517487543671251,0.11526990793353521,0.06851709448708725,-0.061665385038378456,-0.07815151364596935,0.1015373168005927,0.47727610727814473,0.66,green,False,unknown,0,-0.899999999999999,0.041494011999020586,0.05826760000127251,0.02936973699979717,0.0,0.05500000000000682,0.03499999999999659,0.015000000000000568,4.02944500092417,0.5186529549583444
118.7,17687.20833094,LANE_GRACE,10.163326675667426,9.229020449900101,1.5224945118767692,0.06842173372690019,0.04,-0.03599999999999996,-0.09072178929420177,0.21243889966544494,0.20630845194432368,0.66,green,False,uneven,0,-0.899999999999999,0.08932623299915576,0.10609982100140769,0.0006939029990462586,0.04783222100013518,0.05500000000000682,0.03499999999999659,-0.05299999999999727,30.967037000664277,0.5186529549583444
118.8,17687.316244918,FOLLOW,10.167056182929466,9.228696875691668,1.5262099545904941,0.03922561865233388,0.14826039827196036,-0.10421244289900143,-0.031990229203757596,0.022984002507738466,0.8709968982564611,inf,green,False,unknown,0,-0.7029014093692108,0.05371695800204179,0.05928983400008292,0.01920640100070159,0.0,0.024999999999991473,0.033999999999991815,-0.021000000000000796,25.264816998969764,0.5186529549583444
118.9,17687.408497759,FOLLOW,10.169774089473409,9.228468638128625,1.528918260614217,0.03997899703857449,0.14826039827196036,-0.10421244289900143,-0.031990229203757596,0.022984002507738466,0.8709968982564611,inf,green,False,unknown,0,-0.7029014093692108,0.038289533000352094,0.03950093899766216,0.014662541998404777,0.0,0.034000000000006025,0.034000000000006025,0.01100000000000989,0.8747120009502396,0.5186529549583444
119.1,17687.666102131,FOLLOW,10.195532217321153,9.22649130671935,1.5546001650492423,0.1464260174201411,0.1427278965391844,-0.09787292980847799,-0.031191467184633625,0.027877080577560023,0.8481943845578094,inf,green,False,unknown,0,-0.6857309060223418,0.019085642998106778,0.0388750029997027,0.011968242000875762,0.0,0.03300000000000125,0.033999999999991815,0.006999999999990791,0.6048440009180922,0.5186529549583444
119.2,17687.81718924,FOLLOW,10.210083009803894,9.225561946857901,1.5691211958127778,0.14261703546391863,0.11159112671564954,0.01787746396122819,0.00721339600845055,-0.14076976133844615,0.8381264855765294,inf,green,False,unknown,0,0.16020506726115039,0.048004156997194514,0.06771229899823084,0.03917750300024636,0.0,0.02599999999999625,0.03300000000000125,0.005000000000009663,20.11081000091508,0.5186529549583444
119.4,17688.069742141,FOLLOW,10.23465723505486,9.224197381537275,1.5936574890179978,0.11163625593078812,0.11159112671564954,0.01787746396122819,0.00721339600845055,-0.14076976133844615,0.8381264855765294,inf,green,False,unknown,0,0.16020506726115039,0.30055705799895804,0.07453995900141308,0.05492771900026128,0.0,0.2259999999999991,0.029000000000010573,0.0010000000000047748,4.028585997730261,0.5186529549583444
119.6,17688.313272349,FOLLOW,10.257431063727925,9.222876565682107,1.6163929711159948,0.11163651476794141,0.11159112671564954,0.01787746396122819,0.00721339600845055,-0.14076976133844615,0.8381264855765294,inf,green,False,unknown,0,0.16020506726115039,0.5440872660001332,0.07331181700283196,0.01799296500030323,0.0,0.4259999999999877,0.0309999999999917,-0.0030000000000001137,1.3255349986138754,0.5186529549583444
119.7,17688.408196566,FOLLOW,10.265022347149792,9.222417655325993,1.6239703703945405,0.1116365252069173,0.11159112671564954,0.01787746396122819,0.00721339600845055,-0.14076976133844615,0.8381264855765294,inf,green,False,unknown,0,0.16020506726115039,0.6390114829991944,0.030004156000359217,0.03032960700147669,0.0,0.5259999999999962,0.028999999999996362,0.028999999999996362,0.8345700007339474,0.5186529549583444
119.9,17688.714008323,FOLLOW,10.29526640036143,9.220545547056355,1.6541564180730137,0.11333023679758099,0.1,-0.01663400625067258,-0.007489968620778092,-0.09836946790936603,0.9190482714485556,inf,green,False,uneven,0,-0.16634006250672578,0.02327270000023418,0.09241113200187101,0.02267283300170675,0.0,0.0010000000000047748,0.028000000000005798,-0.009000000000000341,1.172419000795344,0.5186529549583444
120.1,17688.963667885,FOLLOW,10.315676454514497,9.219347583905176,1.6745312752011616,0.09999714174953263,0.1,-0.01846200391784538,-0.008314282905469005,-0.09393216271515821,0.9130841727292123,inf,green,False,uneven,0,-0.18462003917845382,0.09191626200117753,0.07677557699935278,0.026171451001573587,0.0,0.06399999999999295,0.027000000000001023,-0.01300000000000523,0.7025070008239709,0.5186529549583444
120.2,17689.115805445,FOLLOW,10.32927593567632,9.21858869366694,1.6881095626198745,0.09999561990930572,0.1,-0.019106250987923127,-0.008604886467600367,-0.09107138062957282,0.9114596239267169,inf,green,False,uneven,0,-0.1910625098792313,0.07954035099828616,0.10288186399702681,0.00993791200016858,0.0,0.030000000000001137,0.028000000000005798,-0.04899999999999238,7.140183002775302,0.5186529549583444
120.4,17689.307976665,FOLLOW,10.342875209682502,9.2178634038987,1.7016894785365755,0.09999441215212301,0.1,-0.019119514646226497,-0.008610869871707075,-0.09071245692601908,0.9129567863816208,inf,green,False,uneven,0,-0.19119514646226493,0.178474088999792,0.03409737200126983,0.01867347200095537,0.0,0.1600000000000108,0.029000000000010573,0.015000000000000568,0.4987239990441594,0.5186529549583444
120.6,17689.564016014,FOLLOW,10.363274007343879,9.216839788662941,1.7220625654913255,0.09999371494625461,0.1,-0.019867890004177068,-0.008948505182347844,-0.08527960229471176,0.9119950249453773,inf,green,False,uneven,0,-0.19867890004177066,0.05871933500020532,0.02882047999810311,0.017877268997835927,0.0,0.06199999999999761,0.027000000000001023,0.01099999999999568,0.5719069995393511,0.5186529549583444
120.7,17689.716995888,FOLLOW,10.373473285233734,9.216357408155611,1.732250428299863,0.0999927335278345,0.1,-0.019867890004177068,-0.008948505182347844,-0.08527960229471176,0.9119950249453773,inf,green,False,uneven,0,-0.19867890004177066,0.21169920900138095,0.07466364900028566,0.04743629600125132,0.0,0.16200000000000614,0.030000000000001137,0.009000000000000341,1.3797829997201916,0.5186529549583444
120.9,17689.961379446,FOLLOW,10.393871774962117,9.215452893504711,1.7526288412009796,0.0999925056382669,0.1,-0.019867890004177068,-0.008948505182347844,-0.08527960229471176,0.9119950249453773,inf,green,False,uneven,0,-0.19867890004177066,0.45608276699931594,0.05934787799924379,0.04386625299957814,0.0,0.362000000000009,0.02600000000001046,0.005000000000009663,0.5567000007431488,0.5186529549583444
121.1,17690.222087469,FOLLOW,10.414270242443285,9.214628764941114,1.773010640994724,0.09999250364500933,0.1,-0.02035977066484468,-0.009170457807521242,-0.07287464876029692,0.9094154003410546,inf,green,False,uneven,0,-0.20359770664844676,0.06847933999961242,0.07230907600023784,0.028971889998501865,0.0,0.055999999999997385,0.027000000000001023,0.000999999999990564,0.8073630015132949,0.5186529549583444
121.2,17690.359330533,FOLLOW,10.424469419831238,9.214247120218898,1.7832026739195692,0.09999187818905501,0.1,-0.009522718825445198,-0.004286098163526569,-0.14980493043350904,0.8880839709825044,inf,green,False,uneven,0,-0.09522718825445198,0.06685140899935504,0.07378336900001159,0.02789904299788759,0.0,0.03300000000000125,0.028999999999996362,-0.000999999999990564,0.559856001927983,0.5186529549583444
121.4,17690.620804076,FOLLOW,10.444869983747449,9.213530769232323,1.8035906531468222,0.10000545933230705,0.1,-0.0101675092054452,-0.004576443875806531,-0.14619173396901008,0.886821603491666,inf,green,False,uneven,0,-0.101675092054452,0.03545746799863991,0.10040634799952386,0.03501462699932745,0.0,0.0010000000000047748,0.028000000000005798,-0.0049999999999954525,0.7721980000496842,0.5186529549583444
121.6,17690.80875776,FOLLOW,10.461870939961774,9.21296575325888,1.8205822158499416,0.10000538260826261,0.1,-0.010861362742573814,-0.004888911245923014,-0.14498896045648682,0.886289799852971,inf,green,False,uneven,0,-0.10861362742573814,0.09115895200011437,0.017146861002402147,0.017467313002271112,0.0,0.09499999999999886,0.024999999999991473,0.024999999999991473,21.423739999590907,0.5186529549583444
121.7,17690.959074175,FOLLOW,10.475471644518272,9.212534813103273,1.8341760904465376,0.10000489342528762,0.1,-0.010732339469139505,-0.004830805046832497,-0.14644073738327018,0.8874860596265394,inf,green,False,uneven,0,-0.10732339469139505,0.013787495001452044,0.013074361999315443,0.011572797000553692,0.0,0.030000000000001137,0.025000000000005684,-0.01099999999999568,0.7303610000235494,0.5186529549583444
121.9,17691.208960525,FOLLOW,10.49587251285801,9.211925083894686,1.8545678410134208,0.10000367671061677,0.1,-0.007019760683354845,-0.0031592426221362935,-0.21800512926197455,0.9003460408426697,inf,green,False,uneven,0,-0.07019760683354845,0.1523490639992815,0.06368151900096564,0.0002870659991458524,0.0,0.13100000000000023,0.02600000000001046,-0.015000000000000568,0.6462940000346862,0.5186529549583444
122.1,17691.512195373,FOLLOW,10.516274507716773,9.211351738409503,1.8749617767708824,0.10000898748627207,0.1,-0.0076763686627529335,-0.003454824016589128,-0.21654147801590237,0.9008807154562748,inf,green,False,uneven,0,-0.07676368662752933,0.035970355002064025,0.07614347300113877,0.02918741699977545,0.0,-0.007000000000005002,0.02400000000000091,-0.019000000000005457,24.49073499883525,0.5186529549583444
122.2,17691.618061727,FOLLOW,10.526475398746975,9.21107527461141,1.8851589205600254,0.10000840417254951,0.09571246435592633,-0.010425773036884902,-0.004903072010629783,-0.25134158160986386,0.8658542765745386,inf,green,False,uneven,0,-0.10892805975734297,0.03501449000032153,0.07219288900159881,0.014792655001656385,0.0,0.0010000000000047748,0.02400000000000091,-0.021000000000000796,18.829289001587313,0.5186529549583444
122.4,17691.862923392,FOLLOW,10.546165470661428,9.210567337266234,1.9048424365698897,0.09609365877654291,0.09627519287143341,-0.010985741074163136,-0.005136351817153689,-0.2484354190575129,0.8670589588115388,inf,green,False,uneven,0,-0.11410770258163569,0.06373903799976688,0.07872733100157348,0.014141072999336757,0.0,0.021000000000000796,0.023000000000010346,-0.024999999999991473,15.647585001715925,0.5186529549583444
122.6,17692.109355446,FOLLOW,10.562526296952209,9.21017691925511,1.9211986018007339,0.09627843376001008,0.0959764362225597,-0.010466499780391022,-0.004908690143813982,-0.2524431915244212,0.8697107272248183,inf,green,False,uneven,0,-0.10905280704651568,0.0488061159994686,0.05930222499955562,0.04502574499929324,0.0,0.030000000000001137,0.02400000000000091,0.0049999999999954525,0.6904940019012429,0.5186529549583444
122.7,17692.217200732,FOLLOW,10.572316668666614,9.209957180660247,1.9309865068723346,0.09598025137365629,0.08066386443572653,-0.009638410381078235,-0.00537871440365674,-0.34673079058779166,0.836585989749396,inf,green,False,uneven,0,-0.11948857705370886,0.03657999799906975,0.03791389999969397,0.030065947001276072,0.0,0.031999999999996476,0.025000000000005684,0.0030000000000001137,1.5838420004001819,0.5186529549583444
122.9,17692.45851668,FOLLOW,10.588905774524354,9.209614817501446,1.9475720766951803,0.08053363652383609,0.07239189649097964,-0.019211013881337134,-0.01196086651702874,-0.30999486242155877,0.7138593692992891,inf,green,False,uneven,0,-0.26537519822720645,0.059993105998728424,0.018692940997425467,0.008526255998731358,0.0,0.06100000000000705,0.025000000000005684,-0.000999999999990564,0.6319080021057744,0.5186529549583444
123.1,17692.771162526,FOLLOW,10.60368228661444,9.209352350001398,1.9623462487537693,0.07238348465720686,0.07124033791912732,-0.03047579790594439,-0.019330407607496818,-0.24252405966774826,0.6357448768319433,inf,green,False,uneven,0,-0.4277885085348808,0.10967497200181242,0.0390760370028147,0.03817213200090919,0.0,0.06399999999999295,0.02400000000000091,-0.005000000000009663,0.6856279978819657,0.5186529549583444
123.2,17692.862109426,FOLLOW,10.610987733452564,9.209245380291266,1.969650910326213,0.07121649427219037,0.07124033791912732,-0.03047579790594439,-0.019330407607496818,-0.24252405966774826,0.6357448768319433,inf,green,False,uneven,0,-0.4277885085348808,0.20062187200164772,0.044042199002433335,0.009780576001503505,0.0,0.16400000000000148,0.021000000000000796,-0.006999999999990791,0.5608689971268177,0.5186529549583444
123.4,17693.169771855,FOLLOW,10.625514809656334,9.209101490474389,1.9841772451701634,0.07120441368833758,0.05973025186107494,-0.04010509577055185,-0.03052752703947465,-0.12269958298382871,0.4336246908236518,inf,green,False,uneven,0,-0.6714369104592304,0.03845214999819291,0.09015244100010023,0.03795487800016417,0.0,0.0010000000000047748,0.02200000000000557,-0.01099999999999568,0.6915350022609346,0.5186529549583444
123.6,17693.360715896,FOLLOW,10.636542882424907,9.209062536105922,1.9952052364918582,0.05998903878372189,0.0612151079188406,-0.02783901174515078,-0.029383156279879,-0.11387285362868181,0.43689975265892134,inf,green,False,uneven,0,-0.4547735467861942,0.05542797700036317,0.04394889299874194,0.041964398998970864,0.0,0.05699999999998795,0.022999999999996135,0.018999999999991246,19.947667999076657,0.5186529549583444
123.7,17693.508762268,FOLLOW,10.642701171226921,9.209066099723959,2.001363522422264,0.06119430819710698,0.06268353992263546,-0.027569650991531556,-0.029648679927552157,-0.10183480751512355,0.43689975265892134,inf,green,False,uneven,0,-0.4398228151370877,0.014339699999254663,0.0682404069993936,0.061961595001776004,0.0,0.0010000000000047748,0.022999999999996135,0.016999999999995907,0.7611729997734074,0.5186529549583444
123.9,17693.77239446,FOLLOW,10.657677264248132,9.209144520081129,2.0163393849181026,0.06379645962632487,0.06381653181611129,-0.02720777943263631,-0.029257451382946206,-0.09514230816831393,0.43886478976008314,inf,green,False,uneven,0,-0.42634374915634893,0.2779718919991865,0.07592373599982238,0.03622551200169255,0.0,0.20100000000000762,0.019000000000005457,-0.021000000000000796,0.6262290007725824,0.5186529549583444
124.1,17694.011738272,FOLLOW,10.671078608676641,9.209294009224548,2.029739880133647,0.06763838411109319,0.1,-0.023545890916795046,-0.029196450723288962,0.03524503671712297,0.9042996366633681,inf,green,False,uneven,0,-0.23545890916795043,0.018852219996915665,0.06941636599731282,0.018386713996733306,0.0,-0.008000000000009777,0.021000000000000796,-0.025000000000005684,0.6650230025115889,0.5186529549583444
124.2,17694.111180751,FOLLOW,10.676468505640699,9.209373603499683,2.035129188677404,0.09206985684778272,0.1,-0.022571008902525582,-0.028843634407792584,0.039521021074832074,0.9092318444578998,inf,green,False,uneven,0,-0.2257100890252558,0.053650417998142075,0.05829126000026008,0.029033339000307024,0.0,0.030000000000001137,0.022999999999996135,0.007000000000005002,15.850765001232503,0.5186529549583444
124.4,17694.420505887,FOLLOW,10.700256357807078,9.209812580640337,2.0589129670703006,0.09999294387109811,0.1,-0.016260291934866757,-0.022817428682621876,0.04218687028113319,0.8758992106610777,inf,green,False,uneven,0,-0.16260291934866755,0.06888079299824312,0.07426275800025905,0.013890746999095427,0.0,0.027000000000001023,0.019000000000005457,-0.0309999999999917,3.8893060009286273,0.5186529549583444
124.6,17694.671587938,FOLLOW,10.720655125938702,9.210267954704602,2.07930664295112,0.09999378790766737,0.1,-0.011210874305428538,-0.018049367299352404,0.04457795156645649,0.9003976534642303,inf,green,False,uneven,0,-0.11210874305428538,0.04805920799844898,0.09958110099978512,0.01606612499745097,0.0,0.000999999999990564,0.01999999999999602,-0.0350000000000108,34.41019499950926,0.5186529549583444
124.7,17694.76286779,FOLLOW,10.727454696867715,9.210434553185985,2.086104172379931,0.09999359633850494,0.1,-0.011210874305428538,-0.018049367299352404,0.04457795156645649,0.9003976534642303,inf,green,False,uneven,0,-0.11210874305428538,0.13933905999874696,0.056087075998220826,0.025564364997990197,0.0,0.10099999999999909,0.01999999999999602,-0.0030000000000001137,0.6132279995654244,0.5186529549583444
124.9,17695.07056357,FOLLOW,10.751254080354554,9.21106340334697,2.1098952390982872,0.10000207675225826,0.1,-0.007299210822327541,-0.014979024570853417,0.0505341341484023,0.8159089658232214,inf,green,False,uneven,0,-0.0729921082232754,0.08628331300133141,0.08547215300131938,0.023250804999406682,0.0,0.04000000000000625,0.019000000000005457,-0.04099999999999682,20.56133400037652,0.5186529549583444
125.1,17695.259000549,FOLLOW,10.764854369713918,9.21144677429047,2.123490123524937,0.10000197122722326,0.09313001299144363,-0.011459444956559964,-0.02151577844498901,0.06024449429791365,0.595313551850071,inf,green,False,uneven,0,-0.12304781872641643,0.03871574099684949,0.04267821699977503,0.04326103899802547,0.0,0.04099999999999682,0.018999999999991246,0.022999999999996135,14.969919000577647,0.5186529549583444
125.2,17695.411219393,FOLLOW,10.777995653958818,9.21183133733226,2.136625778803892,0.09312570092301588,0.09096062575245976,-0.012406796699748777,-0.023828533893727657,0.06660308354156869,0.5894792841245604,inf,green,False,uneven,0,-0.13639744226818132,0.020703900001535658,0.0593071740004234,0.02023157599978731,0.0,0.010000000000005116,0.016999999999995907,-0.012999999999991019,1.0943959969154093,0.5186529549583444
125.4,17695.609047971,FOLLOW,10.793465593062713,9.2123118914725,2.152088249240219,0.0888435442973284,0.08885058223885098,-0.013304456049564164,-0.02614128934246629,0.07295628370521545,0.5836450163990498,inf,green,False,uneven,0,-0.14973966083642198,0.013058889999228995,0.020925438999256585,0.019943292001698865,0.0,0.03900000000000148,0.019000000000005457,0.017000000000010118,0.5427879987109918,0.5186529549583444
125.6,17695.861508285,FOLLOW,10.811193129726059,9.212907279063227,2.1698057791814587,0.08514493581449045,0.08515374756873188,-0.014085163869492915,-0.029592066454335944,0.08526729866253932,0.573921236856532,inf,green,False,uneven,0,-0.16540861995679132,0.02109536100033438,0.030083817000559065,0.029020971000136342,0.0,0.013999999999995794,0.015999999999991132,0.012999999999991019,1.049562997650355,0.5186529549583444
125.7,17696.009269508,FOLLOW,10.81987790919676,9.213217918677618,2.1784850006379664,0.08514490886136633,0.08921565415172712,0.01949079977253706,0.02452847271315597,-0.015697655069111725,0.5150935864768031,inf,green,False,uneven,0,0.21846838380391723,0.027801557997008786,0.05977417399844853,0.04008570399673772,0.0,0.008000000000009777,0.019000000000005457,0.01100000000000989,0.5537739998544566,0.5186529549583444
125.9,17696.259519691,FOLLOW,10.839526097853533,9.213903742573079,2.198121209987438,0.10005091108202914,0.1,0.011211823330439033,0.008102201057076465,0.02170994495691558,0.9749406292319488,inf,green,False,uneven,0,0.11211823330439032,0.07269071900009294,0.06049523999899975,0.04342369400183088,0.0,0.04100000000001103,0.017000000000010118,0.007000000000005002,0.9276669989048969,0.5186529549583444
126.1,17696.509327082,FOLLOW,10.859931783375401,9.214558271425876,2.21851639213239,0.10002524576744423,0.1,0.007381946114903274,0.0035633498856794425,0.02608030938856949,0.9767023605938987,inf,green,False,uneven,0,0.07381946114903273,0.11405024099803995,0.06696767799803638,0.041518048998113954,0.0,0.07699999999999818,0.018999999999991246,0.0030000000000001137,0.6692989991279319,0.5186529549583444
126.2,17696.616053666,FOLLOW,10.870134133854972,9.214871981196376,2.2287139181786184,0.1000228248342766,0.1,0.007381946114903274,0.0035633498856794425,0.02608030938856949,0.9767023605938987,inf,green,False,uneven,0,0.07381946114903273,0.22077682499730145,0.044580580997717334,0.02934642499894835,0.0,0.1770000000000067,0.016999999999995907,0.0010000000000047748,0.5274370014376473,0.5186529549583444
126.4,17696.863028528,FOLLOW,10.890538727284476,9.215477649754778,2.249109519051594,0.10002157998848873,0.1,0.006249627972576487,0.0015116120597740736,0.03210488466595345,0.811809600287443,inf,green,False,uneven,0,0.06249627972576486,0.1600651469998411,0.05604157000198029,0.029809567000484094,0.0,0.12100000000000932,0.018000000000000682,-0.0030000000000001137,0.5375059990910813,0.5186529549583444
126.6,17697.111876627,FOLLOW,10.910943129167611,9.216057453309256,2.269505680307837,0.10002156184795463,0.1,0.0035939245915834832,-0.0028400351154383476,0.04316731200270999,0.7913673027579416,inf,green,False,uneven,0,0.03593924591583483,0.01314626000021235,0.024422833001153776,0.013805476002744399,0.0,0.0,0.015000000000000568,-0.007000000000005002,0.42923399814753793,0.5186529549583444
126.7,17697.208579915,FOLLOW,10.917744392549832,9.21624579002221,2.2763043355224686,0.10001788966790844,0.1,0.013297837993456693,0.009817526309176447,0.024385895053001285,0.6779610784628816,inf,green,False,uneven,0,0.13297837993456693,0.006615526999667054,0.017067119999410352,0.01794972700008657,0.0,0.028999999999996362,0.015000000000000568,0.025000000000005684,21.708853000745876,0.5186529549583444
126.9,17697.51402142,FOLLOW,10.941550109777037,9.216880812963765,2.300101576442768,0.10002023842660163,0.1,0.005441484865945704,-0.0008966114126755919,0.042686993024474276,0.9885771677735529,inf,green,False,uneven,0,0.05441484865945704,0.2050635970008443,0.08433825300016906,0.039162150998890866,0.0,0.13000000000000966,0.018000000000000682,-0.012999999999991019,0.47231599819497205,0.5186529549583444
127.1,17697.759053987,FOLLOW,10.961954211972381,9.217393987333526,2.3204992233846746,0.1000200249968225,0.1,0.005441484865945704,-0.0008966114126755919,0.042686993024474276,0.9885771677735529,inf,green,False,uneven,0,0.05441484865945704,0.45009616400056984,0.07561101999817765,0.014045364998310106,0.0,0.3299999999999983,0.018000000000000682,-0.017000000000010118,0.42944099914166145,0.5186529549583444
127.2,17697.866905475,FOLLOW,10.96875557265794,9.217560252257366,2.3272985514978615,0.1000199996517703,0.1,0.0035534854593925035,-0.00490519983335309,0.056628283691061494,0.9732424067024319,inf,green,False,uneven,0,0.03553485459392503,0.015304196000215597,0.0358786719989439,0.035353059000044595,0.0,-0.000999999999990564,0.016000000000005343,0.015000000000000568,3.4385230028419755,0.5186529549583444
127.4,17698.115211058,FOLLOW,10.989159219191055,9.218047415141983,2.347696380996024,0.10001695272636614,0.1,0.002643989452304477,-0.007038433772726178,0.06468010433437861,0.967296274858528,inf,green,False,uneven,0,0.026439894523044766,0.03553211799953715,0.060053907000110485,0.054372706999856746,0.0,-0.000999999999990564,0.018000000000000682,0.01100000000000989,0.5627249993267469,0.5186529549583444
127.6,17698.364812807,FOLLOW,11.009562998209644,9.218521098250914,2.368094660255658,0.10002141618700253,0.1,0.004292782960669332,-0.004157610180728338,0.05663575702340453,0.892693817445559,inf,green,False,uneven,0,0.042927829606693314,0.09988658600195777,0.0604297290010436,0.035159316001227126,0.0,0.06099999999999284,0.015000000000000568,0.006999999999990791,0.5931409978074953,0.5186529549583444
127.7,17698.458744751,FOLLOW,11.019765042394692,9.218749946525353,2.3782941373178956,0.10001891027079238,0.1,0.008284729942112207,0.0070584345109310775,0.008884908138686058,0.9520166391118623,inf,green,False,uneven,0,0.08284729942112207,0.0006854679995740298,0.02305382099802955,0.018955550996906823,0.0,0.0,0.016000000000005343,0.005000000000009663,0.47434400039492175,0.5186529549583444
127.9,17698.721254564,FOLLOW,11.040170475836575,9.219184633601696,2.398694936868775,0.10003024580823403,0.1,0.007071236610400511,0.004273671525901137,0.019249414271170794,0.9980882200863034,inf,green,False,uneven,0,0.07071236610400511,0.019914722000976326,0.04292664500098908,0.029934113001218066,0.0,-0.000999999999990564,0.016000000000005343,0.0010000000000047748,0.6839679990662262,0.5186529549583444
128.1,17698.958318494,FOLLOW,11.060575343177605,9.219582595828305,2.419095921512632,0.10002349305782401,0.1,0.008036449925145007,0.013769259824453775,-0.03751367338327164,0.8662426331847644,inf,green,False,uneven,0,0.08036449925145006,0.082005329997628,0.010497504998056684,0.00994551699841395,0.0,0.06700000000000728,0.018000000000000682,-0.0030000000000143245,0.4532170023594517,0.5186529549583444
128.3,17699.208389751,FOLLOW,11.080980258941077,9.21995215473294,2.439497488753585,0.10002349580504893,0.1,0.006296127770735004,0.0043297492848454276,0.013641553216563945,0.9982592252461476,inf,green,False,uneven,0,0.06296127770735004,0.04211169999689446,0.04501762899963069,0.0029393079967121594,0.0,0.02600000000001046,0.018000000000000682,-0.0069999999999765805,17.0708130026469,0.5186529549583444
128.5,17699.461783605,FOLLOW,11.101385032059422,9.220295226891787,2.4598993763075208,0.1000234121150073,0.1,0.0006768681644437034,0.007245315302989278,-0.043705381937261985,0.8867796893481833,inf,green,False,uneven,0,0.006768681644437034,0.13899207899885369,0.06493764100014232,0.02300692799690296,0.0,0.09899999999998954,0.018000000000000682,-0.01099999999999568,0.6808630023442674,0.5186529549583444
128.7,17699.708503111,FOLLOW,11.121788327867568,9.220624578895045,2.480300013718196,0.10001558138200431,0.1,0.0015579899494039696,0.004256084370993003,-0.01785543663648463,0.8538216070061624,inf,green,False,uneven,0,0.015579899494039696,0.014382691999344388,0.059290934001182904,0.01379761299904203,0.0,-0.007000000000005002,0.013999999999981583,-0.01500000000001478,0.46010799997020513,0.5186529549583444
128.8,17699.816753134,FOLLOW,11.128589410431482,9.220733865203277,2.4871002181660815,0.10001662879906001,0.1,0.0015035907396891742,0.004505807652618615,-0.01988674199394442,0.8547482779725275,inf,green,False,uneven,0,0.015035907396891743,0.016200745001697214,0.015448711001226911,0.014678890001960099,0.0,-0.002999999999985903,0.01700000000002433,0.01700000000002433,0.5500839979504235,0.5186529549583444
129.0,17700.062440771,FOLLOW,11.148992766596736,9.221058193150721,2.5075009963815127,0.10001622050977274,0.1,0.0018923006680232138,0.0045012675711711015,-0.017233483132899817,0.8522789448935574,inf,green,False,uneven,0,0.018923006680232137,0.01952979499765206,0.02130824299820233,0.020500691996858222,0.0,0.0,0.014000000000010004,0.01300000000000523,1.0048560034192633,0.5186529549583444
129.2,17700.309311994,FOLLOW,11.16939592356322,9.221377058208597,2.527901661494205,0.10000681732390496,0.1,-0.006754934712577298,0.007153475953364335,-0.09302690244859561,0.8453528056871226,inf,green,False,uneven,0,-0.06754934712577298,0.020774665998033015,0.04443685899968841,0.02869461799855344,0.0,0.009999999999990905,0.013999999999981583,0.00899999999998613,23.565946001326665,0.5186529549583444
129.3,17700.414425694,FOLLOW,11.179596570904925,9.22154089309144,2.5381009928793454,0.10000645437890704,0.1,-0.006754934712577298,0.007153475953364335,-0.09302690244859561,0.8453528056871226,inf,green,False,uneven,0,-0.06754934712577298,0.12588836600116338,0.027115274002426304,0.022691096000926336,0.0,0.11000000000001364,0.011000000000024102,0.007000000000005002,0.9418999979970977,0.5186529549583444
129.5,17700.659870403,FOLLOW,11.199997751228851,9.221889099225246,2.558499199919724,0.10000463924053846,0.1,-0.01339440139787499,0.006082588402481069,-0.13030256466835005,0.8445254737213488,inf,green,False,unknown,0,-0.1339440139787499,0.049992290001682704,0.012006795001070714,0.011049359000026016,0.0,0.04099999999999682,0.01099999999999568,0.002999999999985903,20.397513999341754,0.5186529549583444
129.7,17700.923732999,FOLLOW,11.220397594046533,9.222274266027311,2.5788954008839577,0.09999818441479244,0.1,-0.01199524056259095,0.006757374675015783,-0.12541440155092226,0.8441336107397697,inf,green,False,unknown,0,-0.1199524056259095,0.018448672999511473,0.04578659599792445,0.024757601000601426,0.0,0.009999999999990905,0.013999999999981583,-0.0010000000000047748,25.657433001470054,0.5186529549583444
129.8,17701.063023664,FOLLOW,11.230597431278525,9.222486358030277,2.589093032200375,0.09999911642325009,0.1,-0.01590737194028896,0.001039048154123555,-0.11394395846862682,0.8493435538227259,inf,green,False,unknown,0,-0.1590737194028896,0.0482907810001052,0.06946993999736151,0.05027189499742235,0.0,0.010000000000019327,0.01300000000000523,-0.002999999999985903,24.77636900221114,0.5186529549583444
130.0,17701.309890681,FOLLOW,11.250997914220221,9.222946881375572,2.6094883128179966,0.10001782541782218,0.1,0.003357019829230967,-0.004315399492089728,0.051385232344328284,0.7917174626146126,inf,green,False,unknown,0,0.03357019829230967,0.22094466000271495,0.07474326000010478,0.04367891999936546,0.0,0.14699999999999136,0.01300000000000523,-0.007000000000005002,0.3918330003216397,0.5186529549583444
130.2,17701.509153221,FOLLOW,11.268000984932101,9.223334603212267,2.626486962142376,0.10001824027821204,0.1,0.00014136684577283916,-0.0222373902429574,0.14811087834113879,0.8608197347762726,inf,green,False,unknown,0,0.0014136684577283915,0.08240341599957901,0.011895338000613265,0.011272965999523876,0.0,0.07099999999999795,0.013999999999981583,0.022999999999996135,0.48455400246893987,0.5186529549583444
130.3,17701.665753711,FOLLOW,11.281603086135114,9.223639892953823,2.64008563690189,0.10001403356598822,0.1,0.0005968103246058936,-0.022552970111824326,0.15317236293204378,0.8568004396705251,inf,green,False,unknown,0,0.005968103246058936,0.06778607100204681,0.07140709699888248,0.03319610499966075,0.0,0.04400000000001114,0.014000000000010004,-0.012999999999976808,0.43751499833888374,0.5186529549583444
130.5,17701.908670526,FOLLOW,11.302006131895222,9.224096659368735,2.660483569157129,0.10001562269010171,0.1,0.008382022771139603,-0.01666285365168746,0.16613882153922896,0.8646245129380586,inf,green,False,unknown,0,0.08382022771139602,0.09418046300197602,0.05636362900258973,0.010707045999879483,0.0,0.049000000000006594,0.014000000000010004,-0.016999999999995907,0.526458999956958,0.5186529549583444
130.7,17702.158849344,FOLLOW,11.319010264404234,9.224464643912437,2.677483718254519,0.10002413775111742,0.1,0.008280370050899561,-0.018586222691111563,0.17791864307735772,0.8841757492790795,inf,green,False,unknown,0,0.0828037005089956,0.035552331999497255,0.045415133998176316,0.04475177800122765,0.0,0.013999999999981583,0.012999999999976808,0.012999999999976808,28.166121999674942,0.5186529549583444
130.8,17702.268517029,FOLLOW,11.329212752096156,9.224675190053334,2.687684033009694,0.10002528071920862,0.1,0.008577707691549512,-0.01919406146625874,0.1837839794607271,0.8833951453280114,inf,green,False,unknown,0,0.08577707691549513,0.08007626899780007,0.029365710997808492,0.030001262999576284,0.0,0.07200000000000273,0.010000000000019327,0.011000000000024102,29.468004002410453,0.5186529549583444
131.0,17702.560895654,FOLLOW,11.353019157755131,9.225133124609616,2.7114860293211955,0.10003152000201478,0.1,0.013592060971673928,-0.011806142579293091,0.16891493974382973,0.8903119473976674,inf,green,False,unknown,0,0.13592060971673928,0.07997590900049545,0.06990298400341999,0.016323601001204224,0.0,0.036000000000001364,0.007000000000005002,-0.026999999999986812,0.5690009966201615,0.5186529549583444
131.2,17702.758589945,FOLLOW,11.370024631744833,9.225420382794542,2.7284890735055827,0.10003247231694383,0.1,0.014828662056605536,-0.013232377902639376,0.18623751563878368,0.8934338237486337,inf,green,False,unknown,0,0.14828662056605535,0.01886559599734028,0.01386766499854275,0.009640453998144949,0.0,0.042999999999977945,0.007999999999981355,0.002999999999985903,0.6082780018914491,0.5186529549583444
131.3,17702.912339401,FOLLOW,11.380228098204162,9.225573696681263,2.738691387249563,0.10003423743752779,0.1,0.01511015976146669,-0.013559668773929376,0.19018292326500108,0.8965982308454111,inf,green,False,unknown,0,0.1511015976146669,0.06478945900016697,0.04113725400020485,0.015540272997895954,0.0,0.05000000000001137,0.009000000000014552,0.0010000000000047748,0.45974400200066157,0.5186529549583444
131.5,17703.158380114,FOLLOW,11.400635558013537,9.225832972151158,2.7590971908847703,0.10004045232331574,0.1,0.019177409581437946,-0.006745059517461335,0.17291234612873196,0.9036729830789475,inf,green,False,unknown,0,0.19177409581437943,0.0739393170006224,0.02854466099961428,0.021115368999744533,0.0,0.07800000000000296,0.007000000000005002,-0.002999999999985903,0.5136190011398867,0.5186529549583444
131.7,17703.46414338,FOLLOW,11.424445186188573,9.226040361403516,2.7829058965045905,0.10003511761463621,0.1,0.014403922026335626,0.0029882269136643318,0.07725324421041918,0.8691749915860699,inf,green,False,unknown,0,0.14403922026335625,0.06390431599720614,0.063449915000092,0.0070878980004636105,0.0,0.015999999999991132,0.00899999999998613,-0.04100000000002524,0.3409390010347124,0.5186529549583444
131.8,17703.570229151,FOLLOW,11.431247564420012,9.226081980575076,2.789708147218996,0.10003503838429935,0.1,0.015462316416640818,0.002347558382167974,0.0886142013982131,0.8696451783455251,inf,green,False,unknown,0,0.15462316416640814,0.02789508699788712,0.027416909997555194,0.026830976999917766,0.0,0.012000000000000455,0.009000000000014552,-0.00899999999998613,0.539231001312146,0.5186529549583444
132.0,17703.811268225,FOLLOW,11.45165517187973,9.226165492855204,2.810115575299423,0.10003899359304096,0.1,0.017970399263939476,0.002041163693486229,0.10747565824188646,0.8682832080744054,inf,green,False,unknown,0,0.17970399263939477,0.013663000998349162,0.013246820999484044,0.008664200999191962,0.0,0.014999999999986358,0.008000000000009777,-0.01300000000000523,0.542090001545148,0.5186529549583444
132.2,17704.060641947,FOLLOW,11.472063742294639,9.226178175716807,2.830524130200631,0.1000451776849544,0.1,0.023243204338679366,0.0026600988011688392,0.13869291654150318,0.8643317921633851,inf,green,False,unknown,0,0.23243204338679366,0.012088137998944148,0.011489002998132491,0.010606476997054415,0.0,0.012000000000000455,0.006000000000000227,-0.01700000000002433,0.4345520028437022,0.5186529549583444
132.3,17704.16807319,FOLLOW,11.478866903624183,9.226164296283796,2.8373272769154427,0.10004889694776056,0.1,0.02184969996356559,0.0042319216483382785,0.11906500311014458,0.905324352876737,inf,green,False,unknown,0,0.2184969996356559,0.1195193810017372,0.025176406001264695,0.023979645000508754,0.0,0.11200000000002319,0.007000000000005002,0.01500000000001478,0.3426469993428327,0.5186529549583444
132.5,17704.416547094,FOLLOW,11.499276293017404,9.22606271675206,2.8577363992884095,0.10004074449393933,0.1,0.01754974639509887,0.005830755582738999,0.07960578522835296,0.8404176611074765,inf,green,False,unknown,0,0.1754974639509887,0.01957522699740366,0.025813393000134965,0.02925630000027013,0.0,0.012000000000000455,0.007000000000005002,0.01099999999999568,0.8302890018967446,0.5186529549583444
132.7,17704.709148803,FOLLOW,11.519685269775556,9.225884728883893,2.878144587765354,0.10004662985596538,0.1,0.021665991273035264,0.006841896323858791,0.10064083525881454,0.846971956021479,inf,green,False,unknown,0,0.21665991273035262,0.03251230799651239,0.04214647399930982,0.043131619997438975,0.0,0.00899999999998613,0.0069999999999765805,0.0069999999999765805,0.4872740028076805,0.5186529549583444
132.8,17704.808692511,FOLLOW,11.52989016312642,9.225764287424484,2.888348768553542,0.10004823880949079,0.1,0.016086477259840616,0.00611258598374953,0.06787136264769157,0.825150566367886,inf,green,False,unknown,0,0.16086477259840615,0.132056015998387,0.023037760001898278,0.00755637199836201,0.0,0.10900000000000887,0.006000000000000227,0.005000000000023874,0.37533499926212244,0.5186529549583444
133.0,17705.062136743,FOLLOW,11.548915453197786,9.225471171219763,2.9073717577622977,0.08630269594386275,0.08619239485999958,0.050822087673376086,-0.001927952599609234,0.3960289150062785,0.9529394244749749,inf,green,False,unknown,0,0.5896354052573349,0.00610282100024051,0.012764998999045929,0.013415131998044671,0.0,0.006000000000000227,0.0010000000000047748,0.0010000000000047748,0.5424629998742603,0.5186529549583444
133.2,17705.31123668,FOLLOW,11.566467273990584,9.225030329316883,2.9249179677615866,0.08578929666842329,0.1,0.006816916448014106,0.003416536768615999,0.02324391747263762,0.7897175486493847,inf,green,False,unknown,0,0.06816916448014106,0.08132942100201035,0.019665537001856137,0.015254506000928814,0.0,0.07200000000000273,0.003999999999990678,-0.0030000000000143245,0.37987399991834536,0.5186529549583444
133.3,17705.464300581,FOLLOW,11.576663265571565,9.22471431410498,2.935109060405121,0.10002813483203307,0.1,0.008166251617239379,0.0036835440600094527,0.030574329774990753,0.7840754272708549,inf,green,False,unknown,0,0.0816625161723938,0.10025523099830025,0.019182968000677647,0.018607743000757182,0.0,0.06700000000000728,0.0,-0.0049999999999954525,0.3697280008054804,0.5186529549583444
133.5,17705.709723437,FOLLOW,11.594355724674235,9.224143855194825,2.952792317054371,0.05207556653088169,0.05183420452973012,0.03411524266416452,-0.020422020830772436,0.5334790593226519,0.672029784515978,inf,green,False,unknown,0,0.6581608220609871,0.0787148060007894,0.0190575410015299,0.008874102000845596,0.0,0.0730000000000075,0.0020000000000095497,-0.00899999999998613,1.1542059983185027,0.5186529549583444
133.7,17705.958991941,FOLLOW,11.604943914202046,9.223744882938618,2.9633729667007955,0.05190231056046839,0.06405417781290891,0.04682121598167679,-0.016447415179270175,0.5529490944708092,0.8477829269983853,inf,green,False,unknown,0,0.7309627190662473,0.07430953899893211,0.017273546000069473,0.0018392009988019709,0.0,0.07299999999997908,0.0,-0.01300000000000523,0.6054340010450687,0.5186529549583444
133.8,17706.111016027,FOLLOW,11.611473366116297,9.22346101320116,2.969896239681525,0.06414004448164758,0.06493571928356563,0.04765130251318956,-0.017270836971519626,0.5584289936195641,0.8643927233737547,inf,green,False,unknown,0,0.7338226639964158,0.05398486099875299,0.02807411200046772,0.012137655998230912,0.0,0.02800000000002001,0.0020000000000095497,-0.014999999999986358,0.36034599906997755,0.5186529549583444
134.0,17706.359423681,FOLLOW,11.624703493300785,9.222791114134601,2.9831093462806204,0.06494148586009905,0.06485284807194482,0.04795095367849317,-0.018496555105228546,0.5672011581998788,0.8711909689964696,inf,green,False,unknown,0,0.7393808460855651,0.11879408999811858,0.03033746099754353,0.009289101999456761,0.0,0.10099999999999909,0.0,-0.019000000000005457,0.41244400199502707,0.5186529549583444
134.2,17706.621390899,FOLLOW,11.63795169363528,9.22199228829538,2.996333390621692,0.06494281989272865,0.06322116645477954,0.0488507764413661,-0.018454707977051205,0.5843464470971087,0.8643268136263494,inf,green,False,unknown,0,0.7726965378961774,0.07251936600005138,0.03884635400027037,0.014647156000137329,0.0,0.03899999999998727,0.0009999999999763531,-0.023000000000024556,0.4401030018925667,0.5186529549583444
134.3,17706.709165301,FOLLOW,11.642259060599255,9.22170460641766,3.0006311384812205,0.06331279943297033,0.06334718446425722,0.049288265094466065,-0.018063951406493195,0.5853111412992065,0.8668984253134532,inf,green,False,unknown,0,0.7780656000942914,0.04919492699991679,0.009287682998547098,0.010062698998808628,0.0,0.06900000000001683,0.0010000000000047748,0.009000000000014552,23.780409999744734,0.5186529549583444
134.5,17706.958924087,FOLLOW,11.65520241879622,9.22075448270223,3.0135395244121894,0.06359629212837467,0.06350178934441487,0.04995892707073735,-0.017723288319400704,0.5882139811828682,0.8715743897261119,inf,green,False,unknown,0,0.7867325879555133,0.15285027700156206,0.01260763300160761,0.01388572900032159,0.0,0.13700000000000045,0.0,0.0049999999999954525,0.39090399877750315,0.5186529549583444
134.7,17707.20829566,FOLLOW,11.66815941590833,9.219672997726871,3.0264512541308317,0.0630843466144573,0.06298729109079271,0.050833585777709675,-0.017245256725798436,0.596477714687214,0.8717421094512701,inf,green,False,unknown,0,0.8070451181086017,0.14822730199739453,0.0008708399982424453,0.0024390019971178845,0.0,0.14099999999999113,0.0,0.0009999999999763531,0.23629800125490874,0.5186529549583444
134.8,17707.372846388,FOLLOW,11.674594060311001,9.219086651397529,3.032859121545304,0.06308511305005338,0.06298729109079271,0.050833585777709675,-0.017245256725798436,0.596477714687214,0.8717421094512701,inf,green,False,unknown,0,0.8070451181086017,0.31277802999829873,0.04316630199900828,0.043676019999111304,0.0,0.24100000000001387,-0.001999999999981128,-0.0009999999999763531,0.59272400176269,0.5186529549583444
135.0,17707.621704738,FOLLOW,11.687331614152995,9.217827858905597,3.045534266157758,0.06110840872746559,0.04707675128505822,0.040340119300608594,-0.016563607809775616,0.6187992866570656,0.6661355642687419,inf,green,False,unknown,0,0.8569010859806764,0.053609157002938446,0.05562000999998418,0.04617326700099511,0.0,0.03700000000000614,-0.0010000000000047748,-0.0049999999999954525,31.498596999881556,0.5186529549583444
135.2,17707.862625693,FOLLOW,11.698022632727957,9.216667428062184,3.0561620870968236,0.047163185909018045,0.04673112376673254,0.041076952023446626,-0.015701329715523127,0.6261459649762505,0.6660132512783106,inf,green,False,unknown,0,0.8790062962853236,0.02315004800038878,0.022683275001327274,0.0221342779987026,0.0,0.007999999999981355,-0.004000000000019099,-0.009000000000014552,0.35433399898465723,0.5186529549583444
135.3,17708.008601367,FOLLOW,11.702810310169225,9.21611682671576,3.060917995405453,0.046819183270495224,0.09029266094243105,0.03778668317441923,-0.003982589737157108,0.3020484243530102,0.8804141714621432,inf,green,False,unknown,0,0.41849119053553346,0.015588091999234166,0.015096650000486989,0.014461326001764974,0.0,0.006000000000000227,-0.0049999999999954525,-0.01099999999999568,0.4263199989509303,0.5186529549583444
135.5,17708.208298497,FOLLOW,11.71639689634071,9.214477098911093,3.074405251437102,0.08958460299184877,0.08950780128660767,0.03994521917482292,-0.0029753088534835576,0.3134828616985519,0.8869761417543636,inf,green,False,unknown,0,0.4462763982651823,0.1036491240010946,0.0009048390020325314,0.032977283000946045,0.0,0.10800000000000409,-0.003999999999990678,0.019000000000005457,0.5735039994760882,0.5186529549583444
135.7,17708.458488029,FOLLOW,11.734615267335323,9.212150075023615,3.0924743458564876,0.08784421353156616,0.08658982949126413,0.04638784425965169,0.0008582058107270696,0.3467072832745889,0.8980174491476628,inf,green,False,unknown,0,0.5357193163699631,0.030280587998277042,0.004368750000139698,0.034103437999874586,0.0,0.03899999999998727,-0.005000000000023874,0.014999999999986358,20.435203001397895,0.5186529549583444
135.8,17708.610495774,FOLLOW,11.746484072032537,9.210549574190551,3.104234724785812,0.08667484550929684,0.08559779594481552,0.04714519747180579,0.001125565612224419,0.3545221895809547,0.8970199502720274,inf,green,False,unknown,0,0.5507758342539575,0.10577030800050125,0.013067037998553133,0.011826423997263191,0.0,0.07200000000000273,-0.002999999999985903,-0.020999999999986585,0.9218140003213193,0.5186529549583444
136.0,17708.858713451,FOLLOW,11.76097137219188,9.20849303489416,3.118575275223039,0.0844804648013503,0.08439200129793815,0.049058375180932964,0.0028730919286574785,0.3633102301289097,0.8946844157190058,inf,green,False,unknown,0,0.5813154614942346,0.22500101400146377,0.029043990001810016,0.04783659900203929,0.0,0.16399999999998727,-0.002999999999985903,0.00899999999998613,0.4331379968789406,0.5186529549583444
136.2,17709.120282475,FOLLOW,11.778182159184079,9.205893037355256,3.135588467903483,0.08377092070356969,0.08299896458526027,0.054813211416867055,0.007171026107320233,0.3876166279058259,0.907935619532191,inf,green,False,unknown,0,0.6604083760654684,0.13062241000079666,0.04362361599851283,0.05963202199927764,0.0,0.10099999999999909,-0.0030000000000143245,0.0049999999999954525,32.813513000292005,0.5186529549583444
136.3,17709.210152909,FOLLOW,11.786726816968677,9.204534825524314,3.1440244782419877,0.0837712044210512,0.08299896458526027,0.054813211416867055,0.007171026107320233,0.3876166279058259,0.907935619532191,inf,green,False,unknown,0,0.6604083760654684,0.03896678900127881,0.1334940499982622,0.012104610999813303,0.0,0.038000000000010914,0.09700000000000841,0.0030000000000143245,0.47899200217216276,0.5186529549583444
136.5,17709.458768668,FOLLOW,11.803587689626937,9.201713298487677,3.1606475003019128,0.08116900627227484,0.08105889901093621,0.060283633832915594,0.012094250511768836,0.41138037498437124,0.9134666649349126,inf,green,False,unknown,0,0.7437016116488618,0.06012202399870148,0.12545407799916575,0.00029661199732800014,0.0,0.0689999999999884,0.09600000000000364,-0.0010000000000047748,0.340231999871321,0.5186529549583444
136.7,17709.761727805,FOLLOW,11.820241594719313,9.19872515141825,3.177031028511034,0.08187869754445548,0.08008331752192879,0.06476172808400438,0.016230727693440347,0.4286856818521755,0.9217208136894979,inf,green,False,unknown,0,0.8086793865185594,0.10459097799684969,0.041028537998499814,0.04137170799731393,0.0,0.0689999999999884,-0.005000000000023874,-0.005000000000023874,0.5013160007365514,0.5186529549583444
136.8,17709.859130049,FOLLOW,11.828424248619918,9.197179732029129,3.1850664055516447,0.08020102462987624,0.07939433470293618,0.06698418614752272,0.018283249807750118,0.4391573187155433,0.9253380143127826,inf,green,False,unknown,0,0.8436897468585437,0.02570375100185629,0.027327669002261246,0.006470877000538167,0.0,0.029000000000024784,-0.003999999999990678,-0.0069999999999765805,26.19222199791693,0.5186529549583444
137.0,17710.163981865,FOLLOW,11.844623514829568,9.193958918301016,3.200942125706084,0.07905676592545849,0.07903073566309111,0.0696708656387822,0.020884750115707465,0.44856277222912516,0.9314241686886082,inf,green,False,unknown,0,0.8815667101441376,0.12163735200010706,0.0299791940014984,0.014823753001110163,0.0,0.07499999999998863,-0.006000000000000227,-0.01099999999999568,0.5188159993849695,0.5186529549583444
137.2,17710.423179344,FOLLOW,11.860728535283794,9.19053363937501,3.216678541504729,0.07851292315398647,0.07784843075607834,0.07257945252731406,0.024495068095991127,0.4608032477277835,0.9307247503519959,inf,green,False,unknown,0,0.9323174766968199,0.10274847100299667,0.028532978001749143,0.027757028001360595,0.0,0.06699999999997885,-0.01300000000000523,-0.01500000000001478,23.507653997512534,0.5186529549583444
137.3,17710.508996397,FOLLOW,11.866067429570593,9.189347320328697,3.221883961393035,0.07851505661961893,0.07784843075607834,0.07257945252731406,0.024495068095991127,0.4608032477277835,0.9307247503519959,inf,green,False,unknown,0,0.9323174766968199,0.019654862997413147,0.11435003099904861,0.020289715997932944,0.0,0.038000000000010914,0.08700000000001751,0.01700000000002433,0.4673590010497719,0.5186529549583444
137.5,17710.809800893,FOLLOW,11.884507618169017,9.185048797528697,3.2398159047324087,0.07710243030644258,0.07695883422438471,0.0766001899653368,0.02956369721522205,0.47346557249691495,0.9336235027013523,inf,green,False,unknown,0,0.9953397909068862,0.1522489939998195,0.042768101000547176,0.015272732998710126,0.0,0.10499999999998977,-0.009999999999990905,-0.020999999999986585,0.4168859995843377,0.5186529549583444
137.7,17711.068713379,FOLLOW,11.900181738911058,9.181139181129705,3.2549944415957546,0.07628450191804204,0.07571951440422772,0.08019198114631078,0.0347930724836223,0.48649744836321057,0.9322938376479062,inf,green,False,unknown,0,1.0590662364553323,0.03976088900162722,0.056098819000908406,0.026601153000228805,0.0,0.007999999999981355,-0.009000000000014552,-0.025000000000005684,33.06794999662088,0.5186529549583444
137.8,17711.164736551,FOLLOW,11.90536902485138,9.179791701484778,3.260003651650471,0.07628519385031554,0.07571951440422772,0.08019198114631078,0.0347930724836223,0.48649744836321057,0.9322938376479062,inf,green,False,unknown,0,1.0590662364553323,0.05343523199917399,0.029461256999638863,0.05401215700112516,0.0,0.03100000000000591,-0.007999999999981355,0.007000000000005002,0.7656769994355273,0.5186529549583444
138.0,17711.408401297,FOLLOW,11.920836068971335,9.175611012333976,3.2748947903052135,0.07570457731401835,0.07537677758732916,0.0831080884980268,0.03885543068753168,0.49334200686468893,0.9352394689008047,inf,green,False,unknown,0,1.102568870123698,0.05690111300282297,0.010723843002779176,0.026553787000011653,0.0,0.04099999999999682,-0.009999999999990905,0.002999999999985903,0.345112999639241,0.5186529549583444
138.2,17711.661043523,FOLLOW,11.936207881113814,9.171207854253925,3.2896222890724163,0.07516448872138522,0.07500226909300112,0.08347573811017282,0.04001377889638677,0.494085696978035,0.9313674449576396,inf,green,False,unknown,0,1.1129761688498356,0.3095433390008111,0.012719648999336641,0.028534948000014992,0.0,0.24099999999998545,-0.01300000000000523,-0.0010000000000047748,0.38814599975012243,0.5186529549583444
138.3,17711.758286879,FOLLOW,11.941319042766324,9.169687970222599,3.2945022350530575,0.07516577217732577,0.07409443167051348,0.08639476575403887,0.044717441653082585,0.5045035646677698,0.9308149662223881,inf,green,False,unknown,0,1.1660088863117688,0.06303473700245377,0.10996300500119105,0.009627499999623979,0.0,0.07500000000001705,0.08700000000001751,0.03100000000000591,0.33673799771349877,0.5186529549583444
138.5,17712.058752381,FOLLOW,11.961504854494198,9.163405432789952,3.313684985731401,0.0739309364795191,0.07330151710882885,0.08790070660455031,0.047938891520902555,0.509970673328799,0.9264198733269926,inf,green,False,unknown,0,1.1991662665596188,0.017834394999226788,0.017433457000151975,0.0003361950002727099,0.0,0.00899999999998613,-0.012000000000000455,-0.04099999999999682,0.39612900218344294,0.5186529549583444
138.7,17712.319985011,FOLLOW,11.974009014906606,9.159283356191358,3.3254900549917394,0.07367503568351606,0.07261737995939387,0.09090296622798767,0.05293094608534707,0.5199466594647016,0.9278349460100468,inf,green,False,unknown,0,1.2518072984569084,0.02818785500130616,0.04348554700118257,0.03392783799790777,0.0,0.0069999999999765805,-0.009000000000014552,-0.011000000000024102,32.09124299974064,0.5186529549583444
138.8,17712.461588825,FOLLOW,11.981494802178004,9.156729926277915,3.3325268622816853,0.07279915246343696,0.0708449100202028,0.09058673007060317,0.0546770961869328,0.5293572849576905,0.914447683742327,inf,green,False,unknown,0,1.2786625044025126,0.036517799002467655,0.0386915470007807,0.03753718500229297,0.0,0.0030000000000143245,-0.009999999999990905,-0.012999999999976808,29.31593600078486,0.5186529549583444
139.0,17712.7189436,FOLLOW,11.996089026343242,9.151561851321365,3.3461751726435245,0.0707699535920625,0.07066786459408317,0.09241127186562426,0.05792302844878171,0.5330231745894561,0.9157604911809627,inf,green,False,unknown,0,1.307684509733461,0.03834226700200816,0.0432205069992051,0.039930392002133885,0.0,0.00899999999998613,-0.00899999999998613,-0.016999999999995907,27.169990000402322,0.5186529549583444
139.2,17712.965488988,FOLLOW,12.010523104539537,9.146197684474151,3.3595752589880377,0.0704476845327095,0.07145861076831973,0.09520270965637116,0.061583054409426644,0.5318886995471337,0.9248815536157539,inf,green,False,unknown,0,1.3322776448178317,0.01979474399922765,0.039370228001644136,0.027773409001383698,0.0,0.001999999999981128,-0.011000000000024102,-0.021000000000015007,24.845071999152424,0.5186529549583444
139.3,17713.062281849,FOLLOW,12.015313070963849,9.144361423006966,3.363999268966813,0.07042424384737071,0.07145861076831973,0.09520270965637116,0.061583054409426644,0.5318886995471337,0.9248815536157539,inf,green,False,unknown,0,1.3322776448178317,0.00972271700084093,0.014532572000462096,0.031008990001282655,0.0,0.008000000000009777,-0.007999999999981355,0.011000000000024102,1.0027209973486606,0.5186529549583444
139.5,17713.312548509,FOLLOW,12.029921246476349,9.138587178842156,3.377417550529308,0.07160300686262576,0.07130957943163102,0.0964874519860688,0.06431771648574222,0.5329148050479741,0.9239689221321261,inf,green,False,unknown,0,1.3530784048246616,0.006397447999916039,0.01355438199971104,0.030186513999069575,0.0,0.0049999999999954525,-0.00899999999998613,0.007000000000005002,0.4854790022363886,0.5186529549583444
139.7,17713.559097141,FOLLOW,12.044499585665609,9.132562068941164,3.39069230956025,0.07159926612867759,0.07138874824089832,0.09832631882591467,0.06712429079375053,0.5362388489302352,0.9282905483281806,inf,green,False,unknown,0,1.377336362505148,0.1690021029971831,0.013695567999093328,0.042980693997378694,0.0,0.16599999999999682,-0.009000000000014552,0.002999999999985903,0.3841130019281991,0.5186529549583444
139.8,17713.712326905,FOLLOW,12.051801737235937,9.12944467529747,3.3972955568916348,0.07159628580603944,0.07065754050211297,0.0998181577378443,0.07101122557899521,0.5425553634170981,0.9249811634184364,inf,green,False,unknown,0,1.4127035420212413,0.08460301100058132,0.012662991997785866,0.012013542000204325,0.0,0.04100000000002524,-0.009999999999990905,0.0010000000000047748,0.7996090025699232,0.5186529549583444
140.0,17713.961834157,FOLLOW,12.066282273452595,9.123064895632178,3.410294682283173,0.07083718806184872,0.07065030489364077,0.10076791758451496,0.07238978354708712,0.545691447470146,0.9279637374871427,inf,green,False,unknown,0,1.426291333579016,0.18339202199786087,0.042948536000039894,0.044062056000257144,0.0,0.13999999999998636,-0.01099999999999568,-0.002999999999985903,0.42244100040988997,0.5186529549583444
140.2,17714.209595013,FOLLOW,12.080737431617735,9.116431288601463,3.423137567023079,0.07083718102432449,0.07084396819558703,0.10304973977455176,0.0772872505673689,0.5426504303487268,0.9275152375997449,inf,green,False,unknown,0,1.454601462894492,0.05782784799885121,0.027759218999563018,0.02839502399729099,0.0,0.04200000000000159,-0.010000000000019327,-0.007000000000005002,0.44885500028613023,0.5186529549583444
140.3,17714.314421207,FOLLOW,12.085568276212383,9.114155339781062,3.4273986754204526,0.07103883265232998,0.07054038326231098,0.10360136372098919,0.07856986144250216,0.54692402184612,0.9277275475182535,inf,green,False,unknown,0,1.46868161086874,0.07088857900089351,0.13258541300092475,0.02205693100040662,0.0,0.06900000000001683,0.09000000000000341,0.025000000000005684,0.3446609989623539,0.5186529549583444
140.5,17714.567682921,FOLLOW,12.100020248507041,9.107168175864883,3.440049029732588,0.07104521750171598,0.07073791414554913,0.1053139223844954,0.08131721279082198,0.5487520010399533,0.9321213554858632,inf,green,False,unknown,0,1.4887903277414043,0.11845482100034133,0.12276385699806269,0.013024607997067505,0.0,0.09399999999999409,0.08899999999999864,0.020999999999986585,0.9175619998131879,0.5186529549583444
140.7,17714.812317218,FOLLOW,12.114497343118137,9.099900263416764,3.4525692493010025,0.07091432323085492,0.07079393968295458,0.10640911789956747,0.08386504620898975,0.547305182465528,0.9314370270668733,inf,green,False,unknown,0,1.503082303034876,0.043374216998927295,0.014136115998553578,0.047135877997789066,0.0,0.028999999999996362,-0.01300000000000523,0.016999999999995907,0.4873470024904236,0.5186529549583444
140.8,17714.966332386,FOLLOW,12.124132031460494,9.094914621910965,3.4608135860063496,0.07034558801591978,0.07010750869157042,0.10617164641690545,0.08513732842388615,0.5498758350016187,0.9249087271984542,inf,green,False,unknown,0,1.514411913907751,0.19738938500086078,0.034612502000527456,0.030612237998866476,0.0,0.1290000000000191,-0.01099999999999568,-0.018999999999977035,0.39937299879966304,0.5186529549583444
141.0,17715.208474164,FOLLOW,12.138478614529504,9.087270602938109,3.47295383455733,0.07034415417690688,0.06993408434845577,0.10776145845325358,0.08960847144354808,0.5489436341836085,0.9217153354850921,inf,green,False,unknown,0,1.5409003986713823,0.03563613799997256,0.009374504999868805,0.005179119998501847,0.0,0.03899999999998727,-0.014000000000010004,-0.022999999999996135,29.644719001225894,0.5186529549583444
141.2,17715.460070974,FOLLOW,12.150406922335668,9.080715579410784,3.4829193950766557,0.07012403598474326,0.06939043199811569,0.10842673536199343,0.09296416342432243,0.5499887758968319,0.9155573826783652,inf,green,False,unknown,0,1.5625603161677648,0.07222281800204655,0.01351844000237179,0.012960234002093785,0.0,0.03799999999998249,-0.01300000000000523,0.0069999999999765805,0.737697999284137,0.5186529549583444
141.3,17715.558689662,FOLLOW,12.157524479818433,9.07671749903801,3.4888079026946346,0.06965064188135539,0.06792477479354758,0.10708298010096853,0.0936039527390321,0.5581548670960341,0.9039229661783281,inf,green,False,unknown,0,1.5764937083183488,0.04302483599894913,0.0007476579994545318,0.017183251002279576,0.0,0.038000000000010914,-0.01099999999999568,0.005000000000023874,30.45117099827621,0.5186529549583444
141.5,17715.80992224,FOLLOW,12.171549229479844,9.06864995215502,3.50027963453934,0.06851584954756161,0.068833093097062,0.10861473495734053,0.09639268133706558,0.5458580283163736,0.9042546349958952,inf,green,False,unknown,0,1.5779435453261148,0.012763059999997495,0.11679347700192011,0.01160579000134021,0.0,0.036000000000001364,0.08799999999999386,0.0010000000000047748,0.34873799813794903,0.5186529549583444
141.7,17716.109533585,FOLLOW,12.188056947556904,9.058833696737086,3.513551068828788,0.06985665549922351,0.06933990923017493,0.11076722469032073,0.09913537724894818,0.5486751378666141,0.9136256659527044,inf,green,False,unknown,0,1.5974526923972048,0.06168040199918323,0.019369943998754025,0.003965741001593415,0.0,0.03299999999998704,-0.014000000000010004,-0.03700000000000614,0.4170020001765806,0.5186529549583444
141.8,17716.213297952,FOLLOW,12.192787140056856,9.055957746497878,3.5173065385707187,0.06961580363218511,0.06960447874170407,0.11181951019505726,0.09981172194130195,0.5529581751940281,0.9212521812086921,inf,green,False,unknown,0,1.606498780200759,0.006034775000443915,0.012213032998261042,0.014299646998551907,0.0,0.006000000000000227,-0.015999999999991132,-0.0049999999999954525,27.980044000287307,0.5186529549583444
142.0,17716.460374386,FOLLOW,12.207013369509621,9.047139689845386,3.528469831378642,0.06981969886529828,0.0686164783983325,0.10842227571409814,0.1042853861981062,0.508395326053413,0.8657067814901419,inf,green,False,unknown,0,1.5801200855089788,0.01046444299936411,0.014393851997738238,0.014927795000403421,0.0,0.0049999999999954525,-0.012000000000000455,-0.00899999999998613,22.559449000254972,0.5186529549583444
142.2,17716.709563186,FOLLOW,12.221019674545662,9.038214525384289,3.539263825526269,0.06725571248913154,0.06727976071665917,0.10724285069859565,0.10474608486334185,0.5180018178737269,0.8578186478333679,inf,green,False,unknown,0,1.593983830445479,0.1125589500006754,0.015461872000742005,0.01574045099914656,0.0,0.10799999999997567,-0.014000000000010004,-0.01300000000000523,29.275158001837553,0.5186529549583444
142.3,17716.862007759,FOLLOW,12.227891409296,9.033749091231817,3.544486872761057,0.06753393799676995,0.06852808956615632,0.10944312967881925,0.10720695428686577,0.5082151972179408,0.8644201719485469,inf,green,False,unknown,0,1.5970550233005398,0.01665059899823973,0.016181717997824308,0.015544491998298327,0.0,0.0030000000000143245,-0.014999999999986358,-0.014999999999986358,0.45323200174607337,0.5186529549583444
142.5,17717.060993415,FOLLOW,12.239526478496119,9.02605996680074,3.5532189137175365,0.06863048222810879,0.06836163384264145,0.109834190965591,0.10874855314494933,0.5088082077347321,0.8628835268104026,inf,green,False,unknown,0,1.6066642178040003,0.004471789001399884,0.11610054100310663,0.012631501002033474,0.0,0.03200000000001069,0.08600000000001273,0.014999999999986358,0.7162459987739567,0.5186529549583444
142.7,17717.369448577,FOLLOW,12.25590130334936,9.014968858675713,3.5652649658703783,0.06918394034289259,0.06832244903781814,0.1116719760670887,0.11214755338656546,0.51635194833258,0.8695473512591397,inf,green,False,unknown,0,1.6344843845582224,0.038143399000546196,0.04437691600105609,0.03964906499822973,0.0,0.0,-0.01300000000000523,-0.023000000000024556,23.094708001735853,0.5186529549583444
142.8,17717.462252099,FOLLOW,12.26060890514701,9.011722390160891,3.5686740535234183,0.06914157304512118,0.06832244903781814,0.1116719760670887,0.11214755338656546,0.51635194833258,0.8695473512591397,inf,green,False,unknown,0,1.6344843845582224,0.026434573002916295,0.029816362002748065,0.04490916900249431,0.0,0.006000000000000227,-0.013999999999981583,0.009000000000014552,0.41394499930902384,0.5186529549583444
143.0,17717.709202663,FOLLOW,12.274576094348499,9.0019399879621,3.5786429558062074,0.06828226717765379,0.06738242924675139,0.11095357151121638,0.11426027134086447,0.5166737571014073,0.8578847858366576,inf,green,True,unknown,0,1.646624687645342,0.023523548003140604,0.002229100002296036,0.022145770002680365,0.0,0.03499999999999659,-0.014999999999986358,0.0049999999999954525,0.38432699875556864,0.5186529549583444
143.2,17717.966983841,FOLLOW,12.288354985172543,8.992071750780669,3.588258988129101,0.06750052646556895,0.06733780077449762,0.11227151486553415,0.11723357138441515,0.5206725655285009,0.8610564693903305,inf,green,True,unknown,0,1.6672881141680225,0.010191289002250414,0.013717608999286313,0.02984557899981155,0.0,0.006000000000000227,-0.016000000000019554,0.0009999999999763531,0.3325990001030732,0.5186529549583444
143.3,17718.120978283,FOLLOW,12.295248827462583,8.987054313991685,3.592986560752883,0.06764142970869992,0.06682735541043555,0.11149062090518778,0.117977730599372,0.5179066784414628,0.8519621643586114,inf,green,False,unknown,0,1.6683380663568463,0.06913017700208002,0.04208201800065581,0.044442462000006344,0.0,0.04100000000002524,-0.014999999999986358,-0.0009999999999763531,32.170357000723016,0.5186529549583444
143.5,17718.309219933,FOLLOW,12.30660283128847,8.978675265546316,3.6006482423161414,0.06712526907677724,0.07003351331771301,0.11629922357722222,0.12011712865212205,0.49981846210293845,0.875242336794586,inf,green,True,unknown,0,1.6606224372840024,0.0005143849994055927,0.1059086559980642,0.02259466899704421,0.0,0.026999999999986812,0.08500000000000796,0.028999999999996362,0.3838060001726262,0.5186529549583444
143.7,17718.615905387,FOLLOW,12.323219289214666,8.966159072967848,3.6115768702481503,0.07040832279324284,0.070142461545599,0.11691137734602645,0.12129792270362315,0.49955381731999615,0.8763460977717308,inf,green,False,unknown,0,1.6667703808772578,0.30719983900053194,0.032466276999912225,0.045634179001353914,0.0,0.22699999999997544,-0.01700000000002433,-0.009000000000014552,1.042206000420265,0.5186529549583444
143.8,17718.71982888,FOLLOW,12.33040197632437,8.96065794650747,3.616195103664257,0.0704650347421605,0.070142461545599,0.11691137734602645,0.12129792270362315,0.49955381731999615,0.8763460977717308,inf,green,False,unknown,0,1.6667703808772578,0.4111233319999883,0.01269190799939679,0.01359760500054108,0.0,0.3269999999999982,-0.013999999999981583,-0.01099999999999568,0.5196189995331224,0.5186529549583444
144.0,17718.965261866,FOLLOW,12.344631609770097,8.949602024393135,3.6251527935644567,0.06833070192358814,0.06996542691299872,0.1178418566985818,0.12651702434492018,0.48943075148452975,0.86429725329395,inf,green,True,unknown,0,1.6842869671204455,0.04446952099897317,0.012050436998833902,0.012495077000494348,0.0,0.06800000000001205,-0.014999999999986358,-0.014999999999986358,35.42252300030668,0.5186529549583444
144.2,17719.208576516,FOLLOW,12.35642977113997,8.940278176239497,3.632381777269515,0.07012011344404458,0.06983693672803716,0.11812846482128903,0.12574136933241792,0.5004492985327028,0.8733975095615807,inf,green,True,unknown,0,1.69148978113561,0.10439052999936393,0.11488607700084685,0.009871097001450835,0.0,0.1419999999999959,0.08399999999997476,0.014999999999986358,0.43951699990429915,0.5186529549583444
144.3,17719.364315971,FOLLOW,12.365966652591405,8.932639551836463,3.638091573622766,0.07012235453902052,0.06983693672803716,0.11812846482128903,0.12574136933241792,0.5004492985327028,0.8733975095615807,inf,green,True,unknown,0,1.69148978113561,0.26012998499936657,0.02175537000221084,0.020808270000998164,0.0,0.24200000000001864,-0.018999999999977035,-0.020999999999986585,0.49929799934034236,0.5186529549583444
144.5,17719.617232291,FOLLOW,12.377945552436842,8.92291939100399,3.6450921450100155,0.07106335027119613,0.07050279671389549,0.12001161828094352,0.12930750277600447,0.4926137125876047,0.8740522655916587,inf,green,True,unknown,0,1.7022249311322748,0.020699239998066332,0.13966522099872236,0.019970989997091237,0.0,0.07499999999998863,0.08199999999999363,0.00899999999998613,0.7547839995822869,0.5186529549583444
144.7,17719.912285005,FOLLOW,12.394787585814889,8.909022121200453,3.6546053988077385,0.0706856768460121,0.07036930816445693,0.11984683433337748,0.13008947479880145,0.4894422551846101,0.869297724299658,inf,green,True,unknown,0,1.703112300795808,0.31575195400000666,0.02828291300102137,0.012177906999568222,0.0,0.27499999999997726,-0.019000000000005457,-0.029000000000024784,0.8001559981494211,0.5186529549583444
144.8,17720.010573867,FOLLOW,12.399593427962982,8.905008484740488,3.657248644933755,0.07069222681230879,0.07036930816445693,0.11984683433337748,0.13008947479880145,0.4894422551846101,0.869297724299658,inf,green,True,unknown,0,1.703112300795808,0.41404081599830533,0.12657177499932004,0.01790070199785987,0.0,0.375,0.08100000000001728,0.0030000000000143245,0.5704270006390288,0.5186529549583444
145.0,17720.268887946,FOLLOW,12.414013378453014,8.89284133532732,3.664987241583002,0.07078296746607295,0.07046486422519278,0.12064477810708327,0.1344909597413183,0.47551610653065585,0.8568489385229459,inf,green,True,unknown,0,1.712126737681984,0.14563817900125287,0.1216677560005337,0.012052671998389997,0.0,0.1529999999999916,0.07900000000000773,-0.0010000000000047748,0.4933119998895563,0.5186529549583444
145.2,17720.517900071,FOLLOW,12.428443845838148,8.880483708985745,3.672438267376966,0.07072990736981404,0.07020178277493945,0.12039343220266034,0.1350657642172109,0.4753909080983873,0.8535278107427775,inf,green,True,unknown,0,1.7149626041354358,0.01809668799978681,0.12532457999986946,0.01754369600166683,0.0,0.05099999999998772,0.0759999999999934,-0.005000000000023874,0.603598997258814,0.5186529549583444
145.3,17720.673467882,FOLLOW,12.435641678675871,8.874253997683786,3.6760436725859105,0.070575444348274,0.07010528264931443,0.1211160571046922,0.13470717663273615,0.4902595857467575,0.8668319429171945,inf,green,True,unknown,0,1.7276309648524983,0.11201843700109748,0.01856729599967366,0.01776616200004355,0.0,0.09000000000000341,-0.022999999999996135,-0.0069999999999765805,0.5092419996799435,0.5186529549583444
145.5,17720.866182581,FOLLOW,12.44761698174578,8.863795108525574,3.681875904492957,0.0703188325779809,0.07010528264931443,0.1211160571046922,0.13470717663273615,0.4902595857467575,0.8668319429171945,inf,green,True,unknown,0,1.7276309648524983,0.3047331360030512,0.11043588500251644,0.053535688002739334,0.0,0.28999999999999204,0.07800000000000296,0.022999999999996135,0.28957099857507274,0.5186529549583444
145.7,17721.165858541,FOLLOW,12.462035784316209,8.851050326034345,3.688618497120743,0.07103293588104904,0.07081521290743084,0.12252375660290615,0.13737250018860214,0.4789915040363195,0.8645273680854836,inf,green,False,unknown,0,1.7301897653413592,0.1012490440007241,0.12439454400009708,0.01828807499987306,0.0,0.09099999999997976,0.07899999999997931,0.018999999999977035,3.92425199970603,0.5186529549583444
145.8,17721.308852851,FOLLOW,12.47162107315309,8.842489403131827,3.6929297034640953,0.06879306655910407,0.06843994164881051,0.11966870758087401,0.13726341283720583,0.4986626251990606,0.8542280226470915,inf,green,False,unknown,0,1.748521472957069,0.10988217500198516,0.000622350002231542,0.001725907000945881,0.0,0.09000000000000341,-0.022999999999996135,-0.016999999999995907,0.4103479986952152,0.5186529549583444
146.1,17721.659013086,FOLLOW,12.490440334677004,8.825483699405519,3.7009883170833144,0.06995797885523447,0.0702745352368048,0.122624532982178,0.1392802065380398,0.4844519493260902,0.8632562455302364,inf,green,False,unknown,0,1.7449355242118485,0.005797868998342892,0.10515401299926452,0.029571704999398207,0.0,0.03299999999998704,0.07200000000000273,0.01099999999999568,27.292037000734126,0.5186529549583444
146.3,17721.920836701,FOLLOW,12.504795884277792,8.812344174385759,3.706769741751977,0.07051489120655448,0.0702745352368048,0.122624532982178,0.1392802065380398,0.4844519493260902,0.8632562455302364,inf,green,False,unknown,0,1.7449355242118485,0.2676214839993918,0.12001260399847524,0.0426762780007266,0.0,0.2330000000000041,0.07500000000001705,0.007000000000005002,0.542894998943666,0.5186529549583444
146.5,17722.213935121,FOLLOW,12.519321469252763,8.79891054352531,3.712294223651093,0.07189535467922634,0.07156896952115552,0.12503134217014075,0.1411720404266666,0.4767290423838454,0.8714804737872401,inf,green,False,unknown,0,1.7470049241547618,0.11930266700073844,0.014209679997293279,0.04923490299916011,0.0,0.10200000000000387,-0.025000000000005684,0.002999999999985903,0.4130080014874693,0.5186529549583444
146.7,17722.459505714,FOLLOW,12.531550724213703,8.787498446158459,3.716688951436681,0.07201502348960812,0.07222452256619423,0.12615105177495803,0.14174745844794462,0.47331784413449324,0.8760411714048862,inf,green,False,unknown,0,1.7466512382873807,0.0631780420007999,0.10605448899877956,0.06728780499906861,0.0,0.08999999999997499,0.07399999999998386,0.03299999999998704,2.1354800010158215,0.5186529549583444
146.8,17722.616731015,FOLLOW,12.541419572508296,8.778224431021432,3.7200630738982627,0.07267652654084777,0.07281325275330552,0.12691321168503783,0.1421392296848517,0.467332221030591,0.8771288920970316,inf,green,False,unknown,0,1.7429960465442373,0.22040334300254472,0.12229132900029072,0.028404480002791388,0.0,0.18999999999999773,0.07099999999999795,-0.002999999999985903,0.6186279970279429,0.5186529549583444
147.0,17722.859666803,FOLLOW,12.553858993901253,8.766456947901531,3.7240954589043893,0.07319453632341644,0.07291881599015068,0.12718291861139056,0.14267438986601838,0.4657465799290573,0.8767946604992947,inf,green,False,unknown,0,1.7441714718539787,0.0008936180020100437,0.1017931230016984,0.0002539550005167257,0.0,0.04200000000000159,0.0730000000000075,0.026999999999986812,0.6276079984672833,0.5186529549583444
147.2,17723.158715096,FOLLOW,12.571286166789578,8.74983476995905,3.7293288372567717,0.07306828922099647,0.07265172700024962,0.1268159801161155,0.14311806273550637,0.4648481275305464,0.8726765285836989,inf,green,False,unknown,0,1.7455329054418733,0.29994191100195167,0.01364029400065192,0.02876593000110006,0.0,0.24199999999999022,-0.02400000000000091,-0.011000000000024102,0.7245240012707654,0.5186529549583444
147.3,17723.258712632,FOLLOW,12.576254691205339,8.745068334451023,3.730731413367425,0.07306521190223644,0.07265172700024962,0.1268159801161155,0.14311806273550637,0.4648481275305464,0.8726765285836989,inf,green,False,unknown,0,1.7455329054418733,0.3999394470010884,0.11363782999978866,0.02160450600058539,0.0,0.34200000000001296,0.07600000000002183,0.021000000000015007,0.2769560014712624,0.5186529549583444
147.5,17723.515110404,FOLLOW,12.591180103312325,8.730681857382752,3.734704550967363,0.07382650152773387,0.07333918489846392,0.12781929629499234,0.1456537517123042,0.4483241117297415,0.8641027622773982,inf,green,False,unknown,0,1.742851334821278,0.15388751900172792,0.06543501800115337,0.015304218002711423,0.0,0.1769999999999925,0.07400000000001228,0.016999999999995907,0.4011649980384391,0.5186529549583444
147.7,17723.821888736,FOLLOW,12.606288459456747,8.716022134600818,3.73835736509694,0.07581031814754972,0.07533823703122722,0.13002624243883704,0.14645907977609557,0.4254263051871495,0.8636967032222163,inf,green,False,unknown,0,1.7258997232035305,0.16509841600054642,0.11645288799991249,0.04480812600013451,0.0,0.13999999999998636,0.07499999999998863,0.012999999999976808,0.3883279969159048,0.5186529549583444
147.8,17723.960788292,FOLLOW,12.616595451529479,8.705970319886832,3.7406361079428656,0.07583889777466558,0.07356094014742208,0.12792367387013628,0.14594562610177333,0.4425557121156161,0.8608220876361864,inf,green,False,unknown,0,1.7390162987825724,0.03395322799769929,0.03057056699981331,0.030951928998547373,0.0,0.038000000000010914,-0.02400000000000091,-0.022999999999996135,31.84655999939423,0.5186529549583444
148.0,17724.211336224,FOLLOW,12.631816666534899,8.69105796130194,3.7436848437538286,0.07396816543137347,0.07442179100406719,0.1289304685683078,0.14551785284374377,0.43771428337060897,0.8658916294184636,inf,green,False,unknown,0,1.7324289946376281,0.12406916700274451,0.012983779000933282,0.011682076001306996,0.0,0.12899999999999068,-0.02600000000001046,-0.026999999999986812,1.0353319994464982,0.5186529549583444
148.2,17724.458719301,FOLLOW,12.644542917171634,8.678533654377468,3.745941688246461,0.0749181123878258,0.07442179100406719,0.1289304685683078,0.14551785284374377,0.43771428337060897,0.8658916294184636,inf,green,False,unknown,0,1.7324289946376281,0.3714522440022847,0.11731774100189796,0.02163670300069498,0.0,0.3289999999999793,0.07099999999999795,0.002999999999985903,0.3223059975425713,0.5186529549583444
148.3,17724.608858053,FOLLOW,12.654728972461053,8.668476474998482,3.747556161900776,0.07493013964148955,0.07442179100406719,0.1289304685683078,0.14551785284374377,0.43771428337060897,0.8658916294184636,inf,green,False,unknown,0,1.7324289946376281,0.5215909960024874,0.01031996900201193,0.009147298002062598,0.0,0.42900000000000205,-0.027999999999991587,-0.03299999999998704,0.34397099807392806,0.5186529549583444
148.5,17724.858939123,FOLLOW,12.66746363534712,8.655866737160245,3.749333884976107,0.07495777814520865,0.07563331525407238,0.13047119025733386,0.1457821564063897,0.4282395219669934,0.8700347343168308,inf,green,False,unknown,0,1.7250492037674998,0.07251271900167922,0.11155428500205744,0.014052536000235705,0.0,0.09100000000000819,0.0730000000000075,-0.002999999999985903,0.5175129990675487,0.5186529549583444
148.7,17725.112582449,FOLLOW,12.682949345964145,8.640486493524916,3.751134570590709,0.07613045307214905,0.07596696595691324,0.1307277907520975,0.14602789212790138,0.4223156122969042,0.8676225295166275,inf,green,False,unknown,0,1.720850492123687,0.008458783999230945,0.11211341500165872,0.011035801999241812,0.0,0.04200000000000159,0.07099999999999795,-0.007000000000005002,25.66571799980011,0.5186529549583444
148.8,17725.262307873,FOLLOW,12.690737603455078,8.632735069678953,3.751890634998592,0.07649834078001058,0.07652621986960509,0.13136028424843493,0.14606594853923272,0.4174188083983774,0.8688051591256226,inf,green,False,unknown,0,1.7165395660763456,0.07833496099920012,0.12111222000021371,0.007519039998442167,0.0,0.08899999999999864,0.07099999999999795,-0.00899999999998613,0.9997920024034102,0.5186529549583444
149.0,17725.51015039,FOLLOW,12.706327258743972,8.617193090815855,3.7531035490340794,0.07544039323797579,0.07641769566795129,0.1310335781965859,0.14637967612859448,0.41367074387772745,0.8635950455494962,inf,green,False,unknown,0,1.7147020340151382,0.1585868770016532,0.01768662900212803,0.01715784000043641,0.0,0.15799999999998704,-0.027999999999991587,-0.01300000000000523,0.2820570007315837,0.5186529549583444
149.2,17725.812993699,FOLLOW,12.724607413164726,8.598936398155589,3.7540160372396554,0.07712240010069164,0.07337409650208467,0.12682086902244022,0.1441351264511671,0.44091748606823444,0.8569661218480706,inf,green,False,unknown,0,1.7284147276530628,0.12128845100232866,0.035821319001115626,0.03427678600201034,0.0,0.07999999999998408,-0.02800000000002001,-0.051000000000016144,0.4759719995490741,0.5186529549583444
149.3,17725.866174924,FOLLOW,12.727230023814453,8.59631519948981,3.754102084753196,0.07714943140738537,0.07337409650208467,0.12682086902244022,0.1441351264511671,0.44091748606823444,0.8569661218480706,inf,green,False,unknown,0,1.7284147276530628,0.17446967599971686,0.08900254399850382,0.04660195599717554,0.0,0.18000000000000682,0.07200000000000273,0.01500000000001478,0.4526250013441313,0.5186529549583444
149.5,17726.172493649,FOLLOW,12.745087537349441,8.578460590737244,3.7543865633935694,0.0763671034600973,0.07677636528726398,0.13102397932896023,0.14398804995652695,0.41822385541375917,0.8725035223611144,inf,green,False,unknown,0,1.7065665825508298,0.09097883099821047,0.03098583300015889,0.03233745499892393,0.0,0.056000000000011596,-0.027999999999991587,-0.022999999999996135,0.4135029994358774,0.5186529549583444
149.7,17726.410462561,FOLLOW,12.758242301662538,8.565306695624608,3.754258343895745,0.07830877436423189,0.07755424060495851,0.1321047702579411,0.14434162545153334,0.41283613521521906,0.8755401278178567,inf,green,False,unknown,0,1.7033855173806556,0.20676582700252766,0.11571943899980397,0.030031313002837123,0.0,0.15799999999998704,0.06799999999998363,0.0069999999999765805,0.31644999762647785,0.5186529549583444
149.8,17726.572668069,FOLLOW,12.768807145733657,8.554746435338684,3.7539513276426115,0.07575467205555055,0.07557678028889823,0.12930060169775837,0.1432551380995118,0.42687845157411114,0.8679557091700135,inf,green,False,unknown,0,1.7108508883746643,0.01851575199907529,0.022459754996816628,0.022804837997682625,0.0,0.014000000000010004,-0.028999999999996362,-0.028999999999996362,34.43899100238923,0.5186529549583444
150.0,17726.811369559,FOLLOW,12.781790389531816,8.541778559834626,3.753324629907193,0.07788948316231178,0.07824642958219769,0.13210336669426923,0.14309423345170993,0.4037145148014312,0.8734415442583385,inf,green,False,unknown,0,1.6882989728687232,0.0655083999990893,0.12806217999968794,0.02131847200143966,0.0,0.06700000000000728,0.06999999999999318,0.0010000000000047748,28.57583099830663,0.5186529549583444
150.2,17727.06307896,FOLLOW,12.79782136965624,8.525789421247609,3.7521732293660532,0.07893701658273483,0.07856332081389968,0.13253091098140798,0.14297344027212674,0.4029410588491908,0.8761349444586289,inf,green,False,unknown,0,1.6869311226716908,0.00735277599960682,0.12719178699990152,0.035428974999376805,0.0,0.033999999999991815,0.0689999999999884,-0.0030000000000143245,0.4465749989321921,0.5186529549583444
150.3,17727.169700044,FOLLOW,12.803210024277206,8.520422219105349,3.7516930195154963,0.0792469233716997,0.07855092296717182,0.13282965459306845,0.14281139352863884,0.40817932985564165,0.8817115594882092,inf,green,False,unknown,0,1.691000558307646,0.11397385999953258,0.10401911399821984,0.03192606000084197,0.0,0.13400000000001455,0.0700000000000216,0.029000000000024784,0.5888580017199274,0.5186529549583444
150.5,17727.458952799,FOLLOW,12.822084469910703,8.501660334361498,3.7496414128821858,0.07935293634531544,0.07869366722958387,0.13252716584446375,0.14221166263871118,0.40422191624987097,0.8789884980014671,inf,green,False,unknown,0,1.684089336665732,0.25852938999742037,0.0012959089981450234,0.02537439799925778,0.0,0.21700000000001296,-0.03200000000001069,-0.00899999999998613,0.2658320008777082,0.5186529549583444
150.7,17727.708736162,FOLLOW,12.838315764689574,8.485582484823414,3.7474181616060327,0.08078462006708842,0.08012357363228002,0.1336797728658148,0.14168841373636185,0.3906502207652293,0.8798572386230737,inf,green,True,unknown,0,1.6684200018252577,0.0014462360013567377,0.06436349599971436,0.0038182659991434775,0.0,0.036000000000001364,0.0660000000000025,-0.01300000000000523,0.2910639996116515,0.5186529549583444
150.8,17727.862156254,FOLLOW,12.84659230560528,8.477408125470166,3.7461219870027627,0.08193361919068363,0.08126948874345415,0.13772873972266392,0.1398907979604049,0.42836050116830837,0.9350060336836092,inf,green,True,unknown,0,1.6947164532735821,0.03809451399865793,0.12186826199831557,0.014261435000662459,0.0,0.049000000000006594,0.06499999999999773,-0.014999999999986358,0.31108700204640627,0.5186529549583444
151.0,17728.109475905,FOLLOW,12.86609894395613,8.458217306969878,3.742630606756726,0.08217120418666714,0.08154011133734289,0.13753400950196884,0.13952782804051655,0.4219799552611279,0.9308935704035625,inf,green,True,unknown,0,1.6867037246609995,0.14335859999846434,0.014380205000634305,0.0005464399982884061,0.0,0.14599999999998658,-0.03299999999998704,-0.05299999999999727,1.0322710004402325,0.5186529549583444
151.2,17728.358956508,FOLLOW,12.880112237652094,8.444504506332521,3.7397455952066694,0.0825640059113886,0.08178647656670117,0.13687015270488892,0.13758836254852888,0.41904358682065906,0.93037068223076,inf,green,True,unknown,0,1.6735059199336473,0.08058906700171065,0.10729916999844136,0.0034315590019105002,0.0,0.07999999999998408,0.06699999999997885,-0.023000000000024556,0.22782700034440495,0.5186529549583444
151.3,17728.50902944,FOLLOW,12.888514470167854,8.436315298101867,3.737865861054242,0.08236727681548289,0.0820074003721125,0.13652087432266638,0.1364036524890721,0.4166201482881922,0.9301235479528287,inf,green,True,unknown,0,1.6647384712013351,0.014526685001328588,0.1464605399996799,0.012439398000424262,0.0,0.014000000000010004,0.06700000000000728,-0.024999999999977263,36.67088500151294,0.5186529549583444
151.5,17728.765646041,FOLLOW,12.902537316148743,8.42270769252459,3.7344798436717936,0.08256717372806445,0.08300629363567157,0.1373840272763494,0.13511383566855675,0.4139812337760819,0.9384106292325511,inf,green,True,unknown,0,1.655103742848112,0.04348216400103411,0.11846805999812204,0.04589757500070846,0.0,0.07099999999999795,0.0660000000000025,0.0049999999999954525,36.58626600008574,0.5186529549583444
151.7,17729.009836304,FOLLOW,12.919538581000982,8.406318361708614,3.729961528125785,0.08354382146479676,0.08300629363567157,0.1373840272763494,0.13511383566855675,0.4139812337760819,0.9384106292325511,inf,green,True,unknown,0,1.655103742848112,0.2876724270026898,0.10062907800238463,0.01450617400041665,0.0,0.2709999999999866,0.06699999999997885,0.0009999999999763531,0.2717449970077723,0.5186529549583444
151.8,17729.165293398,FOLLOW,12.928059344633557,8.398152523905264,3.727528117765531,0.08353037714020807,0.08300629363567157,0.1373840272763494,0.13511383566855675,0.4139812337760819,0.9384106292325511,inf,green,True,unknown,0,1.655103742848112,0.4431295210015378,0.1398883139991085,0.0403611980000278,0.0,0.3710000000000093,0.06700000000000728,-0.0009999999999763531,0.3385050003998913,0.5186529549583444
152.0,17729.410120098,FOLLOW,12.942322692850897,8.384560749660263,3.7232039781151194,0.08449426012511663,0.08399010080387312,0.13721804556547537,0.1323850663795622,0.4077241608159931,0.9422338012313761,inf,green,True,stop,0,1.6337406938693388,0.20638219200191088,0.10322367000117083,0.043932215001404984,0.0,0.1769999999999925,0.06499999999999773,0.028999999999996362,0.31069800024852157,0.5186529549583444
152.2,17729.711940237,FOLLOW,12.962381801898378,8.365620661763066,3.716600397686496,0.0841180060995822,0.08365061389594154,0.13624152243051224,0.13162030298305674,0.4069884274080158,0.9375705188833469,inf,green,True,unknown,0,1.6286972215170108,0.30058792700219783,0.127243177001219,0.022229248999792617,0.0,0.242999999999995,0.06399999999999295,-0.009000000000014552,0.43399000060162507,0.5186529549583444
152.3,17729.85856413,FOLLOW,12.970961206730612,8.35758620246903,3.7135916388013253,0.08409913280993772,0.08485893058146463,0.1364845371731302,0.12971052930634802,0.39764607379841144,0.940102677847739,inf,green,True,unknown,0,1.6083697524576386,0.07268016800298938,0.13579367000056664,0.009026331001223298,0.0,0.06800000000001205,0.06499999999999773,-0.01099999999999568,0.31294499785872176,0.5186529549583444
152.5,17730.113238729,FOLLOW,12.988322702698012,8.341456683772492,3.707169659853525,0.08543598076823045,0.08501465884475713,0.13644453161475062,0.1291372305189429,0.39753832647904236,0.9417006769615879,inf,green,True,stop,0,1.6049529983283015,0.16811202500321087,0.11621710000326857,0.03494436300024972,0.0,0.1570000000000107,0.06499999999999773,-0.014999999999986358,0.44240799979888834,0.5186529549583444
152.7,17730.36360071,FOLLOW,13.005748909218763,8.325449885172407,3.7002822426725723,0.08540924749697697,0.08501465884475713,0.13644453161475062,0.1291372305189429,0.39753832647904236,0.9417006769615879,inf,green,True,stop,0,1.6049529983283015,0.41847400600090623,0.1351654680001957,0.025425838997762185,0.0,0.3569999999999993,0.06399999999999295,-0.019000000000005457,0.4707020016212482,0.5186529549583444
152.8,17730.458614417,FOLLOW,13.011556421246715,8.320158189772473,3.6978895498564595,0.08540019588117521,0.08501465884475713,0.13644453161475062,0.1291372305189429,0.39753832647904236,0.9417006769615879,inf,green,True,stop,0,1.6049529983283015,0.5134877130003588,0.09388987800048199,0.0275822759977018,0.0,0.45700000000002206,0.0630000000000166,0.01300000000000523,0.29638900014106184,0.5186529549583444
153.0,17730.719483595,FOLLOW,13.028975255913643,8.304421067953468,3.69042361247752,0.08537296789539857,0.08586026530081484,0.1346112084391573,0.12460169186019232,0.3873786303853312,0.938951918014955,inf,green,True,unknown,0,1.5677939960649039,0.055285588998231106,0.05480001699834247,0.024879183998564258,0.0,0.08899999999999864,0.057999999999992724,0.00899999999998613,28.483811001933645,0.5186529549583444
153.2,17730.958574205,FOLLOW,13.046565060422537,8.288741527768437,3.682452744059105,0.08618461052534707,0.08586026530081484,0.1346112084391573,0.12460169186019232,0.3873786303853312,0.938951918014955,inf,green,True,unknown,0,1.5677939960649039,0.29437619899908896,0.0772319960015011,0.004651119001209736,0.0,0.28899999999998727,0.06099999999997863,0.0049999999999954525,0.2896779988077469,0.5186529549583444
153.3,17731.109433328,FOLLOW,13.055355161915005,8.280988617229434,3.6783106181366656,0.08617058871413145,0.08586026530081484,0.1346112084391573,0.12460169186019232,0.3873786303853312,0.938951918014955,inf,green,True,unknown,0,1.5677939960649039,0.4452353220003715,0.10193303400228615,0.030869376001646742,0.0,0.38900000000001,0.0589999999999975,0.0030000000000143245,0.3261519996158313,0.5186529549583444
153.5,17731.369046824,FOLLOW,13.072931088941377,8.265658856717987,3.6697145039598107,0.08614274560129719,0.08586026530081484,0.1346112084391573,0.12460169186019232,0.3873786303853312,0.938951918014955,inf,green,True,unknown,0,1.5677939960649039,0.7048488179971173,0.10844409099809127,0.0441772799968021,0.0,0.5889999999999986,0.05500000000000682,-0.0010000000000047748,0.5156100014573894,0.5186529549583444
153.7,17731.611431031,FOLLOW,13.090526145486365,8.250552010233058,3.6606950426811977,0.08687495325713113,0.08662479306889793,0.1322421100863427,0.11910356848257336,0.3801174600155896,0.9385765769900654,inf,green,True,unknown,0,1.526608092225543,0.11198368999976083,0.06752748999861069,0.01082272900021053,0.0,0.12299999999999045,0.055999999999983174,-0.005000000000023874,0.5639209994114935,0.5186529549583444
153.8,17731.76201856,FOLLOW,13.099386431307087,8.243037759814243,3.656000400277525,0.08685876038170896,0.08662479306889793,0.1322421100863427,0.11910356848257336,0.3801174600155896,0.9385765769900654,inf,green,True,unknown,0,1.526608092225543,0.262571218998346,0.11704922699937015,0.025505680998321623,0.0,0.2230000000000132,0.058000000000021146,-0.0069999999999765805,0.4243100011080969,0.5186529549583444
154.0,17732.016137353,FOLLOW,13.114204068729165,8.23061345501795,3.6479263495548775,0.08759053329193806,0.08794117328124593,0.13222936107227634,0.11716727069910257,0.3700732094551123,0.9405714104435725,inf,green,True,unknown,0,1.5036115182292569,0.13883690600050613,0.07675236000068253,0.01157125899771927,0.0,0.14599999999998658,0.05699999999998795,0.022999999999996135,0.5597439994744491,0.5186529549583444
154.2,17732.262670227,FOLLOW,13.132171417725926,8.21579210441911,3.6377708268938918,0.08819460234869059,0.08794117328124593,0.13222936107227634,0.11716727069910257,0.3700732094551123,0.9405714104435725,inf,green,True,unknown,0,1.5036115182292569,0.38536978000047384,0.07662183099819231,0.022797472000092966,0.0,0.3459999999999752,0.055999999999983174,0.018999999999977035,0.3735730024345685,0.5186529549583444
154.3,17732.415817361,FOLLOW,13.144162822319096,8.206052876077743,3.630775279523251,0.08810838057761285,0.08795072757031008,0.13087225893300689,0.11441730194719903,0.371783405917909,0.9427626677385008,inf,green,True,unknown,0,1.4880179226304207,0.05959943500056397,0.10097806500198203,0.014225787002942525,0.0,0.07500000000001705,0.05700000000001637,-0.016999999999995907,0.5982319999020547,0.5186529549583444
154.5,17732.709976123,FOLLOW,13.162145983414687,8.191682000121611,3.619965380486832,0.08811108285725201,0.0878626247262515,0.130592144145603,0.1138312959278189,0.3736387122930112,0.9440823312764068,inf,green,True,unknown,0,1.4863219093725164,0.26845761599906837,0.01598455099883722,0.031216158997267485,0.0,0.2079999999999984,-0.043000000000006366,-0.020999999999986585,0.3115980034635868,0.5186529549583444
154.7,17732.959753541,FOLLOW,13.180110894398325,8.177613666448366,3.6087938913310142,0.0880266851811109,0.08773607814353704,0.12918765578305558,0.1123501818886736,0.36974059731873155,0.9379725166195709,inf,green,True,unknown,0,1.4724576082794967,0.2052178659978381,0.13090743999782717,0.015870823997829575,0.0,0.14599999999998658,0.055999999999983174,-0.025000000000005684,0.458965001598699,0.5186529549583444
154.8,17733.063791959,FOLLOW,13.18609350531337,8.172993766880703,3.60499283954824,0.0880308580785023,0.0883945505037418,0.12937453498557078,0.11148017772662756,0.36687273942721854,0.9414912652116957,inf,green,True,stop,0,1.463603064309878,0.01158082099937019,0.10329240899955039,0.04155006600194611,0.0,0.014000000000010004,0.05700000000001637,0.007000000000005002,28.541966999910073,0.5186529549583444
155.0,17733.312898608,FOLLOW,13.207138848046519,8.15700593781587,3.591308421986639,0.08860474623919125,0.0883945505037418,0.12937453498557078,0.11148017772662756,0.36687273942721854,0.9414912652116957,inf,green,True,stop,0,1.463603064309878,0.26068746999953873,0.10501363600269542,0.014230746000976069,0.0,0.21399999999999864,0.05299999999999727,-0.03100000000000591,0.3389749981579371,0.5186529549583444
155.2,17733.514233364,FOLLOW,13.222240162170701,8.145791662640372,3.58119500466619,0.08919900632736233,0.08867053618318883,0.1289558791468785,0.1101306885355029,0.3664650185615511,0.9439286689098683,inf,green,True,unknown,0,1.4543261459529488,0.008896309998817742,0.09699653799907537,0.008042945999477524,0.0,0.04599999999999227,0.054000000000002046,-0.0010000000000047748,0.3351910017954651,0.5186529549583444
155.3,17733.661042734,FOLLOW,13.234345151640875,8.136961010249728,3.572915694805022,0.08891374163609544,0.08839396871536578,0.12809380818619698,0.10915313203296984,0.3675435311122563,0.9423085955113634,inf,green,True,stop,0,1.4491238491470748,0.15570567999748164,0.13029890599864302,0.0044078659993829206,0.0,0.146000000000015,0.054000000000002046,-0.03699999999997772,0.30872200295561925,0.5186529549583444
155.5,17733.909607396,FOLLOW,13.249348579390828,8.126214848176925,3.5624459865628584,0.08801613254179756,0.08774228516975935,0.12659258291570424,0.10777516182675993,0.3699565345917266,0.9383020253675967,inf,green,True,unknown,0,1.442777364081404,0.2138525379996281,0.1094573570007924,0.03305470899795182,0.0,0.1560000000000059,0.05500000000000682,-0.007000000000005002,0.3749700008484069,0.5186529549583444
155.7,17734.160379433,FOLLOW,13.267193370367817,8.113724712157227,3.5497017007047513,0.08643843434525328,0.08916895749813687,0.1279531846980251,0.10651818027144326,0.3704022440743447,0.9541106244213127,inf,green,True,unknown,0,1.434952121097733,0.04437517200130969,0.09125484800097183,0.007395773001917405,0.0,0.04599999999999227,0.05299999999999727,-0.011000000000024102,35.41727199990419,0.5186529549583444
155.8,17734.319262679,FOLLOW,13.276194882937988,8.107546842579758,3.5431549316167548,0.08924933744149566,0.09153129745408459,0.13009341065502236,0.10650994803284547,0.3585603145670671,0.9643334692986416,inf,green,True,unknown,0,1.4212997550950475,0.018729021001490764,0.10796385499997996,0.017806468000344466,0.0,0.02200000000001978,0.054000000000002046,-0.012999999999976808,0.4386769978736993,0.5186529549583444
156.0,17734.567827777,FOLLOW,13.291674917145595,8.097117534638144,3.531715871291629,0.08858453252839428,0.08820998591492554,0.12595815559165308,0.10533114942087787,0.371181098301482,0.9448038030420909,inf,green,True,stop,0,1.427935332776653,0.013743433999479748,0.1068785339994065,0.06118427799810888,0.0,0.019000000000005457,0.0519999999999925,0.016999999999995907,0.43264600026304834,0.5186529549583444
156.2,17734.809947493,FOLLOW,13.30972484793343,8.08527046286936,3.518098588358433,0.08843452243849655,0.08798087380505798,0.12504899670821504,0.10446086130497471,0.37050217917734435,0.9415202082322793,inf,green,True,stop,0,1.4213202404114567,0.01871582599778776,0.0877665549996891,0.018196097000327427,0.0,0.044999999999987494,0.05099999999998772,0.012999999999976808,0.954613002249971,0.5186529549583444
156.3,17734.967735546,FOLLOW,13.318732552731712,8.079486247228793,3.5111934693304803,0.08828004090984207,0.08792739710168551,0.12486336897112882,0.10415912402119146,0.3711747368987828,0.9417692684178767,inf,green,True,stop,0,1.4200735275573768,0.015371633999166079,0.10630724799921154,0.01865221499974723,0.0,0.010000000000019327,0.05299999999999727,0.011000000000024102,0.7174029997258913,0.5186529549583444
156.5,17735.208947179,FOLLOW,13.336717504722111,8.068195539225924,3.497194812957559,0.0879098464032952,0.08781483384744306,0.12440760445437457,0.10305157832279235,0.37468239142865717,0.9448417428867691,inf,green,True,stop,0,1.416703750422196,0.09095542700015358,0.09891716799756978,0.0518133579971618,0.0,0.0689999999999884,0.05299999999999727,0.007000000000005002,35.25770800115424,0.5186529549583444
156.7,17735.459301041,STOP_HOLD,13.354650335003075,8.057285251121506,3.482963283256726,0.08798508347819903,0.0,0.0,0.10157083832782478,0.3188679459317193,0.8619362685036572,inf,green,True,stop,0,1.3410722357197888,0.041525100998114794,0.0881387769986759,0.02213067999764462,0.0,0.04800000000000182,0.04899999999997817,0.002999999999985903,33.349568002449814,0.5186529549583444
156.8,17735.618627277,STOP_HOLD,13.36240205478923,8.052674191695484,3.4767321594915677,0.050298648953403684,0.0,0.0,0.10067808980011181,0.300516567462693,0.8262569955782029,inf,green,True,stop,0,1.3130385316524233,0.06025521599804051,0.1001885650002805,0.02783602899944526,0.0,0.03200000000001069,0.05000000000001137,0.0010000000000047748,0.3787850000662729,0.5186529549583444
157.0,17735.866224223,STOP_HOLD,13.363032326541258,8.052301590184854,3.4762238184746965,3.158432332167238e-06,0.0,0.0,0.10229815532654496,0.3789624747002896,0.9378356916613585,inf,green,True,stop,0,1.4166305515999977,0.02225252499920316,0.07646200199815212,0.021883670997340232,0.0,0.054000000000002046,0.05099999999998772,0.03100000000000591,0.5524410007637925,0.5186529549583444
157.2,17736.172995825,STOP_HOLD,13.363033077856407,8.052301146399417,3.476223212233048,3.155683600227968e-06,0.0,0.0,0.1024452062093495,0.3772710213692182,0.935068152195158,inf,green,True,stop,0,1.4156420009553958,0.05636379399948055,0.13752314299927093,0.02790631400057464,0.0,0.020999999999986585,0.05099999999998772,-0.007000000000005002,33.46321299977717,0.5186529549583444
157.3,17736.313054541,STOP_HOLD,13.363033399688423,8.052300956301194,3.47622295254379,3.154757409266542e-06,0.0,0.0,0.10244562610109534,0.37832252643806713,0.9384052784521512,inf,green,True,stop,0,1.4168749550854616,0.0770895549976558,0.10445728199920268,0.03409139799987315,0.0,0.04800000000000182,0.05000000000001137,-0.00899999999998613,39.91897600280936,0.5186529549583444
157.5,17736.559962753,STOP_HOLD,13.363033935865396,8.052300639595924,3.4762225198966856,3.153216742135608e-06,0.0,0.0,0.1024997934390447,0.3755875819623404,0.9371450166986915,inf,green,True,stop,0,1.4140409611862301,0.09893022699907306,0.09851707999769133,0.04497257099865237,0.0,0.08799999999999386,0.05099999999998772,0.020999999999986585,37.45479700228316,0.5186529549583444
157.7,17736.808832006,STOP_HOLD,13.363034578932522,8.052300259755539,3.4762220009972618,3.1513729213766852e-06,0.0,0.0,0.10243853347133229,0.3774560397577945,0.9361900706991572,inf,green,True,stop,0,1.4158134767846533,0.05021399399993243,0.07755428699965705,0.032609464000415755,0.0,0.0549999999999784,0.05099999999998772,0.016999999999995907,47.99931299930904,0.5186529549583444
157.8,17736.959983299,STOP_HOLD,13.363034900325172,8.052300069919406,3.4762217416606496,3.150453051997483e-06,0.0,0.0,0.10245897157712977,0.3779527169201748,0.9362013350980117,inf,green,True,stop,0,1.4165322353114482,0.015382589997898322,0.10084016299879295,0.014771220998227363,0.0,0.021000000000015007,0.051000000000016144,0.01500000000001478,0.32546600050409324,0.5186529549583444
158.0,17737.220786172,STOP_HOLD,13.363035542829337,8.052299690414841,3.4762212232130723,3.1486173267700764e-06,0.0,0.0,0.10245229883911253,0.3781376352611728,0.9373509233598027,inf,green,True,stop,0,1.41670360538252,0.15481175900276867,0.09019838300082483,0.027260384002147475,0.0,0.11000000000001364,0.04599999999999227,0.01099999999999568,0.3582399986044038,0.5186529549583444
158.2,17737.462222751,STOP_HOLD,13.36303618495956,8.052299311133371,3.476220705065616,3.146787025975553e-06,0.0,0.0,0.10253270696440495,0.37763252659527063,0.9365337222001531,inf,green,True,stop,0,1.4166544505668577,0.1973239979997743,0.06910793100178125,0.008119246002024738,0.0,0.1799999999999784,0.05099999999998772,0.0069999999999765805,0.3879850009980146,0.5186529549583444
158.3,17737.609252956,STOP_HOLD,13.363036505884788,8.05229912157609,3.476220446104155,3.1458738074821593e-06,0.0,0.0,0.10245897157712977,0.3779527169201748,0.9362013350980117,inf,green,True,stop,0,1.4165322353114482,0.03825800800041179,0.06139149900263874,0.029532930999266682,0.0,0.04400000000001114,0.049000000000006594,0.005000000000023874,0.3995439983555116,0.5186529549583444
158.5,17737.863481825,STOP_HOLD,13.36303714745618,8.052298742627984,3.4762199284052184,3.144051552758078e-06,0.0,0.0,0.10237856345183735,0.3784576971660237,0.9370283540003743,inf,green,True,stop,0,1.4165813942936558,0.06975765300012426,0.07169720899764798,0.021705768998799613,0.0,0.06700000000000728,0.049000000000006594,0.0010000000000047748,31.849784001678927,0.5186529549583444
158.7,17738.162055428,STOP_HOLD,13.36303778865637,8.052298363901356,3.4762194110041933,3.142234624143892e-06,0.0,0.0,0.10237189071382012,0.3786425413013607,0.9381480827729262,inf,green,True,stop,0,1.416752758522274,0.07765135000227019,0.11196384900176781,0.01351174100273056,0.0,0.03899999999998727,0.046999999999997044,-0.0030000000000143245,0.436593996710144,0.5186529549583444
158.8,17738.271487922,STOP_HOLD,13.363038109117602,8.052298174620889,3.4762191524151254,3.1413281616654107e-06,0.0,0.0,0.10237189071382012,0.3786425413013607,0.9381480827729262,inf,green,True,stop,0,1.416752758522274,0.18708384400088107,0.07623764199888683,0.01445679099924746,0.0,0.13900000000001,0.045000000000015916,-0.0049999999999954525,0.3919160008081235,0.5186529549583444
159.0,17738.561809731,STOP_HOLD,13.36303874976305,8.052297796225218,3.476218635459318,3.1395192144612905e-06,0.0,0.0,0.10229815532654496,0.3789624747002896,0.9378356916613585,inf,green,True,stop,0,1.4166305515999977,0.03269797699977062,0.10563009799807332,0.029707000001508277,0.0,0.007000000000005002,0.04099999999999682,-0.00899999999998613,0.37855499977013096,0.5186529549583444
159.1,17738.76240767,FOLLOW,13.363039176655235,8.052297544083622,3.4762182909864547,3.1383161838787124e-06,0.08663588744059805,0.12264966261118893,0.10236479808405709,0.37777627492070903,0.9358796917777527,inf,green,True,stop,0,1.415691190273589,0.08971886899962556,0.02745496400166303,0.047782990000996506,0.0523000380017038,0.01300000000000523,-0.056000000000011596,-0.045000000000015916,25.689114998385776,0.5186529549583444
159.3,17738.959222313,FOLLOW,13.369257940054501,8.048628947322284,3.4711968984858816,0.08563344665913464,0.08648850437458681,0.12338045001112838,0.10338719270450385,0.3811994477279164,0.9383996090588987,inf,green,True,stop,0,1.4265531691559883,0.017250394997972762,0.08790982499704114,0.019304210996779148,0.0,0.01300000000000523,0.040000000000020464,-0.014999999999986358,27.230101000895957,0.5186529549583444
159.5,17739.210109001,FOLLOW,13.384011390801156,8.040084714791734,3.4591697259028056,0.08760291512208539,0.08686194470614571,0.12370660200364723,0.10294165825802577,0.38171811337130435,0.9430771602701499,inf,green,True,stop,0,1.4241749067689786,0.03162653699837392,0.060651301999314455,0.04278116700152168,0.0,0.044999999999987494,0.043000000000006366,0.014999999999986358,35.73167400099919,0.5186529549583444
159.7,17739.469246642,FOLLOW,13.401805724222568,8.03011424780473,3.4444316093809886,0.08712456387253736,0.08677790248255376,0.12335745994691275,0.10234457569861015,0.38288225096710155,0.9435677726353516,inf,green,True,stop,0,1.4215307862703077,0.045603017999383155,0.05387904499730212,0.014679472998977872,0.0,0.04599999999999227,0.03499999999999659,0.01099999999999568,30.692041000293102,0.5186529549583444
159.8,17739.609208399,FOLLOW,13.41068385923737,8.025277909292313,3.4369864626425928,0.08685989863261878,0.07347032668124202,0.09662894800087246,0.09302618156056983,0.3481451916350452,0.7634232171448222,inf,green,True,stop,0,1.3152105396251512,0.0005299719996401109,0.07644248599899583,0.030063207999774022,0.0,0.018000000000000682,0.04100000000002524,0.009000000000014552,47.048304997588275,0.5186529549583444
160.0,17739.860712841,FOLLOW,13.427616340657156,8.016302756310106,3.4226287149103873,0.1062265632488093,0.13686607974485054,0.14126002921467767,0.10503771638629009,0.038666301102420086,0.8338685687230896,inf,green,True,stop,0,1.0321040061790214,0.1507636630012712,0.06464912799856393,0.04476208100095391,0.0,0.11899999999999977,0.03999999999999204,0.0049999999999954525,0.41555200004950166,0.5186529549583444
160.2,17740.10882984,FOLLOW,13.45351444323852,8.003090392791009,3.4003554736111026,0.08397055386840141,0.08388916279136824,0.11659507000369633,0.10385634577964607,0.34695289900193615,0.8702951853035814,inf,green,True,stop,0,1.3898704686523986,0.02442295899891178,0.07212028600042686,0.0008205619997170288,0.0,0.014999999999986358,0.03999999999999204,-0.03300000000001546,0.28558200210682116,0.5186529549583444
160.3,17740.209661308,FOLLOW,13.459224465074746,8.000276106310427,3.395387172437484,0.0839713629856423,0.08136701597562158,0.11568700284868416,0.10485889747700822,0.3686024979250362,0.8685957184384595,inf,green,True,unknown,0,1.421792374484339,0.06292495399975451,0.06829741199908312,0.01440485100101796,0.0,0.056000000000011596,0.040000000000020464,-0.0009999999999763531,0.5223110019869637,0.5186529549583444
160.5,17740.517409022,FOLLOW,13.481791206463155,7.989506456638539,3.375556704621537,0.1128668147667969,0.09394607693592281,0.1311890254626711,0.10522772652184594,0.344514626676522,0.9714476166343389,inf,green,True,unknown,0,1.3964289914112151,0.10085507400071947,0.10599054100021021,0.015351013997133123,0.0,0.05299999999999727,0.03700000000000614,-0.03899999999998727,1.1825370020233095,0.5186529549583444
160.7,17740.709902031,FOLLOW,13.494641549868906,7.983591114355913,3.364148990818317,0.09404773809425127,0.07544397370083517,0.10198167696476583,0.10825795198033505,0.28745909234460265,0.7203423011561975,inf,green,True,stop,0,1.3517537844594856,0.03893765000248095,0.04523449100088328,0.021860023000044748,0.0,0.0549999999999784,0.03799999999998249,0.024999999999977263,29.725988999416586,0.5186529549583444
160.8,17740.85961095,FOLLOW,13.503657931381227,7.979561737367881,3.3560831176119685,0.07629536615891123,0.08100637700872261,0.11146741513192653,0.10949906521466676,0.30112915332407514,0.7888323961941183,inf,green,True,stop,0,1.3760325945687453,0.11926864899942302,0.07631503499942482,0.05604504399889265,0.0,0.11299999999999955,0.03700000000000614,0.023000000000024556,1.099129000067478,0.5186529549583444
161.0,17741.12058691,FOLLOW,13.520457069727565,7.972322315958797,3.340924291946999,0.09500405020321405,0.09977945860551314,0.1303238161248331,0.11024434119466178,0.23529113397928256,0.8804028528518796,inf,green,True,stop,0,1.3061186936289138,0.13108900600127527,0.07622516400078894,0.05595118299970636,0.0,0.1150000000000091,0.036000000000001364,0.019000000000005457,35.172817999409745,0.5186529549583444
161.2,17741.366491853,FOLLOW,13.540834121789814,7.963997229758021,3.3223260584697654,0.10009225107129452,0.10178414768857019,0.12200016695819883,0.11077575751465257,0.13902659917221552,0.7620050413640627,inf,green,True,stop,0,1.1986165795825472,0.12781621600151993,0.06464317700010724,0.02740104900294682,0.0,0.11899999999999977,0.03899999999998727,0.014999999999986358,0.6401110003935173,0.5186529549583444
161.3,17741.509114615,FOLLOW,13.554701737194693,7.958600003802681,3.3095519920309266,0.10219674114554377,0.08411020292400863,0.10501715895091186,0.10868679498052267,0.19536412193417135,0.6955027376327414,inf,green,True,stop,0,1.2485662297806144,0.02419512000051327,0.08716722399913124,0.002526021999074146,0.0,0.010000000000019327,0.03900000000001569,-0.020999999999986585,24.150191999069648,0.5186529549583444
161.5,17741.759018325,FOLLOW,13.572484534131178,7.951998131729769,3.2930404850458026,0.09066001448335481,0.09056409075092747,0.1077075705950345,0.10871262925319974,0.14457502928399646,0.684985310732845,inf,green,True,stop,0,1.1892966594370789,0.0594758279985399,0.06981251999968663,0.0002652769981068559,0.0,0.03700000000000614,0.03999999999999204,-0.025000000000005684,0.29522000113502145,0.5186529549583444
161.7,17742.014584378,FOLLOW,13.588611557807793,7.946314081401321,3.277948578647758,0.09776354005370051,0.10750445868859558,0.11497613639009742,0.10962272003127568,0.038559541340519345,0.6548209179796012,inf,green,True,unknown,0,1.0695010959791424,0.15290862199981348,0.06689345400081947,0.04578829599995515,0.0,0.11599999999998545,0.03899999999998727,0.0049999999999954525,0.36758699934580363,0.5186529549583444
161.8,17742.121524461,FOLLOW,13.59910765497085,7.942761426065193,3.2680720601206574,0.1076155193415687,0.08667462192678746,0.0761340035902446,0.11177032245626187,-0.12637868638521257,0.6336621337882962,inf,green,True,stop,0,0.8783886436165094,0.045119185000658035,0.07834672699755174,0.013694344997929875,0.0,0.038000000000010914,0.038000000000010914,0.0030000000000143245,22.604596000746824,0.5186529549583444
162.0,17742.413479766,FOLLOW,13.617428120756074,7.936807242351322,3.250746368307809,0.028788492558813737,0.06166039320416975,0.036253602166873206,0.11677484196873132,-0.3582698119209983,0.6493779827486195,inf,green,True,unknown,0,0.5879560651978063,0.0720720320023247,0.101922404999641,0.008549433001462603,0.0,0.05099999999998772,0.03700000000000614,-0.03499999999999659,23.26983599778032,0.5186529549583444
162.2,17742.62017195,FOLLOW,13.624591885811387,7.934546147556002,3.2439488007074235,0.06168470766958447,0.04671493415823726,0.018122783895431496,0.13825598131394304,-0.5818516403049052,0.6370435379166793,inf,green,True,unknown,0,0.3879441172718831,0.13294414899792173,0.036288646999310004,0.03543340999749489,0.0,0.11899999999999977,0.03899999999998727,0.028999999999996362,0.4565780000120867,0.5186529549583444
162.3,17742.759747234,FOLLOW,13.631418044024597,7.932413956993201,3.2374641899321,0.04671848254519897,0.04671493415823726,0.018122783895431496,0.13825598131394304,-0.5818516403049052,0.6370435379166793,inf,green,True,unknown,0,0.3879441172718831,0.2725194329977967,0.06096278399854782,0.009535971999866888,0.0,0.2190000000000225,0.036000000000001364,-0.0069999999999765805,0.5657040019286796,0.5186529549583444
162.5,17743.067290141,FOLLOW,13.641696292242072,7.9292342283817785,3.2276901641634,0.06981763903746131,0.06515018078039234,0.02954484597232907,0.1027290986477264,-0.3592098435614023,0.6869813688649826,inf,green,False,unknown,0,0.45348831911792514,0.02179874099965673,0.12419139399935375,0.05176201799986302,0.0,-0.012000000000000455,0.03700000000000614,-0.01099999999999568,22.305918999336427,0.5186529549583444
162.7,17743.316013012,FOLLOW,13.655369045751666,7.925076680330963,3.214664866924355,0.0633616821474516,0.06334912774552655,0.02525827309238173,0.1013582672894799,-0.38428280546494853,0.6900504393335969,inf,green,False,unknown,0,0.39871540447793086,0.020785677999811014,0.06060822899962659,0.020131844001298305,0.0,0.016999999999995907,0.03799999999998249,-0.01500000000001478,0.7579929988423828,0.5186529549583444
162.8,17743.463520044,FOLLOW,13.661831925961513,7.923137413017677,3.208499800499448,0.06336163528781108,0.05341939914815081,0.018478623529356614,0.0947156149651522,-0.37749614733282494,0.576852458757245,inf,green,False,unknown,0,0.3459159747961388,0.04412139099804335,0.07325982099791872,0.04653867699744296,0.0,0.008000000000009777,0.03500000000002501,-0.016999999999995907,25.083800999709638,0.5186529549583444
163.0,17743.710940975,FOLLOW,13.672945822774455,7.9198310507239436,3.1978891189741354,0.05342419140728132,0.05341939914815081,0.018478623529356614,0.0947156149651522,-0.37749614733282494,0.576852458757245,inf,green,False,unknown,0,0.3459159747961388,0.2915423220001685,0.0983499979993212,0.03157866500259843,0.0,0.2079999999999984,0.038000000000010914,-0.020999999999986585,0.34435599809512496,0.5186529549583444
163.2,17743.912551136,FOLLOW,13.681358426977877,7.917350620392651,3.189850502088001,0.04677051414790846,0.030547850709032893,-0.035295854899776,0.08224772067318936,-0.947001736230827,0.5715001103220473,inf,green,False,unknown,0,-1.1554284206757348,0.07734684000024572,0.026420742000482278,0.010433633000502596,0.0,0.08699999999998909,0.036000000000001364,0.00899999999998613,0.6857510015834123,0.5186529549583444
163.3,17744.072529346,FOLLOW,13.686313760086248,7.9158860046664055,3.1851165616616437,0.030489553026141192,0.04123088837670902,-0.007684114270792066,0.0812684145731204,-0.5887935486511233,0.5662338393339509,inf,green,False,unknown,0,-0.18636790458128372,0.019036949997826014,0.09029261699834024,0.017644452997046756,0.0,-0.012000000000000455,0.03200000000001069,-0.026999999999986812,21.267101001285482,0.5186529549583444
163.5,17744.319844715,FOLLOW,13.69294169870377,7.9139010503963485,3.1787928352768446,0.04120476651516613,0.03942823962374351,-0.012147336590631634,0.07844228219600441,-0.6318268127183692,0.565043261417547,inf,green,False,unknown,0,-0.30808721633406533,0.051287734997458756,0.0819948040007148,0.04564306199972634,0.0,0.020000000000010232,0.03100000000000591,0.002999999999985903,22.876855000504293,0.5186529549583444
163.7,17744.563799908,FOLLOW,13.70102588038954,7.911465063932353,3.17108440287807,0.03939685387847605,0.03143460561856233,-0.02517970601048696,0.07328922891025308,-0.8088734799108711,0.5277841817185731,inf,green,False,unknown,0,-0.8010186708249392,0.07832728200082784,0.07775888899777783,0.040491499999916414,0.0,0.04399999999998272,0.030000000000001137,-0.0010000000000047748,20.124163002037676,0.5186529549583444
163.8,17744.662330624,FOLLOW,13.7044317450388,7.91043354859467,3.167838499415739,0.031389043471293954,0.03143460561856233,-0.02517970601048696,0.07328922891025308,-0.8088734799108711,0.5277841817185731,inf,green,False,unknown,0,-0.8010186708249392,0.021139214000868378,0.059278133001498645,0.013688232000276912,0.0,0.01700000000002433,0.03200000000001069,-0.002999999999985903,0.5393530009314418,0.5186529549583444
164.0,17744.909496581,FOLLOW,13.710610325761921,7.9085417391533905,3.161956678346474,0.02915508002378664,0.02485023983491462,-0.033366617493273645,0.06632166632449421,-0.9673558082551765,0.4719322190945092,inf,green,False,unknown,0,-1.3427080670019733,0.05328564500086941,0.05995491000066977,0.019539221000741236,0.0,0.056000000000011596,0.030000000000001137,-0.007000000000005002,0.45287700049811974,0.5186529549583444
164.2,17745.209216666,FOLLOW,13.715674339530628,7.906960338880949,3.157145929008403,0.024793567348482003,0.024790456393996883,-0.03437075991576127,0.06485940004927465,-0.9775315288893335,0.47430049025398446,inf,green,False,unknown,0,-1.3864512766325796,0.1187531069990655,0.07166313099878607,0.02263534600206185,0.0,0.08699999999998909,0.031999999999982265,-0.011000000000024102,0.30064800012041815,0.5186529549583444
164.3,17745.310507536,FOLLOW,13.718197146878756,7.906159967293739,3.1547534499037564,0.024732423335327627,0.02484389044416684,-0.03498258382754423,0.06394991712293457,-0.982211390616398,0.4769376160993512,inf,green,False,unknown,0,-1.408096043015593,0.03688306700132671,0.04603650699937134,0.009085824000067078,0.0,0.04800000000000182,0.030000000000001137,-0.012999999999976808,19.40639999884297,0.5186529549583444
164.5,17745.559033908,FOLLOW,13.722416762726418,7.904802136956169,3.150758277480736,0.02503065443749052,0.025103625611751484,-0.0358837724025027,0.0624074899651913,-0.9855416767244549,0.4830849933606822,inf,green,False,unknown,0,-1.4294258908045867,0.10299702699921909,0.061471664001146564,0.04441292100091232,0.0,0.08099999999998886,0.027999999999991587,0.016999999999995907,25.736984000104712,0.5186529549583444
164.7,17745.858668514,FOLLOW,13.728299016051892,7.902868302198815,3.1452030129474253,0.024275585606901188,0.024735132310908233,-0.035966592222350165,0.06157406280892419,-0.9913706433384114,0.47799634661790436,inf,green,False,unknown,0,-1.4540691260619956,0.00046840299910400063,0.08089394099806668,0.018203124000137905,0.0,-0.01300000000000523,0.028999999999996362,-0.021000000000015007,0.6132279995654244,0.5186529549583444
164.8,17745.961794074,FOLLOW,13.729976314220897,7.90230766005143,3.143622187705683,0.02467503695997729,0.020437677256574954,-0.030742319176891235,0.05488075898231892,-0.9935563771540254,0.3955702149321641,inf,green,False,unknown,0,-1.5041982898032702,0.06582598299792153,0.06548450599802891,0.026639470997906756,0.0,0.05000000000001137,0.030000000000001137,0.011000000000024102,0.36389600063557737,0.5186529549583444
165.0,17746.211410187,FOLLOW,13.735255441795722,7.900519225296105,3.138655236799123,0.050191831559935625,0.029278435503646765,-0.01706599637644605,0.06459345381037909,-0.6934080960072947,0.4446288669182609,inf,green,False,unknown,0,-0.5828862124248545,0.1320793569975649,0.046341952998773195,0.028902721998747438,0.0,0.117999999999995,0.027999999999991587,0.007000000000005002,0.6700920021103229,0.5186529549583444
165.2,17746.473989265,FOLLOW,13.740381119120412,7.898765409901362,3.133838947145342,0.020566426885204846,0.020623826808890407,-0.032081494079031166,0.051097763971011456,-1.0024270228055827,0.4017140559784741,inf,green,False,unknown,0,-1.5555548626504974,0.23754968299908796,0.07556454199948348,0.04476347799936775,0.0,0.1799999999999784,0.028999999999996362,0.002999999999985903,0.3987560012319591,0.5186529549583444
165.3,17746.608864133,FOLLOW,13.743178177702593,7.897794099829475,3.1312159562931723,0.020566748957999245,0.09662647526569457,0.06949433087247589,0.07136052147099657,0.023148297964787352,0.56787956315299,inf,green,False,unknown,0,0.7192058975698615,0.020121186000324087,0.07278586299798917,0.0004635029981727712,0.0,0.009000000000014552,0.029000000000024784,-0.03299999999998704,0.31433299955097027,0.5186529549583444
165.5,17746.871315047,FOLLOW,13.757613895551371,7.8927676954474295,3.1176836125509704,0.09558012578826983,0.02256483700292041,-0.031938267215821076,0.04398647534214645,-0.9410382796493355,0.42028208604116746,inf,green,False,unknown,0,-1.4153998635880918,0.11981262200060883,0.08728117799910251,0.040615191999677336,0.0,0.0730000000000075,0.027999999999991587,-0.002999999999985903,0.4715809991466813,0.5186529549583444
165.7,17747.113187157,FOLLOW,13.76637750315348,7.889776137925235,3.1094464283201138,0.018605027759284288,0.018657276703210206,-0.03239901052913381,0.007230699569807764,-0.9802520340129296,0.357663112760388,inf,green,False,unknown,0,-1.736534813977389,0.1395993139994971,0.08438137399934931,0.0414531429996714,0.0,0.11199999999999477,0.030000000000001137,-0.007000000000005002,0.3802450009970926,0.5186529549583444
165.7,17747.163933208,LANE_GRACE,13.76764264261885,7.889342496726509,3.1082579281400062,0.01860499697574421,0.04,-0.06946139255909556,0.03983997247936463,-0.06948244506655063,0.0,inf,green,False,unknown,0,-1.736534813977389,0.007171034001657972,0.010906469000474317,0.006532491999678314,0.05074605100162444,-0.05299999999999727,-0.07200000000000273,-0.07500000000001705,20.46899500055588,0.5186529549583444
165.8,17747.209507287,LANE_GRACE,13.768275212689016,7.889124680305458,3.107664041871104,0.01860501112765091,0.04,-0.06946139255909556,0.03983997247936463,-0.06948244506655063,0.0,inf,green,False,unknown,0,-1.736534813977389,0.004829491997952573,0.05648054799894453,0.006588274998648558,0.0,0.020000000000010232,0.02800000000002001,-0.00899999999998613,0.38245700125116855,0.5186529549583444
165.8,17747.271085874,FOLLOW,13.769722876712954,7.888623930401591,3.106305741219561,0.0438353231250457,0.04881040606486202,0.006539471297653792,0.04774627947867249,-0.22397006004563416,0.4230032222658853,inf,green,False,unknown,0,0.1339769902541637,0.06640807899748324,0.1180591349984752,0.014160721999360248,0.06157858699953067,0.020000000000010232,0.02800000000002001,-0.042999999999977945,27.713038001820678,0.5186529549583444
166.0,17747.459422403,FOLLOW,13.77754142389063,7.885884000153408,3.0989830114969226,0.04879794231075113,0.050110740212303495,-0.016550931037339654,-0.01552234084872417,-0.12012539039676251,0.3619981710554876,inf,green,False,unknown,0,-0.3302870994764505,0.0004728679996333085,0.023518080000940245,0.004121477999433409,0.0,0.006000000000000227,0.027999999999991587,-0.01300000000000523,0.6015069993736688,0.5186529549583444
166.1,17747.665431444,LANE_GRACE,13.785548907388534,7.8830659750469545,3.0914877794646056,0.06670357980360547,0.04,-0.019673187431276374,-0.012465222379356475,-0.18879462175274628,0.18404458272413315,inf,green,False,unknown,0,-0.49182968578190933,0.09602585199900204,0.12783217999822227,0.010689623999496689,0.05654823499935446,0.020999999999986585,0.027999999999991587,-0.049000000000006594,20.463086002564523,0.5186529549583444
166.3,17747.868547795,LANE_GRACE,13.792938787287232,7.880444961719939,3.0845783232950477,0.039959818904911626,0.04,-0.019673187431276374,-0.02854969803750624,-0.15324514803425546,0.11527927365596081,inf,green,False,unknown,0,-0.49182968578190933,0.019544871000107378,0.059946667999611236,0.04192552599852206,0.0,0.016000000000019554,0.02800000000002001,0.01500000000001478,0.5709610013582278,0.5186529549583444
166.5,17748.160517085,LANE_GRACE,13.80244895481094,7.877039816645705,3.0756986779982904,0.03995858778232354,0.04,-0.019673187431276374,-0.038474009375772014,-0.23350878853712448,0.0,inf,green,False,unknown,0,-0.49182968578190933,0.03840036000110558,0.09099200700075016,0.030004914002347505,0.0,0.020000000000010232,0.028999999999996362,-0.022999999999996135,19.978756998170866,0.5186529549583444
166.7,17748.413660173,LANE_GRACE,13.810600493266005,7.874086968660972,3.068100772013909,0.03995844938405689,0.04,-0.019673187431276374,-0.015021751070020684,-0.15334363434546722,0.10846316164479892,inf,green,False,unknown,0,-0.49182968578190933,0.07667848299752222,0.08272407699769246,0.012338079999608453,0.0,0.0519999999999925,0.027999999999991587,-0.027000000000015234,15.981837001163512,0.5186529549583444
166.8,17748.512235889,LANE_GRACE,13.813317665806581,7.8730956878965515,3.0655708731663416,0.03995839151619893,0.04,-0.019673187431276374,-0.015021751070020684,-0.15334363434546722,0.10846316164479892,inf,green,False,unknown,0,-0.49182968578190933,0.05097913600184256,0.059596970000711735,0.03397239500191063,0.0,0.049000000000006594,0.030000000000001137,0.005000000000023874,0.612440999248065,0.5186529549583444
166.8,17748.569123527,FOLLOW,13.81467625055091,7.872598736310383,3.0643064398432553,0.03995836041848472,0.053233561639417976,-0.0695976764132837,-0.14551785786620924,-0.005759061291247451,0.29999999999999977,inf,green,False,unknown,0,-1.307402215254907,0.03223427500051912,0.11648460799915483,0.03969406099713524,0.0568876379984431,-0.012000000000000455,0.030000000000001137,-0.028999999999996362,33.03321400017012,0.5186529549583444
167.0,17748.823511381,LANE_GRACE,13.824452549686164,7.868984856683446,3.055222654276919,0.049457419743602356,0.04,-0.04922096476171845,0.0,0.0,0.0,inf,green,False,unknown,0,-1.2305241190429612,0.017881719999422785,0.08976816500216955,0.020071268001629505,0.0,-0.012000000000000455,0.027999999999991587,-0.03299999999998704,13.614387000416173,0.5186529549583444
167.2,17749.060627517,LANE_GRACE,13.830445983006069,7.866721089279561,3.049673195248177,0.03992649698692952,0.04,-0.04922096476171845,0.0,0.0,0.0,inf,green,False,unknown,0,-1.2305241190429612,0.25499785599822644,0.05050087600102415,0.05160439799874439,0.0,0.18799999999998818,0.030000000000001137,0.03099999999997749,0.30186599906301126,0.5186529549583444
167.3,17749.209911437,LANE_GRACE,13.835875980097782,7.864636413178677,3.044659325621132,0.039926437464588904,0.04,-0.04922096476171845,0.0,0.0,0.0,inf,green,False,unknown,0,-1.2305241190429612,0.40428177599824267,0.060925502999452874,0.02637270099876332,0.0,0.2880000000000109,0.029000000000024784,-0.0049999999999954525,0.407379000535002,0.5186529549583444
167.5,17749.463543129,LANE_GRACE,13.844020969813721,7.861445915868685,3.0371652592832716,0.03992641993609674,0.04,-0.04922096476171845,0.0,0.0,0.0,inf,green,False,unknown,0,-1.2305241190429612,0.6579134679996059,0.0838968490024854,0.033204177001607604,0.0,0.48799999999999955,0.030000000000001137,-0.00899999999998613,0.3591579989006277,0.5186529549583444
167.7,17749.71149824,LANE_GRACE,13.852165961322086,7.858179446861764,3.029703991867394,0.03992645819719013,0.04,-0.04922096476171845,0.0,0.0,0.0,inf,green,False,unknown,0,-1.2305241190429612,0.026195846003247425,0.06826046500282246,0.029329147000680678,0.0,0.01099999999999568,0.026999999999986812,-0.01300000000000523,0.3704269984154962,0.5186529549583444
167.8,17749.809381233,LANE_GRACE,13.85488096107058,7.857073782703898,3.0272243295706533,0.03992648603688848,0.04,-0.04922096476171845,0.0,0.0,0.0,inf,green,False,unknown,0,-1.2305241190429612,0.024636458001623396,0.02404496800227207,0.02322734300105367,0.0,0.049000000000006594,0.023000000000024556,0.019000000000005457,0.39018099778331816,0.5186529549583444
167.8,17749.92159595,FOLLOW,13.85759596298239,7.855959713108132,3.0247484299332994,0.03992652171023912,0.027633731972336824,-0.04995532959406976,-0.2916609289287242,0.38165338006545824,0.29999999999999927,inf,green,False,unknown,0,-1.8077663069207703,0.10948014499808778,0.030876018001436023,0.05959773900030996,0.11221471699900576,0.014000000000010004,-0.07200000000000273,-0.04899999999997817,37.4266600010742,0.5186529549583444
167.9,17750.060432293,LANE_GRACE,13.861668471059325,7.854272868804755,3.021041700042246,0.039926589545863124,0.04,-0.07231065227683081,-0.03222525272041097,0.14344920572779588,0.0,inf,green,False,unknown,0,-1.8077663069207703,0.0720463239995297,0.02970915799960494,0.059280380002746824,0.046546737001335714,-0.025000000000005684,-0.07399999999998386,-0.05099999999998772,28.56476699889754,0.5186529549583444
168.1,17750.215065146,LANE_GRACE,13.866712118738072,7.852157575249647,3.0164630737393656,0.03990429897347224,0.04,-0.07231065227683081,-0.04412110278171197,0.16798810139722203,0.0,inf,green,False,unknown,0,-1.8077663069207703,0.019182972999260528,0.05102768399956403,0.029678722999960883,0.0,0.020999999999986585,0.027999999999991587,0.01300000000000523,24.220801999035757,0.5186529549583444
168.3,17750.462018367,FOLLOW,13.874852539696908,7.848660520762685,3.009112163956338,0.039904401058583804,0.06015291560086028,-0.018046397482128423,-0.022149532958342495,-0.055715816477743714,0.38073104231337296,inf,green,False,unknown,0,-0.30000869121413515,0.0366386310015514,0.04348939299961785,0.013231119002739433,0.0,0.04400000000001114,0.020000000000010232,0.009000000000014552,17.90000599794439,0.5186529549583444
168.4,17750.710746799,LANE_GRACE,13.883860806070919,7.844707365719644,3.001017637224763,0.037477268113466224,0.04,-0.07328150821678395,-0.4779683833599285,0.7775416970794152,0.27728213801003704,inf,green,False,unknown,0,-1.8320377054195986,0.03207487699910416,0.035046188000706024,0.04827969699908863,0.10034965600061696,-0.044999999999987494,-0.08199999999999363,-0.06100000000000705,29.579949001345085,0.5186529549583444
168.6,17750.862459332,LANE_GRACE,13.88827025626661,7.842748571927801,2.9970671591497773,0.04002776605352752,0.04,-0.07328150821678395,-0.26265557046625987,0.5877437665152082,0.0,inf,green,False,unknown,0,-1.8320377054195986,0.09665302899884409,0.027194709997274913,0.011296457996650133,0.0,0.11599999999998545,0.01999999999998181,0.002999999999985903,1.2425000022631139,0.5186529549583444
168.6,17750.959456505,FOLLOW,13.890981674814327,7.841528190901215,2.9946459096757265,0.03983301668591079,0.01836710780468406,-0.03842037498045134,-0.4639048426267547,0.776015311158106,0.29290126784251147,inf,green,False,unknown,0,-2.091803205437342,0.000858611998410197,0.1241918829982751,0.032639174998621456,0.09699717300100019,-0.060000000000002274,0.01999999999998181,-0.06499999999999773,30.70497500084457,0.5186529549583444
168.8,17751.159828083,FOLLOW,13.895603856720838,7.839419432918211,2.990532812209785,0.01831292173190101,0.01837560339989836,-0.03836104808524508,-0.46188100319566067,0.7754716038396581,0.29530421089366105,inf,green,False,unknown,0,-2.0876075332283923,0.15211080299923196,0.07301718199960305,0.004992173999198712,0.0,0.11899999999999977,0.020000000000010232,-0.03499999999999659,0.406998999096686,0.5186529549583444
169.0,17751.359267758,FOLLOW,13.89871855653958,7.837976160636177,2.9877726881187052,0.018327952883925865,0.018810105132339466,-0.03863397309122367,-0.4470248343408987,0.7719769518854814,0.3061806899672869,inf,green,False,unknown,0,-2.053894585884149,0.03169352500117384,0.029320729001483414,0.005216486002609599,0.0,0.054000000000002046,0.018000000000000682,-0.0049999999999954525,19.348974998138146,0.5186529549583444
169.2,17751.672195951,FOLLOW,13.902540586204582,7.836179960381635,2.9843990407517005,0.01912824014993688,0.01804643298107794,-0.037173714615731636,-0.45682081820710935,0.7969124326479393,0.28038066983915155,inf,green,False,unknown,0,-2.0598926477442414,0.04741618999833008,0.07202643499840633,0.030502842000714736,0.0,0.015999999999991132,0.015999999999991132,-0.009000000000014552,17.30830399901606,0.5186529549583444
169.3,17751.762632273,FOLLOW,13.903841308888866,7.835562421333819,2.983254259453033,0.01912832155597028,0.01804643298107794,-0.037173714615731636,-0.45682081820710935,0.7969124326479393,0.28038066983915155,inf,green,False,unknown,0,-2.0598926477442414,0.13785251199806225,0.029620868001074996,0.030003148000105284,0.0,0.11600000000001387,0.016000000000019554,0.023000000000024556,0.6355700024869293,0.5186529549583444
169.5,17752.008939688,FOLLOW,13.907514130182284,7.833801556576775,2.980031077146746,0.017997105494303924,0.01805698324251886,-0.036856077043720605,-0.44947630366279023,0.7962131054725897,0.29176303166038803,inf,green,False,unknown,0,-2.0410982581484283,0.002134889000444673,0.02873088399792323,0.02808135400118772,0.0,0.019000000000005457,0.019000000000005457,0.019000000000005457,0.4805730022781063,0.5186529549583444
169.6,17752.161880025,LANE_GRACE,13.909349841293007,7.83291201652596,2.9784252907432283,0.01799723003923706,0.04,-0.0809812398844627,-0.29632665602392416,0.6756251165324408,0.05608480569366309,inf,green,False,unknown,0,-2.0245309971115675,0.004180556999926921,0.028613664999284083,0.029067171999486163,0.0,0.009999999999990905,0.016999999999995907,0.016999999999995907,17.920853999385145,0.5186529549583444
169.6,17752.262203636,FOLLOW,13.911908487923757,7.831661911225563,2.9761928263614315,0.04043181393214841,0.018373532668674725,-0.03679663393865697,-0.4345167995235445,0.7906556630771383,0.30384098225958844,inf,green,False,unknown,0,-2.0026978263898063,0.03051547400173149,0.005358104001061292,0.004421813999215374,0.10032361100093112,-0.04400000000001114,-0.08400000000000318,-0.08500000000000796,31.68261300015729,0.5186529549583444
169.8,17752.460613349,FOLLOW,13.915196519863684,7.830038744997183,2.9733333770545745,0.018314402277247253,0.018373532668674725,-0.03679663393865697,-0.4345167995235445,0.7906556630771383,0.30384098225958844,inf,green,False,unknown,0,-2.0026978263898063,0.22892518700246,0.07169253600295633,0.026659492003091145,0.0,0.1560000000000059,0.01700000000002433,-0.020999999999986585,0.49238700012210757,0.5186529549583444
170.0,17752.660474754,FOLLOW,13.91827284240175,7.828502649024412,2.970668018091345,0.017755911951392582,0.024526659835551492,-0.03354764871330767,-0.23311977990274557,0.480674341505349,0.29999999999999916,inf,green,False,unknown,0,-1.3678033999835648,0.05238516900135437,0.026850210000702646,0.006202284999744734,0.0,0.08400000000000318,0.019000000000005457,0.00899999999998613,19.215773998439545,0.5186529549583444
170.0,17752.764365615,LANE_GRACE,13.919697480177073,7.8277856810710285,2.9694369417341373,0.024470751606808016,0.04,-0.0547121359993426,-0.010380936870669854,0.021660478450799676,0.14872074256208115,inf,green,False,unknown,0,-1.3678033999835648,0.00636694100103341,0.1307410709996475,0.028686885998467915,0.10389086099894485,-0.04400000000001114,0.019000000000005457,-0.0589999999999975,16.077940999821294,0.5186529549583444
170.2,17752.958908906,LANE_GRACE,13.92575265702238,7.82470950585695,2.964221379351026,0.039925635773640326,0.04,-0.0547121359993426,-0.18317253823961357,0.5971066305599886,0.0,inf,green,False,unknown,0,-1.3678033999835648,0.030135417000565212,0.07745868900019559,0.007359483999607619,0.0,0.00899999999998613,0.016999999999995907,-0.029000000000024784,0.2908200003730599,0.5186529549583444
170.3,17753.11023175,LANE_GRACE,13.929824166954743,7.822616084590224,2.9607292824732276,0.03986599830507108,0.04,-0.0547121359993426,-0.015309407965746341,0.05295845269009864,0.15966105079306703,inf,green,False,unknown,0,-1.3678033999835648,0.1814582610022626,0.07765784300136147,0.004785500001162291,0.0,0.10900000000000887,0.019000000000005457,-0.03099999999997749,0.7168499978433829,0.5186529549583444
170.5,17753.361523864,LANE_GRACE,13.9365992771291,7.819088746538464,2.9549448483589345,0.03985185275180119,0.04,-0.0547121359993426,-0.17086136242919203,0.6076220303740593,0.06695719741333223,inf,green,False,unknown,0,-1.3678033999835648,0.07604024600004777,0.05565249500068603,0.016973939000308746,0.0,0.05500000000000682,0.014999999999986358,-0.0010000000000047748,0.3841109974018764,0.5186529549583444
170.5,17753.460341551,FOLLOW,13.939309186114425,7.817662648516318,2.9526405383484957,0.039850808702098485,0.026217985161818728,-0.02640865797997543,-0.17552568447219716,0.42386193548755596,0.29999999999999905,inf,green,False,unknown,0,-1.0072725961579374,0.02411731900065206,0.02345430499917711,0.03633325199916726,0.09881768699779059,-0.05099999999998772,-0.08299999999999841,-0.0689999999999884,20.699225999123883,0.5186529549583444
170.7,17753.613650904,FOLLOW,13.94364801377428,7.815361483966443,2.9489622209464157,0.02617058341629117,0.02953975351467713,-0.023532625255030266,-0.13501574026554553,0.33121801741737006,0.29999999999999927,inf,green,False,unknown,0,-0.796642573315239,0.056053080999845406,0.057226208999054506,0.01491015500141657,0.0,0.04899999999997817,0.018000000000000682,-0.005000000000023874,0.4376600008981768,0.5186529549583444
170.8,17753.719403933,FOLLOW,13.9466512567001,7.813758578969317,2.9464225045604073,0.029494911178505095,0.02953975351467713,-0.023532625255030266,-0.13501574026554553,0.33121801741737006,0.29999999999999927,inf,green,False,unknown,0,-0.796642573315239,0.16180610999799683,0.04441316699740128,0.019453950997558422,0.0,0.1490000000000009,0.01700000000002433,-0.0069999999999765805,0.34524500006227754,0.5186529549583444
171.0,17754.010327918,FOLLOW,13.952668271004095,7.810527749561494,2.9413464700455734,0.029495426779846647,0.02953975351467713,-0.023532625255030266,-0.13501574026554553,0.33121801741737006,0.29999999999999927,inf,green,False,unknown,0,-0.796642573315239,0.4527300949994242,0.05757928499951959,0.022682221999275498,0.0,0.34899999999998954,0.012000000000000455,-0.01099999999999568,1.4966979979362804,0.5186529549583444
171.2,17754.208974578,FOLLOW,13.957682530441014,7.807815631665936,2.9371289852487195,0.02949585891426639,0.02953975351467713,-0.023532625255030266,-0.13501574026554553,0.33121801741737006,0.29999999999999927,inf,green,False,unknown,0,-0.796642573315239,0.6513767549986369,0.023160667999036377,0.02456217500002822,0.0,0.5489999999999782,0.014999999999986358,0.018999999999977035,0.3367630015418399,0.5186529549583444
171.2,17754.259245521,LANE_GRACE,13.95868539110826,7.807271057499734,2.9362868638231436,0.029495944203742887,0.04,-0.03186570293260956,-0.02923887826203036,0.20000200648678734,0.23395682467098428,inf,green,False,unknown,0,-0.796642573315239,0.04767136699956609,0.07343161099925055,0.02955738300079247,0.050270943000214174,0.016999999999995907,0.014999999999986358,-0.01500000000001478,16.01973799915868,0.5186529549583444
171.3,17754.362357529,FOLLOW,13.960757032202707,7.806143765008834,2.934548788034058,0.03152638284186335,0.06353938212671634,0.007445767956631294,-0.01781909550122482,0.19542161548543724,0.5254544660116105,inf,green,False,unknown,0,0.11718351213712196,0.04655290400114609,0.03829573999973945,0.03879489799874136,0.0,0.04800000000000182,0.01300000000000523,0.01700000000002433,23.253240000485675,0.5186529549583444
171.4,17754.509466128,LANE_GRACE,13.967451543276683,7.802485972807058,2.9289419154216305,0.06352231414725508,0.04,0.004687340485484879,-0.043723418163705646,0.19684116843999414,0.15973706165240162,inf,green,False,unknown,0,0.11718351213712196,0.024469806001434335,0.0470818660032819,0.015116793001652695,0.0,0.018000000000000682,0.014000000000010004,-0.019000000000005457,19.483844997012056,0.5186529549583444
171.6,17754.770417239,FOLLOW,13.97480565626126,7.798469238054524,2.9227816542892384,0.03998084101106461,0.03784782697659249,-0.018944912984882364,-0.08709634048973887,0.23400293498043742,0.3332726859137697,inf,green,False,unknown,0,-0.5005548402184122,0.03643012899919995,0.06022235999989789,0.05966109500150196,0.0,0.018000000000000682,0.01099999999999568,0.01099999999999568,25.94850400055293,0.5186529549583444
171.8,17755.063397058,FOLLOW,13.98198953640746,7.79454435953518,2.916764725052772,0.01675622317762675,0.036900928666054655,-0.019067754639023177,-0.09770388270099269,0.2893646156757913,0.35330825705492447,inf,green,False,unknown,0,-0.5167283135766634,0.08663934499782044,0.045088189999660244,0.044486973998573376,0.0,0.05000000000001137,0.011000000000024102,0.007000000000005002,17.30170900191297,0.5186529549583444
172.0,17755.313470069,FOLLOW,13.9885688184507,7.790931881429445,2.9112659156388707,0.0380529604846164,0.03808852216181583,-0.015131486948569476,-0.07204657210461891,0.20696794675861108,0.3210904457170446,inf,green,False,unknown,0,-0.3972715686968543,0.006864464998216135,0.030456111999228597,0.029323685997951543,0.0,0.015999999999991132,0.014000000000010004,0.002999999999985903,0.4478170012589544,0.5186529549583444
172.2,17755.559475633,FOLLOW,13.996222180316924,7.786708121699673,2.904883616135236,0.036963015430500484,0.06955597889797288,0.024795131957176024,0.034069916374164476,0.01505652733300858,0.4009675424533424,inf,green,False,unknown,0,0.3564773632694665,0.05620971099779126,0.028412722000211943,0.02750289599862299,0.0,0.05299999999999727,0.014999999999986358,-0.0010000000000047748,0.33714100209181197,0.5186529549583444
172.3,17755.659204485,FOLLOW,14.000811369657853,7.784170545372809,2.9010598269461534,0.06955344503273216,0.06955597889797288,0.024795131957176024,0.034069916374164476,0.01505652733300858,0.4009675424533424,inf,green,False,unknown,0,0.3564773632694665,0.1559385629989265,0.023190702999272617,0.03354381600001943,0.0,0.15300000000002,0.01500000000001478,0.03100000000000591,0.37315100053092465,0.5186529549583444
172.5,17755.959603876,FOLLOW,14.015071570548958,7.776319795709998,2.8891552574490578,0.034498472592583714,0.055516825130619056,-0.03709787221455968,-0.13035547626699348,0.38678172715895826,0.6066614383701433,inf,green,False,unknown,0,-0.66822755312964,0.008528271999239223,0.06968952500028536,0.041079628997977125,0.0,-0.014999999999986358,0.014000000000010004,-0.007000000000005002,19.223355000576703,0.5186529549583444
172.6,17756.065241251,LANE_GRACE,14.019304116242216,7.773988847406251,2.885622394932996,0.05659894012034421,0.04,-0.0267291021251856,0.027421316204039856,-0.32604492237628296,0.2164648772355414,inf,green,False,unknown,0,-0.66822755312964,0.03670317999785766,0.0643689339995035,0.013606514999992214,0.0,0.013999999999981583,0.014999999999986358,-0.009000000000014552,19.06346800024039,0.5186529549583444
172.8,17756.312651366,LANE_GRACE,14.026689674228505,7.769901347952545,2.8794710757787296,0.039955559669725325,0.04,-0.0267291021251856,0.022697947704386726,-0.27935889070083697,0.22626698102418594,inf,green,False,unknown,0,-0.66822755312964,0.14548033199753263,0.02982234199953382,0.03087349199995515,0.0,0.1220000000000141,0.01300000000000523,0.021000000000015007,0.558334999368526,0.5186529549583444
173.0,17756.619959441,LANE_GRACE,14.03619913146789,7.7645941977062956,2.871580345360241,0.03995585274148266,0.04,-0.0267291021251856,0.011196767069035662,-0.1565698883264081,0.25763371314784883,inf,green,False,unknown,0,-0.66822755312964,0.032399884999904316,0.05840802799866651,0.014311580998764839,0.0,0.018000000000000682,0.012000000000000455,-0.016999999999995907,26.193474001047434,0.5186529549583444
173.2,17756.867879498,LANE_GRACE,14.04299164547752,7.760772262429158,2.865965100126909,0.03995608051249802,0.04,-0.0267291021251856,0.011196767069035662,-0.1565698883264081,0.25763371314784883,inf,green,False,unknown,0,-0.66822755312964,0.2803199420013698,0.05979910300084157,0.060225622000871226,0.0,0.2179999999999893,0.012999999999976808,0.012999999999976808,0.5121840003994294,0.5186529549583444
173.3,17756.961511079,LANE_GRACE,14.047067172840256,7.758466691705236,2.8626044071142327,0.03995622267247555,0.04,-0.0267291021251856,0.011196767069035662,-0.1565698883264081,0.25763371314784883,inf,green,False,unknown,0,-0.66822755312964,0.3739515230008692,0.01840944200012018,0.01541877500130795,0.0,0.31800000000001205,0.011000000000024102,0.011000000000024102,0.5269139983283821,0.5186529549583444
173.4,17757.162126351,FOLLOW,14.05250123211998,7.75537815367548,2.8581334003185406,0.0399564155488513,0.0328796514583683,0.011363142904087409,-0.00420637235861869,0.2569412704191704,0.28104227108348806,inf,green,False,unknown,0,0.3455980340447113,0.05114390499875299,0.07524354699853575,0.04537947700009681,0.05256483099947218,0.02200000000001978,0.01300000000000523,-0.025000000000005684,19.26334200106794,0.5186529549583444
173.6,17757.359368207,FOLLOW,14.05859103836916,7.751902446061379,2.8531328812243224,0.03186791781169856,0.03189583133751642,-0.008032881330777553,-0.2232175179231372,0.9215773671026259,0.5854556777858941,inf,green,False,unknown,0,-0.25184737296153,0.16079604100013967,0.032604953998088604,0.007244143998832442,0.0,0.1560000000000059,0.01099999999999568,0.0049999999999954525,0.5874140006199013,0.5186529549583444
173.8,17757.659312177,FOLLOW,14.06637726046611,7.7474522676800825,2.846743737963417,0.033368678505679844,0.03339537245245144,-0.006021540971031645,-0.11427178534951446,0.5692431215588354,0.4495588200199162,inf,green,False,unknown,0,-0.18031063973324918,0.2488427899988892,0.06537487799869268,0.02105961999768624,0.0,0.18600000000000705,0.011000000000024102,-0.03299999999998704,0.3808649998973124,0.5186529549583444
174.0,17757.865724405,FOLLOW,14.07122049793346,7.744678549308779,2.8427734190805616,0.03796161952392916,0.03330885938628862,-0.003536797829203258,-0.1068309364051058,0.5696625080438541,0.4485882240637319,inf,green,False,unknown,0,-0.10618189557878281,0.11830435999945621,0.029936121001810534,0.02936238899928867,0.0,0.1150000000000091,0.012000000000000455,0.03100000000000591,0.46695700075360946,0.5186529549583444
174.2,17758.109863432,FOLLOW,14.078674533966915,7.74040072936577,2.8366690840174593,0.04865830632076019,0.03311647528424124,-0.0007681995605382134,-0.09976167279665618,0.5759670172074424,0.4488970500497904,inf,green,False,unknown,0,-0.02319689984953706,0.056475493001926225,0.01704424600029597,0.01647682000111672,0.0,0.044999999999987494,0.00899999999998613,0.026999999999986812,0.36870999974780716,0.5186529549583444
174.3,17758.259609988,FOLLOW,14.083729843335394,7.737500295507464,2.832528596783038,0.033093920544906036,0.033185445009743283,-0.0001321586257522969,-0.0974045005119775,0.5740343722963855,0.4489411680477989,inf,green,False,unknown,0,-0.003982427407964395,0.09211553999921307,0.02682648399786558,0.002762817999609979,0.0,0.08700000000001751,0.007000000000005002,-0.00899999999998613,0.5090570011816453,0.5186529549583444
174.5,17758.568111057,FOLLOW,14.090491341459721,7.733621897464857,2.8269900152433562,0.03310769442041709,0.04448690153952471,0.0022511771343993324,-0.09120062820806535,0.5708481023458255,0.5998614435957382,inf,green,False,unknown,0,0.05060314511675437,0.08269146400198224,0.03410055900167208,0.03313039199929335,0.0,0.0519999999999925,0.008000000000009777,-0.01300000000000523,0.4080459984834306,0.5186529549583444
174.7,17758.813887434,FOLLOW,14.099203760298227,7.728630171748033,2.8198493636380313,0.04493930820045399,0.044958527544921446,0.0037639949196023653,-0.101774106647257,0.6338487455421102,0.645559962551909,inf,green,False,unknown,0,0.08372149011867604,0.034023733001959044,0.04736122000031173,0.01418399199974374,0.0,0.01999999999998181,0.00899999999998613,-0.01700000000002433,0.39499899867223576,0.5186529549583444
174.8,17758.90885555,FOLLOW,14.102259632667298,7.726880571827469,2.817343918362715,0.04493927511111847,0.0442210787343896,0.0056783939717269015,-0.0835494713057536,0.5719655767700225,0.596963420798105,inf,green,False,unknown,0,0.12840921420831283,0.02270160899934126,0.01732088899734663,0.02138960299998871,0.0,0.047000000000025466,0.010000000000019327,0.01500000000001478,0.47497400009888224,0.5186529549583444
175.0,17759.2090737,FOLLOW,14.111325643585497,7.721698035269279,2.8099052500385038,0.029323539962503038,0.029912678260063035,0.02017573896652849,-0.11956632156571684,0.9012454092657256,0.5406074342326347,inf,green,False,unknown,0,0.6744878807280019,0.16534520400091424,0.06160853099936503,0.012620661000255495,0.0,0.11400000000000432,0.00899999999998613,-0.022999999999996135,0.39968300188775174,0.5186529549583444
175.2,17759.409351991,FOLLOW,14.11805793811422,7.717874338231606,2.8043642144805427,0.054492979288798864,0.054504609602726135,0.013033834284096043,0.011250680021738508,0.08666244166354517,0.3684075887664029,inf,green,False,unknown,0,0.23913269683238195,0.19664836899755755,0.019403695998335024,0.01810707099866704,0.0,0.18199999999998795,0.007999999999981355,0.0069999999999765805,0.5210480012465268,0.5186529549583444
175.3,17759.572873567,FOLLOW,14.12418131196089,7.714407658786557,2.799316657088274,0.07196230636563136,0.0559231037615651,0.014423285945337528,-0.06887041601157615,0.5649148809698858,0.7494588195771827,inf,green,False,unknown,0,0.2579128298535244,0.03513159700014512,0.04353321300004609,0.04167353299999377,0.0,0.020000000000010232,0.008000000000009777,0.005000000000023874,32.869364997168304,0.5186529549583444
175.5,17759.860502032,FOLLOW,14.136684429420866,7.707341996973787,2.7890014131218925,0.055912133601537815,0.0669875295251977,0.022337315474690644,-0.06091688483260277,0.5639573008657002,0.8968488632329302,inf,green,False,unknown,0,0.33345483305647733,0.06916562399783288,0.06788604900066275,0.015942235000693472,0.0,0.033999999999991815,0.008000000000009777,0.0010000000000047748,0.5191990021558013,0.5186529549583444
175.7,17760.110267143,FOLLOW,14.14997982086511,7.699874948154679,2.7780009473864373,0.0670666790956731,0.06732981461800684,0.024779013726940788,-0.05647193104082132,0.55976563513311,0.8975116984756374,inf,green,False,bus,0,0.36802438663352316,0.10719364200122072,0.010058199000923196,0.008526942001481075,0.0,0.11599999999998545,0.009999999999990905,-0.0030000000000143245,2.226823999080807,0.5186529549583444
175.8,17760.269780132,FOLLOW,14.156846821836703,7.696038457223633,2.772305596744083,0.06732780997505824,0.06750451260358649,0.02895844588106245,-0.049610108420379384,0.5571946435415328,0.8974299705421511,inf,green,False,unknown,0,0.42898533393045934,0.07586118199833436,0.07504433999929461,0.013221852997958194,0.0,0.040000000000020464,0.009000000000014552,-0.0049999999999954525,0.7387780024146196,0.5186529549583444
176.0,17760.517031828,FOLLOW,14.171113152842489,7.688116326942968,2.7604410501495327,0.0750566867681471,0.087589793686649,0.001368365112341583,-0.03885712319576848,0.2633322225874903,0.8069601739186751,inf,green,False,unknown,0,0.015622426480839604,0.03428187600002275,0.04638153199994122,0.013746502998401411,0.0,0.020999999999986585,0.008000000000009777,-0.00899999999998613,43.30926200054819,0.5186529549583444
176.2,17760.759293702,FOLLOW,14.187883731149983,7.678876851350177,2.7464451858852352,0.08845077823747344,0.08847191658851938,0.001359324276707807,-0.03730704455172876,0.2535105922815364,0.8030185362506387,inf,green,False,bus,0,0.015364471903892275,0.06312641200202052,0.026024900002084905,0.007412520000798395,0.0,0.07799999999997453,0.0069999999999765805,-0.01300000000000523,0.41866599713102914,0.5186529549583444
176.3,17760.909263801,FOLLOW,14.193898384553222,7.675566126926832,2.7414237160457557,0.08845080022437837,0.06823287382007127,0.04184426133007109,-0.027996471674405776,0.546856086660876,0.8973154428735837,inf,green,False,unknown,0,0.6132566164575388,0.06581664300028933,0.005241303999355296,0.048245390000374755,0.0,0.05500000000000682,0.007000000000005002,0.019000000000005457,0.36057499892194755,0.5186529549583444
176.5,17761.209879219,FOLLOW,14.210450922960323,7.666533101432707,2.7275533004856847,0.06837420554057132,0.06862898465747282,0.046716969179140935,-0.01941145682158546,0.5405742339691266,0.8965368704483532,inf,green,False,unknown,0,0.6807177668780221,0.0931949000005261,0.058314474001235794,0.013804702000925317,0.0,0.054000000000002046,0.006000000000000227,-0.019000000000005457,32.48419399824343,0.5186529549583444
176.7,17761.460644715,FOLLOW,14.223389400836073,7.65957019683077,2.7166481801911937,0.052736897017743395,0.05771784392309333,0.04268032461431453,-0.011598175234766361,0.5338494475922653,0.7486080092194068,inf,green,False,bus,0,0.7394649854070141,0.02366729500135989,0.04775675899873022,0.02896479199989699,0.0,0.018000000000000682,0.009999999999990905,-0.023000000000024556,24.6705559984548,0.5186529549583444
176.8,17761.561459246,FOLLOW,14.227147887121179,7.65754774527705,2.713480229939198,0.05807413150158994,0.057766014762732014,0.044330257574807214,-0.008369288577944972,0.5332099139445423,0.7487196898006709,inf,green,False,bus,0,0.7674106956640371,0.0603706889996829,0.009265295000659535,0.009760397999343695,0.0,0.051000000000016144,0.009000000000014552,0.009000000000014552,24.430822999420343,0.5186529549583444
177.0,17761.813505931,FOLLOW,14.239124731861725,7.651152924287585,2.703353514854926,0.06370426349317845,0.06346923515921997,-0.028462531812970843,0.039401424148734765,-0.5169533569864148,0.8083101145084296,inf,green,False,unknown,0,-0.4484461131691483,0.11179439899933641,0.010805910002090968,0.008284085000923369,0.0,0.11400000000000432,0.007000000000005002,0.0049999999999954525,0.7872149981267285,0.5186529549583444
177.2,17762.060596131,FOLLOW,14.251881168721747,7.6443332033470455,2.6925730874698512,0.05780637237386504,0.05786454170431844,-0.04162772368708701,0.023056276894347583,-0.5782987928966677,0.7862334902896335,inf,green,False,unknown,0,-0.7193995227647387,0.07138883399966289,0.008545844000764191,0.0055548659984197,0.0,0.10899999999998045,0.007999999999981355,0.0009999999999763531,0.8032530022319406,0.5186529549583444
177.3,17762.211049048,FOLLOW,14.258037455020823,7.641013226871564,2.6873887294963286,0.06582592518851366,0.06588051707551977,-0.03730428971906396,0.022195187789542742,-0.4924932501728099,0.8166377334416104,inf,green,False,unknown,0,-0.5662416048784427,0.031721343999379314,0.042061490999913076,0.019773529002122814,0.0,0.04200000000000159,0.008000000000009777,-0.0009999999999763531,0.5735249978897627,0.5186529549583444
177.5,17762.509758659,FOLLOW,14.274727889057171,7.631938262600613,2.6733810490280074,0.09997476842458593,0.08101355842983156,-0.012694591929320905,0.005754142102217759,-0.14327483044415087,0.6112864891617229,inf,green,False,unknown,0,-0.15669712792971682,0.0025844250012596603,0.051705577003303915,0.03840295600093668,0.0,0.002999999999985903,0.0049999999999954525,-0.0049999999999954525,48.354103997553466,0.5186529549583444
177.7,17762.81947701,FOLLOW,14.291067427083185,7.62303591740678,2.659679641718715,0.063155375749389,0.05259033318261474,0.060792223421182866,0.017984173326422215,0.6252056589354774,0.748832044223873,inf,green,False,unknown,0,1.1559581341705494,0.026471612000023015,0.058004862999951,0.03647553100017831,0.0,0.01099999999999568,0.0049999999999954525,-0.009000000000014552,57.848408996505896,0.5186529549583444
177.8,17762.913223238,FOLLOW,14.295362005558761,7.620715999989984,2.656065591198127,0.0631556711664079,0.05259033318261474,0.060792223421182866,0.017984173326422215,0.6252056589354774,0.748832044223873,inf,green,False,unknown,0,1.1559581341705494,0.03412665599898901,0.028746961997967446,0.03034446499805199,0.0,0.07800000000000296,0.007000000000005002,0.023000000000024556,1.1513179997564293,0.5186529549583444
178.0,17763.217338017,FOLLOW,14.306507568550714,7.614775898988577,2.6466349386938495,0.041987782206897334,0.0419874392012558,0.048752323658440413,0.019180967529406012,0.6228511151126693,0.596484708440693,inf,green,False,unknown,0,1.1611168622301282,0.11303634599971701,0.07355098799962434,0.03642645400032052,0.0,0.06700000000000728,0.007000000000005002,-0.014999999999986358,26.84317900275346,0.5186529549583444
178.2,17763.418245489,FOLLOW,14.313647273333034,7.611033291168866,2.6405548068295936,0.04200555109195113,0.0318301430372276,0.03687658094969468,0.019972274385078537,0.6179030600681212,0.44999999999999973,inf,green,False,unknown,0,1.1585427343686427,0.01448714599973755,0.020044443001097534,0.025555494998116046,0.0,0.03999999999999204,0.006000000000000227,0.014999999999986358,0.43961800110992044,0.5186529549583444
178.3,17763.573218879,FOLLOW,14.316748493821267,7.6094229426924995,2.6379044601334916,0.03186832571855388,0.032003060147727434,0.037061214171056144,0.0211463824638147,0.6124031842717617,0.4499999999999997,inf,green,False,unknown,0,1.1580521987578707,0.021251719997962937,0.05005316899769241,0.05645327899765107,0.0,0.004000000000019099,0.006000000000000227,0.01300000000000523,17.17181999993045,0.5186529549583444
178.5,17763.813951886,FOLLOW,14.323268817583966,7.606067443919612,2.6323138372344603,0.032011061602654496,0.03197535131945118,0.0371537869236029,0.021449243940835777,0.6132805008553728,0.44999999999999996,inf,green,False,unknown,0,1.1619508587229057,0.06304487300076289,0.02399741599947447,0.024436339001113083,0.0,0.09800000000001319,0.003999999999990678,0.00899999999998613,27.88368799883756,0.5186529549583444
178.7,17764.064126878,FOLLOW,14.329786921041315,7.602754191045401,2.6267006525505163,0.03189948507792749,0.03189128830165856,0.037076779124884,0.02159666320178344,0.6129938280813865,0.4486899752658922,inf,green,False,unknown,0,1.162598976064437,0.14931454899851815,0.03533913499995833,0.03357635499924072,0.0,0.12899999999999068,0.0069999999999765805,0.0049999999999954525,5.956392000371125,0.5186529549583444
178.8,17764.208944572,FOLLOW,14.334125261691726,7.60057185271316,2.622951177412969,0.031899652408254105,0.03194772451902347,0.037246010066552336,0.02175210541785677,0.6141567353476837,0.44999999999999984,inf,green,False,unknown,0,1.16584234487104,0.028086357000574935,0.05339612100215163,0.0003806570020969957,0.0,0.034000000000020236,0.007000000000005002,-0.03099999999997749,0.47339799857581966,0.5186529549583444
179.0,17764.472225544,FOLLOW,14.339552167877105,7.597867830462738,2.6182459159181413,0.03187242772801836,0.031863715226207685,0.03716868181734043,0.02189952467880446,0.6138704162336047,0.44868997526589216,inf,green,False,unknown,0,1.1664892669756677,0.2913673289986036,0.0616707929984841,0.04721549899841193,0.0,0.23400000000000887,0.0049999999999954525,-0.0010000000000047748,0.5096109998703469,0.5186529549583444
179.2,17764.710417651,FOLLOW,14.346994355398031,7.594205692002406,2.611767132747694,0.06107208674256613,0.05638065549596272,0.03646555744901443,0.07671535794192653,-0.06511185508548616,0.36421265650920737,inf,green,False,unknown,0,0.6467742726337341,0.049197219999769004,0.03710541799955536,0.020059627000591718,0.0,0.04099999999999682,0.0049999999999954525,-0.005000000000023874,17.06790699972771,0.5186529549583444
179.3,17764.810759094,FOLLOW,14.352296657305306,7.591615582764595,2.6071404997272407,0.06122682747008004,0.08505794033695695,0.06285058505483089,0.06624498631094193,0.0716173617594474,0.5571500197001127,inf,green,False,unknown,0,0.7389149655616908,0.08159135400273954,0.014153834003082011,0.04903840699989814,0.0,0.10500000000001819,0.005000000000023874,0.027000000000015234,19.77118799914024,0.5186529549583444
179.4,17764.967249621,LANE_GRACE,14.362033412729428,7.586895631321485,2.5986242706286666,0.08509126292976028,0.04,0.029556598622467633,-0.052232651241604575,0.247763431587756,0.0,inf,green,False,unknown,0,0.7389149655616908,0.023650790000829147,0.056617849000758724,0.02706363700053771,0.0,0.0020000000000095497,0.006000000000000227,-0.00899999999998613,14.613854000344872,0.5186529549583444
179.6,17765.209752705,LANE_GRACE,14.370997868027546,7.582603808496542,2.590753986042245,0.04000301379147858,0.04,0.029556598622467633,-0.074385051160016,0.2325555860541329,0.0,inf,green,False,unknown,0,0.7389149655616908,0.12815369499730878,0.011374226000043564,0.04307903699736926,0.0,0.10499999999998977,0.001999999999981128,0.020999999999986585,0.4035120000480674,0.5186529549583444
179.6,17765.259371807,FOLLOW,14.373718077895214,7.581312020020492,2.58836007238852,0.04000316247234123,0.045850893343042216,-0.09520436790397874,-0.3890648272959699,0.48501581798287774,0.5635939705171972,inf,green,False,unknown,0,-2.0763906864734145,0.007938076996651944,0.060993327999312896,0.0002621690000523813,0.04961910199926933,-0.02400000000000091,0.001999999999981128,-0.046999999999997044,15.502024001762038,0.5186529549583444
179.8,17765.462848814,FOLLOW,14.379754275786544,7.578436156394565,2.583053021139194,0.04573833061686233,0.045850893343042216,-0.09520436790397874,-0.3890648272959699,0.48501581798287774,0.5635939705171972,inf,green,False,unknown,0,-2.0763906864734145,0.21141508399887243,0.016760034999606432,0.03212593799980823,0.0,0.17600000000001614,0.0020000000000095497,0.01700000000002433,0.485012998979073,0.5186529549583444
179.9,17765.661325105,LANE_GRACE,14.387099277758393,7.574850169113702,2.5766429714816277,0.03248300029171985,0.04,-0.08776351270497394,-0.03559635205883671,0.1644683988699077,0.0,inf,green,False,unknown,0,-2.1940878176243483,0.03512671700082137,0.09093291500175837,0.014560366998921381,0.050101504999474855,-0.02400000000000091,0.0030000000000143245,-0.05299999999999727,17.90572200116003,0.5186529549583444
180.2,17765.959179252,FOLLOW,14.396333644938457,7.570200758955934,2.56866464606085,0.03989840870881999,0.05599608317505546,0.02340053832398701,0.05509708741088727,-0.08250742900115368,0.37525730731848295,inf,green,False,unknown,0,0.4178959848107954,0.0439069929998368,0.017236116000276525,0.017569424999237526,0.0,0.03899999999998727,0.003999999999990678,0.00899999999998613,17.374144001223613,0.5186529549583444
180.3,17766.12289494,FOLLOW,14.401506001239941,7.567542199830042,2.564227831078208,0.05597556252533116,0.05599608317505546,0.02340053832398701,0.05509708741088727,-0.08250742900115368,0.37525730731848295,inf,green,False,unknown,0,0.4178959848107954,0.20762268099861103,0.04401307700027246,0.04449061799823539,0.0,0.13900000000001,0.0030000000000143245,0.007000000000005002,0.4587299990816973,0.5186529549583444
180.3,17766.210740754,LANE_GRACE,14.407215564175742,7.564616014144997,2.55932512424329,0.05597619669309248,0.04,0.016715839392431816,0.11740897769637193,0.009854432759127448,0.0,inf,green,False,unknown,0,0.4178959848107954,0.01742498099702061,0.009313005997682922,0.009779820997209754,0.08784581399959279,-0.05699999999998795,-0.09499999999999886,-0.09499999999999886,24.545966000005137,0.5186529549583444
180.5,17766.359504376,LANE_GRACE,14.411903921990673,7.562221685262468,2.555294258211978,0.03999060605111206,0.04,0.016715839392431816,0.11741847400656782,-0.011684020555199681,0.0,inf,green,False,unknown,0,0.4178959848107954,0.09103088499978185,0.01916001900099218,0.01990379799826769,0.0,0.0730000000000075,0.002999999999985903,0.002999999999985903,17.53779299906455,0.5186529549583444
180.5,17766.462046658,FOLLOW,14.414623269720982,7.560836460229892,2.5529541720543407,0.03999035188813508,0.040347532045071015,-0.07567628365422592,-0.3155257850743363,0.42728972393537296,0.46359859232000566,inf,green,False,unknown,0,-1.8756112163115757,0.08422860200153082,0.12170230100309709,0.030145639000693336,0.10254228200210491,0.0020000000000095497,0.002999999999985903,-0.06499999999999773,23.9042379980674,0.5186529549583444
180.7,17766.616199111,LANE_GRACE,14.42011411026468,7.55804003854264,2.5482287821268206,0.040185048488649226,0.04,-0.07502444865246304,-0.23938022993607133,0.21637101031863523,0.0,inf,green,False,unknown,0,-1.8756112163115757,0.05109646499840892,0.028402402000210714,0.013090472999465419,0.0,0.03799999999998249,0.002999999999985903,-0.0010000000000047748,24.787690002995078,0.5186529549583444
180.8,17766.770840683,LANE_GRACE,14.424191546042255,7.5559380759280845,2.5447349072276877,0.039820130375769376,0.04,-0.07502444865246304,-0.3703100382823112,0.3360152643621032,0.1546042944694486,inf,green,False,unknown,0,-1.8756112163115757,0.11072287400020286,0.044785689999116585,0.03652285499993013,0.0,0.10099999999999909,0.0020000000000095497,-0.002999999999985903,18.761146002361784,0.5186529549583444
180.9,17766.909854593,FOLLOW,14.428252967317725,7.55381758602612,2.541271008683865,0.039818162610535314,0.05407610947594217,0.0061039554404956915,0.030795335255617652,-0.1283514697464992,0.39682210999703665,inf,green,False,unknown,0,0.11287711892829994,0.02472833999854629,0.04574640400096541,0.04369104400029755,0.0,0.007000000000005002,0.0030000000000143245,-0.0049999999999954525,17.32196400189423,0.5186529549583444
181.1,17767.109722581,FOLLOW,14.436413207037543,7.549502948220364,2.534344731879618,0.051250626696941005,0.05126502056912527,0.011624292088488607,0.04129968965014602,-0.12127710996503462,0.37115669117460665,inf,green,False,unknown,0,0.22674899881907823,0.14499266699931468,0.012299543999688467,0.02787925700249616,0.0,0.14400000000000546,0.003999999999990678,0.025000000000005684,0.3740619977179449,0.5186529549583444
181.3,17767.41390017,FOLLOW,14.449186489706753,7.542757881731129,2.5234975762826055,0.055534742281512325,0.05555230683504392,0.007775325923686875,0.03279504857315762,-0.12343332881883894,0.4038601234754524,inf,green,False,unknown,0,0.13996405129988204,0.2793783599991002,0.05066795499806176,0.021566477000305895,0.0,0.19400000000001683,0.004000000000019099,-0.012999999999976808,0.5706190022465307,0.5186529549583444
181.5,17767.6595687,FOLLOW,14.461662410643939,7.536186226381924,2.512892770090346,0.07280443898990602,0.02950075398168188,-0.06208700350170896,-0.7759742412951878,0.7796308671164315,0.48333333333333217,inf,green,False,unknown,0,-2.104590395901783,0.04774440800247248,0.04908223500024178,0.007437276999553433,0.0,0.03299999999998704,0.002999999999985903,-0.016999999999995907,16.19412899890449,0.5186529549583444
181.7,17767.912036132,FOLLOW,14.470776816635034,7.531382022109058,2.505147328331029,0.06632220031521291,0.05703174547270806,-0.015377258161125165,-0.003836578265970794,-0.1558218407950772,0.4402706910055125,inf,green,False,unknown,0,-0.26962629380655706,0.007702563998464029,0.028501708999101538,0.04500219999681576,0.0,0.007999999999981355,0.001999999999981128,0.012999999999976808,17.000996002025204,0.5186529549583444
181.8,17768.019525981,FOLLOW,14.477237452526882,7.527965786218627,2.4996637941170246,0.05708210243467447,0.05703174547270806,-0.015377258161125165,-0.003836578265970794,-0.1558218407950772,0.4402706910055125,inf,green,False,unknown,0,-0.26962629380655706,0.11519241299902205,0.014023622999957297,0.027637584000331117,0.0,0.10800000000000409,0.0,0.011000000000024102,0.545446000614902,0.5186529549583444
182.0,17768.265641493,LANE_GRACE,14.488864546383967,7.521796388172028,2.489808454704299,0.056994770786926593,0.04,-0.010785051752262282,-0.05263310585689618,-0.09519956134677698,0.2724252245393397,inf,green,False,unknown,0,-0.26962629380655706,0.01052865100064082,0.0093374819989549,0.008466082999802893,0.0,0.043000000000006366,0.0,0.007000000000005002,21.6072700022778,0.5186529549583444
182.1,17768.468786449,FOLLOW,14.495488679320815,7.5182668951844445,2.4842029390955798,0.039967057658165314,0.024230008339732663,-0.03805041696910138,-0.0337559273439863,-0.7935918130445108,0.4016769386709046,inf,green,False,unknown,0,-1.5703839815319354,0.05085232900091796,0.07254616399950464,0.030030588000954594,0.0595647279988043,0.002999999999985903,0.0,-0.028999999999996362,18.476642999303294,0.5186529549583444
182.3,17768.668049507,FOLLOW,14.5007009283529,7.515479192816632,2.47979882663426,0.024173971583339362,0.024230008339732663,-0.03805041696910138,-0.0337559273439863,-0.7935918130445108,0.4016769386709046,inf,green,False,unknown,0,-1.5703839815319354,0.2501153869998234,0.01012729400099488,0.01166344100056449,0.0,0.20300000000000296,-0.001999999999981128,0.0010000000000047748,0.3768780006794259,0.5186529549583444
182.5,17768.965983444,FOLLOW,14.506688737691356,7.512238280221222,2.4747639329508173,0.05708493483405569,0.06103719731701088,-0.025105401674617653,-0.01623759800921972,-0.17014413390015387,0.4833333333333329,inf,green,False,unknown,0,-0.4113131463790336,0.06969638999726158,0.018947320997540373,0.018435214999044547,0.0,0.03700000000000614,-0.0020000000000095497,-0.002999999999985903,1.906449000671273,0.5186529549583444
182.7,17769.209204003,FOLLOW,14.519001751997148,7.505514647132185,2.464448763304025,0.060991787868232214,0.06103719731701088,-0.025105401674617653,-0.01623759800921972,-0.17014413390015387,0.4833333333333329,inf,green,False,unknown,0,-0.4113131463790336,0.31291694899846334,0.0411988529995142,0.039193988999613794,0.0,0.23699999999999477,0.0,-0.007000000000005002,0.3928789992642123,0.5186529549583444
182.8,17769.309636559,FOLLOW,14.523149191305532,7.503237515157063,2.4609823646934705,0.0609917282640185,0.06103719731701088,-0.025105401674617653,-0.01623759800921972,-0.17014413390015387,0.4833333333333329,inf,green,False,unknown,0,-0.4113131463790336,0.4133495049973135,0.0007555730007879902,0.034743688000162365,0.0,0.3370000000000175,-0.001999999999981128,0.025000000000005684,0.3849660024570767,0.5186529549583444
183.0,17769.559500928,FOLLOW,14.534391920089561,7.4970333529118784,2.4516064876932964,0.024094739613482248,0.021135491256166143,0.02620768884541993,-0.008252961452403063,0.7700884090749156,0.34347768526311434,inf,green,False,unknown,0,1.2399848448175532,0.025958808000723366,0.007754977999866242,0.03368232600041665,0.0,0.04200000000000159,-0.0010000000000047748,0.020999999999986585,0.36927899782313034,0.5186529549583444
183.0,17769.613370148,LANE_GRACE,14.535111159309674,7.496634997383502,2.451007640526851,0.021132813348330663,0.04,0.04959939379270213,0.07452645985602845,-0.32940448399398925,0.0,inf,green,False,unknown,0,1.2399848448175532,0.07982802799961064,0.061624197998753516,0.04247223399943323,0.053869219998887274,0.04200000000000159,-0.0010000000000047748,-0.01300000000000523,24.265672000183258,0.5186529549583444
183.2,17769.813037301,LANE_GRACE,14.540692238093266,7.49355713315091,2.4463519838283667,0.040018045173457514,0.04,0.04959939379270213,0.06580350566161455,-0.3428070165999866,0.0,inf,green,False,unknown,0,1.2399848448175532,0.014367198000400094,0.015296423000108916,0.028342765999695985,0.0,0.04099999999999682,-0.0010000000000047748,0.016999999999995907,23.478409999370342,0.5186529549583444
183.3,17769.974849485,LANE_GRACE,14.54613470360063,7.490583320820571,2.4417938295599977,0.04001820213094403,0.04,0.04959939379270213,0.0,0.0,0.0,inf,green,False,unknown,0,1.2399848448175532,0.02316911500020069,0.02962913399824174,0.02276585399886244,0.0,0.008000000000009777,-0.001999999999981128,-0.018999999999977035,28.330578999884892,0.5186529549583444
183.5,17770.16067904,LANE_GRACE,14.552937816605416,7.486908406926916,2.4360687004663437,0.04001844548330543,0.04,0.04959939379270213,0.0,0.0,0.0,inf,green,False,unknown,0,1.2399848448175532,0.208998670001165,0.0053203159986878745,0.012208296000608243,0.0,0.2079999999999984,-0.0020000000000095497,0.01099999999999568,0.4299829997762572,0.5186529549583444
183.7,17770.463858933,LANE_GRACE,14.562462261534407,7.481842934962099,2.4280030286323258,0.040018941595277205,0.04,0.04959939379270213,0.0,0.0,0.0,inf,green,False,unknown,0,1.2399848448175532,0.033970116997807054,0.05373038700054167,0.024030411997955525,0.0,0.00899999999998613,-0.004000000000019099,-0.027000000000015234,19.17798300200957,0.5186529549583444
183.8,17770.56076189,LANE_GRACE,14.565183555052277,7.48041273830066,2.4256878675334317,0.040019111314925325,0.04,0.04959939379270213,0.0,0.0,0.0,inf,green,False,unknown,0,1.2399848448175532,0.05363532299816143,0.028325233000941807,0.03016972199839074,0.0,0.038000000000010914,-0.002999999999985903,0.005000000000023874,0.323224001476774,0.5186529549583444
184.0,17770.822815465,LANE_GRACE,14.57334750916841,7.476167882639764,2.4187142872224965,0.040019671142988135,0.04,0.04959939379270213,0.0,0.0,0.0,inf,green,False,unknown,0,1.2399848448175532,0.043192558998271124,0.027579806999710854,0.02854624999963562,0.0,0.03899999999998727,-0.003999999999990678,0.0010000000000047748,0.3572120003809687,0.5186529549583444
184.0,17770.910449314,FOLLOW,14.57606885328715,7.474768216450645,2.416380482736232,0.04001986834937975,0.04167025944418359,-0.049952734753399945,-0.14962083139661153,0.1183553039532363,0.2999999999999997,inf,green,False,unknown,0,-1.198762268814538,0.13082640799984802,0.11521365600128775,0.049765749001380755,0.08763384900157689,0.03899999999998727,-0.003999999999990678,-0.06700000000000728,24.638836999656633,0.5186529549583444
184.2,17771.059906942,FOLLOW,14.581709709024452,7.471880319127519,2.4115349426022004,0.04160138891350806,0.03404323225394654,0.0009137981169581852,0.03855013938172448,-0.23448734358929663,0.2999999999999998,inf,green,False,unknown,0,0.0268422842502639,0.10809624999819789,0.018608407997817267,0.018022393000137527,0.0,0.10999999999998522,-0.0030000000000143245,-0.0030000000000143245,19.029479000892024,0.5186529549583444
184.3,17771.222481766,FOLLOW,14.585545361636411,7.469901168560286,2.408249340707925,0.034019222584801855,0.031214097116414024,0.01323512602555961,0.08841716952551523,-0.29199502774153846,0.29999999999999943,inf,green,False,unknown,0,0.4240111759824019,0.07813052900019102,0.03340565799953765,0.03284027200061246,0.0,0.030000000000001137,-0.003999999999990678,-0.0049999999999954525,0.9167259995592758,0.5186529549583444
184.5,17771.468778662,FOLLOW,14.592010618049793,7.466563655240844,2.4027121458155904,0.031202150084808273,0.031214097116414024,0.01323512602555961,0.08841716952551523,-0.29199502774153846,0.29999999999999943,inf,green,False,unknown,0,0.4240111759824019,0.32442742500279564,0.025838939000095706,0.026338116000260925,0.0,0.22999999999998977,-0.00899999999998613,-0.00899999999998613,0.35094899794785306,0.5186529549583444
184.7,17771.714641861,FOLLOW,14.600513808580216,7.46217715836994,2.3954277284462533,0.0506195244542469,0.04704526414764475,-0.038256115452950136,-0.07641176650414871,-0.05913229293838222,0.29999999999999993,inf,green,False,unknown,0,-0.8131767595753923,0.02003910699932021,0.028292687999055488,0.013962201999675017,0.0,0.00899999999998613,-0.005000000000023874,-0.01300000000000523,0.3633209998952225,0.5186529549583444
184.8,17771.809475001,FOLLOW,14.603714713696784,7.4605148728165105,2.392692295062769,0.04698844332115765,0.04354025200371444,-0.02738405780456347,-0.12829707507920718,0.3992604176253061,0.4833333333333316,inf,green,False,unknown,0,-0.6289365941710058,0.11487224699885701,0.015091866000148002,0.03137676500045927,0.0,0.10900000000000887,-0.0069999999999765805,0.019000000000005457,18.963630001962883,0.5186529549583444
185.0,17772.11643804,FOLLOW,14.614309054433733,7.454965545849657,2.383667632302852,0.043493325251685096,0.03716813580733596,-0.044827825299578156,0.10000000000000003,-0.593749666710771,0.5129975357055664,inf,green,False,unknown,0,-1.2060821541318838,0.07180049200178473,0.031780928002262954,0.03015291699921363,0.0,0.03499999999999659,-0.003999999999990678,-0.019000000000005457,0.8261080001830123,0.5186529549583444
185.2,17772.361148128,FOLLOW,14.620693021669663,7.451581403266263,2.3782544616182912,0.03913754719768629,0.03994676244109868,-0.04817907729555493,0.10000000000000003,-0.593749666710771,0.5513483591946688,inf,green,False,unknown,0,-1.2060821541318838,0.03740812399701099,0.04022832699774881,0.06087794899940491,0.0,0.009999999999990905,-0.004000000000019099,0.01099999999999568,17.914265001309104,0.5186529549583444
185.3,17772.459279354,FOLLOW,14.62470922807306,7.449430743572915,2.3748626261528725,0.03988269123639273,0.03994676244109868,-0.04817907729555493,0.10000000000000003,-0.593749666710771,0.5513483591946688,inf,green,False,unknown,0,-1.2060821541318838,0.13553934999799822,0.004546186999505153,0.027634608999505872,0.0,0.11000000000001364,-0.002999999999985903,0.009000000000014552,0.4560900015349034,0.5186529549583444
185.5,17772.709868044,FOLLOW,14.632845350731337,7.445022873979564,2.368024011917417,0.03988325661948576,0.04105239199957148,-0.049512557375109685,0.10000000000000003,-0.593749666710771,0.5666083453785289,inf,green,False,unknown,0,-1.2060821541318838,0.029618893000588287,0.006345236997731263,0.024214837998442817,0.0,0.03899999999998727,-0.006000000000000227,0.0049999999999954525,13.588043999334332,0.5186529549583444
185.7,17772.960679567,FOLLOW,14.641195530756596,7.440428376546902,2.361051529682205,0.041408181016471236,0.042241990324480734,-0.05094731068536792,0.10000000000000003,-0.593749666710771,0.5830272750854492,inf,green,False,unknown,0,-1.2060821541318838,0.03874464600085048,0.013472788999933982,0.01511843200205476,0.0,0.033999999999991815,-0.005000000000023874,0.0009999999999763531,13.678788000106579,0.5186529549583444
185.8,17773.112617218,FOLLOW,14.64547024684358,7.438048768682688,2.3575003852309906,0.0421771752147587,0.043181798647993735,-0.052080796732661555,0.10000000000000003,-0.593749666710771,0.5959985835335471,inf,green,False,unknown,0,-1.2060821541318838,0.014926277002814459,0.02495020599963027,0.025738961001479765,0.0,0.004000000000019099,-0.0049999999999954525,-0.0009999999999763531,0.5089839978609234,0.5186529549583444
186.0,17773.374081882,FOLLOW,14.654229978278554,7.433114568430918,2.3502625784378948,0.043077296023330276,0.04407705752792993,-0.0531605524910807,0.10000000000000003,-0.593749666710771,0.6083550170551646,inf,green,False,unknown,0,-1.2060821541318838,0.13122505499995896,0.03404745399893727,0.033128122999187326,0.0,0.10800000000000409,-0.0049999999999954525,-0.0049999999999954525,12.796267998055555,0.5186529549583444
186.2,17773.62189505,FOLLOW,14.663201253081873,7.427981020603942,2.3429052914998265,0.04481761859304001,0.045180968934661996,-0.054491960338482866,0.10000000000000003,-0.593749666710771,0.623591289173473,inf,green,False,unknown,0,-1.2060821541318838,0.06754821299909963,0.04253388500001165,0.0392593010001292,0.0,0.026999999999986812,-0.006000000000000227,-0.009000000000014552,14.421996998862596,0.5186529549583444
186.3,17773.770253231,FOLLOW,14.667792427609594,7.425322669230379,2.339162030598586,0.045115526249698536,0.0452537431000964,-0.05457973196069514,0.10000000000000003,-0.593749666710771,0.6245957239324396,inf,green,False,unknown,0,-1.2060821541318838,0.031855126999289496,0.05369196099854889,0.03913771099905716,0.0,0.007000000000005002,-0.0069999999999765805,-0.01099999999999568,16.01402199958102,0.5186529549583444
186.5,17774.009180598,FOLLOW,14.675469441456714,7.420830698483006,2.3329364122600547,0.04518910647524864,0.045200477820720966,-0.05451548965780558,0.10000000000000003,-0.593749666710771,0.6238605523542924,inf,green,False,unknown,0,-1.2060821541318838,0.04822378300013952,0.0160039410002355,0.047764639002707554,0.0,0.03100000000000591,-0.007000000000005002,0.019000000000005457,0.3208369998901617,0.5186529549583444
186.7,17774.268288779,FOLLOW,14.684705124880642,7.415349450132706,2.3255031841322067,0.04541350448978699,0.045245367532790674,-0.054569630338436974,0.10000000000000003,-0.593749666710771,0.6244801236932926,inf,green,False,unknown,0,-1.2060821541318838,0.02072209900143207,0.02571796899792389,0.03912571999899228,0.0,0.01099999999999568,-0.005000000000023874,0.014999999999986358,0.3603959994507022,0.5186529549583444
186.8,17774.423434387,FOLLOW,14.690799536230614,7.411686598306303,2.3206323315887265,0.04337396682772937,0.042989311506557604,-0.05184864142647557,0.10000000000000003,-0.593749666710771,0.5933418608578768,inf,green,False,unknown,0,-1.2060821541318838,0.08325524000247242,0.042729690001579,0.027051696000853553,0.0,0.040000000000020464,-0.00899999999998613,-0.020999999999986585,14.31174399840529,0.5186529549583444
187.0,17774.659104631,FOLLOW,14.699572893040335,7.4063499787172375,2.31366874352082,0.04292930832727464,0.042989311506557604,-0.05184864142647557,0.10000000000000003,-0.593749666710771,0.5933418608578768,inf,green,False,unknown,0,-1.2060821541318838,0.3189254839999194,0.0314487139985431,0.00024486899928888306,0.0,0.2400000000000091,-0.006000000000000227,-0.025000000000005684,0.31840500014368445,0.5186529549583444
187.2,17774.916228444,FOLLOW,14.706569593479767,7.402040532068824,2.3081567385996995,0.03839271609851606,0.037867593128450845,-0.04567142829215172,0.10000000000000003,-0.593749666710771,0.5226515007019042,inf,green,False,unknown,0,-1.2060821541318838,0.03333192599893664,0.009462247999181272,0.011049269000068307,0.0,0.04200000000000159,-0.005000000000023874,0.0049999999999954525,14.479593002761248,0.5186529549583444
187.3,17775.114070038,FOLLOW,14.711732826806404,7.398830076920247,2.304112993772449,0.03781337767741083,0.036262911740269514,-0.04373605070679863,0.10000000000000003,-0.593749666710771,0.5005035618868741,inf,green,False,unknown,0,-1.2060821541318838,0.07880993099752232,0.03782353599672206,0.029846700999769382,0.0,0.04400000000001114,-0.006000000000000227,-0.03099999999997749,0.6491990025097039,0.5186529549583444
187.5,17775.361957156,FOLLOW,14.717753314913587,7.395054254427579,2.299423720651624,0.034135282855960125,0.03344991839701825,-0.040343349635811494,0.10000000000000003,-0.593749666710771,0.4616784063686024,inf,green,False,unknown,0,-1.2060821541318838,0.07690049600205384,0.020110569999815198,0.01951157800067449,0.0,0.04099999999999682,-0.006000000000000227,-0.0010000000000047748,0.371311998605961,0.5186529549583444
187.7,17775.61324097,FOLLOW,14.724545342860463,7.390752943331401,2.294167286065108,0.032680070078410346,0.03135829692212502,-0.03782068230174377,0.10000000000000003,-0.593749666710771,0.43280968215248794,inf,green,False,unknown,0,-1.2060821541318838,0.006749236999894492,0.012211735000164481,0.012684727000305429,0.0,0.003999999999990678,-0.007000000000005002,-0.005000000000023874,12.796356000762898,0.5186529549583444
187.8,17775.766152624,FOLLOW,14.727787832599647,7.388684024271941,2.291670628063892,0.03131125613306545,0.03135829692212502,-0.03782068230174377,0.10000000000000003,-0.593749666710771,0.43280968215248794,inf,green,False,unknown,0,-1.2060821541318838,0.15966089100038516,0.04753039900242584,0.045129415000701556,0.0,0.10400000000001342,-0.006000000000000227,-0.0069999999999765805,0.6317389998002909,0.5186529549583444
188.0,17776.010906867,FOLLOW,14.734185959533,7.384577301120114,2.2867644288090783,0.024830398508928615,0.024954094090272855,-0.004583379884887703,0.16962145003621243,-0.8980022594791786,0.44986764600597473,inf,green,False,unknown,0,-0.18367246145290092,0.03184113099996466,0.03143463499873178,0.030922915997507516,0.0,0.007000000000005002,-0.0049999999999954525,-0.01099999999999568,0.6987609995121602,0.5186529549583444
188.0,17776.059750122,LANE_GRACE,14.735877734434435,7.383489707550175,2.2854685729059234,0.02493232690505884,0.04,-0.007346898458116037,-0.15321217633949225,1.0255735114513784,0.0,inf,green,False,unknown,0,-0.18367246145290092,0.08068438600093941,0.08027788999970653,0.005334419998689555,0.04884325500097475,0.007000000000005002,-0.0049999999999954525,-0.07900000000000773,16.878029000508832,0.5186529549583444
188.1,17776.210777803,FOLLOW,14.739412890006772,7.381215746946922,2.282761835420624,0.039976107374364696,0.025002047218058855,-0.007061721409604657,0.15813920117170205,-0.894369287741603,0.44947058402389956,inf,green,False,unknown,0,-0.28244572726444617,0.01959370700205909,0.1156152289986494,0.02802758599864319,0.0924230130003707,-0.06399999999999295,-0.0049999999999954525,-0.08100000000001728,24.513435000699246,0.5186529549583444
188.3,17776.359641694,FOLLOW,14.74300432960386,7.378903677752504,2.2800136043712897,0.024938961312578507,0.02495016938127443,-0.007844556999149105,0.15510908423776765,-0.8950235977261607,0.4487646960557654,inf,green,False,unknown,0,-0.31440896770170196,0.02251560900185723,0.004365529002825497,0.02199554900289513,0.0,0.03700000000000614,-0.0069999999999765805,0.01700000000002433,0.31108699840842746,0.5186529549583444
188.3,17776.459567068,LANE_GRACE,14.745548628342329,7.377264222784307,2.2780679314540224,0.02492587461524614,0.04,-0.01257635870806808,-0.1673544589657024,1.0284499289129683,0.0,inf,green,False,unknown,0,-0.31440896770170196,0.12244098299925099,0.10429090300021926,0.0004687000000558328,0.09992537399739376,0.03700000000000614,-0.0069999999999765805,-0.08499999999997954,16.33561800190364,0.5186529549583444
188.5,17776.609852523,FOLLOW,14.74908690707965,7.374981782756407,2.275364251879437,0.03997223420839673,0.031035765949382694,-0.013871050594845172,0.1278974472198245,-0.8582472346328454,0.5423703705628194,inf,green,False,unknown,0,-0.4469375950787859,0.0023933219999889843,0.0075637209993146826,0.02701795599932666,0.0,0.009999999999990905,-0.006000000000000227,0.01300000000000523,16.147490998264402,0.5186529549583444
188.7,17776.861849018,FOLLOW,14.755731438134152,7.370685845593016,2.270295259587106,0.03100711969564872,0.031035765949382694,-0.013871050594845172,0.1278974472198245,-0.8582472346328454,0.5423703705628194,inf,green,False,unknown,0,-0.4469375950787859,0.2543898170006287,0.016428640999947675,0.03375525299998117,0.0,0.20999999999997954,-0.008000000000009777,0.00899999999998613,0.4131779969611671,0.5186529549583444
188.8,17777.012381882,FOLLOW,14.759747380464981,7.368081628774617,2.2672381624643476,0.02479814866824659,0.02482554782252725,-0.012181043919931371,0.11571224315054968,-0.8360264413258905,0.4261810212367232,inf,green,False,unknown,0,-0.4906656645408655,0.006139288998383563,0.02835096600028919,0.0070676909999747295,0.0,0.0030000000000143245,-0.007999999999981355,-0.026999999999986812,0.41014200178324245,0.5186529549583444
189.0,17777.259355828,FOLLOW,14.763968568781877,7.365337455776591,2.264030680937877,0.024884301927253008,0.024912105375297224,-0.013223116647088364,0.11292655815296399,-0.8403369314804416,0.42915839358213304,inf,green,False,unknown,0,-0.5307908122530812,0.17870436500015785,0.023230156999488827,0.029457116997946287,0.0,0.14400000000000546,-0.006000000000000227,0.002999999999985903,1.5046160006022546,0.5186529549583444
189.2,17777.509219914,FOLLOW,14.769063507867429,7.362014971164704,2.2601681065715025,0.02506888941744983,0.02521519143588041,-0.015796213953037666,0.11004255882113745,-0.8615601335607399,0.4418122260501239,inf,green,False,unknown,0,-0.6264562374315413,0.022133516002213582,0.0017612650008231867,0.0021024570014560595,0.0,0.03799999999998249,-0.010000000000019327,-0.0010000000000047748,0.7268509980349336,0.5186529549583444
189.3,17777.671496042,FOLLOW,14.771632278034973,7.360335144133423,2.258224717804581,0.025185867691136475,0.02522303957397155,-0.017055058804772538,0.1083216146922596,-0.8717913593490347,0.4455339414818858,inf,green,False,unknown,0,-0.67616984680832,0.06811993500014069,0.033264367000811035,0.03267168700040202,0.0,0.027000000000015234,-0.00899999999998613,-0.002999999999985903,0.4124949991819449,0.5186529549583444
189.5,17777.909376526,FOLLOW,14.776771404491962,7.356964190477986,2.2543456375248683,0.02519310912902287,0.025389360080455663,-0.018292377469257628,0.10505167162694407,-0.8761251129342539,0.44999999999999885,inf,green,False,unknown,0,-0.7204741439442114,0.05699061400082428,0.016055707001214614,0.017055581000022357,0.0,0.04400000000001114,-0.009999999999990905,-0.007000000000005002,0.3444760004640557,0.5186529549583444
189.7,17778.169138393,FOLLOW,14.78108004756831,7.354126761646955,2.2511032021833337,0.025294623600281216,0.025374769145652697,-0.019719821591765507,0.0982699005241846,-0.8747468602418538,0.4492556569136478,inf,green,False,unknown,0,-0.7771428964958281,0.03458882400082075,0.12586491399997612,0.0587963910002145,0.0,0.03499999999999659,0.09099999999997976,0.022999999999996135,22.860365999804344,0.5186529549583444
189.8,17778.310140199,FOLLOW,14.783661687086111,7.352421474378797,2.2491649411370016,0.02534337355001144,0.021657526242574447,-0.018477044136000657,0.12326803951508253,-0.9574407504599864,0.40831678716426545,inf,green,False,unknown,0,-0.8531465657272719,0.03069099099957384,0.11678042999847094,0.033842136999737704,0.0,0.040000000000020464,0.09000000000000341,0.021000000000015007,25.728302000061376,0.5186529549583444
190.0,17778.620850057,FOLLOW,14.789309811469064,7.348676153412292,2.2449371973625656,0.025276256581978226,0.025428438176270492,-0.021167035207396958,0.09031402134268895,-0.8699488018772829,0.4485113138272955,inf,green,False,unknown,0,-0.8324158589948233,0.035987792998639634,0.030523984998581,0.015522898000199348,0.0,0.038000000000010914,-0.009999999999990905,-0.016999999999995907,0.43792400174424984,0.5186529549583444
190.2,17778.866420285,FOLLOW,14.79448842338235,7.345223995068287,2.241077070419688,0.02537582427823872,0.032237685378587046,-0.027537411181634934,0.0668561933627338,-0.8075556037122207,0.5406777448558931,inf,green,False,unknown,0,-0.854199389883179,0.04920146600125008,0.0238833399998839,0.014183205003064359,0.0,0.03099999999997749,-0.009000000000014552,-0.021000000000015007,17.175810997287044,0.5186529549583444
190.3,17779.009423837,FOLLOW,14.797528828210545,7.343189080570368,2.2388180485808893,0.03220162321067583,0.032237685378587046,-0.027537411181634934,0.0668561933627338,-0.8075556037122207,0.5406777448558931,inf,green,False,unknown,0,-0.854199389883179,0.19220501800009515,0.04618129200025578,0.027310686000419082,0.0,0.13100000000000023,-0.009999999999990905,-0.022999999999996135,0.6719390003127046,0.5186529549583444
190.5,17779.259423459,FOLLOW,14.803018484706993,7.339499652976916,2.234753027557525,0.0326755392547496,0.03321031729261918,-0.03149504359537882,0.05912055308325098,-0.8175299783039006,0.5615910679548374,inf,green,False,unknown,0,-0.948351180082776,0.000587621998420218,0.0064074330002767965,0.03389430099923629,0.0,-0.0010000000000047748,-0.009999999999990905,0.007000000000005002,18.416496001009364,0.5186529549583444
190.7,17779.509373752,FOLLOW,14.809767924515839,7.3349352021353695,2.229781049151261,0.03317241850944062,0.03348185303850135,-0.03336411492864137,0.054843833037205525,-0.8219731766271282,0.5682489766225022,inf,green,False,unknown,0,-0.996483524680531,0.04527748400141718,0.003718348001712002,0.021335068999178475,0.0,0.04399999999998272,-0.011000000000024102,0.002999999999985903,21.52186699822778,0.5186529549583444
190.8,17779.659947435,FOLLOW,14.814306535053436,7.331847445901876,2.226454682766234,0.03344301912969007,0.03413691066049506,-0.035345182932820386,0.051127897278040735,-0.8249711398450431,0.5807879217024311,inf,green,False,unknown,0,-1.0353948921840663,0.026787712002260378,0.034879845999967074,0.004175533998932224,0.0,0.004000000000019099,-0.00899999999998613,-0.03299999999998704,17.88912800111575,0.5186529549583444
191.0,17779.916944307,FOLLOW,14.82007462162804,7.3279008888763935,2.222248091225657,0.034020129341123306,0.03405992277910489,-0.035477851801157666,0.050315244064145115,-0.8248035341592269,0.5793988026810838,inf,green,False,unknown,0,-1.0416304238635163,0.23831156099913642,0.02486249999856227,0.02681010000014794,0.0,0.17599999999998772,-0.009999999999990905,-0.002999999999985903,0.36781400194740854,0.5186529549583444
191.2,17780.162125804,FOLLOW,14.8270148033276,7.323118472001041,2.217218737387487,0.034020872695170234,0.03405992277910489,-0.035477851801157666,0.050315244064145115,-0.8248035341592269,0.5793988026810838,inf,green,False,unknown,0,-1.0416304238635163,0.48349305800002185,0.022873431000334676,0.025932460997864837,0.0,0.37599999999997635,-0.010000000000019327,-0.007000000000005002,0.4241360002197325,0.5186529549583444
191.3,17780.259561722,FOLLOW,14.83048495171108,7.320713397180755,2.214717231265386,0.0340212540124543,0.03405992277910489,-0.035477851801157666,0.050315244064145115,-0.8248035341592269,0.5793988026810838,inf,green,False,unknown,0,-1.0416304238635163,0.5809289759999956,0.0036536949992296286,0.0026111869992746506,0.0,0.4759999999999991,-0.00899999999998613,-0.00899999999998613,0.537243002327159,0.5186529549583444
191.5,17780.565572179,FOLLOW,14.838582118014727,7.31506585151073,2.2089147371906828,0.03402216507923631,0.041210997740535125,-0.04757071017618383,0.022971564996960403,-0.7821073969984854,0.6766086842607563,inf,green,False,unknown,0,-1.1543207586404367,0.05059504599921638,0.050132550997659564,0.01398345499910647,0.0,0.03200000000001069,-0.00899999999998613,-0.046999999999997044,0.4259230008756276,0.5186529549583444
191.7,17780.766024056,FOLLOW,14.844180849131098,7.311130747644292,2.204932194978434,0.04137674066418759,0.04200895501242497,-0.050243690241858034,0.018172671166084176,-0.784061361902275,0.6908497289458794,inf,green,False,unknown,0,-1.1960233294781428,0.11349165600040578,0.012451263999537332,0.030337232998135732,0.0,0.10699999999999932,-0.009000000000014552,0.016999999999995907,19.548471998859895,0.5186529549583444
191.8,17780.913876801,FOLLOW,14.84984178113793,7.307125308914497,2.2009318826438933,0.041837496265491526,0.04297165655290834,-0.05346172728106373,0.01172641843357608,-0.7837319417944287,0.7064850340763539,inf,green,False,unknown,0,-1.2441160422856776,0.017233497001143405,0.02314633700007107,0.023638531001779484,0.0,0.006000000000000227,-0.01999999999998181,-0.018999999999977035,18.482417999621248,0.5186529549583444
192.0,17781.165155472,FOLLOW,14.857081976368145,7.301962847012848,2.1958555569947324,0.0427913428570374,0.043387159073367126,-0.054759996106160155,0.009354594883926093,-0.7838880769107066,0.7134102821942712,inf,green,False,unknown,0,-1.2621244920314258,0.17467219200261752,0.014099731000897009,0.05518629600192071,0.0,0.14300000000000068,-0.020000000000010232,0.01099999999999568,0.3809099980571773,0.5186529549583444
192.2,17781.459914817,FOLLOW,14.867403120848506,7.294525088316498,2.1886998377793643,0.04442541309995048,0.045299193983937995,-0.06065519238716093,-0.0019221741654356084,-0.7816332189429092,0.7434310055938879,inf,green,False,unknown,0,-1.3389905438200027,0.00827531499817269,0.04001727299691993,0.021817383996676654,0.0,-0.02400000000000091,-0.020000000000010232,-0.027000000000015234,19.10779800164164,0.5186529549583444
192.3,17781.563715691,FOLLOW,14.870446382452757,7.292314146662118,2.1866086254584953,0.04509373656062254,0.045299193983937995,-0.06065519238716093,-0.0019221741654356084,-0.7816332189429092,0.7434310055938879,inf,green,False,unknown,0,-1.3389905438200027,0.11207618900152738,0.14381814700027462,0.030070867000176804,0.0,0.07600000000002183,0.0800000000000125,0.005000000000023874,0.42634700002963655,0.5186529549583444
192.5,17781.823153847,FOLLOW,14.879645282789546,7.285580262186944,2.1803417638689297,0.04509235605043567,0.0441908845461428,-0.058177252674283524,-0.016142781731446898,-0.7197802632294176,0.6872788934641748,inf,green,False,unknown,0,-1.316498940263044,0.06090209299873095,0.14832274400032475,0.039846334999310784,0.0,0.03999999999999204,0.07900000000000773,0.0010000000000047748,21.141256002010778,0.5186529549583444
192.7,17782.060917809,FOLLOW,14.88874761978882,7.278842644998037,2.1742216261101293,0.045104149999198234,0.04553482301646418,-0.06188384249222882,-0.022591260282190523,-0.7180864291256944,0.7071092731576238,inf,green,False,unknown,0,-1.3590443180124643,0.028075525002350332,0.12351070700242417,0.019833408001431962,0.0,0.03699999999997772,0.07899999999997931,-0.0030000000000143245,35.0858439996955,0.5186529549583444
192.8,17782.21018282,FOLLOW,14.893349214897553,7.275408551321707,2.171158683118756,0.04532265563668229,0.04568839945383073,-0.06306302245722936,-0.024869079391738547,-0.7210204614747633,0.711355981108009,inf,green,False,bus,0,-1.3802852192481843,0.0005291599991323892,0.006307999999989988,0.017832991998147918,0.0,0.0010000000000047748,-0.02199999999999136,-0.0049999999999954525,0.4133709990128409,0.5186529549583444
193.0,17782.460510116,FOLLOW,14.902647434651554,7.2684118919030265,2.1650347524789044,0.045866529214707,0.04656055088353707,-0.06592108791393554,-0.029896160148870976,-0.7217012996302419,0.7253754227439381,inf,green,False,bus,1,-1.415814174510637,0.09587892900162842,0.01677429100163863,0.03497594800137449,0.0,0.07099999999999795,-0.020999999999986585,-0.00899999999998613,23.92189499732922,0.5186529549583444
193.2,17782.719580842,FOLLOW,14.912096439770602,7.2612222249654454,2.1589035908822907,0.04721070085809948,0.04772975202625456,-0.06987555961344682,-0.0369013055538876,-0.7226973915073699,0.7442509457940223,inf,green,False,bus,1,-1.4639832944242113,0.03737973000170314,0.028391890999046154,0.029457028998876922,0.0,0.006000000000000227,-0.021000000000015007,-0.01300000000000523,30.93117200114648,0.5186529549583444
193.3,17782.812721509,FOLLOW,14.915305878537524,7.258761795812169,2.1568428210511774,0.04719427530711476,0.04772975202625456,-0.06987555961344682,-0.0369013055538876,-0.7226973915073699,0.7442509457940223,inf,green,False,bus,1,-1.4639832944242113,0.13052039700050955,0.12153255799785256,0.046277817000373034,0.0,0.10600000000002296,0.07900000000000773,0.019000000000005457,0.5783369997516274,0.5186529549583444
193.5,17783.059351462,FOLLOW,14.925056892183093,7.25122865506981,2.150651493787942,0.04810282717437085,0.04834236304065008,-0.07140671784151309,-0.04090006396724846,-0.7152486140492202,0.7488021302909618,inf,green,False,bus,1,-1.4771044142270968,0.20031195800038404,0.11778933300229255,0.03045406300225295,0.0,0.16800000000000637,0.07800000000000296,0.014999999999986358,0.3882509990944527,0.5186529549583444
193.7,17783.321991409,FOLLOW,14.93486963713178,7.243560465052162,2.144528810201022,0.04811543128163875,0.04893199081319515,-0.07340447355028624,-0.04857091370781408,-0.6995901751592404,0.7472935604051612,inf,green,False,bus,1,-1.5001325785112296,0.13853027799996198,0.14285956599997007,0.04706502699991688,0.0,0.10899999999998045,0.07899999999997931,0.01099999999999568,0.4177629998594057,0.5186529549583444
193.8,17783.461112957,FOLLOW,14.9398353631488,7.23964690812969,2.141472274564012,0.04867497663456524,0.05965476179684902,-0.09028105425918236,-0.05461756384068428,-0.6840091393784753,0.8981431527115312,inf,green,False,bus,1,-1.5133922513449887,0.017184404001454823,0.014160138001898304,0.049985017998551484,0.0,0.0010000000000047748,-0.01999999999998181,0.009000000000014552,36.25882399865077,0.5186529549583444
194.0,17783.70959323,FOLLOW,14.950274847150041,7.23135344134446,2.1351319501096295,0.04960261938848331,0.05051723821596217,-0.07699568812586234,-0.06060247873281674,-0.6667086002282409,0.7484329508992446,inf,green,False,bus,1,-1.5241468228469712,0.004682259001128841,0.11072334400159889,0.030183990998921217,0.0,0.007000000000005002,0.0800000000000125,0.0049999999999954525,26.233175001834752,0.5186529549583444
194.2,17784.009719426,FOLLOW,14.960531850928588,7.223113136554535,2.1290244584697806,0.05036239866384097,0.060832058499571656,-0.093525486042871,-0.0641064471489852,-0.6611198311178316,0.8965292172446602,inf,green,False,bus,1,-1.5374374688229488,0.012320133002504008,0.12542829300218727,0.011765267001464963,0.0,0.03799999999998249,0.07899999999997931,0.0009999999999763531,1.1590469985094387,0.5186529549583444
194.3,17784.159763556,FOLLOW,14.968410510981725,7.21671953245795,2.124420719838001,0.061051534917263756,0.0513980711954263,-0.07926712645889894,-0.06830718584215742,-0.6467564278225998,0.7472397416874458,inf,green,False,bus,1,-1.5422198657515498,0.026193174999207258,0.030863985000905814,0.014951220000511967,0.0,0.004000000000019099,-0.022999999999996135,-0.03499999999999659,28.363412002363475,0.5186529549583444
194.5,17784.409326604,FOLLOW,14.977478280985926,7.209292820386988,2.119218112937527,0.05188697955414666,0.05194335182917357,-0.08029300922210661,-0.07114556804015587,-0.637111510319219,0.748209000924955,inf,green,False,bus,1,-1.545780285534263,0.15674002000014298,0.027840132999699563,0.04522985799849266,0.0,0.09800000000001319,-0.020999999999986585,-0.0049999999999954525,0.31537299946649,0.5186529549583444
194.7,17784.660138649,FOLLOW,14.989858857947466,7.199037687110509,2.1122822315295733,0.052722750249058134,0.05295190415355049,-0.08200407873029547,-0.07585893448351255,-0.618592002265849,0.7491164732715878,inf,green,False,bus,1,-1.5486521219803386,0.02520697400177596,0.03128202099833288,0.0032065820014395285,0.0,0.002999999999985903,-0.02200000000001978,-0.043000000000006366,0.3298740011814516,0.5186529549583444
194.8,17784.763051226,FOLLOW,14.993440794844338,7.1960464756216895,2.1103117233669075,0.052699262477455905,0.05340186124785099,-0.08288934121590685,-0.07823474960976809,-0.6106056919582795,0.74955867969784,inf,green,False,bus,1,-1.5521807532362462,0.006006731000525178,0.13419459799843025,0.011845233999338234,0.0,0.0,0.07800000000000296,-0.01099999999999568,0.415501999668777,0.5186529549583444
195.0,17785.009908321,FOLLOW,15.002476995247118,7.188453560152108,2.1054128115890167,0.05320649441831496,0.06493770447524379,-0.10103731110890175,-0.0819240962551949,-0.5967210263281602,0.898955214610552,inf,green,False,bus,1,-1.5559113449632367,0.09196257700023125,0.11604549600087921,0.013021827002376085,0.0,0.0759999999999934,0.07699999999999818,0.019000000000005457,0.5697099986718968,0.5186529549583444
195.2,17785.259682236,FOLLOW,15.01743983583451,7.175733946693484,2.097533193090986,0.06542462859264536,0.06571839287684036,-0.10208685836445759,-0.0842264722067437,-0.5842194209767371,0.8983516470106326,inf,green,False,bus,1,-1.5533985828864316,0.17918398499750765,0.000543277998076519,0.001436850998288719,0.0,0.14300000000000068,-0.02400000000000091,-0.019000000000005457,0.21641000057570636,0.5186529549583444
195.3,17785.411597828,FOLLOW,15.024140540382563,7.16998035363849,2.0940987694193742,0.06628657206863225,0.06659324689309457,-0.10350745528733367,-0.08731215403720866,-0.570492203261508,0.8976142624946795,inf,green,False,bus,1,-1.5543236006122259,0.1457785979982873,0.008199569998396328,0.01001389899829519,0.0,0.10200000000000387,-0.022999999999996135,-0.020999999999986585,0.796416999946814,0.5186529549583444
195.5,17785.666328866,FOLLOW,15.035408206847722,7.160227743303903,2.0884557253932368,0.06635137959822698,0.06659324689309457,-0.10350745528733367,-0.08731215403720866,-0.570492203261508,0.8976142624946795,inf,green,False,bus,1,-1.5543236006122259,0.4005096359978779,0.12794651500007603,0.03595781799958786,0.0,0.3019999999999925,0.07699999999999818,0.00899999999998613,0.38883700108272023,0.5186529549583444
195.7,17785.919318223,FOLLOW,15.049083618920509,7.148264140897204,2.0818313276955385,0.06856448649822217,0.07798257249921571,-0.12024896706005397,-0.095839598798334,-0.5190549025019237,0.995420355071054,inf,green,False,bus,1,-1.5419979516739248,0.011998386002233019,0.11626203900232213,0.03772734300218872,0.0,0.0009999999999763531,0.07699999999999818,0.0049999999999954525,27.81723799853353,0.5186529549583444
195.8,17786.059468024,FOLLOW,15.0561800126388,7.142002745968968,2.0784916728871607,0.07164958417088053,0.07798257249921571,-0.12024896706005397,-0.095839598798334,-0.5190549025019237,0.995420355071054,inf,green,False,bus,1,-1.5419979516739248,0.15214818700042088,0.0005690319994755555,0.04547375599941006,0.0,0.10099999999999909,-0.022999999999996135,0.0030000000000143245,0.20125900118728168,0.5186529549583444
196.0,17786.319982277,FOLLOW,15.072017146691158,7.127900845976223,2.0712847526397775,0.07765154550434658,0.08085864219695645,-0.12348576866303962,-0.09979143867862929,-0.4865094393484821,0.9955826327847692,inf,green,False,bus,1,-1.527180834452445,0.021562169000389986,0.13586948000011034,0.03685298900018097,0.0,0.00899999999998613,0.07699999999999818,-0.0010000000000047748,31.546441998216324,0.5186529549583444
196.2,17786.565253817,FOLLOW,15.088243867492594,7.113278676099712,2.0642501170307916,0.08044796126237166,0.08299196791814326,-0.12574562870861988,-0.10213594355987524,-0.46396850359207764,0.9958673101722215,inf,green,False,bus,1,-1.5151541994117488,0.02035296800022479,0.13634809699942707,0.026137212000321597,0.0,0.003999999999990678,0.0759999999999934,-0.005000000000023874,26.159943001403008,0.5186529549583444
196.3,17786.659425555,FOLLOW,15.096526967413288,7.105750214304519,2.0607959547693078,0.08272213880206415,0.08299196791814326,-0.12574562870861988,-0.10213594355987524,-0.46396850359207764,0.9958673101722215,inf,green,False,bus,1,-1.5151541994117488,0.025847025000985013,0.0668778690014733,0.0003714110025612172,0.0,0.034000000000020236,0.06800000000001205,-0.0069999999999765805,0.38390600093407556,0.5186529549583444
196.5,17786.964247751,FOLLOW,15.113533058195763,7.090164037179826,2.053994225716917,0.0842776426214944,0.08578636618681579,-0.1282707699088872,-0.10398418176666302,-0.4369164830892427,0.9971669984177193,inf,green,False,bus,1,-1.4952349144799268,0.1214842059998773,0.00769136599774356,0.007094849999703001,0.0,0.09600000000000364,-0.025000000000005684,-0.01099999999999568,0.3839270029857289,0.5186529549583444
196.7,17787.212653562,FOLLOW,15.131031795804471,7.073954746106805,2.047402668795431,0.08705586051656956,0.08743661876628024,-0.12972314239999208,-0.10495412034230919,-0.42154755280500616,0.9976852801803029,inf,green,False,bus,1,-1.4836248728549823,0.23281463500097743,0.014350740999361733,0.026652857999579282,0.0,0.17499999999998295,-0.025000000000005684,-0.01500000000001478,0.6050109986972529,0.5186529549583444
196.8,17787.315882217,FOLLOW,15.136951933591545,7.068433671460601,2.045265940925231,0.08714260263686613,0.09066216774466974,-0.13207311623681905,-0.10603223770629903,-0.3921776381711852,0.9975075266035042,inf,green,False,bus,1,-1.4567610671826667,0.032854044999112375,0.11757939599920064,0.038379778001399245,0.0,0.040000000000020464,0.07500000000001705,0.01700000000002433,32.13184600099339,0.5186529549583444
197.0,17787.615113954,FOLLOW,15.158283773865817,7.048393764912372,2.0379573650766623,0.09218456848063258,0.09378236910970894,-0.13427291116030385,-0.10667814464105509,-0.3666838868995898,0.9986309898844955,inf,green,False,bus,1,-1.431750044651016,0.06379041800028062,0.028723725001327693,0.02917189600339043,0.0,0.03899999999998727,-0.025000000000005684,-0.020999999999986585,32.53859199685394,0.5186529549583444
197.2,17787.863970324,FOLLOW,15.174102726924627,7.033395782078535,2.032928447541076,0.09412518223176046,0.09673484350339635,-0.135907164637792,-0.106859206896653,-0.342262896100557,0.9972595151759046,inf,green,False,bus,1,-1.4049453094222488,0.09733814100036398,0.1183179649997328,0.03914434400212485,0.0,0.07399999999998386,0.07399999999998386,0.00899999999998613,28.669212999375304,0.5186529549583444
197.3,17788.010302088,FOLLOW,15.187044402950182,7.021045996392217,2.0290599065421997,0.0963424912858903,0.09673484350339635,-0.135907164637792,-0.106859206896653,-0.342262896100557,0.9972595151759046,inf,green,False,bus,1,-1.4049453094222488,0.2436699050012976,0.010795411002618494,0.011279198002739577,0.0,0.1740000000000066,-0.024999999999977263,-0.026999999999986812,0.3184749984939117,0.5186529549583444
197.5,17788.26911225,FOLLOW,15.206694043174894,7.00216890521182,2.0236063577637857,0.09634423741937378,0.1,-0.13602367875193971,-0.10599644262286886,-0.3086047862515882,0.9939056349905966,inf,green,False,bus,1,-1.3602367875193973,0.08759478999854764,0.021325260000594426,0.020422167999640806,0.0,0.09000000000000341,-0.027999999999991587,-0.03100000000000591,2.4378220005019102,0.5186529549583444
197.7,17788.460206236,FOLLOW,15.22350863693217,6.985904870324139,2.0193401609956356,0.09953333252299187,0.1,-0.13300062483211617,-0.10520347753233371,-0.2873485452277456,0.9962183162383255,inf,green,False,bus,1,-1.3300062483211617,0.09102662099758163,0.09307414599970798,0.0014427549976971932,0.0,0.14099999999999113,0.07200000000000273,-0.0010000000000047748,0.31631800084142014,0.5186529549583444
197.8,17788.612928795,FOLLOW,15.233671523288466,6.976030377596665,2.0169365542264086,0.09952664977964447,0.1,-0.13300062483211617,-0.10520347753233371,-0.2873485452277456,0.9962183162383255,inf,green,False,bus,1,-1.3300062483211617,0.2437491799973941,0.12225899099939852,0.027494830999785336,0.0,0.24100000000001387,0.0700000000000216,-0.002999999999985903,0.2999720018124208,0.5186529549583444
198.0,17788.859473144,FOLLOW,15.253982150087456,6.956205672879518,2.0125229868920256,0.09951547188598464,0.1,-0.13300062483211617,-0.10520347753233371,-0.2873485452277456,0.9962183162383255,inf,green,False,bus,1,-1.3300062483211617,0.4902935289974266,0.12450501199782593,0.028961889998754486,0.0,0.4410000000000025,0.0730000000000075,-0.007000000000005002,0.37377899934654124,0.5186529549583444
198.2,17789.110035498,FOLLOW,15.272765807404614,6.937774351796986,2.0089041304972786,0.05358620963749533,0.06146341057105932,0.11181087755490951,0.2545400044824434,0.5669692137180631,0.8254614693378849,inf,green,False,bus,1,1.8191453503160595,0.04488728300202638,0.11386398800095776,0.020908096001221566,0.0,0.05299999999999727,0.0689999999999884,-0.011000000000024102,29.749535999144427,0.5186529549583444
198.3,17789.21292517,FOLLOW,15.27698726820547,6.933626733391939,2.0081180440095134,0.062402314617038414,0.06146341057105932,0.11181087755490951,0.2545400044824434,0.5669692137180631,0.8254614693378849,inf,green,False,bus,1,1.8191453503160595,0.14777695500015398,0.07271834799757926,0.04581875599978957,0.0,0.15300000000002,0.0700000000000216,0.021000000000015007,0.8622120003565215,0.5186529549583444
198.5,17789.46105408,FOLLOW,15.289647093702419,6.921225369281735,2.0055742792947417,0.06424667558055536,0.06408135197671769,0.10830501365289122,0.24964586933974175,0.534176519125919,0.8314346434790689,inf,green,False,bus,1,1.6901174883488892,0.1552147749971482,0.10177103999740211,0.02645731499796966,0.0,0.1740000000000066,0.07099999999999795,0.016999999999995907,0.2834389997588005,0.5186529549583444
198.7,17789.759244726,FOLLOW,15.30493763764464,6.906324560075261,2.002145836063676,0.06424545497306251,0.06583091285333773,0.10349373867186455,0.2371977989892956,0.5030275354564555,0.8256545415388649,inf,green,False,bus,1,1.5721145915511525,0.09617742100090254,0.0018853609981306363,0.002505011998437112,0.0,0.1279999999999859,-0.03200000000001069,-0.021000000000015007,0.38832700010971166,0.5186529549583444
198.8,17789.861350118,FOLLOW,15.309421454048527,6.901971828019621,2.0010696056718174,0.0659718980066572,0.1,-0.14125096912303553,-0.12214799988658845,-0.2560583588642857,0.9951581781134661,inf,green,False,bus,1,-1.4125096912303552,0.10102604600251652,0.10399075299937977,0.02116686500085052,0.0,0.13900000000001,0.06800000000001205,0.011000000000024102,0.38087099892436527,0.5186529549583444
199.0,17790.168763989,FOLLOW,15.331156102832525,6.880862516626814,1.9958959351310503,0.09985885015499192,0.1,-0.14125096912303553,-0.12214799988658845,-0.2560583588642857,0.9951581781134661,inf,green,False,bus,1,-1.4125096912303552,0.4084399170023971,0.014033865001692902,0.015154806998907588,0.0,0.33899999999999864,-0.03999999999999204,-0.026999999999986812,0.4727499981527217,0.5186529549583444
199.2,17790.369404412,FOLLOW,15.348106916817763,6.864300539379869,1.9922878435453486,0.09950875876045799,0.1,-0.14125096912303553,-0.12214799988658845,-0.2560583588642857,0.9951581781134661,inf,green,False,bus,1,-1.4125096912303552,0.6090803400002187,0.10568256599799497,0.02358486499724677,0.0,0.5389999999999873,0.06799999999998363,0.002999999999985903,0.4001380002591759,0.5186529549583444
199.3,17790.509779017,FOLLOW,15.358260649736746,6.854340913592847,1.990312329693345,0.09949310582614702,0.1,-0.14125096912303553,-0.12214799988658845,-0.2560583588642857,0.9951581781134661,inf,green,False,bus,1,-1.4125096912303552,0.7494549450020713,0.10770262499863748,0.03698618600174086,0.0,0.63900000000001,0.06499999999999773,0.0010000000000047748,0.3337929992994759,0.5186529549583444
199.3,17790.560832199,WAIT_SENSORS,15.365029312795548,6.847686731463625,1.9890728090876078,0.09949312520662204,0.0,0.0,-0.12214799988658845,-0.2560583588642857,0.9951581781134661,inf,green,False,bus,1,-1.4125096912303552,0.8005081270021037,0.04965659500157926,0.004273855000064941,0.05105318200003239,0.63900000000001,-0.031999999999982265,-0.06699999999997885,1.1374259993317537,0.5186529549583444
199.5,17790.759963173,FOLLOW,15.3718570342263,6.840962262436046,1.9878901286228503,0.0060031498529496755,0.06615074543554256,0.10314905736910907,0.2313011423944003,0.4995790683292259,0.8264975826137385,inf,green,False,bus,1,1.5593030235708796,0.042389951002405724,0.11737626700050896,0.03682355600176379,0.0,0.06800000000001205,0.06700000000000728,-0.002999999999985903,35.60092100087786,0.5186529549583444
199.7,17791.018125768,FOLLOW,15.379462028077834,6.8334650463472615,1.986614489220838,0.06631348336157804,0.06615074543554256,0.10314905736910907,0.2313011423944003,0.4995790683292259,0.8264975826137385,inf,green,False,bus,1,1.5593030235708796,0.3005525460030185,0.12350588499975856,0.017496495001978474,0.0,0.2680000000000007,0.0660000000000025,-0.007000000000005002,0.4082710001966916,0.5186529549583444
199.8,17791.159733044,FOLLOW,15.386226003768865,6.826809364220689,1.9854091284601305,0.06631420975832737,0.06615074543554256,0.10314905736910907,0.2313011423944003,0.4995790683292259,0.8264975826137385,inf,green,False,bus,1,1.5593030235708796,0.4421598220033047,0.000651787002425408,0.034930928002722794,0.0,0.3680000000000234,-0.03799999999998249,-0.00899999999998613,0.24088899954222143,0.5186529549583444
200.0,17791.41947919,FOLLOW,15.399753759937214,6.813537684342338,1.982790683963791,0.06631094429364028,0.06615074543554256,0.10314905736910907,0.2313011423944003,0.4995790683292259,0.8264975826137385,inf,green,False,bus,1,1.5593030235708796,0.7019059680023929,0.023463215002266224,0.03698423700188869,0.0,0.568000000000012,-0.03499999999999659,-0.01300000000000523,0.7715009996900335,0.5186529549583444
200.2,17791.611127337,FOLLOW,15.41125396081612,6.802299817854539,1.9803489871859108,0.0697115099459838,0.07037050786480294,0.09580306358214916,0.21073596667278233,0.44466599209570834,0.8255496505542032,inf,green,False,bus,1,1.3614092961529807,0.07661530900077196,0.08225626499915961,0.020639466001739493,0.0,0.13199999999997658,0.06299999999998818,0.016999999999995907,36.97069799818564,0.5186529549583444
200.3,17791.759952913,FOLLOW,15.420787564341326,6.793014755643553,1.9781865807557746,0.07050460490782767,0.07037050786480294,0.09580306358214916,0.21073596667278233,0.44466599209570834,0.8255496505542032,inf,green,False,bus,1,1.3614092961529807,0.22544088499853387,0.11090644700016128,0.01441850199989858,0.0,0.23199999999999932,0.06499999999999773,-0.018999999999977035,0.3869460015266668,0.5186529549583444
200.5,17792.016950249,FOLLOW,15.435170275207845,6.779062007510504,1.9746970524407697,0.07050234966366486,0.07037050786480294,0.09580306358214916,0.21073596667278233,0.44466599209570834,0.8255496505542032,inf,green,False,bus,1,1.3614092961529807,0.482438220999029,0.02414755000063451,0.03409124999961932,0.0,0.43199999999998795,-0.033999999999991815,-0.022999999999996135,0.32648300111759454,0.5186529549583444
200.7,17792.223750695,FOLLOW,15.448162905143521,6.7665083100095575,1.9713486158066242,0.09489094256396079,0.09430709288859045,-0.16295732559180642,-0.17089738490187972,-0.28489853072381915,0.8970942966143102,inf,green,False,bus,1,-1.7279434727599527,0.07476171600137604,0.09019360300226253,0.025136419000773458,0.0,0.117999999999995,0.06299999999998818,0.0069999999999765805,28.317784999671858,0.5186529549583444
200.8,17792.360968093,FOLLOW,15.457823170207519,6.75714712616138,1.968963843040843,0.09386524049508677,0.09430709288859045,-0.16295732559180642,-0.17089738490187972,-0.28489853072381915,0.8970942966143102,inf,green,False,bus,1,-1.7279434727599527,0.21197911399940494,0.09148447899860912,0.013875706998078385,0.0,0.21800000000001774,0.06499999999999773,0.005000000000023874,0.27428400062490255,0.5186529549583444
201.0,17792.616355051,FOLLOW,15.477192933380577,6.738266181435907,1.9646435145353398,0.09729071976612147,0.0976633228882542,-0.16673130451076867,-0.1704840833050128,-0.2624289645844418,0.8985418591491979,inf,green,False,bus,1,-1.707204911525913,0.1780649859974801,0.08874281300086295,0.01118665499961935,0.0,0.18799999999998818,0.06399999999999295,0.0010000000000047748,0.34529600088717416,0.5186529549583444
201.2,17792.859882681,FOLLOW,15.497017985910745,6.718806728139134,1.9608583516757336,0.09726716205705528,0.0976633228882542,-0.16673130451076867,-0.1704840833050128,-0.2624289645844418,0.8985418591491979,inf,green,False,bus,1,-1.707204911525913,0.42159261599954334,0.09800287100006244,0.016305856002873043,0.0,0.3879999999999768,0.06499999999999773,-0.0030000000000143245,0.480626000353368,0.5186529549583444
201.3,17793.009382327,FOLLOW,15.510231959314682,6.705771432625186,1.9586942077843805,0.09712993433331896,0.0723871346754649,0.09272647635568654,0.1954615010068374,0.4214751278820912,0.825892093257579,inf,green,False,bus,1,1.28098006325861,0.01748274200144806,0.01493273300002329,0.0002910529983637389,0.0,0.038000000000010914,-0.036000000000001364,-0.03899999999998727,33.715817000484094,0.5186529549583444
201.5,17793.272742618,FOLLOW,15.523840821985157,6.692317307628745,1.9566481302762582,0.07253929599805391,0.0709007576273094,0.09367536394453123,0.194883709773594,0.4331394811025068,0.8204197280470992,inf,green,False,bus,1,1.3212180952555796,0.07495724999898812,0.014222907997464063,0.03283514899885631,0.0,0.06399999999999295,-0.036000000000001364,-0.00899999999998613,0.3094730018347036,0.5186529549583444
201.7,17793.461125145,FOLLOW,15.536003603551524,6.680319411656735,1.9546529393719092,0.0720151520513255,0.07358806834418284,0.09045434973168014,0.18763566626803968,0.4062832962727079,0.8240670876512368,inf,green,False,bus,1,1.2291985883990197,0.017651234000368277,0.09684935699988273,0.03166595600123401,0.0,0.06499999999999773,0.06499999999999773,0.020999999999986585,30.022185997950146,0.5186529549583444
201.8,17793.613197951,FOLLOW,15.545911556814632,6.670569713778746,1.9528894909157228,0.07372145477167755,0.07447887480344456,0.0888368262451996,0.18500031041624865,0.3954776318867256,0.8228649854754443,inf,green,False,bus,1,1.1927788447347891,0.08419612500074436,0.12128438199943048,0.015569650997349527,0.0,0.09300000000001774,0.06400000000002137,-0.014999999999986358,0.39969100180314854,0.5186529549583444
202.0,17793.864125659,FOLLOW,15.561100583570402,6.655666328520665,1.949958701754068,0.07460948452471135,0.07447887480344456,0.0888368262451996,0.18500031041624865,0.3954776318867256,0.8228649854754443,inf,green,False,bus,1,1.1927788447347891,0.3351238330033084,0.12152958100341493,0.02586809400236234,0.0,0.29300000000000637,0.06299999999998818,-0.019000000000005457,0.2951079986814875,0.5186529549583444
202.2,17794.112416676,FOLLOW,15.573784100603195,6.643263563886519,1.9473053824893858,0.07460835623699405,0.07987779655046359,0.0813315012753393,0.16821572902756904,0.34233806611906376,0.8235601252378218,inf,green,False,bus,1,1.0181991089846514,0.030223066998587456,0.12284511299731093,0.0548549869999988,0.0,0.06799999999998363,0.06399999999999295,0.01099999999999568,0.49219200082006864,0.5186529549583444
202.3,17794.222617197,FOLLOW,15.581937203427698,6.63531139211775,1.9455065744288318,0.07999760194187804,0.08145416913817795,0.07965356686615456,0.16414809299341782,0.3297656119902202,0.8255896054205186,inf,green,False,bus,1,0.9778942896223167,0.028901274999952875,0.10280466200129013,0.02831706999859307,0.0,0.08600000000001273,0.06100000000000705,0.009000000000014552,0.5246760010777507,0.5186529549583444
202.5,17794.46542796,FOLLOW,15.598705459097511,6.619003434417204,1.9416054142725065,0.08337527443296656,0.08323933413729934,0.07757461539119144,0.16063218104230872,0.3152999859145946,0.8269596463326453,inf,green,False,bus,1,0.9319466114810071,0.2717120380002598,0.1021229489997495,0.035925361000408884,0.0,0.28600000000000136,0.06100000000000705,0.0049999999999954525,0.46551400009775534,0.5186529549583444
202.7,17794.709853669,FOLLOW,15.615128007873265,6.6030843518341085,1.9375704663182471,0.07974796555193306,0.07969437820939786,-0.15275154128289808,-0.21526142093397693,-0.27585766902828135,0.7480841207119708,inf,green,False,bus,1,-1.9167166457029345,0.05495818999770563,0.08404042300026049,0.008775407000939595,0.0,0.07699999999999818,0.06399999999999295,0.0009999999999763531,0.3861110017169267,0.5186529549583444
202.8,17794.868136246,FOLLOW,15.62321512645098,6.595222297275705,1.9356761400980131,0.07918204876161937,0.07967805326003796,-0.15259278494767464,-0.21486813253267517,-0.27566559663673446,0.7477183249277368,inf,green,False,bus,1,-1.9151168823072466,0.010917244999291142,0.11990474800040829,0.013222344001405872,0.0,0.03700000000000614,0.06200000000001182,-0.0009999999999763531,0.6697229982819408,0.5186529549583444
203.0,17795.114391077,FOLLOW,15.639552978279427,6.579256262089036,1.9322133395260992,0.08191568126490782,0.08229255950137208,-0.15580878281519409,-0.21248760124594696,-0.2554143950002685,0.7491073347029915,inf,green,False,bus,1,-1.8933520084837834,0.25717207599882386,0.1061543680007162,0.022052311000152258,0.0,0.23699999999999477,0.06299999999998818,-0.0049999999999954525,0.40293699930771254,0.5186529549583444
203.2,17795.41078248,FOLLOW,15.656242645530229,6.562845681923598,1.9291775015762453,0.08176693147562854,0.08229255950137208,-0.15580878281519409,-0.21248760124594696,-0.2554143950002685,0.7491073347029915,inf,green,False,bus,1,-1.8933520084837834,0.5535634789994219,0.11423278500296874,0.018628118999913568,0.0,0.4369999999999834,0.0619999999999834,-0.009000000000014552,0.3922319992852863,0.5186529549583444
203.3,17795.566538803,FOLLOW,15.664586311895205,6.554608333961702,1.9278502349370021,0.08187499133073577,0.08262633896413771,0.07780824141227148,0.15498360075563364,0.31837853755370615,0.8244026187288063,inf,green,False,bus,1,0.9416881152878209,0.07754176799790002,0.01351445600084844,0.01484397199965315,0.0,0.07600000000002183,-0.03799999999998249,-0.01099999999999568,0.288262999674771,0.5186529549583444
203.5,17795.811130709,FOLLOW,15.681306821524062,6.538082195982851,1.925308883827961,0.0803285558072819,0.08020537863392747,0.08073697535544351,0.15653684715990504,0.33873994207883384,0.8229293995338683,inf,green,False,bus,1,1.006627943544065,0.04632626199963852,0.12001686000076006,0.01161111500186962,0.0,0.0800000000000125,0.060000000000002274,-0.014999999999986358,0.41166400114889257,0.5186529549583444
203.7,17796.05965674,FOLLOW,15.697876095804043,6.521746614028744,1.9225369283415734,0.08265398689934238,0.08253544544028414,0.07737787895377701,0.1498566733117899,0.31705919438718205,0.8219833335527412,inf,green,False,bus,1,0.9375108905150488,0.06428335599775892,0.10424195499945199,0.011206182000023546,0.0,0.13199999999997658,0.0589999999999975,-0.019000000000005457,0.35088200093014166,0.5186529549583444
203.8,17796.161068483,FOLLOW,15.703496548366106,6.516215668238184,1.9215378931416844,0.08265355856878627,0.08549771491482998,0.07388391665719067,0.14606311422163573,0.29370927225540217,0.8237577443481465,inf,green,False,bus,1,0.8641624718367199,0.09470843800227158,0.09572257699983311,0.014716901001520455,0.0,0.15100000000001046,0.06100000000000705,0.01300000000000523,0.7148820004658774,0.5186529549583444
204.0,17796.466663108,FOLLOW,15.723768003051672,6.496310204728414,1.9177046082582654,0.08561041776865823,0.08549771491482998,0.07388391665719067,0.14606311422163573,0.29370927225540217,0.8237577443481465,inf,green,False,bus,1,0.8641624718367199,0.4003030630010471,0.13848389299892006,0.014421421998122241,0.0,0.3509999999999991,0.06100000000000705,-0.025000000000005684,0.5951060011284426,0.5186529549583444
204.2,17796.659461777,FOLLOW,15.738321700069731,6.482062146230219,1.9147380859686753,0.08560959562376008,0.09405643557902185,0.0632406713364506,0.12770289814064392,0.23112400186707965,0.8244621392220202,inf,green,False,bus,1,0.6723694231780528,0.09311722999700578,0.06763887899796828,0.0018331079991185106,0.0,0.15500000000000114,0.060000000000002274,0.0049999999999954525,0.3018870011146646,0.5186529549583444
204.3,17796.821267095,FOLLOW,15.747913737484279,6.472690563435241,1.9126934997355491,0.09415527769886799,0.09893136209762075,0.05790756082742351,0.12009380905122843,0.20206974417000417,0.8272719426181192,inf,green,False,bus,1,0.5853306737077276,0.06939005000094767,0.06892369400156895,0.027741434001654852,0.0,0.09600000000000364,0.0589999999999975,0.0030000000000143245,32.73293099846342,0.5186529549583444
204.5,17797.069520138,FOLLOW,15.767953543637887,6.45315211970564,1.9082394549241573,0.10007568987343657,0.1,0.043494749191213385,0.03731144423552948,0.04767738657279196,0.8177436482275937,inf,green,False,bus,1,0.43494749191213383,0.21369603800121695,0.0789115560000937,0.028148429999419022,0.0,0.23199999999999932,0.06100000000000705,-0.0010000000000047748,0.6377309982781298,0.5186529549583444
204.7,17797.315903391,FOLLOW,15.7818327336975,6.439648015642163,1.9050347468878377,0.060326860483383885,0.0605463337858202,0.006586043576471653,0.10396807394929974,-0.5547443433707915,0.8028648568590511,inf,green,False,bus,1,0.10877691785219352,0.22291428100288613,0.08146681000289391,0.04426641800091602,0.0,0.20899999999997476,0.060000000000002274,0.028999999999996362,0.40749599793343805,0.5186529549583444
204.8,17797.470059147,FOLLOW,15.790071086117031,6.431640841303315,1.9030968086373434,0.06057806097138803,0.1,0.07878821338835576,0.09639007249317327,-0.09266002449779326,0.8920949941738912,inf,green,False,bus,1,0.7878821338835575,0.1244957439994323,0.0638621329999296,0.028418895999493543,0.0,0.09900000000001796,0.06100000000000705,-0.0069999999999765805,0.36138100040261634,0.5186529549583444
205.0,17797.709702677,FOLLOW,15.808778340580394,6.413482729488611,1.8985977540545576,0.08650493200436375,0.08645160306891414,0.026270627705395667,0.08984981516773234,-0.37438291571740434,0.9298145062909644,inf,green,False,bus,1,0.3038766983239659,0.21842527799890377,0.09830403500018292,0.006662628999038134,0.0,0.18299999999999272,0.060000000000002274,-0.01099999999999568,0.34993600274901837,0.5186529549583444
205.1,17797.96282095,CROSSING_WAIT,15.822579417035085,6.400106863242824,1.8951983865480322,0.05838536002610024,0.0,0.0,0.08268114119013315,0.07893276035470333,0.8246583898257105,inf,green,False,bus,1,0.22599170561855583,0.07527800900061266,0.08283711400144966,0.03482217400232912,0.09221445100047276,-0.021000000000015007,-0.03900000000001569,-0.08100000000001728,39.161631000752095,0.5186529549583444
205.3,17798.116085544,CROSSING_WAIT,15.82750903741373,6.395329123004028,1.8939841591324844,6.461433639659728e-05,0.0,0.0,0.08135788939852416,0.0741438143394244,0.826477863679617,inf,green,False,bus,1,0.2122285070997204,0.09391380599845434,0.09309180999844102,0.01506284100105404,0.0,0.11000000000001364,0.058000000000021146,-0.016999999999995907,0.5488200004037935,0.5186529549583444
205.5,17798.361841917,CROSSING_WAIT,15.827510364011053,6.3953278368593764,1.8939838340288229,6.962955519916422e-06,0.0,0.0,0.0803147661608237,0.07287289286680373,0.8259199034868143,inf,green,False,bus,1,0.20857761036197897,0.00880204300119658,0.10549920500125154,0.00829552700088243,0.0,0.02400000000000091,0.0589999999999975,0.01300000000000523,0.40732599882176146,0.5186529549583444
205.7,17798.624515229,CROSSING_WAIT,15.82751177055606,6.395326473207619,1.8939834893220804,6.827548056322219e-06,0.0,0.0,0.02325511743175146,0.3342953621202643,0.9653840552423356,inf,green,False,bus,1,0.723944732413134,0.02316535499994643,0.12016320999828167,0.02268807200016454,0.0,0.031999999999982265,0.0589999999999975,0.00899999999998613,0.35680400105775334,0.5186529549583444
205.8,17798.763057816,CROSSING_WAIT,15.827512463498037,6.39532580139819,1.8939833194966602,6.760254833264683e-06,0.0,0.0,0.023146552533344855,0.3351352416790858,0.9649590175924557,inf,green,False,bus,1,0.7242413432732142,0.13681611699939822,0.10683190199779347,0.04443708399776369,0.0,0.09900000000001796,0.056000000000011596,0.007000000000005002,0.3647330013336614,0.5186529549583444
206.0,17799.009294096,CROSSING_WAIT,15.827514053772765,6.395324259624242,1.893982929744435,6.604299852488089e-06,0.0,0.0,0.023146552533344855,0.3351352416790858,0.9649590175924557,inf,green,False,bus,1,0.7242413432732142,0.09235431399793015,0.10782554199977312,0.00026403799711260945,0.0,0.07099999999999795,0.05699999999998795,-0.03100000000000591,0.3188130031048786,0.5186529549583444
206.2,17799.259548012,CROSSING_WAIT,15.827515167045725,6.395323180306301,1.8939826568901372,6.493803438856785e-06,0.0,0.0,0.023146552533344855,0.3351352416790858,0.9649590175924557,inf,green,False,bus,1,0.7242413432732142,0.016761080998549005,0.09457779399963329,0.016189620000659488,0.0,0.057999999999992724,0.057999999999992724,-0.0010000000000047748,0.38043099993956275,0.5186529549583444
206.3,17799.409777845,CROSSING_WAIT,15.827515826051672,6.395322541400941,1.8939824953699276,6.428777452166721e-06,0.0,0.0,0.02292942273653162,0.3368135268829068,0.964084478342669,inf,green,False,bus,1,0.7248345006356937,0.028916129002027446,0.12078152800313546,0.043307624000590295,0.0,0.02200000000001978,0.0589999999999975,-0.002999999999985903,1.0395549979875796,0.5186529549583444
206.5,17799.659622883,CROSSING_WAIT,15.827517124327272,6.395321282726262,1.8939821771599517,6.300332586152997e-06,0.0,0.0,0.022820857838125,0.33765193102905516,0.9636355650789067,inf,green,False,bus,1,0.7251310471229083,0.0015976519971445668,0.1108155900001293,0.0004473689987207763,0.0,0.044999999999987494,0.057999999999992724,-0.007000000000005002,1.2132459996792022,0.5186529549583444
206.7,17799.962209865,CROSSING_WAIT,15.827518606054378,6.395319846198685,1.8939818139744125,6.151947390462443e-06,0.0,0.0,0.08067672880748206,0.07275450234182843,0.8266538974981934,inf,green,False,bus,1,0.20823755196948684,0.026615447000949644,0.026269056997989537,0.027276153999991948,0.0,-0.0030000000000143245,-0.045000000000015916,-0.045000000000015916,0.3782960011449177,0.5186529549583444
206.8,17800.067545317,CROSSING_WAIT,15.82751902292652,6.395319442043622,1.8939817117928697,6.109639219805859e-06,0.0,0.0,0.02303798763493825,0.3359746301837167,0.9645257257123322,inf,green,False,bus,1,0.7245379326832653,0.02090512500217301,0.131604508998862,0.010464296999998624,0.0,0.020000000000010232,0.05500000000000682,-0.012999999999976808,0.46913500045775436,0.5186529549583444
207.0,17800.318166826,CROSSING_WAIT,15.827520052554364,6.395318443826593,1.893981459411686,6.004367305847675e-06,0.0,0.0,0.023146552533344855,0.3351352416790858,0.9649590175924557,inf,green,False,bus,1,0.7242413432732142,0.05713127499984694,0.09053214799860143,0.02886871300142957,0.0,0.06100000000000705,0.056000000000011596,0.016999999999995907,50.89999299889314,0.5186529549583444
207.2,17800.611322109,CROSSING_WAIT,15.82752146384229,6.395317075595214,1.8939811134687616,5.857174768837698e-06,0.0,0.0,0.023146552533344855,0.3351352416790858,0.9649590175924557,inf,green,False,bus,1,0.7242413432732142,0.028740668003592873,0.09906378400046378,0.014982716002123198,0.0,0.020999999999986585,0.0549999999999784,-0.021000000000015007,35.81430199847091,0.5186529549583444
207.3,17800.718472607,CROSSING_WAIT,15.827521860743909,6.395316690803057,1.8939810161759492,5.817010999214637e-06,0.0,0.0,0.023146552533344855,0.3351352416790858,0.9649590175924557,inf,green,False,bus,1,0.7242413432732142,0.03873773600207642,0.07053935400108458,0.04448289600259159,0.0,0.040000000000020464,0.05299999999999727,0.011000000000024102,39.075107997632585,0.5186529549583444
207.5,17801.013299017,CROSSING_WAIT,15.827523035113876,6.395315552264421,1.893980728296469,5.697169675278524e-06,0.0,0.0,0.06899031110859354,-0.3190423851254017,0.8785100856326564,inf,green,False,bus,1,0.19165478985683246,0.05995352299942169,0.09178670199980843,0.012835792000259971,0.0,0.05699999999998795,0.056000000000011596,0.007000000000005002,0.4174109999439679,0.5186529549583444
207.7,17801.260890659,CROSSING_WAIT,15.827524184936856,6.395314437525727,1.8939804464267629,5.576077547315801e-06,0.0,0.0,0.06899031110859354,-0.3190423851254017,0.8785100856326564,inf,green,False,bus,1,0.19165478985683246,0.30754516500019236,0.10680431899891119,0.046038632001000224,0.0,0.2569999999999766,0.05299999999999727,0.002999999999985903,0.3992279998783488,0.5186529549583444
207.8,17801.369933934,CROSSING_WAIT,15.827524750579238,6.395313889143354,1.8939803077614148,5.5151299273306755e-06,0.0,0.0,0.08067672880748206,0.07275450234182843,0.8266538974981934,inf,green,False,bus,1,0.20823755196948684,0.01162647299861419,0.09150676499848487,0.011123595999379177,0.0,0.034000000000020236,0.05500000000000682,0.0010000000000047748,0.33405700014554895,0.5186529549583444
208.0,17801.661344573,CROSSING_WAIT,15.827525862847525,6.395312810816154,1.8939800350872658,5.3902422071624465e-06,0.0,0.0,0.023146552533344855,0.3351352416790858,0.9649590175924557,inf,green,False,bus,1,0.7242413432732142,0.13297253799828468,0.10625050199814723,0.046660462001455016,0.0,0.10400000000001342,0.05000000000001137,-0.002999999999985903,0.39166200076579116,0.5186529549583444
208.2,17801.86228636,CROSSING_WAIT,15.827526949742328,6.39531175708988,1.8939797686266584,5.266364086464062e-06,0.0,0.0,0.023146552533344855,0.3351352416790858,0.9649590175924557,inf,green,False,bus,1,0.7242413432732142,0.33391432499774965,0.07258650500079966,0.005780750998383155,0.0,0.30400000000000205,0.05299999999999727,-0.007000000000005002,0.4089149988431018,0.5186529549583444
208.3,17801.96003432,CROSSING_WAIT,15.827527306437553,6.395311411280219,1.8939796811786107,5.225294416801464e-06,0.0,0.0,0.023146552533344855,0.3351352416790858,0.9649590175924557,inf,green,False,bus,1,0.7242413432732142,0.0011050260000047274,0.06767042099818354,0.0003351759987708647,0.0,0.04800000000000182,0.05200000000002092,0.025000000000005684,0.42703000144683756,0.5186529549583444
208.5,17802.267982652,CROSSING_WAIT,15.827528531762049,6.395310223351378,1.8939793807702372,5.066733170166589e-06,0.0,0.0,0.022060903549278657,0.34350690653399196,0.9603009250929572,inf,green,False,bus,1,0.7272062708701788,0.031513387999439146,0.07251272699795663,0.029177011998399394,0.0,0.018000000000000682,0.054000000000002046,-0.01300000000000523,32.15328700025566,0.5186529549583444
208.7,17802.511892228,CROSSING_WAIT,15.827529550779007,6.395309235435485,1.8939791309347933,4.925101909543175e-06,0.0,0.0,0.02303798763493825,0.3359746301837167,0.9645257257123322,inf,green,False,bus,1,0.7245379326832653,0.03771439900083351,0.10408615200140048,0.025851434002106544,0.0,0.03299999999998704,0.05099999999998772,-0.01700000000002433,0.37922699993941933,0.5186529549583444
208.8,17802.609892508,CROSSING_WAIT,15.827529884084392,6.395308912303142,1.8939790492159498,4.878700722721735e-06,0.0,0.0,0.02292942273653162,0.3368135268829068,0.964084478342669,inf,green,False,bus,1,0.7248345006356937,0.13571467899964773,0.07755928199912887,0.017240904999198392,0.0,0.13300000000000978,0.05299999999999727,0.01500000000001478,0.4612810007529333,0.5186529549583444
209.0,17802.915471244,CROSSING_WAIT,15.827531026003555,6.395307805238603,1.893978769238305,4.71947104654068e-06,0.0,0.0,0.023146552533344855,0.3351352416790858,0.9649590175924557,inf,green,False,bus,1,0.7242413432732142,0.11822922300052596,0.12545242899795994,0.025415445998078212,0.0,0.0660000000000025,0.0519999999999925,-0.022999999999996135,0.3955530009989161,0.5186529549583444
209.2,17803.222350386,CROSSING_WAIT,15.827531975288561,6.395306884930075,1.893978536484716,4.587935020743439e-06,0.0,0.0,0.023146552533344855,0.3351352416790858,0.9649590175924557,inf,green,False,bus,1,0.7242413432732142,0.06341030299881822,0.12017134499910753,0.01476002599883941,0.0,0.02199999999999136,0.0519999999999925,-0.027000000000015234,40.617930000735214,0.5186529549583444
209.3,17803.316852884,CROSSING_WAIT,15.827532285755954,6.395306583939873,1.8939784603604723,4.544122721879053e-06,0.0,0.0,0.023146552533344855,0.3351352416790858,0.9649590175924557,inf,green,False,bus,1,0.7242413432732142,0.15791280099801952,0.052043135998246726,0.029569318998255767,0.0,0.1220000000000141,0.051000000000016144,0.005000000000023874,0.5314109985192772,0.5186529549583444
209.5,17803.559851953,CROSSING_WAIT,15.827533199339449,6.395305698244958,1.8939782363530575,4.413396457285639e-06,0.0,0.0,0.023146552533344855,0.3351352416790858,0.9649590175924557,inf,green,False,bus,1,0.7242413432732142,0.22347439199802466,0.09338716300044325,0.04064081500109751,0.0,0.1910000000000025,0.05000000000001137,0.0010000000000047748,0.39877300150692463,0.5186529549583444
209.7,17803.810158301,CROSSING_WAIT,15.827534086362933,6.395304838300626,1.8939780188526956,4.283722097518532e-06,0.0,0.0,0.02303798763493825,0.3359746301837167,0.9645257257123322,inf,green,False,bus,1,0.7245379326832653,0.24434426199877635,0.09082946299895411,0.028813805998652242,0.0,0.19700000000000273,0.046999999999997044,-0.0030000000000143245,1.8975419989146758,0.5186529549583444
209.8,17803.966767337,CROSSING_WAIT,15.827534519981395,6.395304417920213,1.8939779125264098,4.219275788411973e-06,0.0,0.0,0.02303798763493825,0.3359746301837167,0.9645257257123322,inf,green,False,bus,1,0.7245379326832653,0.4009532979980577,0.11473918800038518,0.042801408999366686,0.0,0.29700000000002547,0.05000000000001137,-0.0049999999999954525,0.5802100022265222,0.5186529549583444
210.0,17804.211592751,CROSSING_WAIT,15.827535228089431,6.3953037314309045,1.8939777388905286,4.111641363200697e-06,0.0,0.0,0.023146552533344855,0.3351352416790858,0.9649590175924557,inf,green,False,bus,1,0.7242413432732142,0.006264177998673404,0.10446458099977463,0.05969161199755035,0.0,0.03100000000000591,0.05099999999998772,0.025000000000005684,0.5461410000862088,0.5186529549583444
210.2,17804.519141031,CROSSING_WAIT,15.827536188631704,6.39530280021569,1.8939775033492747,3.963287223065815e-06,0.0,0.0,0.023146552533344855,0.3351352416790858,0.9649590175924557,inf,green,False,bus,1,0.7242413432732142,0.011038103999453597,0.06848938099938096,0.015359681001427816,0.0,0.002999999999985903,0.04899999999997817,-0.01300000000000523,37.7725520011154,0.5186529549583444
210.3,17804.660034378,CROSSING_WAIT,15.827536589815084,6.3953024112816514,1.8939774049703197,3.903678343068932e-06,0.0,0.0,0.023146552533344855,0.3351352416790858,0.9649590175924557,inf,green,False,bus,1,0.7242413432732142,0.060094335000030696,0.10195337900222512,0.0004253770021023229,0.0,0.04800000000000182,0.051000000000016144,-0.014999999999986358,31.780263998371083,0.5186529549583444
210.5,17804.909539736,CROSSING_WAIT,15.82753737400296,6.395301651038275,1.8939772126668333,3.7851633521743374e-06,0.0,0.0,0.02303798763493825,0.3359746301837167,0.9645257257123322,inf,green,False,bus,1,0.7245379326832653,0.11055125399798271,0.05446230099914828,0.0025414189985895064,0.0,0.10300000000000864,0.05000000000001137,-0.019000000000005457,0.34640000012586825,0.5186529549583444
210.7,17805.169726908,CROSSING_WAIT,15.827538009079204,6.395301035354389,1.8939770569260665,3.6870088422284813e-06,0.0,0.0,0.023146552533344855,0.3351352416790858,0.9649590175924557,inf,green,False,bus,1,0.7242413432732142,0.10429453300093883,0.09177284500037786,0.019541483001376037,0.0,0.07699999999999818,0.04999999999998295,0.01099999999999568,0.4807980003533885,0.5186529549583444
210.8,17805.321139618,CROSSING_WAIT,15.82753850516123,6.395300554421002,1.8939769352689444,3.608958918560051e-06,0.0,0.0,0.022060903549278657,0.34350690653399196,0.9603009250929572,inf,green,False,bus,1,0.7272062708701788,0.01454021300014574,0.11831523500222829,0.013689315001101932,0.0,0.02400000000000091,0.051000000000016144,-0.024999999999977263,0.3796399978455156,0.5186529549583444
210.9,17805.459684791,FOLLOW,15.827538870272527,6.395300200459256,1.8939768457293373,3.5506964715479792e-06,0.09450920773158383,0.06844747555920952,0.023146552533344855,0.3351352416790858,0.9649590175924557,inf,green,False,bus,1,0.7242413432732142,0.03368213299836498,0.13160254000104032,0.011226721999264555,0.0,0.01300000000000523,0.051000000000016144,-0.026999999999986812,1.2947450013598427,0.5186529549583444
211.1,17805.709812707,FOLLOW,15.836845726977941,6.386278628435203,1.8916901868072142,0.08800965544072038,0.1,0.020496725711201834,0.08015802684794927,0.07161585309843221,0.8274378052828997,inf,green,False,bus,0,0.20496725711201833,0.05701090599905001,0.10457341499932227,0.02635915899736574,0.0,0.06999999999999318,0.04999999999998295,0.002999999999985903,0.36154700137558393,0.5186529549583444
211.3,17805.9599523,FOLLOW,15.857236113082942,6.366527632852287,1.8866240793941116,0.10004512169127967,0.1,0.05171290401786447,0.057657662273538045,-0.03045474289119082,0.8052182473431786,inf,green,False,bus,0,0.5171290401786447,0.037068557998281904,0.05604564899840625,0.03917991599882953,0.0,0.03300000000001546,0.049000000000006594,-0.0009999999999763531,0.5889189997105859,0.5186529549583444
211.5,17806.215138913,FOLLOW,15.877651076477951,6.3467889495727565,1.8814133113364495,0.10006855425585097,0.1,0.004434544941483148,0.062080632368534255,0.015519661153879583,0.8260273650707203,inf,green,False,bus,0,0.04434544941483148,0.0917368840018753,0.10190456200143672,0.015673235000576824,0.0,0.06700000000000728,0.05099999999998772,-0.0049999999999954525,0.3656409971881658,0.5186529549583444
211.7,17806.4611924,FOLLOW,15.898059693808548,6.327088942549253,1.8760821563407972,0.10007632851684424,0.1,-0.0034105936865605276,0.05334440285424938,-0.0119365109647869,0.8253894742975529,inf,green,False,bus,0,-0.03410593686560527,0.08481639799720142,0.09207220499956748,0.016055972999311052,0.0,0.0619999999999834,0.04999999999998295,-0.009000000000014552,2.0472770011110697,0.5186529549583444
211.8,17806.659949657,FOLLOW,15.911662963226048,6.313964313944604,1.8725054175684666,0.10001883005803584,0.1,-0.00803988223968633,0.04847019325297619,-0.028132164048960316,0.8250926715805326,inf,green,False,unknown,0,-0.08039882239686329,0.10379865499999141,0.03287714100224548,0.03550162000101409,0.0,0.02200000000001978,-0.04999999999998295,-0.044999999999987494,0.36102299782214686,0.5186529549583444
212.0,17806.860799928,FOLLOW,15.928665361612225,6.29755630534002,1.868049100155791,0.10001383034817965,0.1,-0.012067584090133476,0.041398300550050865,-0.04221145554527879,0.8255586806625708,inf,green,False,unknown,0,-0.12067584090133475,0.044077524999011075,0.1072392870009935,0.024006714000279317,0.0,0.038000000000010914,0.05099999999998772,-0.014999999999986358,42.2010729998874,0.5186529549583444
212.2,17807.12286993,FOLLOW,15.949067351818487,6.277857779954541,1.8627378750829215,0.10000952666806359,0.1,-0.018055340678675192,0.03443063054293374,-0.06310977322855126,0.8279171470361998,inf,green,False,unknown,0,-0.1805534067867519,0.020718023002700647,0.12308839600154897,0.029479503002221463,0.0,-0.004000000000019099,0.0519999999999925,-0.019000000000005457,39.80892699837568,0.5186529549583444
212.3,17807.210705711,FOLLOW,15.955868001897084,6.271288813958582,1.8609778962734722,0.10000959204731283,0.1,-0.018055340678675192,0.03443063054293374,-0.06310977322855126,0.8279171470361998,inf,green,False,unknown,0,-0.1805534067867519,0.02163864099929924,0.04712942100013606,0.030322153001179686,0.0,0.02800000000002001,0.05200000000002092,0.01300000000000523,0.36532599915517494,0.5186529549583444
212.5,17807.510084232,FOLLOW,15.976268509949822,6.251571591294306,1.8557423081378877,0.10000107272558552,0.1,-0.0002376417682338407,-0.020487889272435833,0.1341708989313599,0.8018801036800918,inf,green,False,unknown,0,-0.0023764176823384067,0.05182942299870774,0.10628268499931437,0.05916894499750924,0.0,0.020000000000010232,0.049000000000006594,0.00899999999998613,0.5316500028129667,0.5186529549583444
212.7,17807.772562819,FOLLOW,16.00007143233111,6.228551242525378,1.8496890124353527,0.09999742289059085,0.1,-0.022812828176640414,0.026523166501993684,-0.07967586876785074,0.827169289638178,inf,green,False,unknown,0,-0.22812828176640412,0.31430800999805797,0.11846440499721211,0.014446624998527113,0.0,0.21999999999999886,0.0519999999999925,-0.029000000000024784,0.5494610013556667,0.5186529549583444
212.8,17807.910377098,FOLLOW,16.006871253228905,6.221970612360758,1.8479764517144444,0.09999731353649619,0.1,-0.02886054912214378,0.019291547451179086,-0.10067045468365553,0.8278995203432802,inf,green,False,unknown,0,-0.28860549122143775,0.12752908599941293,0.10606156300127623,0.04575765700064949,0.0,0.07099999999999795,0.05000000000001137,0.0030000000000143245,0.4356120007287245,0.5186529549583444
213.0,17808.173473332,FOLLOW,16.027269344691742,6.202211497412568,1.8429110407514337,0.09998998681842117,0.1,-0.03151516330284651,0.015323374929739814,-0.1098589651380061,0.8272237458780543,inf,green,False,unknown,0,-0.31515163302846505,0.028013368999381782,0.10683522399995127,0.026887784002610715,0.0,0.036000000000001364,0.05000000000001137,-0.0010000000000047748,0.5405789997894317,0.5186529549583444
213.2,17808.419648928,FOLLOW,16.047666755503624,6.182423212135123,1.8379636369257029,0.09998618712570558,0.1,-0.0336788941627522,0.012268783868016747,-0.11733468205766495,0.8254501937618882,inf,green,False,unknown,0,-0.33678894162752193,0.16637466400061385,0.1053140820004046,0.02783651899881079,0.0,0.13199999999997658,0.0519999999999925,-0.005000000000023874,0.4034429985040333,0.5186529549583444
213.3,17808.513086811,FOLLOW,16.057865209707945,6.172517570006855,1.835537397606739,0.09998372875290994,0.1,-0.0336788941627522,0.012268783868016747,-0.11733468205766495,0.8254501937618882,inf,green,False,unknown,0,-0.33678894162752193,0.25981254699945566,0.07678613199823303,0.024419569999736268,0.0,0.23199999999999932,0.047000000000025466,-0.0069999999999765805,0.3869480024150107,0.5186529549583444
213.5,17808.759902151,FOLLOW,16.078261853314434,6.152682341627219,1.830785003088161,0.09998341358957631,0.1,-0.0336788941627522,0.012268783868016747,-0.11733468205766495,0.8254501937618882,inf,green,False,unknown,0,-0.33678894162752193,0.5066278869999223,0.07598692499959725,0.0002537079999456182,0.0,0.43199999999998795,0.049000000000006594,-0.01099999999999568,0.34187599885626696,0.5186529549583444
213.7,17809.068949387,FOLLOW,16.098662366476013,6.132817313526299,1.8261415872319264,0.10001423253518557,0.1,-0.009885339690819835,0.015522586880215662,-0.1686263202753562,0.8265800740890762,inf,green,False,unknown,0,-0.09885339690819835,0.01930407400141121,0.09836197800177615,0.018788170000334503,0.0,-0.005000000000023874,0.04899999999997817,-0.01500000000001478,0.39888899846118875,0.5186529549583444
213.8,17809.159810754,FOLLOW,16.105463267909986,6.126193042115023,1.8246016886341767,0.1000113713536616,0.1,-0.0126867186495776,0.012887313621113748,-0.16996487916888567,0.830545258588352,inf,green,False,unknown,0,-0.126867186495776,0.021124474002135685,0.08971650000239606,0.04381073900003685,0.0,0.02800000000002001,0.049000000000006594,0.01700000000002433,25.86004399927333,0.5186529549583444
214.0,17809.415073964,FOLLOW,16.125865173794953,6.106314596948166,1.8200098486631109,0.1000081110830749,0.1,-0.015659360615467386,0.013571988866341977,-0.19384705232772878,0.8765879546272153,inf,green,False,unknown,0,-0.15659360615467383,0.04899991399724968,0.07088675799968769,0.03330172799905995,0.0,0.03700000000000614,0.05000000000001137,0.01300000000000523,0.8824169999570586,0.5186529549583444
214.2,17809.659660408,FOLLOW,16.14626602740371,6.086424396639951,1.8154739467547325,0.10000313200674743,0.1,-0.02020162636783955,0.009867776389561322,-0.19973009071202275,0.8869752412462766,inf,green,False,unknown,0,-0.2020162636783955,0.1229070640001737,0.07799233599871513,0.025916874001268297,0.0,0.09299999999998931,0.04899999999997817,0.00899999999998613,0.3428859999985434,0.5186529549583444
214.3,17809.81078812,FOLLOW,16.156466140031068,6.076473810689119,1.8132316023913082,0.09999942743711161,0.1,-0.02274170236739524,0.009320056187037032,-0.21277404410828846,0.8970920245411665,inf,green,False,unknown,0,-0.22741702367395236,0.09651858600045671,0.10163948199988226,0.024140711000654846,0.0,0.07099999999999795,0.05000000000001137,0.007000000000005002,0.5833309987792745,0.5186529549583444
214.5,17810.063189257,FOLLOW,16.176865403078992,6.056559356293675,1.8088107741630202,0.09999375902321053,0.1,-0.02502081737662643,0.007106043702470893,-0.21349869869097002,0.9029408533699804,inf,green,False,unknown,0,-0.25020817376626425,0.17359783200299717,0.1021867680028663,0.04929383600028814,0.0,0.13700000000000045,0.046999999999997044,0.002999999999985903,0.44840399641543627,0.5186529549583444
214.7,17810.322388665,FOLLOW,16.197264014009203,6.036624157299323,1.8044875450425555,0.09998897943788354,0.1,-0.029119163597523975,0.0036724047155698852,-0.21835053275887534,0.9091365200921143,inf,green,False,unknown,0,-0.2911916359752397,0.13844686599986744,0.08500283900139038,0.043740887002059026,0.0,0.09899999999998954,0.046999999999997044,-0.0010000000000047748,0.35477199708111584,0.5186529549583444
214.8,17810.460990698,FOLLOW,16.20746286563105,6.026648271880712,1.8023666444454574,0.09998865433295819,0.1,-0.031210197920343297,0.002008481624251879,-0.22141718889683906,0.912810789939385,inf,green,False,unknown,0,-0.3121019792034329,0.1000140950018249,0.10759510099887848,0.022639212002104614,0.0,0.06700000000000728,0.047000000000025466,-0.002999999999985903,0.41011999928741716,0.5186529549583444
215.0,17810.724932712,FOLLOW,16.227859929805426,6.006678057056718,1.7982158162586526,0.0999836464068082,0.1,-0.03531158769722655,0.0021307570257556308,-0.24881699295220175,0.98628015583949,inf,green,False,unknown,0,-0.3531158769722655,0.06355236200033687,0.12012724600208458,0.044007287000567885,0.0,0.027999999999991587,0.04800000000000182,-0.007000000000005002,19.153643999743508,0.5186529549583444
215.2,17810.964752073,FOLLOW,16.248256110958017,5.986681399995164,1.7941988188395581,0.09998019488355889,0.09880530234554516,-0.039219088348310865,0.002435040797165458,-0.27887368108674576,0.9316155460306822,inf,green,False,unknown,0,-0.3969330331195443,0.01712717099871952,0.10004899499836029,0.03902297999957227,0.0,-0.009000000000014552,0.046999999999997044,-0.011000000000024102,22.63771599973552,0.5186529549583444
215.3,17811.06254739,FOLLOW,16.25841498088382,5.976711051703978,1.792250821716504,0.09878065049026442,0.09880530234554516,-0.039219088348310865,0.002435040797165458,-0.27887368108674576,0.9316155460306822,inf,green,False,unknown,0,-0.3969330331195443,0.07413618999999017,0.07370034400082659,0.008726735999516677,0.0,0.07099999999999795,0.04800000000000182,-0.012999999999976808,0.33329700090689585,0.5186529549583444
215.5,17811.311843469,FOLLOW,16.27516821196158,5.960252383074929,1.7891232021678305,0.09838837218923195,0.09551415801800278,-0.04118888387907207,0.002121172198232199,-0.2987953376262735,0.9270117819483265,inf,green,False,unknown,0,-0.4312332824135734,0.018934112002170878,0.07280043100035982,0.04796079000152531,0.0,0.02400000000000091,0.046999999999997044,0.016999999999995907,0.6717309988744091,0.5186529549583444
215.7,17811.56133243,FOLLOW,16.294316356927062,5.941414919563204,1.7856881856467424,0.09215758185699859,0.09885208947988354,-0.03488241356607476,-0.006154153834353034,-0.19612943867925434,0.8184533418599221,inf,green,False,unknown,0,-0.35287482287537636,0.024657035999553045,0.07815335700070136,0.02369761699810624,0.0,0.054000000000002046,0.046999999999997044,0.012999999999976808,0.3613250009948388,0.5186529549583444
215.8,17811.712519219,FOLLOW,16.30644596365034,5.929468158416545,1.783590069163611,0.06611451953536882,0.049074367818468266,-0.04391084824844125,0.060000000000000026,-0.4596396144303819,0.585920425415039,inf,green,False,unknown,0,-0.8947817404571065,0.14060275700103375,0.07813361900116433,0.02998073100025067,0.0,0.10200000000000387,0.045000000000015916,-0.022999999999996135,0.5839840014232323,0.5186529549583444
216.0,17811.961921368,FOLLOW,16.32071233487422,5.915402601417523,1.7812050714461367,0.09545528934873444,0.09546588694558808,-0.044892126771201045,-0.0016755500305459942,-0.30049490875603463,0.9287967745175505,inf,green,False,unknown,0,-0.4702425987702586,0.032136777001142036,0.1099100460014597,0.013718527003220515,0.0,0.03100000000000591,0.04800000000000182,-0.026999999999986812,0.6517349975183606,0.5186529549583444
216.2,17812.220701794,FOLLOW,16.336734190595802,5.899586487102802,1.778645935264559,0.09342839029399957,0.09143988690437094,-0.04760709192641879,-0.0011098538397059515,-0.3357759553705238,0.9344343075838357,inf,green,False,unknown,0,-0.5206381321994299,0.07047278100071708,0.10636246100330027,0.024332951001269976,0.0,0.060000000000002274,0.046999999999997044,0.002999999999985903,0.43073199776699767,0.5186529549583444
216.3,17812.313103313,FOLLOW,16.346128860345317,5.890303286985848,1.777203067512789,0.09140229760249888,0.048012760533237976,-0.048237731579957796,0.060000000000000026,-0.4951332634684039,0.5969141531145041,inf,green,False,unknown,0,-1.0046856511523448,0.012472406000597402,0.07234603600227274,0.02035240000259364,0.0,0.03900000000001569,0.047000000000025466,0.0010000000000047748,31.76984699894092,0.5186529549583444
216.5,17812.625355822,FOLLOW,16.360925334182227,5.875666687819108,1.7750343498136536,0.04657503720264039,0.043860038045598335,-0.04578652027863749,0.08000000000000004,-0.5293170697190558,0.5661094726986354,inf,green,False,unknown,0,-1.0439234054251463,0.07840930200109142,0.12473896700248588,0.030655900001875125,0.0,0.0589999999999975,0.04599999999999227,-0.03700000000000614,0.3762639971682802,0.5186529549583444
216.7,17812.859919273,FOLLOW,16.368385136094737,5.868276633646557,1.7740167634896782,0.04388415835384646,0.04372945694898498,-0.04565020361557673,0.08000000000000004,-0.5293170697190558,0.5644240387810601,inf,green,False,unknown,0,-1.0439234054251463,0.053389261000120314,0.07904368199888268,0.003980003999458859,0.0,0.0589999999999975,0.046999999999997044,-0.007000000000005002,0.3702790017996449,0.5186529549583444
216.8,17813.010407506,FOLLOW,16.372842057139575,5.8638577351818135,1.7734358584519039,0.04369269136465983,0.04372945694898498,-0.04565020361557673,0.08000000000000004,-0.5293170697190558,0.5644240387810601,inf,green,False,unknown,0,-1.0439234054251463,0.2038774940010626,0.09379312800228945,0.03317001699906541,0.0,0.15900000000002024,0.04600000000002069,-0.00899999999998613,0.7210469993879087,0.5186529549583444
217.0,17813.274097287,FOLLOW,16.381755307822964,5.855012772710596,1.7723348878339857,0.043692132582053775,0.042500167264862075,-0.044366919342273145,0.08000000000000004,-0.5293170697190558,0.5485573736826578,inf,green,False,unknown,0,-1.0439234054251463,0.018557145001977915,0.1063697690005938,0.02943450400198344,0.0,0.027999999999991587,0.04599999999999227,-0.01300000000000523,0.4682589969888795,0.5186529549583444
217.2,17813.510907272,FOLLOW,16.388964036692414,5.847852133644662,1.771503748856657,0.04234673514352246,0.042382677880124876,-0.04424426942365698,0.08000000000000004,-0.5293170697190558,0.5470409168667263,inf,green,False,unknown,0,-1.0439234054251463,0.25536713000110467,0.08152529600192793,0.03401624899925082,0.0,0.22799999999998022,0.046999999999997044,0.016999999999995907,0.643516999843996,0.5186529549583444
217.3,17813.66102003,FOLLOW,16.39472316875059,5.8421271197517965,1.7708778676589905,0.042346394408369896,0.04229734644822805,-0.049042769580784754,0.08000000000000004,-0.562186743900029,0.5652492507587779,inf,green,False,unknown,0,-1.159476272130052,0.08068988199738669,0.10599982999701751,0.027642486998956883,0.0,0.09900000000001796,0.04600000000002069,-0.018999999999977035,0.5703220012946986,0.5186529549583444
217.5,17813.922720583,FOLLOW,16.40334327614545,5.833550988302429,1.7700085934741843,0.042254205842051015,0.04229734644822805,-0.049042769580784754,0.08000000000000004,-0.562186743900029,0.5652492507587779,inf,green,False,unknown,0,-1.159476272130052,0.3423904349983786,0.10620023599767592,0.02870508699925267,0.0,0.2990000000000066,0.03700000000000614,-0.022999999999996135,0.36303900196799077,0.5186529549583444
217.7,17814.1610281,FOLLOW,16.41196307303532,5.824967026064554,1.7692237956045576,0.04225362043084345,0.04434850681580591,-0.051421041357324844,0.08000000000000004,-0.562186743900029,0.5926603523601185,inf,green,False,unknown,0,-1.159476272130052,0.04434936699908576,0.09769245400093496,0.019996663999336306,0.0,0.06699999999997885,0.04399999999998272,-0.027000000000015234,24.0092009989894,0.5186529549583444
217.8,17814.259783497,FOLLOW,16.414836312219443,5.822104066708674,1.7689809755396535,0.04225342681123396,0.04434850681580591,-0.051421041357324844,0.08000000000000004,-0.562186743900029,0.5926603523601185,inf,green,False,unknown,0,-1.159476272130052,0.14310476399987238,0.0740312529997027,0.04571197200129973,0.0,0.1670000000000016,0.045000000000015916,0.005000000000023874,0.6407639993994962,0.5186529549583444
218.0,17814.512140548,FOLLOW,16.423998851553932,5.812969239682234,1.768269415785091,0.04621642431120799,0.04626705429743666,-0.053645551639230564,0.08000000000000004,-0.562186743900029,0.618299254504117,inf,green,False,unknown,0,-1.159476272130052,0.1754835439969611,0.05093004199807183,0.0064332949987147,0.0,0.18999999999999773,0.04400000000001114,0.0010000000000047748,0.5644800003210548,0.5186529549583444
218.2,17814.811777997,FOLLOW,16.433426932453912,5.8035624324704,1.7676370770260565,0.046215762578790905,0.0478360159790045,-0.05546472548088974,0.08000000000000004,-0.562186743900029,0.639266395222057,inf,green,False,unknown,0,-1.159476272130052,0.10065123200183734,0.11841467000340344,0.030901993002771633,0.0,0.09799999999998477,0.042999999999977945,-0.0030000000000143245,1.3853999989805743,0.5186529549583444
218.3,17814.921763613,FOLLOW,16.43824541943027,5.798752330155198,1.7673530342177592,0.047781964406173216,0.0478360159790045,-0.05546472548088974,0.08000000000000004,-0.562186743900029,0.639266395222057,inf,green,False,unknown,0,-1.159476272130052,0.21063684800174087,0.0768816740019247,0.019062278002820676,0.0,0.1980000000000075,0.03900000000001569,-0.0049999999999954525,0.38048799979151227,0.5186529549583444
218.5,17815.17005767,FOLLOW,16.447992868233264,5.789017436268105,1.76685943084963,0.047781282098473425,0.048026984702090166,-0.05568614918402654,0.08000000000000004,-0.562186743900029,0.6418184448588978,inf,green,False,unknown,0,-1.159476272130052,0.07206285899883369,0.07670682000025408,0.022070263999921735,0.0,0.10400000000001342,0.04099999999999682,-0.00899999999998613,0.3703010006574914,0.5186529549583444
218.7,17815.41869313,FOLLOW,16.457957357244894,5.779060731854913,1.7664669582382866,0.04980831551630919,0.04827171504090916,-0.05596990820495751,0.08000000000000004,-0.562186743900029,0.6450889488567005,inf,green,False,unknown,0,-1.159476272130052,0.0277558460002183,0.09150052199765923,0.026651353000488598,0.0,0.08199999999999363,0.042999999999977945,-0.01300000000000523,0.4200180010229815,0.5186529549583444
218.8,17815.512323164,FOLLOW,16.461238063127663,5.775781688963858,1.7663625582921665,0.048215400293962714,0.04836750213086567,-0.056080971062938474,0.08000000000000004,-0.562186743900029,0.6463690192482688,inf,green,False,unknown,0,-1.159476272130052,0.1213858800001617,0.06046643999798107,0.029872764000174357,0.0,0.18200000000001637,0.04100000000002524,0.019000000000005457,22.57426800133544,0.5186529549583444
219.0,17815.760389863,FOLLOW,16.471086821990806,5.765935893823307,1.7661230321483057,0.04831040471291222,0.04836750213086567,-0.056080971062938474,0.08000000000000004,-0.562186743900029,0.6463690192482688,inf,green,False,unknown,0,-1.159476272130052,0.36945257900151773,0.06056519699995988,0.02987137699892628,0.0,0.382000000000005,0.04400000000001114,0.014999999999986358,0.4545800002233591,0.5186529549583444
219.2,17816.011937676,FOLLOW,16.4809420807146,5.756081525892149,1.7659943565941187,0.0483098023103418,0.04836750213086567,-0.056080971062938474,0.08000000000000004,-0.562186743900029,0.6463690192482688,inf,green,False,unknown,0,-1.159476272130052,0.6210003920023155,0.06586038600289612,0.03477273300086381,0.0,0.5819999999999936,0.03899999999998727,0.01099999999999568,0.3380029993422795,0.5186529549583444
219.3,17816.160593202,FOLLOW,16.485869664974086,5.751153999609601,1.765971680577072,0.048309515518527676,0.046589617569164944,-0.054019556099060145,0.08000000000000004,-0.562186743900029,0.6226098948392,inf,green,False,unknown,0,-1.159476272130052,0.07720311400044011,0.09126777599885827,0.03049831499811262,0.0,0.0730000000000075,0.043000000000006366,0.009000000000014552,0.36013900171383284,0.5186529549583444
219.5,17816.413798897,FOLLOW,16.49543551534439,5.741588260781597,1.766006974712681,0.04663569520082386,0.04516052396622273,-0.052362555975795796,0.08000000000000004,-0.562186743900029,0.6035119098316538,inf,green,False,unknown,0,-1.159476272130052,0.06245376999868313,0.08658640399880824,0.03480206599851954,0.0,0.0730000000000075,0.04200000000000159,0.0049999999999954525,0.38997999945422634,0.5186529549583444
219.7,17816.713332673,FOLLOW,16.50469123856054,5.732333547435082,1.7661408171736865,0.045106582008309526,0.03502612946330342,-0.04061196601725563,0.08000000000000004,-0.562186743900029,0.46807885360717766,inf,green,False,unknown,0,-1.159476272130052,0.05995613599952776,0.09095959000114817,0.02999018699847511,0.0,0.05699999999998795,0.03999999999999204,0.0009999999999763531,0.35624500014819205,0.5186529549583444
219.8,17816.809753391,FOLLOW,16.508712820292413,5.728312938816792,1.7662291575025795,0.03498814419028256,0.03736990766179701,-0.04332952122554466,0.08000000000000004,-0.562186743900029,0.49940041351318354,inf,green,False,unknown,0,-1.159476272130052,0.07246995600144146,0.047231488999386784,0.003186434001690941,0.0,0.10600000000002296,0.03500000000002501,-0.0009999999999763531,14.928186999895843,0.5186529549583444
220.0,17817.060918252,FOLLOW,16.516100520151422,5.720928236429151,1.7664388319033824,0.03589173591958664,0.035931693216285865,-0.04166194570173981,0.08000000000000004,-0.562186743900029,0.4801805402582342,inf,green,False,unknown,0,-1.159476272130052,0.18387966699810931,0.06470991599780973,0.005338235998351593,0.0,0.18299999999999272,0.038000000000010914,-0.0049999999999954525,0.8671200012031477,0.5186529549583444
220.2,17817.317880469,FOLLOW,16.52342239448803,5.713611343093512,1.766708294186576,0.03589135221415365,0.03787617393116107,0.039869941597437154,-0.018625992132251246,0.7215304195413977,0.5899900172171949,inf,green,False,unknown,0,1.0526390989200678,0.10170842200022889,0.07224108800073736,0.015371966997918207,0.0,0.117999999999995,0.03999999999999204,-0.009000000000014552,0.3577450006559957,0.5186529549583444
220.3,17817.459741053,FOLLOW,16.527355537295936,5.709681190689389,1.766861575286938,0.03794498112138515,0.03787617393116107,0.039869941597437154,-0.018625992132251246,0.7215304195413977,0.5899900172171949,inf,green,False,unknown,0,1.0526390989200678,0.2435690060010529,0.07827803699910874,0.01636353399953805,0.0,0.21800000000001774,0.03900000000001569,-0.01099999999999568,0.34646499989321455,0.5186529549583444
220.5,17817.720412884,FOLLOW,16.535518029805264,5.7015234174289064,1.767138932301265,0.041502253307888745,0.041495520801189026,-0.007165540205556211,0.04081600457955342,-0.3708520473318323,0.44426259950968333,inf,green,False,unknown,0,-0.1726822574389978,0.25604482499693404,0.1031806629980565,0.029948314997454872,0.0,0.22100000000000364,0.038000000000010914,-0.014999999999986358,0.9857510012807325,0.5186529549583444
220.7,17817.965611813,FOLLOW,16.54398447027328,5.693061921766428,1.7674282307800495,0.041502083523344974,0.041495520801189026,-0.007165540205556211,0.04081600457955342,-0.3708520473318323,0.44426259950968333,inf,green,False,unknown,0,-0.1726822574389978,0.501243753999006,0.09078146600222681,0.013251980999484658,0.0,0.42099999999999227,0.036000000000001364,-0.019000000000005457,0.3468750001047738,0.5186529549583444
220.7,17818.010770717,LANE_GRACE,16.545395540681994,5.691651715858961,1.767477616981557,0.04150205912924121,0.04,-0.0069072902975599116,-0.008440080393073781,3.235531112431312e-05,0.17272296471484141,inf,green,False,unknown,0,-0.1726822574389978,0.006321389999357052,0.013928100997873116,0.028577125998708652,0.04515890399852651,-0.008000000000009777,-0.0630000000000166,-0.05299999999999727,16.83217599929776,0.5186529549583444
220.8,17818.072830886,LANE_GRACE,16.546806610266934,5.690241522522589,1.7675273374762386,0.04150203506162124,0.04,-0.0069072902975599116,-0.008440080393073781,3.235531112431312e-05,0.17272296471484141,inf,green,False,unknown,0,-0.1726822574389978,0.06838155900186393,0.07598827000038,0.028406577002897393,0.0,0.09200000000001296,0.03700000000000614,0.01300000000000523,0.7294959978025872,0.5186529549583444
221.0,17818.315171895,LANE_GRACE,16.554969934517487,5.6820835020925475,1.7678215403567925,0.040006734677881954,0.04,-0.0069072902975599116,-0.04466063797212335,-0.021913951246147603,0.0,inf,green,False,unknown,0,-0.1726822574389978,0.07088044799820636,0.0750867989991093,0.03598550099923159,0.0,0.10699999999999932,0.03499999999999659,0.00899999999998613,18.365979001828237,0.5186529549583444
221.2,17818.564729374,LANE_GRACE,16.563131296478133,5.673927853626031,1.7681268549430433,0.040006622144379715,0.04,-0.0069072902975599116,-0.16057458103058359,0.1776327621892246,0.09825500600232065,inf,green,False,unknown,0,-0.1726822574389978,0.0897606899998209,0.0750243100010266,0.03045885300161899,0.0,0.11199999999999477,0.03299999999998704,0.0049999999999954525,0.43575000017881393,0.5186529549583444
221.3,17818.659679268,LANE_GRACE,16.56721196942045,5.669850196358637,1.7682837061198133,0.040006574483195285,0.04,-0.0069072902975599116,-0.16057458103058359,0.1776327621892246,0.09825500600232065,inf,green,False,unknown,0,-0.1726822574389978,0.18471058399882168,0.04638394299763604,0.0006574959988938645,0.0,0.2120000000000175,0.034000000000020236,0.0030000000000143245,0.2986710023833439,0.5186529549583444
221.3,17818.709707802,FOLLOW,16.56857219269462,5.668491002332993,1.7683366112826,0.04000656001259077,0.044033812591172936,-0.03580561231856504,-0.09890475484588117,0.09053213267138166,0.2999999999999998,inf,green,False,unknown,0,-0.8131390450106669,0.0006964300009713043,0.09641247699983069,0.018954097002279013,0.05002853400219465,0.02200000000001978,0.034000000000020236,-0.03099999999997749,16.562829998292727,0.5186529549583444
221.5,17818.967259027,FOLLOW,16.57740723620415,5.659663675572131,1.7687054037610521,0.044000714078245455,0.04486705785636802,-0.03786903393309631,-0.10102478518502826,0.08142225124606185,0.29999999999999993,inf,green,False,unknown,0,-0.8440275726196637,0.10349646599934204,0.091458672999579,0.013844115997926565,0.0,0.09600000000000364,0.03299999999998704,-0.03499999999999659,0.37682200127164833,0.5186529549583444
221.7,17819.168833456,FOLLOW,16.583503210031186,5.653574664260772,1.7689965446166611,0.044830932805459384,0.04486705785636802,-0.03786903393309631,-0.10102478518502826,0.08142225124606185,0.29999999999999993,inf,green,False,unknown,0,-0.8440275726196637,0.3050708949995169,0.06010994899770594,0.05936323199784965,0.0,0.29599999999999227,0.030000000000001137,0.028999999999996362,0.3510940005071461,0.5186529549583444
221.8,17819.323605836,FOLLOW,16.589600203111516,5.647486195735682,1.7693187252582292,0.044830741989325254,0.05266445546585558,-0.03178547371261251,-0.06075801544021058,-0.010143802094452873,0.2855362548092421,inf,green,False,unknown,0,-0.6035469925863047,0.07110281700079213,0.07732283800214645,0.042739743999845814,0.0,0.0730000000000075,0.03200000000001069,-0.0069999999999765805,0.6043459979991894,0.5186529549583444
222.0,17819.565832212,FOLLOW,16.60024356415893,5.636861118899268,1.7699420271304989,0.05180562753071207,0.0518332312359204,-0.031334451284177806,-0.05987604620868657,-0.016721078060655616,0.2819216670028518,inf,green,False,unknown,0,-0.6045243666472996,0.21739932199852774,0.053842607001570286,0.00913239800138399,0.0,0.21600000000000819,0.03200000000001069,-0.01099999999999568,0.4479550007090438,0.5186529549583444
222.1,17819.663867217,LANE_GRACE,16.603766344969955,5.633345290144785,1.7701632269586907,0.05180557914365016,0.04,-0.024180974665891985,-0.07601031825542959,0.034971810375984826,0.262679302504127,inf,green,False,unknown,0,-0.6045243666472996,0.04814767300194944,0.047422800002095755,0.029138924001017585,0.0,0.10699999999999932,0.03100000000000591,0.020999999999986585,18.123496000043815,0.5186529549583444
222.3,17819.973850454,LANE_GRACE,16.613817510978127,5.623316322182546,1.7708307133211856,0.03998201337622733,0.04,-0.024180974665891985,-0.07956581730582347,0.01714228415465301,0.2547059470488544,inf,green,False,unknown,0,-0.6045243666472996,0.08544438500030083,0.10592800900121802,0.04115502200147603,0.0,0.09400000000002251,0.02800000000002001,-0.016999999999995907,0.5322280012478586,0.5186529549583444
222.5,17820.159966871,LANE_GRACE,16.620614447938397,5.616536607981162,1.771314206970267,0.0399819548611886,0.04,-0.024180974665891985,-0.07956581730582347,0.01714228415465301,0.2547059470488544,inf,green,False,unknown,0,-0.6045243666472996,0.2715608020007494,0.0417690889989899,0.014469964000454638,0.0,0.29400000000001114,0.030000000000001137,0.01300000000000523,0.4064940003445372,0.5186529549583444
222.7,17820.460024844,FOLLOW,16.630130144087286,5.607048451930468,1.772037482465377,0.039981881887329096,0.028594834343467587,-0.019206088288411794,0.047578953373121735,-0.6633095557344593,0.42229389725073585,inf,green,False,unknown,0,-0.6716628625197605,0.04525408599874936,0.08011425600125222,0.004561329998978181,0.0,0.0619999999999834,0.03099999999997749,-0.025000000000005684,21.10479499970097,0.5186529549583444
222.8,17820.563502963,FOLLOW,16.63247704634781,5.604708991073748,1.7722242239588473,0.02859440669293244,0.028594834343467587,-0.019206088288411794,0.047578953373121735,-0.6633095557344593,0.42229389725073585,inf,green,False,unknown,0,-0.6716628625197605,0.14873220499794115,0.059322781999071594,0.04094379799789749,0.0,0.16200000000000614,0.029000000000024784,0.007000000000005002,0.4153660011070315,0.5186529549583444
223.0,17820.811073024,FOLLOW,16.638258613318015,5.598947019253411,1.7726997827568636,0.02784148909642888,0.027771323019326596,-0.019988198393229226,0.050278970485884644,-0.6954120932648905,0.4225144872407776,inf,green,False,unknown,0,-0.71974238963405,0.111998748001497,0.04512546700061648,0.01399808900168864,0.0,0.1349999999999909,0.028999999999996362,0.002999999999985903,22.64170499984175,0.5186529549583444
223.2,17821.059786401,FOLLOW,16.643937924742144,5.593288862306674,1.7731894719815418,0.028088326103551973,0.028101571624364337,-0.02051459983469695,0.048662715627537684,-0.6935033666509974,0.42679393304759083,inf,green,False,unknown,0,-0.7300161040427572,0.0736184420020436,0.06513657300092746,0.014779594999708934,0.0,0.1209999999999809,0.03099999999997749,-0.0010000000000047748,0.5563639970205259,0.5186529549583444
223.2,17821.110533519,LANE_GRACE,16.644892926770943,5.59233761561717,1.773274080555107,0.028088282494060066,0.04,-0.02920064416171029,-0.2758566405473144,1.1247118503765698,0.0,inf,green,False,unknown,0,-0.7300161040427572,0.12436556000102428,0.11588369099990814,0.018630542999744648,0.050747117998980684,0.1209999999999809,0.03099999999997749,-0.03500000000002501,17.86739399904036,0.5186529549583444
223.3,17821.213885514,FOLLOW,16.647205366263325,5.590034508213196,1.7734816182110194,0.04049324929714588,0.02870748623509374,-0.021820536384629927,0.042701448290205835,-0.6830374854999145,0.4318233848205464,inf,green,False,unknown,0,-0.7600991673717221,0.057032078999327496,0.06838504099869169,0.04426351800066186,0.0,0.07200000000000273,0.029000000000024784,-0.002999999999985903,15.323396000894718,0.5186529549583444
223.5,17821.461567884,FOLLOW,16.653476515685036,5.58379044093324,1.774063743416778,0.028692315185338713,0.030166358080845817,-0.023573602552727602,0.034414753503518886,-0.6588810393035509,0.4436470082867929,inf,green,False,unknown,0,-0.7814533822594815,0.043876852996618254,0.08670647099643247,0.03207380699677742,0.0,0.06299999999998818,0.030000000000001137,-0.007000000000005002,15.95597600316978,0.5186529549583444
223.7,17821.720249803,FOLLOW,16.659525952079058,5.57776981672348,1.7746534044094673,0.0301487347381268,0.030166358080845817,-0.023573602552727602,0.034414753503518886,-0.6588810393035509,0.4436470082867929,inf,green,False,unknown,0,-0.7814533822594815,0.30255877199670067,0.08480179799880716,0.029625221999594942,0.0,0.2629999999999768,0.030000000000001137,-0.011000000000024102,0.5140790017321706,0.5186529549583444
223.8,17821.859832652,FOLLOW,16.66260112141084,5.574710372356099,1.7749639886559625,0.03014870546247079,0.030166358080845817,-0.023573602552727602,0.034414753503518886,-0.6588810393035509,0.4436470082867929,inf,green,False,unknown,0,-0.7814533822594815,0.442141620998882,0.09299237500090385,0.03056838200063794,0.0,0.36299999999999955,0.02800000000002001,-0.012999999999976808,0.3900009978679009,0.5186529549583444
224.0,17822.111491799,FOLLOW,16.668856638428686,5.568489203360391,1.7756185651316885,0.031192939090800044,0.031160896018814593,-0.026219437112687042,0.017624439915537138,-0.6156865242208397,0.4395791967910666,inf,green,False,unknown,0,-0.841421154797861,0.08202995600004215,0.0940749470028095,0.030639283002528828,0.0,0.07800000000000296,0.028999999999996362,-0.016999999999995907,0.34258699815836735,0.5186529549583444
224.2,17822.368810281,FOLLOW,16.675211002236516,5.562173254924181,1.7763161626272481,0.031139548258771466,0.030622145112890607,-0.02708896938708428,0.01595132981477196,-0.6300557537115192,0.4380905106183618,inf,green,False,unknown,0,-0.8846202409145069,0.07702379500187817,0.0822611190014868,0.01364801900126622,0.0,0.07200000000000273,0.027999999999991587,-0.021000000000015007,0.32680699951015413,0.5186529549583444
224.3,17822.460887639,FOLLOW,16.67729249327527,5.560105176295266,1.776552075359516,0.030599600607658255,0.030622145112890607,-0.02708896938708428,0.01595132981477196,-0.6300557537115192,0.4380905106183618,inf,green,False,unknown,0,-0.8846202409145069,0.16910115300197504,0.04165790499973809,0.01354652400186751,0.0,0.17200000000002547,0.02800000000002001,0.011000000000024102,0.3298739975434728,0.5186529549583444
224.5,17822.772406511,FOLLOW,16.6845751928733,5.552872885151153,1.7774073528430523,0.030599562594856737,0.030622145112890607,-0.02708896938708428,0.01595132981477196,-0.6300557537115192,0.4380905106183618,inf,green,False,unknown,0,-0.8846202409145069,0.4806200250022812,0.09233441000105813,0.03431089600053383,0.0,0.3720000000000141,0.028999999999996362,-0.026999999999986812,0.749102997360751,0.5186529549583444
224.7,17822.972261023,FOLLOW,16.68977711657235,5.54771040642049,1.778046710240464,0.030599542269272133,0.030622145112890607,-0.02708896938708428,0.01595132981477196,-0.6300557537115192,0.4380905106183618,inf,green,False,unknown,0,-0.8846202409145069,0.6804745369990997,0.046981645999039756,0.02594430499812006,0.0,0.5720000000000027,0.030000000000001137,0.002999999999985903,0.5247300032351632,0.5186529549583444
224.8,17823.161158405,FOLLOW,16.69420157585949,5.543321840768364,1.7786091235475814,0.03868500584225202,0.040065197629510045,-0.03897596355596119,0.005547545838127471,-0.6296147281453359,0.572940521741627,inf,green,False,unknown,0,-0.9728134606093499,0.12682391600174014,0.07303932400100166,0.0174102330020105,0.0,0.10099999999999909,0.02800000000002001,-0.03299999999998704,1.0756579977169167,0.5186529549583444
225.0,17823.421266967,FOLLOW,16.702365347070426,5.535230533110469,1.779694278940883,0.0400266400332522,0.049089574700476736,-0.049119100789024296,-0.005982618616510477,-0.5928830124802249,0.6769472890275331,inf,green,False,unknown,0,-1.0006014737085769,0.07100976900255773,0.10460151900042547,0.02528717899986077,0.0,0.05000000000001137,0.030000000000001137,-0.03700000000000614,0.3163919973303564,0.5186529549583444
225.2,17823.619882939,FOLLOW,16.710635593954724,5.5270426866928295,1.780858660685271,0.048903149668779226,0.04985165098681293,-0.052281162791627867,-0.0045611563339442995,-0.6253511532510957,0.7099367754277743,inf,green,False,unknown,0,-1.0487348313791576,0.037762997002573684,0.0713009620012599,0.0146802410017699,0.0,0.06299999999998818,0.030000000000001137,-0.007000000000005002,18.850860000384273,0.5186529549583444
225.3,17823.760063296,FOLLOW,16.717376289303857,5.520376591677826,1.7818586487532475,0.04979291517617663,0.052259243167404476,-0.054406335084934795,-0.00842937627834875,-0.6039930790984585,0.7287210897082986,inf,green,False,unknown,0,-1.0410854001588281,0.02566605299944058,0.09777107199988677,0.0003069569975195918,0.0,0.030000000000001137,0.030000000000001137,-0.042999999999977945,16.207925000344403,0.5186529549583444
225.5,17824.011174285,FOLLOW,16.726213070360558,5.511648538642023,1.7832404114749978,0.05366518115671952,0.05372544461177468,-0.0531504859460622,-0.016372944284324814,-0.5370752309003628,0.6992331029833807,inf,green,False,unknown,0,-0.9892982055361814,0.04819006899924716,0.0748530099990603,0.017920811998919817,0.0,0.0589999999999975,0.027999999999991587,-0.01300000000000523,0.5619229996227659,0.5186529549583444
225.7,17824.271284909,FOLLOW,16.737119491908995,5.500893812342542,1.7850527944047958,0.05325284394870895,0.05331402586486509,-0.05485578512774251,-0.018289256182858343,-0.5509658689787125,0.7041641518796526,inf,green,False,unknown,0,-1.0289184550944495,0.22894273099882412,0.07703703099832637,0.02323806399726891,0.0,0.20199999999999818,0.030000000000001137,-0.01700000000002433,0.45656099973712116,0.5186529549583444
225.8,17824.362980188,FOLLOW,16.74074069288881,5.497327514367224,1.7856809695040259,0.05325315452947405,0.0517118373848308,-0.05827163576208505,-0.022609364932388742,-0.5877589960602054,0.7094282302731816,inf,green,False,unknown,0,-1.126852935594559,0.006032649002008839,0.04682624199995189,0.044280158002948156,0.0,0.05700000000001637,0.02400000000000091,0.01500000000001478,19.610168998042354,0.5186529549583444
226.0,17824.611332911,FOLLOW,16.753143689109116,5.485131449143641,1.7879366183163843,0.05164488559549846,0.05154478989095881,-0.06141298750133104,-0.02696367060945254,-0.6056404998192431,0.7199378926253012,inf,green,False,unknown,0,-1.1914489831319142,0.0025933489996532444,0.05931315099951462,0.004517576002399437,0.0,0.04099999999999682,0.02400000000000091,-0.022999999999996135,19.734245997824473,0.5186529549583444
226.2,17824.86683565,FOLLOW,16.761950939170525,5.476491050968721,1.7896426370048657,0.052233930010598284,0.05385409248258704,-0.06327112632807798,-0.029448845967449566,-0.5844553957183791,0.7363465545277696,inf,green,False,unknown,0,-1.1748619911947418,0.07724124800006393,0.040407581996987574,0.009803148997889366,0.0,0.10299999999998022,0.02199999999999136,0.0069999999999765805,18.039460002910346,0.5186529549583444
226.3,17825.010065417,FOLLOW,16.767381765001712,5.471172158833286,1.790739526405311,0.05377207760321267,0.05440379514471721,-0.06306436042388681,-0.03206810820418882,-0.5626606119523458,0.727394315646438,inf,green,False,unknown,0,-1.159190461917813,0.04561097999976482,0.05977264499961166,0.030123179996735416,0.0,0.08100000000001728,0.021000000000015007,0.005000000000023874,23.291788002097746,0.5186529549583444
226.5,17825.272178672,FOLLOW,16.7784241939212,5.460379480672305,1.7930744113298265,0.05431570198079058,0.041790521323032945,-0.05398377473620562,-0.037443200800637594,-0.6186633708951464,0.5912565739220311,inf,green,False,unknown,0,-1.2917707898143003,0.0177133959987259,0.0743241809977917,0.0442356799976551,0.0,0.05699999999998795,0.02199999999999136,0.0010000000000047748,27.03732300142292,0.5186529549583444
226.7,17825.564542569,FOLLOW,16.786743276126,5.4522692121364775,1.794926446272411,0.04147776663466931,0.04296786573000367,-0.055423776505482976,-0.04162833518378198,-0.5987284079971564,0.5960170574383631,inf,green,False,unknown,0,-1.289888980145029,0.03285771800074144,0.07570664000013494,0.03755559600176639,0.0,0.0589999999999975,0.014999999999986358,-0.0030000000000143245,19.092083999566967,0.5186529549583444
226.8,17825.660722778,FOLLOW,16.791020247243278,5.448107587678252,1.7959130164681443,0.04288864052416437,0.04296786573000367,-0.055423776505482976,-0.04162833518378198,-0.5987284079971564,0.5960170574383631,inf,green,False,unknown,0,-1.289888980145029,0.1290379269994446,0.0465699720007251,0.01892881200183183,0.0,0.15900000000002024,0.014000000000010004,-0.0049999999999954525,0.33669099866528995,0.5186529549583444
227.0,17825.91704141,FOLLOW,16.79982896149318,5.4395540868122545,1.7980178331296364,0.04471054239697721,0.04478712369710076,-0.053981257042443304,-0.04441975451439062,-0.5316356143088116,0.5795177708149054,inf,green,False,unknown,0,-1.2052851932962536,0.13636203200076125,0.040933160002168734,0.012830087001930224,0.0,0.14699999999999136,0.01300000000000523,-0.00899999999998613,0.40161799915949814,0.5186529549583444
227.2,17826.16607326,FOLLOW,16.80771987597136,5.431911997625389,1.7999836663806879,0.030869659799159684,0.03089359612387589,-0.053762927628930646,-0.04974206474498993,-0.8405770892223199,0.5323039938189986,inf,green,False,unknown,0,-1.7402612312711747,0.19544241599942325,0.047048677999555366,0.018489236001187237,0.0,0.2079999999999984,0.013999999999981583,-0.01300000000000523,0.3126740011794027,0.5186529549583444
227.3,17826.260398768,FOLLOW,16.80981689774746,5.429884970811379,1.8005209362739734,0.030837816645059704,0.03089359612387589,-0.053762927628930646,-0.04974206474498993,-0.8405770892223199,0.5323039938189986,inf,green,False,unknown,0,-1.7402612312711747,0.2897679240013531,0.028846110002632486,0.03013639799974044,0.0,0.30800000000002115,0.009000000000014552,0.019000000000005457,0.4109559995413292,0.5186529549583444
227.5,17826.510085441,FOLLOW,16.816152260290643,5.423773204143674,1.8021890882073983,0.03152092880346376,0.031585392592704105,-0.054454663152563566,-0.05386111416954786,-0.8182598107291272,0.5344335333582345,inf,green,False,unknown,0,-1.7240457908742923,0.1735463000004529,0.016439189999800874,0.017635014999541454,0.0,0.18899999999999295,0.009999999999990905,0.014999999999986358,0.3708909971464891,0.5186529549583444
227.7,17826.769864538,FOLLOW,16.82252311621625,5.4176460376080735,1.803934148690816,0.030922993882999447,0.037788922959650396,-0.041930465171892806,-0.052664811130797407,-0.42408747308601374,0.4325191393397271,inf,green,False,unknown,0,-1.1095967253860237,0.09773214899905724,0.027664397999615176,0.02819067800010089,0.0,0.11899999999999977,0.009999999999990905,0.01099999999999568,0.347171000612434,0.5186529549583444
227.8,17826.91041364,FOLLOW,16.826361718972645,5.413962455318484,1.8050139969446917,0.03772991088063337,0.05300251792951238,-0.039324960662852355,-0.05211771141046749,-0.16659645373417967,0.4170977596922777,inf,green,False,unknown,0,-0.7419451414581908,0.009689308997621993,0.04240198799743666,0.04304235299787251,0.0,0.03100000000000591,0.009000000000014552,0.009000000000014552,17.36107800024911,0.5186529549583444
228.0,17827.168620484,FOLLOW,16.83587181689271,5.404855168582982,1.8077523819594696,0.05294045242013991,0.05300251792951238,-0.039324960662852355,-0.05211771141046749,-0.16659645373417967,0.4170977596922777,inf,green,False,unknown,0,-0.7419451414581908,0.2678961530000379,0.05533105300128227,0.049371401000826154,0.0,0.23099999999999454,0.009999999999990905,0.0049999999999954525,0.5059690010966733,0.5186529549583444
228.2,17827.359979499,FOLLOW,16.84754701063734,5.393702321626475,1.8112054111552043,0.06958019959604118,0.06962660745621745,-0.030653935773864074,-0.05104854226260645,0.04015053951111636,0.4256415116136504,inf,green,False,unknown,0,-0.4402618035517508,0.07048869600112084,0.005190693998883944,0.0031024570016597863,0.0,0.12999999999999545,0.007999999999981355,0.0009999999999763531,0.3733359990292229,0.5186529549583444
228.3,17827.5122223,FOLLOW,16.85484640886701,5.386740981837808,1.8134010700170282,0.0758112708652495,0.07587136590800082,-0.03738226763108003,-0.053705722938309206,0.021267564222359307,0.44391868764287307,inf,green,False,unknown,0,-0.49270587373382163,0.07404269999824464,0.028606304000277305,0.026573912000458222,0.0,0.09300000000001774,0.007000000000005002,-0.0009999999999763531,0.479824000649387,0.5186529549583444
228.3,17827.56235982,LANE_GRACE,16.857423990985318,5.3842846364587444,1.8141822850676756,0.0758114073238523,0.04,-0.019708234949352865,-0.13009553136643354,0.0037638852156044503,0.0,inf,green,False,unknown,0,-0.49270587373382163,0.12418021999837947,0.07874382400041213,0.021257475000311388,0.05013752000013483,0.09300000000001774,0.007000000000005002,-0.03499999999999659,17.89139399988926,0.5186529549583444
228.5,17827.773099324,LANE_GRACE,16.86511485270452,5.376962865588682,1.8165361956295665,0.039967612144835726,0.04,-0.019708234949352865,-0.2200261865060372,0.06244655746035451,0.0,inf,green,False,unknown,0,-0.49270587373382163,0.014932049001799896,0.02102220799861243,0.014088292999076657,0.0,0.06200000000001182,0.008000000000009777,-0.0049999999999954525,26.82046400150284,0.5186529549583444
228.5,17827.916186168,FOLLOW,16.867832651196576,5.37437799792967,1.8173757710939968,0.039967637911997846,0.022301999012103755,-0.046820957698324284,-0.728317155383439,0.568523045323302,0.29999999999999766,inf,green,False,unknown,0,-2.099406321061784,0.035855295001965715,0.01860023200060823,0.048412791002192535,0.14308684400020866,-0.044999999999987494,-0.09499999999999886,-0.0730000000000075,20.58983399911085,0.5186529549583444
228.7,17828.060168207,FOLLOW,16.87208693533327,5.37033466613687,1.8186987886082173,0.022259991261786384,0.022448247975061536,-0.04718836516099054,-0.7245114703533304,0.5622131769034322,0.2999999999999994,inf,green,False,unknown,0,-2.1020956830757385,0.10169515900270198,0.04163678199984133,0.0118200210017676,0.0,0.11899999999999977,0.007999999999981355,-0.009000000000014552,17.49640599882696,0.5186529549583444
228.8,17828.160157792,FOLLOW,16.874367191781875,5.368171357303053,1.819419659954816,0.022406317838304695,0.022448247975061536,-0.04718836516099054,-0.7245114703533304,0.5622131769034322,0.2999999999999994,inf,green,False,unknown,0,-2.1020956830757385,0.20168474400270497,0.015559797000605613,0.001650942002015654,0.0,0.2190000000000225,0.004000000000019099,-0.01099999999999568,0.336310997226974,0.5186529549583444
228.9,17828.314548366,LANE_GRACE,16.87666461365799,5.365995290314316,1.8201564574346156,0.02277520945365776,0.04,-0.08446645947697777,0.1997822433337864,-0.43174989537219494,0.0,inf,green,False,unknown,0,-2.111661486924444,0.07052615800057538,0.046043075002671685,0.014978118000726681,0.0,0.08400000000000318,0.0030000000000143245,-0.01300000000000523,16.882595999049954,0.5186529549583444
229.1,17828.56229227,LANE_GRACE,16.88417573322799,5.358906322126571,1.8226388554761093,0.03989709484457377,0.04,-0.08446645947697777,0.06574842979222739,-0.13113105782390286,0.0,inf,green,False,unknown,0,-2.111661486924444,0.08242446899748757,0.014194356997904833,0.005654382999637164,0.0,0.09499999999999886,0.002999999999985903,-0.016999999999995907,14.72984300198732,0.5186529549583444
229.3,17828.81051422,LANE_GRACE,16.89095836044918,5.352539526607788,1.824977057140884,0.039898547556676135,0.04,-0.08446645947697777,0.004050094491935694,0.0387481793907714,0.0,inf,green,False,unknown,0,-2.111661486924444,0.07165139000062482,0.02702104299896746,0.031222278001223458,0.0,0.12000000000000455,0.006000000000000227,0.01300000000000523,19.105228999251267,0.5186529549583444
229.4,17828.961133096,FOLLOW,16.89638464267491,5.347470530811745,1.8269134238306404,0.03989974342394439,0.0637703095059087,0.09527973301468638,0.18921593634837203,-0.10201870266806962,0.4446373339846883,inf,green,False,unknown,0,1.4941080536210687,0.036218777000613045,0.056463854998582974,0.026170189001277322,0.0,0.06800000000001205,0.006000000000000227,-0.022999999999996135,22.092358998634154,0.5186529549583444
229.6,17829.164587909,FOLLOW,16.90531121145084,5.339158426587175,1.8301679947472003,0.06415463167705053,0.0637703095059087,0.09527973301468638,0.18921593634837203,-0.10201870266806962,0.4446373339846883,inf,green,False,unknown,0,1.4941080536210687,0.23967359000016586,0.008338847997947596,0.00895913299973472,0.0,0.2680000000000007,0.006000000000000227,0.007000000000005002,0.532482001290191,0.5186529549583444
229.8,17829.462949296,FOLLOW,16.920574669706024,5.3248623327341695,1.8355145668179098,0.06415166424170393,0.015121456873194633,-0.00863853584743044,0.2420859877101439,-1.1083675392796355,0.31678770408532947,inf,green,False,unknown,0,-0.5712766911198696,0.09357607000129065,0.02672212700053933,0.004654563999793027,0.0,0.10699999999999932,0.006000000000000227,-0.03099999999997749,0.3306029975647107,0.5186529549583444
229.8,17829.519630071,LANE_GRACE,16.921640972257222,5.323859053311187,1.8358757198742561,0.030010552942243827,0.04,-0.022851067644794783,0.10543280355974227,0.06568222371073822,0.0,inf,green,False,unknown,0,-0.5712766911198696,0.05543564900290221,0.08340290200067102,0.01624130300115212,0.05668077500013169,0.02400000000000091,0.006000000000000227,-0.06499999999999773,19.417374998738524,0.5186529549583444
229.9,17829.665618435,FOLLOW,16.923989467138114,5.321648476798589,1.836668675805074,0.039752922110963304,0.054870557374704504,0.08827101879996078,0.1684836982251093,0.1605382032560532,0.42718116170104226,inf,green,False,unknown,0,1.6087137259636075,0.03760632099874783,0.110165871999925,0.0448773309981334,0.09926001499843551,-0.019000000000005457,0.0010000000000047748,-0.06700000000000728,19.58575699973153,0.5186529549583444
230.1,17829.813662434,FOLLOW,16.930413315726778,5.315602249011102,1.8388386661560419,0.054957089148487445,0.05650758947792258,0.09046061851164225,0.1686767534764385,0.15043669971765244,0.43199793140593956,inf,green,False,unknown,0,1.6008578555095694,0.10566620600002352,0.027941953001572983,0.025041677999979584,0.0,0.12699999999998113,0.001999999999981128,-0.0030000000000143245,0.5553439987124875,0.5186529549583444
230.3,17830.121964186,FOLLOW,16.94195695410698,5.304687822377739,1.8425973003385379,0.05659941690258523,0.05650758947792258,0.09046061851164225,0.1686767534764385,0.15043669971765244,0.43199793140593956,inf,green,False,unknown,0,1.6008578555095694,0.41396795800028485,0.04061966100198333,0.029220840999187203,0.0,0.3269999999999982,0.0,-0.0069999999999765805,0.4969279980286956,0.5186529549583444
230.4,17830.214501864,LANE_GRACE,16.945805744980685,5.301033899555307,1.8438064345034322,0.056600345265422326,0.04,0.06403431422038278,0.07815430666303774,0.2517690935060524,0.0,inf,green,False,unknown,0,1.6008578555095694,0.030062713998631807,0.01335495099920081,0.044997984001383884,0.0,0.0759999999999934,0.0,0.025000000000005684,21.77832500092336,0.5186529549583444
230.6,17830.46095248,LANE_GRACE,16.955062798213362,5.292216015280752,1.8466236063883428,0.040064447452050185,0.04,0.06403431422038278,0.09482449292589573,0.06757311432448071,0.0,inf,green,False,unknown,0,1.6008578555095694,0.11433129999932135,0.029115268000168726,0.04524104300071485,0.0,0.13899999999998158,0.0010000000000047748,0.020999999999986585,0.6686529995931778,0.5186529549583444
230.8,17830.723744264,LANE_GRACE,16.963236105708855,5.284397121631823,1.8490041472976722,0.04006602711234998,0.04,0.06403431422038278,0.09482449292589573,0.06757311432448071,0.0,inf,green,False,unknown,0,1.6008578555095694,0.37712308399932226,0.027294142000755528,0.04438721399856149,0.0,0.33899999999999864,0.0,0.01700000000002433,0.361581001925515,0.5186529549583444
231.0,17831.010512323,LANE_GRACE,16.97277204038497,5.275237171795584,1.8516551326316821,0.04006789102542127,0.04,0.06403431422038278,0.09482449292589573,0.06757311432448071,0.0,inf,green,False,unknown,0,1.6008578555095694,0.6638911429981817,0.0444089989978238,0.0384999309972045,0.0,0.5389999999999873,-0.009999999999990905,-0.020999999999986585,0.5182839995541144,0.5186529549583444
231.1,17831.168283384,WAIT_SENSORS,16.976859006329445,5.27129945744698,1.8527495027625025,0.040068705427414975,0.0,0.0,0.09482449292589573,0.06757311432448071,0.0,inf,green,False,unknown,0,1.6008578555095694,0.8216622039981303,0.0776841009974305,0.0601426459979848,0.047466045998589834,0.6389999999999816,-0.010000000000019327,-0.022999999999996135,1.5808850002940744,0.5186529549583444
231.1,17831.213917982,LANE_GRACE,16.97958369676203,5.268670425889144,1.8534651302008414,0.040069256716904075,0.04,0.06403431422038278,0.10599400577557028,-0.1957592435146826,0.0,inf,green,False,unknown,0,1.6008578555095694,0.021462927001266507,0.12331869899935555,0.021000906999688596,0.09310064400051488,-0.019000000000005457,-0.010000000000019327,-0.09100000000000819,25.972939998609945,0.5186529549583444
231.3,17831.361058791,LANE_GRACE,16.982461395918023,5.265889425479451,1.8542048427540743,0.040069646931294695,0.04,0.06403431422038278,0.15455564437018654,-0.2925815825551091,0.0,inf,green,False,unknown,0,1.6008578555095694,0.08177498599980026,0.0059093790005135816,0.015825880000193138,0.0,0.10400000000001342,-0.009999999999990905,0.007000000000005002,0.3304189995105844,0.5186529549583444
231.3,17831.462703438,FOLLOW,16.98518618241102,5.263253110212837,1.854893533418555,0.04007076273451693,0.019941476164764885,0.04387124756248275,0.6059851482011328,-0.6831695618484656,0.2999999999999982,inf,green,True,unknown,0,2.2,0.09014981200016337,0.10755402599897934,0.0418041209995863,0.10164464699846576,0.045000000000015916,-0.009999999999990905,-0.06099999999997863,20.979280001483858,0.5186529549583444
231.4,17831.571490088,LANE_GRACE,16.988585077698794,5.259960482429558,1.855736781201028,0.018885938439374236,0.04,0.08800000000000001,0.03991624147167395,-0.1461221771900753,0.0,inf,green,True,unknown,0,2.2,0.013325029001862276,0.06975542399959522,0.03023412500260747,0.06034859400097048,-0.01300000000000523,-0.00899999999998613,-0.06299999999998818,18.611003997648368,0.5186529549583444
231.6,17831.710136216,LANE_GRACE,16.992600746596498,5.256063222518007,1.8567047002848185,0.04010193392169259,0.04,0.08800000000000001,0.032774484166081926,-0.149288113004259,0.0,inf,green,False,unknown,0,2.2,0.05111829899760778,0.012880767997557996,0.01782914299838012,0.0,0.11299999999999955,-0.010000000000019327,0.0010000000000047748,16.925432999414625,0.5186529549583444
231.6,17831.817711855,FOLLOW,16.99532773317957,5.253411917654966,1.8573426832909,0.04010331050648825,0.017166879037414814,0.03462268050191885,0.8776354412216265,-0.8582368613959067,0.29999999999999877,inf,green,False,unknown,0,2.01683022443739,0.07325008599946159,0.1204564069994376,0.04353032300059567,0.10757563900187961,0.027999999999991587,-0.010000000000019327,-0.06700000000000728,16.242252000665758,0.5186529549583444
231.8,17831.967900227,FOLLOW,16.999210555017353,5.2496305270846335,1.8582243379170247,0.017205231747589703,0.03801123230026705,0.007796131200530775,-0.004667983513035649,0.16825308449282364,0.2999999999999998,inf,green,False,unknown,0,0.20510072230612744,0.03024746399751166,0.009975200999178924,0.0287813319991983,0.0,0.07200000000000273,-0.012000000000000455,-0.002999999999985903,26.880626002821373,0.5186529549583444
232.0,17832.219469195,FOLLOW,17.005475111057656,5.243520446828969,1.8596069293945103,0.038016477029771484,0.045101261529723435,0.01637512203745142,0.025146974623404254,0.07892230211265343,0.29999999999999993,inf,green,False,unknown,0,0.36307458997925357,0.018865846999688074,0.01969042099881335,0.02166692899845657,0.0,0.05500000000000682,-0.009999999999990905,-0.007000000000005002,20.14303000032669,0.5186529549583444
232.2,17832.465149227,FOLLOW,17.012893889143378,5.2362815105974665,1.861230519102809,0.04511758159119276,0.04903817194248392,0.010442362948742828,0.015535962695612967,0.04047318944381309,0.3,inf,green,False,unknown,0,0.21294356080382656,0.06624854499750654,0.13093464199846494,0.02833098299743142,0.0,0.10599999999999454,0.08899999999999864,0.022999999999996135,0.5385620024753734,0.5186529549583444
232.3,17832.620569759,FOLLOW,17.01942567283759,5.2299050534177205,1.8626464940949015,0.04904728062376123,0.04903817194248392,0.010442362948742828,0.015535962695612967,0.04047318944381309,0.3,inf,green,False,unknown,0,0.21294356080382656,0.22166907700011507,0.03026755700193462,0.029337883002881426,0.0,0.20600000000001728,-0.012000000000000455,-0.012999999999976808,0.5257729972072411,0.5186529549583444
232.5,17832.81064452,FOLLOW,17.02776373578807,5.221762557064249,1.864441774459598,0.049047580310631105,0.030833041004638906,0.03620540895694127,0.17509230875505222,-0.30054718237977984,0.2999999999999999,inf,green,False,unknown,0,1.1742406125783726,0.06297297399942181,0.10563025800001924,0.022065725999709684,0.0,0.12000000000000455,0.08799999999999386,0.016999999999995907,0.35509799999999814,0.5186529549583444
232.7,17833.118495109,FOLLOW,17.036563162146305,5.213157508871325,1.8662808854457555,0.05979586660364385,0.05617633460070407,0.05658923532946084,0.11368705191227182,-0.038873489565160714,0.3424208888498761,inf,green,False,unknown,0,1.007350083121151,0.01686867700118455,0.13455585799965775,0.029410308998194523,0.0,0.04599999999999227,0.08699999999998909,0.012999999999976808,25.10294899911969,0.5186529549583444
232.8,17833.272611452,FOLLOW,17.04329418198612,5.2065626681696715,1.867627925386175,0.056247014428074976,0.05617633460070407,0.05658923532946084,0.11368705191227182,-0.038873489565160714,0.3424208888498761,inf,green,False,unknown,0,1.007350083121151,0.1709850200022629,0.02996254699974088,0.02703124500112608,0.0,0.146000000000015,-0.015999999999991132,-0.022999999999996135,0.3942849980376195,0.5186529549583444
233.0,17833.510084882,FOLLOW,17.052856291543613,5.197178632223579,1.8694645418411746,0.05624845941229398,0.05617633460070407,0.05658923532946084,0.11368705191227182,-0.038873489565160714,0.3424208888498761,inf,green,False,unknown,0,1.007350083121151,0.40845845000148984,0.002817107000737451,0.03337091199864517,0.0,0.34600000000000364,-0.01300000000000523,0.007000000000005002,0.33633999919402413,0.5186529549583444
233.2,17833.766053488,FOLLOW,17.062537772177976,5.187660778443759,1.8712368349326853,0.02771181705516295,0.027745586014486824,-0.036359028507710035,-0.20645478926539773,0.37850220891791486,0.29999999999999927,inf,green,False,unknown,0,-1.3104437040445231,0.20142677100011497,0.01690777700059698,0.03058893300112686,0.0,0.1939999999999884,-0.014000000000010004,0.002999999999985903,0.368029999663122,0.5186529549583444
233.3,17833.909861555,FOLLOW,17.066306346487647,5.183956454557101,1.8719297345379435,0.027710012951412698,0.03455744380263907,0.023343830772385766,0.1043912778607545,-0.225046230946933,0.29999999999999954,inf,green,False,unknown,0,0.6755080296362386,0.04676091299916152,0.01837992199943983,0.0012435940006980672,0.0,0.058000000000021146,-0.015999999999991132,-0.03299999999998704,19.773921001615236,0.5186529549583444
233.5,17834.160092681,FOLLOW,17.072056173646548,5.178306361809659,1.8729959986203912,0.03458734848642498,0.03455744380263907,0.023343830772385766,0.1043912778607545,-0.225046230946933,0.29999999999999954,inf,green,False,unknown,0,0.6755080296362386,0.29699203899872373,0.006406688997230958,0.02396364999731304,0.0,0.2580000000000098,-0.015999999999991132,-0.002999999999985903,0.27273000159766525,0.5186529549583444
233.7,17834.41252354,FOLLOW,17.080131688070527,5.170364542248958,1.8744593342671432,0.04822715050392994,0.048244529336237324,-0.014750203140250126,-0.02394059076906862,-0.047719156911245016,0.29999999999999993,inf,green,True,unknown,0,-0.3057383571399252,0.15604187799908686,0.026738798998849234,0.030171458998665912,0.0,0.1699999999999875,-0.01300000000000523,-0.007000000000005002,0.37711800177930854,0.5186529549583444
233.8,17834.521015124,FOLLOW,17.08505070114115,5.165526882343632,1.87535025062654,0.048225416591383616,0.030702139692483813,0.022538275728338275,0.12345555893516182,-0.3035340278022347,0.29999999999999943,inf,green,False,unknown,0,0.7340946251331097,0.0206621469988022,0.013711051000427688,0.019054502998187672,0.0,0.05000000000001137,-0.013999999999981583,-0.00899999999998613,15.816589999303687,0.5186529549583444
234.0,17834.76775008,FOLLOW,17.091009384022723,5.159666240883534,1.8764266912509067,0.03073172705801179,0.030702139692483813,0.022538275728338275,0.12345555893516182,-0.3035340278022347,0.29999999999999943,inf,green,False,unknown,0,0.7340946251331097,0.26739710299807484,0.11550412899669027,0.03189998299785657,0.0,0.25,0.08600000000001273,0.020999999999986585,0.33405100111849606,0.5186529549583444
234.2,17835.120977425,FOLLOW,17.09825444357033,5.15253418599808,1.877701277397791,0.028613303243531764,0.028589337740387983,0.017537700355641114,0.11903646579946135,-0.3555264202390324,0.2999999999999997,inf,green,False,unknown,0,0.6134349985612193,0.2094241009981488,0.04358065299675218,0.04390243099987856,0.0,0.14799999999999613,-0.01700000000002433,-0.01700000000002433,10.487239000212867,0.5186529549583444
234.3,17835.210434029,FOLLOW,17.100200136933342,5.1506178100132045,1.8780377672751172,0.028613158529033723,0.028589337740387983,0.017537700355641114,0.11903646579946135,-0.3555264202390324,0.2999999999999997,inf,green,False,unknown,0,0.6134349985612193,0.2988807049987372,0.0020030239975312725,0.038984744998742826,0.0,0.24800000000001887,-0.014999999999986358,0.01500000000001478,0.253448000876233,0.5186529549583444
234.5,17835.461928078,FOLLOW,17.106037261385968,5.144866344748318,1.8790340787799777,0.02861354905694701,0.026590922110511027,0.012904968877668137,0.11534500718827018,-0.41230729458087567,0.2999999999999994,inf,green,False,unknown,0,0.48531483128097236,0.057211679999454645,0.012899707999167731,0.023521322997112293,0.0,0.07499999999998863,-0.016999999999995907,0.01099999999999568,0.40755300142336637,0.5186529549583444
234.7,17835.713139309,LANE_GRACE,17.11153643348055,5.13944498806741,1.879955907939076,0.026609393043128433,0.04,0.019412593251238893,0.0,0.0,0.0,inf,green,False,unknown,0,0.48531483128097236,0.028893534999951953,0.014416494999750284,0.045698796999204205,0.0,0.06299999999998818,-0.018000000000000682,0.0069999999999765805,13.35572900279658,0.5186529549583444
234.8,17835.868049835,LANE_GRACE,17.11492901598629,5.136099068054645,1.8805166475421005,0.04748583863733388,0.04,0.019412593251238893,0.0,0.0,0.0,inf,green,False,unknown,0,0.48531483128097236,0.1838040610018652,0.0302185950022249,0.06077817900222726,0.0,0.16300000000001091,-0.016999999999995907,0.005000000000023874,0.672610000037821,0.5186529549583444
235.0,17836.115772326,LANE_GRACE,17.12310210782712,5.128033353555293,1.8818371020778148,0.040027637367412786,0.04,0.019412593251238893,0.0,0.0,0.0,inf,green,False,unknown,0,0.48531483128097236,0.43152655200174195,0.013769089000561507,0.029772271002002526,0.0,0.36299999999999955,-0.018000000000000682,0.0010000000000047748,0.4512779996730387,0.5186529549583444
235.0,17836.16288643,FOLLOW,17.124463048491787,5.1266898047090805,1.8820539799019276,0.04002769528792936,0.029772925518738908,-0.001911866668407919,-0.05712736830669646,0.32549135241698307,0.2999999999999993,inf,green,False,unknown,0,-0.0642149414307506,0.013209687000198755,0.06088319300033618,0.03027252899846644,0.04711410399977467,0.012000000000000455,-0.018000000000000682,-0.03299999999998704,16.506283998751314,0.5186529549583444
235.2,17836.364440106,LANE_GRACE,17.13023170917844,5.120993710800971,1.8829660960730863,0.02977280889439759,0.04,-0.002568597657230024,0.0,0.0,0.0,inf,green,False,unknown,0,-0.0642149414307506,0.025459263000811916,0.12169121099941549,0.013276238001708407,0.0,0.07699999999999818,0.08099999999998886,-0.0030000000000143245,17.656076997809578,0.5186529549583444
235.3,17836.510055395,LANE_GRACE,17.13394585672332,5.11732624840862,1.883553132323205,0.039999043506134875,0.04,-0.002568597657230024,0.0,0.0,0.0,inf,green,False,unknown,0,-0.0642149414307506,0.17107455199948163,0.03253845599829219,0.03382019600030617,0.0,0.17700000000002092,-0.015999999999991132,-0.0049999999999954525,0.48351000077673234,0.5186529549583444
235.5,17836.717400505,LANE_GRACE,17.14074566616636,5.11061229868098,1.8846302982966914,0.03999879043061781,0.04,-0.002568597657230024,-0.01907584133156793,0.19506783517605616,0.0,inf,green,True,unknown,0,-0.0642149414307506,0.11808641300012823,0.11934820399983437,0.04463856599977589,0.0,0.1570000000000107,0.08400000000000318,0.025000000000005684,1.1007569992216304,0.5186529549583444
235.7,17837.012870078,LANE_GRACE,17.150265346757713,5.101213755105928,1.8861441322979016,0.039998519497764624,0.04,-0.002568597657230024,0.005471327535785858,0.2922480802042468,0.23768513613815562,inf,green,False,unknown,0,-0.0642149414307506,0.1348660170006042,0.027887771000678185,0.02840942300099414,0.0,0.13199999999997658,-0.019000000000005457,-0.01300000000000523,4.301542998291552,0.5186529549583444
235.8,17837.109983392,LANE_GRACE,17.154345189261534,5.097186162749247,1.8867949890768738,0.03999839294215904,0.04,-0.002568597657230024,-0.012541365071076366,0.25209634494709604,0.13354499312873921,inf,green,False,unknown,0,-0.0642149414307506,0.03386170200246852,0.0005507800015038811,0.0008552840008633211,0.0,0.09200000000001296,-0.016999999999995907,-0.014999999999986358,22.923505999642657,0.5186529549583444
236.0,17837.371679228,LANE_GRACE,17.1611448976312,5.09047398489791,1.8878825098466796,0.03999817714127874,0.04,-0.002568597657230024,0.31880392619919695,-0.25416073490219926,0.0,inf,green,True,unknown,0,-0.0642149414307506,0.10653555300086737,0.13923039799919934,0.04070821499772137,0.0,0.1279999999999859,0.08299999999999841,0.014999999999986358,0.7435760016960558,0.5186529549583444
236.0,17837.419342723,FOLLOW,17.162504834899988,5.089131620885267,1.8881004277959135,0.039998134125927634,0.04083549617509967,-0.02926195532636745,-0.1083639396009961,0.2217527322332101,0.35263307387454196,inf,green,False,unknown,0,-0.7165813585537026,0.045880276997195324,0.045194021997303935,0.04461612599698128,0.04766349499914213,0.05500000000000682,-0.019000000000005457,-0.019000000000005457,18.735649002337595,0.5186529549583444
236.1,17837.560408795,LANE_GRACE,17.167998260605753,5.083709805187712,1.8889845248832073,0.04079747044194062,0.04,-0.028663254342148108,0.17935180302237538,-0.1287050526164354,0.13747003117450535,inf,green,False,unknown,0,-0.7165813585537026,0.0003874120011460036,0.0781674390018452,0.016760070000600535,0.04609054300090065,-0.008000000000009777,-0.018000000000000682,-0.05500000000000682,16.682964997016825,0.5186529549583444
236.3,17837.723952473,LANE_GRACE,17.173491083029603,5.07829174208189,1.889887660086376,0.039962900241388065,0.04,-0.028663254342148108,0.17935180302237538,-0.1287050526164354,0.13747003117450535,inf,green,False,unknown,0,-0.7165813585537026,0.163931089999096,0.113205655998172,0.02725527099755709,0.0,0.19200000000000728,0.08200000000002206,0.009000000000014552,0.4690179994213395,0.5186529549583444
236.5,17837.971333096,LANE_GRACE,17.18164346343361,5.070257035866728,1.8912677380142604,0.039962407135023505,0.04,-0.028663254342148108,0.007226619207394348,0.12390124311833134,0.0,inf,green,True,unknown,0,-0.7165813585537026,0.03742743600014364,0.12209507100124029,0.03661769799873582,0.0,0.08699999999998909,0.07800000000000296,0.0049999999999954525,0.7367229991359636,0.5186529549583444
236.7,17838.216098145,LANE_GRACE,17.189795742933068,5.06223070757727,1.8926951580207054,0.03996191246808491,0.04,-0.028663254342148108,0.03769486200682848,-0.06546827441459313,0.24723771688978333,inf,green,False,unknown,0,-0.7165813585537026,0.02521321899985196,0.12099731600028463,0.013202220001403475,0.0,0.07799999999997453,0.07999999999998408,0.0009999999999763531,26.76227800111519,0.5186529549583444
236.8,17838.367863154,LANE_GRACE,17.19387184596329,5.058220772520545,1.8934266127627017,0.03996168465304359,0.04,-0.028663254342148108,0.06251757931364936,-0.11425760705948936,0.18800231824773364,inf,green,False,unknown,0,-0.7165813585537026,0.08539578499767231,0.01319420099753188,0.029039576998911798,0.0,0.11100000000001842,-0.02199999999999136,-0.0009999999999763531,0.33523000092827715,0.5186529549583444
237.0,17838.61696855,LANE_GRACE,17.202023986667495,5.050207529973355,1.8949249966560886,0.039961279737978944,0.04,-0.028663254342148108,0.0,0.0,0.0,inf,green,False,unknown,0,-0.7165813585537026,0.08011470799829112,0.1388335539995751,0.030730037000466837,0.0,0.09200000000001296,0.07699999999999818,-0.0049999999999954525,0.9836030003498308,0.5186529549583444
237.2,17838.860230829,LANE_GRACE,17.2101760513702,5.042203349846051,1.896470658830216,0.03996093794207908,0.04,-0.028663254342148108,0.0,0.0,0.0,inf,green,False,unknown,0,-0.7165813585537026,0.3233769869984826,0.12196061799841118,0.002778072997898562,0.0,0.2920000000000016,0.07499999999998863,-0.009000000000014552,0.46688400107086636,0.5186529549583444
237.3,17839.014280123,LANE_GRACE,17.21425205903384,5.038204743208459,1.8972612109720628,0.03996078775517515,0.04,-0.028663254342148108,-0.004934628708200051,0.10399714894768394,0.0,inf,green,False,unknown,0,-0.7165813585537026,0.12756889199954458,0.01352162699913606,0.029934174999652896,0.0,0.12700000000000955,-0.020999999999986585,-0.01099999999999568,0.4751410015160218,0.5186529549583444
237.5,17839.273790921,LANE_GRACE,17.222404031411198,5.030214668043237,1.8988777394586207,0.0399605215426628,0.04,-0.028663254342148108,0.0,0.0,0.0,inf,green,False,unknown,0,-0.7165813585537026,0.04381170499982545,0.025796565001655836,0.04337209600271308,0.0,0.05000000000001137,-0.02400000000000091,-0.014999999999986358,17.60069199735881,0.5186529549583444
237.6,17839.410510986,FOLLOW,17.226479998253303,5.026223268452425,1.899703708129252,0.03996040274490375,0.053098216795937465,0.0013556672813215033,0.001566116953759464,0.00679332194923372,0.3,inf,green,False,unknown,0,0.02553131466790096,0.071300314997643,0.05497470800037263,0.05593319499894278,0.04223068799910834,0.08400000000000318,-0.022999999999996135,-0.016999999999995907,17.040706999978283,0.5186529549583444
237.8,17839.661845606,FOLLOW,17.236399115355837,5.016515101821391,1.901738499023491,0.05309696380897139,0.053098216795937465,0.0013556672813215033,0.001566116953759464,0.00679332194923372,0.3,inf,green,False,unknown,0,0.02553131466790096,0.32263493499704055,0.01217797699791845,0.012594206000358099,0.0,0.28400000000002024,-0.025999999999982037,-0.020999999999986585,0.3990860022895504,0.5186529549583444
237.8,17839.710231076,LANE_GRACE,17.238204412632953,5.014748141422268,1.902108565513036,0.05309699406214273,0.04,0.0010212525867160384,0.014358347229563181,-0.213483551965697,0.07804556844650141,inf,green,True,unknown,0,0.02553131466790096,0.04687824399661622,0.060563446997548454,0.029299654997885227,0.048385469999630004,0.01500000000001478,-0.025999999999982037,-0.0549999999999784,15.379105003376026,0.5186529549583444
237.9,17839.811058748,FOLLOW,17.24138702869909,5.011632961107755,1.9027602526120364,0.039970911983225395,0.021706489854119423,-0.024177902621715458,-0.01937747596851916,-0.5950941006659713,0.2999999999999996,inf,green,False,unknown,0,-1.113855938210434,0.06406734700067318,0.03046855200227583,0.029920171000412665,0.03227814199999557,0.05700000000001637,-0.02199999999999136,-0.022999999999996135,22.243622999667423,0.5186529549583444
238.1,17840.011892928,FOLLOW,17.246343254941777,5.00678112720926,1.9037721234931628,0.021670763846012325,0.021706489854119423,-0.024177902621715458,-0.01937747596851916,-0.5950941006659713,0.2999999999999996,inf,green,False,unknown,0,-1.113855938210434,0.26490152699989267,0.11648934899858432,0.022847944997920422,0.0,0.257000000000005,0.07800000000000296,0.007000000000005002,0.8125640015350655,0.5186529549583444
238.1,17840.0648688,LANE_GRACE,17.2470800611146,5.0060601039987,1.9039238102300238,0.021670803919037203,0.04,-0.04455423752841736,0.04896184492413189,-0.030856346337493113,0.04574014655318523,inf,green,False,unknown,0,-1.113855938210434,0.015324593001423636,0.02990757199950167,0.02879477700116695,0.052975872000388335,0.01300000000000523,-0.02200000000001978,-0.027000000000015234,17.415550999430707,0.5186529549583444
238.2,17840.172455575,FOLLOW,17.248553682951155,5.004618433481267,1.9042290102466781,0.021671016991712776,0.05371009685518929,-0.0068021261720215475,-0.01315710939700904,0.0021590215753461116,0.3,inf,green,False,unknown,0,-0.1266452039801963,0.033716271002049325,0.01332655700025498,0.04493018799985293,0.0,0.0519999999999925,-0.02200000000001978,0.0049999999999954525,17.762736999429762,0.5186529549583444
238.3,17840.264234977,FOLLOW,17.253049352620504,5.00022204379436,1.9051685828530605,0.05376318322839104,0.05371009685518929,-0.0068021261720215475,-0.01315710939700904,0.0021590215753461116,0.3,inf,green,False,unknown,0,-0.1266452039801963,0.0484401079993404,0.10510595899904729,0.012741126000037184,0.0,0.09100000000000819,0.07800000000000296,0.0030000000000143245,0.34408600185997784,0.5186529549583444
238.4,17840.465181173,LANE_GRACE,17.259244186269598,4.9941646812657945,1.9064663970465903,0.01989351425858596,0.04,-0.08800000000000001,0.0,0.0,0.0,inf,green,True,unknown,0,-2.2,0.022102996001194697,0.04560764000052586,0.029884954001317965,0.054468188998725964,0.010000000000019327,-0.025000000000005684,-0.03299999999998704,14.741219998541055,0.5186529549583444
238.6,17840.667285167,LANE_GRACE,17.26506070990018,4.988484545300096,1.9077184251327366,0.0398993793601984,0.04,-0.08800000000000001,0.009068684706646428,0.05714665764200024,0.0,inf,green,True,unknown,0,-2.2,0.13404481600082363,0.10750765700140619,0.029119219001586316,0.0,0.1490000000000009,0.07499999999998863,-0.0030000000000143245,0.5459370004246011,0.5186529549583444
238.6,17840.710488198,FOLLOW,17.266417292236536,4.987162094637459,1.90802081541069,0.03989960570323047,0.030111587108758053,0.058109918585467164,0.31051619854773327,-0.3173318338214583,0.29999999999999877,inf,green,True,unknown,0,1.9298191880615188,0.014837175000138814,0.041705114002979826,0.02476158200079226,0.04320303100030287,0.012000000000000455,-0.025000000000005684,-0.03700000000000614,24.62403899698984,0.5186529549583444
238.7,17840.812802346,LANE_GRACE,17.269130480602126,4.984519899532942,1.9086374026545372,0.039900078931915835,0.04,0.07719276752246075,0.0,0.0,0.0,inf,green,True,unknown,0,1.9298191880615188,0.03682264800227131,0.037738072001957335,0.04916578200209187,0.0,0.046999999999997044,-0.02400000000000091,-0.005000000000023874,15.442556999914814,0.5186529549583444
238.8,17840.910256448,LANE_GRACE,17.272511171450727,4.981227490561542,1.9094049156386848,0.039497982765225606,0.04,0.07719276752246075,0.0,0.0,0.0,inf,green,True,unknown,0,1.9298191880615188,0.05960018700352521,0.13519217400244088,0.019449855000857497,0.0,0.07600000000002183,0.07600000000002183,-0.0069999999999765805,0.35629399644676596,0.5186529549583444
238.8,17840.962575719,FOLLOW,17.27387395065492,4.979898860028676,1.9097080790707055,0.04009336328089747,0.012924660232207638,-0.02416077552952726,0.23994959787635906,-1.2712238164817538,0.29999999999999927,inf,green,True,unknown,0,-1.8693547911859036,0.04676264999943669,0.05147802099963883,0.0293141040019691,0.0523192709988507,0.02400000000000091,-0.022999999999996135,-0.04099999999999682,19.010603999049636,0.5186529549583444
238.9,17841.11459166,LANE_GRACE,17.276252443663182,4.977578321183635,1.910229927751437,0.012907033117745548,0.04,-0.07477419164743615,0.0,0.0,0.0,inf,green,True,unknown,0,-1.8693547911859036,0.045180515000538435,0.07196459199985838,0.050402001001202734,0.05285398200066993,0.019000000000005457,-0.02400000000000091,-0.043000000000006366,15.90958399901865,0.5186529549583444
239.1,17841.318842311,LANE_GRACE,17.281256857615972,4.972699768582327,1.9113451717484895,0.03991683929040067,0.04,-0.07477419164743615,0.0,0.0,0.0,inf,green,True,unknown,0,-1.8693547911859036,0.10356236100051319,0.013831992000632454,0.02911741800198797,0.0,0.09899999999998954,-0.02400000000000091,-0.01300000000000523,0.4910239986202214,0.5186529549583444
239.1,17841.411921456,FOLLOW,17.283971210270185,4.970057830770041,1.911967958332217,0.03991713665003253,0.012553866450323976,-0.0272879762378134,0.2225205987506127,-1.3205854535311368,0.29999999999999805,inf,green,False,unknown,0,-2.1736710634761596,0.04781773300055647,0.10691113700158894,0.015073334001499461,0.09307914500095649,-0.02200000000001978,-0.02400000000000091,-0.08100000000001728,18.288682997081196,0.5186529549583444
239.3,17841.565839676,FOLLOW,17.28725408783816,4.9668667312072206,1.9127387659468214,0.015621321612807859,0.019549139894638776,0.01775790270346268,-0.03143331160994528,0.7049079456392685,0.2999999999999994,inf,green,False,unknown,0,0.9083725830993039,0.11883565500102122,0.11841326500143623,0.058597445000486914,0.0,0.13100000000000023,0.07600000000002183,0.01700000000002433,16.502604998095194,0.5186529549583444
239.5,17841.814002608,FOLLOW,17.29098459499891,4.963242375939424,1.913622351308979,0.023154363453444893,0.024507700469715593,-0.00862747541766716,-0.1142198959461895,0.48135563867737546,0.29999999999999954,inf,green,False,unknown,0,-0.3520312086533054,0.057522559000062756,0.10668590400018729,0.029101765998348128,0.0,0.09100000000000819,0.07400000000001228,0.01300000000000523,16.9907970011991,0.5186529549583444
239.6,17841.960502086,LANE_GRACE,17.294222675508856,4.9600963454147,1.914388938539268,0.02449222138045566,0.04,-0.014081248346132216,-0.0919528102617346,0.6764252855608242,0.0,inf,green,False,unknown,0,-0.3520312086533054,0.11917205099962302,0.020857676001469372,0.021482506999745965,0.050394406000123126,0.13100000000000023,-0.022999999999996135,-0.022999999999996135,21.0697969996545,0.5186529549583444
239.7,17842.062216574,FOLLOW,17.296333642919933,4.958045598487737,1.9148895582309045,0.03818406226171475,0.017098806476280804,-0.004111661125439714,-0.19980031909839663,0.8632460651544996,0.29999999999999893,inf,green,False,unknown,0,-0.2404648026833537,0.060281721998762805,0.12257216400030302,0.030070982000324875,0.0,0.08699999999998909,0.07699999999999818,0.00899999999998613,19.83018100145273,0.5186529549583444
239.8,17842.216316372,FOLLOW,17.300243215882222,4.954247204434803,1.9158152803277664,0.017089152702515393,0.017098806476280804,-0.004111661125439714,-0.19980031909839663,0.8632460651544996,0.29999999999999893,inf,green,False,unknown,0,-0.2404648026833537,0.21438151999973343,0.02846752299956279,0.013906362000852823,0.0,0.18700000000001182,-0.02400000000000091,-0.026999999999986812,0.40584100133855827,0.5186529549583444
239.9,17842.41772171,LANE_GRACE,17.302567317813974,4.9519897033170865,1.9163676735901054,0.017088965071420707,0.04,-0.009618592107334149,-0.1739011277841882,1.2868109275799537,0.0,inf,green,False,unknown,0,-0.2404648026833537,0.02532446600162075,0.07631881899942528,0.029901767000410473,0.10710508999909507,-0.016999999999995907,-0.027999999999991587,-0.06299999999998818,23.478615999920294,0.5186529549583444
240.1,17842.571634236,FOLLOW,17.306409586797944,4.948258242621912,1.9172837692489575,0.039983397530236844,0.02333613967735892,-0.025411273807062366,-0.2048140825659015,0.5256029616996443,0.2999999999999991,inf,green,False,unknown,0,-1.0889236248322927,0.10145578299852787,0.0918947099999059,0.01513141900068149,0.0,0.1279999999999859,0.07099999999999795,0.0010000000000047748,16.595408000284806,0.5186529549583444
240.2,17842.71177323,LANE_GRACE,17.30937632770525,4.945377871432338,1.9179944101609807,0.023298459474629687,0.04,-0.043556944993291706,0.0,0.0,0.0,inf,green,False,unknown,0,-1.0889236248322927,0.006983682000281988,0.011699293998390203,0.03984986800060142,0.0,0.03699999999997772,-0.027000000000015234,-0.0010000000000047748,14.784925999265397,0.5186529549583444
240.3,17842.819896027,LANE_GRACE,17.312293297097064,4.942547860976341,1.9187013368451356,0.03998206857744878,0.04,-0.043556944993291706,-0.075699639113977,0.38031724000516287,0.0,inf,green,False,unknown,0,-1.0889236248322927,0.03051384599893936,0.11982209099733154,0.030029547997401096,0.0,0.06900000000001683,0.0730000000000075,-0.002999999999985903,18.013245000474853,0.5186529549583444
240.5,17843.060890521,LANE_GRACE,17.32044140227385,4.934654630349939,1.920723241481096,0.03994116943847989,0.04,-0.043556944993291706,0.06150708218576254,0.2495467643156364,0.15397209215528201,inf,green,False,unknown,0,-1.0889236248322927,0.07314625199796865,0.10417080999832251,0.006861002999357879,0.0,0.1349999999999909,0.07400000000001228,-0.007000000000005002,0.5486209993250668,0.5186529549583444
240.7,17843.361604629,LANE_GRACE,17.32858939470894,4.926779905966745,1.922815624366482,0.039941112667345964,0.04,-0.043556944993291706,-0.03943285597830348,0.3047470884188951,0.0,inf,green,False,unknown,0,-1.0889236248322927,0.15376061300048605,0.1255901629992877,0.029484001999662723,0.0,0.1279999999999859,0.07299999999997908,-0.011000000000024102,0.3605879974202253,0.5186529549583444
240.8,17843.465845839,LANE_GRACE,17.33130538834808,4.924159200920366,1.9235287319349341,0.03994105380812545,0.04,-0.043556944993291706,-0.03943285597830348,0.3047470884188951,0.0,inf,green,False,unknown,0,-1.0889236248322927,0.258001823000086,0.10326037000049837,0.04367612699934398,0.0,0.22800000000000864,0.07099999999999795,0.021000000000015007,0.3758749990083743,0.5186529549583444
240.9,17843.610535498,FOLLOW,17.33673736126707,4.918924246834769,1.9249783882317772,0.03994090702984299,0.05340831008764608,0.024986020124616783,0.04723988660932581,0.004431444555223158,0.29999999999999993,inf,green,False,unknown,0,0.46783019503169637,0.0328399760001048,0.016226505998929497,0.03165061099934974,0.0,0.06900000000001683,-0.027999999999991587,-0.014999999999986358,16.044575000705663,0.5186529549583444
241.1,17843.867909804,FOLLOW,17.34634769776136,4.9096737093791205,1.9275833922981664,0.042527734239514274,0.04241563443316493,0.03420297978432258,0.10097873154648215,-0.10924618454158701,0.29999999999999977,inf,green,False,unknown,0,0.8063767108851532,0.12167094300093595,0.01112561099944287,0.027147117001732113,0.0,0.11400000000000432,-0.030000000000001137,-0.019000000000005457,6.90738499906729,0.5186529549583444
241.2,17843.959983371,LANE_GRACE,17.350677690733452,4.905501335551129,1.9287410278114396,0.042449379309561906,0.04,0.032255068435406126,0.07205820278954829,-0.007317030003171598,0.0,inf,green,False,unknown,0,0.8063767108851532,0.041421417001402006,0.10319917800006806,0.0003023429999302607,0.0,0.08499999999997954,0.06999999999999318,-0.021000000000015007,21.002604997192975,0.5186529549583444
241.3,17844.117051923,LANE_GRACE,17.354846474221727,4.901480637638454,1.9298422682661953,0.04003168551696067,0.04,0.032255068435406126,0.07205820278954829,-0.007317030003171598,0.0,inf,green,False,unknown,0,0.8063767108851532,0.19848996899963822,0.014057044001674512,0.014424265998968622,0.0,0.18500000000000227,-0.028999999999996362,-0.022999999999996135,0.44040400098310784,0.5186529549583444
241.4,17844.314372747,FOLLOW,17.361651896696976,4.894909352491103,1.9316119808816956,0.040032112666501356,0.08024755577825377,0.005663331432533967,0.006784455793811574,0.0024192562667947285,0.44851613490990283,inf,green,False,unknown,0,0.07057325768504802,0.02886962000047788,0.08863031800137833,0.02699723900150275,0.10059255300075165,-0.012000000000000455,-0.026999999999986812,-0.09299999999998931,16.46886099842959,0.5186529549583444
241.6,17844.462284196,LANE_GRACE,17.37101859365575,4.885853325785687,1.934004331590127,0.08031936008325535,0.04,0.0028229303074019207,0.0430524368714966,0.3348288731123654,0.15679047802658436,inf,green,False,unknown,0,0.07057325768504802,0.0050412780001352075,0.00434290500197676,0.0036109909997321665,0.0,0.04999999999998295,-0.027999999999991587,-0.028999999999996362,18.518595999921672,0.5186529549583444
241.8,17844.712705016,LANE_GRACE,17.380699163667828,4.876489881520879,1.9364618331658199,0.04006779476120203,0.04,0.0028229303074019207,0.0430524368714966,0.3348288731123654,0.15679047802658436,inf,green,False,unknown,0,0.07057325768504802,0.25546209800086217,0.014045535001059761,0.011254542001552181,0.0,0.25,-0.028999999999996362,-0.03299999999998704,0.3766369991353713,0.5186529549583444
242.0,17844.962748488,LANE_GRACE,17.387510363023473,4.869900567785946,1.938186182589189,0.04006399464813525,0.04,0.0028229303074019207,0.0430524368714966,0.3348288731123654,0.15679047802658436,inf,green,False,unknown,0,0.07057325768504802,0.5055055699995137,0.01083668499995838,0.038934617001359584,0.0,0.44999999999998863,-0.028999999999996362,-0.002999999999985903,0.5043380006100051,0.5186529549583444
242.2,17845.21299106,LANE_GRACE,17.395682888782382,4.86199369903122,1.940252968321096,0.04005882118799038,0.04,0.0028229303074019207,0.0430524368714966,0.3348288731123654,0.15679047802658436,inf,green,False,unknown,0,0.07057325768504802,0.7557481420008116,0.12167835000218474,0.029448122000758303,0.0,0.6499999999999773,0.06799999999998363,-0.007000000000005002,3.205204997357214,0.5186529549583444
242.2,17845.266814354,WAIT_SENSORS,17.39704487367646,4.860675924614552,1.9405971680283531,0.040057962923738984,0.0,0.0,0.0430524368714966,0.3348288731123654,0.15679047802658436,inf,green,False,unknown,0,0.07057325768504802,0.8095714359988051,0.04687527699934435,0.03710616899843444,0.05382329399799346,0.6499999999999773,-0.03100000000000591,-0.04100000000002524,1.5061849990161136,0.5186529549583444
242.3,17845.320250056,LANE_GRACE,17.398406829429636,4.859358160334279,1.9409412912261284,0.040057106941953004,0.04,0.0028229303074019207,0.0,0.0,0.0,inf,green,False,unknown,0,0.07057325768504802,0.03318917800061172,0.10031097899991437,0.032629795001412276,0.0,0.08200000000002206,0.06900000000001683,0.025000000000005684,13.609143999929074,0.5186529549583444
242.5,17845.61266258,LANE_GRACE,17.405304462648154,4.85268192733841,1.9426748582764435,0.04007403672938433,0.04,0.0028229303074019207,0.0,0.0,0.0,inf,green,False,unknown,0,0.07057325768504802,0.010896386000240454,0.012720038997940719,0.02999073599858093,0.0,0.030000000000001137,-0.03200000000001069,-0.01300000000000523,0.5064230026619043,0.5186529549583444
242.7,17845.860104745,LANE_GRACE,17.413479122711482,4.844769047080279,1.944727026087544,0.04006952973016186,0.04,0.0028229303074019207,-0.005641055021657987,-0.2996433142935962,0.0,inf,green,False,unknown,0,0.07057325768504802,0.10076963299798081,0.12507659299808438,0.030230061998736346,0.0,0.10299999999998022,0.0660000000000025,-0.01700000000002433,17.234961000212934,0.5186529549583444
242.8,17845.960826877,LANE_GRACE,17.416203797089,4.842131493695844,1.9454105190306805,0.04006798166510929,0.04,0.0028229303074019207,-0.005641055021657987,-0.2996433142935962,0.0,inf,green,False,unknown,0,0.07057325768504802,0.2014917649976269,0.08313529999941238,0.038743764998798724,0.0,0.20300000000000296,0.0660000000000025,0.01500000000001478,0.4021990025648847,0.5186529549583444
242.9,17846.121105539,FOLLOW,17.42165283331913,4.836856487013573,1.9467766450305053,0.04006493352637474,0.014671834128774111,-0.024996468831853805,-1.2393057651902701,1.072208573953171,0.2999999999999983,inf,green,False,unknown,0,-1.7037044320744619,0.04410888600250473,0.012328034001257038,0.02770403100294061,0.0,0.057999999999992724,-0.036000000000001364,-0.020999999999986585,18.52262199827237,0.5186529549583444
243.0,17846.26083581,LANE_GRACE,17.42471251050752,4.833894449738912,1.9475434302065209,0.008536410948751062,0.04,-0.06814817728297848,-0.17998812210474918,0.14118323577329528,0.0,inf,green,False,unknown,0,-1.7037044320744619,0.025170934000925627,0.03185071700136177,0.05512396999984048,0.046014121999178315,0.018000000000000682,-0.036000000000001364,-0.022999999999996135,21.815937998326262,0.5186529549583444
243.2,17846.460052608,LANE_GRACE,17.43087401425264,4.827939614731712,1.9491257410654397,0.03992715280750954,0.04,-0.06814817728297848,0.03023819420930897,-0.20794306713380092,0.0,inf,green,False,unknown,0,-1.7037044320744619,0.061601266999787185,0.10737357999823871,0.0002399299992248416,0.0,0.09199999999998454,0.06299999999998818,-0.027000000000015234,0.3682730020955205,0.5186529549583444
243.3,17846.561283384,LANE_GRACE,17.433589076526236,4.825321020509794,1.9498430398801592,0.03992764401532727,0.04,-0.06814817728297848,-0.052280886204502205,-0.08312835349526036,0.0,inf,green,False,unknown,0,-1.7037044320744619,0.011381939999409951,0.10051314999873284,0.02300532499793917,0.0,0.05500000000000682,0.06499999999999773,0.005000000000023874,0.3377390021341853,0.5186529549583444
243.3,17846.661066765,FOLLOW,17.436304174656826,4.822705738720212,1.9505724568754468,0.039928235564836545,0.014750290187162366,-0.025406141717111558,-1.2178544482235614,1.0643779699194764,0.29999999999999793,inf,green,False,unknown,0,-1.7224163995921455,0.03230510899811634,0.07340243399812607,0.04501461499967263,0.09978338099972461,-0.006000000000000227,-0.036000000000001364,-0.06299999999998818,19.347201003256487,0.5186529549583444
243.5,17846.815831968,FOLLOW,17.439852255931406,4.819293312274062,1.9515441500265014,0.01473032594891711,0.014750290187162366,-0.025406141717111558,-1.2178544482235614,1.0643779699194764,0.29999999999999793,inf,green,False,unknown,0,-1.7224163995921455,0.18707031200028723,0.10478637900087051,0.013976647998788394,0.0,0.1939999999999884,0.06299999999998818,0.0010000000000047748,0.42665900036809035,0.5186529549583444
243.7,17847.060275857,FOLLOW,17.442842270973543,4.816422574099064,1.9523802315449752,0.014515540546007183,0.014557640950106834,-0.024712691155240822,-1.2524574313446566,1.0837568857501931,0.29999999999999793,inf,green,False,unknown,0,-1.6975752623614107,0.17598985499716946,0.09002150099695427,0.00993314500010456,0.0,0.2079999999999984,0.06499999999999773,-0.0030000000000143245,0.33322600211249664,0.5186529549583444
243.7,17847.110583801,LANE_GRACE,17.443335788368554,4.815949168564701,1.9525196826805478,0.01451491087707683,0.04,-0.06790301049445643,-0.4353033390474056,0.5369491257816451,0.0,inf,green,False,unknown,0,-1.6975752623614107,0.04489234200082137,0.014564302000508178,0.014922014001058415,0.05030794400227023,0.04999999999998295,-0.03700000000000614,-0.03700000000000614,19.338678997883108,0.5186529549583444
243.8,17847.218495071,FOLLOW,17.44495293198762,4.814398811477547,1.9529796230042629,0.034049703007559155,0.014606042671089281,-0.025000842434103228,-1.2367024028298346,1.07883999016067,0.2999999999999985,inf,green,False,unknown,0,-1.7116780360767445,0.056215403998066904,0.12247557199953008,0.04407348599852412,0.0,0.07400000000001228,0.0630000000000166,-0.0049999999999954525,15.399530999275157,0.5186529549583444
244.0,17847.466383751,FOLLOW,17.449483110279946,4.810063010812532,1.9542923438503894,0.014564409855488694,0.01463682725841939,-0.025245264558136138,-1.223189795586914,1.075729652242446,0.2999999999999988,inf,green,False,unknown,0,-1.7247771058864254,0.0278328029999102,0.12304066100114142,0.02984807500251918,0.0,0.057999999999992724,0.06299999999998818,-0.00899999999998613,21.877526996831875,0.5186529549583444
244.2,17847.710632647,FOLLOW,17.452459065935937,4.807220684367787,1.9551740877521167,0.014605355656591412,0.014646811026905786,-0.025304372071659264,-1.22003878988395,1.0747237443236892,0.2999999999999984,inf,green,False,unknown,0,-1.7276369596887564,0.16834029799792916,0.1039837919997808,0.0129552500002319,0.0,0.1869999999999834,0.06499999999999773,-0.01300000000000523,0.3736750004463829,0.5186529549583444
244.3,17847.819486286,FOLLOW,17.453452241893075,4.80627315126116,1.9554717105000246,0.0146057000301395,0.014646811026905786,-0.025304372071659264,-1.22003878988395,1.0747237443236892,0.2999999999999984,inf,green,False,unknown,0,-1.7276369596887564,0.277193936999538,0.10437047999948845,0.04497852599888574,0.0,0.28700000000000614,0.06400000000002137,0.019000000000005457,0.35955799830844626,0.5186529549583444
244.5,17848.110815244,FOLLOW,17.456928569021255,4.80296076587109,1.9565266585882592,0.014607429487915782,0.030461058702235297,-0.06701432914491766,-0.45662584125396993,0.30910207721752453,0.29999999999999977,inf,green,False,unknown,0,-2.2,0.02190671499920427,0.012882140999863623,0.0345883549998689,0.0,0.03899999999998727,-0.03700000000000614,-0.019000000000005457,17.12948000204051,0.5186529549583444
244.7,17848.360012885,FOLLOW,17.461827324098408,4.798305661048021,1.958052294715408,0.030292969738956035,0.030708080936181905,-0.0675577780596002,-0.4497181068939987,0.30339791160800683,0.29999999999999954,inf,green,False,unknown,0,-2.2,0.07031379000181914,0.0006246580014703795,0.016493025003001094,0.0,0.08799999999999386,-0.038000000000010914,-0.023000000000024556,15.54097699772683,0.5186529549583444
244.8,17848.460311111,FOLLOW,17.46388726337255,4.796353188627608,1.9587089497164494,0.03029350210373122,0.030708080936181905,-0.0675577780596002,-0.4497181068939987,0.30339791160800683,0.29999999999999954,inf,green,False,unknown,0,-2.2,0.17061201600154163,0.10092288400119287,0.037402281999675324,0.0,0.1880000000000166,0.06200000000001182,0.009000000000014552,1.2538449991552625,0.5186529549583444
244.9,17848.666942847,LANE_GRACE,17.469174846923014,4.791355298554209,1.960435023555943,0.03182037522546984,0.04,-0.08779584006891292,-0.025958018559177495,-0.335562209406226,0.019877253537299976,inf,green,False,unknown,0,-2.1948960017228227,0.01913989400054561,0.07079747000170755,0.04469549300119979,0.09272605400110479,-0.0010000000000047748,-0.03799999999998249,-0.06100000000000705,27.58512499713106,0.5186529549583444
245.1,17848.819944435,FOLLOW,17.47379521333808,4.787005037128937,1.961991564667792,0.039854081441949275,0.033285453907614296,-0.07227186372707765,-0.4006358524874068,0.2489321149097757,0.2999999999999999,inf,green,False,unknown,0,-2.1712746933742406,0.08035441699757939,0.08912598000097205,0.013324981999176089,0.0,0.1279999999999859,0.0619999999999834,0.002999999999985903,20.2721890018438,0.5186529549583444
245.2,17848.963860393,LANE_GRACE,17.47764294958436,4.78339475581581,1.9633223031626115,0.03319639599493099,0.04,-0.08685098773496963,0.11001309679222437,-0.5087796521592675,0.0,inf,green,False,unknown,0,-2.1712746933742406,0.10541255499992985,0.10492937399976654,0.03375507699820446,0.0,0.1490000000000009,0.06299999999998818,0.0009999999999763531,16.69794500048738,0.5186529549583444
245.3,17849.112511946,LANE_GRACE,17.482600696528635,4.778759713507138,1.9650816816581822,0.03985359658883995,0.04,-0.08685098773496963,-0.0025440834330141245,-0.014665182818974758,0.0,inf,green,False,unknown,0,-2.1712746933742406,0.03173666700240574,0.010615360999508994,0.01097030600067228,0.0,0.034000000000020236,-0.03499999999999659,-0.03499999999999659,16.849534997163573,0.5186529549583444
245.5,17849.316555395,LANE_GRACE,17.488020740388055,4.773714544489181,1.967062294026234,0.039851159493719375,0.04,-0.08685098773496963,-0.0025440834330141245,-0.014665182818974758,0.0,inf,green,False,unknown,0,-2.1712746933742406,0.23578011599965976,0.0849265299984836,0.045845986998756416,0.0,0.23400000000000887,0.06299999999998818,0.028999999999996362,0.35437300175544806,0.5186529549583444
245.7,17849.610350739,LANE_GRACE,17.497505246263195,4.764943524496562,1.970670885184521,0.03985246674531916,0.04,-0.08685098773496963,0.0,0.0,0.0,inf,green,False,unknown,0,-2.1712746933742406,0.22602154999913182,0.12235480600065785,0.030082380999374436,0.0,0.19899999999998386,0.06499999999999773,-0.009000000000014552,0.35973000194644555,0.5186529549583444
245.8,17849.717924839,LANE_GRACE,17.501569760760862,4.7612079240092235,1.9722725940740395,0.03984674172193447,0.04,-0.08685098773496963,0.0,0.0,0.0,inf,green,False,unknown,0,-2.1712746933742406,0.33359564999773283,0.10679982199872029,0.014217490999726579,0.0,0.2990000000000066,0.06200000000001182,-0.01099999999999568,0.5229570015217178,0.5186529549583444
245.9,17849.870200435,FOLLOW,17.50563416702979,4.757486734179731,1.9739072343646917,0.03984581231124263,0.017934301833345448,-0.03279174013983115,-0.39189407147411165,0.8043959224461626,0.2999999999999988,inf,green,False,unknown,0,-1.8284369497373523,0.03113334700174164,0.12066726900229696,0.0271465870027896,0.0,0.04599999999999227,0.060000000000002274,-0.01300000000000523,24.96443400013959,0.5186529549583444
246.0,17850.010589126,LANE_GRACE,17.50936120076015,4.754087298847386,1.9754351574536622,0.017887969579906342,0.04,-0.07313747798949409,0.03708781622351301,-0.40507070346979135,0.2688555911657643,inf,green,False,unknown,0,-1.8284369497373523,0.0005969379999442026,0.014859006998449331,0.006459629999881145,0.04753552900001523,0.0049999999999954525,-0.03899999999998727,-0.049000000000006594,16.88461700177868,0.5186529549583444
246.2,17850.275025722,LANE_GRACE,17.51512414703396,4.748853775547347,1.977847930186892,0.03991420287208716,0.04,-0.07313747798949409,0.03708781622351301,-0.40507070346979135,0.2688555911657643,inf,green,False,unknown,0,-1.8284369497373523,0.26503353400039487,0.017457457001000876,0.029464229999575764,0.0,0.20499999999998408,-0.03700000000000614,-0.019000000000005457,0.5595490001724102,0.5186529549583444
246.3,17850.360816556,FOLLOW,17.517838326213504,4.746397928805378,1.979003600519139,0.0399146111521873,0.10173116122620958,0.06321478412143751,0.05967535810917746,0.030129947341639797,0.6077447086282416,inf,green,False,unknown,0,0.6213905686269816,0.007523222000600072,0.10324829100136412,0.02058684200164862,0.0,0.05700000000001637,0.0630000000000166,0.01300000000000523,19.544181999663124,0.5186529549583444
246.5,17850.610155291,FOLLOW,17.53489368745834,4.731002883995292,1.9863436955888447,0.10202022575596661,0.10173116122620958,0.06321478412143751,0.05967535810917746,0.030129947341639797,0.6077447086282416,inf,green,False,unknown,0,0.6213905686269816,0.2568619570010924,0.08592965199932223,0.022613866000028793,0.0,0.257000000000005,0.06299999999998818,0.00899999999998613,0.35917900095228106,0.5186529549583444
246.5,17850.663955691,LANE_GRACE,17.538362213610394,4.727864856219675,1.987821347559689,0.10201654507893167,0.04,0.024855622745079266,-0.05948285384357407,0.12706812262000322,0.0,inf,green,False,unknown,0,0.6213905686269816,0.04809541600116063,0.016395319002185715,0.04686249600126757,0.053800400000909576,0.05699999999998795,-0.04099999999999682,-0.025000000000005684,15.99123499909183,0.5186529549583444
246.7,17850.865386873,LANE_GRACE,17.550404899785924,4.716945361358055,1.992899752691894,0.04001161424521332,0.04,0.024855622745079266,-0.20934017266078062,0.25876076108851054,0.0,inf,green,False,unknown,0,0.6213905686269816,0.16412095700070495,0.09191858900157968,0.01493915500032017,0.0,0.1769999999999925,0.060000000000002274,0.0049999999999954525,0.5152910016477108,0.5186529549583444
246.8,17851.019399285,LANE_GRACE,17.555846468609023,4.711998293738258,1.9951662848264986,0.040011567750490244,0.04,0.024855622745079266,-0.20934017266078062,0.25876076108851054,0.0,inf,green,False,unknown,0,0.6213905686269816,0.3181333690008614,0.12175131899857661,0.012746375999995507,0.0,0.27700000000001523,0.06200000000001182,-0.03099999999997749,0.33546100166859105,0.5186529549583444
247.0,17851.26670481,LANE_GRACE,17.56264844386046,4.705803950168026,1.9979764292743623,0.04001167289368354,0.04,0.024855622745079266,-0.20934017266078062,0.25876076108851054,0.0,inf,green,False,unknown,0,0.6213905686269816,0.5654388940019999,0.1236394810002821,0.045124738000595244,0.0,0.47700000000000387,0.060000000000002274,-0.0010000000000047748,0.44370899922796525,0.5186529549583444
247.2,17851.511990284,WAIT_SENSORS,17.570810838312553,4.698355464512163,2.001314783942257,0.04001180470038094,0.0,0.0,-0.20934017266078062,0.25876076108851054,0.0,inf,green,False,unknown,0,0.6213905686269816,0.8107243680024112,0.11835385000085807,0.030935466002119938,0.0,0.6769999999999925,0.060000000000002274,-0.005000000000023874,0.7002339989412576,0.5186529549583444
247.2,17851.56148556,FOLLOW,17.57217124002663,4.697112442397039,2.0018675848512424,0.040011827173586596,0.023865839818423315,0.007671452485812265,0.16414576084133103,-0.7195011103811216,0.37108103023476235,inf,green,False,unknown,0,0.3214407095739519,0.026833061001525493,0.026425159998325398,0.02578290599922184,0.04949527599819703,0.012999999999976808,-0.04100000000002524,-0.03900000000001569,19.71094599866774,0.5186529549583444
247.3,17851.61966575,FOLLOW,17.572429555303387,4.696876336682477,2.0019723745130173,2.1936210724980573e-06,0.023865839818423315,0.007671452485812265,0.16414576084133103,-0.7195011103811216,0.37108103023476235,inf,green,False,unknown,0,0.3214407095739519,0.08501325100223767,0.08460534999903757,0.018096929001330864,0.0,0.11299999999999955,0.0589999999999975,-0.0069999999999765805,0.3143680005450733,0.5186529549583444
247.3,17851.711362656,LANE_GRACE,17.574213127768743,4.695245088407481,2.0026935953077336,0.023861222385364166,0.04,0.012857628382958076,-0.12828814515342887,0.1917708523571482,0.028824731827898666,inf,green,False,unknown,0,0.3214407095739519,0.04064981999908923,0.07470964099775301,0.028446126998460386,0.09169690599810565,-0.016999999999995907,-0.04099999999999682,-0.07499999999998863,20.516000000498025,0.5186529549583444
247.5,17851.863087571,LANE_GRACE,17.57872683058186,4.691113991749364,2.0045122604472847,0.04000066181464315,0.04,0.012857628382958076,-0.3686545416534787,0.1837833289877562,0.0,inf,green,False,unknown,0,0.3214407095739519,0.036651892001827946,0.10191105199919548,0.010588835000817198,0.0,0.06399999999999295,0.05699999999998795,-0.01099999999999568,15.636174997780472,0.5186529549583444
247.7,17852.115009376,LANE_GRACE,17.58552681290102,4.684884393291207,2.0072384016718776,0.039999838822919645,0.04,0.012857628382958076,-0.3686545416534787,0.1837833289877562,0.0,inf,green,False,unknown,0,0.3214407095739519,0.2885736970019934,0.09439287100030924,0.0430081849990529,0.0,0.2639999999999816,0.055999999999983174,0.018999999999977035,0.35074599873041734,0.5186529549583444
247.8,17852.260196679,LANE_GRACE,17.59096678956825,4.679896571945876,2.009409801617036,0.039999818809403946,0.04,0.012857628382958076,-0.03308632631457567,-0.09814848908342944,0.2252013615298207,inf,green,False,unknown,0,0.3214407095739519,0.04185401900031138,0.11013706599987927,0.018898467998951674,0.0,0.0660000000000025,0.05500000000000682,-0.016999999999995907,18.11507700040238,0.5186529549583444
248.0,17852.513790173,LANE_GRACE,17.599126749605514,4.672407960175611,2.0126510369804995,0.039999790960385875,0.04,0.012857628382958076,-0.1940985567822237,-0.07199585710254827,0.0,inf,green,False,unknown,0,0.3214407095739519,0.018978760002937634,0.12084285600212752,0.017061579001165228,0.0,0.027999999999991587,0.05000000000001137,-0.020999999999986585,0.2797540000756271,0.5186529549583444
248.2,17852.763898815,LANE_GRACE,17.60728670473639,4.664911135520561,2.0158732183773798,0.039999772052008505,0.04,0.012857628382958076,-0.20480209248804976,-0.06326771324335788,0.0,inf,green,False,unknown,0,0.3214407095739519,0.05880205100038438,0.10749041500093881,0.011906077997991815,0.0,0.06299999999998818,0.04899999999997817,-0.025000000000005684,0.24199399922508746,0.5186529549583444
248.2,17852.822302257,FOLLOW,17.608646696945716,4.66366086958913,2.0164083948997846,0.039999770408413696,0.04925596066189694,-0.0434009264711551,-0.02507519278500514,-0.4253566386404497,0.5646351961792984,inf,green,False,unknown,0,-0.8811304436648388,0.11720549299934646,0.046796776998235146,0.04376868199688033,0.05840344199896208,0.06299999999998818,-0.049000000000006594,-0.0589999999999975,21.275281000271207,0.5186529549583444
248.3,17852.915942296,FOLLOW,17.611366681245595,4.661159658091753,2.0174771583464404,0.03999976885126385,0.04925596066189694,-0.0434009264711551,-0.02507519278500514,-0.4253566386404497,0.5646351961792984,inf,green,False,unknown,0,-0.8811304436648388,0.05335159999958705,0.012841980998928193,0.04437729799974477,0.0,0.040000000000020464,-0.055999999999983174,-0.026999999999986812,0.29760899997199886,0.5186529549583444
248.5,17853.11600119,LANE_GRACE,17.619827573216554,4.653387102134743,2.02081987930006,0.04789133929404259,0.04,-0.03774707829494267,0.042578029226224196,-0.43552744679037697,0.0,inf,green,False,unknown,0,-0.9436769573735668,0.11875407499974244,0.09059006399911596,0.047374677000334486,0.0,0.11400000000000432,0.049000000000006594,0.002999999999985903,22.672081999189686,0.5186529549583444
248.7,17853.362824537,LANE_GRACE,17.62852830468085,4.645421463460816,2.0243200103258348,0.03994800488655847,0.04,-0.03774707829494267,0.042578029226224196,-0.43552744679037697,0.0,inf,green,False,unknown,0,-0.9436769573735668,0.36557742199875065,0.09987405199717614,0.04378607399848988,0.0,0.31399999999999295,0.04800000000000182,-0.0010000000000047748,0.4420380028022919,0.5186529549583444
248.8,17853.460760139,LANE_GRACE,17.632603005376875,4.6417009467526045,2.0259816128733834,0.0399480936847045,0.04,-0.03774707829494267,-0.0433246391841704,0.02757193656936755,0.0,inf,green,False,unknown,0,-0.9436769573735668,0.08841499000118347,0.06467585800055531,0.002491635001206305,0.0,0.1150000000000091,0.047000000000025466,-0.002999999999985903,0.3116489970125258,0.5186529549583444
249.0,17853.720771977,LANE_GRACE,17.6407524370239,4.634279181314398,2.029347666340301,0.039948308000138745,0.04,-0.03774707829494267,-0.10882719959438493,-0.16555376667462,0.0,inf,green,False,unknown,0,-0.9436769573735668,0.022043507000489626,0.09134132799954386,0.021373330000642454,0.0,0.06499999999999773,0.04599999999999227,-0.007000000000005002,25.866849999147234,0.5186529549583444
249.2,17853.960857109,LANE_GRACE,17.64890191791488,4.626883473244238,2.0327707092341285,0.039948577352468234,0.04,-0.03774707829494267,-0.10882719959438493,-0.16555376667462,0.0,inf,green,False,unknown,0,-0.9436769573735668,0.2621286389985471,0.08469542699822341,0.006136504998721648,0.0,0.26499999999998636,0.04899999999997817,-0.011000000000024102,1.4265270001487806,0.5186529549583444
249.3,17854.120609657,LANE_GRACE,17.65161842450601,4.624424103529638,2.0339243580687447,0.03994868041772197,0.04,-0.03774707829494267,-0.10882719959438493,-0.16555376667462,0.0,inf,green,False,unknown,0,-0.9436769573735668,0.4218811869977799,0.11108165399855352,0.059311983997758944,0.0,0.3650000000000091,0.047000000000025466,0.021000000000015007,0.33727600020938553,0.5186529549583444
249.5,17854.360074222,LANE_GRACE,17.661126257699916,4.615839726626498,2.038011749705546,0.03994909523370451,0.04,-0.03774707829494267,-0.12134532823580603,-0.13428133611272738,0.0,inf,green,False,unknown,0,-0.9436769573735668,0.22931991000223206,0.06721893500071019,0.0002600190018711146,0.0,0.2259999999999991,0.049000000000006594,-0.016999999999995907,0.255470000411151,0.5186529549583444
249.6,17854.523439,FOLLOW,17.66520107546169,4.612171980033944,2.0397870684100825,0.03994929814368261,0.02492645781323564,-0.00915466030671058,0.1269885174932347,-0.8312638024665798,0.4262645170714903,inf,green,False,unknown,0,-0.36726679640175625,0.024250168000435224,0.10726395199890248,0.030286663000879344,0.0,0.0519999999999925,0.044999999999987494,-0.019000000000005457,31.26298699862673,0.5186529549583444
249.8,17854.770517573,FOLLOW,17.671840458226768,4.606207393450197,2.042703416081027,0.024903650531426007,0.025369475464123322,-0.010422916923259135,0.117321184245264,-0.8153971250331469,0.4282498269818673,inf,green,False,unknown,0,-0.41084479409118574,0.08506512500025565,0.09034381200035568,0.013827729999320582,0.0,0.09800000000001319,0.045000000000015916,-0.022999999999996135,0.8439509983872995,0.5186529549583444
250.0,17855.011851406,FOLLOW,17.67616616402158,4.602325166067986,2.044611303923856,0.02561036873473085,0.02563499327085539,-0.011143225054106882,0.11176322369447084,-0.8056584770995352,0.42926454093606026,inf,green,False,unknown,0,-0.43468804287831414,0.23103245600213995,0.06899560900274082,0.02222942200023681,0.0,0.22700000000000387,0.044999999999987494,0.007000000000005002,0.32450599974254146,0.5186529549583444
250.2,17855.269277351,FOLLOW,17.681390692327987,4.597641121851636,2.0469254806437496,0.02561049812711596,0.02563499327085539,-0.011143225054106882,0.11176322369447084,-0.8056584770995352,0.42926454093606026,inf,green,False,unknown,0,-0.43468804287831414,0.48845840099966154,0.10364607099836576,0.03736506799759809,0.0,0.4269999999999925,0.046999999999997044,0.002999999999985903,0.31008999940240756,0.5186529549583444
250.3,17855.422673467,FOLLOW,17.684873726098996,4.594521401599791,2.048474308436507,0.02561058647505404,0.02563499327085539,-0.011143225054106882,0.11176322369447084,-0.8056584770995352,0.42926454093606026,inf,green,False,unknown,0,-0.43468804287831414,0.6418545170017751,0.10851470000125119,0.014009324000653578,0.0,0.5270000000000152,0.045000000000015916,-0.03299999999998704,0.32602499777567573,0.5186529549583444
250.5,17855.666359072,FOLLOW,17.689670949533546,4.590228607251604,2.050615630314704,0.03227789106847168,0.032307990545475035,-0.01722827783263174,0.10544245310724204,-0.8183760916274937,0.5467122673490818,inf,green,False,unknown,0,-0.5332512960959959,0.21513976200003526,0.10521716300354456,0.044452807000197936,0.0,0.18700000000001182,0.04800000000000182,-0.002999999999985903,0.30147699726512656,0.5186529549583444
250.7,17855.916598844,FOLLOW,17.69625565820566,4.584345132930589,2.05357249925544,0.032278078971421195,0.032307990545475035,-0.01722827783263174,0.10544245310724204,-0.8183760916274937,0.5467122673490818,inf,green,False,unknown,0,-0.5332512960959959,0.46537953399820253,0.1004760729992995,0.030292588999145664,0.0,0.38700000000000045,0.044999999999987494,-0.007000000000005002,0.7213639983092435,0.5186529549583444
250.8,17856.024589029,FOLLOW,17.699548026977826,4.581407328786928,2.0550587685497885,0.03227817090938166,0.03940813116405755,-0.024483522784682504,0.09640413231756534,-0.8194768833229104,0.6674625690211856,inf,green,False,unknown,0,-0.6212809910410789,0.0406025629999931,0.08861573399917688,0.028096701000322355,0.0,0.07099999999999795,0.047000000000025466,-0.00899999999998613,29.395534002105705,0.5186529549583444
251.0,17856.273365749,FOLLOW,17.707086859915265,4.574690903325326,2.0584827332863584,0.03937165717667207,0.03940813116405755,-0.024483522784682504,0.09640413231756534,-0.8194768833229104,0.6674625690211856,inf,green,False,unknown,0,-0.6212809910410789,0.2893792830000166,0.10799510499782627,0.02953663699736353,0.0,0.2709999999999866,0.046999999999997044,-0.01300000000000523,0.4204050019325223,0.5186529549583444
251.2,17856.523280662,FOLLOW,17.715118702731267,4.56755297719394,2.06216517513971,0.03937189608316045,0.03940813116405755,-0.024483522784682504,0.09640413231756534,-0.8194768833229104,0.6674625690211856,inf,green,False,unknown,0,-0.6212809910410789,0.5392941960017197,0.10650042099950952,0.01506370499919285,0.0,0.4709999999999752,0.04399999999998272,-0.01700000000002433,0.3709249976964202,0.5186529549583444
251.3,17856.614749257,FOLLOW,17.717795994127634,4.565177775979217,2.0634006131825022,0.03937196919641518,0.03940813116405755,-0.024483522784682504,0.09640413231756534,-0.8194768833229104,0.6674625690211856,inf,green,False,unknown,0,-0.6212809910410789,0.6307627910027804,0.059371250001277076,0.029297526001755614,0.0,0.570999999999998,0.040000000000020464,0.01500000000001478,0.3764139983104542,0.5186529549583444
251.5,17856.864828824,FOLLOW,17.72552980230196,4.558328972091926,2.0669930383670194,0.03640510584287601,0.036447068945064776,-0.030983691940458767,0.09134152477072449,-0.8782847721356168,0.6470796280757395,inf,green,False,unknown,0,-0.850101059900297,0.24294207799903234,0.06766245000108029,0.029759507000562735,0.0,0.25499999999999545,0.044999999999987494,0.01099999999999568,0.4845869989367202,0.5186529549583444
251.7,17857.112872758,FOLLOW,17.734092555761162,4.5507716751309735,2.0710189265046486,0.0515824228876324,0.049908936983023074,-0.03996901329763482,0.06074340160495856,-0.7672334311509796,0.8091024966637785,inf,green,False,unknown,0,-0.8008388019009621,0.0276874740011408,0.07378619299925049,0.027221906999329804,0.0,0.06999999999999318,0.042999999999977945,0.0069999999999765805,29.415622000669828,0.5186529549583444
251.8,17857.265152438,FOLLOW,17.740993209864133,4.544700537753493,2.074299201947818,0.04985922919076192,0.049908936983023074,-0.03996901329763482,0.06074340160495856,-0.7672334311509796,0.8091024966637785,inf,green,False,unknown,0,-0.8008388019009621,0.17996715400295216,0.08996948900312418,0.010833141001057811,0.0,0.17000000000001592,0.04100000000002524,-0.028999999999996362,1.4797889998590108,0.5186529549583444
252.0,17857.514826543,FOLLOW,17.749469308647424,4.537268234546894,2.078374107409356,0.049859586993834026,0.053866061992404346,-0.04557795476357098,0.05442490518530474,-0.7630777017634794,0.8701446609052049,inf,green,False,unknown,0,-0.8461348960315297,0.141889121998247,0.1053865659996518,0.028598875000170665,0.0,0.1529999999999916,0.043000000000006366,0.0010000000000047748,0.43449299846543,0.5186529549583444
252.2,17857.762510273,FOLLOW,17.760633823261557,4.527522664643931,2.083821063446175,0.0557317231042367,0.05581071524385439,-0.04894146018124035,0.04390668266740927,-0.7381293459250664,0.8822196227235852,inf,green,False,unknown,0,-0.8769187057969042,0.030636337000032654,0.06446469200091087,0.028322722002485534,0.0,0.06399999999999295,0.044999999999987494,-0.0030000000000143245,0.31001899697002955,0.5186529549583444
252.3,17857.918175357,FOLLOW,17.766320703316545,4.522578932669458,2.086631767880028,0.055754174384257595,0.057917606499670676,-0.05232748675622675,0.03396799919535237,-0.7124692730840724,0.8948827444646943,inf,green,False,unknown,0,-0.9034815131133619,0.00905222100118408,0.1081896220021008,0.04554991199984215,0.0,0.03200000000001069,0.043000000000006366,-0.0049999999999954525,25.498020000668475,0.5186529549583444
252.5,17858.167547797,FOLLOW,17.777989152111,4.512480110673627,2.0924768749700293,0.05785881984146214,0.05842595607080862,-0.053381263056809125,0.030691967320597646,-0.7044134054780276,0.8962001265621026,inf,green,False,unknown,0,-0.9136566458940674,0.17157867099740542,0.07495016099710483,0.02957100899948273,0.0,0.16499999999999204,0.04099999999999682,-0.00899999999998613,0.8410810005443636,0.5186529549583444
252.7,17858.414039403,FOLLOW,17.78793710729484,4.503919629462425,2.0975443511230294,0.058764205423401474,0.060760434387790316,-0.05699813557739619,0.01921622709210144,-0.6700617903334971,0.9030197111449985,inf,green,False,unknown,0,-0.9380797907667666,0.07765571900017676,0.08076123600039864,0.02738816100099939,0.0,0.09499999999999886,0.042999999999977945,0.020999999999986585,0.2652609982760623,0.5186529549583444
252.8,17858.522751194,FOLLOW,17.794059614982906,4.498674354617097,2.1007022145293073,0.06069869789892172,0.060760434387790316,-0.05699813557739619,0.01921622709210144,-0.6700617903334971,0.9030197111449985,inf,green,False,unknown,0,-0.9380797907667666,0.18636750999939977,0.06003792199771851,0.02858625199951348,0.0,0.1950000000000216,0.03900000000001569,0.019000000000005457,0.3185700006724801,0.5186529549583444
253.0,17858.760386434,FOLLOW,17.806442235466612,4.488121720918847,2.1071806046613286,0.06069954740130763,0.060760434387790316,-0.05699813557739619,0.01921622709210144,-0.6700617903334971,0.9030197111449985,inf,green,False,unknown,0,-0.9380797907667666,0.42400275000181864,0.051706002002902096,0.021705061000830028,0.0,0.39500000000001023,0.04200000000000159,0.014999999999986358,0.26086899742949754,0.5186529549583444
253.2,17859.063531876,FOLLOW,17.820888836893552,4.475906172557553,2.114893032701979,0.06070047120578121,0.060760434387790316,-0.05699813557739619,0.01921622709210144,-0.6700617903334971,0.9030197111449985,inf,green,False,unknown,0,-0.9380797907667666,0.7271481919997314,0.10449081199840293,0.024343929999304237,0.0,0.5949999999999989,0.04099999999999682,-0.023000000000024556,0.2930170012405142,0.5186529549583444
253.3,17859.17119906,FOLLOW,17.82501647722205,4.472435274898783,2.117126923518201,0.06070073017400054,0.05953708642641207,-0.061560332315451785,0.0013801518352609121,-0.6432819394113077,0.8626939860256366,inf,green,False,unknown,0,-1.0339829509719198,0.10011987899997621,0.09817573300097138,0.03238290599983884,0.0,0.11600000000001387,0.04200000000000159,0.009000000000014552,0.6206929974723607,0.5186529549583444
253.5,17859.418800131,FOLLOW,17.837197126292075,4.462246087657384,2.123801262061633,0.05953840496133269,0.06009847079945463,-0.06247014905945199,-0.0033394833112205535,-0.6257542019062208,0.8561980409816513,inf,green,False,unknown,0,-1.0394632047778973,0.1157947530009551,0.07642082899837987,0.049675595000735484,0.0,0.12299999999999045,0.03899999999998727,0.0049999999999954525,34.52025899969158,0.5186529549583444
253.7,17859.660951312,FOLLOW,17.849727271876876,4.451852100295384,2.130798952680221,0.06984178589199351,0.07824237369972854,-0.041048701277032223,-0.008662355618680381,-0.292792662617538,0.7528575334021023,inf,green,False,unknown,0,-0.5246351731935587,0.06349544499971671,0.06528332899688394,0.017612341998756165,0.0,0.10099999999999909,0.03699999999997772,0.0009999999999763531,0.2524150004319381,0.5186529549583444
253.8,17859.820730634,FOLLOW,17.857118708750836,4.445749628891978,2.1349694559758543,0.06059984990369411,0.07886741505256338,-0.04361437367223098,-0.01132614741186884,-0.29488319430803156,0.7611616847019802,inf,green,False,unknown,0,-0.5530087887775067,0.06727504000082263,0.08340696099912748,0.04146706599931349,0.0,0.07800000000000296,0.03500000000002501,-0.0009999999999763531,26.6787939981441,0.5186529549583444
254.0,17860.06640535,FOLLOW,17.87192740253376,4.433595967825355,2.1434302057888357,0.07882143670114783,0.07916978075184121,-0.046577061710172396,-0.014445448316359397,-0.2988033449491378,0.7683903834482848,inf,green,False,unknown,0,-0.5883186901346721,0.08006074800141505,0.09042392799892696,0.017333656000118935,0.0,0.08299999999999841,0.033999999999991815,-0.0049999999999954525,0.3863140009343624,0.5186529549583444
254.2,17860.312268248,FOLLOW,17.888057604180702,4.420441493082741,2.152765157256654,0.07912223130618508,0.06244527409697694,-0.061902168102871816,-0.018098156734664278,-0.5297300388431802,0.806350654329936,inf,green,False,unknown,0,-0.9913026886027966,0.07670978699752595,0.0881480489988462,0.019638404999568593,0.0,0.08299999999999841,0.03699999999997772,-0.009000000000014552,0.26270300077158026,0.5186529549583444
254.3,17860.410868589,FOLLOW,17.8928904215785,4.416517964204582,2.155586863652542,0.0622711372408262,0.062212639576683715,-0.062053184099915615,-0.01882668608329341,-0.5297534876712648,0.80336692532857,inf,green,False,unknown,0,-0.9974369279642675,0.07800547599981655,0.06063831599749392,0.04422694599998067,0.0,0.1220000000000141,0.03500000000002501,0.023000000000024556,22.551039000973105,0.5186529549583444
254.5,17860.660383072,FOLLOW,17.90558585969225,4.406273014218777,2.1630844014226063,0.0621544537946307,0.08757158250208065,-0.0421473896423632,-0.029435548973058966,-0.13176804886122837,0.64677457726141,inf,green,False,unknown,0,-0.48129071598496925,0.14378164400113747,0.061897794003016315,0.029695845001697307,0.0,0.18199999999998795,0.03499999999999659,0.019000000000005457,0.538545999006601,0.5186529549583444
254.7,17860.914154951,FOLLOW,17.920880729531227,4.394021127364879,2.1722399011615536,0.04512123388917462,0.04670957814480693,-0.02928323693002868,0.06539749459436045,-0.7148105125710214,0.7232267882442833,inf,green,False,unknown,0,-0.6269214600749787,0.12168388799909735,0.06837976899987552,0.020372282997414004,0.0,0.14799999999999613,0.031999999999982265,0.014999999999986358,0.4956360025971662,0.5186529549583444
254.8,17861.060555391,FOLLOW,17.927177740201234,4.38900033099588,2.1760404142191043,0.046678151258237266,0.06060586454354251,-0.03987093784852308,0.04391706882699789,-0.6415945761599621,0.8767602748894338,inf,green,False,unknown,0,-0.6578726027392556,0.09418504700079211,0.09773145099825342,0.026743717997305794,0.0,0.10600000000002296,0.034000000000020236,-0.020999999999986585,0.375960000383202,0.5186529549583444
255.0,17861.310827301,FOLLOW,17.937398833204558,4.3808835002764175,2.1822522921215506,0.06056684145264106,0.061585337949408736,-0.041116301284037704,0.036602190910386884,-0.6142884176982215,0.867573541418278,inf,green,False,unknown,0,-0.6676313332536068,0.07732498699988355,0.08366947100148536,0.06201854599930812,0.0,0.09100000000000819,0.03100000000000591,0.00899999999998613,0.3084249983658083,0.5186529549583444
255.2,17861.511241822,FOLLOW,17.949921264040427,4.3709964299037445,2.189937097917126,0.06157537312196485,0.04105748895087583,-0.038804815523585896,0.05364109300938802,-0.798897738760513,0.6836629258665247,inf,green,False,unknown,0,-0.9451336775615967,0.08884344900070573,0.04389953000281821,0.01010392000171123,0.0,0.14599999999998658,0.03299999999998704,0.0049999999999954525,16.718271999707213,0.5186529549583444
255.3,17861.666445912,FOLLOW,17.954752572292435,4.367199492890508,2.192924535149998,0.04102068404288487,0.0277149745242976,-0.03355548184461824,0.1250864420534762,-1.0449065150113919,0.5561881562990605,inf,green,False,unknown,0,-1.2107347172626945,0.06884097199872485,0.07496564599932753,0.017009401999530382,0.0,0.09700000000000841,0.030000000000001137,0.0030000000000143245,0.43490900134202093,0.5186529549583444
255.5,17861.911705483,FOLLOW,17.960790184752938,4.3624749789300585,2.1966837350092483,0.0276826610762183,0.042727304632869216,-0.0412505986357862,0.047010390888565956,-0.7849583113170719,0.7031954825679836,inf,green,False,unknown,0,-0.9654388216207063,0.12124993899851688,0.0710092649969738,0.03809845799696632,0.0,0.13900000000001,0.027999999999991587,-0.0010000000000047748,0.4293849997338839,0.5186529549583444
255.7,17862.161224549,FOLLOW,17.96939118748945,4.355786313944687,2.2020910077785083,0.04268994764717109,0.042727304632869216,-0.0412505986357862,0.047010390888565956,-0.7849583113170719,0.7031954825679836,inf,green,False,unknown,0,-0.9654388216207063,0.37076900499960175,0.07379164499798208,0.042426980999152875,0.0,0.33899999999999864,0.028999999999996362,-0.005000000000023874,0.24354199922527187,0.5186529549583444
255.8,17862.270609618,FOLLOW,17.973745583254424,4.3524171695294225,2.204849558813681,0.04269036413254673,0.042727304632869216,-0.0412505986357862,0.047010390888565956,-0.7849583113170719,0.7031954825679836,inf,green,False,unknown,0,-0.9654388216207063,0.48015407400089316,0.0750360769998224,0.03699351000250317,0.0,0.4390000000000214,0.029000000000024784,-0.0069999999999765805,0.2815349980664905,0.5186529549583444
256.0,17862.519884583,FOLLOW,17.982047913706968,4.346024467412893,2.2101468940538473,0.03864193836697269,0.0386692878303287,-0.029401288777338545,0.049311537835835806,-0.7090817561215844,0.5956583563171106,inf,green,False,unknown,0,-0.7603266164700047,0.21584273899861728,0.07590740699743037,0.02810767199844122,0.0,0.20599999999998886,0.028999999999996362,-0.011000000000024102,0.32110400206875056,0.5186529549583444
256.1,17862.660629822,FOLLOW,17.987303242591857,4.341995958143561,2.2135217363724378,0.03864230896783263,0.0386692878303287,-0.029401288777338545,0.049311537835835806,-0.7090817561215844,0.5956583563171106,inf,green,False,unknown,0,-0.7603266164700047,0.3565879779998795,0.09189784499903908,0.0004994449991500005,0.0,0.3060000000000116,0.028999999999996362,-0.04699999999996862,0.2251010009786114,0.5186529549583444
256.3,17862.919980599,FOLLOW,17.99387247361005,4.336979176207715,2.217762798747564,0.03864275990874182,0.0386692878303287,-0.029401288777338545,0.049311537835835806,-0.7090817561215844,0.5956583563171106,inf,green,False,unknown,0,-0.7603266164700047,0.6159387549996609,0.08773548200042569,0.03587631899790722,0.0,0.5060000000000002,0.03000000000002956,-0.016999999999995907,0.5954699990979861,0.5186529549583444
256.5,17863.166761401,FOLLOW,18.001256145840266,4.331365745298191,2.222559450194842,0.023240371837890347,0.021610838760456247,-0.022085854917619108,0.06489230224260262,-0.8607775985059725,0.37842307491816407,inf,green,False,unknown,0,-1.0219804590848205,0.12089967399879242,0.0887453680006729,0.013832968001224799,0.0,0.1209999999999809,0.026999999999986812,-0.021000000000015007,0.22881200129631907,0.5186529549583444
256.6,17863.275670034,FOLLOW,18.00272688876451,4.3302514269302925,2.223519335095597,0.021590371344373162,0.021610838760456247,-0.022085854917619108,0.06489230224260262,-0.8607775985059725,0.37842307491816407,inf,green,False,unknown,0,-1.0219804590848205,0.2298083069981658,0.06412244199964334,0.02859838600124931,0.0,0.22100000000000364,0.02800000000002001,0.011000000000024102,0.24364300043089315,0.5186529549583444
256.8,17863.513184294,FOLLOW,18.01002931969827,4.324737351535473,2.2283068538630464,0.04999028184813684,0.04477443680517176,-0.01926287008150085,0.046019799057344435,-0.5403979122881326,0.584802595770284,inf,green,False,unknown,0,-0.4302202653116533,0.0728415009980381,0.0282353949987737,0.02762428799906047,0.0,0.10900000000003729,0.028999999999996362,0.007000000000005002,0.3010159998666495,0.5186529549583444
257.0,17863.768631335,FOLLOW,18.01916805422145,4.317863604383477,2.2343291429616503,0.04475679986812326,0.04477443680517176,-0.01926287008150085,0.046019799057344435,-0.5403979122881326,0.584802595770284,inf,green,False,unknown,0,-0.4302202653116533,0.32828854199760826,0.045127833996957634,0.020445537000341574,0.0,0.3090000000000259,0.02800000000002001,0.002999999999985903,0.3517620025377255,0.5186529549583444
257.1,17863.921676444,FOLLOW,18.02373325393352,4.314438667345127,2.2373475612311355,0.04475691871774454,0.08546528096227207,-0.07191849298689375,-0.09939767716685605,0.07254791933883421,0.5609227874226465,inf,green,False,unknown,0,-0.8414936706127668,0.07581877999837161,0.07735523600058514,0.02477692599859438,0.0,0.09500000000002728,0.028999999999996362,0.0010000000000331966,0.4368940026324708,0.5186529549583444
257.3,17864.169240992,FOLLOW,18.0410375542812,4.301539876187275,2.248882520564609,0.08449447063462673,0.10308168435132671,-0.07899221262506011,-0.07380428285109204,-0.041570320850615954,0.6321918393449619,inf,green,False,unknown,0,-0.7663069644441974,0.07090804999825195,0.05982726799993543,0.02617090399871813,0.0,0.09100000000000819,0.026999999999986812,-0.002999999999985903,16.306960002111737,0.5186529549583444
257.5,17864.41799043,FOLLOW,18.060786229328397,4.287003488901082,2.262250295477951,0.1030224887041937,0.10308168435132671,-0.07899221262506011,-0.07380428285109204,-0.041570320850615954,0.6321918393449619,inf,green,False,unknown,0,-0.7663069644441974,0.3196574879984837,0.060188945000845706,0.027702716000931105,0.0,0.2909999999999968,0.026999999999986812,-0.007000000000005002,0.4701210018538404,0.5186529549583444
257.6,17864.569372259,FOLLOW,18.07129455322368,4.279348884209084,2.269449696737956,0.10302313375572829,0.10308168435132671,-0.07899221262506011,-0.07380428285109204,-0.041570320850615954,0.6321918393449619,inf,green,False,unknown,0,-0.7663069644441974,0.4710393169989402,0.09547616800045944,0.051972311001009075,0.0,0.39100000000001955,0.02800000000002001,-0.008999999999957708,0.27635500009637326,0.5186529549583444
257.8,17864.820595994,FOLLOW,18.09231140281571,4.264212789816937,2.284030421600973,0.10302448217540479,0.10308168435132671,-0.07899221262506011,-0.07380428285109204,-0.041570320850615954,0.6321918393449619,inf,green,False,unknown,0,-0.7663069644441974,0.7222630519972881,0.07418730199788115,0.025070062998565845,0.0,0.5910000000000082,0.021000000000015007,-0.012999999999976808,0.2758210030151531,0.5186529549583444
257.9,17864.912789784,WAIT_SENSORS,18.09931448989711,4.259221029104658,2.288942189896914,0.10286443546133207,0.0,0.0,-0.07380428285109204,-0.041570320850615954,0.6321918393449619,inf,green,False,unknown,0,-0.7663069644441974,0.8144568419993448,0.04462259399952018,0.030604489002143964,0.0,0.6909999999999741,0.026999999999986812,0.019000000000005457,1.5534710000792984,0.5186529549583444
258.0,17865.068653433,WAIT_SENSORS,18.110024630331942,4.251638070319317,2.296505599602769,0.03580146312983015,0.0,0.0,-0.07380428285109204,-0.041570320850615954,0.6321918393449619,inf,green,False,unknown,0,-0.7663069644441974,0.9703204910001659,0.07735519300331362,0.02984715400089044,0.0,0.7909999999999968,0.02199999999999136,-0.016999999999995907,0.7068639970384538,0.5186529549583444
258.1,17865.161022557,WAIT_SENSORS,18.110264961539812,4.251468921961393,2.296676327227625,6.395109822764181e-05,0.0,0.0,-0.07380428285109204,-0.041570320850615954,0.6321918393449619,inf,green,False,unknown,0,-0.7663069644441974,1.062689614998817,0.05956543000138481,0.04341472400119528,0.0,0.8910000000000196,0.02600000000001046,0.015000000000043201,0.508648001414258,0.5186529549583444
258.2,17865.31612769,FOLLOW,18.11026530596663,4.251468679743468,2.2966765720955733,1.3288820168271892e-06,0.16280673374715396,-0.08125718266194987,-0.04934030513392655,-0.012317097170117954,0.9323333313663169,inf,green,False,unknown,0,-0.49910209972116915,0.017647710999881383,0.09124833600071725,0.028389732997311512,0.04590824099796009,0.05299999999999727,0.027999999999963165,-0.021000000000015007,29.057065999950282,0.5186529549583444
258.3,17865.423650282,FOLLOW,18.110265396334047,4.251468616192389,2.296676636341431,1.3290018104237305e-06,0.16280673374715396,-0.08125718266194987,-0.04934030513392655,-0.012317097170117954,0.9323333313663169,inf,green,False,unknown,0,-0.49910209972116915,0.1251703029993223,0.05712509299701196,0.043759298998338636,0.0,0.15300000000002,0.02600000000001046,0.011000000000024102,0.41590800174162723,0.5186529549583444
258.5,17865.671973132,FOLLOW,18.132468788824426,4.23586673349123,2.3124744519233036,0.16275028592888277,0.16393994143084678,-0.08261846834946411,-0.05005289484755937,-0.01097357948575047,0.9357636743127693,inf,green,False,unknown,0,-0.5039557024870249,0.108796214000904,0.061820671002351446,0.026179615000728518,0.0,0.1349999999999909,0.026999999999986812,0.007000000000005002,0.4275289975339547,0.5186529549583444
258.6,17865.81225296,FOLLOW,18.149182954563138,4.224215147392447,2.3244578758070116,0.1638829275170956,0.15939068724368063,-0.07487199041407298,-0.0434364705663292,-0.031110506953661913,0.9543749997404963,inf,green,False,unknown,0,-0.4697388016127111,0.07837460299924714,0.06097071499971207,0.027481246001116233,0.0,0.10099999999999909,0.027000000000043656,0.0049999999999954525,0.45590599984279834,0.5186529549583444
258.8,17866.07482177,FOLLOW,18.18185011510092,4.201722919143772,2.348148022524665,0.15934094325300108,0.1679480153356104,-0.06940159553550229,-0.04178043083128419,-0.002849714810850062,0.9396918066805406,inf,green,False,unknown,0,-0.4132326029385768,0.16265850799754844,0.07340618999660364,0.044875012998090824,0.0,0.16100000000000136,0.020000000000038654,0.0010000000000331966,0.43234800250502303,0.5186529549583444
259.0,17866.321809877,FOLLOW,18.21608763625328,4.178512864650923,2.373317107750914,0.16790434031570564,0.12060572813218101,-0.0459781429609281,-0.020210885858779965,-0.12387306882171642,0.8775290682511567,inf,green,False,unknown,0,-0.38122685939541073,0.02639244400052121,0.07603123100125231,0.02953246300239698,0.0,0.057999999999992724,0.026999999999986812,-0.002999999999985903,33.18403799858061,0.5186529549583444
259.1,17866.413529091,FOLLOW,18.22750514805846,4.170850864246988,2.381781926163165,0.16790487029427623,0.12060572813218101,-0.0459781429609281,-0.020210885858779965,-0.12387306882171642,0.8775290682511567,inf,green,False,unknown,0,-0.38122685939541073,0.009759823002241319,0.04476303900082712,0.04521917100282735,0.0,0.08700000000004593,0.02600000000001046,0.028999999999996362,0.2584389985713642,0.5186529549583444
259.3,17866.710819682,FOLLOW,18.256657465081318,4.151467163314874,2.403556260644573,0.11112090281065078,0.11717913635023228,-0.03885479837260729,-0.013783127341022973,-0.13241263759075148,0.8664951813171315,inf,green,False,unknown,0,-0.33158461124406696,0.03760133499963558,0.07711724100227002,0.032083490001241444,0.0,0.040000000000020464,0.026999999999986812,-0.009000000000014552,17.3396270001831,0.5186529549583444
259.5,17866.968485829,FOLLOW,18.28017963095094,4.136007175561891,2.421284155313983,0.12117892928224658,0.09164566964425096,-0.04309743094430782,-0.0068424373993650756,-0.2687807068178284,0.851261885020491,inf,green,False,unknown,0,-0.4702615094810579,0.022092612998676486,0.08495203999700607,0.029786926999804564,0.0,0.04899999999997817,0.02600000000001046,-0.012999999999976808,17.947102001926396,0.5186529549583444
259.6,17867.110979561,FOLLOW,18.291265191351496,4.128766400303651,2.429678240061124,0.08175036186549899,0.11283293722900302,-0.030088345818812305,-0.011060896970860701,-0.1065061934951281,0.7937580768991257,inf,green,False,unknown,0,-0.26666278976453234,0.07245156399949337,0.07940312199934851,0.033194753999850946,0.0,0.06900000000001683,0.02400000000000091,-0.014999999999986358,18.59007900202414,0.5186529549583444
259.8,17867.313738447,FOLLOW,18.308939248069755,4.117310679563245,2.4431369884689618,0.11281845091685934,0.08894536938826572,0.018928340384169403,-0.01784824228305258,0.25714325436024393,0.8118034652788744,inf,green,False,unknown,0,0.2128086095358502,0.10012423199805198,0.023585025999636855,0.022846158000902506,0.0,0.1290000000000191,0.026999999999986812,0.014999999999986358,0.31911599944578484,0.5186529549583444
260.0,17867.611940411,FOLLOW,18.33096065389562,4.103070275405589,2.459934386972964,0.08896528297580282,0.08792703308215155,0.028539069238819725,-0.008986901124705848,0.2731784663078142,0.8220914621838782,inf,green,False,unknown,0,0.3245767341217489,0.12403552599789691,0.047472926999034826,0.030188446999090957,0.0,0.1139999999999759,0.023000000000024556,-0.023000000000024556,0.31674999991082586,0.5186529549583444
260.1,17867.721743749,FOLLOW,18.336943080689565,4.099187327573604,2.4644854459667127,0.08795358931800386,0.08792703308215155,0.028539069238819725,-0.008986901124705848,0.2731784663078142,0.8220914621838782,inf,green,False,unknown,0,0.3245767341217489,0.23383886399824405,0.06868144799955189,0.04521458900126163,0.0,0.21399999999999864,0.02600000000001046,0.009000000000014552,0.3955729989684187,0.5186529549583444
260.3,17867.969835126,FOLLOW,18.351228244654582,4.089880227745639,2.4753225806661967,0.049756609066117286,0.09282588663070719,-0.028781663468850013,-0.011900499488768649,-0.1302415350854651,0.6836130642046602,inf,green,False,unknown,0,-0.31006074397493466,0.13900931000171113,0.06668600900229649,0.02354134300185251,0.0,0.1519999999999868,0.025000000000034106,0.0049999999999954525,0.2804729992931243,0.5186529549583444
260.5,17868.217129767,FOLLOW,18.365720836566908,4.08041807111729,2.4862999504514987,0.04326095115785315,0.061097928366852114,0.020524354579617304,-0.052637699606519595,0.5248188138800376,0.7847849117049956,inf,green,False,unknown,0,0.3359255400016562,0.13642416299990145,0.06070410800020909,0.02463706499838736,0.0,0.15699999999998226,0.026999999999986812,0.0009999999999763531,0.3025090009032283,0.5186529549583444
260.6,17868.362196537,FOLLOW,18.37131777338607,4.076767148890642,2.490542174156533,0.061118523503243746,0.06072820262274694,0.02279358473365696,-0.055163912560126704,0.5571205734202722,0.8072807238481394,inf,green,False,unknown,0,0.37533771376792197,0.12895486100023845,0.08199177099959343,0.030798637999396306,0.0,0.13700000000000045,0.025000000000034106,-0.0009999999999763531,0.3603730001486838,0.5186529549583444
260.8,17868.621799836,FOLLOW,18.383691534473176,4.068665835094117,2.499895163041712,0.06026198740586248,0.06023873439378688,0.024375983335999496,-0.05539146728523228,0.5726559372179885,0.8137717035918647,inf,green,False,unknown,0,0.4046562993281226,0.2143695500017202,0.07605322000017622,0.05681901400021161,0.0,0.18400000000002592,0.02600000000001046,-0.0049999999999954525,0.8356830003322102,0.5186529549583444
261.0,17868.868101488,FOLLOW,18.39590402844099,4.060624625416844,2.509086661428046,0.05904234478993396,0.05844225967821189,0.027259680555088997,-0.05443187260398796,0.5980452717163616,0.8101114019480438,inf,green,False,unknown,0,0.4664378260728306,0.07405632500012871,0.08515273199736839,0.03613015599694336,0.0,0.09600000000000364,0.024999999999977263,-0.009000000000014552,31.725955002912087,0.5186529549583444
261.1,17868.961254231,FOLLOW,18.399918906281375,4.057970439694837,2.5120990589722414,0.059042301482141894,0.05844225967821189,0.027259680555088997,-0.05443187260398796,0.5980452717163616,0.8101114019480438,inf,green,False,unknown,0,0.4664378260728306,0.06031056699794135,0.04555117199925007,0.04488442900037626,0.0,0.12400000000002365,0.025000000000034106,0.023000000000024556,0.4081600018253084,0.5186529549583444
261.3,17869.223261381,FOLLOW,18.412054422893505,4.049913132762471,2.5211737563973267,0.06159159513941969,0.061646364574713425,0.03707516980265311,-0.03279095527076037,0.563818493388763,0.8252209198235375,inf,green,False,unknown,0,0.6014169701397264,0.07150455699957092,0.041935943001590203,0.041342242002428975,0.0,0.10000000000002274,0.02600000000001046,0.019000000000005457,0.3727490002347622,0.5186529549583444
261.5,17869.470959476,FOLLOW,18.426575792094933,4.04019019882421,2.531959552833195,0.05689109456359887,0.05681055013757464,0.03743692807851359,-0.04074569589568652,0.6284100023293093,0.8114519166571177,inf,green,False,unknown,0,0.6589784465711891,0.05648045799898682,0.06180690600012895,0.01564865599721088,0.0,0.09500000000002728,0.02199999999999136,-0.019000000000005457,19.311707001179457,0.5186529549583444
261.6,17869.61086958,FOLLOW,18.43237543440706,4.036279789989188,2.5362426028787346,0.056842066518049336,0.05625910287973885,0.03810471895451172,-0.04047673179485156,0.6358861258399594,0.8094170017406164,inf,green,False,unknown,0,0.677307617861691,0.11164615400048206,0.07330505400022957,0.013662841000041226,0.0,0.11100000000004684,0.025000000000034106,-0.020999999999958163,22.327882001263788,0.5186529549583444
261.8,17869.873208621,FOLLOW,18.44196451143725,4.0297782111510285,2.54329097595911,0.056290579733747056,0.05625910287973885,0.03810471895451172,-0.04047673179485156,0.6358861258399594,0.8094170017406164,inf,green,False,unknown,0,0.677307617861691,0.37398519500129623,0.07670450799923856,0.0447200820017315,0.0,0.31100000000003547,0.02600000000001046,0.009000000000014552,0.6153350004751701,0.5186529549583444
262.0,17870.121305629,FOLLOW,18.453447716889162,4.021932452848125,2.551675929126647,0.05628986267304343,0.05625910287973885,0.03810471895451172,-0.04047673179485156,0.6358861258399594,0.8094170017406164,inf,green,False,unknown,0,0.677307617861691,0.6220822030009003,0.059991139998601284,0.03040994199909619,0.0,0.5110000000000241,0.026999999999986812,0.0049999999999954525,0.29724799969699234,0.5186529549583444
262.1,17870.261345064,FOLLOW,18.45918926268975,4.01798525299432,2.555845452443318,0.05628947592757562,0.06518917148529378,0.04756067299345601,-0.01775022230737075,0.5584833027215513,0.8678157275959162,inf,green,False,unknown,0,0.7295793443882833,0.06340468999769655,0.07593510199876619,0.021927161997155054,0.0,0.08200000000005048,0.02600000000001046,0.0030000000000427463,0.5816780030727386,0.5186529549583444
262.3,17870.518183233,FOLLOW,18.472334110696938,4.0088906298247915,2.5653361734965574,0.06522536679136888,0.06486591130510999,0.04954862200690464,-0.015445228895007185,0.5655997935792023,0.8699237578686256,inf,green,False,unknown,0,0.7638622661731002,0.038651132002996746,0.07992210700103897,0.05437308700129506,0.0,0.06400000000002137,0.02600000000001046,-0.0009999999999763531,20.73735599697102,0.5186529549583444
262.5,17870.766775305,FOLLOW,18.48552407797808,3.9996739154327714,2.5747715325127194,0.06490252289739848,0.06345583286847552,0.049613778807232604,-0.016465245905965514,0.5798509039555133,0.8635729888531348,inf,green,False,unknown,0,0.7818631726112043,0.19864618300198345,0.07230445800087182,0.043799702001706464,0.0,0.18299999999999272,0.02400000000000091,-0.0049999999999954525,0.31063899950822815,0.5186529549583444
262.6,17870.861895875,FOLLOW,18.492002606722313,3.995112141437468,2.579371692688075,0.06349200774130288,0.06329276714731076,0.05153169755928108,-0.014750347819687676,0.5887194122572161,0.8691498268614157,inf,green,False,unknown,0,0.8141798799749681,0.037187088000791846,0.04865779100146028,0.018006205002166098,0.0,0.06900000000001683,0.027000000000043656,-0.007000000000005002,24.171733999537537,0.5186529549583444
262.8,17871.121113354,FOLLOW,18.504927638272914,3.9859408445762288,2.5884789578742313,0.06332937934612522,0.06000426755215336,0.05032327907200046,-0.019921291724668666,0.6244443748404052,0.8537643661141966,inf,green,False,unknown,0,0.8386616673266021,0.024688291996426415,0.05903515199679532,0.014829406998615013,0.0,0.07200000000000273,0.023000000000024556,-0.010999999999967258,26.591181002004305,0.5186529549583444
263.0,17871.364495856,FOLLOW,18.517404771363488,3.9769968951399606,2.5971785713928464,0.06003920311018752,0.06000426755215336,0.05032327907200046,-0.019921291724668666,0.6244443748404052,0.8537643661141966,inf,green,False,unknown,0,0.8386616673266021,0.26807079399804934,0.059013965001213364,0.012877132998255547,0.0,0.27199999999999136,0.02600000000001046,-0.014999999999986358,0.25545700191287324,0.5186529549583444
263.1,17871.520336926,FOLLOW,18.523528750629275,3.9725741390756752,2.6014144040633567,0.060038845299975836,0.07631355254677852,0.025787326626477692,-0.022586602902490815,0.36314916981946166,0.8088697815562207,inf,green,False,unknown,0,0.3379128053391386,0.11070630100221024,0.08909292000316782,0.036236908003047574,0.0,0.09200000000004138,0.02600000000001046,-0.016999999999995907,0.5175649966986384,0.5186529549583444
263.3,17871.712600072,FOLLOW,18.536803729787167,3.962948757033777,2.610556442206494,0.07633019357484772,0.07631355254677852,0.025787326626477692,-0.022586602902490815,0.36314916981946166,0.8088697815562207,inf,green,False,unknown,0,0.3379128053391386,0.3029694470023969,0.03178702300283476,0.006976659002248198,0.0,0.29200000000003,0.023000000000024556,0.013000000000033651,0.25141699734376743,0.5186529549583444
263.5,17871.968502892,FOLLOW,18.552152565637517,3.951769019197703,2.6210730785797587,0.07297845377424406,0.07295777250041754,0.03173266742382794,-0.018960645964776535,0.40005626980279435,0.810698934997291,inf,green,False,unknown,0,0.43494567249358285,0.17756161500074086,0.02997117300037644,0.026061442000354873,0.0,0.19499999999999318,0.021000000000015007,0.009000000000014552,0.5219289996603038,0.5186529549583444
263.6,17872.123690529,FOLLOW,18.5595963621688,3.9463237664194004,2.626148439293272,0.072978351768389,0.07215245268086654,0.03590457170999647,-0.015422494276633197,0.4170430534745386,0.8187730590840605,inf,green,False,unknown,0,0.4976209453170492,0.019967336000263458,0.07546801399803371,0.028014945997711038,0.0,0.047000000000025466,0.022000000000048203,0.007000000000005002,0.6043409994163085,0.5186529549583444
263.8,17872.372890359,FOLLOW,18.574315247355305,3.935505436754047,2.6361288411747528,0.07167021315527383,0.07041737848421548,0.040968251702937115,-0.011736482738481241,0.44583053467999206,0.8272384568620466,inf,green,False,unknown,0,0.581791776189459,0.014702594002301339,0.0564687150035752,0.03220784400036791,0.0,0.043000000000006366,0.02400000000000091,0.002999999999985903,22.32499999809079,0.5186529549583444
264.0,17872.623634231,FOLLOW,18.588769200387972,3.924807594563827,2.645848502481551,0.07038200561271866,0.07035415008775028,0.042222923684955886,-0.010235084267978367,0.44833476967554803,0.8289426626445914,inf,green,False,unknown,0,0.6001483015897812,0.19243797799936146,0.07543791599891847,0.04398597899853485,0.0,0.18200000000001637,0.02199999999999136,-0.0009999999999763531,0.29038999855401926,0.5186529549583444
264.1,17872.71649286,FOLLOW,18.593555175597615,3.921247413027877,2.649047041914087,0.07038196393697213,0.07035415008775028,0.042222923684955886,-0.010235084267978367,0.44833476967554803,0.8289426626445914,inf,green,False,unknown,0,0.6001483015897812,0.2852966069985996,0.039721021999866934,0.04165142100100638,0.0,0.2820000000000391,0.025000000000034106,0.03100000000000591,0.27720599973690696,0.5186529549583444
264.3,17873.010439629,FOLLOW,18.612699024579392,3.90691600307847,2.6617393127032907,0.07038162094541033,0.07035415008775028,0.042222923684955886,-0.010235084267978367,0.44833476967554803,0.8289426626445914,inf,green,False,unknown,0,0.6001483015897812,0.5792433759997948,0.07845654400080093,0.005509800001163967,0.0,0.48200000000002774,0.02400000000000091,-0.04099999999999682,0.2898380007536616,0.5186529549583444
264.5,17873.273837792,FOLLOW,18.627411701809855,3.8958028716130055,2.6713808709831297,0.07573030903741432,0.07527963987885526,0.05957128708180844,0.007667758313270018,0.46455296277790636,0.9039338290849742,inf,green,False,unknown,0,0.7913333163877286,0.026411383998492965,0.09243082399916602,0.014984298999479506,0.0,0.02600000000001046,0.02400000000000091,-0.045000000000015916,30.172647999279434,0.5186529549583444
264.6,17873.321033127,FOLLOW,18.629986530754152,3.8938479794862992,2.673056621819419,0.07573023745399744,0.07527963987885526,0.05957128708180844,0.007667758313270018,0.46455296277790636,0.9039338290849742,inf,green,False,unknown,0,0.7913333163877286,0.07360671899732552,0.016252083998551825,0.015312199997424614,0.0,0.1260000000000332,0.025000000000034106,0.021000000000015007,0.29886300035286695,0.5186529549583444
264.8,17873.613447536,FOLLOW,18.647927095338215,3.880135474806467,2.6846249370021296,0.07531883467792391,0.07504956650046708,0.06560154264249567,0.013561500164971818,0.4829717346888554,0.920370082230056,inf,green,False,unknown,0,0.8741095478824303,0.04985240400128532,0.0758966320026957,0.029986773999553407,0.0,0.06700000000000728,0.02199999999999136,-0.016999999999995907,27.664859997457825,0.5186529549583444
265.0,17873.860627621,FOLLOW,18.6607085543386,3.8702663478587906,2.692746792571217,0.0750927791512531,0.07504956650046708,0.06560154264249567,0.013561500164971818,0.4829717346888554,0.920370082230056,inf,green,False,unknown,0,0.8741095478824303,0.29703248900113977,0.07626099800108932,0.06121627800166607,0.0,0.2669999999999959,0.023000000000024556,0.012999999999976808,0.2562409972597379,0.5186529549583444
265.1,17873.961679911,FOLLOW,18.66836799979351,3.8643097935973056,2.697562015904693,0.07509245721088058,0.07504956650046708,0.06560154264249567,0.013561500164971818,0.4829717346888554,0.920370082230056,inf,green,False,unknown,0,0.8741095478824303,0.3980847790007829,0.04060511300122016,0.022368031000951305,0.0,0.36700000000001864,0.02400000000000091,0.011000000000024102,0.753750999137992,0.5186529549583444
265.3,17874.211987212,FOLLOW,18.683630588251454,3.852344490959917,2.7070369563691297,0.07453257290643449,0.07448524191959406,0.0722893169082417,0.02001895260469358,0.5076426322108731,0.9389719588439448,inf,green,False,unknown,0,0.9705186563840009,0.24188343999776407,0.04514929699871573,0.013395524998486508,0.0,0.2510000000000332,0.025000000000034106,0.007000000000005002,0.46098600068944506,0.5186529549583444
265.5,17874.46077069,FOLLOW,18.698835168952627,3.8402899288544607,2.716303176625376,0.07453200973595876,0.07457944811936243,0.07976200994334409,0.029915698868550444,0.5180308597878631,0.9509199288822587,inf,green,False,unknown,0,1.0694904823603295,0.017906438999489183,0.045081586999003775,0.0293793229975563,0.0,0.05299999999999727,0.023000000000024556,0.002999999999985903,29.650874002982164,0.5186529549583444
265.6,17874.613124829,FOLLOW,18.708990603819363,3.832163302933013,2.7223933313623405,0.07485437872710493,0.07457944811936243,0.07976200994334409,0.029915698868550444,0.5180308597878631,0.9509199288822587,inf,green,False,unknown,0,1.0694904823603295,0.17026057800103445,0.08449158700022963,0.014597321001929231,0.0,0.15300000000002,0.022000000000048203,-0.03299999999995862,0.2700510012800805,0.5186529549583444
265.8,17874.814831883,FOLLOW,18.72171450022213,3.8218927386746815,2.7299040451958794,0.07483127860550681,0.07457944811936243,0.07976200994334409,0.029915698868550444,0.5180308597878631,0.9509199288822587,inf,green,False,unknown,0,1.0694904823603295,0.3719676319997234,0.04383102299834718,0.01368666599955759,0.0,0.35300000000000864,0.02199999999999136,-0.002999999999985903,0.2874950005207211,0.5186529549583444
266.0,17875.113203918,FOLLOW,18.7394609339972,3.8074043727515265,2.740151684652418,0.07418741010480616,0.07384283088977814,0.0847505744728406,0.04102746628843748,0.51137214486997,0.9346985996012163,inf,green,False,unknown,0,1.1477156746515305,0.16202467100083595,0.08866598200256703,0.0056127300013031345,0.0,0.15399999999999636,0.023000000000024556,-0.04099999999999682,0.2744449993770104,0.5186529549583444
266.1,17875.213769088,FOLLOW,18.744501121135755,3.8032538669164246,2.7430111843397325,0.07412041567240595,0.0742363726091511,0.08777363693402448,0.04503166536022042,0.5136236545257353,0.9420014728042616,inf,green,False,unknown,0,1.182353526298302,0.03775104799933615,0.059283162001520395,0.0292278199995053,0.0,0.060000000000002274,0.022000000000048203,-0.008999999999957708,26.63975899849902,0.5186529549583444
266.3,17875.46202918,FOLLOW,18.759696778987475,3.790643434410059,2.751489356393638,0.07494247191024736,0.07468242318849116,0.08975119485638249,0.04825614213918719,0.5100882407222466,0.9439943768401143,inf,green,False,unknown,0,1.2017713275031154,0.13955285999691114,0.0588874319983006,0.01678765899850987,0.0,0.14800000000002456,0.023000000000024556,-0.012999999999976808,0.3145750015391968,0.5186529549583444
266.5,17875.76542767,FOLLOW,18.77503532438877,3.777765088200073,2.7598208025382798,0.0756324906558258,0.07545900846049901,0.09352606484289204,0.05378166049095803,0.5072710806450814,0.9508580020883789,inf,green,False,unknown,0,1.2394287541142381,0.06333487600204535,0.0628989310025645,0.012367194001853932,0.0,0.08699999999998909,0.02199999999999136,-0.016999999999995907,29.61947699805023,0.5186529549583444
266.6,17875.874321444,FOLLOW,18.780177483106943,3.7734141364272156,2.7625614144288884,0.0756291785571603,0.07626029142404181,0.09579436273720657,0.05661203371136167,0.5042549955630398,0.9577604094900423,inf,green,False,unknown,0,1.256149969379824,0.018472473999281647,0.05617232100121328,0.029809892999764998,0.0,0.04800000000000182,0.023000000000024556,0.015000000000043201,27.7864400013641,0.5186529549583444
266.8,17876.166036619,FOLLOW,18.795729763167706,3.7601529224182575,2.7706858625444526,0.07653894702369868,0.07836196824388869,0.09984119755369247,0.05917133305829721,0.5035779789151624,0.9834187345781539,inf,green,False,unknown,0,1.2741027285449649,0.06860646900167922,0.017426033999072388,0.01690533900182345,0.0,0.09399999999999409,0.023000000000024556,0.011000000000024102,0.3120180008409079,0.5186529549583444
267.0,17876.412582397,FOLLOW,18.81172680335163,3.7463538331758586,2.7787779739133813,0.07990702772722774,0.07982953925754456,0.10234017329412863,0.061972296719626105,0.49469790087844345,0.991990572247478,inf,green,False,unknown,0,1.28198376498154,0.15792438800053787,0.04345594199912739,0.030187448999640765,0.0,0.18299999999999272,0.019000000000005457,0.007000000000005002,0.6032430028426461,0.5186529549583444
267.1,17876.510941764,FOLLOW,18.81989580567622,3.7392458307056793,2.782803938913535,0.08017954263557774,0.07982953925754456,0.10234017329412863,0.061972296719626105,0.49469790087844345,0.991990572247478,inf,green,False,unknown,0,1.28198376498154,0.2562837550030963,0.018808264001563657,0.005034123001678381,0.0,0.28300000000001546,0.015000000000043201,0.0049999999999954525,0.2302879984199535,0.5186529549583444
267.3,17876.81409372,FOLLOW,18.838169055234484,3.723200649607865,2.7915474842236256,0.07434057553144131,0.07400341113259146,0.09576819409230339,0.06756199385522745,0.47418177266014444,0.8985060156498091,inf,green,False,unknown,0,1.2941051314609824,0.30145687100230134,0.075660530001187,0.014131149000604637,0.0,0.2820000000000391,0.016999999999995907,-0.03300000000001546,0.3256939999118913,0.5186529549583444
267.5,17877.010822745,FOLLOW,18.850805162123944,3.711990675221948,2.797378824488037,0.07434640611487724,0.07400341113259146,0.09576819409230339,0.06756199385522745,0.47418177266014444,0.8985060156498091,inf,green,False,unknown,0,1.2941051314609824,0.4981858960018144,0.023853822000091895,0.0072478840011172,0.0,0.48200000000002774,0.014000000000010004,-0.002999999999985903,0.2091450005536899,0.5186529549583444
267.6,17877.169536164,FOLLOW,18.85838723882339,3.7052209156736606,2.80079318622948,0.07432267274845565,0.07400341113259146,0.09576819409230339,0.06756199385522745,0.47418177266014444,0.8985060156498091,inf,green,False,unknown,0,1.2941051314609824,0.656899315003102,0.06008511400068528,0.041326247999677435,0.0,0.5820000000000505,0.012000000000000455,-0.0049999999999954525,0.26223699751426466,0.5186529549583444
267.7,17877.323200174,WAIT_SENSORS,18.868496698106906,3.6961451689200775,2.8052463572654376,0.07432493557172466,0.0,0.0,0.06756199385522745,0.47418177266014444,0.8985060156498091,inf,green,False,unknown,0,1.2941051314609824,0.8105633250015671,0.0968064750013582,0.02941329899840639,0.06264785700113862,0.6820000000000164,0.01599999999996271,-0.04099999999999682,1.1323719991196413,0.5186529549583444
267.8,17877.417817602,WAIT_SENSORS,18.872511715409473,3.6925256551354817,2.8069840192696836,0.04247079037734124,0.0,0.0,0.06756199385522745,0.47418177266014444,0.8985060156498091,inf,green,False,unknown,0,1.2941051314609824,0.905180753001332,0.07178305100023863,0.030347538999194512,0.0,0.7820000000000391,0.016000000000019554,-0.009000000000014552,0.3866280021611601,0.5186529549583444
268.0,17877.664574065,WAIT_SENSORS,18.87285495014473,3.6922159329252184,2.807131945720784,2.0892495510904548e-06,0.0,0.0,0.06756199385522745,0.47418177266014444,0.8985060156498091,inf,green,False,unknown,0,1.2941051314609824,1.1519372160000785,0.0770150169992121,0.043174542999622645,0.0,0.9820000000000277,0.014000000000010004,-0.012999999999976808,0.42963300074916333,0.5186529549583444
268.1,17877.761340523,FOLLOW,18.872855163237407,3.6922157405933107,2.807132037464588,2.089010063024945e-06,0.0801171822618384,0.10587065646512865,0.08369802003829867,0.4068660716045988,0.897831057217211,inf,green,False,unknown,0,1.3214475781128066,0.029845192999346182,0.040647797999554314,0.002493152998795267,0.0,0.05500000000000682,0.015000000000043201,-0.014999999999986358,29.55485399797908,0.5186529549583444
268.3,17878.019082842,FOLLOW,18.88159632403671,3.684316651224211,2.810875281617078,0.0802073500556157,0.0801004141103978,0.10691326623868712,0.08563899839760575,0.4064297880085759,0.8971577773673226,inf,green,False,unknown,0,1.3347404932430775,0.038808202003565384,0.04847478300143848,0.04927760000282433,0.0,0.06200000000001182,0.014999999999986358,0.014999999999986358,36.48751299988362,0.5186529549583444
268.5,17878.26645213,FOLLOW,18.897976244830947,3.6694073350018477,2.8176579260173455,0.08048432988318625,0.0821829073325256,0.10920514134390356,0.08828972534677526,0.3866663446381231,0.8979239903196046,inf,green,False,unknown,0,1.3288060119611191,0.051216537998698186,0.028681337000307394,0.027746440999180777,0.0,0.08699999999998909,0.012000000000000455,0.011000000000024102,28.435930998966796,0.5186529549583444
268.6,17878.417603417,FOLLOW,18.906242956208335,3.661829274450757,2.8209610976212107,0.08228110434219009,0.08375454433611615,0.11082341283123662,0.0899901674992562,0.37236633942588426,0.8984609835995689,inf,green,False,unknown,0,1.3231928334120013,0.031780404002347495,0.07271337200290873,0.05733534000319196,0.0,0.051000000000044565,0.015000000000043201,0.009000000000014552,26.312418998713838,0.5186529549583444
268.8,17878.66635684,FOLLOW,18.92327554163122,3.646106860220773,2.8275111680457155,0.0841173106680384,0.08532529889522855,0.112282759847741,0.09138345878959805,0.3583793587599185,0.8987353536411363,inf,green,False,unknown,0,1.3159374921805276,0.12302214699957403,0.046232684999267804,0.044822996998846065,0.0,0.12400000000002365,0.012000000000000455,0.0049999999999954525,0.29748299857601523,0.5186529549583444
269.0,17878.912038782,FOLLOW,18.940835792366634,3.6297521111778384,2.833904298895287,0.08719632647407022,0.0868540736201524,0.11353572241414094,0.09245399355622891,0.3449644419336227,0.898655506723592,inf,green,False,unknown,0,1.3072008908952049,0.18142748099853634,0.044513577999168774,0.029747732001851546,0.0,0.18799999999998818,0.012000000000000455,0.0009999999999763531,0.24053900051512755,0.5186529549583444
269.1,17879.01230911,FOLLOW,18.949734235948487,3.6214113144058593,2.8370047300848635,0.08720185526009296,0.0868540736201524,0.11353572241414094,0.09245399355622891,0.3449644419336227,0.898655506723592,inf,green,False,unknown,0,1.3072008908952049,0.2816978089977056,0.020482649000769015,0.0050853040011134,0.0,0.2880000000000109,0.014000000000010004,-0.0009999999999763531,0.2163700009987224,0.5186529549583444
269.3,17879.315459315,FOLLOW,18.967532690583656,3.60462681595728,2.8429252671518,0.08727630650778707,0.09265189505404584,0.11749719257434801,0.09520683355377635,0.2963533272524406,0.8960896582934552,inf,green,False,unknown,0,1.2681574673222753,0.033050694000849035,0.06149774599907687,0.031310057998780394,0.0,0.04200000000003001,0.014000000000010004,-0.0049999999999954525,25.905992999469163,0.5186529549583444
269.5,17879.563549176,FOLLOW,18.986127692197627,3.5869547099959433,2.848709363583084,0.09367828525793899,0.09455640292029135,0.11848562801531687,0.09523553925678738,0.28372246618305835,0.8979213471952855,inf,green,False,unknown,0,1.2530682677850726,0.10916509399976349,0.04880495199904544,0.013717065001401352,0.0,0.13299999999998136,0.012999999999976808,-0.009000000000014552,38.061225997807924,0.5186529549583444
269.6,17879.712404729,FOLLOW,18.995714289832485,3.5777934964313,2.85153320682803,0.09495057418388794,0.09687197615684194,0.1196111273356502,0.09539775311498787,0.26759757620837304,0.8982152289558749,inf,green,False,unknown,0,1.2347340488026395,0.0431550800021796,0.06805151300068246,0.02441014300347888,0.0,0.06100000000003547,0.012000000000000455,-0.010999999999967258,26.767016999656335,0.5186529549583444
269.8,17879.910956009,FOLLOW,19.015392160496305,3.5588895046889646,2.8569958274832254,0.09722555436801385,0.09687197615684194,0.1196111273356502,0.09539775311498787,0.26759757620837304,0.8982152289558749,inf,green,False,unknown,0,1.2347340488026395,0.24170636000053491,0.022590068998397328,0.0003054289991268888,0.0,0.2610000000000241,0.012000000000000455,-0.014999999999986358,0.21507400015252642,0.5186529549583444
270.0,17880.161035654,FOLLOW,19.032110416334756,3.5427318054758263,2.8612876851984255,0.10269171402867522,0.10255001535895422,0.1216496725118535,0.09494200597268526,0.230579939583101,0.898138645684659,inf,green,False,unknown,0,1.1862472383455531,0.17772709999917424,0.03295126599914511,0.033967088002100354,0.0,0.18299999999999272,0.012999999999976808,0.014999999999986358,0.4475089990592096,0.5186529549583444
270.1,17880.316991591,FOLLOW,19.045855001529535,3.5293872787939624,2.864579109070249,0.09534939736356911,0.11765050099023612,0.13578055844491857,0.09393823058039764,0.21068070044085907,0.9978734771102136,inf,green,False,unknown,0,1.154100979614078,0.12611026300146477,0.056650197999260854,0.01353701500192983,0.0,0.11100000000004684,0.013000000000033651,-0.020999999999958163,0.661668000248028,0.5186529549583444
270.3,17880.564399723,FOLLOW,19.070139012427127,3.505688408671808,2.8698745947024027,0.120068497717536,0.12165164841908507,0.13590992202027602,0.09244413344421029,0.19031986966906164,0.997408128330289,inf,green,False,unknown,0,1.1172057574762304,0.1409992160006368,0.019414351001614705,0.014285448000009637,0.0,0.14699999999999136,0.009999999999990905,-0.024999999999977263,0.2752309992501978,0.5186529549583444
270.5,17880.810575569,FOLLOW,19.090892491970486,3.485329570459768,2.8739004221016025,0.1221030391590222,0.12165164841908507,0.13590992202027602,0.09244413344421029,0.19031986966906164,0.997408128330289,inf,green,False,unknown,0,1.1172057574762304,0.38717506200191565,0.022998649001237936,0.014265994002926163,0.0,0.34699999999998,0.012000000000000455,0.0049999999999954525,0.5588909989455715,0.5186529549583444
270.6,17880.96084951,FOLLOW,19.103350770150122,3.4730666588960015,2.8760976056354806,0.12208681590750614,0.1300575005562919,0.1353422003170652,0.08888069993923764,0.152121824675618,0.9973275627762513,inf,green,False,unknown,0,1.0406335639095723,0.14539797399993404,0.042642663000151515,0.02808238500074367,0.0,0.1490000000000009,0.010000000000047748,0.0030000000000427463,0.2795059990603477,0.5186529549583444
270.8,17881.21743244,FOLLOW,19.129964858665215,3.4467810939628998,2.880261449450501,0.13055283306619334,0.1300575005562919,0.1353422003170652,0.08888069993923764,0.152121824675618,0.9973275627762513,inf,green,False,unknown,0,1.0406335639095723,0.4019809040000837,0.042692824001278495,0.03352860700033489,0.0,0.34899999999998954,0.011000000000024102,-0.0009999999999763531,0.38672599839628674,0.5186529549583444
271.0,17881.4605053,FOLLOW,19.15666714412367,3.4203059287975246,2.88373074126594,0.13263110651265006,0.1454932282200962,0.13005120769923884,0.08041249635936173,0.09360578177543975,0.9974485924807369,inf,green,False,unknown,0,0.8938643350637784,0.04811823400086723,0.03410054000050877,0.0077367860030790325,0.0,0.053999999999973625,0.011000000000024102,-0.0049999999999954525,0.28565299726324156,0.5186529549583444
271.1,17881.563343123,FOLLOW,19.166548760194125,3.410486610947687,2.884838379336641,0.14604807024363156,0.14725847991795665,0.12833609255554784,0.07885144143413088,0.08691425239080791,0.9958646202424815,inf,green,False,unknown,0,0.8715022226702924,0.1509560570011672,0.005670883001585025,0.005004559003282338,0.0,0.15399999999999636,0.010000000000047748,0.027000000000043656,0.45859099918743595,0.5186529549583444
271.3,17881.868380393,FOLLOW,19.201663837496238,3.375524937414215,2.88810367272344,0.14785263289714437,0.10925589003471925,0.09794039294717016,0.06729194998565391,0.181313858031223,0.882110596509968,inf,green,False,unknown,0,0.8964312396891988,0.07590004099984071,0.05898864100163337,0.020286777998990146,0.0,0.05400000000003047,0.009000000000014552,-0.010999999999967258,0.2833910002664197,0.5186529549583444
271.5,17882.110835573,FOLLOW,19.224322277157675,3.3529184411926996,2.889631589419165,0.11293359347497356,0.11298818662927003,0.09277878681798629,0.06198644198174396,0.15997902738678166,0.8787640952063165,inf,green,False,unknown,0,0.8211370549950182,0.07849375499790767,0.02407470199977979,0.010520596999413101,0.0,0.06200000000001182,0.009999999999990905,-0.014999999999986358,0.24040700009209104,0.5186529549583444
271.6,17882.21578602,FOLLOW,19.232037592856795,3.345214731292226,2.890054452998858,0.11352736877482154,0.11620671969366028,0.08975048882609656,0.05844294209706238,0.14740163722839264,0.883496508572924,inf,green,False,unknown,0,0.7723347588047693,0.03858383799888543,0.03951485200013849,0.04430075799973565,0.0,0.02800000000002001,0.012000000000000455,0.016999999999995907,26.027280000562314,0.5186529549583444
271.8,17882.512556587,FOLLOW,19.259582328014403,3.3176939603092586,2.8911915326169404,0.1167014841980435,0.11620671969366028,0.08975048882609656,0.05844294209706238,0.14740163722839264,0.883496508572924,inf,green,False,unknown,0,0.7723347588047693,0.3353544050005439,0.05920506400070735,0.025165508999634767,0.0,0.22800000000000864,0.009999999999990905,-0.021000000000015007,0.41416599924559705,0.5186529549583444
272.0,17882.765122638,FOLLOW,19.283797669514637,3.2934848790684597,2.8917290212473343,0.12075205167181602,0.12283367145266015,0.08271397302522063,0.05122469985597147,0.12334788132119186,0.8928436348562926,inf,green,False,unknown,0,0.673381915943939,0.01319821899960516,0.08058931900086463,0.012660258998948848,0.0,-0.007999999999981355,0.011000000000024102,-0.024999999999977263,0.3951209982915316,0.5186529549583444
272.1,17882.860637883,FOLLOW,19.292089895805937,3.2851931494618016,2.8918190395029697,0.12334860321233515,0.12382071213296167,0.08149759124172275,0.05024623234839991,0.11893561367047796,0.8924302393865841,inf,green,False,unknown,0,0.6581902965814691,0.10871346400017501,0.005953443000180414,0.005415489002189133,0.0,0.09200000000004138,0.011000000000024102,0.007000000000005002,0.3645389988378156,0.5186529549583444
272.3,17883.112381968,FOLLOW,19.31755286253232,3.259730439259239,2.8918221375522486,0.1264454074766975,0.13265578826950494,0.08068903430243311,0.05025719361747844,0.08332570928310146,0.8904993466092695,inf,green,False,unknown,0,0.6082586772505124,0.11712463300136733,0.014552701999491546,0.013101430999086006,0.0,0.09199999999998454,0.009000000000014552,0.002999999999985903,0.48310700003639795,0.5186529549583444
272.5,17883.360837705,FOLLOW,19.344836044149016,3.2324507976552788,2.89139962673065,0.13524657475438687,0.13617396752604674,0.07054181476267295,0.04385303995687322,0.062118702126535405,0.874007460229968,inf,green,False,unknown,0,0.5180271680721943,0.05885576999935438,0.013272800999402534,0.013559718001488363,0.0,0.06200000000001182,0.0049999999999954525,-0.0009999999999763531,0.34488799792598,0.5186529549583444
272.6,17883.512303022,FOLLOW,19.35876417368064,3.2185276069847912,2.8910296741613575,0.13660436831334002,0.1368476034771303,0.06915101139535021,0.042890373433597175,0.05960738097425396,0.8735578975934314,inf,green,False,unknown,0,0.5053140109019636,0.020425908998731757,0.05895102299837163,0.019926067998312647,0.0,0.023000000000024556,0.010000000000047748,-0.002999999999985903,0.3388330005691387,0.5186529549583444
272.8,17883.771291073,FOLLOW,19.38703508853173,3.1902759580754525,2.8899913459300337,0.14024199934845666,0.14076912658449703,0.05811057960023347,0.03518257879086233,0.046507383390191344,0.8729785329634221,inf,green,False,unknown,0,0.41280770159039415,0.15125347700086422,0.06433083899901249,0.021999239001161186,0.0,0.09500000000002728,0.009000000000014552,-0.007000000000005002,0.34350699934293516,0.5186529549583444
273.0,17884.010779869,FOLLOW,19.415558025904105,3.1617870868615854,2.8886008193021926,0.13403637557163342,0.13368679692917773,0.05508757285617006,0.029401803242930537,0.08436367219804218,0.8993476095140346,inf,green,False,unknown,0,0.41206442312589325,0.1361719090018596,0.03827156600164017,0.004575269998895237,0.0,0.09600000000000364,0.009000000000014552,-0.011000000000024102,0.5067259990028106,0.5186529549583444
273.1,17884.161293555,FOLLOW,19.42929361156113,3.148073958473733,2.887815949649481,0.13612952255841457,0.13581176548844606,0.05050925263156534,0.02674577237779758,0.07437701286780644,0.8948052725654456,inf,green,False,unknown,0,0.3719063105461384,0.023757102000672603,0.0523169020016212,0.029101141000865027,0.0,-0.003999999999962256,0.010000000000047748,-0.012999999999976808,0.520053999935044,0.5186529549583444
273.3,17884.360694002,FOLLOW,19.452629071390213,3.124786159056722,2.8863262168882398,0.13911025096445925,0.11407251897026577,0.04641337594241367,0.015649142852575612,0.17096930776852015,0.9046098221092228,inf,green,False,unknown,0,0.4068760500897838,0.03464216599968495,0.02706756800034782,0.03570500099885976,0.0,0.05900000000002592,0.009999999999990905,0.016999999999995907,32.33520700086956,0.5186529549583444
273.5,17884.668319571,FOLLOW,19.476528393529954,3.1009525590583635,2.884558286646457,0.11415479290970067,0.11852011271406016,0.03675163594269599,0.010417735569340947,0.13996537901598188,0.8888438553147832,inf,green,False,unknown,0,0.31008775726835863,0.08918855699812411,0.01756399199803127,0.016931763999309624,0.0,0.05900000000002592,0.007000000000005002,0.012999999999976808,3.5982240005978383,0.5186529549583444
273.6,17884.823137782,FOLLOW,19.49250021136016,3.085036710335953,2.8832225533571347,0.11858988832528695,0.12256844173898408,-0.027572032906653776,0.005523553295074007,-0.07857116325070164,0.8146905797340481,inf,green,False,unknown,0,-0.2249521370710567,0.03373279200241086,0.059214665001491085,0.03748901400103932,0.0,-0.005999999999971806,0.008000000000038199,-0.022999999999967713,33.003620999807026,0.5186529549583444
273.8,17885.065629789,FOLLOW,19.5169424263736,3.0606887578083186,2.88107809540462,0.12255448348368438,0.12256844173898408,-0.027572032906653776,0.005523553295074007,-0.07857116325070164,0.8146905797340481,inf,green,False,unknown,0,-0.2249521370710567,0.27622479899946484,0.0536981109980843,0.022189632996742148,0.0,0.19400000000001683,0.009000000000014552,-0.026999999999986812,0.6094580021454021,0.5186529549583444
274.0,17885.320715054,FOLLOW,19.535886577843794,3.041811935448948,2.879482477388493,0.0941329963578189,0.1244570831431384,-0.006286021508158085,0.004437023784173846,-0.06359129743664728,0.8013502867987252,inf,green,False,unknown,0,-0.05050754323824636,0.011792785000579897,0.06075104000046849,0.05742216300131986,0.0,-0.002999999999985903,0.009000000000014552,0.002999999999985903,29.820284999004798,0.5186529549583444
274.1,17885.41176355,FOLLOW,19.546470822077,3.0312630327153154,2.8786182640985425,0.12444421011348282,0.1244570831431384,-0.006286021508158085,0.004437023784173846,-0.06359129743664728,0.8013502867987252,inf,green,False,unknown,0,-0.05050754323824636,0.060037107999960426,0.01638402200114797,0.015112518001842545,0.0,0.060000000000002274,0.004000000000019099,0.0010000000000331966,0.4246930002409499,0.5186529549583444
274.3,17885.661416839,FOLLOW,19.572656897205054,3.005162078538928,2.8765086155459363,0.15024582026182629,0.14991336378140457,-0.016640006131048855,-0.010471218868347648,-0.005161919486166277,0.843599808698636,inf,green,False,unknown,0,-0.11099748355531798,0.06235666900101933,0.02823447899936582,0.02391772199916886,0.0,0.055999999999983174,0.002999999999985903,-0.002999999999985903,0.9520479979983065,0.5186529549583444
274.5,17885.912659429,FOLLOW,19.603156630413856,2.9747552956113537,2.8741294512648867,0.14929717636854978,0.1494551877730135,-0.019427366554243753,-0.01293469421310771,-0.0015857222412921496,0.8335981878407439,inf,green,False,unknown,0,-0.12998790369023022,0.05076359499798855,0.03385314099796233,0.018459373000951018,0.0,0.02600000000001046,0.002999999999985903,-0.007000000000005002,0.41360099930898286,0.5186529549583444
274.6,17886.016573051,FOLLOW,19.61331912419,2.964621947300931,2.873360347060544,0.14945094143916882,0.14919088100434263,-0.0120810769168378,-0.009946613146742882,0.011632385074563918,0.8529416413776806,inf,green,False,unknown,0,-0.08097731466902555,0.0103901210022741,0.016461803003039677,0.024300753000716213,0.0,0.03200000000003911,0.0030000000000427463,0.025000000000034106,0.4890039999736473,0.5186529549583444
274.8,17886.311058766,FOLLOW,19.647793881118687,2.9302403622815247,2.8708276245461373,0.13630615380167788,0.1363020630826926,-0.012920801576772414,-0.019131629581130943,0.06344294454998475,0.877336520323345,inf,green,False,unknown,0,-0.09479534854093544,0.054667262000293704,0.043804979002743494,0.012306218999583507,0.0,0.026999999999986812,0.0020000000000095497,-0.012999999999976808,0.4180840005574282,0.5186529549583444
275.0,17886.574463083,FOLLOW,19.676277607946062,2.901828473656101,2.86880597342012,0.13947802804296314,0.139466802712563,-0.007394130831270588,-0.01405140645349658,0.05781986106352675,0.8868148922338873,inf,green,False,unknown,0,-0.0530171387560212,0.17063764600243303,0.04509914700247464,0.0284365780025837,0.0,0.1220000000000141,0.0,-0.016999999999995907,0.437888997112168,0.5186529549583444
275.1,17886.665644214,FOLLOW,19.68576211595914,2.8923672011174473,2.8681424879479094,0.13947806086451087,0.14695118185489195,-0.0037365988596482188,-0.008725966626596691,0.040986031528062954,0.9000474793687151,inf,green,False,unknown,0,-0.02542748423308328,0.01824277200284996,0.017838143001426943,0.01729672900182777,0.0,0.027000000000043656,0.0010000000000331966,0.015000000000043201,0.6380269987857901,0.5186529549583444
275.3,17886.97377121,FOLLOW,19.72033747926166,2.857874766886575,2.865749234501086,0.14559567760843403,0.15832885110694603,-0.001635178391886301,-0.005342115389139566,0.02863501480433706,0.9425734644191598,inf,green,False,unknown,0,-0.010327734840833214,0.049251418000494596,0.058972459999495186,0.026613057998474687,0.0,0.025000000000034106,0.002999999999985903,-0.022999999999967713,19.34828999947058,0.5186529549583444
275.5,17887.221402964,FOLLOW,19.751982430502558,2.826303699873547,2.863588083619035,0.16057691458803347,0.14306526277517387,-0.008292506515847325,0.0007628704340661239,-0.04418876991464138,0.8826108762447142,inf,green,False,unknown,0,-0.05796310267768455,0.027594651000981685,0.05738255100004608,0.01418681800350896,0.0,-0.007000000000005002,0.0009999999999763531,-0.026999999999986812,19.291115997475572,0.5186529549583444
275.6,17887.312564822,FOLLOW,19.76240773580976,2.8159024178078673,2.8628807523943576,0.1454622236466668,0.14306526277517387,-0.008292506515847325,0.0007628704340661239,-0.04418876991464138,0.8826108762447142,inf,green,False,unknown,0,-0.05796310267768455,0.0563424620013393,0.02635527200254728,0.028637409002840286,0.0,0.05700000000001637,0.0010000000000331966,0.0049999999999954525,0.4651439994631801,0.5186529549583444
275.8,17887.563728077,FOLLOW,19.79187066285172,2.7865045170208744,2.8609243939771356,0.1457849810899004,0.16404174844337782,-0.0026009976237264297,-0.0017838020563006305,0.0011892758373798426,0.9140526425707829,inf,green,False,unknown,0,-0.015855705321406118,0.039891394997539464,0.013375493999774335,0.013883195999369491,0.0,0.028999999999996362,0.0,0.0010000000000331966,0.3493149997666478,0.5186529549583444
276.0,17887.812375018,FOLLOW,19.82489543181753,2.753549470608692,2.8587795761578314,0.16005848087935126,0.1600380613350535,-0.00035049104468210337,0.000220556212544881,-0.002948648999492791,0.8956544528258022,inf,green,False,unknown,0,-0.0021900480533085195,0.2885383359971456,0.015436491998116253,0.014406860998860793,0.0,0.228999999999985,0.0009999999999763531,-0.002999999999985903,0.3602310025598854,0.5186529549583444
276.1,17887.966021174,FOLLOW,19.84073163040556,2.737746458232249,2.857754893265518,0.1450731499280925,0.14141403844246997,-0.00495132536583843,0.004212992712523728,-0.05167579187725554,0.8871291360564344,inf,green,False,unknown,0,-0.03501296915336116,0.14785177000158,0.0442684370027564,0.0427724479995959,0.0,0.09600000000000364,0.0,-0.0049999999999954525,0.4435939990798943,0.5186529549583444
276.3,17888.216173164,FOLLOW,19.864778946659957,2.713747755698686,2.856226603738962,0.14142823274384053,0.1533532640308883,-0.0007447745299771956,0.0005597502947082395,-0.007009758628558741,0.8668927080293541,inf,green,False,unknown,0,-0.004856593921777783,0.0709844270022586,0.014630200999818044,0.023050097999657737,0.0,0.05700000000001637,0.0,0.025000000000034106,0.4753920002258383,0.5186529549583444
276.5,17888.463420459,FOLLOW,19.89814044670014,2.6804511760555174,2.8541463895681978,0.09796230930002214,0.1269726485750993,-0.016936944295706743,0.0005312919444114897,-0.09338932934529584,0.8700965267453358,inf,green,False,unknown,0,-0.13339049382504778,0.10304236899901298,0.013571172999945702,0.01227336100055254,0.0,0.1220000000000141,-0.004000000000019099,-0.012999999999976808,21.323090000805678,0.5186529549583444
276.6,17888.569608855,FOLLOW,19.90568655280458,2.6729203578133145,2.8536662983485046,0.12534346292868662,0.14309482001834523,-0.00915748412999393,0.0004532642743800587,-0.04619507736578397,0.886780615121229,inf,green,False,unknown,0,-0.06399591633589469,0.02118377000078908,0.012350466000498272,0.04163250100100413,0.0,0.020000000000038654,0.0,0.019000000000005457,22.245359999942593,0.5186529549583444
276.8,17888.815925916,FOLLOW,19.932533552506754,2.6461262043426768,2.8519826768418577,0.10760077550499986,0.05321313176594201,0.029400585765490365,-0.024803303747376715,0.49841466770549675,0.6639924735148278,inf,green,False,unknown,0,0.5525062102115857,0.01038496699766256,0.009909736996633,0.027426156997535145,0.0,0.02199999999999136,-0.002999999999985903,0.014999999999986358,22.174905003339518,0.5186529549583444
277.0,17889.124234353,FOLLOW,19.94752686483619,2.6311642234719574,2.851014401562056,0.0682876923294805,0.06758557710033086,0.04161961609155845,-0.022687908038080323,0.5220024531221685,0.8654731650303128,inf,green,False,unknown,0,0.6158061805076265,0.039367612000205554,0.06057684500046889,0.030344753999088425,0.0,-0.0009999999999763531,0.0,-0.023000000000024556,25.531871000566753,0.5186529549583444
277.1,17889.216387977,FOLLOW,19.952170455513645,2.6265320052097074,2.850689628209896,0.06828820932980098,0.06758557710033086,0.04161961609155845,-0.022687908038080323,0.5220024531221685,0.8654731650303128,inf,green,False,unknown,0,0.6158061805076265,0.03823648300021887,0.04070735800269176,0.04490977100067539,0.0,0.02800000000002001,-0.0019999999999527063,0.009000000000014552,0.43918299707002006,0.5186529549583444
277.3,17889.462210969,FOLLOW,19.96590170175789,2.612840074549941,2.8496518217179294,0.06694112594667405,0.06606558097959549,0.04296996404995735,-0.022847474721667843,0.5412821820595961,0.8636993642153972,inf,green,False,unknown,0,0.6504137769291506,0.006003268998028943,0.025657456000772072,0.029173388000344858,0.0,-0.002999999999985903,-0.0020000000000095497,0.0049999999999954525,0.7480320018657949,0.5186529549583444
277.5,17889.712282359,FOLLOW,19.979344341706035,2.599445273205645,2.848519252304163,0.06563036138409888,0.06515715987984759,0.04417486518011551,-0.02209125234153081,0.5521613393019285,0.861668453004244,inf,green,False,unknown,0,0.6779740747076105,0.1522316390000924,0.016663317001075484,0.018948881999676814,0.0,0.1279999999999859,0.0,0.0009999999999763531,1.2226969993207604,0.5186529549583444
277.6,17889.863870874,FOLLOW,19.9882170385296,2.5906099733629406,2.84770561703797,0.06523661345913766,0.06515715987984759,0.04417486518011551,-0.02209125234153081,0.5521613393019285,0.861668453004244,inf,green,False,unknown,0,0.6779740747076105,0.3038201540002774,0.04465219299891032,0.009770138000021689,0.0,0.22800000000000864,0.0,-0.03499999999996817,0.5596949995378964,0.5186529549583444
277.8,17890.11134803,FOLLOW,19.99930725560771,2.579573657870465,2.8466137852850033,0.0652365343118447,0.06515715987984759,0.04417486518011551,-0.02209125234153081,0.5521613393019285,0.861668453004244,inf,green,False,unknown,0,0.6779740747076105,0.5512973100012459,0.04447869000068749,0.04478088900214061,0.0,0.42799999999999727,-0.0049999999999954525,-0.0049999999999954525,0.3555589973984752,0.5186529549583444
278.0,17890.312896332,FOLLOW,20.010397456296605,2.5685459011980205,2.8454388066342813,0.0652364251249321,0.06361172099646317,0.04958824118527376,-0.015542266800432164,0.5743171855161265,0.8608054578765428,inf,green,False,unknown,0,0.779545662473601,0.010635462000209372,0.01163055300276028,0.04507061000185786,0.0,0.023000000000024556,-0.002999999999985903,0.024999999999977263,26.626659997418756,0.5186529549583444
278.1,17890.468387789,FOLLOW,20.01921926707794,2.559780308942093,2.8444445683367094,0.06369733809238233,0.06361172099646317,0.04958824118527376,-0.015542266800432164,0.5743171855161265,0.8608054578765428,inf,green,False,unknown,0,0.779545662473601,0.16612691899717902,0.044068731000152184,0.030620210000051884,0.0,0.1230000000000473,-0.003999999999962256,-0.010999999999967258,0.46348000250873156,0.5186529549583444
278.3,17890.716501617,FOLLOW,20.032213558452856,2.5468814050832647,2.8428734295805906,0.06369743263333352,0.06068779455499805,0.05047704610133372,-0.015973776870954942,0.6033708080440322,0.8457272425147029,inf,green,False,unknown,0,0.8317495547739688,0.024058662998868385,0.04345973599993158,0.029547103000368224,0.0,-0.005999999999971806,-0.003999999999962256,-0.014999999999986358,26.11720799905015,0.5186529549583444
278.5,17890.962098336,FOLLOW,20.04479459800127,2.5344087838777787,2.8412257312999625,0.0601748569905471,0.060088038164216984,0.050745326852688,-0.016283286471351327,0.6112772027456199,0.8439675437941863,inf,green,False,unknown,0,0.8445162864862401,0.04819648199918447,0.046671172000060324,0.029666356000234373,0.0,0.021000000000015007,-0.002999999999985903,-0.019000000000005457,1.609347000339767,0.5186529549583444
278.6,17891.068919896,FOLLOW,20.048886712813506,2.5303557488717217,2.840661551985445,0.06017794141297134,0.060406587823085646,0.05117617362511101,-0.015386750035627617,0.6086267282899666,0.846218042266103,inf,green,False,unknown,0,0.8471952392840332,0.011094141998910345,0.02160204499887186,0.021064035998278996,0.0,-0.003999999999962256,-0.002999999999985903,0.013000000000033651,0.5892980007047299,0.5186529549583444
278.8,17891.315666813,FOLLOW,20.061204106217858,2.518168162735144,2.8388784161228116,0.06010589413342361,0.06001111111627686,0.052234973530334135,-0.015377541343940315,0.6203921405511138,0.850484251788729,inf,green,False,unknown,0,0.8704217028930564,0.012150490998465102,0.022931798001081916,0.022089705998951104,0.0,-0.003999999999962256,-0.002999999999985903,0.009000000000014552,0.3804160005529411,0.5186529549583444
279.0,17891.562332387,FOLLOW,20.07310333446206,2.5064125574881024,2.8370354912962394,0.04626620496802998,0.04613540098114392,0.03993536690826223,-0.01755307805552253,0.6275259806509794,0.6584072657760566,inf,green,False,unknown,0,0.865612220962039,0.012999963997572195,0.016508754997630604,0.015207638996798778,0.0,-0.0009999999999763531,-0.0049999999999954525,0.0049999999999954525,0.35880600262316875,0.5186529549583444
279.1,17891.662798019,FOLLOW,20.077820425859628,2.501757156820855,2.836275117690553,0.046208062530610466,0.0811734038539189,0.03381827362894526,-0.011594826766482727,0.3464681895383112,0.8415744974096808,inf,green,False,unknown,0,0.41661766075259365,0.015237920997606125,0.014689498999359785,0.017055680000339635,0.0,0.023000000000024556,-0.003999999999962256,0.0030000000000427463,2.589965999504784,0.5186529549583444
279.3,17891.962641891,FOLLOW,20.09414451958623,2.485662320425053,2.833549096228862,0.07969158681816646,0.07905847896796536,0.037886452790859455,-0.008932946235729544,0.3691431356324394,0.8445456446076686,inf,green,False,unknown,0,0.47922061346779915,0.05926591900060885,0.042937289999827044,0.04403959000046598,0.0,0.02400000000000091,-0.009999999999990905,-0.0009999999999763531,27.37068900023587,0.5186529549583444
279.5,17892.211521562,FOLLOW,20.11078417128718,2.4692777598518774,2.83064690276002,0.08661798671258823,0.08605480180589883,0.04356309550442244,-0.0017707199660629697,0.3438358706542161,0.8890367836842608,inf,green,False,unknown,0,0.5062250402096249,0.12209311799961142,0.0008827530000417028,0.015221686000586487,0.0,0.09300000000001774,-0.007000000000005002,-0.0049999999999954525,0.28387000202201307,0.5186529549583444
279.6,17892.365060233,FOLLOW,20.119586774675724,2.4606199153163444,2.8290571101503956,0.08613140754678021,0.08444663593312422,0.04658054113861038,8.719290558753534e-05,0.36110570733131214,0.8926780079670876,inf,green,False,unknown,0,0.5515973564121475,0.10060302700003376,0.01762535700254375,0.017104624002968194,0.0,0.06300000000004502,-0.007000000000005002,-0.007000000000005002,1.5914199975668453,0.5186529549583444
279.8,17892.610969448,FOLLOW,20.136843729695265,2.443668802001735,2.825822917835469,0.08387856207288873,0.0829385889628027,0.050393567191589723,0.0030855187610775298,0.37837214028893973,0.8966262083822414,inf,green,False,unknown,0,0.6076009710533035,0.08606537599916919,0.01908667899988359,0.018529495999246137,0.0,0.06499999999999773,-0.009000000000014552,-0.010999999999967258,0.6160500015539583,0.5186529549583444
280.0,17892.864318018,FOLLOW,20.153766410821536,2.4270790416040846,2.822483089494054,0.0827957253759152,0.0821860177034865,0.05590265818244734,0.007512456284255883,0.39791624744355725,0.9107994283096627,inf,green,False,unknown,0,0.680196701878595,0.0605291780011612,0.01941731700208038,0.018519164001190802,0.0,0.031999999999982265,-0.011000000000024102,-0.014999999999986358,23.945770000864286,0.5186529549583444
280.1,17892.966247656,FOLLOW,20.159379528178054,2.4215843516717253,2.8213361622882585,0.08227597071808017,0.08178207258301956,0.05741309750314106,0.008299977233092115,0.4069303585507427,0.9165616271172062,inf,green,False,unknown,0,0.702025464625627,0.07142854199992144,0.12134695500208181,0.0279191070003435,0.0,0.06499999999999773,0.08899999999999864,0.016999999999995907,22.4125959975936,0.5186529549583444
280.3,17893.21323881,FOLLOW,20.176083917269626,2.4052591498773723,2.8177976165658083,0.08148758330505967,0.08045472454150207,0.06050474227983549,0.01144827634080281,0.4201333624887731,0.9164389411990292,inf,green,False,unknown,0,0.7520346707373846,0.04038153999863425,0.10651294399940525,0.013433814001473365,0.0,0.055999999999983174,0.09000000000003183,0.013000000000033651,24.64190400132793,0.5186529549583444
280.5,17893.518297068,FOLLOW,20.192636477476594,2.3891254573377068,2.8140979169610367,0.08138307118102496,0.07979378367267939,0.06441341309372338,0.014950123707298979,0.4348424102899352,0.9252115928812963,inf,green,False,unknown,0,0.8072485114624023,0.11609683999995468,0.009536569999909261,0.026386798999737948,0.0,0.06499999999999773,-0.014999999999986358,0.009000000000014552,0.4580970016831998,0.5186529549583444
280.6,17893.662320076,FOLLOW,20.200838153498182,2.3811493033146203,2.812187880355871,0.07989069322083957,0.07942669786112963,0.06551289480880786,0.01632776811060399,0.43815257862814877,0.9246068281142316,inf,green,False,unknown,0,0.8248220884538244,0.13115789400035283,0.014535538000927772,0.057831427999190055,0.0,0.09300000000001774,-0.009999999999990905,0.007000000000005002,0.3926799981854856,0.5186529549583444
280.8,17893.860811236,FOLLOW,20.217064538125626,2.365407847934379,2.8082510920505164,0.07954355870276995,0.07891526689928798,0.0694664485054417,0.020247922424590947,0.45119702084912877,0.9329505567248304,inf,green,False,unknown,0,0.8802662809731747,0.08982878700044239,0.1002802420007356,0.0017506950025563128,0.0,0.09500000000002728,0.09100000000000819,0.002999999999985903,0.5130879981152248,0.5186529549583444
281.0,17894.161821457,FOLLOW,20.23587662719761,2.3472284988757277,2.8034139412815557,0.07903904458726138,0.07891526689928798,0.0694664485054417,0.020247922424590947,0.45119702084912877,0.9329505567248304,inf,green,False,unknown,0,0.8802662809731747,0.3908390079996025,0.021197098001721315,0.004410437999467831,0.0,0.2950000000000159,-0.012000000000000455,-0.03500000000002501,0.4053980010212399,0.5186529549583444
281.1,17894.26212437,FOLLOW,20.24125143265678,2.342049438127758,2.801976644162323,0.0790432941708049,0.07664477315150406,0.07428943403937571,0.027347531819345433,0.468773558016272,0.9248187815858643,inf,green,False,unknown,0,0.9692694098334333,0.0307701090023329,0.014286530000390485,0.014612209000915755,0.0,0.02800000000002001,-0.009999999999990905,-0.002999999999985903,26.585109997540712,0.5186529549583444
281.3,17894.572782217,FOLLOW,20.25706304400582,2.326855292767128,2.797601665971713,0.0766582765774645,0.07467837717848172,0.07713852673610345,0.031079775130170434,0.4892437423043095,0.9223233276584143,inf,green,False,unknown,0,1.0329432648454848,0.01435288699940429,0.02712573499957216,0.026324788999772863,0.0,-0.003999999999962256,-0.009000000000014552,-0.007000000000005002,22.383669998816913,0.5186529549583444
281.5,17894.81663812,FOLLOW,20.272453574573092,2.3121330905502964,2.793116081440761,0.07481829589609891,0.07504616518162115,0.07969394208322873,0.03474047545965353,0.48860029606590927,0.9261950638749956,inf,green,False,unknown,0,1.061932237181732,0.0528429869991669,0.02685055999972974,0.027129657999466872,0.0,0.026999999999986812,-0.011000000000024102,-0.011000000000024102,31.815247999475105,0.5186529549583444
281.6,17894.924121495,FOLLOW,20.27755205982507,2.3072719117306453,2.7915787309426996,0.07498149892922082,0.07371543162367755,0.08055540083204783,0.03618515134526776,0.5008202415446411,0.9222826794556763,inf,green,False,unknown,0,1.0927888375298243,0.026927308001177153,0.1343339350023598,0.04428294200261007,0.0,0.02600000000001046,0.08899999999999864,0.021000000000015007,26.96807699976489,0.5186529549583444
281.8,17895.167900294,FOLLOW,20.292713353432013,2.2928666189716638,2.7868514337727817,0.0739044642292594,0.0737517129230794,0.08197769214665572,0.03788817584773044,0.5040821420191938,0.9260778694039206,inf,green,False,unknown,0,1.1115361107904809,0.14610832199832657,0.11945690400170861,0.028924998001457425,0.0,0.12999999999999545,0.09000000000003183,0.016999999999995907,0.5307989995344542,0.5186529549583444
282.0,17895.52445363,FOLLOW,20.31029719771837,2.27626121993527,2.781068469039218,0.07373795062728777,0.07337224382255267,0.08636239822031386,0.0441978553333677,0.5143674819636359,0.9317943587506864,inf,green,False,unknown,0,1.1770445296613425,0.0382977330009453,0.04389419200015254,0.04423743300139904,0.0,-0.005999999999971806,-0.021000000000015007,-0.021000000000015007,32.45172799870488,0.5186529549583444
282.1,17895.616398804,FOLLOW,20.3153112814601,2.2715474234623514,2.779359344555635,0.0737389005480701,0.07337224382255267,0.08636239822031386,0.0441978553333677,0.5143674819636359,0.9317943587506864,inf,green,False,unknown,0,1.1770445296613425,0.058266870997613296,0.012108801998692797,0.05655900700003258,0.0,0.05500000000000682,-0.02199999999999136,0.011000000000024102,0.5093270010547712,0.5186529549583444
282.3,17895.864671453,FOLLOW,20.33027961167864,2.257536326953057,2.7740930003820883,0.07320622074964368,0.07276595151521358,0.08912868797073899,0.04915645807318733,0.5208749838098573,0.9306714503261272,inf,green,False,unknown,0,1.2248680339472282,0.03869339300217689,0.1357325460012362,0.04430997600138653,0.0,0.023000000000024556,0.07999999999998408,0.007000000000005002,28.005412001220975,0.5186529549583444
282.5,17896.111651429,FOLLOW,20.345154475261225,2.2437085679634357,2.7686113236886865,0.07259671917240264,0.07240720744256837,0.09049755288460555,0.051613752400018476,0.5252205907951514,0.9304533228866693,inf,green,False,unknown,0,1.2498417779250222,0.1036118379997788,0.0021291470002324786,0.03147108800112619,0.0,0.08899999999999864,-0.01999999999998181,0.002999999999985903,25.31588199781254,0.5186529549583444
282.6,17896.261787465,FOLLOW,20.35502658884392,2.234587677575955,2.764834175398126,0.07258632825686201,0.07240720744256837,0.09049755288460555,0.051613752400018476,0.5252205907951514,0.9304533228866693,inf,green,False,unknown,0,1.2498417779250222,0.2537478739977814,0.016871592997631524,0.013668804000189994,0.0,0.18900000000002137,-0.02199999999999136,-0.03299999999995862,0.42700999983935617,0.5186529549583444
282.8,17896.524999942,FOLLOW,20.36736563427566,2.2232537554731446,2.759956533288927,0.07258647476997361,0.07166633688489724,0.09324192689124354,0.05755928147715958,0.5302869219300899,0.9259757770368876,inf,green,False,unknown,0,1.3010561296163177,0.10616570099955425,0.030178775999956997,0.03853113000150188,0.0,0.06200000000001182,-0.021000000000015007,-0.002999999999985903,0.460840998130152,0.5186529549583444
283.0,17896.712229238,FOLLOW,20.379605196994053,2.212087323780418,2.754945073626886,0.0718495956806874,0.07117209815518445,0.09462623244280416,0.060167921398237734,0.5369781864760523,0.9262042146825044,inf,green,False,unknown,0,1.3295411389513914,0.06662560400218354,0.06624445100169396,0.03144875799989677,0.0,0.09600000000000364,0.07499999999998863,0.026999999999986812,0.5072109997854568,0.5186529549583444
283.1,17896.860765158,FOLLOW,20.389309967850313,2.203291092772105,2.7508453550433813,0.07135784932399546,0.07172558360452248,0.09591052062342745,0.06118219150589024,0.5372781776668736,0.9337058929574976,inf,green,False,unknown,0,1.337187037086444,0.21516152399999555,0.01662035899789771,0.02104286299800151,0.0,0.19600000000002638,-0.020999999999958163,-0.008999999999957708,0.3693979997478891,0.5186529549583444
283.3,17897.11085753,FOLLOW,20.403881965354678,2.190184399199094,2.7444773789171766,0.07104967247981744,0.07089402897044125,0.09761498709908195,0.06633310573762485,0.5398281958888986,0.9253917687025711,inf,green,False,unknown,0,1.3769140859490692,0.13290939400030766,0.011175782998179784,0.012653034998947987,0.0,0.09800000000001319,-0.02199999999999136,-0.012999999999976808,0.3189890012436081,0.5186529549583444
283.5,17897.362134377,FOLLOW,20.41838465624515,2.177267833463728,2.737883167589143,0.07111315356303236,0.07018539532487442,0.09901721912417989,0.0698589430026414,0.5467979270023952,0.9229359277699263,inf,green,False,unknown,0,1.4107952041282752,0.07976607399905333,0.005920637999224709,0.009311008998338366,0.0,0.06099999999997863,-0.021000000000015007,-0.016999999999995907,0.29242000164231285,0.5186529549583444
283.6,17897.51147101,FOLLOW,20.425563906176393,2.170923357646979,2.7345232757655813,0.07038630971443165,0.0705218697975795,0.10021164643812198,0.0725560891057087,0.5410240771780801,0.9217052423213885,inf,green,False,unknown,0,1.4210009848825862,0.11697933499817736,0.029324641000130214,0.0425076600004104,0.0,0.06200000000001182,-0.020999999999958163,-0.019000000000005457,1.6921080023166724,0.5186529549583444
283.8,17897.713976233,FOLLOW,20.43755149117461,2.1604061521161055,2.728771120048034,0.07021254355638809,0.06978358694276003,0.1010707898855056,0.07585095157705259,0.545014786668269,0.9159239101063745,inf,green,False,unknown,0,1.4483461557860142,0.008544730000721756,0.1068743159994483,0.019431627999438206,0.0,0.02600000000001046,0.07900000000000773,0.011000000000024102,0.26343599893152714,0.5186529549583444
284.0,17898.021584103,FOLLOW,20.451835408550636,2.148004534281559,2.721684282775542,0.0699823397439791,0.06913786334403121,0.10225478222275404,0.07925976539925357,0.5513216718782276,0.9135048298129471,inf,green,False,unknown,0,1.4789982981384955,0.028567794000991853,0.014845158999378327,0.058676710999861825,0.0,-0.002999999999985903,-0.02199999999999136,0.007000000000005002,28.778111998690292,0.5186529549583444
284.1,17898.174199827,FOLLOW,20.461297312343127,2.139870901174037,2.716849997870072,0.06935227865178097,0.06913786334403121,0.10225478222275404,0.07925976539925357,0.5513216718782276,0.9135048298129471,inf,green,False,unknown,0,1.4789982981384955,0.18118351800148957,0.04368106200126931,0.040837625001586275,0.0,0.09700000000003683,-0.02400000000000091,-0.028999999999996362,0.36986700069974177,0.5186529549583444
284.3,17898.41100177,FOLLOW,20.4754512830755,2.127830341758889,2.709410047933662,0.06947156942877926,0.06970854418221639,0.10502111841402614,0.08295146303450289,0.554406961159763,0.9240322197197254,inf,green,False,unknown,0,1.5065745475834866,0.06032160199902137,0.003474089000519598,0.0022404070004995447,0.0,0.028999999999996362,-0.022999999999967713,-0.03300000000001546,0.29298099980223924,0.5186529549583444
284.5,17898.665335312,FOLLOW,20.48731814362277,2.117857062410877,2.7029794508761404,0.06993586038645806,0.06980907106381416,0.10678209007838853,0.08651951633625247,0.5550188221926883,0.9259580114684649,inf,green,False,unknown,0,1.5296305831197272,0.01428840699736611,0.013829636998707429,0.013150967999536078,0.0,-0.002999999999985903,-0.02199999999999136,-0.002999999999985903,0.3689480035973247,0.5186529549583444
284.6,17898.761054571,FOLLOW,20.49445725180078,2.1119123335512278,2.6990263973401625,0.07004655643042501,0.06939821188252908,0.10636281145016191,0.08656060317629828,0.5571694949520181,0.9225812696968542,inf,green,False,unknown,0,1.532644841486739,0.11000766600045608,0.0016230889996222686,0.027822711002954748,0.0,0.09700000000003683,-0.022999999999967713,-0.0049999999999954525,25.4924779983412,0.5186529549583444
284.8,17899.018206332,FOLLOW,20.50865707633455,2.100216130400932,2.6909749170529067,0.0694081101535021,0.0695472134577485,0.10819869063461815,0.08977923985455231,0.5598912267755554,0.9271911117330504,inf,green,False,unknown,0,1.5557588184370792,0.08851724199848832,0.012587741999595892,0.016792332000477472,0.0,0.06100000000003547,-0.022999999999967713,-0.009000000000014552,0.26178900225204416,0.5186529549583444
285.0,17899.262749424,FOLLOW,20.522873621474123,2.0886831539094186,2.6826627040168733,0.06976096229704747,0.06906324689171418,0.10870649316666904,0.09316195839680756,0.5582722702897857,0.9191860332292632,inf,green,False,unknown,0,1.5740136477671314,0.08712383700185455,0.13236210499962908,0.008989264999399893,0.0,0.055999999999983174,0.07600000000002183,-0.012999999999976808,0.508082997839665,0.5186529549583444
285.1,17899.421390721,FOLLOW,20.529941144083637,2.0830177807010606,2.6784374250060146,0.06927290714694918,0.06905875010882587,0.10923107817633175,0.09401930530837144,0.5603883653508608,0.9211558351415117,inf,green,False,unknown,0,1.5817123536727864,0.01673390599898994,0.021891879998293007,0.029705160999583313,0.0,-0.002999999999985903,-0.02199999999999136,-0.014999999999986358,0.2952840004581958,0.5186529549583444
285.3,17899.669172636,FOLLOW,20.544044631837913,2.0718522410903404,2.6698216641446004,0.069345361045195,0.06912639944001367,0.11049043966107028,0.09666718655117403,0.5613303112644407,0.9229625429202555,inf,green,False,unknown,0,1.598382680945959,0.06518308800150407,0.013194580002164003,0.015354746999946656,0.0,0.05299999999999727,-0.022999999999967713,-0.019000000000005457,0.33949299904634245,0.5186529549583444
285.5,17899.914123486,FOLLOW,20.55817036703018,2.0608621757307706,2.6609477156185233,0.06903287363849762,0.06882093794395037,0.11089894479092834,0.09901118491118605,0.5609053396386755,0.9184778715178313,inf,green,False,unknown,0,1.6114128650970643,0.04033917400010978,0.010222867000265978,0.010692528998333728,0.0,0.02600000000001046,-0.023000000000024556,-0.023000000000024556,0.23803899966878816,0.5186529549583444
285.6,17900.021359018,FOLLOW,20.562866946491194,2.0572520499615856,2.657943589221972,0.06909686315872386,0.06907988413013141,0.11204356796701771,0.10058540887537265,0.5621896359881008,0.9231659522954352,inf,green,False,unknown,0,1.6219420367867454,0.1475747059994319,0.1174583989995881,0.03316992499821936,0.0,0.1260000000000332,0.07699999999999818,0.009000000000014552,0.579952000407502,0.5186529549583444
285.8,17900.268407887,FOLLOW,20.577007746617532,2.0465184431799153,2.648737949205827,0.06928709903779018,0.06907988413013141,0.11204356796701771,0.10058540887537265,0.5621896359881008,0.9231659522954352,inf,green,False,unknown,0,1.6219420367867454,0.3946235750008782,0.1311536809989775,0.041483811000944115,0.0,0.32600000000002183,0.07800000000003138,0.0049999999999954525,0.43750899931183085,0.5186529549583444
286.0,17900.510916858,FOLLOW,20.591150145589065,2.0359920702615444,2.6392936473168405,0.06926492132304606,0.06907988413013141,0.11204356796701771,0.10058540887537265,0.5621896359881008,0.9231659522954352,inf,green,False,unknown,0,1.6219420367867454,0.637132545998611,0.12671793299887213,0.02461832399785635,0.0,0.5260000000000105,0.07799999999997453,0.0009999999999763531,0.5561530015256722,0.5186529549583444
286.1,17900.621555201,FOLLOW,20.598221623259796,2.0308084108764963,2.6344837605394393,0.06933333603734106,0.06845522056875342,0.11083753349426168,0.1093190173280976,0.5169202700363738,0.8717774906847349,inf,green,False,unknown,0,1.6191246273604702,0.06191286900138948,0.10875676299838233,0.014295453998784069,0.0,0.06400000000002137,0.07699999999999818,-0.0009999999999763531,0.341413000569446,0.5186529549583444
286.3,17900.913143529,FOLLOW,20.61221440126481,2.0207107078101636,2.624797351020353,0.06851062766681768,0.0677860505125879,0.11068977664975178,0.11076534527729864,0.521906430128322,0.8679499422299726,inf,green,False,unknown,0,1.6329285422698676,0.19383590900179115,0.13482627000121283,0.02585867499874439,0.0,0.12999999999999545,0.07600000000002183,-0.0049999999999954525,2.7621539993560873,0.5186529549583444
286.5,17901.164591787,FOLLOW,20.626126839118314,2.010886021326089,2.614947286560288,0.06844249609688213,0.06815108246022636,0.11184455783186484,0.11306762385190555,0.5176991849905795,0.8686415670829933,inf,green,False,unknown,0,1.6411266526417745,0.21028897699943627,0.13666796200050157,0.014438072001212277,0.0,0.160000000000025,0.07799999999997453,-0.009000000000014552,0.22189399896888062,0.5186529549583444
286.6,17901.264896269,FOLLOW,20.630778501688155,2.0076500846886054,2.6116056395564167,0.06841122553314204,0.06863190045831205,0.11330519833816516,0.11551002649137543,0.5142783349075623,0.8715091621189874,inf,green,False,unknown,0,1.6509115670924526,0.04874063500028569,0.0996656620009162,0.03632114799984265,0.0,0.05900000000002592,0.07500000000004547,0.023000000000024556,27.411882998421788,0.5186529549583444
286.8,17901.519349051,FOLLOW,20.644739274575254,1.998088541311957,2.601433513265468,0.0681160693855194,0.06782226074981851,0.11240517957498329,0.11626967388605762,0.5163524220290978,0.8631818459109056,inf,green,False,unknown,0,1.6573493471357645,0.22635113099750015,0.12256926400004886,0.04168037099952926,0.0,0.19499999999999318,0.07699999999999818,0.019000000000005457,0.4154439993726555,0.5186529549583444
287.0,17901.772023361,FOLLOW,20.658655784302447,1.9887866773928633,2.59108282852977,0.06833999739383527,0.06839988715266533,0.11462921859177173,0.11950939300246026,0.5172228875764331,0.8713603056120813,inf,green,False,unknown,0,1.675868533758319,0.023643432999961078,0.10813210100241122,0.034732647000055294,0.0,0.026999999999986812,0.07799999999997453,0.014999999999986358,1.2806979975721333,0.5186529549583444
287.1,17901.911046189,FOLLOW,20.667998800241993,1.9826737378925365,2.584017253827939,0.06901502593860953,0.06886437316399358,0.11532066490379747,0.12058033062229327,0.510621205656727,0.8709633127415358,inf,green,False,unknown,0,1.6746055994610292,0.05648837400076445,0.0005845600026077591,0.0017324390028079506,0.0,0.05600000000004002,-0.022999999999967713,-0.020999999999958163,0.46789699990767986,0.5186529549583444
287.3,17902.218293026,FOLLOW,20.682077748174443,1.9736662674538388,2.5731971834049645,0.06889781928591657,0.0693864886224199,0.11732001696061042,0.1238565117985482,0.509426122568766,0.8764150737020713,inf,green,False,unknown,0,1.690819340909873,0.044589532997633796,0.04558521999933873,0.045038459000352304,0.0,-0.0020000000000095497,-0.022999999999967713,-0.024999999999977263,0.2531509999244008,0.5186529549583444
287.5,17902.411058003,FOLLOW,20.693876789964992,1.9663096152119894,2.563972602008908,0.06949821365922633,0.06917873305307072,0.11722179053004159,0.12409624229897023,0.5117299433794449,0.8760044773546931,inf,green,False,unknown,0,1.6944772671698751,0.23735450999811292,0.11983537299965974,0.024151628000254277,0.0,0.19799999999997908,0.07600000000002183,0.0049999999999954525,3.5421729990048334,0.5186529549583444
287.6,17902.571988982,FOLLOW,20.70331092317596,1.9605563220761373,2.55649591609024,0.06907965199834568,0.06899516338861078,0.11775610453910854,0.12718181457089117,0.5079689629453955,0.8700759298639591,inf,green,False,unknown,0,1.7067298453350261,0.025793410997721367,0.027024147999327397,0.027413554998929612,0.0,-0.003999999999962256,-0.03099999999994907,-0.03099999999994907,33.114091002062196,0.5186529549583444
287.8,17902.817448232,FOLLOW,20.717427977261092,1.952165021829306,2.545143885429898,0.06913967734533982,0.06928552003710434,0.11868006098505017,0.12917915879869585,0.5038822081643332,0.8698048450687781,inf,green,False,unknown,0,1.712912898993811,0.01241753000067547,0.02442805899772793,0.010000652000599075,0.0,-0.002999999999985903,-0.027999999999963165,-0.03499999999996817,25.85045900195837,0.5186529549583444
288.0,17903.067371775,FOLLOW,20.72923706425934,1.945350155810137,2.535499825918326,0.06962022119881787,0.0697283387112396,0.11960144975145426,0.1306455168803779,0.49869271776572005,0.870338197523508,inf,green,False,unknown,0,1.7152488064680589,0.11819887399906293,0.023794196000380907,0.04366920900065452,0.0,0.06200000000001182,-0.026999999999986812,-0.0049999999999954525,0.321513998642331,0.5186529549583444
288.1,17903.161033561,FOLLOW,20.73637423480597,1.9413232403918506,2.5296072348345886,0.07001673662953399,0.06981769571194717,0.11993318408012985,0.13171207295195106,0.49576713530492816,0.8686166289094734,inf,green,False,unknown,0,1.7178049612944608,0.026557154997135513,0.11745598199922824,0.0010403259984741453,0.0,0.02800000000002001,0.07300000000003593,-0.007000000000005002,29.603284001495922,0.5186529549583444
288.3,17903.414621249,FOLLOW,20.74830806857555,1.934746015596135,2.5196497218390053,0.07073046270856351,0.07099803914485103,0.12201375126950287,0.1328423134112885,0.49067527649137394,0.8782805298011886,inf,green,False,unknown,0,1.7185510013955312,0.06989727900145226,0.11648357400190434,0.012179368000943214,0.0,0.06100000000003547,0.07300000000003593,0.023000000000024556,0.3126699994027149,0.5186529549583444
288.5,17903.662742834,FOLLOW,20.762832502763782,1.9270090200683012,2.5073579277132203,0.07121285553647876,0.07133177401584738,0.12282526617016908,0.13455262558126893,0.4851780636702496,0.8769628000209947,inf,green,False,unknown,0,1.72188716549909,0.13007994600047823,0.10844712800098932,0.03350790100012091,0.0,0.117999999999995,0.07100000000002638,0.019000000000005457,0.43990799895254895,0.5186529549583444
288.6,17903.81120618,FOLLOW,20.772572876485988,1.9219871185012294,2.499012063112515,0.07169273180965366,0.07218237782424489,0.12404037473540161,0.13568960072821246,0.4756675182105562,0.8778856062207391,inf,green,False,unknown,0,1.718430155313316,0.08081644999765558,0.13092329499704647,0.006490479998319643,0.0,0.06100000000003547,0.07100000000002638,-0.016999999999995907,0.28889200257253833,0.5186529549583444
288.8,17904.068899506,FOLLOW,20.784891246275603,1.915830146928282,2.4883430021080457,0.07361518493099178,0.07399017864667334,0.1267862129795284,0.13693832815409288,0.4640133608032426,0.8878958738742299,inf,green,False,unknown,0,1.7135546270941302,0.1191323380007816,0.12408411400247132,0.01790901500135078,0.0,0.08899999999999864,0.07300000000003593,0.013000000000033651,0.3959360001317691,0.5186529549583444
289.0,17904.317477566,FOLLOW,20.800837635198107,1.9081743078372146,2.474354988517271,0.08374622138365294,0.08356180259411508,0.14300331633092758,0.1379608416325213,0.45624895220249173,0.9937459154911458,inf,green,False,unknown,0,1.7113479112644072,0.2120862619995023,0.11001589900115505,0.02818850800031214,0.0,0.16100000000000136,0.07100000000002638,0.009000000000014552,0.6228689999261405,0.5186529549583444
289.1,17904.461487962,FOLLOW,20.812310464378278,1.9028742932923413,2.4641799236107476,0.08584366992358385,0.08572527176253299,0.1461594293863173,0.1401030319880401,0.4379682173750007,0.9977090717060729,inf,green,False,unknown,0,1.7049748152585922,0.12191091099884943,0.010263320997182745,0.009393457999976818,0.0,0.09300000000001774,-0.027999999999963165,-0.026999999999986812,0.4191670013824478,0.5186529549583444
289.3,17904.673795745,FOLLOW,20.82705811028592,1.8963467262924525,2.450955943792787,0.08787883861147244,0.08971410946473378,0.15086833261238236,0.1423223315164855,0.4010224638828493,0.9980974584513431,inf,green,False,unknown,0,1.6816566927155203,0.026021407000371255,0.09325397899738164,0.014754517997062067,0.0,0.02400000000000091,0.07100000000002638,0.002999999999985903,27.509388000908075,0.5186529549583444
289.5,17904.922316965,FOLLOW,20.84539645955555,1.8886791353840413,2.4342982515254037,0.0916488033599875,0.09190265894649698,0.1531338158220478,0.14278458154476947,0.38210297188852127,0.9982964262015622,inf,green,False,unknown,0,1.6662609937237811,0.07872775899886619,0.07811211499938508,0.01414376499815262,0.0,0.09500000000002728,0.07100000000002638,-0.0009999999999763531,33.54714500164846,0.5186529549583444
289.6,17905.11220732,FOLLOW,20.854781904614335,1.8849478899672019,2.425686464147055,0.09229981147278142,0.09381222690136949,0.155024759371581,0.14316228325871797,0.36538387234016517,0.9972550763697834,inf,green,False,unknown,0,1.6525005800637051,0.0018293439970875625,0.0012899579996883404,0.000521656998898834,0.0,-0.002999999999985903,-0.028999999999996362,-0.002999999999985903,0.41846100066322833,0.5186529549583444
289.8,17905.316414654,FOLLOW,20.873976284417235,1.8777247234488987,2.407903839609224,0.09607659721937803,0.09801507188228403,0.15873833473119597,0.14288927628218173,0.3323494267967454,0.9969622459782294,inf,green,False,unknown,0,1.619529850693172,0.0760887790020206,0.09821826500046882,0.019574216999899363,0.0,0.060000000000002274,0.07100000000002638,-0.007000000000005002,26.170914999966044,0.5186529549583444
290.0,17905.573220327,FOLLOW,20.890693927526737,1.8718781073738544,2.392242383569662,0.10095352467149274,0.10268333171603274,0.1623694363299878,0.14194203693019392,0.2983228130683248,0.9959182369328876,inf,green,False,unknown,0,1.581263809972732,0.04186137500073528,0.11796898800093913,0.04469816800337867,0.0,0.03100000000000591,0.07100000000002638,0.023000000000024556,33.18931099784095,0.5186529549583444
290.1,17905.711683877,FOLLOW,20.901056305537157,1.8684600236689048,2.3824600762456285,0.10318768381686794,0.10268333171603274,0.1623694363299878,0.14194203693019392,0.2983228130683248,0.9959182369328876,inf,green,False,unknown,0,1.581263809972732,0.1803249250006047,0.10453205600060755,0.030508958003338194,0.0,0.13100000000002865,0.07200000000000273,0.021000000000015007,0.43907899816986173,0.5186529549583444
290.3,17905.975710793,FOLLOW,20.922348586412408,1.8619272356960517,2.3621956961017267,0.10709869523109547,0.11051292044628935,0.16732900220128627,0.1386333225536845,0.2505948179208221,0.9985990743840545,inf,green,False,unknown,0,1.5141125718653887,0.0255482970023877,0.10633152300215443,0.04501181500017992,0.0,0.025000000000034106,0.06799999999998363,0.016999999999995907,28.60292799960007,0.5186529549583444
290.5,17906.26599919,FOLLOW,20.9485418468494,1.854783722786063,2.336997017243448,0.11189145510149541,0.11514677846924079,0.16965140833413436,0.13651977985398933,0.22355316167895797,0.9972241357172453,inf,green,False,unknown,0,1.4733491513134553,0.006228485999599798,0.01246146400080761,0.01623955299874069,0.0,-0.007000000000005002,-0.03300000000001546,-0.021000000000015007,0.46691600073245354,0.5186529549583444
290.6,17906.361052543,FOLLOW,20.956395106200358,1.8528304965067282,2.3293905338552365,0.11573517115460322,0.12013167089950014,0.17205973860361465,0.13425918627148958,0.19805818582190643,0.9978573494154079,inf,green,False,unknown,0,1.4322595974508383,0.02916218700192985,0.10751481700208387,0.03418073000284494,0.0,0.03100000000000591,0.06700000000000728,0.011000000000024102,23.761118998663733,0.5186529549583444
290.8,17906.611308881,FOLLOW,20.98078441621636,1.847305553578756,2.3056364303899306,0.12253986604807067,0.12724188309321657,0.17378238370137625,0.12971704693207609,0.16443276317332803,0.9974928842455806,inf,green,False,unknown,0,1.3657640037758982,0.010028814001998398,0.07918154400249477,0.015482858001632849,0.0,0.026999999999986812,0.06700000000000728,0.007000000000005002,25.674528998933965,0.5186529549583444
291.0,17906.861215103,FOLLOW,21.00666878700943,1.8423083356478673,2.280240283389986,0.1278820883594005,0.1318797231836344,0.17387589987863905,0.12611072339021573,0.14435373192264475,0.9970724927768988,inf,green,False,unknown,0,1.318443015205056,0.09129367499917862,0.08188673199765617,0.004214958000375191,0.0,0.09199999999998454,0.07100000000002638,0.002999999999985903,0.24547100110794418,0.5186529549583444
291.1,17907.01130935,FOLLOW,21.020169789843877,1.8400445135001835,2.2669305814875536,0.1324744603875279,0.10120027572782092,0.13851063852771758,0.11889375142081385,0.23637414574294693,0.8944616529894824,inf,green,False,unknown,0,1.3686784698121102,0.015195529998891288,0.10866621099921758,0.01471489500181633,0.0,0.02800000000002001,0.07100000000002638,0.0010000000000331966,0.8097149984678254,0.5186529549583444
291.3,17907.271890288,FOLLOW,21.03985113005327,1.8371872699996994,2.2474583944347857,0.10225446680740474,0.10267382146309814,0.13326995689267382,0.1117344706172454,0.21876257769542776,0.8823710893103714,inf,green,False,unknown,0,1.2979935390889505,0.05926718400223763,0.1327133920021879,0.028001984999718843,0.0,0.03000000000002956,0.07100000000002638,-0.002999999999985903,26.547966001089662,0.5186529549583444
291.5,17907.51094705,FOLLOW,21.060919517165964,1.8346973381403164,2.226538285061764,0.10519474988505298,0.10500743031038925,0.13319181158500254,0.10978245615245522,0.20545599835019857,0.8830191465661893,inf,green,False,unknown,0,1.268403685256402,0.2000949600005697,0.10501749600007315,0.0002019239982473664,0.0,0.15899999999999181,0.07100000000002638,-0.007000000000005002,0.1938560017151758,0.5186529549583444
291.6,17907.661744409,FOLLOW,21.071667575283232,1.8336415234321919,2.215842281238467,0.10558154098428578,0.1589320704612758,0.16948222641886568,0.10722421586993199,0.05196331012731836,0.9976592312648112,inf,green,False,unknown,0,1.0663815422964646,0.08546937299979618,0.0028692150008282624,0.01281659700180171,0.0,0.060000000000002274,-0.028999999999996362,-0.008999999999957708,0.29070600066916086,0.5186529549583444
291.8,17907.911423191,FOLLOW,21.103680796604742,1.831238837578923,2.1839207559635585,0.16321175825625955,0.1699991038737089,0.1640929275753763,0.09941227727753998,0.022822698734932576,0.9983261094778019,inf,green,False,unknown,0,0.9652576033417196,0.098565422998945,0.0007017919997451827,0.015353716000390705,0.0,0.060000000000002274,-0.033999999999991815,-0.012999999999976808,0.45261800187290646,0.5186529549583444
292.0,17908.173583238,FOLLOW,21.138269867525757,1.8297718253770199,2.1493642604989915,0.17085556643259894,0.1727435276629562,0.1410702553237287,0.0880763066157431,-0.015953247681211716,0.9979615464904982,inf,green,False,unknown,0,0.8166456783201397,0.03235936100099934,0.015199204000964528,0.03175963299872819,0.0,-0.002999999999985903,-0.029999999999972715,-0.016999999999995907,0.46593799925176427,0.5186529549583444
292.1,17908.261375135,FOLLOW,21.15586155777101,1.829442010888498,2.1317758006317784,0.17343180491513233,0.16697820729550067,0.12741401324257237,0.08412899878890137,-0.029637926510149227,0.9963912604836221,inf,green,False,unknown,0,0.7630577385292459,0.016267781000351533,0.10299110100095277,0.00033896400054800324,0.0,0.02600000000001046,0.07000000000005002,-0.019000000000005457,0.28302300052018836,0.5186529549583444
292.3,17908.511912044,FOLLOW,21.18424971210937,1.8294081000437377,2.1033881581827436,0.16434730022390856,0.15852213723912753,0.10398817501678163,0.07589201240917967,-0.053016275861419535,0.9974042813008668,inf,green,False,unknown,0,0.6559851944206222,0.1036625130000175,0.11469892599779996,0.044586669999262085,0.0,0.09000000000003183,0.06900000000001683,0.011000000000024102,25.353707998874597,0.5186529549583444
292.5,17908.82054185,FOLLOW,21.216530834168907,1.8300408531050858,2.0711137573989937,0.15386188463970754,0.15053061919050034,0.07810820855556763,0.0648472369665474,-0.07700561470659563,0.9972770908212371,inf,green,False,unknown,0,0.5188858517662756,0.0619190659999731,0.12655667799845105,0.012753971001075115,0.0,0.057999999999992724,0.06900000000001683,0.007000000000005002,0.433959998190403,0.5186529549583444
292.6,17908.974976017,FOLLOW,21.237164763395004,1.8307522059202164,2.050492183360482,0.15099045459970784,0.14901868650415317,0.0726450467199059,0.06229527547360243,-0.08200506637329834,0.9976078038791124,inf,green,False,unknown,0,0.4874895117122192,0.03564362800170784,0.026443271002790425,0.025802535001275828,0.0,0.021000000000015007,-0.029999999999972715,-0.028999999999996362,0.3466579983069096,0.5186529549583444
292.8,17909.218264537,FOLLOW,21.26696071250529,1.832153811498097,2.020729503820548,0.14258562802762137,0.14210937549163266,0.08264023339015539,0.05317350625087418,0.04496990217796921,0.8782554848761678,inf,green,False,unknown,0,0.5815255545544299,0.22497306399964145,0.025118779001786606,0.024448115000268444,0.0,0.16500000000002046,-0.031999999999982265,-0.03300000000001546,0.3081089998886455,0.5186529549583444
293.0,17909.411547805,FOLLOW,21.291199927992107,1.833653533995575,1.996536909202163,0.14258018155540306,0.14858947791296484,0.06340203266126941,0.039924071679440606,0.02455688583546702,0.8761761945923092,inf,green,False,unknown,0,0.4266926134460656,0.05212434200075222,0.11113454400037881,0.015999696999642765,0.0,0.06400000000002137,0.06799999999998363,-0.002999999999985903,0.34909899841295555,0.5186529549583444
293.1,17909.565400775,FOLLOW,21.311280166078678,1.8351299240783971,1.976511081114841,0.1508458724427801,0.15050058637000202,0.05795881108797151,0.036645704838403736,0.017622186902559442,0.8729497779160802,inf,green,False,unknown,0,0.38510687888936984,0.1480178510028054,0.024390207003307296,0.008125183001538971,0.0,0.09200000000004138,-0.031999999999982265,-0.03899999999998727,0.27925799804506823,0.5186529549583444
293.3,17909.818279952,FOLLOW,21.33706214942532,1.8372551299935298,1.9508169309603638,0.1522443360331073,0.15280379948765693,0.04942433803638113,0.030416804966120356,0.01671703047836793,0.8843881328931716,inf,green,False,unknown,0,0.3234496668413896,0.025376896999659948,0.02647235399854253,0.02685598099924391,0.0,-0.0009999999999763531,-0.03100000000000591,-0.009000000000014552,0.311787000100594,0.5186529549583444
293.5,17910.066737005,FOLLOW,21.368313908842573,1.8401366703758353,1.9196984174088942,0.15363795155973914,0.14665940009013598,0.03445399127384969,0.027371786360538858,-0.023454204855016106,0.8625491618011419,inf,green,False,unknown,0,0.23492521619940132,0.008498524999595247,0.12340216799930204,0.02973042799931136,0.0,-0.002999999999985903,0.06799999999998363,-0.012999999999976808,28.113525000662776,0.5186529549583444
293.6,17910.161227073,FOLLOW,21.378761340217213,1.8411639840536824,1.909301620451651,0.1536404716535077,0.14665940009013598,0.03445399127384969,0.027371786360538858,-0.023454204855016106,0.8625491618011419,inf,green,False,unknown,0,0.23492521619940132,0.10298859300019103,0.06587487499928102,0.03656470900023123,0.0,0.09700000000003683,0.06900000000001683,0.019000000000005457,0.3471449999778997,0.5186529549583444
293.8,17910.418859747,FOLLOW,21.408731280446858,1.8442596717357576,1.87949204940627,0.14686930108895116,0.1325305551606878,0.019851078337357036,0.024938080606382754,-0.06494250154054888,0.8558206645412207,inf,green,False,unknown,0,0.14978491800089744,0.06723613099893555,0.11560165099945152,0.03289410099750967,0.0,0.06499999999999773,0.06900000000001683,0.014999999999986358,0.4961660015396774,0.5186529549583444
294.0,17910.661203325,FOLLOW,21.439040089168284,1.8476874525191587,1.8493778552112121,0.15641501422147752,0.1512327982092954,0.02065624327666218,0.015588939283404137,-0.011643124796458838,0.8646380781470369,inf,green,False,unknown,0,0.13658573749376385,0.15571920599904843,0.09727123299671803,0.013345167997613316,0.0,0.125,0.06499999999999773,0.011000000000024102,0.2848390031431336,0.5186529549583444
294.1,17910.813369902,FOLLOW,21.45465052297442,1.8495356572420634,1.8338772204963945,0.15128491755748882,0.14629304763721684,0.012825202885309556,0.012314637632913444,-0.022894714599797677,0.8592577309510475,inf,green,False,unknown,0,0.08766789052829078,0.15074157100025332,0.11052161499901558,0.02486684700124897,0.0,0.1220000000000141,0.06700000000000728,0.009000000000014552,0.29848199847037904,0.5186529549583444
294.3,17911.061171172,FOLLOW,21.482509895104375,1.8529104101449858,1.806223014886013,0.10465453829909922,0.10466052372264423,-0.0073748418011129755,0.016063016628564457,-0.15344642261057814,0.8044998950395417,inf,green,False,unknown,0,-0.07046440757985012,0.2100696199995582,0.10375605000081123,0.029254027002025396,0.0,0.1570000000000391,0.06600000000003092,0.0049999999999954525,0.28496199956862256,0.5186529549583444
294.5,17911.319489695,FOLLOW,21.50386422306699,1.8555089836468108,1.7850273861229689,0.10467812346287546,0.08760126426369672,-0.023181216273960227,0.014273425725922481,-0.267821066478782,0.8125273572982161,inf,green,False,unknown,0,-0.26462193746633944,0.011982252999587217,0.10610131400244427,0.04466446399965207,0.0,-0.004000000000019099,0.06400000000002137,0.0009999999999763531,18.12038799835136,0.5186529549583444
294.6,17911.473604645,FOLLOW,21.513982982067642,1.8567299165618554,1.7749825567444417,0.087555525593582,0.08764286887963756,-0.023900195335660592,0.013621802427791832,-0.2689078174301024,0.8142361129943194,inf,green,False,unknown,0,-0.2726998287616921,0.10419552200255566,0.13550774500254192,0.045215026002551895,0.0,0.05700000000001637,0.06400000000002137,-0.0009999999999763531,21.79582600001595,0.5186529549583444
294.8,17911.711120544,FOLLOW,21.53168729863514,1.85881121862758,1.7574010193013951,0.08239649874192559,0.0824081073745553,-0.03053124541251949,0.010934221477675546,-0.3139938342273251,0.8172066743857755,inf,green,False,unknown,0,-0.3704883704433486,0.00045259800026542507,0.11167813800057047,0.033180888000060804,0.0,-0.007000000000005002,0.06299999999998818,-0.0049999999999954525,0.20259499797248282,0.5186529549583444
295.0,17911.968443123,FOLLOW,21.548599665000477,1.8607064117693137,1.7405952009499968,0.08342494365527599,0.08343849923646826,-0.03140555081456423,0.009551347670470056,-0.30932986880856134,0.82201971829149,inf,green,False,unknown,0,-0.3763916070153607,0.2577751770004397,0.12037157200029469,0.019828942000458483,0.0,0.19299999999998363,0.060000000000002274,-0.009000000000014552,0.31879800008027814,0.5186529549583444
295.1,17912.121575588,FOLLOW,21.557109004463552,1.8616212761606006,1.7321351873191069,0.08342486352896143,0.08343849923646826,-0.03140555081456423,0.009551347670470056,-0.30932986880856134,0.82201971829149,inf,green,False,unknown,0,-0.3763916070153607,0.41090764199907426,0.025724436000018613,0.042045612000947585,0.0,0.29300000000000637,-0.036000000000001364,-0.010999999999967258,0.42293899969081394,0.5186529549583444
295.3,17912.372378347,FOLLOW,21.573622377490306,1.8633217205399872,1.7157096240329661,0.07374175170448635,0.1020094981712546,-0.023589932492635884,-0.00299914895934153,-0.13568699912402857,0.7589605827431591,inf,green,False,unknown,0,-0.23125231390740558,0.028951131000212627,0.13853857800131664,0.028461738002079073,0.0,-0.005999999999971806,0.06100000000003547,-0.014999999999986358,19.572154997149482,0.5186529549583444
295.5,17912.611375618,FOLLOW,21.59321936986767,1.8652136856941819,1.6962041916078017,0.12099038888651568,0.11683095608946062,-0.017305899206952285,-0.027256987564905723,0.08143525282886774,0.7812019567106642,inf,green,False,unknown,0,-0.14812768624182696,0.20461827199687832,0.11394822899819701,0.005093831998237874,0.0,0.1519999999999868,0.05900000000002592,-0.019000000000005457,0.21221200222498737,0.5186529549583444
295.6,17912.712895957,FOLLOW,21.601169643746505,1.8659622420406847,1.688289236570424,0.11683467675157869,0.09631303085433858,-0.04989333178116567,-0.017086293068722162,-0.23615744232332428,0.8509757134819925,inf,green,False,unknown,0,-0.5180330360138193,0.04175478600154747,0.07683563200043864,0.017046041000867262,0.0,0.05600000000004002,0.05800000000004957,0.013000000000033651,22.743536999769276,0.5186529549583444
295.8,17912.974559262,FOLLOW,21.620540188168324,1.8677076970946722,1.6689975569023312,0.07708101760298172,0.07358841658257743,-0.04428952333135462,-0.015866987977077404,-0.29897005899828333,0.7143902761154778,inf,green,False,unknown,0,-0.6018545497803315,0.023934513999847695,0.10542821099807043,0.029049524997390108,0.0,0.03200000000003911,0.05900000000002592,0.009000000000014552,17.968716001632856,0.5186529549583444
296.0,17913.222488346,FOLLOW,21.637152424128,1.8690473095987292,1.6524394777565732,0.11526699895405093,0.12141765104126463,-0.0464397167047146,-0.021583159248164317,-0.11570740227013467,0.8696664084476707,inf,green,False,unknown,0,-0.3824791231460386,0.018685038001422072,0.09249961100067594,0.04351611799938837,0.0,-0.0020000000000095497,0.05900000000002592,0.0049999999999954525,21.30369600126869,0.5186529549583444
296.1,17913.311850327,FOLLOW,21.649756339919136,1.8699848563226584,1.6398704897908638,0.1213811973009956,0.12141765104126463,-0.0464397167047146,-0.021583159248164317,-0.11570740227013467,0.8696664084476707,inf,green,False,unknown,0,-0.3824791231460386,0.006257253000512719,0.06675574900145875,0.009287960001529427,0.0,0.023000000000024556,0.05800000000004957,0.0030000000000427463,0.4036539976368658,0.5186529549583444
296.3,17913.574510356,FOLLOW,21.66899042882701,1.8713152446401666,1.6206824831273794,0.07084547746693087,0.05065124855110018,-0.05296837502393165,-0.009989664334921988,-0.5994967101263143,0.7031355040363177,inf,green,False,unknown,0,-1.0457466802717372,0.024730229000851978,0.08633654000004753,0.027063254001404857,0.0,0.028999999999996362,0.057999999999992724,-0.0009999999999763531,18.19440899998881,0.5186529549583444
296.5,17913.811636978,FOLLOW,21.68125085066219,1.8721032630907066,1.6084474697413382,0.06661479866840425,0.06729878999612364,-0.05147962400320742,-0.015131456697637727,-0.4075601357201581,0.7548308330982225,inf,green,False,unknown,0,-0.7649413014137789,0.15073019199917326,0.07953342000109842,0.016888989001017762,0.0,0.1290000000000191,0.057999999999992724,-0.0049999999999954525,0.8857690008881036,0.5186529549583444
296.6,17913.962346328,FOLLOW,21.688109013098064,1.8724820758772596,1.6015997839334253,0.06725376917426593,0.11586389953100086,-0.021335108805352585,-0.028256292573109878,0.06378046977413794,0.7463251910326543,inf,green,False,unknown,0,-0.1841393988266734,0.026898372001596726,0.12231249700198532,0.044652920001681196,0.0,-0.003999999999962256,0.06100000000003547,-0.007000000000005002,0.259019998338772,0.5186529549583444
296.8,17914.22191207,LANE_GRACE,21.710601360727512,1.8735685102835944,1.5791337208593508,0.11028694881757607,0.04,-0.00985586777229158,-0.058743073318217306,0.0958837059554709,0.2097142945535997,inf,green,False,unknown,0,-0.24639669430728953,0.0243667100003222,0.12009402100011357,0.03150978299890994,0.0,-0.003999999999962256,0.05700000000001637,-0.010999999999967258,24.47991900044144,0.5186529549583444
297.0,17914.411649969,LANE_GRACE,21.72397504458277,1.8741553157784034,1.565772924647811,0.040010402717864386,0.04,-0.00985586777229158,-0.058743073318217306,0.0958837059554709,0.2097142945535997,inf,green,False,unknown,0,-0.24639669430728953,0.21410460900006,0.07574226100041415,0.018156784997700015,0.0,0.19600000000002638,0.060000000000002274,0.019000000000005457,0.7566019994555973,0.5186529549583444
297.0,17914.466023257,FOLLOW,21.725335369547775,1.8742120053437323,1.5644137814237151,0.04000954560888872,0.06860995661934241,-0.03348025085475807,0.03395156096798144,-0.5103355742913726,0.8674733925163226,inf,green,False,unknown,0,-0.4879794785545656,0.04785304399774759,0.1301155490000383,0.014966424998419825,0.054373287999624154,0.024999999999977263,0.060000000000002274,-0.014999999999986358,16.572280001128092,0.5186529549583444
297.1,17914.561140915,FOLLOW,21.72924603850687,1.874371607964497,1.560506370996628,0.07651805770384208,0.06860995661934241,-0.03348025085475807,0.03395156096798144,-0.5103355742913726,0.8674733925163226,inf,green,False,unknown,0,-0.4879794785545656,0.1429707019997295,0.06277964699984295,0.015692993001721334,0.0,0.125,0.05700000000001637,0.016999999999995907,0.9027870000863913,0.5186529549583444
297.3,17914.867693445,FOLLOW,21.74558030347048,1.8749576026242563,1.5441826609096931,0.06858747026901606,0.08757278532092808,-0.03866398406853046,-0.005807042632297102,-0.25652488546075525,0.7985237896153002,inf,green,False,unknown,0,-0.4415068440136798,0.056744001001789,0.10598599800141528,0.013772947000688873,0.0,0.023000000000024556,0.057999999999992724,-0.021000000000015007,0.3103679991909303,0.5186529549583444
297.5,17915.111280056,FOLLOW,21.76069687408744,1.87538795402245,1.529072244629334,0.08754292674632334,0.08663126679996741,-0.02713440850795673,-0.004787746619089102,-0.17863913124641792,0.696225568887636,inf,green,False,unknown,0,-0.31321726566241254,0.05575858399970457,0.10457376799968188,0.05738114999985555,0.0,0.02600000000001046,0.05500000000000682,0.009000000000014552,0.3481349995126948,0.5186529549583444
297.6,17915.214826117,FOLLOW,21.769564311082974,1.8755963682824885,1.5202072601381598,0.08661662421598632,0.08663126679996741,-0.02713440850795673,-0.004787746619089102,-0.17863913124641792,0.696225568887636,inf,green,False,unknown,0,-0.31321726566241254,0.1593046449997928,0.0866493880021153,0.025514500001008855,0.0,0.1260000000000332,0.05600000000004002,0.007000000000005002,1.2248579987499397,0.5186529549583444
297.8,17915.461582628,FOLLOW,21.7854373691813,1.8759082350673368,1.5043372816872809,0.05425859905032441,0.07458564877270027,0.004596320727808583,-0.04591801547362129,0.3346464776284776,0.7610289465624867,inf,green,False,unknown,0,0.06162473349016334,0.13178323700049077,0.08806241300044348,0.010411482999188593,0.0,0.125,0.05900000000002592,0.002999999999985903,0.24712400045245886,0.5186529549583444
298.0,17915.710993563,FOLLOW,21.8009691550168,1.8761889616500436,1.4888080335449505,0.08524597522253799,0.08534738895707696,-0.04955848456635167,0.00809017321866301,-0.42519185624401856,0.9781662544315358,inf,green,False,unknown,0,-0.5806678466903739,0.03832586800126592,0.07033397700070054,0.018011042000580346,0.0,0.04899999999997817,0.053999999999973625,-0.0009999999999763531,0.230076999287121,0.5186529549583444
298.1,17915.867256027,FOLLOW,21.810608380868963,1.8763294587582473,1.4791698374620688,0.11416171522700559,0.07444802460892981,0.017501481150974465,0.028390786068387623,-0.03013515865316722,0.44475990106356844,inf,green,False,unknown,0,0.23508321735745846,0.00881312199999229,0.09076307999930577,0.02824257599786506,0.0,-0.0019999999999527063,0.05700000000001637,-0.002999999999985903,14.244179001252633,0.5186529549583444
298.3,17916.11348433,FOLLOW,21.82746404476038,1.876558534836511,1.4623157337701875,0.07449268944983085,0.08753087593492462,0.026642539138653613,0.02087442207341133,0.06716444969270711,0.5679349095452733,inf,green,False,unknown,0,0.30437875611414167,0.024350527997739846,0.10453733099711826,0.02385010299985879,0.0,0.018000000000029104,0.055999999999983174,-0.007000000000005002,0.3098840024904348,0.5186529549583444
298.5,17916.371292941,FOLLOW,21.8449545029865,1.8768664511845126,1.444828005514121,0.08898133918424772,0.09265359250838853,0.02328382324203986,0.019604644257733027,0.0394550089331901,0.5655150739370283,inf,green,False,unknown,0,0.25129973497716046,0.05650771000000532,0.10496476000116672,0.04015749599784613,0.0,0.026999999999986812,0.05700000000001637,-0.011000000000024102,13.638481999805663,0.5186529549583444
298.6,17916.462889784,FOLLOW,21.854279195902773,1.8770667888710881,1.4355054670259435,0.09270618173326721,0.09265359250838853,0.02328382324203986,0.019604644257733027,0.0394550089331901,0.5655150739370283,inf,green,False,unknown,0,0.25129973497716046,0.14810455300175818,0.07572608800182934,0.01088174600226921,0.0,0.12700000000000955,0.05500000000000682,-0.012999999999976808,0.25032299890881404,0.5186529549583444
298.8,17916.713470597,FOLLOW,21.86983550834359,1.8774521245084124,1.419953940150912,0.0612617132985142,0.06327358084572658,0.018513099218704684,0.015900043334503816,0.09209884942974739,0.43245633796502986,inf,green,False,unknown,0,0.29258813822854846,0.07693850799842039,0.09446969199780142,0.0010041219975391869,0.0,0.057999999999992724,0.05700000000001637,-0.016999999999995907,0.3124690010736231,0.5186529549583444
299.0,17916.970944349,FOLLOW,21.88059722628811,1.8777615423518923,1.4091966756953949,0.06332010051644789,0.03193204181806352,-0.018261413906096667,0.020045752041387616,-0.484443644072064,0.3922512698365227,inf,green,False,unknown,0,-0.5718836900610106,0.02512773700073012,0.09143268999832799,0.03146681699945475,0.0,0.031999999999982265,0.053999999999973625,0.012999999999976808,19.976575000328012,0.5186529549583444
299.1,17917.111171462,FOLLOW,21.886902843143535,1.8779574156426053,1.4028941021002526,0.03193106759915727,0.03179137317785918,-0.018560778806434496,0.019458049016110396,-0.4880232578987358,0.39210387197884705,inf,green,False,unknown,0,-0.5838306732645631,0.04430554200007464,0.11683783699845662,0.00028030599787598476,0.0,0.03200000000003911,0.05500000000000682,-0.022999999999967713,13.28569600082119,0.5186529549583444
299.3,17917.372907421,FOLLOW,21.893402323244867,1.8781455104386944,1.3963973477581213,0.03208340137553513,0.03212850565708117,-0.018342602458626442,0.019367949372286475,-0.4803566002456233,0.3928408612672258,inf,green,False,unknown,0,-0.5709136507749064,0.02702687299824902,0.12763422599891783,0.028984718999709003,0.0,-0.007999999999981355,0.05500000000000682,-0.026999999999986812,15.735991000838112,0.5186529549583444
299.5,17917.611459918,FOLLOW,21.89995509235051,1.8783114841226116,1.389846684376776,0.032188985308646605,0.032191943611952066,-0.018346562418524247,0.019524405030067582,-0.4806171130199718,0.39373300619526325,inf,green,False,unknown,0,-0.5699116101741873,0.04734889600149472,0.0014376660001289565,0.020447124999918742,0.0,0.021000000000015007,-0.047000000000025466,-0.03100000000000591,0.38482599848066457,0.5186529549583444
299.6,17917.71129715,FOLLOW,21.90214394080987,1.8783616906922385,1.3876584118960469,0.032188913013116584,0.03248725341327832,-0.018349867347291694,0.01948039508231436,-0.4775467378015393,0.39595948962436545,inf,green,False,unknown,0,-0.5648328319374534,0.00038239800051087514,0.1012748979992466,0.020497959998465376,0.0,-0.003999999999962256,0.05299999999999727,0.0010000000000331966,0.2134099995600991,0.5186529549583444
299.6,17917.774319309,LANE_GRACE,21.903238363205165,1.878385812157929,1.3865642553559587,0.03218887694781529,0.04,-0.022593313277498136,-0.0002948726945512098,-0.378025350030157,0.24160167353330472,inf,green,False,unknown,0,-0.5648328319374534,0.021001068998884875,0.024931156000093324,0.044340581000142265,0.06302215899995645,-0.03899999999998727,-0.04599999999999227,-0.03299999999995862,18.197979999968084,0.5186529549583444
299.8,17917.961488485,LANE_GRACE,21.909515044398336,1.878511601936456,1.3802888376647224,0.0399910272408618,0.04,-0.022593313277498136,-0.0004328805070746844,-0.3752668518006388,0.23894431863086277,inf,green,False,unknown,0,-0.5648328319374534,0.06698210700051277,0.09075564600061625,0.021831290003319737,0.0,0.06400000000002137,0.05400000000003047,-0.002999999999985903,0.7886539970058948,0.5186529549583444
300.0,17918.211398184,LANE_GRACE,21.917673184870434,1.8786430057720207,1.3721317620840736,0.03999074379735934,0.04,-0.022593313277498136,-0.0003668423037512525,-0.370678012478729,0.23987439284671733,inf,green,False,unknown,0,-0.5648328319374534,0.02836227900115773,0.07748578300015652,0.014665022001281613,0.0,0.024999999999977263,0.05099999999998772,-0.007000000000005002,0.31400399893755093,0.5186529549583444
300.1,17918.317123555,LANE_GRACE,21.920392552068193,1.87867873065825,1.3694126297466374,0.03999064748096787,0.04,-0.022593313277498136,-0.000526862850715834,-0.3694383320545494,0.23690701320565735,inf,green,False,unknown,0,-0.5648328319374534,0.009089046998269623,0.058803817999432795,0.028108586000598734,0.0,0.020000000000038654,0.047000000000025466,0.025000000000034106,0.36166299832984805,0.5186529549583444
300.2,17918.565269409,FOLLOW,21.92719094115501,1.8787503606193916,1.3626146217852129,0.03999040304286226,0.045463578452017,-0.07511455926906113,-0.1892035140561711,-0.07510558419410371,0.2999999999999996,inf,green,False,unknown,0,-1.6521919705097183,0.03788080799859017,0.04438689899689052,0.044787302998884115,0.10342732099888963,-0.03500000000002501,-0.05000000000001137,-0.045000000000015916,19.478686001093592,0.5186529549583444
300.3,17918.611832499,FOLLOW,21.929910285084134,1.8787719355498975,1.359895363631918,0.03999030393782396,0.045463578452017,-0.07511455926906113,-0.1892035140561711,-0.07510558419410371,0.2999999999999996,inf,green,False,unknown,0,-1.6521919705097183,0.08444389799842611,0.09094998899672646,0.010948482999083353,0.0,0.06499999999999773,0.05000000000001137,-0.012999999999976808,0.7432750026055146,0.5186529549583444
300.5,17918.861381631,FOLLOW,21.938724560424316,1.8787704368438463,1.3510811623957881,0.045746748955761404,0.04614681825750143,-0.07661936805080101,-0.19174879680509335,-0.0680712737218626,0.29999999999999977,inf,green,False,unknown,0,-1.660339129412158,0.23298919199805823,0.09361743399858824,0.0027578409972193185,0.0,0.17899999999997362,0.05099999999998772,-0.016999999999995907,0.35470100192469545,0.5186529549583444
300.6,17918.968455679,FOLLOW,21.941835192421507,1.8787399795410522,1.3479706819205703,0.04574295451875451,0.046564230031660415,-0.07470409828570258,-0.18241817062895435,-0.06387538214018601,0.29999999999999977,inf,green,False,unknown,0,-1.6043237101721435,0.10394000100131962,0.07458191500336397,0.028770675002306234,0.0,0.09600000000000364,0.049000000000035016,0.015000000000043201,0.4777609974553343,0.5186529549583444
300.8,17919.214582221,FOLLOW,21.951325727079862,1.8785538317838069,1.3384820552710626,0.0472279449621297,0.048476625057632845,-0.07577430895562512,-0.17817810995065997,-0.04557557326485109,0.2999999999999997,inf,green,False,unknown,0,-1.5631102385023428,0.0612704359991767,0.07477252999888151,0.014867317000607727,0.0,0.057999999999992724,0.05200000000002092,0.011000000000024102,0.5285919978632592,0.5186529549583444
301.0,17919.523520813,FOLLOW,21.962891461162517,1.878142183062087,1.326923791354985,0.05013560158730016,0.05055645209189896,-0.07686264783473074,-0.17393804927236572,-0.027245170621083368,0.29999999999999977,inf,green,False,unknown,0,-1.5203331059508232,0.11575466900103493,0.13820224500159384,0.014101804001256824,0.0,0.031999999999982265,0.04800000000000182,-0.026999999999986812,0.32780399851617403,0.5186529549583444
301.1,17919.618140551,FOLLOW,21.966299598728288,1.8779830264421316,1.323519374707533,0.05011505212135145,0.05150423920533687,-0.07733474420160198,-0.1721208804102397,-0.019382954360032612,0.29999999999999977,inf,green,False,unknown,0,-1.5015219212011688,0.06704117499975837,0.09035392599980696,0.030594306997954845,0.0,0.028999999999996362,0.04800000000000182,0.0049999999999954525,0.6280669986153953,0.5186529549583444
301.3,17919.863393573,FOLLOW,21.976775790705204,1.8773884212064007,1.3130601676407718,0.05200429443470495,0.0538612882352131,-0.07844987172990539,-0.16788081973194546,-0.001030140713910495,0.2999999999999999,inf,green,False,unknown,0,-1.4565168101311197,0.03528503699999419,0.08888784100054181,0.03765164099968388,0.0,0.02199999999999136,0.05000000000001137,0.0010000000000331966,17.038170000887476,0.5186529549583444
301.3,17919.972489337,LANE_GRACE,21.980312669697117,1.8771521736773997,1.3095311904371707,0.052043220048237325,0.04,-0.05826067240524479,-0.012805345358843201,-0.2310488126587848,0.2616442430350247,inf,green,False,unknown,0,-1.4565168101311197,0.06488462700144737,0.07261989700054983,0.05864780800038716,0.10909576400081278,-0.04399999999998272,-0.05099999999998772,-0.06700000000000728,20.221258000674425,0.5186529549583444
301.5,17920.111922249,LANE_GRACE,21.986403956373064,1.8767028262831091,1.3034565205608117,0.0396116536886933,0.04,-0.05826067240524479,0.0,0.0,0.0,inf,green,False,unknown,0,-1.4565168101311197,0.06393189200025517,0.09177667000039946,0.030035446001420496,0.0,0.028999999999996362,0.04899999999997817,-0.002999999999985903,11.461539997981163,0.5186529549583444
301.6,17920.219002739,LANE_GRACE,21.990450890007338,1.876374119990402,1.2994229632797472,0.03968284072846829,0.04,-0.05826067240524479,0.0,0.0,0.0,inf,green,False,unknown,0,-1.4565168101311197,0.07556005099831964,0.07473325799946906,0.014808619998802897,0.0,0.05900000000002592,0.05000000000001137,-0.0049999999999954525,14.629777000664035,0.5186529549583444
301.7,17920.364120897,FOLLOW,21.99449676603885,1.8760224566732784,1.2953924042288854,0.039650176143383245,0.014316598528266116,-0.026499082402757654,-1.1404439324750757,1.1087382633070157,0.29999999999999843,inf,green,False,unknown,0,-1.8509342390539856,0.038688634002028266,0.0982803970000532,0.01438312699974631,0.0,0.027999999999963165,0.04800000000000182,-0.007000000000005002,23.247651999554364,0.5186529549583444
301.8,17920.463493267,FOLLOW,21.996124925912046,1.8758743475298951,1.2937709951563394,0.006808573484580462,0.014316598528266116,-0.026499082402757654,-1.1404439324750757,1.1087382633070157,0.29999999999999843,inf,green,False,unknown,0,-1.8509342390539856,0.04553026200301247,0.052672626999992644,0.030126787001790944,0.0,0.06200000000001182,0.04800000000000182,0.025000000000034106,0.493100997118745,0.5186529549583444
302.0,17920.711943536,FOLLOW,21.99916676514317,1.8755832379556372,1.2907431221830483,0.015646668225112098,0.015848314928217977,-0.03316191770367452,-0.854418063972654,0.962920922371446,0.2999999999999991,inf,green,False,unknown,0,-2.092457012236021,0.29398053100157995,0.058340945000963984,0.027123954001581296,0.0,0.26200000000000045,0.05000000000001137,0.021000000000015007,0.7824630010873079,0.5186529549583444
